"logFC","logCPM","F","PValue","FDR","Nhood","SpatialFDR","sig","nhood_annotation"
0.181013372952594,10.9993192076392,5.6692811509206,0.0172648713209555,0.231753481548512,1,0.237242506178884,FALSE,"CD8 Tem"
0.137072234011247,10.8438084427697,3.01840249042773,0.209240306023023,0.591009033876843,2,0.59423972877114,FALSE,"CD8 Tem"
0.0561562249271928,10.9480745781174,0.49387801834872,0.482202791012907,0.830331425768615,3,0.830699541372157,FALSE,"CD8 Tem"
-0.0451607259034137,10.7648090359865,0.465009425522961,0.495292360396103,0.840424942795431,4,0.841108703846867,FALSE,"CD8 Tem"
0.00307600305067587,10.8140239790702,0.552527289909058,0.511511281167938,0.851186547421431,5,0.851975429988906,FALSE,"CD8 Tem"
0.130264381561551,10.8932039489606,3.08878256212487,0.078834331752792,0.412439231701052,6,0.417243642719469,FALSE,"CD8 Tem"
0.205690578709115,10.9226934626418,7.9518589545488,0.00480397444170539,0.146155025472959,7,0.150511385093066,FALSE,"CD8 Tem"
0.150272061410611,10.8906117311201,4.22913384259503,0.0397361894238694,0.323734125820307,8,0.32825991350693,FALSE,"CD8 Tem"
0.0714069713877843,10.8605119087652,1.27759511418349,0.315537733237257,0.695528908666578,9,0.697628575009213,FALSE,"CD8 Tem"
0.120790079707825,10.7861672401765,1.41715524913052,0.233872722468257,0.611698146844228,10,0.614404520702286,FALSE,"CD8 Tem"
0.13564138798197,10.9757195906567,3.09901113964283,0.0783404276545065,0.412439231701052,11,0.417243642719469,FALSE,"CD8 Tem"
0.160710375042837,11.0351752756392,4.29838406796961,0.0381490736112694,0.320852335200749,12,0.325422034682078,FALSE,"CD8 Tem"
-0.0666815414979528,10.8590149333864,0.990142701472213,0.483917684080333,0.831744696473625,13,0.83216482099752,FALSE,"CD8 Tem"
0.0566955590022538,10.8689303757496,0.59612398387427,0.939110950141482,0.998052981074555,14,0.997419013883782,FALSE,"CD8 Tem"
0.11147873418648,11.0755945014489,1.35061834632821,0.245170555462925,0.624131501619082,15,0.627223983029674,FALSE,"CD8 Tem"
0.15721423999417,11.0367491536831,3.66882195376969,0.0554398793551241,0.363163246838208,16,0.367949917403801,FALSE,"CD8 Tem"
0.0891740249616813,10.7668681486935,1.55515070647679,0.212377201763085,0.594297843838547,17,0.597476038939469,FALSE,"CD8 Tem"
0.0439432116942317,10.9873473394254,0.324108475372719,0.832314384182271,0.991750133480293,18,0.99056017316442,FALSE,"CD8 Tem"
0.0929915269297732,10.9283467259902,1.04879469562161,0.906654951352209,0.998052981074555,19,0.997419013883782,FALSE,"CD8 Tem"
0.176609572004937,10.8075865557814,6.12395588435018,0.0148992662788964,0.223829413848177,20,0.22813072489365,FALSE,"CD8 Tem"
0.155937564236707,10.783215336406,4.64310057768349,0.117943754574945,0.48690754790225,21,0.491179210594834,FALSE,"CD8 Tem"
0.0541161771545721,10.8881483959591,1.21257743721047,0.692910633881558,0.94389147197968,22,0.94384025894056,FALSE,"CD8 Tem"
0.0961651001504247,11.0346783071324,1.96809110374541,0.180412978716731,0.569538388089682,23,0.573408618838392,FALSE,"CD8 Tem"
0.0501029082122068,11.2568336429317,0.319113242917832,0.572141274260092,0.889381372521286,24,0.889434803909073,FALSE,"CD8 Tem"
0.152188260387137,11.0655876204382,2.30134992209918,0.129262195356528,0.504519775991386,25,0.508704233428601,FALSE,"CD8 Tem"
0.11783151159469,10.9428598240852,1.81848692392003,0.931920274657849,0.998052981074555,26,0.997419013883782,FALSE,"CD8 Tem"
0.0696912454300196,10.8148820563682,1.63390671534102,0.37719829657504,0.748682180305617,27,0.750170681905695,FALSE,"CD8 Tem"
0.0341936807348245,10.9858608059697,0.149834254354607,0.69869395247279,0.94527303557791,28,0.945258146056631,FALSE,"CD8 Tem"
0.112994526566176,10.9329084514921,1.93230116606712,0.949875968112272,0.998155886516222,29,0.997808704959348,FALSE,"CD8 Tem"
0.165026945077848,10.9690751619254,4.62038072487264,0.0315946642544403,0.293893566894804,30,0.298433357099361,FALSE,"CD8 Tem"
0.140750657469982,10.8112044004458,3.02067038188045,0.1252903398223,0.497896485959987,31,0.502179044578922,FALSE,"CD8 Tem"
-0.0660020053477728,10.8223997540815,0.994639100773299,0.42031586741321,0.786732015719059,32,0.787387859258064,FALSE,"CD8 Tem"
0.284147019340992,10.8415911787308,15.5602118650428,7.99288132559262e-05,0.0240783488969809,33,0.0249574404194535,TRUE,"CD8 Tem"
0.125774418924886,10.8581453259361,4.21280224615315,0.0401204844477772,0.326015490999727,34,0.330710949711143,FALSE,"CD8 Tem"
0.0318496137681589,10.803813528391,0.178580605162982,0.672596061178009,0.934198289144937,35,0.933615819388617,FALSE,"CD8 Tem"
0.16090250958021,10.975182134921,3.82872239550715,0.0503818325123034,0.349618321997851,36,0.354332694587655,FALSE,"CD8 Tem"
0.117063899175035,10.8869531443897,2.56474039879018,0.109271074143153,0.470675371477467,37,0.4755897798121,FALSE,"CD8 Tem"
0.13602046164832,10.848108542662,3.54687092258135,0.490298286731139,0.836221977112771,38,0.83681508152298,FALSE,"CD8 Tem"
-0.0111255771195272,10.7961334342816,0.208135809679758,0.769859530430388,0.970648162533933,39,0.969932820526043,FALSE,"CD8 Tem"
0.181636708788888,10.9845761759878,4.79235964015448,0.0285866627684001,0.281687645203027,40,0.28685922816346,FALSE,"CD8 Tem"
0.0904803928560478,10.9123131375014,0.648102432868025,0.420792279076969,0.786962523926399,41,0.787615972231394,FALSE,"CD8 Tem"
0.196202635893864,10.9120704487566,8.22483067585417,0.0715622509436488,0.396233368022513,42,0.40103065408849,FALSE,"CD8 Tem"
0.132221069610976,11.0306370460876,3.00556741229506,0.0829794848374898,0.421421804010793,43,0.426233776490975,FALSE,"CD8 Tem"
0.059061045500035,10.8055355066169,0.838118226559923,0.395172799036879,0.764815867885444,44,0.765943574243113,FALSE,"CD8 Tem"
0.0778022831079157,10.8066827165769,1.41772663884539,0.234628769471767,0.612086221073138,45,0.61480528545715,FALSE,"CD8 Tem"
0.101161214745819,10.905861895741,1.24455005586471,0.464388663210409,0.819063963819344,46,0.819557171665809,FALSE,"CD8 Tem"
0.131740840117222,10.9453008943821,2.47147619721416,0.115929581067395,0.484881728007604,47,0.489453945461803,FALSE,"CD8 Tem"
0.232775688353865,10.8191778880307,10.0140402350234,0.00155359898787847,0.0882163143805251,48,0.0917227238134571,TRUE,"CD8 Tem"
-0.0998879872570829,10.8765779562292,1.32227663023777,0.250184380493215,0.629317227514301,49,0.632364604180039,FALSE,"CD8 Tem"
0.124224865465006,10.8444851901715,2.72746544235298,0.0986362828799081,0.451537956064367,50,0.456707389831132,FALSE,"CD8 Tem"
0.102661835325044,10.8463892767972,2.15525962423067,0.319417793233776,0.701895916073778,51,0.703930188370752,FALSE,"CD8 Tem"
0.0646402648599986,10.820922411897,0.704902796112351,0.42242500641867,0.787138904187995,52,0.787917174217049,FALSE,"CD8 Tem"
0.0916035575040999,10.9794512228251,1.19310016226017,0.274705591207178,0.655544230222979,53,0.65835908217154,FALSE,"CD8 Tem"
0.091911642352077,10.9125218059609,1.38654198662644,0.238990459388628,0.616958181225885,54,0.620047430319559,FALSE,"CD8 Tem"
0.146777387295955,10.8724605102373,3.76907463925697,0.052209024063485,0.356203253070932,55,0.360886959159347,FALSE,"CD8 Tem"
0.0657748259657457,10.888519088717,0.721584934012076,0.395624887403299,0.764815867885444,56,0.765943574243113,FALSE,"CD8 Tem"
0.152272086119268,10.8250730771276,3.65083302797245,0.180160667229009,0.569244064729701,57,0.573224667866289,FALSE,"CD8 Tem"
0.147957638515964,10.929497556501,5.01600976034375,0.348702464688284,0.725969186779412,58,0.727701501103562,FALSE,"CD8 Tem"
0.133967204935841,10.7708180050402,3.75664217290517,0.0525986218153554,0.357459160344069,59,0.362164490757729,FALSE,"CD8 Tem"
0.111403023878048,10.8618195069042,2.10956834762788,0.157789619848816,0.542008509539767,60,0.546749045700534,FALSE,"CD8 Tem"
0.0818601981243245,10.823813872619,1.30468177516903,0.416631382541823,0.78363797275232,61,0.784412444247541,FALSE,"CD8 Tem"
0.00768924363086446,11.3256142209094,0.00204019242900391,0.963973027045202,0.999555952465987,62,0.99933775641114,FALSE,"CD8 Tem"
0.0875958451710769,11.0319351024793,1.45901578666197,0.255041863155039,0.633653688853678,63,0.636412716897378,FALSE,"CD8 Tem"
0.172753811167061,11.116392911343,4.92249650305701,0.0265095954414052,0.27521457231691,64,0.280282142573563,FALSE,"CD8 Tem"
0.101590458014234,11.2099420020294,1.41542784945164,0.23415794409624,0.611698146844228,65,0.614404520702286,FALSE,"CD8 Tem"
-0.0187429145303898,10.9998498542732,0.115923096715897,0.85611683879825,0.99428967969476,66,0.993016433540451,FALSE,"CD8 Tem"
0.067372525166785,11.020288254068,0.820744382810864,0.647442410373832,0.927632396570189,67,0.927184458408043,FALSE,"CD8 Tem"
-0.00381401684845475,10.8610766762927,0.0321738593381218,0.857646678280752,0.99428967969476,68,0.993016433540451,FALSE,"CD8 Tem"
0.169327854436937,10.825618769804,4.78391170542809,0.321434336398128,0.70280581713568,69,0.704800742800634,FALSE,"CD8 Tem"
0.0399231393841183,10.8628034068136,0.663082860183443,0.415474039225778,0.78363797275232,70,0.784412444247541,FALSE,"CD8 Tem"
0.2481905084768,11.0500752851509,7.50855601148267,0.00614085832629307,0.165093248991844,71,0.168622093553773,FALSE,"CD8 Tem"
0.0431553867415263,10.9133468011138,0.31577694737633,0.574156898183672,0.891323008495414,72,0.891318899028474,FALSE,"CD8 Tem"
0.105986498711863,10.9039858094554,1.73026220964231,0.1883779686513,0.575276383583188,73,0.579210655333158,FALSE,"CD8 Tem"
0.0102721138085948,11.2318565794092,0.0234843243275312,0.878204371485225,0.998052981074555,74,0.997196667792019,FALSE,"CD8 Tem"
0.0916276168947326,10.7892221377685,2.09612504473266,0.190311779517105,0.576263077170609,75,0.580113962772058,FALSE,"CD8 Tem"
-0.0213647161331828,10.9048353179567,0.0662131445804586,0.952349304615689,0.998155886516222,76,0.997808704959348,FALSE,"CD8 Tem"
0.173301564767218,10.8219856042208,5.34884878256246,0.0207363285784906,0.242705906983609,77,0.248523388346185,FALSE,"CD8 Tem"
-0.137260622303474,10.925782650715,3.15150456000314,0.0758575480275178,0.409841615005976,78,0.414535986255393,FALSE,"CD8 Tem"
0.0755165430439465,11.1078571098357,0.93710983159676,0.33302265928118,0.708549125488001,79,0.710373330162297,FALSE,"CD8 Tem"
0.0440564111067095,10.9814335019951,0.368631706588154,0.929450615551952,0.998052981074555,80,0.997419013883782,FALSE,"CD8 Tem"
0.0796116129173063,11.0335186926839,0.963663180796874,0.326266100906216,0.70507048675377,81,0.707138407969623,FALSE,"CD8 Tem"
0.150105584962433,10.904651448359,3.87396577552754,0.049041022109624,0.348293198651819,82,0.353371105917642,FALSE,"CD8 Tem"
0.0815074895700659,10.9953224459253,0.996016487324714,0.606234132948074,0.907205583121459,83,0.907224891322566,FALSE,"CD8 Tem"
0.0655531801949763,10.9984406707969,0.668162153755097,0.413693456435902,0.782782075018148,84,0.783467005840366,FALSE,"CD8 Tem"
0.0840783275463176,10.8047154639529,2.41084982317458,0.276108987338548,0.657880584073558,85,0.660682406314747,FALSE,"CD8 Tem"
0.073769155883239,11.0910105202748,1.1233982826717,0.289188361219714,0.671500283591059,86,0.674185261248969,FALSE,"CD8 Tem"
0.0997089372042296,10.9046599432481,1.83238071682766,0.175847167951995,0.564550528102396,87,0.568476638799847,FALSE,"CD8 Tem"
0.0759792701685674,10.9501097066058,0.589274249088015,0.442700232463475,0.80272856966379,88,0.803175888681676,FALSE,"CD8 Tem"
0.0516778754627396,10.8298734575732,0.853521216838255,0.867562013668396,0.995699491024715,89,0.994636546052096,FALSE,"CD8 Tem"
0.0338290025918474,11.0740190697082,0.177957577394428,0.673134540121934,0.93427297705375,90,0.933652670511483,FALSE,"CD8 Tem"
0.175635107742298,10.9477834625257,4.99323313130135,0.0254470251479404,0.26828510199018,91,0.273496864663059,FALSE,"CD8 Tem"
-0.0682260004028632,11.016035166234,0.687723934711164,0.650704264392832,0.927632396570189,92,0.927184458408043,FALSE,"CD8 Tem"
-0.0152863336205404,10.8419257973346,0.124409854808833,0.886052079437369,0.998052981074555,93,0.997419013883782,FALSE,"CD8 Tem"
0.0860242917555527,10.851947829009,1.09608100513857,0.49299776836262,0.838980102691016,94,0.839556765268839,FALSE,"CD8 Tem"
0.118335036773654,10.8467121517384,2.92646652713088,0.185909401575747,0.572836490194472,95,0.576966921832522,FALSE,"CD8 Tem"
0.253890612494584,11.1085132237173,9.63501277527501,0.00190912663666591,0.0997679549116086,96,0.103453797324659,FALSE,"CD8 Tem"
-0.0300469553295247,11.0199863560072,0.00810481100887159,0.928266011615342,0.998052981074555,97,0.997419013883782,FALSE,"CD8 Tem"
0.0335446246662536,10.770510340481,0.551744263083441,0.739066145474747,0.962347129236196,98,0.961932074408799,FALSE,"CD8 Tem"
0.114774573691167,10.9127221806381,2.23318922592905,0.198244057265052,0.581357572723682,99,0.584748466242443,FALSE,"CD8 Tem"
0.0940613287948724,10.8847367160322,1.19497701346888,0.36744403950096,0.741102440467894,100,0.742777551738567,FALSE,"CD8 Tem"
0.171117262944382,10.8546577212358,4.81935547752156,0.0281422870702165,0.280663037306961,101,0.28585812794708,FALSE,"CD8 Tem"
-0.0103955593673183,10.9881951118656,0.0158592529521372,0.899784590603296,0.998052981074555,102,0.997419013883782,FALSE,"CD8 Tem"
0.065198067995159,10.7561148698888,2.89752957623912,0.301301498540415,0.67979431637409,103,0.682011923469572,FALSE,"CD8 Tem"
0.0235037891144771,10.9300728243339,0.00560048633397475,0.940344909795303,0.998052981074555,104,0.997419013883782,FALSE,"CD8 Tem"
0.00663962335527712,10.9761209896488,7.83188389437674e-05,0.992938982085479,0.999555952465987,105,0.999464381154615,FALSE,"CD8 Tem"
0.0688933215874346,10.9741409136992,0.709134780984651,0.428565138433149,0.790549451040726,106,0.791272918093413,FALSE,"CD8 Tem"
0.185650476125694,10.8252776253105,9.26415266814755,0.0194313764084357,0.242356555126474,107,0.248048000084649,FALSE,"CD8 Tem"
-0.0288762694787972,10.802408201868,0.192290058388902,0.666858128183022,0.932238399212273,108,0.931828804123907,FALSE,"CD8 Tem"
-0.0219367015756289,10.8906841569739,0.0749709344424146,0.784232119904295,0.973259397919848,109,0.972673120374815,FALSE,"CD8 Tem"
0.0182441633962242,10.8553092273529,0.056587721182194,0.811972909671214,0.98465075578324,110,0.984081489808586,FALSE,"CD8 Tem"
0.157411775316663,10.9604807106272,4.03190739082354,0.0446479291064835,0.333874166694882,111,0.339097074433558,FALSE,"CD8 Tem"
-0.00399645473704592,10.7749308380152,0.0112296098725908,0.915606309878337,0.998052981074555,112,0.997419013883782,FALSE,"CD8 Tem"
0.00851778764089088,10.8261150464146,0.0443656364811152,0.870506760715145,0.996811845839209,113,0.995801171688638,FALSE,"CD8 Tem"
-0.00896247432169371,10.7965174861427,0.00386358957293732,0.970295262591067,0.999555952465987,114,0.99933775641114,FALSE,"CD8 Tem"
0.078432700160294,10.7914466529772,1.31376843979678,0.511590617259149,0.851186547421431,115,0.851975429988906,FALSE,"CD8 Tem"
0.00295077578451209,10.790234747903,0.0742677997394701,0.81046557219204,0.98465075578324,116,0.984081489808586,FALSE,"CD8 Tem"
-0.0670765340019183,10.7515098161552,1.31810991221693,0.250932048929998,0.63072572642308,117,0.633795075959697,FALSE,"CD8 Tem"
0.153425503042327,11.0771836727284,3.01250964611372,0.0987673284704867,0.451688146230318,118,0.456765857243338,FALSE,"CD8 Tem"
0.176361991978251,10.9120380792628,4.96638233154594,0.0865792160798076,0.427917477706951,119,0.432711273802828,FALSE,"CD8 Tem"
0.00933424531555575,10.9109888092335,0.0307324560747282,0.860838674564867,0.99428967969476,120,0.993016433540451,FALSE,"CD8 Tem"
0.151923213079707,10.8565478129745,4.83950955688558,0.0586721680606464,0.371776912329791,121,0.376737500845623,FALSE,"CD8 Tem"
0.136652000821093,11.2482946076366,2.63536558121744,0.104508582089736,0.461775981512189,122,0.466480250383272,FALSE,"CD8 Tem"
-0.0441423789928782,11.0038903370804,0.33415039656127,0.56322558327281,0.882899288103081,123,0.883239515433623,FALSE,"CD8 Tem"
0.106118604381195,10.8424534904611,1.59520902579976,0.467620704063199,0.819976499333226,124,0.820261021077938,FALSE,"CD8 Tem"
0.0102738315102892,10.8506303279945,0.233287999382598,0.888735261178367,0.998052981074555,125,0.997419013883782,FALSE,"CD8 Tem"
-0.0631388374394297,10.8326400311355,0.988595752983792,0.320086269187805,0.701895916073778,126,0.703930188370752,FALSE,"CD8 Tem"
0.078199225561071,10.9844858251958,1.07804229606256,0.362764984024292,0.738977876145631,127,0.740741400768866,FALSE,"CD8 Tem"
0.0584016265466345,10.9745081002283,0.483061687691701,0.840865181245784,0.993608005449188,128,0.992287974212428,FALSE,"CD8 Tem"
-0.124180152000336,10.7727532099795,1.73942132451006,0.262728481077369,0.643470334644993,129,0.646129803510571,FALSE,"CD8 Tem"
0.212790025568528,10.8287565526785,8.45528427729755,0.00846614676429565,0.175785931253299,130,0.180097608558729,FALSE,"CD8 Tem"
0.185819770719854,11.0379473141424,5.2481401660071,0.0219706219222059,0.249841962249828,131,0.255407755460659,FALSE,"CD8 Tem"
0.0156255364253418,10.8330170801928,0.0702811821230179,0.790927918989908,0.977312898836893,132,0.976775800907153,FALSE,"CD8 Tem"
0.0448217431516539,10.82983857085,0.361076991517451,0.636756857236968,0.923129790751015,133,0.923322796570863,FALSE,"CD8 Tem"
0.0632759837660867,10.8575320906296,0.768266359659289,0.380754289629637,0.749574671844274,134,0.750988672958161,FALSE,"CD8 Tem"
0.0588983243666996,10.8440411814048,0.618736561171413,0.638824905827842,0.923993995365541,135,0.924188152047216,FALSE,"CD8 Tem"
-0.0223613026522621,10.7774508775813,0.60293062366483,0.437462377486215,0.798381210094493,136,0.799087518114527,FALSE,"CD8 Tem"
0.134633942057317,10.8963172269738,2.03321089567415,0.153895749763896,0.536558569828996,137,0.541267424168306,FALSE,"CD8 Tem"
-0.00121683440501037,10.9169689915831,0.00887055589993953,0.924963324105981,0.998052981074555,138,0.997419013883782,FALSE,"CD8 Tem"
-0.059362905922299,10.9034029399558,0.564927376876994,0.452282037328654,0.810507892853643,139,0.811206580683739,FALSE,"CD8 Tem"
0.0578493874489054,10.8729415905157,0.742727401292614,0.3887889723325,0.758497277818146,140,0.759765734994536,FALSE,"CD8 Tem"
0.0382409757524902,10.9735083586267,0.549529447251974,0.833826056663061,0.991750133480293,141,0.99056017316442,FALSE,"CD8 Tem"
0.00694057100450526,10.8792810217214,0.0150515676623571,0.902356721836291,0.998052981074555,142,0.997419013883782,FALSE,"CD8 Tem"
0.0101894352006884,10.8947671307162,0.0214792038502136,0.883481078233999,0.998052981074555,143,0.997419013883782,FALSE,"CD8 Tem"
0.17790970810481,10.8551717994229,6.94421591471133,0.0168774752235277,0.231753481548512,144,0.236955367902646,FALSE,"CD8 Tem"
0.127437983124522,11.061821427922,2.76835028638572,0.0961457802920821,0.448550128478656,145,0.453678573403484,FALSE,"CD8 Tem"
0.0791703550080394,10.797007491896,1.47815889693254,0.798054596512717,0.981944954598054,146,0.981395248760387,FALSE,"CD8 Tem"
0.129786687169172,10.8875983733444,3.14656238135344,0.07608765865377,0.410062225259194,147,0.41480977940662,FALSE,"CD8 Tem"
0.0679165135689183,10.7820462584636,0.817639801075294,0.365871537733102,0.740290916506937,148,0.742088864471848,FALSE,"CD8 Tem"
0.055926036821443,10.8402845080491,0.58571459979204,0.48380999732108,0.831744696473625,149,0.83216482099752,FALSE,"CD8 Tem"
0.189053361273938,11.0167477091979,6.16017460128079,0.0130661304135818,0.209553698460582,150,0.214167579327159,FALSE,"CD8 Tem"
-0.0166618562168294,10.9091555909123,0.0469023026702596,0.875454920280246,0.998052981074555,151,0.997196667792019,FALSE,"CD8 Tem"
-0.00406327939240383,10.9101743405931,0.0839074519833095,0.84598537296267,0.994123106138315,152,0.992964235102643,FALSE,"CD8 Tem"
0.0645690625914448,10.8835126073513,0.632134175120592,0.538511621268196,0.865572738856336,153,0.866189408133301,FALSE,"CD8 Tem"
0.140576448784055,10.9035009036938,3.27327227071409,0.0704175866145176,0.395068993177468,154,0.400070464348708,FALSE,"CD8 Tem"
-0.0333483700893325,10.8246818700427,0.19822619809962,0.656156610526904,0.927632396570189,155,0.927184458408043,FALSE,"CD8 Tem"
0.0726417433108191,10.7693792084275,0.286102262192148,0.654148614826914,0.927632396570189,156,0.927184458408043,FALSE,"CD8 Tem"
0.112382162970369,11.0757802492241,2.16849898368597,0.140864246358747,0.515467828335588,157,0.519846388999158,FALSE,"CD8 Tem"
0.109453660778036,10.7808255940347,2.03423377988118,0.153792241900929,0.536558569828996,158,0.541267424168306,FALSE,"CD8 Tem"
0.0798520366484846,10.8657429659216,1.63510028876896,0.282835211625902,0.66515833235115,159,0.667972450729938,FALSE,"CD8 Tem"
0.0540714890299164,10.8780506639885,0.509946260296284,0.67028202368682,0.933998409117059,160,0.93342868952607,FALSE,"CD8 Tem"
0.128603636055901,10.9359544092374,2.21278177965576,0.136872247203057,0.511808288764961,161,0.516118931760863,FALSE,"CD8 Tem"
0.0118816785572895,10.8409110661928,0.446855738124254,0.535374435566262,0.86548974593758,162,0.865987387471532,FALSE,"CD8 Tem"
-0.0666985575773333,11.0320534952566,0.420306729009613,0.516784305689319,0.85414228205088,163,0.854946557672782,FALSE,"CD8 Tem"
0.134942997781397,10.8154312972012,3.01626049251191,0.225944207073028,0.606054760253102,164,0.609147309574438,FALSE,"CD8 Tem"
0.0954225500110408,11.1610319011483,1.4587642307669,0.302753614680906,0.681220171978284,165,0.683441350686475,FALSE,"CD8 Tem"
0.0251429527584671,10.84581607652,0.160532203321044,0.688667159495277,0.942796872491067,166,0.942696279099538,FALSE,"CD8 Tem"
0.161098262100514,10.8158592761892,5.77518875591035,0.016254306882318,0.228395109696861,167,0.23310081889766,FALSE,"CD8 Tem"
0.0802872592300386,11.0396574627329,1.42131752402096,0.233187186679488,0.611698146844228,168,0.614404520702286,FALSE,"CD8 Tem"
0.078288428819537,10.8350928146857,1.16871538614008,0.279665830440097,0.661610263162203,169,0.664370289720759,FALSE,"CD8 Tem"
0.0448259712384448,10.8560157257133,0.642751304751161,0.463719138832673,0.818814622137722,170,0.819279365046954,FALSE,"CD8 Tem"
0.0169504367526615,10.8087314586498,0.0321849512106191,0.857622404465165,0.99428967969476,171,0.993016433540451,FALSE,"CD8 Tem"
0.210230269507961,11.0413841582248,6.5210360949322,0.0106608580819635,0.195077837410583,172,0.199706582165948,FALSE,"CD8 Tem"
0.14080418041538,10.9103112794528,2.8672291988696,0.101353208285786,0.455666255397443,173,0.460724709955008,FALSE,"CD8 Tem"
-0.0389984306712369,10.8106349102695,0.313008038834795,0.575840402108996,0.891852717352295,174,0.891925461468917,FALSE,"CD8 Tem"
0.0120142714034902,10.8764737045194,0.000366331111691771,0.98472960579236,0.999555952465987,175,0.99933775641114,FALSE,"CD8 Tem"
0.0409133433187442,10.9096407035377,0.19708801288596,0.668007475535753,0.933039607489205,176,0.932571079107395,FALSE,"CD8 Tem"
0.127329806536386,10.9710620967673,2.55582892296943,0.109888745855922,0.472359109959237,177,0.477203769970223,FALSE,"CD8 Tem"
0.242686728581196,10.8817129725476,9.45407426916606,0.00256773263078996,0.11753752900168,178,0.121620833809054,FALSE,"CD8 Tem"
0.00348639676687,10.8722047440797,0.00348098420139734,0.952952236418361,0.998155886516222,179,0.997808704959348,FALSE,"CD8 Tem"
0.00112033130302289,10.8937036968793,0.0270166391571063,0.886003625253371,0.998052981074555,180,0.997419013883782,FALSE,"CD8 Tem"
0.0545864125357125,11.0049369445304,0.548474680606392,0.995656668928911,0.999555952465987,181,0.999488816091444,FALSE,"CD8 Tem"
0.0301743107429829,10.9138186449175,0.117927079202273,0.731293837911079,0.96088934145692,182,0.960718324905553,FALSE,"CD8 Tem"
0.192253088180116,10.9779817607476,5.60338967267763,0.0179261104925073,0.23331554697827,183,0.238930285935086,FALSE,"CD8 Tem"
0.175073975190012,10.8457462146331,5.39105218955345,0.0202406298407442,0.242705906983609,184,0.248523388346185,FALSE,"CD8 Tem"
0.108124569197165,11.166987250063,1.73574207998156,0.187679793640311,0.574569462311138,185,0.578585624188013,FALSE,"CD8 Tem"
0.174671335571737,10.8235471216911,5.64005994326858,0.0175549514501559,0.231753481548512,186,0.237259251746826,FALSE,"CD8 Tem"
0.222238187123794,10.8803741492274,8.0960396973009,0.00443637395257591,0.141325857900209,187,0.146015505600471,FALSE,"CD8 Tem"
0.12318092501314,10.8534181439503,3.03264118631846,0.222656801195269,0.603131498170762,188,0.60614656884961,FALSE,"CD8 Tem"
0.13542362948929,10.8150100402009,3.59223516831332,0.0779066507360519,0.412439231701052,189,0.417243642719469,FALSE,"CD8 Tem"
-0.00553857728971156,10.8259658573901,0.118517881309043,0.730647692140657,0.96088934145692,190,0.960718324905553,FALSE,"CD8 Tem"
0.131825678751773,10.8011102596187,4.4968548913507,0.193353814405213,0.576599573945387,191,0.580113962772058,FALSE,"CD8 Tem"
-0.0397227291799309,10.8314985773556,0.108465925478581,0.748736757208891,0.965703785073184,192,0.965303543429419,FALSE,"CD8 Tem"
-0.0749228464949125,10.8454874803163,1.25673308531513,0.486104384923175,0.833428453607246,193,0.833942096652311,FALSE,"CD8 Tem"
0.0873393238742729,10.9693699298974,1.39515713155061,0.265506193623899,0.647206135505635,194,0.649899020921868,FALSE,"CD8 Tem"
0.23547657307761,11.0116413749069,9.35731650069322,0.00222107873521938,0.107630209541727,195,0.110980505567184,FALSE,"CD8 Tem"
0.120552270770252,10.8094221513416,3.7659015928487,0.0644847216741508,0.382061707651561,196,0.387189284090815,FALSE,"CD8 Tem"
0.0989622729556607,10.8803039424035,1.66147130525537,0.197405336164594,0.579995084334507,197,0.583373446113157,FALSE,"CD8 Tem"
0.117919780063907,10.8384528374171,2.72763964313799,0.0986255233499686,0.451537956064367,198,0.456707389831132,FALSE,"CD8 Tem"
0.128050060392587,10.9274154680738,3.25153153835127,0.614142241024318,0.911547079454442,199,0.911542996843307,FALSE,"CD8 Tem"
0.182468312691281,10.7796283562424,7.42128725666313,0.017305354497034,0.231753481548512,200,0.237242506178884,FALSE,"CD8 Tem"
0.143123969798453,10.8514908904404,5.86144532186537,0.0154764055952076,0.22423913527511,201,0.228852078219512,FALSE,"CD8 Tem"
0.00546621574927425,10.8077740345805,0.0143785967153763,0.957652584105453,0.999555952465987,202,0.999247718254085,FALSE,"CD8 Tem"
-0.018495934300259,10.8240983402336,0.0140135985658216,0.986813441523528,0.999555952465987,203,0.99933775641114,FALSE,"CD8 Tem"
0.0889292807136627,11.0377866016809,1.14933572537187,0.819753535785976,0.986716794756877,204,0.985925289276046,FALSE,"CD8 Tem"
-0.0981831941181331,10.9684584137227,1.5829503731946,0.208336767253199,0.589759162808659,205,0.592970122919289,FALSE,"CD8 Tem"
0.0825258571911175,11.1317195326961,2.29187889826992,0.42209885505454,0.787138904187995,206,0.787893434691043,FALSE,"CD8 Tem"
0.100938540038429,10.8344699236343,1.7992078096847,0.233531480214276,0.611698146844228,207,0.614404520702286,FALSE,"CD8 Tem"
0.109644033926246,10.8690793835046,1.45623858287925,0.227530075641124,0.607173567870199,208,0.610083372596426,FALSE,"CD8 Tem"
-0.0854108203180583,10.7786719871758,2.40600527342994,0.120871037683316,0.491424124928161,209,0.495685631465098,FALSE,"CD8 Tem"
0.105692558033666,10.8617629302349,1.94172089716737,0.163482372672317,0.551382534662034,210,0.555856691212181,FALSE,"CD8 Tem"
0.0171988592596671,11.0096088856895,0.0587711435106191,0.808448938129646,0.98465075578324,211,0.984081489808586,FALSE,"CD8 Tem"
0.065681477060356,10.9095041340029,0.759440141180192,0.412043671414544,0.781572233176609,212,0.782397688986746,FALSE,"CD8 Tem"
-0.0061397011975756,10.7893615169909,0.00667521582166516,0.934883722737977,0.998052981074555,213,0.997419013883782,FALSE,"CD8 Tem"
0.0688726085208309,10.851367821365,0.944811669424316,0.421180582241473,0.786962523926399,214,0.787645709878012,FALSE,"CD8 Tem"
0.0433351196675081,10.9934032123238,0.55757931228666,0.455237544551768,0.812913537661887,215,0.81348561169483,FALSE,"CD8 Tem"
0.0304392706397446,10.8005490066185,0.242085988163503,0.728462738257295,0.960836788892615,216,0.960684900140293,FALSE,"CD8 Tem"
0.0347454895153802,10.8194283253068,0.204687319481785,0.696933755189031,0.944418839109854,217,0.944461858178249,FALSE,"CD8 Tem"
-0.0170730992824932,10.7906099286746,0.104546276016083,0.74644079172045,0.964941494740878,218,0.964586039580439,FALSE,"CD8 Tem"
0.0853257186943276,11.1111657523532,1.17143253295639,0.279107568587356,0.661298676260719,219,0.664090382853053,FALSE,"CD8 Tem"
0.208522740278176,10.8246673345498,8.91839401504445,0.00758654618548853,0.171348640158618,220,0.175533404150049,FALSE,"CD8 Tem"
0.0267512305164135,10.8037906476765,0.052865473196879,0.910784344137827,0.998052981074555,221,0.997419013883782,FALSE,"CD8 Tem"
0.0286917676730969,10.8713304003803,0.185447610595557,0.668563681456586,0.933220192813499,222,0.932774922453742,FALSE,"CD8 Tem"
0.0855606429607323,10.776913434029,1.4664816961889,0.437556160939768,0.798381210094493,223,0.799087518114527,FALSE,"CD8 Tem"
0.159867523606727,11.0535407268928,3.65787857966007,0.0558051692524918,0.363705577751101,224,0.368332874933353,FALSE,"CD8 Tem"
0.00805649322938849,10.7773124257608,0.00492349571943285,0.944060267393946,0.998099770246003,225,0.997473531214233,FALSE,"CD8 Tem"
0.113241806671807,10.8640223373633,2.47922093863969,0.184170892064203,0.572836490194472,226,0.576966921832522,FALSE,"CD8 Tem"
0.141375117103943,10.831802885242,3.97811042306833,0.159484566593248,0.543759440391001,227,0.548567015206645,FALSE,"CD8 Tem"
-0.0887259437889306,10.8089775740299,1.4384104046662,0.234236594179654,0.611698146844228,228,0.614404520702286,FALSE,"CD8 Tem"
-0.0112276691202523,10.9362061800687,0.572318030964509,0.647067369336344,0.927519832092761,229,0.927184458408043,FALSE,"CD8 Tem"
0.120287660195555,10.7936515523729,3.64411171681537,0.2444351967737,0.623282949668026,230,0.62643500486891,FALSE,"CD8 Tem"
0.00385230874124937,10.8631705252053,0.000595591488651762,0.980529773908571,0.999555952465987,231,0.99933775641114,FALSE,"CD8 Tem"
0.114300522117465,10.8270038321292,2.24847661010515,0.133746592251667,0.509557971779627,232,0.514125468561139,FALSE,"CD8 Tem"
0.12327142707646,10.7618789138667,3.6713266754684,0.0978830381412678,0.450300702665714,233,0.455416849028205,FALSE,"CD8 Tem"
0.16864212925428,10.7834770027935,7.1813970250636,0.00736655438307404,0.171348640158618,234,0.175533404150049,FALSE,"CD8 Tem"
0.0637182663158283,10.9770537126663,0.802715281417821,0.382592754160672,0.750995980901807,235,0.752334684456814,FALSE,"CD8 Tem"
0.0551354231351693,10.8345612384709,1.06647558381248,0.459274012350364,0.815463881778145,236,0.816042935829816,FALSE,"CD8 Tem"
0.219567294772496,10.9392724380997,8.63252712925383,0.00330227022764529,0.125892285481789,237,0.130201147810932,FALSE,"CD8 Tem"
0.0601723897876372,10.8021974562242,0.81484312698326,0.754398056599069,0.966944843547413,238,0.966631758232388,FALSE,"CD8 Tem"
0.0512143043881063,11.0137301212745,0.466702306754062,0.494508477188143,0.840014217458748,239,0.840585163582887,FALSE,"CD8 Tem"
0.154516199225264,10.9546614879986,3.82949035688327,0.0503587532434805,0.349618321997851,240,0.354332694587655,FALSE,"CD8 Tem"
-0.108869670503223,10.7733816117284,2.47608171351413,0.128652991263856,0.50439010247003,241,0.508704233428601,FALSE,"CD8 Tem"
-0.010591804777361,10.8272068587953,0.0466315130962198,0.829032017956001,0.991750133480293,242,0.99056017316442,FALSE,"CD8 Tem"
0.128591673942833,10.9860998412644,3.40836407619315,0.385193242074922,0.754965768601123,243,0.756251746471774,FALSE,"CD8 Tem"
0.0398702430041367,10.8380850016547,0.360585232168424,0.548181642159821,0.871831262149972,244,0.872152764518051,FALSE,"CD8 Tem"
-0.0305368355619469,10.8089183432569,0.177815963553585,0.696067366992061,0.944418839109854,245,0.944461858178249,FALSE,"CD8 Tem"
0.0765979616050886,10.8983971284292,1.05073191759724,0.305339035545431,0.684071220771579,246,0.686219368341879,FALSE,"CD8 Tem"
-0.00524839180601991,10.8582957600824,0.0122341682270095,0.911927105883693,0.998052981074555,247,0.997419013883782,FALSE,"CD8 Tem"
0.189271643525865,10.935496716721,5.11980690392857,0.0236546410472739,0.260628881178193,248,0.26615781351719,FALSE,"CD8 Tem"
0.0140266685553849,10.7980693305211,0.00911624319117959,0.923934389179437,0.998052981074555,249,0.997419013883782,FALSE,"CD8 Tem"
0.12044392286643,10.8888616481515,2.44750237804121,0.140344640908647,0.514781486487473,250,0.519164211091327,FALSE,"CD8 Tem"
0.0594534877363559,10.9313870813489,0.509383647074803,0.475406098426158,0.824407503023157,251,0.824784850486183,FALSE,"CD8 Tem"
0.0886576186091534,10.8323455943265,2.22983988398393,0.135368454936995,0.509727919107974,252,0.514315690207773,FALSE,"CD8 Tem"
-0.0541803283683367,10.9513339630084,0.60190029460039,0.494903041682479,0.840135259551303,253,0.840746330316606,FALSE,"CD8 Tem"
0.112112338663566,11.0846855091672,1.97259520596444,0.160173235507717,0.544167800106934,254,0.548860930775528,FALSE,"CD8 Tem"
-0.122038706038896,10.9085633792947,2.00779699254397,0.282892750747746,0.66515833235115,255,0.667972450729938,FALSE,"CD8 Tem"
0.124859182206314,10.7942733563779,2.0564507256436,0.329992340415615,0.706718064262907,256,0.708624245752453,FALSE,"CD8 Tem"
0.0964926434375039,10.8159572772096,1.64429095750348,0.199738293148208,0.582069424456339,257,0.585475935318478,FALSE,"CD8 Tem"
-0.00589578110639784,10.8393739213999,0.307508581134095,0.75944007757523,0.970372472747911,258,0.969932820526043,FALSE,"CD8 Tem"
0.130188361867321,10.94351411349,2.48802451514902,0.114716214921488,0.482846258461393,259,0.487442125885187,FALSE,"CD8 Tem"
-0.0805313752419194,10.98318708741,0.940571758724322,0.352061592852025,0.729122958774664,260,0.730906512286367,FALSE,"CD8 Tem"
-0.0194577809544086,10.8587165514375,0.109923785869426,0.966956744892553,0.999555952465987,261,0.99933775641114,FALSE,"CD8 Tem"
0.229152381075675,10.952170025866,8.90347638890786,0.00284640892668641,0.12138056036742,262,0.125540202456827,FALSE,"CD8 Tem"
0.14483743825095,10.9283106377287,3.89025087209178,0.147178730704736,0.524141099929348,263,0.528658885141245,FALSE,"CD8 Tem"
0.0471067097263711,10.8121580325457,0.584030956163399,0.751569971650111,0.965703785073184,264,0.965323897931631,FALSE,"CD8 Tem"
0.0805659082490014,10.9339600406948,1.19224928265739,0.559658564446596,0.880812790642286,265,0.881222622255085,FALSE,"CD8 Tem"
0.0557485130975405,10.8090265071371,0.994127394529771,0.675220377707716,0.935004143406303,266,0.934523710704597,FALSE,"CD8 Tem"
0.108145058364307,10.8023146937451,2.75160663709596,0.131199107025015,0.505975992349373,267,0.510400038009151,FALSE,"CD8 Tem"
0.0262741833775277,10.9889689951617,0.275692165941025,0.694251625575697,0.94414161127268,268,0.94421134652191,FALSE,"CD8 Tem"
0.275554048830192,10.8560878416813,12.8628949908844,0.000335191037739075,0.0371184170601057,269,0.0385177421221443,TRUE,"CD8 Tem"
-0.00273192594324839,10.8777868699986,0.000247868323696798,0.987438762247992,0.999555952465987,270,0.99933775641114,FALSE,"CD8 Tem"
0.0849146756062039,10.9642782096752,1.13662292389126,0.286367526275124,0.669095336774574,271,0.671903633255226,FALSE,"CD8 Tem"
-0.0125208659466863,10.822086341955,0.0667688648939007,0.796100845475428,0.979800220245095,272,0.979223654009669,FALSE,"CD8 Tem"
-0.0159502346173388,10.7577596662386,4.51511019721694e-05,0.994638691834661,0.999555952465987,273,0.999488816091444,FALSE,"CD8 Tem"
0.276257271315145,10.8921740780271,14.6826431668278,0.000127226656909845,0.0257274426646821,274,0.026719156325674,TRUE,"CD8 Tem"
0.0649348203937162,10.7954675131109,0.519805050837806,0.47092516332385,0.820750855943171,275,0.820963365965426,FALSE,"CD8 Tem"
0.0371399536574426,10.7671684015785,0.0619395673205564,0.803456322083395,0.983771632949457,276,0.983097029076725,FALSE,"CD8 Tem"
-0.0161065277206446,11.0582105497009,0.0574898686392413,0.810508306690127,0.98465075578324,277,0.984081489808586,FALSE,"CD8 Tem"
0.0113991951906314,10.8552542738353,0.00563921461625612,0.940139388877465,0.998052981074555,278,0.997419013883782,FALSE,"CD8 Tem"
0.164341115412618,10.8057042979411,6.0602907496346,0.0138257998410963,0.21724255088155,279,0.221570481623738,FALSE,"CD8 Tem"
0.149094442289437,10.8077452780764,4.52711796691172,0.119431090704767,0.487685691718939,280,0.491945582343292,FALSE,"CD8 Tem"
0.169181490064919,10.899580925054,4.96970436419931,0.0305958126975078,0.290410458890018,281,0.29507493869906,FALSE,"CD8 Tem"
0.116221241091016,10.8785937909196,2.20556666537364,0.137513933397299,0.511808288764961,282,0.516118931760863,FALSE,"CD8 Tem"
0.0480713059648803,10.7853956244376,0.562308829676842,0.66531528514992,0.931980487042104,283,0.931551799415235,FALSE,"CD8 Tem"
0.069797190904747,10.9367178791479,1.21763052877275,0.269826651369924,0.650914810955142,284,0.653535689436833,FALSE,"CD8 Tem"
0.073427918207242,10.9464417430765,1.05390464984629,0.304609978055967,0.683215280566267,285,0.685412930198057,FALSE,"CD8 Tem"
0.0783911949902371,10.930384622139,1.31067226373319,0.25227347795759,0.63115865840815,286,0.634124851556973,FALSE,"CD8 Tem"
0.0512499869259113,10.7887090388164,0.678749314442278,0.410018087183339,0.779522767041058,287,0.780381013721414,FALSE,"CD8 Tem"
0.25690019639361,10.93483946608,11.8590365999907,0.000573865389012269,0.0556051650895013,288,0.058027350204319,TRUE,"CD8 Tem"
0.042192407845664,10.8150353921819,0.522142922876034,0.738468390446567,0.962347129236196,289,0.961932074408799,FALSE,"CD8 Tem"
0.0143744893104593,10.8609810206383,0.533425670621138,0.650403825089432,0.927632396570189,290,0.927184458408043,FALSE,"CD8 Tem"
-0.0896273395455486,10.8090218709187,1.05427590859363,0.352346372795889,0.729122958774664,291,0.730906512286367,FALSE,"CD8 Tem"
0.228922905351789,10.9940954983082,8.16478308409094,0.00427132009438229,0.140487777036994,292,0.145575337301113,FALSE,"CD8 Tem"
0.170665331885562,11.0121703743893,4.01406048890317,0.0451228515996431,0.333874166694882,293,0.339097074433558,FALSE,"CD8 Tem"
0.0664371588591702,10.8117285205197,0.844650061816508,0.358070635817941,0.735919808744695,294,0.737651393917121,FALSE,"CD8 Tem"
0.0784232121835053,10.837245846721,1.11169952481303,0.479626164739301,0.827786697734142,295,0.828233324510098,FALSE,"CD8 Tem"
0.157224681395866,10.8962138191581,5.85525213847778,0.0155309583505552,0.224330705864697,296,0.228909577207838,FALSE,"CD8 Tem"
0.0770016546791757,10.9274194209497,0.900666502184012,0.342603481741987,0.71989232468096,297,0.721748859550118,FALSE,"CD8 Tem"
0.054998029012019,10.8207614209219,0.381139313807976,0.536994383094205,0.8655496595729,298,0.866189408133301,FALSE,"CD8 Tem"
-0.0137042945792637,10.7681591928693,0.267916052168668,0.816319175969573,0.986097480265699,299,0.985339632184831,FALSE,"CD8 Tem"
0.108100545467123,10.8612740179786,5.26925864496599,0.022577120445615,0.253638133315352,300,0.259344638007217,FALSE,"CD8 Tem"
-0.0701188565722589,10.7731386173104,1.13538713976155,0.416230532126269,0.78363797275232,301,0.784412444247541,FALSE,"CD8 Tem"
-0.045627114009942,10.8111729872839,0.248011178419021,0.618479163574412,0.91385603355105,302,0.91391431759027,FALSE,"CD8 Tem"
0.00472283494842114,10.8324342679567,0.405783994884723,0.52493592717053,0.85967499903878,303,0.860558784798202,FALSE,"CD8 Tem"
0.0780381780634559,10.8150393572562,1.16012053093054,0.343518551185998,0.72066070435998,304,0.722580585989504,FALSE,"CD8 Tem"
0.112915562373044,10.9057784282348,1.60513176566687,0.205178020442482,0.586018409042695,305,0.589234214972733,FALSE,"CD8 Tem"
0.000860116659040836,10.7464284723887,0.0283670357675467,0.86624887569239,0.995699491024715,306,0.994636546052096,FALSE,"CD8 Tem"
0.061989506022247,10.7843662277343,0.650400978566869,0.926096703229672,0.998052981074555,307,0.997419013883782,FALSE,"CD8 Tem"
0.212453831296506,11.1030781859415,6.82729729202097,0.00897774770198256,0.18104445700774,308,0.185683380724195,FALSE,"CD8 Tem"
0.0132735730746095,10.8642919285057,0.0118757655265495,0.933259645022954,0.998052981074555,309,0.997419013883782,FALSE,"CD8 Tem"
0.250580669191689,10.8742671365334,10.3099925566785,0.00132319498284412,0.0854747203501113,310,0.0887891761735629,TRUE,"CD8 Tem"
0.0034120802738898,10.8452305441812,0.000852640930458624,0.976705079236146,0.999555952465987,311,0.99933775641114,FALSE,"CD8 Tem"
0.0530171774969281,10.8092414726372,0.431430555794138,0.514186063513063,0.85265158685621,312,0.853389650700993,FALSE,"CD8 Tem"
-0.0383802520876357,10.7830670998837,0.000175909581916783,0.989417899603415,0.999555952465987,313,0.99933775641114,FALSE,"CD8 Tem"
0.0577985629997696,10.9590595700801,0.690656995240654,0.499711026351042,0.843048682615493,314,0.843893179808734,FALSE,"CD8 Tem"
0.105258020865956,10.8767546232711,2.25533521192046,0.468198473837651,0.819976499333226,315,0.820261021077938,FALSE,"CD8 Tem"
-0.059788021213515,10.9359818600012,0.433377633158514,0.510336510745183,0.85043895072585,316,0.851223279275117,FALSE,"CD8 Tem"
0.178351754475842,11.0219248203508,4.97715331591934,0.025684618191959,0.269434766457253,317,0.274525536710672,FALSE,"CD8 Tem"
0.0671232795142821,10.8777813731181,0.687755286717792,0.406929305678412,0.775918622640816,318,0.776808197620374,FALSE,"CD8 Tem"
-0.00882351162856924,10.9249772877113,0.0415589437098366,0.849512918038511,0.994123106138315,319,0.992964235102643,FALSE,"CD8 Tem"
0.00449780222106642,10.8015279602648,0.00438223699494812,0.947219841804661,0.998155886516222,320,0.997789883574633,FALSE,"CD8 Tem"
0.14843339295331,10.7959370154428,4.26018932425976,0.0469721569879015,0.340822936272589,321,0.346107370105854,FALSE,"CD8 Tem"
0.168041214432086,10.812850983121,3.3817768009951,0.224593671332679,0.605205773678035,322,0.608279716308721,FALSE,"CD8 Tem"
-0.0153774755304658,10.798551332966,0.0634027770930448,0.907158771129653,0.998052981074555,323,0.997419013883782,FALSE,"CD8 Tem"
-0.000994721832938411,10.8005330370676,0.000231684787157657,0.987855717775374,0.999555952465987,324,0.99933775641114,FALSE,"CD8 Tem"
0.0909168960322154,10.8225857783672,1.81192708313987,0.178277791694974,0.568132206150046,325,0.572044926624278,FALSE,"CD8 Tem"
0.0860135092200827,10.8319723686099,1.82274623383175,0.228367475124729,0.607173567870199,326,0.610083372596426,FALSE,"CD8 Tem"
0.130108898946095,11.0622761773236,2.69218562570784,0.100841984960671,0.455666255397443,327,0.460670472697022,FALSE,"CD8 Tem"
0.136593197600202,10.8535802020721,3.1319946371414,0.0767703181890765,0.410884637396311,328,0.41590239617105,FALSE,"CD8 Tem"
0.0802905098229372,10.9450603398485,1.01067216568773,0.314742309789391,0.694805718121694,329,0.696903104135151,FALSE,"CD8 Tem"
0.0452954434543417,11.0331720825923,0.277664351530352,0.770504807706182,0.970648162533933,330,0.969932820526043,FALSE,"CD8 Tem"
0.0583373784769223,10.8165326955079,0.644099125236533,0.686737618995317,0.941632271800478,331,0.941402825343171,FALSE,"CD8 Tem"
0.0623424402939604,10.8422288268192,0.670943378456029,0.412723254359008,0.781904625671587,332,0.782715200689413,FALSE,"CD8 Tem"
0.237942165481334,10.8165296174085,9.89256502519523,0.00599335308634579,0.16206444886392,333,0.165760341407657,FALSE,"CD8 Tem"
-0.0107416632442656,10.8522414135091,0.099975352488918,0.920198394273899,0.998052981074555,334,0.997419013883782,FALSE,"CD8 Tem"
0.104149391197521,10.8158065974673,1.73096566177501,0.22385632400971,0.604299298537537,335,0.607325535971687,FALSE,"CD8 Tem"
0.202384029359705,11.3510044174449,5.80954218350931,0.0159397727174922,0.227420522673256,336,0.232057940147358,FALSE,"CD8 Tem"
0.0947191446673753,10.8581602195309,1.69782430731878,0.192573307580352,0.576599573945387,337,0.580113962772058,FALSE,"CD8 Tem"
0.162251156342987,10.7926843244885,5.42077095399257,0.0200251638126219,0.242705906983609,338,0.248523388346185,FALSE,"CD8 Tem"
0.0470850020459307,10.9633951273544,0.880365806696091,0.739089216433389,0.962347129236196,339,0.961932074408799,FALSE,"CD8 Tem"
0.0891102393530161,11.0780654448658,1.1106624992927,0.291938449168528,0.672513980724529,340,0.675092992363562,FALSE,"CD8 Tem"
0.0164175187786593,10.9217435963221,0.0442352944416263,0.943324449708202,0.998052981074555,341,0.997419013883782,FALSE,"CD8 Tem"
0.0232182143336581,10.8178384291038,0.0453662731925916,0.831332035221425,0.991750133480293,342,0.99056017316442,FALSE,"CD8 Tem"
0.15089892749218,11.0037012863572,3.52752536491675,0.0603583444908906,0.374999933269983,343,0.380253392269513,FALSE,"CD8 Tem"
0.0393006035803263,10.9536051327325,0.192291094006471,0.661016735705834,0.929942177183253,344,0.929465586291725,FALSE,"CD8 Tem"
0.0946993157393383,11.0122496057335,1.53953726147475,0.534439933272918,0.865186261626294,345,0.865680471148499,FALSE,"CD8 Tem"
0.0600045620995088,10.8233131834232,0.604444469393993,0.675443413497556,0.935004143406303,346,0.934523710704597,FALSE,"CD8 Tem"
0.0595596607160522,10.8343853886095,0.654600455912045,0.418473036329615,0.784645513165172,347,0.785406270710041,FALSE,"CD8 Tem"
0.0961029179872961,10.9148703872569,1.38627034918941,0.239036474428949,0.616958181225885,348,0.620047430319559,FALSE,"CD8 Tem"
0.0755398544564545,11.1705304623727,0.890160223707375,0.345434311374886,0.722772837283569,349,0.724635804540513,FALSE,"CD8 Tem"
-0.0416983874515111,10.8499460241435,0.084086626535585,0.771833988661121,0.970648162533933,350,0.969932820526043,FALSE,"CD8 Tem"
-0.0477035054648339,10.8144606249454,0.378287133348599,0.538521619261722,0.865572738856336,351,0.866189408133301,FALSE,"CD8 Tem"
0.00379445345876517,10.7692642672753,0.280844462660838,0.930796885809911,0.998052981074555,352,0.997419013883782,FALSE,"CD8 Tem"
0.124736861362117,10.9159240427626,2.98342906944684,0.0841214449823495,0.42434798331118,353,0.429168719669714,FALSE,"CD8 Tem"
0.0313101995245698,10.8237279762704,0.300295152837394,0.975354850170745,0.999555952465987,354,0.99933775641114,FALSE,"CD8 Tem"
0.184049646311233,10.9766402686936,5.29044141037939,0.0219188796912606,0.249841962249828,355,0.255407755460659,FALSE,"CD8 Tem"
0.149504552109935,10.8721566134604,3.95657253013525,0.0466891760143989,0.339811281412688,356,0.345094563683057,FALSE,"CD8 Tem"
0.0168802412990595,10.9500162799988,0.0351385946606425,0.968760215974278,0.999555952465987,357,0.99933775641114,FALSE,"CD8 Tem"
0.0794398462076005,11.0648279194681,1.34441341008698,0.246257660314284,0.624788169388826,358,0.627926810054199,FALSE,"CD8 Tem"
0.113165604705297,10.8164917241513,1.58826862836773,0.297243674818563,0.678018799206051,359,0.680275151532994,FALSE,"CD8 Tem"
-0.00794468658356449,10.8285080118172,0.0063537656204864,0.936467528516565,0.998052981074555,360,0.997419013883782,FALSE,"CD8 Tem"
0.0891696987510258,10.9622686883079,1.27384478578532,0.259047135577648,0.638488835195805,361,0.641171250443354,FALSE,"CD8 Tem"
0.126433143485222,10.9404210214308,2.85123325415078,0.0913044465390901,0.437459162112628,362,0.442474325668869,FALSE,"CD8 Tem"
-0.108667026777167,10.7579873450483,3.05162399786696,0.0806570184064366,0.417179361191904,363,0.421941489479762,FALSE,"CD8 Tem"
0.116523997987684,10.9742567155512,2.23405974165705,0.134999303963567,0.509557971779627,364,0.514125468561139,FALSE,"CD8 Tem"
-0.090204314791905,10.8398630213989,1.10570843638725,0.293017212377296,0.674168745722128,365,0.676797915230303,FALSE,"CD8 Tem"
0.0983665641410472,10.9277138886943,1.5328597860901,0.215684282898203,0.596401664541939,366,0.599376139104389,FALSE,"CD8 Tem"
0.0937585746945082,10.8039514689769,1.50760064968441,0.498194603561849,0.842387595481276,367,0.843282980488932,FALSE,"CD8 Tem"
-0.00998719358970073,10.7731777060394,0.0230385950088707,0.879356806583674,0.998052981074555,368,0.997419013883782,FALSE,"CD8 Tem"
-0.00293687090272018,10.9882023677472,0.00276739970513732,0.958045791456199,0.999555952465987,369,0.999247718254085,FALSE,"CD8 Tem"
0.00762209642703048,10.8423644916517,0.149095319850142,0.713362891123619,0.953857245080263,370,0.953695464360168,FALSE,"CD8 Tem"
0.0721864982099216,10.7986351513374,0.828934129002114,0.536925466613903,0.8655496595729,371,0.866189408133301,FALSE,"CD8 Tem"
0.0640495429097785,11.0869286766777,0.369943245484254,0.54303545968925,0.869417529437075,372,0.869758178048409,FALSE,"CD8 Tem"
0.0604632506648232,10.8300729648097,0.840134584296967,0.433536756447227,0.794788905887289,373,0.795466500210221,FALSE,"CD8 Tem"
0.167162653952824,10.8557953083325,5.85276226200558,0.191168452648345,0.576599573945387,374,0.580113962772058,FALSE,"CD8 Tem"
0.106858527991136,10.8492362117933,2.14919392692318,0.178445145296537,0.568132206150046,375,0.572044926624278,FALSE,"CD8 Tem"
-0.0516069519586788,10.887160057578,0.524250004842196,0.841345631730259,0.993608005449188,376,0.992287974212428,FALSE,"CD8 Tem"
0.0536766134726896,11.0423265802863,0.503307676861328,0.478050655974742,0.826855188151181,377,0.827222580163758,FALSE,"CD8 Tem"
0.00228097808643658,11.0814925525072,0.000173648039440348,0.989486138900608,0.999555952465987,378,0.99933775641114,FALSE,"CD8 Tem"
0.0109430710626698,10.786482227371,0.00534278703144741,0.941731048054368,0.998052981074555,379,0.997419013883782,FALSE,"CD8 Tem"
0.143421086013515,10.8340552001482,2.47402999134169,0.164836227077895,0.553365412957612,380,0.557694885675451,FALSE,"CD8 Tem"
0.113468266281216,10.9463856252009,2.40289146509892,0.121111792498734,0.491424124928161,381,0.495685631465098,FALSE,"CD8 Tem"
0.146276843425089,11.0476606016142,3.52443804186259,0.060470855719735,0.374999933269983,382,0.380253392269513,FALSE,"CD8 Tem"
0.129680290461935,10.9967796956376,2.45654289901014,0.140006078534271,0.514132868189603,383,0.518492396790831,FALSE,"CD8 Tem"
0.0565454920723866,10.889107769245,0.986167274355403,0.410515748658642,0.779946383583065,384,0.780821141219028,FALSE,"CD8 Tem"
0.0671511298118526,10.7992805412802,0.637170803081813,0.424737499341422,0.788313001709769,385,0.789149002915426,FALSE,"CD8 Tem"
0.255155521202379,10.8092835521196,14.0413082872952,0.00139071607696285,0.0862429396527227,386,0.0897220487814144,TRUE,"CD8 Tem"
0.0435351927953849,10.8499434301596,0.342124557931597,0.963323445167416,0.999555952465987,387,0.99933775641114,FALSE,"CD8 Tem"
0.0095722540704771,10.7901714044925,0.00942430747412797,0.922663794704363,0.998052981074555,388,0.997419013883782,FALSE,"CD8 Tem"
0.210911639020311,10.8615367929116,7.59347278894155,0.00585819457537607,0.161364793156166,389,0.165144919437821,FALSE,"CD8 Tem"
0.124684376974736,10.9088526868678,3.05797220942945,0.144001637904437,0.518893674250128,390,0.523332544568907,FALSE,"CD8 Tem"
0.0484889043578296,10.7940224678047,1.36167526091916,0.914849949976189,0.998052981074555,391,0.997419013883782,FALSE,"CD8 Tem"
0.0884848340504496,11.0179758341313,1.18081526008011,0.277190568635162,0.658097669587616,392,0.660889802430512,FALSE,"CD8 Tem"
0.00521035075134468,10.8137259042614,2.70345917893911e-05,0.995851435819136,0.999555952465987,393,0.999488816091444,FALSE,"CD8 Tem"
0.0778173978533816,11.1195459304091,0.750522365165497,0.386311279220491,0.756388326299456,394,0.757647462064581,FALSE,"CD8 Tem"
0.056340184653048,11.0023048714175,0.95463967356263,0.527781713512856,0.860942902215665,395,0.861583016530525,FALSE,"CD8 Tem"
0.169191494566549,10.9760351230384,4.55750301993479,0.0327752697538007,0.299588079532594,396,0.303737240473374,FALSE,"CD8 Tem"
0.00458547959757814,11.0047216734036,0.0143309320534044,0.904711440501427,0.998052981074555,397,0.997419013883782,FALSE,"CD8 Tem"
0.119539081124023,10.8414060373005,4.14922084836203,0.0598698188584126,0.374770561925272,398,0.379880074502593,FALSE,"CD8 Tem"
-0.0278017429293925,10.829394112585,0.000110252753759745,0.991622265278729,0.999555952465987,399,0.99933775641114,FALSE,"CD8 Tem"
0.118303853445752,10.8228161755959,3.75652966203046,0.167828829621844,0.556200036754269,400,0.560574489226766,FALSE,"CD8 Tem"
0.123099354502658,10.7879450866461,3.51296932620341,0.173014056592513,0.562537079781247,401,0.566491019447044,FALSE,"CD8 Tem"
0.00866057580845418,11.0109338844112,0.0439958790481957,0.833861358349192,0.991750133480293,402,0.99056017316442,FALSE,"CD8 Tem"
0.151604532712409,10.7835933498978,6.21000298132788,0.0500341074550879,0.349618321997851,403,0.354332694587655,FALSE,"CD8 Tem"
0.137702196030131,10.843685126716,3.63106904432764,0.0916115295415394,0.437459162112628,404,0.442474325668869,FALSE,"CD8 Tem"
0.07315130375744,10.8764221008285,1.00125959675221,0.498915450373254,0.842576528571535,405,0.843455650980647,FALSE,"CD8 Tem"
0.0575766674189204,10.986591644785,0.448642518521725,0.50298059076572,0.846368570061999,406,0.847199746499795,FALSE,"CD8 Tem"
0.149376105462554,11.014799011974,3.00521141843212,0.0829977150019106,0.421421804010793,407,0.426233776490975,FALSE,"CD8 Tem"
0.191223687836579,10.8955399607582,6.36920602084403,0.017177741326224,0.231753481548512,408,0.237242506178884,FALSE,"CD8 Tem"
-0.156330670960405,10.7952575183409,5.43759843134751,0.0366744233723786,0.317294549471818,409,0.32188944579677,FALSE,"CD8 Tem"
-0.00341817008921112,10.8140375063723,0.00588449389904341,0.958533949191255,0.999555952465987,410,0.999323904303906,FALSE,"CD8 Tem"
0.151106804951426,10.9296248288698,4.06513040956632,0.043777795000812,0.333874166694882,411,0.339097074433558,FALSE,"CD8 Tem"
0.0142877826098057,10.7747736920752,0.561748341333481,0.516393808911225,0.853802916902278,412,0.854641935346358,FALSE,"CD8 Tem"
0.04110286709448,10.800226489154,0.290994700646848,0.589584027492809,0.900247968440267,413,0.900570742378057,FALSE,"CD8 Tem"
0.28981121758481,10.7879043887942,16.5358385111557,0.000947494047870816,0.0688561690101119,414,0.0716244256243348,TRUE,"CD8 Tem"
0.044542697981861,10.9346268485655,0.376652042233701,0.539400731995062,0.865860441032074,415,0.866408585562601,FALSE,"CD8 Tem"
0.0860171247102911,10.8855514434083,1.418463641545,0.71935792930897,0.954832685278545,416,0.954635794023276,FALSE,"CD8 Tem"
0.0279726066864028,10.8841471553206,0.263615994768457,0.628939120861378,0.920925397469964,417,0.921166658347433,FALSE,"CD8 Tem"
0.210199366394296,10.7968372263338,9.01760370692139,0.00808797565526469,0.171348640158618,418,0.175533404150049,FALSE,"CD8 Tem"
0.0675664216072731,10.7946850805852,0.84060882747213,0.455832832986928,0.812913537661887,419,0.81348561169483,FALSE,"CD8 Tem"
0.0489929386006973,10.966524119554,0.410989889862112,0.600040629479062,0.90346033269897,420,0.903740228727542,FALSE,"CD8 Tem"
-0.0407985354076119,10.9232199470468,0.285566814359827,0.655499301450669,0.927632396570189,421,0.927184458408043,FALSE,"CD8 Tem"
0.128227191454056,10.8057477992289,2.668136774354,0.202658319181989,0.584388947291884,422,0.587755887739446,FALSE,"CD8 Tem"
-0.0107108214143799,10.7735373922142,0.0391782937599178,0.972716654576197,0.999555952465987,423,0.99933775641114,FALSE,"CD8 Tem"
0.0272652187148145,11.1758431688426,0.0818519736107699,0.774803295372805,0.970648162533933,424,0.969932820526043,FALSE,"CD8 Tem"
0.0678833848647605,10.9003945273894,0.762199435306434,0.512725188999245,0.852281934966221,425,0.853069848879338,FALSE,"CD8 Tem"
0.112081319992815,10.9474735388926,2.00092171267318,0.157204159809179,0.541542982339825,426,0.546290529632779,FALSE,"CD8 Tem"
0.047915381910681,11.0055003275198,0.510974654894609,0.47471754622846,0.824407503023157,427,0.824784850486183,FALSE,"CD8 Tem"
0.0606769158796888,10.892382802219,0.570538331314938,0.780218786465487,0.97260723019324,428,0.972006196883309,FALSE,"CD8 Tem"
-0.00250352377200468,10.8669115539392,0.00613428118317732,0.937572223300103,0.998052981074555,429,0.997419013883782,FALSE,"CD8 Tem"
0.0972338225499515,10.9364548519563,1.49235186508152,0.221852442184399,0.602707773714744,430,0.605581173804819,FALSE,"CD8 Tem"
0.0172389146295147,10.8562096250083,0.857126103733545,0.486603085717579,0.833894971139447,431,0.834431090169649,FALSE,"CD8 Tem"
0.0708736985585753,10.904344781328,0.785498990125185,0.375465003219334,0.747874830823607,432,0.749426776260699,FALSE,"CD8 Tem"
0.219582327097442,10.7719329823476,10.9388483675439,0.00873228855429923,0.179241554322742,433,0.184012713196387,FALSE,"CD8 Tem"
0.157580498773558,10.775843960677,5.35111885864658,0.0207093484862662,0.242705906983609,434,0.248523388346185,FALSE,"CD8 Tem"
0.0700608268479565,11.0559036955518,0.771349704945677,0.37980022169019,0.749270925868036,435,0.750735508231391,FALSE,"CD8 Tem"
-0.034455473020268,10.9130834292132,0.15663001142172,0.701673065655227,0.946716596698583,436,0.946767533126253,FALSE,"CD8 Tem"
0.330924608427567,11.0101931205045,17.8863011196267,2.34541274496368e-05,0.0121205718631401,437,0.0125806605625774,TRUE,"CD8 Tem"
0.0133573694608454,10.8922909178826,0.0269553036458804,0.869588951739554,0.996171974024794,438,0.995149255838266,FALSE,"CD8 Tem"
0.125287714144856,10.8915759285609,2.45311791924628,0.378247557657817,0.748682180305617,439,0.750170681905695,FALSE,"CD8 Tem"
0.166134200622361,10.9183352003615,4.75539463339022,0.0292070216660358,0.284187986963876,440,0.289312653274506,FALSE,"CD8 Tem"
0.1014468797472,10.9219528198944,1.7935175717527,0.180498728024982,0.569538388089682,441,0.573408618838392,FALSE,"CD8 Tem"
0.101494341947448,10.7848179851211,2.16896011894399,0.219411353295696,0.600263592518844,442,0.60319902136339,FALSE,"CD8 Tem"
0.0258538964152735,10.81945879303,0.263835416025068,0.627186088531214,0.920631085205422,443,0.920675933130884,FALSE,"CD8 Tem"
0.0716449320566716,10.9583214184972,0.880472879522407,0.348072610720911,0.725127143337938,444,0.726880907447273,FALSE,"CD8 Tem"
-0.0967931815459349,10.8342219976158,1.81718732354609,0.191644970339355,0.576599573945387,445,0.580113962772058,FALSE,"CD8 Tem"
0.183163663454603,10.8637367741054,5.0957103657814,0.02398548314523,0.261788593312083,446,0.267212294032301,FALSE,"CD8 Tem"
0.0658423116639865,10.7756113096281,0.977186453865902,0.467963713542481,0.819976499333226,447,0.820261021077938,FALSE,"CD8 Tem"
0.0488362542972388,10.8333092079419,0.340328283201047,0.559640033684178,0.880812790642286,448,0.881222622255085,FALSE,"CD8 Tem"
0.0475371592722598,11.0495471259918,0.421074458924219,0.664202269197359,0.931980487042104,449,0.931551799415235,FALSE,"CD8 Tem"
0.227262997058601,11.1308598336749,6.86964367339791,0.00876745677678652,0.179241554322742,450,0.184012713196387,FALSE,"CD8 Tem"
-0.10071130255644,11.0659992101952,0.961250541072767,0.326872441743802,0.705795601926845,451,0.707823600817042,FALSE,"CD8 Tem"
0.190238624016456,10.8072165681243,5.92017432620207,0.0149687972827601,0.223829413848177,452,0.22813072489365,FALSE,"CD8 Tem"
0.171968717808912,10.8129795664167,2.54493281450262,0.636760716081787,0.923129790751015,453,0.923322796570863,FALSE,"CD8 Tem"
-0.0320023057532204,10.8902844068087,0.16975449452172,0.76132854881013,0.970648162533933,454,0.969932820526043,FALSE,"CD8 Tem"
0.128546116458467,10.8310378825334,3.06486223983529,0.175322760568448,0.564550528102396,455,0.568476638799847,FALSE,"CD8 Tem"
0.0938461117817218,10.8895354429248,1.57121997836103,0.224552313123952,0.605205773678035,456,0.608279716308721,FALSE,"CD8 Tem"
0.00467426808941239,10.813695479101,0.00120032605059209,0.972362255216311,0.999555952465987,457,0.99933775641114,FALSE,"CD8 Tem"
0.140845777804258,10.9747610830991,3.00260845307168,0.0831311423055266,0.421638978040354,458,0.426408644141142,FALSE,"CD8 Tem"
-0.0756763709502087,10.8531206371263,1.07998235904064,0.298701964174043,0.678350993834705,459,0.680549277959596,FALSE,"CD8 Tem"
0.148667535266588,11.1466364819438,4.30707287538194,0.037954683135091,0.320852335200749,460,0.325422034682078,FALSE,"CD8 Tem"
0.051613760923022,11.0741710226727,0.552634898725765,0.727861798617885,0.96036460294235,461,0.960169754129445,FALSE,"CD8 Tem"
0.0611794046628027,11.0708526880407,0.515121940282086,0.946929425511845,0.998155886516222,462,0.997789883574633,FALSE,"CD8 Tem"
-0.0688817752076143,10.8816925987669,0.71705310697478,0.480416055838612,0.828174601818156,463,0.828608448189238,FALSE,"CD8 Tem"
0.137479239031892,10.7873780476456,3.54200848552651,0.18581189233174,0.572836490194472,464,0.576966921832522,FALSE,"CD8 Tem"
0.0651161104718522,11.0896917861975,0.568741687556911,0.450759696216859,0.809140620264226,465,0.809779258427226,FALSE,"CD8 Tem"
0.101630933220174,10.8580438914665,2.15034595133877,0.142538346790504,0.517285720909063,466,0.52174550618681,FALSE,"CD8 Tem"
0.0364761896761698,10.8227849772015,0.333697120036766,0.598523407550793,0.90248316605971,467,0.902716654628303,FALSE,"CD8 Tem"
0.125809989219799,10.7848084300936,1.95631055116018,0.194718392029296,0.57757349574506,468,0.581158851002217,FALSE,"CD8 Tem"
-0.0230271860567078,10.846598489437,0.15677099257772,0.692147109405716,0.943653338612688,469,0.943655989081632,FALSE,"CD8 Tem"
0.106018887673768,11.1259399425708,1.6532622773111,0.198516045828289,0.581698403806246,470,0.58500159293495,FALSE,"CD8 Tem"
-0.0577363436495326,10.9003548118708,0.781258943167402,0.998942399776401,0.999760546979964,471,0.99976067537197,FALSE,"CD8 Tem"
0.152061570026603,10.9063907755877,4.01631014168907,0.0450626943734946,0.333874166694882,472,0.339097074433558,FALSE,"CD8 Tem"
0.12489178113993,10.9442774357381,2.81001811288299,0.0936778924617641,0.443230801464562,473,0.448340422500892,FALSE,"CD8 Tem"
0.0722865985156073,10.8302897866193,1.05161111046316,0.30513678110897,0.683947551295334,474,0.686121775824318,FALSE,"CD8 Tem"
0.147001017022253,10.9685315087503,3.32240790252667,0.0683422136668163,0.392004651373894,475,0.396975663954345,FALSE,"CD8 Tem"
0.0357280236192988,10.8395558371398,0.22086379609994,0.638382724185595,0.923807731856628,476,0.92401638027521,FALSE,"CD8 Tem"
0.0576577817043341,10.8150164121586,0.623780469661294,0.429646243441299,0.791199470247217,477,0.791885457859718,FALSE,"CD8 Tem"
0.0324333159158778,10.9131271318834,0.30439186209213,0.78729920813912,0.975680420211844,478,0.975078047300531,FALSE,"CD8 Tem"
0.18426194701285,10.8697366644158,9.54790075717022,0.00685948013155483,0.169644722812276,479,0.173445285774576,FALSE,"CD8 Tem"
0.0730718391691074,10.7764527576599,1.50210856952604,0.783458148169709,0.973176725038822,480,0.972570558146486,FALSE,"CD8 Tem"
0.0998900746667712,10.893714722367,2.40790132424152,0.182274245335819,0.57160004336805,481,0.575358429064667,FALSE,"CD8 Tem"
0.10052590079747,10.8193472345845,1.39173626970557,0.901025855468167,0.998052981074555,482,0.997419013883782,FALSE,"CD8 Tem"
0.185576669806006,11.0710879030116,5.89120917809561,0.0154072789624178,0.22423913527511,483,0.228852078219512,FALSE,"CD8 Tem"
0.0262317913752111,11.0243010510288,0.158726174675553,0.856153991707009,0.99428967969476,484,0.993016433540451,FALSE,"CD8 Tem"
0.16694996848703,11.0069978461264,4.54108428591784,0.0330910720107709,0.301187037029541,485,0.305376380301376,FALSE,"CD8 Tem"
0.176884384324885,10.8400146169098,5.74356622173528,0.0165494934947671,0.230878085268568,486,0.23565845885682,FALSE,"CD8 Tem"
0.0261906926667711,10.7727827183003,0.184648990740031,0.667408211843272,0.932727041250919,487,0.932325320782606,FALSE,"CD8 Tem"
0.0484704680438218,10.9349014995172,0.334944539375656,0.562762207280694,0.882470339198419,488,0.88284568407859,FALSE,"CD8 Tem"
0.202759632175972,10.8185157766337,9.91937722525018,0.00627470954774504,0.166337975690304,489,0.170079573336306,FALSE,"CD8 Tem"
-0.0512593102515777,10.8289745785509,0.3576297983523,0.942597441736652,0.998052981074555,490,0.997419013883782,FALSE,"CD8 Tem"
0.109131033299516,11.0100628024493,1.92180821517361,0.165658028783229,0.553365412957612,491,0.557694885675451,FALSE,"CD8 Tem"
-0.0205954293350044,10.876577925209,3.60306830410693e-05,0.995210683903408,0.999555952465987,492,0.999488816091444,FALSE,"CD8 Tem"
-0.0373016813474116,10.7880449953987,0.211906577255842,0.645277318901852,0.927199408534355,493,0.927184458408043,FALSE,"CD8 Tem"
0.0986979403679345,11.0630655635668,1.62042576177883,0.203032975227096,0.584388947291884,494,0.587755887739446,FALSE,"CD8 Tem"
0.159198124635224,10.9940054702982,5.01292014697247,0.0251592372353388,0.26828510199018,495,0.273496864663059,FALSE,"CD8 Tem"
0.0819015355765034,11.1125313718099,0.988858835919441,0.320021887155394,0.701895916073778,496,0.703930188370752,FALSE,"CD8 Tem"
0.117492886077923,10.8672233074211,3.09747466491901,0.0784144057857661,0.412439231701052,497,0.417243642719469,FALSE,"CD8 Tem"
0.0175404967551757,10.8809985625609,0.587183893810607,0.688618270437037,0.942796872491067,498,0.942696279099538,FALSE,"CD8 Tem"
0.00836529370359412,10.7852996306947,0.0366848608688071,0.858608053805157,0.99428967969476,499,0.993016433540451,FALSE,"CD8 Tem"
0.207315241750867,10.9598331110656,7.45829561791502,0.038061061502282,0.320852335200749,500,0.325422034682078,FALSE,"CD8 Tem"
-0.063387411978176,10.9018430915901,0.672335193758794,0.412238994217005,0.781623955199059,501,0.782428660353604,FALSE,"CD8 Tem"
0.0540295145502117,10.8834162359754,0.53624912384964,0.46399169713204,0.818984965222436,502,0.819492109444114,FALSE,"CD8 Tem"
0.143953130889418,10.7838617879862,8.89844951840781,0.00285425553401474,0.12138056036742,503,0.125540202456827,FALSE,"CD8 Tem"
0.17167987284312,10.8128289629376,4.68599785834659,0.0304098301246799,0.28935714351703,504,0.294091885671687,FALSE,"CD8 Tem"
0.114537759748903,10.7915768541165,2.52048609815391,0.419845827943014,0.786428894789753,505,0.787157017235172,FALSE,"CD8 Tem"
0.0485735460114944,10.9100347119862,0.425359931252313,0.683549143349264,0.939315201556729,506,0.939060996663591,FALSE,"CD8 Tem"
0.0631005937194731,10.8414416695039,0.75015359810538,0.386427986922528,0.756388326299456,507,0.757647462064581,FALSE,"CD8 Tem"
0.0242976220403649,10.7966390281033,0.140022905533575,0.95254826425923,0.998155886516222,508,0.997808704959348,FALSE,"CD8 Tem"
-0.07954322896272,10.8577418542125,0.36508634892177,0.545695139886232,0.870524093287269,509,0.870774568721025,FALSE,"CD8 Tem"
0.173213008952773,10.8466045629746,5.69916019628652,0.0169733714976212,0.231753481548512,510,0.236955367902646,FALSE,"CD8 Tem"
0.0355245046439574,10.8620212480435,0.147387175622047,0.853784003223705,0.99428967969476,511,0.993016433540451,FALSE,"CD8 Tem"
0.149689919590948,10.9598480198058,3.82783555892115,0.0504084982046153,0.349618321997851,512,0.354332694587655,FALSE,"CD8 Tem"
0.158384220581033,11.0382197739978,3.6295245545714,0.104729353438282,0.461775981512189,513,0.466480250383272,FALSE,"CD8 Tem"
0.167425843648017,10.9002018588888,4.18602564359802,0.0407590228583104,0.327976151062287,514,0.33283795903814,FALSE,"CD8 Tem"
0.325302974887762,10.8871178442037,18.1944915731431,1.99488483125583e-05,0.0115977616877136,515,0.0121875120563566,TRUE,"CD8 Tem"
0.0646288924814923,10.8243579260648,0.688190613071038,0.421463077397044,0.786962523926399,516,0.787645709878012,FALSE,"CD8 Tem"
0.232077885706771,10.8973743911174,8.41408778167799,0.00372339466969123,0.131193247035863,517,0.136041744851347,FALSE,"CD8 Tem"
0.174319653289935,11.0463655319274,4.07707498232958,0.095834898203624,0.447967951301563,518,0.453207067576874,FALSE,"CD8 Tem"
0.0513874260790643,10.9609293139742,0.514772591053911,0.473080412469062,0.8228485409101,519,0.823154457106806,FALSE,"CD8 Tem"
0.141794273797152,10.9244188211668,3.32904368763626,0.170136806335468,0.559227057431986,520,0.563482906518155,FALSE,"CD8 Tem"
0.0391775345235814,10.8124362990136,0.251229215982968,0.616211078356328,0.912738129119516,521,0.912738277128121,FALSE,"CD8 Tem"
0.172973573050023,10.893505813519,4.70031219427173,0.128654639590613,0.50439010247003,522,0.508704233428601,FALSE,"CD8 Tem"
0.155793685908392,10.8934302368843,4.25016064336056,0.0392470916624413,0.32250569491522,523,0.327126191349265,FALSE,"CD8 Tem"
0.124195144024261,10.8447544111333,2.51436636269394,0.112813551363314,0.478338070997121,524,0.483063338930608,FALSE,"CD8 Tem"
0.0546985599084023,10.8437168096904,0.741397191340219,0.832670546258661,0.991750133480293,525,0.99056017316442,FALSE,"CD8 Tem"
0.0702052174955966,10.8737081918418,0.976561556352807,0.631054818295583,0.92146944175247,526,0.92166742160465,FALSE,"CD8 Tem"
0.0492352185272002,11.242037629399,0.367497841747418,0.544371580634511,0.869461614536783,527,0.869758178048409,FALSE,"CD8 Tem"
0.0589650358212507,10.8834110221601,0.701140129667094,0.471796298245936,0.821286256191952,528,0.821589489383762,FALSE,"CD8 Tem"
0.162396156670941,10.9539785478578,3.99042974966153,0.0474146705031549,0.341900205442129,529,0.347070841398611,FALSE,"CD8 Tem"
0.0962553014553726,10.8505769819047,1.684729048311,0.370696939236609,0.743471955321029,530,0.745081591903833,FALSE,"CD8 Tem"
-0.088770603731972,11.0129232975028,1.42967120836593,0.369824846286841,0.74319711394235,531,0.744798398887309,FALSE,"CD8 Tem"
0.0516308287712538,10.7842800780942,0.581681078268138,0.445654475910899,0.805933901075338,532,0.806505507634035,FALSE,"CD8 Tem"
0.210427616466427,10.8281200570058,6.38165475842122,0.0142598266847335,0.220329593823053,533,0.224555858076881,FALSE,"CD8 Tem"
0.0223584870092333,10.7982273559619,0.110574376611042,0.896883143710474,0.998052981074555,534,0.997419013883782,FALSE,"CD8 Tem"
0.09649456332949,10.8522931737231,1.68684354966075,0.194018132277904,0.576599573945387,535,0.580113962772058,FALSE,"CD8 Tem"
0.065756158818806,11.0764828184779,0.987662909099189,0.882292185700395,0.998052981074555,536,0.997419013883782,FALSE,"CD8 Tem"
-0.0349546000866935,10.7793767264693,0.376598403582693,0.734866136341469,0.96214215890554,537,0.961738479072421,FALSE,"CD8 Tem"
0.149524239354438,10.8142207589158,2.85101044538927,0.157385375233726,0.541542982339825,538,0.546290529632779,FALSE,"CD8 Tem"
-0.0907607136532314,10.7928193209366,1.38728699676396,0.23886431080152,0.616958181225885,539,0.620047430319559,FALSE,"CD8 Tem"
0.202738946971414,10.8928782050579,7.40923212069146,0.0591429653640969,0.373162696243921,540,0.378200420806838,FALSE,"CD8 Tem"
0.163465824592031,11.0002367050092,4.22544013863909,0.0625479827063342,0.376439717295839,541,0.381386023832043,FALSE,"CD8 Tem"
-0.130729646918373,11.1092120588241,1.92019731585058,0.165835477892257,0.553365412957612,542,0.557694885675451,FALSE,"CD8 Tem"
0.146574558147635,10.9246200769041,3.47663325021433,0.0622417890456659,0.376439717295839,543,0.381386023832043,FALSE,"CD8 Tem"
-0.137845214472661,10.8080753516335,3.57998800657445,0.0584801038434876,0.371572353792433,544,0.37644959938874,FALSE,"CD8 Tem"
0.158323030798559,11.0798468439441,4.5717366369129,0.0325040433166949,0.298178117289838,545,0.302379078018658,FALSE,"CD8 Tem"
0.0701344680016156,11.1334645474391,0.781462904351674,0.376694495310266,0.748682180305617,546,0.750170681905695,FALSE,"CD8 Tem"
0.192918755798573,10.7721162111446,8.80545687668861,0.00300343987509382,0.12138056036742,547,0.125540202456827,FALSE,"CD8 Tem"
0.0944803450064409,10.7602623024945,1.62736246848981,0.721102185413448,0.956297567969053,548,0.956183284806637,FALSE,"CD8 Tem"
0.136217345998547,10.9431459926177,3.80545915666533,0.0510862801064147,0.352003390777681,549,0.356817181665275,FALSE,"CD8 Tem"
0.0736003445878291,10.8104957848479,0.690931573671056,0.51696635647672,0.85414228205088,550,0.85496191970121,FALSE,"CD8 Tem"
0.196992746841944,11.0180915494034,6.67731910208097,0.014931030473022,0.223829413848177,551,0.22813072489365,FALSE,"CD8 Tem"
0.174592228282625,10.8045441370039,5.97815704296102,0.0195020686555275,0.242356555126474,552,0.248048000084649,FALSE,"CD8 Tem"
0.0449791036899889,11.0326528504959,0.397657707753025,0.528301664786822,0.860942902215665,553,0.861583016530525,FALSE,"CD8 Tem"
-0.0158431452427082,10.8114341703229,0.0664082545383086,0.805082074480518,0.983771632949457,554,0.983097029076725,FALSE,"CD8 Tem"
0.153684471557951,11.1220789037225,3.28613334790834,0.0698679270368546,0.393408872455703,555,0.398322446869178,FALSE,"CD8 Tem"
0.216346315881601,10.7936855668862,9.0383058432485,0.00681699634798731,0.169550000077481,556,0.173258886359692,FALSE,"CD8 Tem"
0.0937667268308858,10.8084697852403,1.65256725889821,0.198610420392242,0.581698403806246,557,0.58500159293495,FALSE,"CD8 Tem"
-0.0366587171853298,10.7718125975795,0.299302281706835,0.584320382744893,0.897514564117073,558,0.897685225134352,FALSE,"CD8 Tem"
0.142717294167435,10.8449837926523,3.06023818053558,0.0802304718232684,0.416464201395113,559,0.421228422657114,FALSE,"CD8 Tem"
-0.00929788106655917,10.7814925925494,0.853259927151465,0.770912666379729,0.970648162533933,560,0.969932820526043,FALSE,"CD8 Tem"
0.19650543418652,10.8644586412823,6.09769344760391,0.0135361491846429,0.214138196795151,561,0.218544382723637,FALSE,"CD8 Tem"
0.0619323831232875,10.8936932823626,0.644851022745874,0.421959961918849,0.787138904187995,562,0.787893434691043,FALSE,"CD8 Tem"
-0.0123089381722764,10.8294068894128,0.0425549678033952,0.836565595466742,0.993026592539239,563,0.991818437237893,FALSE,"CD8 Tem"
0.268002957124529,10.8074114153833,13.750955252106,0.000208735361748229,0.0346724345532505,564,0.0365313567399765,TRUE,"CD8 Tem"
0.0616360051857449,10.7742168751417,0.864858130733422,0.558855702776377,0.880812790642286,565,0.881222622255085,FALSE,"CD8 Tem"
0.0941150728280231,10.910515438362,1.85517907739524,0.173182800323173,0.562537079781247,566,0.566491019447044,FALSE,"CD8 Tem"
0.211958327525306,10.9248544585456,7.90278454549757,0.00493605204951143,0.148113406982437,567,0.152246545930414,FALSE,"CD8 Tem"
0.0459377552249357,10.8755377766288,0.257744357637847,0.61167426916067,0.908912787816702,568,0.90900401966124,FALSE,"CD8 Tem"
0.111139456736789,10.9390320295143,2.030300299085,0.154190711814892,0.53718427015061,569,0.54188480771851,FALSE,"CD8 Tem"
0.0949706641597141,10.8716056250408,1.37793037639164,0.545951849854182,0.870524093287269,570,0.870774568721025,FALSE,"CD8 Tem"
0.0818811291108821,10.9277840354214,1.27972531738096,0.257950612659306,0.638488835195805,571,0.641171250443354,FALSE,"CD8 Tem"
0.0790698243626027,11.1390578856854,1.08360805881868,0.297892271036988,0.678044420758028,572,0.680275151532994,FALSE,"CD8 Tem"
0.0102570459327642,11.0068278183167,0.00985994175465844,0.920902306793698,0.998052981074555,573,0.997419013883782,FALSE,"CD8 Tem"
-0.054093915095158,10.797181241387,0.157114105351009,0.691827663905845,0.943653338612688,574,0.943655989081632,FALSE,"CD8 Tem"
0.057042038953364,10.8635301507627,0.310804535484955,0.775568752472128,0.970648162533933,575,0.969932820526043,FALSE,"CD8 Tem"
0.0605187070112563,10.8128209024835,0.382165166107091,0.963267990623294,0.999555952465987,576,0.99933775641114,FALSE,"CD8 Tem"
0.170085412925499,10.891352436601,4.35807178026404,0.0368344387571112,0.317842253542346,577,0.32247747637573,FALSE,"CD8 Tem"
0.076618610604369,10.8681773226106,1.12571700943352,0.490751433133723,0.836381427447764,578,0.83699012593705,FALSE,"CD8 Tem"
0.0946046767698496,10.8712568382958,1.65958568834371,0.197659820422919,0.580376152011993,579,0.583768768929113,FALSE,"CD8 Tem"
0.226536239981875,10.891817630631,5.90381870798847,0.177243902342389,0.56696106588339,580,0.570897444013309,FALSE,"CD8 Tem"
0.11249046468756,10.8304118645162,2.19000113806611,0.138909791784932,0.513135341832123,581,0.517443840089638,FALSE,"CD8 Tem"
0.00109440597150049,10.8469728945545,0.000147195571169106,0.990319972764436,0.999555952465987,582,0.99933775641114,FALSE,"CD8 Tem"
0.166805763682311,10.8842730365051,5.35398687284121,0.0206753137626218,0.242705906983609,583,0.248523388346185,FALSE,"CD8 Tem"
0.120391003636661,10.7968819067692,2.96781717797931,0.17566003027947,0.564550528102396,584,0.568476638799847,FALSE,"CD8 Tem"
0.14605202988038,10.7654504992057,4.88424922293604,0.0561970316645664,0.364564393414471,585,0.369341874627158,FALSE,"CD8 Tem"
-0.0415744540534376,10.7829592383176,0.583217450448695,0.516098776311142,0.853623605002521,586,0.854444692886885,FALSE,"CD8 Tem"
0.0947581977007178,10.8290654884204,1.09897545118413,0.480197980534682,0.828130167339017,587,0.828535802989917,FALSE,"CD8 Tem"
0.110186491134837,10.8116025498039,1.11844647102484,0.290253684430674,0.671872870789157,588,0.674405708762762,FALSE,"CD8 Tem"
0.0105545760688915,11.0841334275334,0.0747281533230405,0.784573137624071,0.973339467348508,589,0.97269643294361,FALSE,"CD8 Tem"
0.324324612310423,10.8458295952122,20.3240363347879,6.53877606880495e-06,0.00760296187400296,590,0.00795006883604698,TRUE,"CD8 Tem"
0.187299418642737,10.9335997572644,6.45211372800949,0.368874344326882,0.74277754282985,591,0.744450755034153,FALSE,"CD8 Tem"
0.154541205667136,10.7954273375073,4.66675944897514,0.0439264119638518,0.333874166694882,592,0.339097074433558,FALSE,"CD8 Tem"
0.0254771194994176,10.8762897440589,0.101489141380625,0.972760600452076,0.999555952465987,593,0.99933775641114,FALSE,"CD8 Tem"
0.0454662617653633,10.8389973081317,0.139961057569842,0.892400068901485,0.998052981074555,594,0.997419013883782,FALSE,"CD8 Tem"
0.112551730045146,10.895399300845,2.09173304917772,0.900486687267716,0.998052981074555,595,0.997419013883782,FALSE,"CD8 Tem"
0.0715444898448372,10.879003032864,0.638748719929033,0.42970952462428,0.791199470247217,596,0.791885457859718,FALSE,"CD8 Tem"
0.0434913812288136,10.8985182766107,0.333883622271697,0.882936283342256,0.998052981074555,597,0.997419013883782,FALSE,"CD8 Tem"
0.151950408210377,10.8496705640325,3.96756527820664,0.165631438373869,0.553365412957612,598,0.557694885675451,FALSE,"CD8 Tem"
0.0452434498260676,10.8985970274978,0.445846591206358,0.615653607790182,0.912202908516131,599,0.912155790848229,FALSE,"CD8 Tem"
0.103615879898924,10.8462573324563,1.71809746230619,0.189938680799419,0.576011323299914,600,0.579978266311421,FALSE,"CD8 Tem"
0.103881499310391,10.9820303510995,1.60034623736352,0.205854692475674,0.586018409042695,601,0.589234214972733,FALSE,"CD8 Tem"
-0.044444236283658,10.8284124088406,0.292264357807498,0.588773338545973,0.899896417212396,602,0.900150154559134,FALSE,"CD8 Tem"
0.0420824923686536,10.9043905497511,0.117801324544246,0.731431606139323,0.96088934145692,603,0.960718324905553,FALSE,"CD8 Tem"
0.0451068523305406,10.8467888501999,0.438411196598598,0.662522055093322,0.931214892184661,604,0.930705543099346,FALSE,"CD8 Tem"
0.0547358842783017,10.7595410323187,1.37100247557493,0.631417568450897,0.92146944175247,605,0.92166742160465,FALSE,"CD8 Tem"
-0.103263400558498,10.8094838137283,2.31099613635846,0.128462282126224,0.50439010247003,606,0.508704233428601,FALSE,"CD8 Tem"
0.0973830163141241,10.7864047553179,2.2399075547188,0.210591250253003,0.59222887649571,607,0.595490271203402,FALSE,"CD8 Tem"
-0.0361028477219767,10.8976639795634,0.163201188807924,0.686226357880313,0.94120872618736,608,0.940953294903297,FALSE,"CD8 Tem"
0.0516334894698231,10.8361399986591,0.517277553183064,0.472005625199116,0.821286256191952,609,0.821603755032494,FALSE,"CD8 Tem"
0.0182420811569516,11.016082055943,0.0709965088006509,0.789891453386049,0.97701698175303,610,0.976438309620639,FALSE,"CD8 Tem"
0.0707782753828606,10.8504992378028,0.968962022021494,0.559276202576068,0.880812790642286,611,0.881222622255085,FALSE,"CD8 Tem"
0.0887026631384992,10.8089376326081,1.37792909768951,0.342540752303663,0.71989232468096,612,0.721748859550118,FALSE,"CD8 Tem"
-0.0190302906737458,10.8174880258238,0.117899681421875,0.919660369072807,0.998052981074555,613,0.997419013883782,FALSE,"CD8 Tem"
0.111635930086202,10.8102868503081,2.71114050039297,0.0996503029427357,0.453940802141688,614,0.459041769111547,FALSE,"CD8 Tem"
-0.0664778844032836,10.9017311711372,1.59668827988841,0.391406950820709,0.761687752413019,615,0.762876365933898,FALSE,"CD8 Tem"
0.176459025422622,10.8196365561937,6.66641979910983,0.0430113380969824,0.333874166694882,616,0.339097074433558,FALSE,"CD8 Tem"
0.0136117403451013,11.0210487818036,0.0978683551850652,0.939820782395541,0.998052981074555,617,0.997419013883782,FALSE,"CD8 Tem"
0.135084343577201,10.9048477527422,3.13414286483195,0.333422361547535,0.709075173094461,618,0.710904372366104,FALSE,"CD8 Tem"
0.018888576795702,10.8493543217332,0.302828543240691,0.940136795164675,0.998052981074555,619,0.997419013883782,FALSE,"CD8 Tem"
0.122114812489463,10.9358831021147,2.98660442623698,0.0839566129785973,0.42397633763676,620,0.428720293549351,FALSE,"CD8 Tem"
0.0751996209087277,10.9139962624696,0.975844864737786,0.3521769618691,0.729122958774664,621,0.730906512286367,FALSE,"CD8 Tem"
0.119237859994809,10.8797721447098,2.57312682501036,0.108693278167722,0.470078028350891,622,0.475088021514921,FALSE,"CD8 Tem"
0.196210414209506,10.8778912571338,7.16678396709385,0.00742680233502771,0.171348640158618,623,0.175533404150049,FALSE,"CD8 Tem"
-0.125051335334826,10.7829327550999,1.80116741089328,0.179571984590571,0.568155986619555,624,0.572070452498861,FALSE,"CD8 Tem"
0.033695421351658,10.8205189334578,0.161117239819353,0.688130135217139,0.942796872491067,625,0.942696279099538,FALSE,"CD8 Tem"
0.185405586003737,11.0056429698802,5.36426942843303,0.027216719325263,0.277160583809804,626,0.282465334527187,FALSE,"CD8 Tem"
0.112464523784099,10.8167027485004,2.4004936757815,0.121297547928946,0.491424124928161,627,0.495734808624607,FALSE,"CD8 Tem"
-0.0482030406993628,11.0645850138135,0.0549317661503025,0.814693745596654,0.986097480265699,628,0.985339632184831,FALSE,"CD8 Tem"
0.0398277332426799,10.8643845416138,0.202603280611384,0.652627887133874,0.927632396570189,629,0.927184458408043,FALSE,"CD8 Tem"
0.0614204157554051,10.9147821877328,2.72335455281933,0.300467963096381,0.6793760312889,630,0.681606640853293,FALSE,"CD8 Tem"
0.105478874694748,10.9464518452258,1.99472408214422,0.195960430600713,0.579778602241676,631,0.583373446113157,FALSE,"CD8 Tem"
-0.0846463413561986,10.8848958747879,1.17459258543376,0.278460073591437,0.660100816653299,632,0.662924947557062,FALSE,"CD8 Tem"
0.153409549124878,11.002682848104,3.10699333728225,0.0779573082309864,0.412439231701052,633,0.417243642719469,FALSE,"CD8 Tem"
-0.0865174703486307,10.7725658985252,1.57405819043295,0.549035143007274,0.871831262149972,634,0.872152764518051,FALSE,"CD8 Tem"
0.122559587094554,10.8240142423591,2.79932401896962,0.400922467701608,0.768627533915985,635,0.76948847453577,FALSE,"CD8 Tem"
-0.0807366541151043,10.8271709071037,1.39953485747635,0.398442987861807,0.767030073771831,636,0.767913186660818,FALSE,"CD8 Tem"
-0.0818886765733499,10.9660527483587,0.953953469173632,0.328715447399292,0.705842818953881,637,0.707978028243897,FALSE,"CD8 Tem"
0.10465256065241,10.8988387911639,2.10042179978453,0.646907045420558,0.927519832092761,638,0.927184458408043,FALSE,"CD8 Tem"
0.0683988644840197,10.8554687336509,0.454128649179219,0.500381103817768,0.843048682615493,639,0.843893179808734,FALSE,"CD8 Tem"
0.0406851410384819,10.8499048003923,0.277965243945556,0.598038194635794,0.902396674601085,640,0.902573261897596,FALSE,"CD8 Tem"
0.126403507931256,10.80746179824,2.78029726830451,0.0954310296759389,0.447880644826228,641,0.453207067576874,FALSE,"CD8 Tem"
0.0470774327250856,10.8157697958916,1.14619248140156,0.284348092159626,0.667664114704903,642,0.670511223022722,FALSE,"CD8 Tem"
0.072848373210846,10.8120383005657,1.44545967088331,0.328128973469172,0.705842818953881,643,0.707978028243897,FALSE,"CD8 Tem"
0.047297518191429,10.8314914237271,0.492275993888028,0.603370836797734,0.905543001596083,644,0.90572119184756,FALSE,"CD8 Tem"
0.0646918833055678,10.8473949107942,0.586315800076836,0.443847654765272,0.80418209673287,645,0.804586724338347,FALSE,"CD8 Tem"
-0.000869137598102716,10.8715574547586,0.0384778699533392,0.84448675533169,0.993853213321784,646,0.992660762308472,FALSE,"CD8 Tem"
0.179060240873315,10.9184359140148,5.64395960938342,0.025721143046016,0.269434766457253,647,0.274525536710672,FALSE,"CD8 Tem"
-0.0351669825452335,10.946345419288,0.201702905325098,0.653349985707639,0.927632396570189,648,0.927184458408043,FALSE,"CD8 Tem"
0.184950464060183,10.9819721191451,6.12900339459644,0.233519257077972,0.611698146844228,649,0.614404520702286,FALSE,"CD8 Tem"
0.0146331643187551,10.9370975450024,0.00130912670689707,0.971137366565978,0.999555952465987,650,0.99933775641114,FALSE,"CD8 Tem"
-0.0426684633365201,10.7646346786096,0.384494790868278,0.535207722444119,0.86548974593758,651,0.865987387471532,FALSE,"CD8 Tem"
0.204408178417229,10.8621034642879,7.98947711097271,0.00470517164288744,0.14576608844837,652,0.150304405849697,FALSE,"CD8 Tem"
0.0841832716554227,10.9828733689056,1.10918043518935,0.602242389222759,0.905310068608614,653,0.905546270483374,FALSE,"CD8 Tem"
0.192305646008609,10.9966130696188,5.19226749552365,0.0226879819072677,0.254269406869161,654,0.259940097861853,FALSE,"CD8 Tem"
0.155516983513901,10.8516090655255,4.07165200713725,0.0436090951945674,0.333874166694882,655,0.339097074433558,FALSE,"CD8 Tem"
0.110708332693012,10.7979981689793,2.21964845919901,0.188773534090823,0.575836750775662,656,0.579836033432673,FALSE,"CD8 Tem"
0.118026500914976,10.8904709958739,2.76307740455864,0.0964630932740868,0.448649846817778,657,0.453928013812271,FALSE,"CD8 Tem"
0.133388932370949,10.7645544694048,4.62034675525957,0.104746003116611,0.461775981512189,658,0.466480250383272,FALSE,"CD8 Tem"
0.249336602332658,10.8870805542475,12.0707876953452,0.00314199312944444,0.122801765084421,659,0.126953663043554,FALSE,"CD8 Tem"
0.00302747328117988,10.8249333212149,0.000273196273872539,0.986812651798817,0.999555952465987,660,0.99933775641114,FALSE,"CD8 Tem"
0.0989912839962758,10.8139694760469,0.90448026252296,0.86744431878106,0.995699491024715,661,0.994636546052096,FALSE,"CD8 Tem"
-0.0530954301881407,10.8012151421785,0.564802534510115,0.452331999409385,0.810507892853643,662,0.811206580683739,FALSE,"CD8 Tem"
0.143762668067505,10.8388439021106,3.9380645283201,0.0472055604600597,0.341421879324701,663,0.346648129870193,FALSE,"CD8 Tem"
0.117457618609987,10.8187603765825,2.43811590504028,0.118418963842415,0.48690754790225,664,0.491179210594834,FALSE,"CD8 Tem"
0.121020754113182,10.9222966708945,2.76136454509032,0.096566415600027,0.448681717238487,665,0.453938793758611,FALSE,"CD8 Tem"
0.220449308648,10.8499650038402,9.03031145242481,0.00265551325146524,0.11753752900168,666,0.121620833809054,FALSE,"CD8 Tem"
0.088268615955857,10.8821296514141,1.92222994773978,0.165611608585167,0.553365412957612,667,0.557694885675451,FALSE,"CD8 Tem"
0.0441115988335684,10.9230419365891,1.08875502624838,0.299723539114366,0.67907937023592,668,0.681339344707595,FALSE,"CD8 Tem"
-0.00752403781333169,11.2293985407362,0.00498838729984366,0.943693440393042,0.998052981074555,669,0.997419013883782,FALSE,"CD8 Tem"
0.00923361986610836,11.0383317663361,0.0195879217966122,0.917541768952328,0.998052981074555,670,0.997419013883782,FALSE,"CD8 Tem"
0.1657074646032,10.8215661156291,5.37109463781429,0.129817468708513,0.50463254361557,671,0.508937654575529,FALSE,"CD8 Tem"
0.0472361081764566,10.9252460535297,0.430589332956686,0.511700190623591,0.851186547421431,672,0.851975429988906,FALSE,"CD8 Tem"
-0.0371955329357289,10.9698431349231,0.195274512762944,0.658562644683306,0.928737071080066,673,0.928225001716189,FALSE,"CD8 Tem"
-0.035833142017171,10.9128586542229,0.214282147050358,0.643431790623816,0.926501937520547,674,0.926797734630705,FALSE,"CD8 Tem"
0.163675499169936,10.800705493911,6.3995543616109,0.0590119533596618,0.372913852005146,675,0.377920180376924,FALSE,"CD8 Tem"
0.105135183907356,10.8768301258954,1.48354667827761,0.223220963115478,0.603672258035828,676,0.606615109431593,FALSE,"CD8 Tem"
0.154809002353048,10.8362274661413,4.41111087776076,0.0520199324101835,0.355801037705535,677,0.360515227611511,FALSE,"CD8 Tem"
0.00842786629291769,10.8493996073418,0.00524088731588345,0.942288407726433,0.998052981074555,678,0.997419013883782,FALSE,"CD8 Tem"
-0.0810986493543087,10.8718316072766,1.4113065893562,0.234840131547705,0.612086221073138,679,0.61480528545715,FALSE,"CD8 Tem"
-0.0208533221464226,10.9227305164103,0.00884754056402549,0.925060444407461,0.998052981074555,680,0.997419013883782,FALSE,"CD8 Tem"
0.10422322350304,10.8415079976273,3.20694723232525,0.0733267311304876,0.40312367197151,681,0.407968388958692,FALSE,"CD8 Tem"
0.00687569384531123,10.7931541134731,0.0981395922549091,0.754073842480977,0.966944843547413,682,0.966631758232388,FALSE,"CD8 Tem"
0.155285756201263,10.9057264431344,4.02347878268565,0.0448715628188961,0.333874166694882,683,0.339097074433558,FALSE,"CD8 Tem"
0.0656425038976894,10.8997239484865,1.20995078848168,0.490499957078267,0.836259274329553,684,0.836874288668814,FALSE,"CD8 Tem"
0.050722221800236,10.9104441568616,0.298380450358142,0.635364427290324,0.922818129375256,685,0.922858140160255,FALSE,"CD8 Tem"
0.0801309652113212,10.8208162466006,1.43195699379959,0.231445842784898,0.609198989695846,686,0.61202164709595,FALSE,"CD8 Tem"
0.182609301962247,10.8890458264114,5.70237408470759,0.0169423207235468,0.231753481548512,687,0.236955367902646,FALSE,"CD8 Tem"
0.209650857814329,11.0704185492372,7.62837250597065,0.00574590536508266,0.161364793156166,688,0.165144919437821,FALSE,"CD8 Tem"
0.0411050615981116,10.9897563567616,0.175168142996188,0.675559139335473,0.935004143406303,689,0.934523710704597,FALSE,"CD8 Tem"
0.101179730005158,10.7846443926253,2.00372250346528,0.205879700858484,0.586018409042695,690,0.589234214972733,FALSE,"CD8 Tem"
0.0519375851327515,10.8757576825011,0.905930009506694,0.341197040950482,0.718753359458977,691,0.720654396079777,FALSE,"CD8 Tem"
-0.0635678282166873,10.7773866259907,0.836505515344239,0.364540477928047,0.739169033499065,692,0.740975952276615,FALSE,"CD8 Tem"
0.0310461887164418,10.9776919039587,0.204177755635961,0.651369786263086,0.927632396570189,693,0.927184458408043,FALSE,"CD8 Tem"
-0.00356804895282871,10.8312708282107,0.00961315817557589,0.921895235539004,0.998052981074555,694,0.997419013883782,FALSE,"CD8 Tem"
0.0760629839301106,10.7737148995325,1.47294771507193,0.367660034967892,0.74121665480523,695,0.742898687204455,FALSE,"CD8 Tem"
0.080957539147558,10.7887653561582,1.59734995217833,0.206279707194024,0.586216362532442,696,0.589501446823717,FALSE,"CD8 Tem"
0.126643762714442,10.800045430178,2.75169186056776,0.0971521550691287,0.4499659112517,697,0.455120780121589,FALSE,"CD8 Tem"
0.121212807322403,10.9384663036353,2.35456734312066,0.124917119812076,0.497896485959987,698,0.502179044578922,FALSE,"CD8 Tem"
0.12113450844372,10.8248956633014,2.37831050866958,0.124794722241985,0.497896485959987,699,0.502179044578922,FALSE,"CD8 Tem"
-0.0532575868009638,10.847877492434,0.601435734112135,0.548786891786816,0.871831262149972,700,0.872152764518051,FALSE,"CD8 Tem"
0.114913887801691,11.1855802234254,2.089569243894,0.148308458037794,0.526685673282999,701,0.531061566929761,FALSE,"CD8 Tem"
0.100020037978939,10.7926898794614,0.0065709372478819,0.935393218124802,0.998052981074555,702,0.997419013883782,FALSE,"CD8 Tem"
0.0173756550888298,11.0388643407156,0.0816007046518482,0.775139900819523,0.970648162533933,703,0.969932820526043,FALSE,"CD8 Tem"
0.0976878574081926,10.9727965088945,1.45266128212973,0.228101931010533,0.607173567870199,704,0.610083372596426,FALSE,"CD8 Tem"
-0.0334288293654367,10.8902498459209,0.148051874129064,0.874584251641827,0.998052981074555,705,0.997196667792019,FALSE,"CD8 Tem"
0.0657688195982517,10.8882802127538,0.662709016896673,0.521682598898186,0.857365995574368,706,0.858294434788815,FALSE,"CD8 Tem"
0.127198646374052,10.9676795074723,3.02889554775186,0.0817942412731187,0.41842098313247,707,0.423237336096788,FALSE,"CD8 Tem"
0.164841618440772,10.9058030536506,4.78098825026691,0.02877602659482,0.281762736194753,708,0.286872727453493,FALSE,"CD8 Tem"
-0.0295918451469594,10.9548844600058,0.210957128950267,0.692964148513266,0.94389147197968,709,0.94384025894056,FALSE,"CD8 Tem"
0.114784097761932,10.8261649026126,2.57238227161145,0.108744439316464,0.470078028350891,710,0.475088021514921,FALSE,"CD8 Tem"
0.14034904963547,10.8035308598224,2.42378486262955,0.247266530403523,0.626040627603041,711,0.629104157370239,FALSE,"CD8 Tem"
0.140705598282455,10.8398646497466,4.84461942708811,0.0277329296629098,0.280172975282783,712,0.285536508419616,FALSE,"CD8 Tem"
0.0530348935958731,10.8039686153132,0.343637484743733,0.55773732738305,0.880812790642286,713,0.881222622255085,FALSE,"CD8 Tem"
0.143079111305195,10.9175014661127,3.51726811599351,0.298275399886245,0.678044420758028,714,0.680275151532994,FALSE,"CD8 Tem"
0.050969785937009,10.8971056037854,0.439978394167533,0.507133164740942,0.8478342616013,715,0.848644948331636,FALSE,"CD8 Tem"
0.0570848562561453,10.8012983058286,0.0611162069853034,0.99124077584446,0.999555952465987,716,0.99933775641114,FALSE,"CD8 Tem"
0.0062363532858402,10.9436249265604,0.00747202785991492,0.937460894394195,0.998052981074555,717,0.997419013883782,FALSE,"CD8 Tem"
0.0290855557857036,10.8056302207667,0.329846683914575,0.748660351272477,0.965703785073184,718,0.965303543429419,FALSE,"CD8 Tem"
0.018353628322341,11.0971252554218,0.0667330313702992,0.805645484640284,0.983771632949457,719,0.983097029076725,FALSE,"CD8 Tem"
0.107144676340991,11.0224466458521,1.63168388410109,0.201470846831444,0.583826111285387,720,0.587130568435587,FALSE,"CD8 Tem"
0.128859125228481,10.9019744691384,2.94822958506997,0.0859722612281937,0.427917477706951,721,0.432711273802828,FALSE,"CD8 Tem"
0.030242770223385,11.0086405381562,0.141020950509475,0.707268297938894,0.949626112503983,722,0.949688873766046,FALSE,"CD8 Tem"
-0.0375862267247259,10.7912035730007,0.398687571740386,0.5277680941358,0.860942902215665,723,0.861583016530525,FALSE,"CD8 Tem"
0.0902757632346985,10.8910590328963,1.50083206454031,0.220543909850744,0.600907864508384,724,0.603895448998551,FALSE,"CD8 Tem"
0.169227614520339,10.8820671858228,4.70476729901391,0.0300795051979721,0.287859626904873,725,0.292789055347789,FALSE,"CD8 Tem"
0.0895600554254332,10.8771550080168,1.60478158204573,0.358370669436746,0.736176150458774,726,0.737903477140232,FALSE,"CD8 Tem"
0.0244645977678241,10.8605075513874,0.124311794949858,0.724404386093069,0.958249374209005,727,0.95814340344221,FALSE,"CD8 Tem"
0.0648776628569393,10.9459627726375,0.479751467184261,0.488535208914009,0.834745502079007,728,0.83536336200657,FALSE,"CD8 Tem"
0.0645014880364746,10.8176435453695,0.734957973624429,0.451764868489469,0.810507892853643,729,0.811206580683739,FALSE,"CD8 Tem"
0.104897158006694,10.8645943444034,1.91743952190752,0.187650444857484,0.574569462311138,730,0.578585624188013,FALSE,"CD8 Tem"
-0.0533199869567462,10.7902571646449,0.0083787801161048,0.927066992970466,0.998052981074555,731,0.997419013883782,FALSE,"CD8 Tem"
0.155431792316923,10.7598215667921,6.01212249683465,0.0333078314896718,0.302567820817311,732,0.306885435731809,FALSE,"CD8 Tem"
0.0690355540099952,11.0170058854732,0.654366140166384,0.418556335876756,0.784645513165172,733,0.785406270710041,FALSE,"CD8 Tem"
-0.048155088873245,10.7897412277818,0.303979650852919,0.581398453037433,0.895459329843321,734,0.895675533631325,FALSE,"CD8 Tem"
0.141738508729217,10.810600907526,4.55356849239273,0.114111303712311,0.481171054910207,735,0.485823118460896,FALSE,"CD8 Tem"
0.0970818439027691,10.7942234363219,1.87745640812988,0.304663188968918,0.683215280566267,736,0.685412930198057,FALSE,"CD8 Tem"
0.00223964055804963,10.9383526735832,0.00522243855990388,0.942389897247025,0.998052981074555,737,0.997419013883782,FALSE,"CD8 Tem"
0.189638617568829,11.1711024601652,5.51660884245657,0.0188370958157068,0.238722977217581,738,0.244045102000307,FALSE,"CD8 Tem"
0.146767968410869,10.8582535922798,3.72837496883239,0.0628883380646886,0.376439717295839,739,0.381386023832043,FALSE,"CD8 Tem"
-0.0402057228176298,10.8619412328968,0.368068743292737,0.732558834485856,0.961467168755672,740,0.961207354604098,FALSE,"CD8 Tem"
0.0255191147326625,10.8165447982058,0.223270015824706,0.840838215077269,0.993608005449188,741,0.992287974212428,FALSE,"CD8 Tem"
0.142928097015716,10.768475100668,4.22446918938472,0.0749346032957258,0.408491962187704,742,0.413398079883953,FALSE,"CD8 Tem"
0.0496181713506802,11.0459155242275,0.850208432719896,0.560433678548456,0.880897951648823,743,0.881265094001025,FALSE,"CD8 Tem"
0.131535645519458,10.8599728682886,3.66156648193602,0.100074198782762,0.454536229041626,744,0.459569279484221,FALSE,"CD8 Tem"
0.0355347139452342,10.7989984629156,2.08265215754373,0.270438513120836,0.651040126565739,745,0.653688205975315,FALSE,"CD8 Tem"
-0.00229632482433525,10.9236179102339,0.00197707258827503,0.964534337030771,0.999555952465987,746,0.99933775641114,FALSE,"CD8 Tem"
0.0143125221190422,10.9677036620728,0.0389636852811968,0.909499979774315,0.998052981074555,747,0.997419013883782,FALSE,"CD8 Tem"
0.078797445216613,11.0103712653332,0.969746518734012,0.488052090883641,0.834745502079007,748,0.83536336200657,FALSE,"CD8 Tem"
0.0806507212006226,10.9061593647093,0.736893326835399,0.39065825542176,0.760548993707245,749,0.761766290682972,FALSE,"CD8 Tem"
0.115545527667527,10.8398993336802,2.23223471034947,0.135158818361866,0.509557971779627,750,0.514125468561139,FALSE,"CD8 Tem"
0.0147889021840754,10.8860922782952,0.0374879320436928,0.846475070916601,0.994123106138315,751,0.992964235102643,FALSE,"CD8 Tem"
-0.120809855411267,10.8340904081687,1.60690081617712,0.302522544134552,0.681217237652795,752,0.683441350686475,FALSE,"CD8 Tem"
0.0434807403807368,10.8845491919098,0.174372398206704,0.676254963107444,0.935004143406303,753,0.934523710704597,FALSE,"CD8 Tem"
0.172008530710752,10.8685584277025,6.06269195078874,0.0217026597367455,0.248007544067822,754,0.253780270333966,FALSE,"CD8 Tem"
-0.0292820471836094,10.774736290082,0.307282208478022,0.795989603427195,0.979800220245095,755,0.979223654009669,FALSE,"CD8 Tem"
-0.00747935025340904,10.7882725672164,0.07492304593756,0.784299338508619,0.973259397919848,756,0.972673120374815,FALSE,"CD8 Tem"
0.162014878990615,10.8029639604833,5.56077515613804,0.0780866242829436,0.412439231701052,757,0.417243642719469,FALSE,"CD8 Tem"
0.111213163588833,10.7989969891098,2.02676457303293,0.154549887922782,0.537630163596755,758,0.54242720260437,FALSE,"CD8 Tem"
-0.0939350687835761,11.0517700500756,0.964973215352434,0.325937489033817,0.70507048675377,759,0.707138407969623,FALSE,"CD8 Tem"
0.180066382839273,11.0419117691884,4.96986957542259,0.0257929988535926,0.269580309366425,760,0.274599559830838,FALSE,"CD8 Tem"
0.000366076687836779,10.8570563610952,0.0895521400679522,0.76474740492097,0.970648162533933,761,0.969932820526043,FALSE,"CD8 Tem"
0.121445604262848,10.8837419708463,3.41081215479685,0.0647711041280842,0.382297468654467,762,0.387348060150043,FALSE,"CD8 Tem"
0.0680182526049359,11.0215364261138,0.547010225191158,0.459542213317677,0.815463881778145,763,0.816042935829816,FALSE,"CD8 Tem"
0.0854409449426916,10.7916957628145,1.4609498542471,0.868304685195085,0.995699491024715,764,0.994636546052096,FALSE,"CD8 Tem"
0.214063110918289,10.8594157751528,11.1888851742308,0.00638349918106332,0.166815354482319,765,0.170601432916889,FALSE,"CD8 Tem"
0.065399501731006,10.7814876916177,1.76904881485191,0.183500396952211,0.572836490194472,766,0.576966921832522,FALSE,"CD8 Tem"
0.0848217379163889,10.8112691329408,1.29214297399804,0.396511176278742,0.765852774448683,767,0.766935713213288,FALSE,"CD8 Tem"
0.0294003232947625,10.8178913440943,0.169067242685134,0.887619795447147,0.998052981074555,768,0.997419013883782,FALSE,"CD8 Tem"
0.134027840161562,11.1329229350309,3.70628804197161,0.0542083379784446,0.360175685625351,769,0.365079410541619,FALSE,"CD8 Tem"
0.0548847835079216,10.8556979961117,0.476497857630319,0.639968918569238,0.924229639990548,770,0.924438114766054,FALSE,"CD8 Tem"
0.140525575346588,10.8368844470341,3.62866214164805,0.174145742554065,0.563640813235183,771,0.567619332068787,FALSE,"CD8 Tem"
0.0278597419372209,10.7873190416113,0.168457205253315,0.864720040714625,0.995005667828729,772,0.9938842741511,FALSE,"CD8 Tem"
-0.00836050401965939,10.9148266923176,0.0210102870880982,0.884750989330946,0.998052981074555,773,0.997419013883782,FALSE,"CD8 Tem"
0.279228681661288,10.8132363204701,15.4884559442404,8.30209829414947e-05,0.0240783488969809,774,0.0249574404194535,TRUE,"CD8 Tem"
0.104729881933619,10.7931739010745,2.85245372928361,0.105004713696385,0.462000037709779,775,0.466764905023896,FALSE,"CD8 Tem"
0.0262876082332724,10.7533441837624,0.615325654178009,0.432789966153523,0.794359168342556,776,0.795050058825708,FALSE,"CD8 Tem"
0.00473896154087068,11.1035508960666,0.00203638256542764,0.964006658372604,0.999555952465987,777,0.99933775641114,FALSE,"CD8 Tem"
0.161966895198476,10.8940672378784,5.22599730230936,0.0242094240852486,0.262466273707438,778,0.267917357873342,FALSE,"CD8 Tem"
0.147890397764151,10.9107224908124,3.64609412241698,0.0562013911154968,0.364564393414471,779,0.369341874627158,FALSE,"CD8 Tem"
0.127122358909917,10.8731218541303,2.93530210639015,0.0866630183857545,0.427917477706951,780,0.432711273802828,FALSE,"CD8 Tem"
0.0571106479909013,10.9043169744133,0.576847721318569,0.644070268379402,0.926694529034548,781,0.926875873453469,FALSE,"CD8 Tem"
0.321458390616877,11.012980303179,17.2249367318247,3.32099531902619e-05,0.0154459492287908,782,0.0159984780794503,TRUE,"CD8 Tem"
0.00642758981279871,10.9307677761376,0.0103097008632879,0.919124465391177,0.998052981074555,783,0.997419013883782,FALSE,"CD8 Tem"
-0.0133948165460579,10.8391485071593,0.042860955217737,0.908060595938291,0.998052981074555,784,0.997419013883782,FALSE,"CD8 Tem"
0.0219373107748745,10.8122053209526,0.0896427176772993,0.764631972689089,0.970648162533933,785,0.969932820526043,FALSE,"CD8 Tem"
0.0559391211405918,10.9134903297144,0.553469729899318,0.456903741205634,0.81329962521808,786,0.813926724711639,FALSE,"CD8 Tem"
0.0484782068589307,10.9141361527042,0.328978800953206,0.647130048407011,0.927519832092761,787,0.927184458408043,FALSE,"CD8 Tem"
0.258898981164116,10.7762687598438,13.4828336042221,0.000240778968205591,0.0371184170601057,788,0.0385177421221443,TRUE,"CD8 Tem"
0.167011495315668,10.8631506346922,4.05221196140751,0.600261222650421,0.90349998270133,789,0.903743537986078,FALSE,"CD8 Tem"
0.117154376429385,10.8583707450371,2.52659450139176,0.111942156531136,0.477654100941571,790,0.482548331253565,FALSE,"CD8 Tem"
0.0964686150040857,10.946776746314,1.51406871979967,0.218519815937829,0.598901393003443,791,0.601845315635894,FALSE,"CD8 Tem"
0.122459472184856,10.9542836347498,2.35676338893942,0.173105220185141,0.562537079781247,792,0.566491019447044,FALSE,"CD8 Tem"
0.0355045742106156,10.8259468316795,0.280305136144133,0.596501505417711,0.902287626286367,793,0.902479565110308,FALSE,"CD8 Tem"
0.14085471003799,10.8846760458754,4.14979310818417,0.0416400941560004,0.331623421095134,794,0.336260375944273,FALSE,"CD8 Tem"
0.0563735594218014,10.979474110065,0.438838541406627,0.718356737222358,0.954832685278545,795,0.954635794023276,FALSE,"CD8 Tem"
0.0644073372027984,10.7850464005619,0.645307845383623,0.421795610483127,0.787138904187995,796,0.787893434691043,FALSE,"CD8 Tem"
0.0925271617499432,10.8292362659166,1.55478046575597,0.529385259273017,0.862213603301668,797,0.862835409758184,FALSE,"CD8 Tem"
0.167246007236906,10.8396026700257,7.0828347500585,0.00778280823651806,0.171348640158618,798,0.175533404150049,FALSE,"CD8 Tem"
0.0844192725668798,10.9357777965623,2.03992408844213,0.15321786615131,0.535109330199119,799,0.539718371962509,FALSE,"CD8 Tem"
0.154472767843249,10.8712335908227,3.80720286795183,0.0510331184766714,0.352003390777681,800,0.356817181665275,FALSE,"CD8 Tem"
0.173434759046529,10.7715266841793,8.40936616882846,0.00802932994937243,0.171348640158618,801,0.175533404150049,FALSE,"CD8 Tem"
0.0530841955822294,10.8411761575101,0.635763848019429,0.907243969111227,0.998052981074555,802,0.997419013883782,FALSE,"CD8 Tem"
0.226578615227687,11.2255956374162,7.26601662307999,0.00702736401301338,0.171348640158618,803,0.175533404150049,FALSE,"CD8 Tem"
0.00407759014167258,10.9847204386621,0.00239513727641496,0.960967018257069,0.999555952465987,804,0.99933775641114,FALSE,"CD8 Tem"
0.0921716754183508,10.8990492287666,2.18597646560421,0.139273290096291,0.513280564372305,805,0.51766242706016,FALSE,"CD8 Tem"
0.117173368759106,10.9981889904753,2.37394670115519,0.165022232117591,0.553365412957612,806,0.557694885675451,FALSE,"CD8 Tem"
0.112378409832921,10.9586420079636,2.75792267718229,0.135629408918498,0.509944546792602,807,0.514475395465143,FALSE,"CD8 Tem"
0.0931408803133286,11.1152503268625,1.12802978044342,0.288196452078166,0.669865916349599,808,0.672591714391557,FALSE,"CD8 Tem"
-0.020722338321707,10.8155011170609,0.00378666498514381,0.95093246006673,0.998155886516222,809,0.997808704959348,FALSE,"CD8 Tem"
0.050701215073079,10.9599918510195,0.558229659717968,0.454974743066354,0.812913537661887,810,0.81348561169483,FALSE,"CD8 Tem"
0.171212461183691,10.8996809162346,5.57482647252003,0.0209730658945177,0.242705906983609,811,0.248523388346185,FALSE,"CD8 Tem"
0.0241323995375773,11.1063367456886,0.103829029927679,0.747282276987688,0.96508130784241,812,0.964700789883388,FALSE,"CD8 Tem"
-0.0432749137123817,10.8554099968849,0.186024976463474,0.666245965693203,0.932223220950387,813,0.931750318465161,FALSE,"CD8 Tem"
0.103773581463715,10.9660234819894,1.83845938863663,0.175132186354572,0.564550528102396,814,0.568476638799847,FALSE,"CD8 Tem"
0.142521013608042,10.927665036423,3.48479443033969,0.0619355907000183,0.376439717295839,815,0.381386023832043,FALSE,"CD8 Tem"
0.0421209491661295,10.9456795431736,0.41892680334589,0.517473307848399,0.854195512478135,816,0.855059989097323,FALSE,"CD8 Tem"
0.0995826238086087,10.812502429675,2.08399625675287,0.148850609432835,0.527268990458579,817,0.531586437445312,FALSE,"CD8 Tem"
0.210200876849342,10.848204855096,8.5891506153547,0.00351895992567021,0.128703883958401,818,0.133411365977233,FALSE,"CD8 Tem"
0.053917356144188,10.8930945091411,0.667346915329447,0.413978482702928,0.782782075018148,819,0.783467005840366,FALSE,"CD8 Tem"
0.030419917727669,10.7841726076512,0.154987469100994,0.693814156017195,0.944098782807482,820,0.944189818554743,FALSE,"CD8 Tem"
0.180292207145663,10.8525792337704,6.24786880133787,0.0124345744982114,0.205401034996068,821,0.210306549201827,FALSE,"CD8 Tem"
0.132696498001105,10.8133891882169,3.98703247262414,0.0458522485117358,0.337058679604469,822,0.34225918149586,FALSE,"CD8 Tem"
0.0507143021457665,11.2369451532168,0.367679665644808,0.544272026632768,0.869461614536783,823,0.869758178048409,FALSE,"CD8 Tem"
0.0300851958335703,10.7788747455775,0.0698177602835778,0.791602405827147,0.977550884855628,824,0.976949686701626,FALSE,"CD8 Tem"
0.173798204870026,11.1220510527884,4.71176898634963,0.0299572415249878,0.287280681098388,825,0.292173099380049,FALSE,"CD8 Tem"
0.101703619362344,10.7763363601743,2.17934433647406,0.147047418840921,0.524074747148754,826,0.528624457454359,FALSE,"CD8 Tem"
0.0787163174384205,10.8137612651861,1.1688404390307,0.51151308393439,0.851186547421431,827,0.851975429988906,FALSE,"CD8 Tem"
0.0979077995267288,10.8478745703466,2.28537889283225,0.198195499224174,0.581357572723682,828,0.584748466242443,FALSE,"CD8 Tem"
0.0566816876262691,11.2177950397315,0.531207174641279,0.466100093621149,0.819424328426552,829,0.819759213172029,FALSE,"CD8 Tem"
0.108131062892726,10.8009306266648,5.75818297313807,0.0785893557161352,0.412439231701052,830,0.417243642719469,FALSE,"CD8 Tem"
0.154026494581954,11.121796726202,3.5490804642,0.0595789908782939,0.373452677324724,831,0.378523390780894,FALSE,"CD8 Tem"
-0.0250125109536464,10.7830048586546,0.226036064074958,0.655835459479168,0.927632396570189,832,0.927184458408043,FALSE,"CD8 Tem"
0.113279679021823,10.8052815164499,3.36288856894434,0.101201012899136,0.455666255397443,833,0.460724709955008,FALSE,"CD8 Tem"
-0.01379484706493,10.8539326844824,0.0308286229717529,0.860623340088131,0.99428967969476,834,0.993016433540451,FALSE,"CD8 Tem"
-0.0211079652193147,10.7756811472325,0.0485246690319425,0.825650719810497,0.990737031990802,835,0.989893884974023,FALSE,"CD8 Tem"
0.171427226613352,10.8246641338321,5.8273904840968,0.0536765014185448,0.359935552420026,836,0.364869525527888,FALSE,"CD8 Tem"
-0.00415958111003882,10.7786850745714,0.000867318745158416,0.976505486677515,0.999555952465987,837,0.99933775641114,FALSE,"CD8 Tem"
0.043604593450027,10.9966710069074,0.222266162019489,0.63731880414997,0.923129790751015,838,0.923322796570863,FALSE,"CD8 Tem"
-0.00700744851184565,10.8091524949857,0.041179982294157,0.905220839693958,0.998052981074555,839,0.997419013883782,FALSE,"CD8 Tem"
0.0582092645912085,11.1654831051674,0.404327698272509,0.524862941566551,0.85967499903878,840,0.860558784798202,FALSE,"CD8 Tem"
0.148706474438353,10.9862604714161,3.90466083489049,0.0713875280206776,0.396233368022513,841,0.40103065408849,FALSE,"CD8 Tem"
0.217954175561056,11.0078032435505,7.34906303306339,0.00670998204330413,0.169550000077481,842,0.173258886359692,FALSE,"CD8 Tem"
0.197082671984315,10.9349790033079,6.59372357835288,0.010234154576414,0.192708716335634,843,0.197566066263895,FALSE,"CD8 Tem"
0.0919454194967556,11.1679841575635,1.02885151306462,0.310429017907745,0.688909081715459,844,0.691113007366218,FALSE,"CD8 Tem"
-0.0348919476464833,10.9204054195298,0.100481387632985,0.751252834704726,0.965703785073184,845,0.965323897931631,FALSE,"CD8 Tem"
-0.091557349948499,11.0325967659361,1.28204670022148,0.257519331530341,0.637812817488488,846,0.640582030923531,FALSE,"CD8 Tem"
-0.010092913161276,10.8104655447828,0.000679018306785444,0.979211102556801,0.999555952465987,847,0.99933775641114,FALSE,"CD8 Tem"
-0.0333983908856395,10.7832358527528,0.241670627808625,0.749888858331255,0.965703785073184,848,0.965323897931631,FALSE,"CD8 Tem"
0.103558163508455,11.1537161693028,1.66231705166822,0.197291318403061,0.579995084334507,849,0.583373446113157,FALSE,"CD8 Tem"
0.0487224450496916,10.8314913008923,0.378165614114958,0.538586864384055,0.865572738856336,850,0.866189408133301,FALSE,"CD8 Tem"
0.146654990580386,10.9958733467391,3.69902267865126,0.0544448704884567,0.360563875893455,851,0.36556749547284,FALSE,"CD8 Tem"
0.0572259155915094,10.8142296132996,0.346882374397684,0.634728110220784,0.922818129375256,852,0.922858140160255,FALSE,"CD8 Tem"
0.141440344897157,10.7744204124508,2.66443745360007,0.102614678418198,0.458463851415021,853,0.463575901704722,FALSE,"CD8 Tem"
-0.00165107393163808,10.9329359314833,0.00155551546653984,0.968539584918853,0.999555952465987,854,0.99933775641114,FALSE,"CD8 Tem"
0.0770143849861877,10.8890120791473,1.27491831221495,0.652011040454524,0.927632396570189,855,0.927184458408043,FALSE,"CD8 Tem"
0.0944713839299169,10.8240837271296,2.04206807418219,0.153002084715617,0.5350471398589,856,0.539651428636991,FALSE,"CD8 Tem"
-0.131534336482527,10.9043471410769,3.6651210209807,0.294865273561497,0.67517181385459,857,0.67762764406075,FALSE,"CD8 Tem"
0.133280717068274,10.8291686268986,3.45585127243083,0.088557748907297,0.431742232880334,858,0.436602732104415,FALSE,"CD8 Tem"
0.0373156544875267,11.0638509830472,0.231242833511051,0.630604006928023,0.921438654169725,859,0.921634162317894,FALSE,"CD8 Tem"
0.153967929276666,10.8423359805941,4.40100093699257,0.0359183038177332,0.316950321301472,860,0.321260651587876,FALSE,"CD8 Tem"
0.0178714982914333,10.853845981885,0.0797713835925054,0.777607571339438,0.971234994381042,861,0.970564433794104,FALSE,"CD8 Tem"
0.225466876101106,10.7924667321368,10.0668450564465,0.00270607369210765,0.117625689177502,862,0.121859902587535,FALSE,"CD8 Tem"
0.136029429346468,10.8739613765277,3.55151888714305,0.103188355902628,0.458823177154036,863,0.463816378642694,FALSE,"CD8 Tem"
0.0302457469550167,10.9422764072158,0.0819349697167598,0.7746922347809,0.970648162533933,864,0.969932820526043,FALSE,"CD8 Tem"
0.109356885614518,10.8580728702681,2.148347928311,0.15739398553852,0.541542982339825,865,0.546290529632779,FALSE,"CD8 Tem"
0.016235509037091,10.8465375996097,0.0437656023822971,0.834290395213822,0.991750133480293,866,0.99056017316442,FALSE,"CD8 Tem"
0.0165270516271061,10.7979707015574,0.273072590971668,0.772919271190799,0.970648162533933,867,0.969932820526043,FALSE,"CD8 Tem"
0.118059083687614,10.8327571494898,2.25512627817692,0.149767127118409,0.529412104137413,868,0.533648847042029,FALSE,"CD8 Tem"
0.138090785713655,10.7651466357867,6.031455334692,0.0681357016873129,0.392004651373894,869,0.396975663954345,FALSE,"CD8 Tem"
0.0188881675082891,10.8259674067307,0.1410661444477,0.965305423839581,0.999555952465987,870,0.99933775641114,FALSE,"CD8 Tem"
0.162941873742063,11.1412308249921,4.07817605705833,0.043441016144072,0.333874166694882,871,0.339097074433558,FALSE,"CD8 Tem"
0.236866370026648,10.8731252974328,10.1918038460317,0.00141074270188003,0.0863337408742633,872,0.0897220487814144,TRUE,"CD8 Tem"
0.145364389783317,10.8629188909033,3.83469385519284,0.0502026684123181,0.349618321997851,873,0.354332694587655,FALSE,"CD8 Tem"
0.0161555436218678,10.7919781143595,1.45922191701413,0.394551079905891,0.764815867885444,874,0.765943574243113,FALSE,"CD8 Tem"
0.0488554238383756,10.8964607023818,0.557027241335351,0.455460820506174,0.812913537661887,875,0.81348561169483,FALSE,"CD8 Tem"
0.0972772610203296,11.1405606931429,1.13325541539976,0.287082489048094,0.669283537124153,876,0.672036870706545,FALSE,"CD8 Tem"
0.124855763956758,10.8557580131193,3.32463177995249,0.293139932591916,0.674168745722128,877,0.676797915230303,FALSE,"CD8 Tem"
0.210523449297226,10.8949333493394,6.15085780385432,0.0131351379581615,0.209936517674946,878,0.214535478852416,FALSE,"CD8 Tem"
0.108957890695693,10.9833715224251,1.55009654995511,0.213121724200921,0.59454914651335,879,0.597649523315221,FALSE,"CD8 Tem"
0.0732674213674577,10.8537172430685,0.745069366775531,0.421008903887049,0.786962523926399,880,0.787645709878012,FALSE,"CD8 Tem"
0.102852388799543,10.7985607442515,1.63168883026958,0.270321268610661,0.651040126565739,881,0.653688205975315,FALSE,"CD8 Tem"
0.270321649232179,11.0521492102805,9.52372249555932,0.00202842911656486,0.10290991140192,882,0.106833050229032,FALSE,"CD8 Tem"
0.140644032511745,11.0222483639637,2.74930666141983,0.0972971877538327,0.4499659112517,883,0.455120780121589,FALSE,"CD8 Tem"
0.11440723148888,11.0726019142774,1.82504182684482,0.176714866222215,0.566047412396366,884,0.570013798463854,FALSE,"CD8 Tem"
0.0425717382849658,10.8342481154834,0.341376415435725,0.684391322213597,0.939344844234552,885,0.939080274436522,FALSE,"CD8 Tem"
0.091523890190149,11.1042374627992,1.27515216240123,0.258802856123103,0.638488835195805,886,0.641171250443354,FALSE,"CD8 Tem"
0.156184251860666,10.8620339745699,3.90249671758151,0.0556005677091658,0.363199775864227,887,0.367967232594168,FALSE,"CD8 Tem"
0.0285935296176223,11.0396125397631,0.0995024086373046,0.752427703105656,0.965703785073184,888,0.965323897931631,FALSE,"CD8 Tem"
0.00614829682472672,10.7534249228475,0.10506511167231,0.745834070349817,0.964941494740878,889,0.964586039580439,FALSE,"CD8 Tem"
0.0823563669289205,10.9166971775259,0.946551546942004,0.330599059863257,0.706718064262907,890,0.708624245752453,FALSE,"CD8 Tem"
-0.0287647945396939,10.9785027371172,0.0849533716854014,0.770693818322659,0.970648162533933,891,0.969932820526043,FALSE,"CD8 Tem"
-0.027064215097251,10.8108114514834,0.0280926547853729,0.86689123923745,0.995699491024715,892,0.994636546052096,FALSE,"CD8 Tem"
0.231737200320495,10.9508126071127,7.95036641922766,0.0048079378407574,0.146155025472959,893,0.150511385093066,FALSE,"CD8 Tem"
0.093816813956504,10.8366985934412,1.50333453225932,0.519604274033213,0.855159051142418,894,0.856136869858787,FALSE,"CD8 Tem"
0.0468672594715424,10.8704888205884,0.396182211401611,0.760131599164576,0.970648162533933,895,0.969932820526043,FALSE,"CD8 Tem"
0.0876888176667118,10.9014207303662,0.831279772858453,0.361903134122045,0.738955406749821,896,0.740672667777135,FALSE,"CD8 Tem"
0.070467112238393,10.8383192478202,0.948752415922729,0.564221810812558,0.883865153953927,897,0.884266239469884,FALSE,"CD8 Tem"
0.173020487552495,10.8927845825852,7.1305478994234,0.00757838189338953,0.171348640158618,898,0.175533404150049,FALSE,"CD8 Tem"
0.02849898951519,10.8182659391729,0.426770308066389,0.779525022747029,0.972263577580163,899,0.9716776661152,FALSE,"CD8 Tem"
-0.0716857066557477,10.8074612944993,0.796952111394192,0.560767064301506,0.881124194616995,900,0.881505144936688,FALSE,"CD8 Tem"
0.0649071281432013,11.0683881353865,0.6033440510064,0.437305293762846,0.798381210094493,901,0.799087518114527,FALSE,"CD8 Tem"
0.116592521134189,10.9621427486332,2.05029887388036,0.350379921098066,0.727832520333678,902,0.729576376120631,FALSE,"CD8 Tem"
0.178499638940556,10.833036384677,7.67468203567981,0.0230654513155885,0.257259985776504,903,0.263112703763404,FALSE,"CD8 Tem"
-0.0356361181297709,10.7659362580712,0.237554770287323,0.625977989793995,0.920171817487949,904,0.920257235490877,FALSE,"CD8 Tem"
0.0563902310500405,10.8210256505501,0.648879445275734,0.987920296348611,0.999555952465987,905,0.99933775641114,FALSE,"CD8 Tem"
0.0214172213857991,10.7979723818255,0.101498507302389,0.750038846146987,0.965703785073184,906,0.965323897931631,FALSE,"CD8 Tem"
-0.0806206599122872,10.9412823595804,1.11758231240525,0.290440110102026,0.671872870789157,907,0.674405708762762,FALSE,"CD8 Tem"
0.150037250786686,11.0197715303094,3.97076637142339,0.0462971956527112,0.339099617292535,908,0.344415373685847,FALSE,"CD8 Tem"
0.0960271301412727,10.7970972265732,1.53466334176684,0.272293626166097,0.653813967629591,909,0.656513644252824,FALSE,"CD8 Tem"
-0.015746475942653,10.7833144177919,0.0415669033626208,0.84735070258869,0.994123106138315,910,0.992964235102643,FALSE,"CD8 Tem"
0.13777158208586,10.8068950595234,3.70978718942415,0.054094807813717,0.359935552420026,911,0.364869525527888,FALSE,"CD8 Tem"
-0.0172370884429491,10.8929568304891,0.316591587168034,0.676213927077345,0.935004143406303,912,0.934523710704597,FALSE,"CD8 Tem"
-0.0029112721662315,10.76007623398,3.08774397055013e-08,0.999859795968772,0.999859795968772,913,0.999859795968772,FALSE,"CD8 Tem"
0.00615090508795824,10.7841785224693,0.00233715570859994,0.961441996116462,0.999555952465987,914,0.99933775641114,FALSE,"CD8 Tem"
0.0449506574229247,10.8946436518538,0.511924750552083,0.595414629229541,0.901456198094595,915,0.901684201952999,FALSE,"CD8 Tem"
0.043334879146048,10.810416416794,0.359102557537672,0.72874014645162,0.960836788892615,916,0.960684900140293,FALSE,"CD8 Tem"
0.168778476744263,11.1823363711002,4.1563715473091,0.0414786511647657,0.331285708639512,917,0.335989817409213,FALSE,"CD8 Tem"
0.219108662638869,10.836340758689,10.0378353412932,0.00153365787061731,0.0882163143805251,918,0.0917227238134571,TRUE,"CD8 Tem"
0.113816714607326,10.8585500228142,2.55196763238761,0.219533083395948,0.600263592518844,919,0.603241001370727,FALSE,"CD8 Tem"
0.0846468860248785,10.8906028605831,1.15851520113554,0.344460575185209,0.721660421255138,920,0.723523440249099,FALSE,"CD8 Tem"
0.0717363375374081,10.96961230676,0.90599611748957,0.714024086284319,0.953857245080263,921,0.953695464360168,FALSE,"CD8 Tem"
0.0345818571551605,10.9346989975045,0.0891707703072196,0.765234122059977,0.970648162533933,922,0.969932820526043,FALSE,"CD8 Tem"
0.0583856577460171,10.8154717226176,0.816089741112893,0.523839650616,0.858806672494498,923,0.859714948984055,FALSE,"CD8 Tem"
0.0611944378017605,10.9785435256127,0.480186382898576,0.569449145873937,0.887867240180919,924,0.888114261869138,FALSE,"CD8 Tem"
0.0434920212987773,10.8617058874782,0.0875057189152622,0.767372506594749,0.970648162533933,925,0.969932820526043,FALSE,"CD8 Tem"
0.0921403303770869,10.8989733942638,1.11835675499954,0.290273031847022,0.671872870789157,926,0.674405708762762,FALSE,"CD8 Tem"
0.0993250580138366,10.876163280727,1.67280667229544,0.525267560830101,0.859915320457867,927,0.860806801623706,FALSE,"CD8 Tem"
0.182613687023252,10.8304037599114,7.00031761448774,0.0123932420663733,0.205401034996068,928,0.210306549201827,FALSE,"CD8 Tem"
0.117845191182749,10.7861451557457,2.82031449721733,0.0930787384833968,0.441702049725691,929,0.446831086544353,FALSE,"CD8 Tem"
0.048047241506917,10.7821559559433,1.1952860779643,0.55486252819098,0.878413806752347,930,0.878889879071442,FALSE,"CD8 Tem"
0.0731548924777862,10.8142293119454,1.06516771530851,0.302039959779836,0.680713323951328,931,0.682960303643465,FALSE,"CD8 Tem"
0.00594140585413383,10.7854218876241,0.000865671158766574,0.976527806304687,0.999555952465987,932,0.99933775641114,FALSE,"CD8 Tem"
-0.183994184443797,10.7685674673549,5.37828061875086,0.0203893308964681,0.242705906983609,933,0.248523388346185,FALSE,"CD8 Tem"
-0.0105185702463372,11.1416313862638,0.0091443401811814,0.923817615532132,0.998052981074555,934,0.997419013883782,FALSE,"CD8 Tem"
0.00748689255351097,11.02935887529,0.00945662431024325,0.991195790998906,0.999555952465987,935,0.99933775641114,FALSE,"CD8 Tem"
0.018087029962741,10.872068308352,0.0853083942335818,0.795456921179171,0.979785524471484,936,0.979150548239917,FALSE,"CD8 Tem"
0.0268580540952201,10.88922789514,0.113733340509734,0.789756069053841,0.97701698175303,937,0.976438309620639,FALSE,"CD8 Tem"
0.141426579996492,10.8530013937944,3.36654786687012,0.066533578874802,0.388753360988322,938,0.393655007399619,FALSE,"CD8 Tem"
-0.000483618081235844,10.9911207231113,0.00876535319585862,0.925408303588242,0.998052981074555,939,0.997419013883782,FALSE,"CD8 Tem"
0.0896826138851815,10.9169144782923,1.67853535005163,0.405583169595147,0.774370821751654,940,0.775308902303392,FALSE,"CD8 Tem"
0.0617408367393689,10.9489654817105,0.597057535411038,0.439703252637445,0.799645493093535,941,0.8001503654223,FALSE,"CD8 Tem"
-0.11236178977499,10.9136208837054,1.65073666173403,0.272738441571163,0.654206545511852,942,0.656841392499593,FALSE,"CD8 Tem"
0.139578654846593,10.9156346467217,2.93767134631502,0.13243700112904,0.509061563843937,943,0.513565940073877,FALSE,"CD8 Tem"
0.0288207129470319,10.7916064688465,0.160004132335024,0.689152869279255,0.942914835099539,944,0.942823001022138,FALSE,"CD8 Tem"
0.059346494256463,10.9886470415664,0.589802764716331,0.442495731761997,0.80272294527917,945,0.803175888681676,FALSE,"CD8 Tem"
-0.135686429830763,10.7834515387116,4.22055043385203,0.174699098917467,0.564109880556281,946,0.568156852600491,FALSE,"CD8 Tem"
0.0619216175664488,10.8265447201254,0.688767719714471,0.582351153778273,0.895969307384303,947,0.896132930547615,FALSE,"CD8 Tem"
-0.0406485872099413,10.8470365435634,0.151387481971809,0.803860414978717,0.983771632949457,948,0.983097029076725,FALSE,"CD8 Tem"
0.0840626133719001,10.8341682596958,1.05164357435812,0.395645447889137,0.764815867885444,949,0.765943574243113,FALSE,"CD8 Tem"
0.00909549088066952,10.8661144783701,0.019356045834004,0.985865453249673,0.999555952465987,950,0.99933775641114,FALSE,"CD8 Tem"
0.0265337222486003,11.0630079370396,0.0986340321277897,0.859647161699344,0.99428967969476,951,0.993016433540451,FALSE,"CD8 Tem"
-0.0661562604846693,10.8444949125571,0.840330350072505,0.359302713884411,0.736537983955015,952,0.738182125543763,FALSE,"CD8 Tem"
0.0796670921025936,10.796750509417,2.42487301125436,0.664981007614571,0.931980487042104,953,0.931551799415235,FALSE,"CD8 Tem"
0.0590531603867386,10.8965695111313,0.664631675522888,0.880951552411895,0.998052981074555,954,0.997419013883782,FALSE,"CD8 Tem"
0.199564326897184,10.8234853667988,7.30050039206926,0.00689375459288757,0.169644722812276,955,0.173490411237712,FALSE,"CD8 Tem"
0.0353801546425017,10.8104180728522,0.277670735329289,0.984878321134632,0.999555952465987,956,0.99933775641114,FALSE,"CD8 Tem"
0.0245796811196204,11.0886312826176,0.0946783722989714,0.75831187230346,0.969996842157148,957,0.969685636368902,FALSE,"CD8 Tem"
0.0708527230606851,10.8051813110212,1.11036331357058,0.32378009326328,0.704100427884521,958,0.706241136094573,FALSE,"CD8 Tem"
0.219514651044762,11.1301437678254,6.59963868086333,0.0102002104562306,0.192708716335634,959,0.197566066263895,FALSE,"CD8 Tem"
0.155796155415825,10.7845759986622,5.30479364413461,0.0212671939381823,0.244231404954286,960,0.250058512736159,FALSE,"CD8 Tem"
-0.0968785022226479,10.8954445392562,1.07077099776549,0.336763002211908,0.712919764810006,961,0.71476900375239,FALSE,"CD8 Tem"
-0.0825242727312105,10.7676301190139,1.99344770718889,0.157981429454432,0.542266884422556,962,0.547033175127507,FALSE,"CD8 Tem"
-0.0141886476980539,10.9079031683289,0.0478746660578041,0.892649587710424,0.998052981074555,963,0.997419013883782,FALSE,"CD8 Tem"
0.141139004420815,10.8390590863183,3.72103666256868,0.0537315212026952,0.359935552420026,964,0.364869525527888,FALSE,"CD8 Tem"
0.173638065995066,11.0068793388861,4.58718295450402,0.0322123579087129,0.296407120123795,965,0.300724870541837,FALSE,"CD8 Tem"
0.0913069081827593,10.8317795470051,1.48230154064623,0.943458894721046,0.998052981074555,966,0.997419013883782,FALSE,"CD8 Tem"
-0.0823143719738603,10.9360485549526,0.814922614920584,0.366669268276748,0.740699901938095,967,0.742446787134432,FALSE,"CD8 Tem"
0.0479589991947305,10.8230371919308,0.249552989675137,0.617390209119716,0.91385603355105,968,0.91391431759027,FALSE,"CD8 Tem"
0.077193568567649,10.7830766161362,1.43473840817529,0.238612407505056,0.616890665539752,969,0.619806329159912,FALSE,"CD8 Tem"
0.0170480878888477,10.7979514811501,0.205889171332293,0.721434691055538,0.956297567969053,970,0.956183284806637,FALSE,"CD8 Tem"
0.131863316352233,10.896791553095,3.75679855478342,0.0553674572191974,0.363163246838208,971,0.367949917403801,FALSE,"CD8 Tem"
0.0500305713993173,11.1270309676171,0.342460093222929,0.558412882543947,0.880812790642286,972,0.881222622255085,FALSE,"CD8 Tem"
0.197273853377431,10.8727659445324,5.87927530572116,0.0153204494550542,0.22423913527511,973,0.228852078219512,FALSE,"CD8 Tem"
0.133732028707792,10.8139074362159,2.9429612764528,0.0862530420331438,0.427917477706951,974,0.432711273802828,FALSE,"CD8 Tem"
-0.0668632215748286,10.8945935344733,0.853216427092591,0.426388687286398,0.789383476770531,975,0.790063471340576,FALSE,"CD8 Tem"
0.188138205645969,10.798129943987,7.60483606208656,0.00878672852839931,0.179241554322742,976,0.184012713196387,FALSE,"CD8 Tem"
0.147486713287972,10.8763961348983,3.20443007698944,0.206253844328437,0.586216362532442,977,0.589501446823717,FALSE,"CD8 Tem"
0.0786767117485735,11.3020999684136,0.822062194508286,0.364578319253248,0.739169033499065,978,0.740975952276615,FALSE,"CD8 Tem"
0.041930112544176,10.7944193338791,1.99116621246224,0.260806305683371,0.640246889478043,979,0.642847835760697,FALSE,"CD8 Tem"
0.0792150236839579,10.7600853521979,1.34393408634884,0.246341882654937,0.624788169388826,980,0.627926810054199,FALSE,"CD8 Tem"
-0.0103688260227251,10.9170097540138,6.01006380722125e-05,0.993814496554497,0.999555952465987,981,0.999488816091444,FALSE,"CD8 Tem"
0.106135981786937,11.1413617558847,1.5200766278066,0.217608430159522,0.598901393003443,982,0.601845315635894,FALSE,"CD8 Tem"
0.0993037160593471,11.0268346814305,1.69426300101147,0.193040514820215,0.576599573945387,983,0.580113962772058,FALSE,"CD8 Tem"
0.0969130148837917,10.8091637152362,1.90964487625648,0.167003278981837,0.555205325621532,984,0.559525843651858,FALSE,"CD8 Tem"
0.0860807322863981,10.9208914091497,1.22283427204767,0.527977718479338,0.860942902215665,985,0.861583016530525,FALSE,"CD8 Tem"
-0.0221977870401994,10.8673277409377,0.00356790768683898,0.952369134431113,0.998155886516222,986,0.997808704959348,FALSE,"CD8 Tem"
0.0356329615018127,10.9311967890841,0.1642488412826,0.829205181839664,0.991750133480293,987,0.99056017316442,FALSE,"CD8 Tem"
0.142009712776332,10.8739963389011,4.07558869640015,0.0435075926081741,0.333874166694882,988,0.339097074433558,FALSE,"CD8 Tem"
-0.00561201485134537,10.8140658155233,0.0570668817786943,0.81119348610061,0.98465075578324,989,0.984081489808586,FALSE,"CD8 Tem"
0.0423510581761429,10.7776140855012,0.385001465484895,0.534938876389009,0.865391552725316,990,0.865890284466497,FALSE,"CD8 Tem"
0.111417930123134,10.9042451046724,2.13551903250608,0.175883404691544,0.564550528102396,991,0.568476638799847,FALSE,"CD8 Tem"
0.227115740695806,10.8322320758294,8.77533968081077,0.00305343486626277,0.12138056036742,992,0.125540202456827,FALSE,"CD8 Tem"
-0.000285167699207029,10.9303132564916,0.00271521300119173,0.95844289211512,0.999555952465987,993,0.999323904303906,FALSE,"CD8 Tem"
0.0329434051311974,10.856490980331,0.341633751402047,0.808786272599639,0.98465075578324,994,0.984081489808586,FALSE,"CD8 Tem"
0.0429194751934067,10.9042656681351,0.0219421034246204,0.882241277065132,0.998052981074555,995,0.997419013883782,FALSE,"CD8 Tem"
-0.0332927656494365,10.9765487047884,0.131538506998607,0.71684230619626,0.954763335085568,996,0.954635794023276,FALSE,"CD8 Tem"
-0.0629658404246589,10.8261564661325,0.641434431331384,0.565201418592184,0.884175660017786,997,0.884445056460977,FALSE,"CD8 Tem"
0.0977386187949727,11.0321315719778,1.33623613403234,0.247699333297067,0.626795211732677,998,0.62982188543734,FALSE,"CD8 Tem"
-0.0206254348455949,10.859117650889,0.108965931418572,0.741324620235973,0.963714602055123,999,0.96320581145342,FALSE,"CD8 Tem"
-0.0107707280586575,10.7952750930214,0.000285010606884851,0.986530553674039,0.999555952465987,1000,0.99933775641114,FALSE,"CD8 Tem"
0.161187114024192,10.8816538672599,4.90879282982795,0.0267207216277452,0.276276707440354,1001,0.281459221889034,FALSE,"CD8 Tem"
0.044510377350588,11.0040853096039,0.286922946453294,0.592199378701786,0.901375254684607,1002,0.901610060627415,FALSE,"CD8 Tem"
0.0477394615515094,10.8425245119717,0.560411176667334,0.948046834203507,0.998155886516222,1003,0.997797046038902,FALSE,"CD8 Tem"
0.0143198221224462,10.889063008122,0.0843208797057515,0.771525211560487,0.970648162533933,1004,0.969932820526043,FALSE,"CD8 Tem"
0.106321323835612,10.9753469732133,1.65698493553581,0.363515966566017,0.738977876145631,1005,0.740741400768866,FALSE,"CD8 Tem"
0.285145878505825,10.9709878456907,12.7746530162078,0.000351378153206011,0.037142267967299,1006,0.0385177421221443,TRUE,"CD8 Tem"
0.10882651054328,11.0853934196289,1.93170516931168,0.164572580042055,0.553365412957612,1007,0.557694885675451,FALSE,"CD8 Tem"
0.107034074102733,10.9319856205026,2.20132657105023,0.181856845249212,0.57160004336805,1008,0.575358429064667,FALSE,"CD8 Tem"
0.0447384686174703,10.7650084571036,0.368868827121565,0.715603274580591,0.954479733316412,1009,0.954340258601025,FALSE,"CD8 Tem"
0.122281563273508,10.9555318996429,2.45707606190847,0.116996971689049,0.48690754790225,1010,0.491179210594834,FALSE,"CD8 Tem"
-0.00288387669370438,10.8027337361319,0.00303713672796406,0.956050671626189,0.999359822304869,1011,0.998941403804982,FALSE,"CD8 Tem"
0.0880806189217731,11.1219748222298,1.22225178170408,0.26891968002113,0.650060932647877,1012,0.65267542072359,FALSE,"CD8 Tem"
0.050352683101827,10.827849997351,0.580493600556233,0.4461192405036,0.806412976129904,1013,0.807002289527067,FALSE,"CD8 Tem"
0.088167110033673,10.8843862975056,1.24471707502529,0.264564383962659,0.646265204732314,1014,0.648965185441338,FALSE,"CD8 Tem"
0.049373732680885,10.8094945651014,0.468608440131828,0.493628340178753,0.839132094360884,1015,0.839812705926785,FALSE,"CD8 Tem"
0.222329453330298,10.8936790237393,8.79269392006713,0.00302452424192483,0.12138056036742,1016,0.125540202456827,FALSE,"CD8 Tem"
0.146227151900405,10.8085835430909,4.13547182918886,0.0674946457886078,0.390644861139283,1017,0.395546598787987,FALSE,"CD8 Tem"
0.0514712760830971,10.8292265902759,0.244296938517466,0.643780991487771,0.926694529034548,1018,0.926875873453469,FALSE,"CD8 Tem"
0.0227371996229553,10.8779668025431,0.0815777258538294,0.775170711684657,0.970648162533933,1019,0.969932820526043,FALSE,"CD8 Tem"
0.0232492201624157,10.8742169050088,0.00321193761686731,0.954804939263495,0.999077378157267,1020,0.998676076224815,FALSE,"CD8 Tem"
0.202045962150731,10.8422055351587,6.99418486699732,0.00817772863792253,0.171348640158618,1021,0.175533404150049,FALSE,"CD8 Tem"
0.143167687553363,11.0636758706571,3.08525820677912,0.0790052870759369,0.412869202460879,1022,0.417624368621762,FALSE,"CD8 Tem"
0.0620015202685131,10.8177721624472,1.63060432626855,0.56889368543964,0.887596286809716,1023,0.887798617095681,FALSE,"CD8 Tem"
0.0159693591729756,10.9896798726558,0.0700045801171605,0.791330211782925,0.977550282869159,1024,0.976949686701626,FALSE,"CD8 Tem"
0.0673643170669406,11.1039431090997,1.19821494762876,0.273679229340619,0.654862889111178,1025,0.6575819489498,FALSE,"CD8 Tem"
-0.072901798197656,10.8128140988857,1.22045814168073,0.269271248734624,0.650249521217413,1026,0.65289516082674,FALSE,"CD8 Tem"
0.166431227542567,11.065377430739,3.87365486268139,0.0490501064538682,0.348293198651819,1027,0.353371105917642,FALSE,"CD8 Tem"
0.182395521387031,11.069852956004,5.46382817443991,0.246606781793819,0.625050758650165,1028,0.628113207358757,FALSE,"CD8 Tem"
0.135286990679343,11.0907661518997,2.43211038174673,0.118873348480592,0.48690754790225,1029,0.491179210594834,FALSE,"CD8 Tem"
0.122383142061597,11.1827067588883,1.94280040227014,0.163365362326907,0.551382534662034,1030,0.555856691212181,FALSE,"CD8 Tem"
0.145239853171857,10.7787348811666,4.293668363846,0.0382550123615098,0.321162567677585,1031,0.325872131350761,FALSE,"CD8 Tem"
0.124179245382231,10.8279309969287,3.19025596618056,0.0740789682222762,0.405820119201186,1032,0.410635566334945,FALSE,"CD8 Tem"
-0.0152777209812195,10.8922750907069,0.0511907113573635,0.871141471791507,0.996811845839209,1033,0.995801171688638,FALSE,"CD8 Tem"
-0.0846462311888667,10.7935046212993,0.883027290653043,0.497882975429489,0.842387595481276,1034,0.84322778013749,FALSE,"CD8 Tem"
0.00653208409360098,10.8260958545807,0.0871169893516961,0.866691478241808,0.995699491024715,1035,0.994636546052096,FALSE,"CD8 Tem"
0.148939743246612,10.8992495218866,4.02947932036846,0.0447122317766975,0.333874166694882,1036,0.339097074433558,FALSE,"CD8 Tem"
0.0528151170954059,10.9696693196775,0.380084023330826,0.537558529824432,0.8655496595729,1037,0.866189408133301,FALSE,"CD8 Tem"
-0.0314634572129238,10.969225872469,0.193908931630447,0.873358590676343,0.998052981074555,1038,0.997196667792019,FALSE,"CD8 Tem"
-0.0384926651967273,10.8059482949397,0.238021315358709,0.902403194152828,0.998052981074555,1039,0.997419013883782,FALSE,"CD8 Tem"
0.124617334767378,10.8138021589668,1.73833002223012,0.187351118051915,0.574403460817044,1040,0.578533434829635,FALSE,"CD8 Tem"
-0.00861977380056011,10.848468664556,0.0239151687332348,0.920697554134459,0.998052981074555,1041,0.997419013883782,FALSE,"CD8 Tem"
-0.222144456264225,10.7891917911533,9.46733884520303,0.0062944493058468,0.166337975690304,1042,0.170079573336306,FALSE,"CD8 Tem"
-0.0209400465355961,10.7881063289349,0.00726589025083332,0.932070469981912,0.998052981074555,1043,0.997419013883782,FALSE,"CD8 Tem"
0.0248740006135336,10.8854885727777,0.146586474427683,0.816588755198465,0.986097480265699,1044,0.985339632184831,FALSE,"CD8 Tem"
0.221645746854908,10.9337935046948,7.61066284893833,0.00580260880981336,0.161364793156166,1045,0.165144919437821,FALSE,"CD8 Tem"
0.0733650206011771,10.9071565229561,0.571928142244844,0.800799366690677,0.983452225391512,1046,0.982891633730988,FALSE,"CD8 Tem"
0.0676000509748375,11.0143564605731,0.520871811616957,0.470470338847436,0.820456522676949,1047,0.820658300652548,FALSE,"CD8 Tem"
0.140429334387482,11.1013633951098,2.77359452886668,0.0958313182677258,0.447967951301563,1048,0.453207067576874,FALSE,"CD8 Tem"
0.0771980480821196,10.8280133889346,2.6184932993591,0.928442021208693,0.998052981074555,1049,0.997419013883782,FALSE,"CD8 Tem"
0.00811996110732525,10.7805387609872,0.0334372755249399,0.854909018634286,0.99428967969476,1050,0.993016433540451,FALSE,"CD8 Tem"
0.103389749152485,11.1002695169713,1.49841675899414,0.220915660159382,0.601034938633362,1051,0.603958096665767,FALSE,"CD8 Tem"
0.175144184304398,10.7979277269982,6.00884623707749,0.040562003624161,0.326956462488688,1052,0.331875920639032,FALSE,"CD8 Tem"
0.110447042753344,11.0039894911104,2.21967113810174,0.205225524324296,0.586018409042695,1053,0.589234214972733,FALSE,"CD8 Tem"
0.120031297743226,10.8192212247344,2.4599383545246,0.128727381559219,0.50439010247003,1054,0.508704233428601,FALSE,"CD8 Tem"
0.0144848094952819,10.8795998029961,0.0139667412428736,0.905924313072499,0.998052981074555,1055,0.997419013883782,FALSE,"CD8 Tem"
-0.0244672807496856,10.9622380846321,0.103356699794791,0.74783817606852,0.965360909490615,1056,0.964948060253806,FALSE,"CD8 Tem"
0.0390571971968851,10.9935376284402,0.257620009806279,0.97101253315009,0.999555952465987,1057,0.99933775641114,FALSE,"CD8 Tem"
0.238981037235962,10.793566219815,11.6616269581136,0.00260602478167914,0.11753752900168,1058,0.121620833809054,FALSE,"CD8 Tem"
0.179539976735456,10.9469964911947,5.11621005131899,0.0237037232290638,0.260628881178193,1059,0.26615781351719,FALSE,"CD8 Tem"
0.0534598534616866,10.8286009845027,0.627453937061296,0.428291112635556,0.790549451040726,1060,0.791272918093413,FALSE,"CD8 Tem"
0.229374362909607,10.8324884277732,9.94313211001727,0.00161459378343125,0.0893985200802234,1061,0.0928654916557069,TRUE,"CD8 Tem"
0.0273313265474369,10.8888985076745,0.133193318657484,0.715143946255645,0.954414488962699,1062,0.95427054427842,FALSE,"CD8 Tem"
0.00300508882830808,10.9252498721062,0.00146148923597919,0.969504771174692,0.999555952465987,1063,0.99933775641114,FALSE,"CD8 Tem"
0.0166594346499112,10.8013236388708,0.0601689601219594,0.806229183713108,0.984014180388168,1064,0.983382566823156,FALSE,"CD8 Tem"
0.0977027038276844,10.8233660458844,1.90999538762635,0.166964338301236,0.555205325621532,1065,0.559525843651858,FALSE,"CD8 Tem"
0.200920269866099,10.8704955146685,7.79665403316667,0.00523448979898708,0.153117056950245,1066,0.15706406212097,FALSE,"CD8 Tem"
0.0944512239856849,10.7785146287829,2.21656669971921,0.203867011876176,0.58491259078053,1067,0.58825431173363,FALSE,"CD8 Tem"
-0.0386412299388824,10.8506891958271,0.385420580507639,0.792165888693609,0.977803489467616,1068,0.977189389308289,FALSE,"CD8 Tem"
-0.0029969231801547,10.8795629387091,0.0135997845761041,0.921492523969888,0.998052981074555,1069,0.997419013883782,FALSE,"CD8 Tem"
0.126149120374058,10.858073946832,3.28147229655976,0.223867489008853,0.604299298537537,1070,0.607325535971687,FALSE,"CD8 Tem"
0.0253209393508969,10.8356667429498,0.0811645753142364,0.775725482721701,0.970648162533933,1071,0.969932820526043,FALSE,"CD8 Tem"
-0.0795125517756825,10.9398282215559,0.900236528986382,0.564560129607578,0.884097361213753,1072,0.884445056460977,FALSE,"CD8 Tem"
0.0786705911438841,10.8806778459982,1.44794903721107,0.240838542842569,0.618178842583216,1073,0.621272721048706,FALSE,"CD8 Tem"
0.0212128801555569,10.7874561943384,0.0680344122956681,0.794220567942981,0.979559761735031,1074,0.978978683532732,FALSE,"CD8 Tem"
0.123535133918723,11.0190051327608,2.40313373292207,0.121093041680778,0.491424124928161,1075,0.495685631465098,FALSE,"CD8 Tem"
0.066406860692198,10.8777104359406,1.14093576133677,0.437096578022433,0.798381210094493,1076,0.799087518114527,FALSE,"CD8 Tem"
0.113964111903406,10.9326774262102,2.23752786321667,0.13469675749431,0.509557971779627,1077,0.514125468561139,FALSE,"CD8 Tem"
0.233981888365735,10.8525025254564,11.2812669219781,0.00078298477006551,0.0617230875521133,1078,0.0641896880187519,TRUE,"CD8 Tem"
0.0833298592963241,10.9567295899179,1.16403309462566,0.2806311579906,0.663556439153168,1079,0.666283019870781,FALSE,"CD8 Tem"
0.0501425438418959,10.8534190332754,0.214983648386018,0.645743000017245,0.927199408534355,1080,0.927184458408043,FALSE,"CD8 Tem"
-0.00355400827777913,10.8882185905708,0.0133925377067436,0.907869637486709,0.998052981074555,1081,0.997419013883782,FALSE,"CD8 Tem"
0.105345256192922,10.8067081415162,2.07493029552264,0.251770078596559,0.63115865840815,1082,0.634124851556973,FALSE,"CD8 Tem"
0.11833179285523,10.9911029355368,2.12595994453984,0.144822599719076,0.520935739592747,1083,0.52535336264098,FALSE,"CD8 Tem"
0.102279390008487,11.0335643569869,1.91578177380223,0.166322989382688,0.554529192558338,1084,0.558808533595945,FALSE,"CD8 Tem"
0.17943493127811,10.8416651961524,6.39316951477003,0.0310163873635875,0.290819540439759,1085,0.295245166270196,FALSE,"CD8 Tem"
0.0275400610179036,11.1861871334452,0.104366450492745,0.746651465914449,0.964941494740878,1086,0.964586039580439,FALSE,"CD8 Tem"
0.182885701488692,10.8967411202227,4.55560509671686,0.0680515017565498,0.392004651373894,1087,0.396975663954345,FALSE,"CD8 Tem"
0.179491332681985,10.8434639784962,6.49217090790776,0.0115857111690434,0.20411038881523,1088,0.2089503925613,FALSE,"CD8 Tem"
0.164896809038392,10.7772499635599,5.97727373834604,0.0201030197844463,0.242705906983609,1089,0.248523388346185,FALSE,"CD8 Tem"
0.0654903237520824,10.8082859102055,0.833334407708445,0.361310523427336,0.738337102135563,1090,0.740063806910447,FALSE,"CD8 Tem"
0.211961461003864,10.9874881884756,6.22607019108355,0.0134723234119645,0.213855891430195,1091,0.218256612253047,FALSE,"CD8 Tem"
0.0884522892282575,10.9012990496881,1.17348731052513,0.771313990498551,0.970648162533933,1092,0.969932820526043,FALSE,"CD8 Tem"
0.0402703327549264,10.8251428584636,0.377709639572186,0.864382975896543,0.994989012326687,1093,0.993858618687816,FALSE,"CD8 Tem"
0.187174383007962,10.9100623035545,6.16419369481347,0.0130364770080275,0.209553698460582,1094,0.214167579327159,FALSE,"CD8 Tem"
0.0609998048091812,10.7842730397779,0.618729018525272,0.47646035006292,0.825097129727224,1095,0.825414334000891,FALSE,"CD8 Tem"
-0.0450757619340614,10.795258553463,0.344787128070702,0.681428257565778,0.937900197737463,1096,0.93763241374489,FALSE,"CD8 Tem"
0.139315073116356,10.7708599505681,4.04694978775025,0.186098153663127,0.572836490194472,1097,0.576966921832522,FALSE,"CD8 Tem"
0.0845069121610746,10.9482226208029,1.2726941313168,0.318483583016829,0.700694013534187,1098,0.702798618447998,FALSE,"CD8 Tem"
0.153593598645619,10.9001907795333,3.82680671194278,0.0504394526038611,0.349618321997851,1099,0.354332694587655,FALSE,"CD8 Tem"
0.121742686808857,10.8337393333805,2.70752508380677,0.139966657834369,0.514132868189603,1100,0.518492396790831,FALSE,"CD8 Tem"
0.124585789025628,10.7999961993832,5.19815571569741,0.105818851263167,0.462559659046043,1101,0.467390284522698,FALSE,"CD8 Tem"
0.0773520040987704,10.7669378509818,1.32734993482834,0.345595204121659,0.722772837283569,1102,0.724635804540513,FALSE,"CD8 Tem"
0.0469247386292967,10.8029038126567,0.579609667857663,0.749627470709923,0.965703785073184,1103,0.965323897931631,FALSE,"CD8 Tem"
-0.0126949174532838,10.7520783209841,0.00465883918588386,0.989733144219047,0.999555952465987,1104,0.99933775641114,FALSE,"CD8 Tem"
0.0338750452964364,10.9887416817816,0.365448020350648,0.551747910812243,0.875530376386129,1105,0.875852645992468,FALSE,"CD8 Tem"
0.0637856943404461,10.7880872842635,0.744913560216762,0.855157564844968,0.99428967969476,1106,0.993016433540451,FALSE,"CD8 Tem"
0.104213223345762,11.163803484737,1.58147384841536,0.405934324767317,0.774723243534177,1107,0.775604179070345,FALSE,"CD8 Tem"
0.205756577051953,10.879245362537,9.00176617623189,0.0113912883293687,0.201552263190181,1108,0.206351178039626,FALSE,"CD8 Tem"
0.0597786246468833,10.7823138628421,0.650094341497255,0.714849016380808,0.954294711592175,1109,0.954163312121904,FALSE,"CD8 Tem"
0.115043897869654,10.8454665189606,2.69166267454611,0.429941784525257,0.791199470247217,1110,0.791885457859718,FALSE,"CD8 Tem"
0.12689726959974,11.1448939645466,2.22564329663665,0.135736690803965,0.509944546792602,1111,0.514475395465143,FALSE,"CD8 Tem"
0.0789599203947274,11.0109909149732,0.864754354897883,0.352412042856471,0.729122958774664,1112,0.730906512286367,FALSE,"CD8 Tem"
0.137505972331479,10.8729091149302,2.86850209952762,0.0903294768814083,0.435181783790874,1113,0.440182176160435,FALSE,"CD8 Tem"
0.20183629543577,10.8148409645612,7.32586171288447,0.00679714881439904,0.169550000077481,1114,0.173258886359692,FALSE,"CD8 Tem"
0.134384260418985,10.7726917258419,3.34744987921487,0.0900695673374348,0.435008886486406,1115,0.439997721403785,FALSE,"CD8 Tem"
-0.0809994285472454,10.8708285854017,1.17376805561145,0.290504481435604,0.671872870789157,1116,0.674405708762762,FALSE,"CD8 Tem"
0.117076600964873,10.8172832246312,2.89934378717724,0.0889063924801211,0.432099654392957,1117,0.436922888985319,FALSE,"CD8 Tem"
0.106088337019068,10.8398597518479,1.39782193267388,0.237089107322158,0.614722706945969,1118,0.617526726700462,FALSE,"CD8 Tem"
0.161903032155967,10.7941565749461,5.16330546887861,0.0602481070149934,0.374999933269983,1119,0.380253392269513,FALSE,"CD8 Tem"
-0.0412154359125515,10.8851378636804,0.142085575908845,0.706216554917771,0.949035884693023,1120,0.949147273499011,FALSE,"CD8 Tem"
0.192353286366949,10.9425067678039,6.20891271184311,0.203983707212647,0.58491259078053,1121,0.58825431173363,FALSE,"CD8 Tem"
0.0489268222341267,10.901902934955,0.381429697730511,0.610754235699107,0.908416357606827,1122,0.908496889952051,FALSE,"CD8 Tem"
0.138653601069274,10.9211298531066,3.83781938340557,0.05010916049038,0.349618321997851,1123,0.354332694587655,FALSE,"CD8 Tem"
-0.0229549331201451,10.8035278962423,0.0360156417154695,0.990236615608635,0.999555952465987,1124,0.99933775641114,FALSE,"CD8 Tem"
0.131713754721517,10.9119152530425,1.72402357981505,0.189176498394457,0.575836750775662,1125,0.579836033432673,FALSE,"CD8 Tem"
0.164373918972747,10.9198172085064,5.37694868651927,0.0204049036929092,0.242705906983609,1126,0.248523388346185,FALSE,"CD8 Tem"
0.0490483061799948,10.8759235221218,0.367931308610206,0.544134300136169,0.869461614536783,1127,0.869758178048409,FALSE,"CD8 Tem"
0.134738861869773,10.9007123003751,3.21004050271428,0.486151665155119,0.833428453607246,1128,0.833942096652311,FALSE,"CD8 Tem"
0.00667009426372175,10.8312363481245,0.226687415882198,0.787865517773782,0.976122142558833,1129,0.975523036436717,FALSE,"CD8 Tem"
0.0768050596275416,10.9641139019545,1.24065139704443,0.608328702987347,0.907220950437234,1130,0.90724261069914,FALSE,"CD8 Tem"
-0.132694761199205,10.8730805717097,2.49159753633537,0.114456074975669,0.48218768542739,1131,0.486847708386775,FALSE,"CD8 Tem"
0.052688533331855,10.7628473785925,0.846355541250942,0.739351057003351,0.962418630316984,1132,0.96200804236396,FALSE,"CD8 Tem"
0.184828788488778,10.7733981446696,2.64060341906402,0.326187892377022,0.70507048675377,1133,0.707138407969623,FALSE,"CD8 Tem"
0.190839584574885,10.8561097342123,7.30776593246175,0.00812718531321897,0.171348640158618,1134,0.175533404150049,FALSE,"CD8 Tem"
0.259817116497493,10.7977916559284,12.9114542343941,0.000326606260706647,0.0371184170601057,1135,0.0385177421221443,TRUE,"CD8 Tem"
0.100245339768612,11.1444967005177,1.40276213921861,0.287920074999482,0.669865916349599,1136,0.672591714391557,FALSE,"CD8 Tem"
0.118365153852042,10.8244462421503,3.00538786923115,0.178508596783554,0.568132206150046,1137,0.572044926624278,FALSE,"CD8 Tem"
-0.0816480801425716,10.7967984985865,2.29636450623966,0.185149544866814,0.572836490194472,1138,0.576966921832522,FALSE,"CD8 Tem"
0.111879922264866,10.8410893186745,2.2456226983636,0.141977329755951,0.516291290613706,1139,0.520708636522889,FALSE,"CD8 Tem"
-0.012000703382222,10.8150570594177,0.000872651597636887,0.976433388363969,0.999555952465987,1140,0.99933775641114,FALSE,"CD8 Tem"
0.110369956378923,10.7996983033846,2.21958429999466,0.323816558857233,0.704100427884521,1141,0.706241136094573,FALSE,"CD8 Tem"
0.0766679286153009,11.0022500434197,0.793095422562388,0.504996673886258,0.847385920917149,1142,0.848236288887234,FALSE,"CD8 Tem"
-0.0582724440830568,10.8303514650797,0.803436341960892,0.423784082671226,0.788092670333415,1143,0.789008891146455,FALSE,"CD8 Tem"
0.168198383068091,10.8764084693446,5.09218095203277,0.0240343430110212,0.261788593312083,1144,0.267212294032301,FALSE,"CD8 Tem"
0.221407827535696,10.9582942786932,8.80071729973674,0.00431944788567837,0.140487777036994,1145,0.145575337301113,FALSE,"CD8 Tem"
0.086573721319657,11.0889877295964,1.07398516675449,0.300047483366301,0.67908556940957,1146,0.681342333306563,FALSE,"CD8 Tem"
0.231191079679163,10.9689872422261,8.49201564663078,0.00356722919274017,0.128703883958401,1147,0.133411365977233,FALSE,"CD8 Tem"
-0.028845599977643,10.7680578003435,0.309954422388256,0.729098288848459,0.96088934145692,1148,0.960718324905553,FALSE,"CD8 Tem"
0.0317308518794056,11.1413539404312,0.10869344038443,0.741636693368295,0.963714602055123,1149,0.96320581145342,FALSE,"CD8 Tem"
-0.0697002647765799,10.9316224668988,0.639204608782229,0.423999315640169,0.788177784589298,1150,0.789043019893939,FALSE,"CD8 Tem"
0.166558344196281,10.7848367346059,5.66315999675949,0.0173252240163831,0.231753481548512,1151,0.237242506178884,FALSE,"CD8 Tem"
0.0563653018097533,10.963481953665,0.47870036490435,0.489011883564239,0.834946501636299,1152,0.835507855722449,FALSE,"CD8 Tem"
0.0948385111764153,10.9112128954721,1.46126860259619,0.226728905893751,0.606223555422589,1153,0.609243256218417,FALSE,"CD8 Tem"
0.0259242635079883,10.8165926831559,0.122561305994302,0.726273115278421,0.95918204286153,1154,0.959068036710422,FALSE,"CD8 Tem"
0.00690599536278536,10.8044233045015,4.74520104450925e-06,0.998261931746204,0.999760546979964,1155,0.99976067537197,FALSE,"CD8 Tem"
0.0242523678661348,10.8161337575942,0.10615865393846,0.744560692646176,0.96478782411957,1156,0.964406466172227,FALSE,"CD8 Tem"
-0.0376067503828069,10.7709742878806,0.583423467730623,0.444973882013865,0.805734821503947,1157,0.806198794445517,FALSE,"CD8 Tem"
0.108544952840026,11.0986793089877,1.66953948858108,0.196320776233192,0.579995084334507,1158,0.583373446113157,FALSE,"CD8 Tem"
0.0970581937605923,11.0293816022945,2.04270166977978,0.152938382431159,0.5350471398589,1159,0.539651428636991,FALSE,"CD8 Tem"
0.0976018440789382,11.0048763452307,1.44857969636305,0.228756512590794,0.607275422408553,1160,0.610100365042773,FALSE,"CD8 Tem"
-0.00687688734969728,10.8516657555051,0.0147275949230843,0.924953998431376,0.998052981074555,1161,0.997419013883782,FALSE,"CD8 Tem"
0.122175909300891,10.821558507072,3.05863440077713,0.151482354803632,0.532535474067796,1162,0.537041760980252,FALSE,"CD8 Tem"
0.0835530723186088,10.910552411512,1.27876523895426,0.423125043118096,0.787269534492703,1163,0.788198807658795,FALSE,"CD8 Tem"
0.0495015134999803,10.7729313305126,0.476653903280051,0.489942177469325,0.835921154589079,1164,0.836535786735958,FALSE,"CD8 Tem"
0.117124902844156,10.8395287342157,2.93518766387618,0.0866691601805952,0.427917477706951,1165,0.432711273802828,FALSE,"CD8 Tem"
0.123176458555964,11.1193672563154,2.29891002432885,0.129465402342176,0.504519775991386,1166,0.508704233428601,FALSE,"CD8 Tem"
0.188196283854152,10.787847669511,12.9008987506987,0.00267877404303979,0.11753752900168,1167,0.121620833809054,FALSE,"CD8 Tem"
0.0161256977930563,10.9520796080627,0.054444372255429,0.815502784470434,0.986097480265699,1168,0.985339632184831,FALSE,"CD8 Tem"
0.0252903987609948,10.8688300443128,0.128088387902252,0.942545601097521,0.998052981074555,1169,0.997419013883782,FALSE,"CD8 Tem"
0.151420016633374,10.8938935500486,2.30070340832023,0.129316005652025,0.504519775991386,1170,0.508704233428601,FALSE,"CD8 Tem"
0.0866919249246808,10.9114637462355,1.47190343226828,0.225046141575601,0.60537281924125,1171,0.608444381579372,FALSE,"CD8 Tem"
-0.0393282164111533,11.0897275552435,0.178760767753449,0.6724405541809,0.934198289144937,1172,0.933615819388617,FALSE,"CD8 Tem"
0.0129005055079549,10.927556652344,0.0083486453754341,0.9490152633568,0.998155886516222,1173,0.997808704959348,FALSE,"CD8 Tem"
0.0912078271193624,10.8019592235285,1.81958374768433,0.272885018575206,0.65422073267695,1174,0.656871848491189,FALSE,"CD8 Tem"
-0.00522325615562803,10.8391074396281,0.160794120811082,0.718990192809204,0.954832685278545,1175,0.954635794023276,FALSE,"CD8 Tem"
0.0679520725315196,11.1234935004746,0.709547423161452,0.399594467587432,0.767030073771831,1176,0.767913186660818,FALSE,"CD8 Tem"
0.204432016878443,10.9858657629512,7.05009650208236,0.0241066063880657,0.26196221100676,1177,0.267299999272744,FALSE,"CD8 Tem"
0.0929589808751442,10.9775263167157,1.10434553930889,0.293314880802435,0.674168745722128,1178,0.676797915230303,FALSE,"CD8 Tem"
0.061602034844833,10.8123799882666,0.66900708933888,0.546916859965276,0.871234737040745,1179,0.871494096330556,FALSE,"CD8 Tem"
0.265789169590847,10.960552696372,11.2949804985699,0.000777222591088549,0.0617230875521133,1180,0.0641896880187519,TRUE,"CD8 Tem"
-0.104776235788657,10.7834294870656,1.52198350176026,0.240803880871587,0.618178842583216,1181,0.621272721048706,FALSE,"CD8 Tem"
0.156327532227832,11.162521708824,3.39996506709728,0.0651983431128494,0.383359663486552,1182,0.388255701147403,FALSE,"CD8 Tem"
0.0535025108242159,10.8730959917395,0.987946830650516,0.514906504268787,0.85265158685621,1183,0.853389650700993,FALSE,"CD8 Tem"
0.0438931349057861,10.891344488339,0.29801662080745,0.585128725039277,0.897844206456172,1184,0.89804355881977,FALSE,"CD8 Tem"
0.0722516177784436,10.8627421775605,1.11117687980009,0.716563341539255,0.954763335085568,1185,0.954635794023276,FALSE,"CD8 Tem"
0.106508169613133,10.9574893734752,1.86476686524562,0.372649786848705,0.745139363126967,1186,0.746723849092371,FALSE,"CD8 Tem"
0.156489644448381,10.754531404622,5.36524006195682,0.0205423302160748,0.242705906983609,1187,0.248523388346185,FALSE,"CD8 Tem"
0.0693137121363318,10.8529645470596,1.27358175540612,0.259096316473446,0.638488835195805,1188,0.641171250443354,FALSE,"CD8 Tem"
0.100868919879155,11.1598490143631,1.69783789494822,0.192571527552177,0.576599573945387,1189,0.580113962772058,FALSE,"CD8 Tem"
0.0355442933229987,10.8887552804751,0.297344147798731,0.983699009580663,0.999555952465987,1190,0.99933775641114,FALSE,"CD8 Tem"
0.018460596203282,11.0382350440455,0.0876149668522382,0.767231527120641,0.970648162533933,1191,0.969932820526043,FALSE,"CD8 Tem"
0.0800577373158064,10.9256589489437,0.822679761842887,0.364398231356294,0.739169033499065,1192,0.740975952276615,FALSE,"CD8 Tem"
0.0524069111553198,11.100614879027,0.390925970752066,0.531813335632768,0.86341593293193,1193,0.863985637478272,FALSE,"CD8 Tem"
0.00427352377002072,10.9332090527983,0.0060831643920367,0.937832342674124,0.998052981074555,1194,0.997419013883782,FALSE,"CD8 Tem"
-0.0397054236875184,11.1049397026742,0.193657557031518,0.65988991491968,0.929231891512919,1195,0.928722375721776,FALSE,"CD8 Tem"
-0.0622683321821751,10.7846664109109,0.955149428237151,0.697095221385536,0.944418839109854,1196,0.944461858178249,FALSE,"CD8 Tem"
0.179917495029696,10.9436907285186,4.72321046834066,0.102913909138258,0.458823177154036,1197,0.463816378642694,FALSE,"CD8 Tem"
0.0642870461269083,10.9780092712837,0.53452878583934,0.464709376994347,0.819318920546137,1198,0.819759213172029,FALSE,"CD8 Tem"
0.158258660518703,10.9611526741082,3.57644427867112,0.0621793883811144,0.376439717295839,1199,0.381386023832043,FALSE,"CD8 Tem"
-0.0225858252864251,10.8358331723262,0.0792487723741354,0.778318150879853,0.971800730132133,1200,0.971141038125954,FALSE,"CD8 Tem"
0.090022358386781,10.8868218345411,2.24587454767905,0.133971726353764,0.509557971779627,1201,0.514125468561139,FALSE,"CD8 Tem"
0.153649960628394,10.9280936908444,4.64513257988389,0.0311421686774323,0.290819540439759,1202,0.295245166270196,FALSE,"CD8 Tem"
0.0659487151721209,10.9328745732826,1.01035381923574,0.314818536753655,0.694805718121694,1203,0.696903104135151,FALSE,"CD8 Tem"
0.0634442998664323,11.0030343317041,0.531020087907425,0.466178622450367,0.819424328426552,1204,0.819759213172029,FALSE,"CD8 Tem"
-0.00590700077659306,10.7857888719583,0.00334329092215673,0.969224423083112,0.999555952465987,1205,0.99933775641114,FALSE,"CD8 Tem"
0.124899593464114,10.778717898575,3.1485157305399,0.191291055861002,0.576599573945387,1206,0.580113962772058,FALSE,"CD8 Tem"
0.0712983718225411,11.2675535900229,0.744146600077811,0.523238003243166,0.858806672494498,1207,0.859714948984055,FALSE,"CD8 Tem"
0.127428199710781,10.8226236793324,2.65619455406148,0.103147821770695,0.458823177154036,1208,0.463816378642694,FALSE,"CD8 Tem"
0.113892933319664,10.9058300234953,2.38912237808364,0.122182786147658,0.492863953488949,1209,0.497167463666622,FALSE,"CD8 Tem"
0.119298826840892,10.8200480916305,3.48495358999557,0.134101900246233,0.509557971779627,1210,0.514125468561139,FALSE,"CD8 Tem"
0.0299129586082968,10.7749983824418,0.0142559655692036,0.904959813901689,0.998052981074555,1211,0.997419013883782,FALSE,"CD8 Tem"
-0.0473077635914836,10.8085038043938,0.323875423026847,0.569288147772197,0.887867240180919,1212,0.888114261869138,FALSE,"CD8 Tem"
0.041270030341136,10.7826016973799,0.627473048628469,0.554445329622137,0.878413806752347,1213,0.878889879071442,FALSE,"CD8 Tem"
0.144136695628554,10.9893336125586,3.59337769474532,0.0882507445807406,0.431615011138945,1214,0.436535223031574,FALSE,"CD8 Tem"
-0.0379713600251407,10.8663127482614,0.14508429602365,0.878258268731849,0.998052981074555,1215,0.997196667792019,FALSE,"CD8 Tem"
0.0812135801464154,10.9057092256983,1.03217887873777,0.309647912299562,0.687821838696348,1216,0.690061233964493,FALSE,"CD8 Tem"
0.0249917168542139,10.8583181396986,0.000661483965261401,0.979481214817534,0.999555952465987,1217,0.99933775641114,FALSE,"CD8 Tem"
0.111615138334579,10.8399026917501,1.81692216740213,0.274550115158308,0.655544230222979,1218,0.65835908217154,FALSE,"CD8 Tem"
0.131897792081521,10.9046103533484,2.88500590703681,0.089408250223283,0.433118894047371,1219,0.437951564841367,FALSE,"CD8 Tem"
-0.0126038826731466,10.8514653118706,0.0422992119207641,0.851536443420871,0.994123106138315,1220,0.992964235102643,FALSE,"CD8 Tem"
0.167073860586336,10.9598798502496,4.77732982817033,0.0288372263212361,0.281768780714431,1221,0.286872727453493,FALSE,"CD8 Tem"
-0.114843737335848,10.8075059947254,1.54939930439167,0.21322467778634,0.59454914651335,1222,0.597649523315221,FALSE,"CD8 Tem"
0.0618291063050223,10.8114333039604,0.490472921085893,0.777084738832572,0.971234994381042,1223,0.970564433794104,FALSE,"CD8 Tem"
0.112728268500114,10.9295616397585,1.6786965209498,0.651076724940084,0.927632396570189,1224,0.927184458408043,FALSE,"CD8 Tem"
-0.00836070751165038,10.9288263247257,0.00088510015720982,0.976265941478259,0.999555952465987,1225,0.99933775641114,FALSE,"CD8 Tem"
0.0754316495250671,10.8582735687163,0.685585670430997,0.437550950824843,0.798381210094493,1226,0.799087518114527,FALSE,"CD8 Tem"
-0.0416093759666276,10.8007490683886,0.311439867039743,0.576798196182542,0.892480807455644,1227,0.892559657987269,FALSE,"CD8 Tem"
0.107992726475372,10.8364884277836,2.22879724566077,0.135459838318094,0.509727919107974,1228,0.514315690207773,FALSE,"CD8 Tem"
0.0158592949145678,10.9243287478153,0.0757865452177473,0.783090814845718,0.973176725038822,1229,0.972570558146486,FALSE,"CD8 Tem"
0.0742481394255305,10.9105909935759,0.361825381193525,0.705404243784669,0.948492378676639,1230,0.948611659496324,FALSE,"CD8 Tem"
-0.119262644402237,10.8030887521235,3.03069721504014,0.158548707393443,0.542662111952426,1231,0.547472934760882,FALSE,"CD8 Tem"
0.0283657553624862,10.8422298586442,0.16821725147734,0.681701238436924,0.937900197737463,1232,0.93763241374489,FALSE,"CD8 Tem"
-0.0167861008607918,10.9300695320103,0.00130724917985523,0.971158062115094,0.999555952465987,1233,0.99933775641114,FALSE,"CD8 Tem"
0.0650982057003782,10.811144267462,0.996294131028682,0.911812412056847,0.998052981074555,1234,0.997419013883782,FALSE,"CD8 Tem"
-0.0426597437937852,11.0939830784242,0.318190898306009,0.572697114937118,0.889947972459919,1235,0.889967021122092,FALSE,"CD8 Tem"
0.145034351769175,10.829959507566,4.21968774542088,0.0727330420920213,0.400807320817525,1236,0.405623059758876,FALSE,"CD8 Tem"
-0.0225683717563062,11.0348638934863,0.0467451295968668,0.828827086337423,0.991750133480293,1237,0.99056017316442,FALSE,"CD8 Tem"
0.150552895213874,10.9392473702132,4.59356095089714,0.0320927151949269,0.296166702749143,1238,0.300538695637516,FALSE,"CD8 Tem"
0.136679017239287,10.97706432248,3.05276289273382,0.105159345870298,0.462000037709779,1239,0.466764905023896,FALSE,"CD8 Tem"
-0.0130418375148351,10.8954255910219,0.00142321337949361,0.969906557934863,0.999555952465987,1240,0.99933775641114,FALSE,"CD8 Tem"
0.0327028952360577,10.9252237688012,0.169020519646296,0.744693098585389,0.96478782411957,1241,0.964406466172227,FALSE,"CD8 Tem"
0.102299088168571,10.8854822975645,1.75585145153511,0.185143367566729,0.572836490194472,1242,0.576966921832522,FALSE,"CD8 Tem"
0.154367278797306,11.0178131497626,3.6570062449634,0.055834397444482,0.363705577751101,1243,0.368332874933353,FALSE,"CD8 Tem"
0.105003599305821,10.8833989021174,1.64491541609952,0.878383708706665,0.998052981074555,1244,0.997196667792019,FALSE,"CD8 Tem"
0.156538016219438,10.788249395427,4.80006039084923,0.0467596689107977,0.339811281412688,1245,0.345094563683057,FALSE,"CD8 Tem"
0.164232402499925,10.8866671704341,4.45361283789463,0.0348279465811411,0.312109401828299,1246,0.316625330505942,FALSE,"CD8 Tem"
-0.00390676837470275,11.0845487210149,0.0174097901278159,0.895026923196853,0.998052981074555,1247,0.997419013883782,FALSE,"CD8 Tem"
0.0289311376423951,11.1304688740763,0.114126767195121,0.735494043178836,0.96214215890554,1248,0.961738479072421,FALSE,"CD8 Tem"
0.028514810707331,10.9141603640719,0.0709614727493169,0.789942087964004,0.97701698175303,1249,0.976438309620639,FALSE,"CD8 Tem"
-0.000202328872968497,10.8752637244584,0.00212445019993059,0.969595947155132,0.999555952465987,1250,0.99933775641114,FALSE,"CD8 Tem"
0.117193783812046,10.7507508680927,4.37823550437655,0.417144233778915,0.78363797275232,1251,0.784412444247541,FALSE,"CD8 Tem"
0.0593192382316978,11.0288052837304,0.547306853709696,0.459420524111437,0.815463881778145,1252,0.816042935829816,FALSE,"CD8 Tem"
-0.0291963792003542,10.8112142405909,0.186945424431783,0.665471338952231,0.931980487042104,1253,0.931551799415235,FALSE,"CD8 Tem"
0.211929417186864,10.8744386875969,6.77915430943069,0.0571155381147074,0.367245345658059,1254,0.372151520595126,FALSE,"CD8 Tem"
0.0192968011101068,11.1000952592329,0.0250713503412904,0.874189459716398,0.998052981074555,1255,0.997196667792019,FALSE,"CD8 Tem"
0.118750302628699,10.8072130685851,3.01523795654601,0.082485914217123,0.420199328613186,1256,0.425030673253497,FALSE,"CD8 Tem"
0.134840785165712,11.1729924873256,2.57831490370565,0.168717601852373,0.558241996189635,1257,0.562414526707167,FALSE,"CD8 Tem"
0.0319412288902916,10.8869103127803,0.113045521204734,0.7367032708182,0.962347129236196,1258,0.961932074408799,FALSE,"CD8 Tem"
0.135036950725204,10.810981489754,2.27825335787737,0.242496033753478,0.621135184130037,1259,0.624272425206648,FALSE,"CD8 Tem"
0.021344596192026,10.8144126053825,0.0707674871389127,0.886514097541151,0.998052981074555,1260,0.997419013883782,FALSE,"CD8 Tem"
0.121047115162729,10.7894832282926,2.61817961377701,0.18455383751454,0.572836490194472,1261,0.576966921832522,FALSE,"CD8 Tem"
0.106094675909939,10.8333308674175,1.92589994448666,0.165208278672884,0.553365412957612,1262,0.557694885675451,FALSE,"CD8 Tem"
0.098667717021405,10.7996202876329,2.31748344890146,0.291738228551248,0.672385778489522,1263,0.67499185863568,FALSE,"CD8 Tem"
0.109031402482289,10.8671350553174,1.94468674487538,0.163161126266566,0.551382534662034,1264,0.555856691212181,FALSE,"CD8 Tem"
0.0185735902534162,10.7912655154072,0.0261035410880888,0.871647769732974,0.996811845839209,1265,0.995801171688638,FALSE,"CD8 Tem"
0.0749452445943232,10.8850237070698,0.721571337200493,0.3956293390058,0.764815867885444,1266,0.765943574243113,FALSE,"CD8 Tem"
0.100798005891159,10.8832225870896,1.8896941867472,0.169236984439343,0.558241996189635,1267,0.562423374996589,FALSE,"CD8 Tem"
0.0396979354784896,10.8635921198965,1.2780659536624,0.994895137766093,0.999555952465987,1268,0.999488816091444,FALSE,"CD8 Tem"
0.0619914137633863,10.9362757103011,0.727644863260973,0.428085792491443,0.790549451040726,1269,0.791272918093413,FALSE,"CD8 Tem"
0.0764242946436219,10.9205252129348,0.97460185806043,0.49845049894746,0.842387595481276,1270,0.843282980488932,FALSE,"CD8 Tem"
0.117036649741273,10.9373482466285,2.21339593648669,0.182251359322544,0.57160004336805,1271,0.575358429064667,FALSE,"CD8 Tem"
0.0223822929800988,10.788580835364,0.157214720974645,0.691734065099178,0.943653338612688,1272,0.943655989081632,FALSE,"CD8 Tem"
0.112010836084164,10.8398331599709,2.3889487325329,0.224862693474793,0.605267397320422,1273,0.608388852145834,FALSE,"CD8 Tem"
0.0967856956155047,10.7788661087798,1.90144634047301,0.364808976947484,0.739290760129234,1274,0.741085458886392,FALSE,"CD8 Tem"
0.216429597428073,11.0902918392349,7.82570382393092,0.00515101936560242,0.151629057401372,1275,0.155596101287736,FALSE,"CD8 Tem"
-0.0437072845868451,10.8460558819692,0.325675885549356,0.568216681523853,0.887135208381148,1276,0.88734544571257,FALSE,"CD8 Tem"
-0.0481089648344363,10.8372519977061,0.255198698081872,0.718896489916069,0.954832685278545,1277,0.954635794023276,FALSE,"CD8 Tem"
0.0395871804914743,10.7827216177078,0.410953065347415,0.918464860141442,0.998052981074555,1278,0.997419013883782,FALSE,"CD8 Tem"
0.0408073303842121,11.0375758984615,0.286620024288122,0.592394903217699,0.901375254684607,1279,0.901610060627415,FALSE,"CD8 Tem"
0.0314240427729431,10.769352282912,0.929015472965238,0.484445036779873,0.832036139609746,1280,0.832490204374975,FALSE,"CD8 Tem"
0.241240979200365,10.8994773743179,9.12955095202421,0.17839131196093,0.568132206150046,1281,0.572044926624278,FALSE,"CD8 Tem"
0.100507621446452,10.9287693357185,1.88417363717356,0.169861109613642,0.559111125840798,1282,0.5633401376737,FALSE,"CD8 Tem"
0.0164297709058917,10.8893638425797,0.0619163553774306,0.868534258242801,0.995699491024715,1283,0.994636546052096,FALSE,"CD8 Tem"
0.110685997222528,10.9145715792846,1.80043837228221,0.189327912711581,0.57590851669167,1284,0.579892292595667,FALSE,"CD8 Tem"
0.141285451387736,10.9219452571919,3.05125774453966,0.0806752081945816,0.417179361191904,1285,0.421941489479762,FALSE,"CD8 Tem"
0.0181429688222933,10.9302056688909,0.0412280003070479,0.839098533989425,0.99333103191068,1286,0.991993002570708,FALSE,"CD8 Tem"
0.143545100080983,10.9414258216447,3.04932252251862,0.354473568971415,0.73133540778137,1287,0.733151313147778,FALSE,"CD8 Tem"
-0.0455807599419987,10.797462463109,0.408214216873732,0.581634623835019,0.895459329843321,1288,0.895675533631325,FALSE,"CD8 Tem"
-0.0836660868620865,10.9733566810619,0.813909644030852,0.537828104959295,0.8655496595729,1289,0.866189408133301,FALSE,"CD8 Tem"
0.119366944756377,10.7594715401165,3.33970046542877,0.366002614372392,0.740290916506937,1290,0.742088864471848,FALSE,"CD8 Tem"
0.0756709032934295,10.8119780194295,0.946537255727122,0.330602710501642,0.706718064262907,1291,0.708624245752453,FALSE,"CD8 Tem"
-0.0242170892378178,10.8026923503587,0.134345468695832,0.71396852396162,0.953857245080263,1292,0.953695464360168,FALSE,"CD8 Tem"
0.063540912814011,10.9569002718471,0.401925947313364,0.717623702379428,0.954832685278545,1293,0.954635794023276,FALSE,"CD8 Tem"
0.0145295985023883,10.8429803434323,0.0152149437706205,0.928973249895799,0.998052981074555,1294,0.997419013883782,FALSE,"CD8 Tem"
-0.0818138628265067,10.830538312654,1.35794895120583,0.254437601296575,0.632828493919985,1295,0.63565062251677,FALSE,"CD8 Tem"
-0.0493439279225332,11.0681770250678,0.279515298722244,0.597019298805827,0.902396674601085,1296,0.902573261897596,FALSE,"CD8 Tem"
0.093546302493012,10.8056479507775,1.63795143256073,0.445680927449101,0.805933901075338,1297,0.806505507634035,FALSE,"CD8 Tem"
0.108396615294632,10.9791594875284,1.6908902309594,0.19348420942832,0.576599573945387,1298,0.580113962772058,FALSE,"CD8 Tem"
0.0691067762582472,10.8253725946777,1.04918571639491,0.712749874973838,0.953682298188527,1299,0.95350186484985,FALSE,"CD8 Tem"
0.0936215963965389,10.9273397807656,1.53101401269905,0.215960857215965,0.596583663229872,1300,0.59947044222086,FALSE,"CD8 Tem"
-0.00514625565368885,10.8943675282721,0.0175694728414508,0.894549415084934,0.998052981074555,1301,0.997419013883782,FALSE,"CD8 Tem"
0.0399282188438275,10.8039739042463,0.273849816753648,0.600761109168653,0.903667502827751,1302,0.90394878965839,FALSE,"CD8 Tem"
-0.0360938328793943,10.7834572676071,0.44113818997785,0.878307203097179,0.998052981074555,1303,0.997196667792019,FALSE,"CD8 Tem"
0.198332319140422,10.8589768512923,7.33629621412752,0.00675780445352689,0.169550000077481,1304,0.173258886359692,FALSE,"CD8 Tem"
0.00251720807645571,10.8935792170217,0.0304284533810167,0.861521683246884,0.99428967969476,1305,0.993016433540451,FALSE,"CD8 Tem"
0.119290692121053,11.0684176010495,2.33021499415302,0.126884932854972,0.500661179623805,1306,0.504789970179585,FALSE,"CD8 Tem"
0.173731962833785,10.9399776286284,4.66737980259089,0.0307412280846877,0.290819540439759,1307,0.295245166270196,FALSE,"CD8 Tem"
0.00485480873060755,10.8031868704318,0.00988416167220291,0.920805538027185,0.998052981074555,1308,0.997419013883782,FALSE,"CD8 Tem"
0.141244259780876,10.8914188930637,2.36516822530375,0.124071119267525,0.497032537220724,1309,0.501275322579152,FALSE,"CD8 Tem"
-0.0251230346265637,10.8589446590954,0.0394478065020415,0.842564213298178,0.993853213321784,1310,0.992631403155083,FALSE,"CD8 Tem"
0.121856962863508,10.8299403523792,2.61465145168827,0.200134110792146,0.582367101201686,1311,0.585745807576603,FALSE,"CD8 Tem"
0.125311409116697,10.9874400960673,2.49970751000421,0.351912858482195,0.729122958774664,1312,0.730906512286367,FALSE,"CD8 Tem"
0.111087035157767,10.9049142269988,2.70498670509039,0.100035493554033,0.454536229041626,1313,0.459569279484221,FALSE,"CD8 Tem"
-0.0457894594393655,10.8940727602591,0.231456094717916,0.630446445280245,0.921438654169725,1314,0.921634162317894,FALSE,"CD8 Tem"
0.17365979067313,10.8122713317729,5.34646565860054,0.0207646913925454,0.242705906983609,1315,0.248523388346185,FALSE,"CD8 Tem"
0.0948608421843662,10.8086798692615,1.8878802161606,0.171399451456847,0.560998486084304,1316,0.565274631330499,FALSE,"CD8 Tem"
0.138304132364265,10.8191825522718,3.16786883599735,0.140792766887897,0.515467828335588,1317,0.519846388999158,FALSE,"CD8 Tem"
0.0963160330668608,10.9218864883358,1.61716035787423,0.203488733646658,0.584388947291884,1318,0.587755887739446,FALSE,"CD8 Tem"
0.155285396212344,10.860410482609,3.42728505841171,0.0641279817178171,0.380918573396637,1319,0.386024119588441,FALSE,"CD8 Tem"
0.0823616693845754,10.9926990498542,0.990712277008971,0.319568792656464,0.701895916073778,1320,0.703930188370752,FALSE,"CD8 Tem"
0.0700252108260754,10.8786663575344,0.83118376834598,0.36193085714386,0.738955406749821,1321,0.740672667777135,FALSE,"CD8 Tem"
-0.00263445637655419,10.8110568677653,0.0343093792191992,0.853050346648755,0.99428967969476,1322,0.993016433540451,FALSE,"CD8 Tem"
0.0132928563368178,10.8239500619826,0.316974509363573,0.670916730524543,0.934198289144937,1323,0.933615819388617,FALSE,"CD8 Tem"
0.001851554796992,10.8896938775057,0.0305290280127984,0.861295332687362,0.99428967969476,1324,0.993016433540451,FALSE,"CD8 Tem"
0.121695981287761,10.8443610164973,2.95668880643779,0.205527912503684,0.586018409042695,1325,0.589234214972733,FALSE,"CD8 Tem"
0.0258508499200501,10.8288164928272,0.0904651865251853,0.829504688778378,0.991750133480293,1326,0.99056017316442,FALSE,"CD8 Tem"
0.109069705692517,10.9342540439748,2.20963904893401,0.137151337004568,0.511808288764961,1327,0.516118931760863,FALSE,"CD8 Tem"
0.260081259414249,10.8020592296208,12.3087522979955,0.000664784595438476,0.0581581524947486,1328,0.0606149247042373,TRUE,"CD8 Tem"
0.178258635785428,10.8556474940948,5.5445809940301,0.0185383475110025,0.236731315708715,1329,0.242199764357736,FALSE,"CD8 Tem"
-0.108428551802158,10.9290212996897,0.928437625195607,0.335269664710638,0.711052991595612,1330,0.712890460141446,FALSE,"CD8 Tem"
0.14256366781367,10.7795536505162,4.13047238139046,0.0421180770537652,0.333874166694882,1331,0.339042921969161,FALSE,"CD8 Tem"
0.12416282712073,10.8991997504606,2.33236078689345,0.170882824039553,0.560998486084304,1332,0.565274631330499,FALSE,"CD8 Tem"
0.226694566809183,10.7943130390346,10.4590294455388,0.00356972716203692,0.128703883958401,1333,0.133411365977233,FALSE,"CD8 Tem"
0.0637308072977496,10.8012979047757,0.52391149369193,0.469178213887918,0.819976499333226,1334,0.820261021077938,FALSE,"CD8 Tem"
0.0232970626290925,10.8365271794943,0.101438409123406,0.822016984682222,0.988673647726148,1335,0.98783368811259,FALSE,"CD8 Tem"
-0.0951713216807441,10.7610487152722,0.933204933618999,0.33403193683232,0.70972249347059,1336,0.711602020028378,FALSE,"CD8 Tem"
0.132206053208296,11.0683852676424,2.69691906648911,0.100542944821379,0.455666255397443,1337,0.460631398735307,FALSE,"CD8 Tem"
-0.0715196973116506,10.9785967161639,0.480176483129179,0.488342683624465,0.834745502079007,1338,0.83536336200657,FALSE,"CD8 Tem"
-0.0413439239144539,10.7910443458402,0.900321077109385,0.836738597325581,0.993026592539239,1339,0.991818437237893,FALSE,"CD8 Tem"
-0.0574370071197847,10.8431530102468,0.360032532198512,0.548488418361906,0.871831262149972,1340,0.872152764518051,FALSE,"CD8 Tem"
-0.0238237728266462,10.7831791863084,0.219831241265301,0.679613966017037,0.936726502424044,1341,0.936442411439238,FALSE,"CD8 Tem"
-0.0517283542762353,10.9870835560468,0.446864290376685,0.503828110139995,0.847176184189413,1342,0.847948655455136,FALSE,"CD8 Tem"
0.153341555481545,10.982847283233,3.33231047597742,0.0783476107288335,0.412439231701052,1343,0.417243642719469,FALSE,"CD8 Tem"
0.0709918238565484,10.9307538472362,0.940690985910017,0.332100632184118,0.707528340379562,1344,0.709423133936967,FALSE,"CD8 Tem"
0.076431254905817,10.9287952144261,1.06151310458453,0.543581285712861,0.869461614536783,1345,0.869758178048409,FALSE,"CD8 Tem"
0.0736402781859675,10.9888845874249,0.856992503526065,0.354582099451084,0.73133540778137,1346,0.733151313147778,FALSE,"CD8 Tem"
0.144463183297083,10.8967254717836,3.74321738813627,0.0530227737556493,0.359488222649453,1347,0.364213570783421,FALSE,"CD8 Tem"
0.15666920672787,10.8659451670648,4.51053321344131,0.0424732128436236,0.333874166694882,1348,0.339097074433558,FALSE,"CD8 Tem"
-0.0685445078994013,10.8360558137978,0.691754148175607,0.405568734995251,0.774370821751654,1349,0.775308902303392,FALSE,"CD8 Tem"
-0.0314360113563871,10.8367019155045,0.310398242762177,0.805089127833857,0.983771632949457,1350,0.983097029076725,FALSE,"CD8 Tem"
0.0769207506714047,10.8839867512674,0.887289681292448,0.346213255026197,0.723052469298088,1351,0.724860012703193,FALSE,"CD8 Tem"
0.0301640852951421,10.8368142887872,0.382776615326907,0.911815397166539,0.998052981074555,1352,0.997419013883782,FALSE,"CD8 Tem"
0.069269856106246,10.8317181481183,2.04403520351181,0.152804405892684,0.5350471398589,1353,0.539651428636991,FALSE,"CD8 Tem"
0.0674978727411979,10.9871815269938,0.746690855732306,0.387526332967297,0.757622940155905,1354,0.758853049029326,FALSE,"CD8 Tem"
0.0847960162371289,10.885054641553,1.30302831412031,0.400840763758413,0.768627533915985,1355,0.76948847453577,FALSE,"CD8 Tem"
0.0705119698160493,10.992980005357,0.894002008586666,0.344395520672176,0.721660421255138,1356,0.723523440249099,FALSE,"CD8 Tem"
0.105732456073654,11.165905571212,1.50821210323548,0.21941263754855,0.600263592518844,1357,0.60319902136339,FALSE,"CD8 Tem"
0.0523442924114362,10.8595403319085,0.565418490187471,0.452085576937758,0.810507892853643,1358,0.811206580683739,FALSE,"CD8 Tem"
0.0979455362125175,10.8215162435101,1.68969479642313,0.249105462716784,0.627367241310392,1359,0.630480111495369,FALSE,"CD8 Tem"
0.00467392710876958,10.9094995973488,0.00843709250501533,0.926814353683847,0.998052981074555,1360,0.997419013883782,FALSE,"CD8 Tem"
0.11535679548589,10.9644675678665,2.31198938061038,0.128380230812754,0.50439010247003,1361,0.508704233428601,FALSE,"CD8 Tem"
0.0440390184804597,10.8278743283576,0.59249354891625,0.499833947166732,0.843048682615493,1362,0.843893179808734,FALSE,"CD8 Tem"
0.246383004521221,10.7693808071835,15.3185586204761,0.000157831281064102,0.028233588008813,1363,0.0295003063420453,TRUE,"CD8 Tem"
-0.0711807667084093,10.8613174769991,0.855906062946234,0.526714718753145,0.860899664507818,1364,0.861583016530525,FALSE,"CD8 Tem"
0.0816517396377851,10.8907258178163,1.01906006948321,0.312742515950108,0.691991171115106,1365,0.69421190293479,FALSE,"CD8 Tem"
0.183064172576116,11.0883829357434,5.00778768486179,0.0252339371451534,0.26828510199018,1366,0.273496864663059,FALSE,"CD8 Tem"
-0.108636475064717,10.7682037727517,2.17044870411728,0.140685758015803,0.515467828335588,1367,0.519846388999158,FALSE,"CD8 Tem"
0.180238791704157,11.0285443926346,4.7326571859119,0.0295955584540818,0.285877762735006,1368,0.290943746335214,FALSE,"CD8 Tem"
-0.0214130277271651,10.8893950387416,0.0539854149908359,0.816268118779856,0.986097480265699,1369,0.985339632184831,FALSE,"CD8 Tem"
0.0487166339973849,10.8648339001367,1.12329740220494,0.555379576538296,0.878413806752347,1370,0.878889879071442,FALSE,"CD8 Tem"
-0.00178348183686035,10.8528279158276,0.0263862949005649,0.997269693502461,0.999583252411868,1371,0.999539371278018,FALSE,"CD8 Tem"
0.217806569534927,10.8188512730157,10.2853754352063,0.00138439207095452,0.0862429396527227,1372,0.0897220487814144,TRUE,"CD8 Tem"
0.153107552650402,10.9186027000887,4.81862293894811,0.0458127564286744,0.337058679604469,1373,0.34225918149586,FALSE,"CD8 Tem"
0.0415170993919926,11.3003449622023,0.199180863077702,0.655383021271272,0.927632396570189,1374,0.927184458408043,FALSE,"CD8 Tem"
0.0879929824939788,11.0343958465256,1.37150617440502,0.449713829449102,0.808756131107036,1375,0.809408850445616,FALSE,"CD8 Tem"
0.102748893909613,10.8311941718668,1.48285593756248,0.261414007579429,0.640964442896184,1376,0.643566237031088,FALSE,"CD8 Tem"
0.211273484141762,10.8073117992667,13.4508728789001,0.000244915530771896,0.0371184170601057,1377,0.0385177421221443,TRUE,"CD8 Tem"
0.0737804470544915,11.1023041263488,0.710314049684904,0.399339945158019,0.767030073771831,1378,0.767913186660818,FALSE,"CD8 Tem"
0.00164296786917552,10.9499307109353,0.00165889853873279,0.967511496118653,0.999555952465987,1379,0.99933775641114,FALSE,"CD8 Tem"
-0.023569932498663,10.8442182581448,0.0536851789007981,0.816770634249807,0.986097480265699,1380,0.985339632184831,FALSE,"CD8 Tem"
0.0805032545854867,10.9099493709232,0.839418726117203,0.359563474371228,0.736537983955015,1381,0.738182125543763,FALSE,"CD8 Tem"
0.0654416617805196,10.8052348678926,0.714300043957103,0.398020358481596,0.767030073771831,1382,0.767913186660818,FALSE,"CD8 Tem"
0.0145811769300645,10.7988032744827,0.0470294197187227,0.877237122343844,0.998052981074555,1383,0.997196667792019,FALSE,"CD8 Tem"
0.157347089219223,10.8926944904208,4.30675886390023,0.0379616902507382,0.320852335200749,1384,0.325422034682078,FALSE,"CD8 Tem"
0.151465592380917,10.9745143652521,3.02212205740283,0.0821364911614605,0.418878092535036,1385,0.42363668290724,FALSE,"CD8 Tem"
0.0132634692658061,10.9031175530656,0.0581642152451081,0.809421449538354,0.98465075578324,1386,0.984081489808586,FALSE,"CD8 Tem"
0.108473156192457,10.8082937193713,2.15353395436742,0.142242732191825,0.51685230267514,1387,0.521335430325816,FALSE,"CD8 Tem"
0.0788115828476114,11.1385208973738,0.816906215921869,0.366086671246174,0.740290916506937,1388,0.742088864471848,FALSE,"CD8 Tem"
0.115760419973271,11.3044052886262,2.04341303084254,0.152866897346764,0.5350471398589,1389,0.539651428636991,FALSE,"CD8 Tem"
-0.0330088765992884,10.8455985458169,0.113702035442892,0.735968284337026,0.9623245685835,1390,0.961930788538336,FALSE,"CD8 Tem"
0.0899034089471349,10.8353760156333,1.5250320553202,0.220978229426585,0.601034938633362,1391,0.603958096665767,FALSE,"CD8 Tem"
0.250342747625454,10.9845000549711,9.46737054259087,0.00209169348794482,0.104607165725068,1392,0.108305879940914,FALSE,"CD8 Tem"
0.0425509207067386,11.0021066564103,0.224269460717184,0.758904677208939,0.970221455112363,1393,0.969872171999512,FALSE,"CD8 Tem"
0.102924291499194,10.7935029775727,2.12679102092584,0.144744077182014,0.520935739592747,1394,0.52535336264098,FALSE,"CD8 Tem"
-0.0630267463300727,10.8435692452229,0.770332867142109,0.733449158218497,0.961467168755672,1395,0.961207354604098,FALSE,"CD8 Tem"
0.0014626750238988,10.9937312814736,0.000842463947891692,0.979123984750847,0.999555952465987,1396,0.99933775641114,FALSE,"CD8 Tem"
0.130131531480365,11.0281770854287,2.88349805614676,0.0894919925133355,0.433118894047371,1397,0.437951564841367,FALSE,"CD8 Tem"
0.0510771741963895,11.1689077402219,0.440172743350576,0.507039372345614,0.8478342616013,1398,0.848644948331636,FALSE,"CD8 Tem"
-0.0718388093531625,10.8145737392176,0.886503767221158,0.534237870464612,0.86516028395923,1399,0.86566333022176,FALSE,"CD8 Tem"
-0.00882101945011298,10.811775584649,0.00725698014477362,0.932112032774882,0.998052981074555,1400,0.997419013883782,FALSE,"CD8 Tem"
0.0896515772606997,10.7818335281872,1.55258971946321,0.239462537108412,0.617259018282907,1401,0.620432622990165,FALSE,"CD8 Tem"
0.0400480254004014,10.8616213971181,0.208485280665552,0.647957406888313,0.927632396570189,1402,0.927184458408043,FALSE,"CD8 Tem"
0.102776137483538,10.9242554334348,1.87189754397313,0.171258474510575,0.560998486084304,1403,0.565274631330499,FALSE,"CD8 Tem"
0.347425181941564,10.919337246116,19.1840092748268,1.18725729556011e-05,0.00788847668807151,1404,0.00820315774063743,TRUE,"CD8 Tem"
0.198457471919316,10.995581312269,6.72754987458722,0.0143538737751849,0.220329593823053,1405,0.224597810930691,FALSE,"CD8 Tem"
0.0438991196551462,10.7882311358839,0.387605758277217,0.592930249560732,0.901375254684607,1406,0.901610060627415,FALSE,"CD8 Tem"
0.127835936580919,11.0217785520089,2.37425458743987,0.123351045569681,0.495000615137694,1407,0.499169376533988,FALSE,"CD8 Tem"
0.101245649336426,10.8233211412564,1.95490442767098,0.27147374524068,0.652632267648688,1408,0.655314776196183,FALSE,"CD8 Tem"
0.100932854345617,10.8934705906706,1.69361429665911,0.193125760747315,0.576599573945387,1409,0.580113962772058,FALSE,"CD8 Tem"
0.174517828700286,10.8743431831541,6.41088954864445,0.119299911693412,0.487578110093198,1410,0.491794556642878,FALSE,"CD8 Tem"
0.118965749376928,10.8933212348855,2.72519548840067,0.411489604024959,0.78115842788575,1411,0.781998870307054,FALSE,"CD8 Tem"
0.102934997687097,10.9252300100953,1.22832218339249,0.267734071583473,0.648967399783065,1412,0.651551116775161,FALSE,"CD8 Tem"
0.0606167668054335,10.7706400316471,0.560062674112883,0.618349620010209,0.91385603355105,1413,0.91391431759027,FALSE,"CD8 Tem"
-0.007482352990338,10.8539292917331,0.04454923820233,0.908754793713622,0.998052981074555,1414,0.997419013883782,FALSE,"CD8 Tem"
0.00185444228303958,10.8065913152845,0.0397146452841987,0.889928948888136,0.998052981074555,1415,0.997419013883782,FALSE,"CD8 Tem"
-0.0475312731399108,10.8963342568236,0.176497783029903,0.674400594168214,0.935004143406303,1416,0.934523710704597,FALSE,"CD8 Tem"
0.0786839494287515,10.9136571953282,1.08443386359691,0.297708246355214,0.678044420758028,1417,0.680275151532994,FALSE,"CD8 Tem"
0.0701515248725076,10.7843242430381,1.03735784503392,0.908547796554362,0.998052981074555,1418,0.997419013883782,FALSE,"CD8 Tem"
0.147826206139253,10.8155466862633,4.06872440213585,0.0436847413234386,0.333874166694882,1419,0.339097074433558,FALSE,"CD8 Tem"
0.0442077084396291,10.8116144542841,0.521411705791283,0.481164011542689,0.828849562105573,1420,0.829256652101266,FALSE,"CD8 Tem"
0.0235175596452748,10.8419781450788,0.118032027664355,0.73117892638193,0.96088934145692,1421,0.960718324905553,FALSE,"CD8 Tem"
0.150573214162618,10.9831086247558,4.31448576445294,0.13881154404378,0.513135341832123,1422,0.517443840089638,FALSE,"CD8 Tem"
0.0301476157166598,10.8908922188932,0.254011747955667,0.61426454531479,0.911547079454442,1423,0.911542996843307,FALSE,"CD8 Tem"
0.153276949900714,10.7976631544403,3.9016922487113,0.0926988179653459,0.441291916434825,1424,0.446419703631317,FALSE,"CD8 Tem"
0.0101012851737713,10.9771922940841,0.0283905086643722,0.912691323273413,0.998052981074555,1425,0.997419013883782,FALSE,"CD8 Tem"
-0.0954069724040921,10.8304266474391,1.54483326160878,0.213900350726921,0.595362376559492,1426,0.598383802043094,FALSE,"CD8 Tem"
0.0756522464344045,10.7828975000565,1.3073807948494,0.41786384477994,0.783979323143002,1427,0.784812715411339,FALSE,"CD8 Tem"
0.0555564097965513,10.9192858471586,0.623037033244032,0.631217222387678,0.92146944175247,1428,0.92166742160465,FALSE,"CD8 Tem"
0.139077418316677,10.9418129265868,3.25439658179272,0.15605489866834,0.54084302064564,1429,0.5456622331685,FALSE,"CD8 Tem"
-0.0739793069377711,10.7744536804258,0.157978139861945,0.691025012840113,0.943653338612688,1430,0.943655989081632,FALSE,"CD8 Tem"
0.00843440580463274,10.8165174371438,0.00772658708499653,0.929955388337574,0.998052981074555,1431,0.997419013883782,FALSE,"CD8 Tem"
-0.00700873560824299,10.8488886405654,0.000498882874858941,0.982180190751368,0.999555952465987,1432,0.99933775641114,FALSE,"CD8 Tem"
0.0605137676688936,10.7988108303695,0.760188492772697,0.597994240781259,0.902396674601085,1433,0.902573261897596,FALSE,"CD8 Tem"
0.0803605167600796,10.7665430584364,1.4167106019474,0.628469026960669,0.920925397469964,1434,0.921166658347433,FALSE,"CD8 Tem"
0.0471258931137661,10.8236790311094,0.359539831660607,0.54876216197873,0.871831262149972,1435,0.872152764518051,FALSE,"CD8 Tem"
0.133716990747913,10.7672285717993,5.19598037235426,0.382683395987375,0.750995980901807,1436,0.752334684456814,FALSE,"CD8 Tem"
0.11030299954458,11.0185205283849,1.67599495358835,0.246368845981317,0.624788169388826,1437,0.627926810054199,FALSE,"CD8 Tem"
0.085525698409821,10.8108206300038,1.71896995292229,0.581487882363017,0.895459329843321,1438,0.895675533631325,FALSE,"CD8 Tem"
0.188726721904671,10.9164361230378,6.2201757692481,0.0126305517112181,0.205401034996068,1439,0.210342218626227,FALSE,"CD8 Tem"
0.0332433221402426,11.0334930202266,0.211314756643545,0.645739040882509,0.927199408534355,1440,0.927184458408043,FALSE,"CD8 Tem"
-0.0327305646349651,10.7760103537279,0.472649823014657,0.537712314290533,0.8655496595729,1441,0.866189408133301,FALSE,"CD8 Tem"
0.0501962194245813,11.0115019994466,0.320867816394483,0.571086818885541,0.88829923593121,1442,0.888409816573077,FALSE,"CD8 Tem"
0.100535940038218,10.8367862009007,1.91428683539577,0.179418907647679,0.568132206150046,1443,0.572044926624278,FALSE,"CD8 Tem"
0.0912815707038725,10.7921149104469,2.31797400917555,0.271942648107209,0.653308500179043,1444,0.656009286260453,FALSE,"CD8 Tem"
0.0295174784053084,10.8894816685891,0.240801443924034,0.858397394814132,0.99428967969476,1445,0.993016433540451,FALSE,"CD8 Tem"
0.0972367018858287,10.901495883468,2.1371297801521,0.143771238760261,0.518893674250128,1446,0.523332544568907,FALSE,"CD8 Tem"
0.123449780144295,10.9442815389051,2.16288923264363,0.141379215058303,0.515729783807154,1447,0.520206712186156,FALSE,"CD8 Tem"
-0.149130004199089,10.8475782705219,3.29252353685427,0.0695965315981007,0.39309307977166,1448,0.398045034946192,FALSE,"CD8 Tem"
0.0994797627787221,10.7958640070751,2.48554309312915,0.249042291379395,0.627367241310392,1449,0.630480111495369,FALSE,"CD8 Tem"
0.0142941533865182,10.7563539914196,0.435662881006286,0.5092235402328,0.849611324929492,1450,0.850401730367012,FALSE,"CD8 Tem"
0.00608296307873415,10.9118207313928,0.256677927831658,0.901207931336069,0.998052981074555,1451,0.997419013883782,FALSE,"CD8 Tem"
0.0893566934417502,10.9902136875008,1.25492902689081,0.294617760773164,0.67517181385459,1452,0.67762764406075,FALSE,"CD8 Tem"
-0.0158774057617194,10.9346988906459,0.0850277201390865,0.770596310150988,0.970648162533933,1453,0.969932820526043,FALSE,"CD8 Tem"
0.279040215215023,11.0081429437727,11.3252341228358,0.00076466167559223,0.0617230875521133,1454,0.0641896880187519,TRUE,"CD8 Tem"
0.141006989978089,11.0381837231772,2.69556468952573,0.100628409941485,0.455666255397443,1455,0.460631398735307,FALSE,"CD8 Tem"
0.145915276666385,10.82585759151,4.06928709500378,0.0436701912416172,0.333874166694882,1456,0.339097074433558,FALSE,"CD8 Tem"
0.1716984288701,10.8046625466857,6.30256261670688,0.0121423230027415,0.205359797402731,1457,0.210306549201827,FALSE,"CD8 Tem"
-0.0054401978938687,11.0646224574751,0.0102023796189199,0.919545075909681,0.998052981074555,1458,0.997419013883782,FALSE,"CD8 Tem"
-0.0263539567041673,10.7856802902814,0.285533025669559,0.677280918920737,0.935283121704378,1459,0.934821042640868,FALSE,"CD8 Tem"
0.0468255572647949,10.7545510836763,0.640765864732202,0.838693519570166,0.99333103191068,1460,0.991993002570708,FALSE,"CD8 Tem"
0.0593966338059686,10.9392987307715,0.704575306548087,0.401250951074247,0.768654022639363,1461,0.769498436946713,FALSE,"CD8 Tem"
0.0953576948487833,10.8093381481452,2.15652874542237,0.141965661456879,0.516291290613706,1462,0.520708636522889,FALSE,"CD8 Tem"
-0.0177052519634467,10.923263002275,0.0672939213668379,0.795318457938665,0.979785524471484,1463,0.979150548239917,FALSE,"CD8 Tem"
0.0358530295821742,11.0032076198251,0.103716936314413,0.747414076725083,0.96508130784241,1464,0.964700789883388,FALSE,"CD8 Tem"
0.106213343898353,10.7831472600703,1.99826695917361,0.324245930681753,0.704375443064377,1465,0.706551876777255,FALSE,"CD8 Tem"
0.145958191129145,10.8536850544959,3.71101784483457,0.0540549389895374,0.359935552420026,1466,0.364869525527888,FALSE,"CD8 Tem"
0.180884348929497,11.012742002897,4.84082039443589,0.221455046007087,0.601979788999977,1467,0.604887020393498,FALSE,"CD8 Tem"
0.110624172206887,10.7754701775308,2.94176456972124,0.0914270445553769,0.437459162112628,1468,0.442474325668869,FALSE,"CD8 Tem"
0.000719396723332514,11.1483351974351,0.000354375387644977,0.984980828112288,0.999555952465987,1469,0.99933775641114,FALSE,"CD8 Tem"
0.0467859327574553,10.8048068263811,0.364242289555449,0.546159815999194,0.870524093287269,1470,0.870774568721025,FALSE,"CD8 Tem"
0.187166882395089,10.8400122000609,5.4478549346016,0.0538257117651422,0.359935552420026,1471,0.364869525527888,FALSE,"CD8 Tem"
-0.0290973788223041,10.8262511268449,0.0568121985152593,0.843564690055647,0.993853213321784,1472,0.992660762308472,FALSE,"CD8 Tem"
0.162179883683121,11.2008857189816,4.17046396007727,0.04113501502551,0.330429973892309,1473,0.335178776055068,FALSE,"CD8 Tem"
-0.11720310013127,10.8416708440376,2.66214542849144,0.138136170423389,0.512298822729517,1474,0.516599424489235,FALSE,"CD8 Tem"
0.108007902460268,10.8291759832325,2.13718272185517,0.143766276127803,0.518893674250128,1475,0.523332544568907,FALSE,"CD8 Tem"
0.0618802524978587,10.8389339992834,0.288276753212041,0.621729744601299,0.917081698302208,1476,0.917138006946507,FALSE,"CD8 Tem"
0.171617480387303,10.93698397271,4.41193136979301,0.0356888723290652,0.3161694194333,1477,0.320592025050616,FALSE,"CD8 Tem"
0.11329842358039,10.8965496541057,2.13548372019516,0.171996922465736,0.562162815451959,1478,0.566358783665102,FALSE,"CD8 Tem"
0.0567648825710606,10.808265313072,0.74497154628648,0.388073334305583,0.758038876417262,1479,0.759293439787175,FALSE,"CD8 Tem"
0.144528277998561,10.9411896833763,3.43740146663757,0.063736403236894,0.379076740990785,1480,0.384144236456306,FALSE,"CD8 Tem"
0.0810119439112006,10.7959551471484,1.18348040719542,0.322937371431728,0.702903005007285,1481,0.704987744063535,FALSE,"CD8 Tem"
0.240579184165449,10.8697559427791,10.4175940257928,0.00124827790710152,0.0840896426735278,1482,0.0873433883595063,TRUE,"CD8 Tem"
0.118576363445221,10.8060407233588,3.29817772396812,0.414027930454664,0.782782075018148,1483,0.783467005840366,FALSE,"CD8 Tem"
0.0190736137412206,10.9885903487319,0.0707303319802226,0.790276471729605,0.977027078685379,1484,0.976438309620639,FALSE,"CD8 Tem"
-0.0390112456992256,10.8085613269545,0.0234998484220934,0.878164436446828,0.998052981074555,1485,0.997196667792019,FALSE,"CD8 Tem"
0.0708515611300144,10.7948770941115,0.883765344385049,0.555281000904547,0.878413806752347,1486,0.878889879071442,FALSE,"CD8 Tem"
0.0763367660733357,10.8461813128378,1.14355311367023,0.311328181311658,0.689517795847867,1487,0.691730649666512,FALSE,"CD8 Tem"
0.0689226960296072,10.8710493947225,0.946853838877938,0.330521853064084,0.706718064262907,1488,0.708624245752453,FALSE,"CD8 Tem"
0.0640899905689845,10.7683817812323,1.28270361204644,0.587140206736061,0.898581474672399,1489,0.898889799849207,FALSE,"CD8 Tem"
0.13006662776004,10.7893971835885,3.89347968922159,0.130487343486968,0.505210424804994,1490,0.509620538549964,FALSE,"CD8 Tem"
0.0631724933718591,10.9193540975535,0.00309826993638721,0.955611008915793,0.999223651633848,1491,0.998831209476087,FALSE,"CD8 Tem"
0.0518079344535996,10.7611813771298,0.907078683509303,0.683155578816161,0.939212709746959,1492,0.938935561492302,FALSE,"CD8 Tem"
0.181728681876872,10.8310736995835,5.69610875049488,0.0170029071720332,0.231753481548512,1493,0.236955367902646,FALSE,"CD8 Tem"
0.0578754142823587,10.7705244253507,0.353976870911019,0.798931473744286,0.982504041349728,1494,0.981936202976132,FALSE,"CD8 Tem"
-0.0744129180401039,10.8941926148671,1.05773061829628,0.467033501114283,0.819640396940374,1495,0.819998069082235,FALSE,"CD8 Tem"
0.100815819598164,10.7915390172841,3.32193477161481,0.0829179516240045,0.421421804010793,1496,0.426233776490975,FALSE,"CD8 Tem"
0.0764957508691903,10.9415116654216,0.723346212108709,0.398826753777614,0.767030073771831,1497,0.767913186660818,FALSE,"CD8 Tem"
-0.0129201410177683,10.756663240916,0.638730798459251,0.941011466791215,0.998052981074555,1498,0.997419013883782,FALSE,"CD8 Tem"
0.0546367405629025,10.8040142390441,0.624195077824375,0.780063397393576,0.97260723019324,1499,0.972006196883309,FALSE,"CD8 Tem"
-0.0387576483333702,10.8145369108212,0.0900265085442172,0.764143572816917,0.970648162533933,1500,0.969932820526043,FALSE,"CD8 Tem"
0.0847124482522223,10.8609687283085,2.43267046571613,0.118830890463248,0.48690754790225,1501,0.491179210594834,FALSE,"CD8 Tem"
0.119167814666974,10.930918696811,2.54106718773505,0.141290891403597,0.515729783807154,1502,0.520206712186156,FALSE,"CD8 Tem"
0.172916523939348,10.9775036573591,4.64800604512492,0.0310900777115212,0.290819540439759,1503,0.295245166270196,FALSE,"CD8 Tem"
-0.00332461788812203,10.9075947262987,0.00314989344342098,0.95524311593045,0.999077378157267,1504,0.998676076224815,FALSE,"CD8 Tem"
0.137807431295926,10.7983558858082,3.95585662487891,0.0467090390657761,0.339811281412688,1505,0.345094563683057,FALSE,"CD8 Tem"
0.101677270866374,10.9212655123328,1.72850441017955,0.211886425998529,0.594297843838547,1506,0.597476038939469,FALSE,"CD8 Tem"
0.140491104281409,10.8725218139517,3.381717199913,0.125671471419456,0.497896485959987,1507,0.502179044578922,FALSE,"CD8 Tem"
0.181378811358642,10.8294073561889,5.99652248829357,0.0159404623503508,0.227420522673256,1508,0.232057940147358,FALSE,"CD8 Tem"
0.115017947685711,10.878309055126,2.21953117612636,0.136275015375039,0.511100907707859,1509,0.515519028890937,FALSE,"CD8 Tem"
-0.066173940209542,10.8087594294074,0.87466333561691,0.610548464532615,0.908416357606827,1510,0.908496889952051,FALSE,"CD8 Tem"
0.0382200780403407,10.9421380245425,0.219658137720872,0.639300711538163,0.924229639990548,1511,0.924419406047567,FALSE,"CD8 Tem"
0.0841894103300753,11.1642535414082,0.94032140950903,0.377979490417549,0.748682180305617,1512,0.750170681905695,FALSE,"CD8 Tem"
0.175386554813268,10.7877459068441,6.93675234671933,0.20225465232921,0.584388947291884,1513,0.587755887739446,FALSE,"CD8 Tem"
0.171565209826486,10.81615630936,6.60291778631195,0.0762283314045339,0.410250643991082,1514,0.415156462989762,FALSE,"CD8 Tem"
0.0702040738790174,10.940031600039,0.77540516122459,0.378550487885984,0.748682180305617,1515,0.750170681905695,FALSE,"CD8 Tem"
-0.0905987070084223,10.9278478953766,1.60752954471146,0.204839962420886,0.586018409042695,1516,0.589234214972733,FALSE,"CD8 Tem"
-0.0363050041773882,10.948887134286,0.20604325514716,0.649886677190332,0.927632396570189,1517,0.927184458408043,FALSE,"CD8 Tem"
0.254414973818477,10.7903997951431,13.3191050337942,0.000380678324316447,0.0393452196976843,1518,0.0409720909060479,TRUE,"CD8 Tem"
0.0695159646562359,10.7986239244899,0.180253418273517,0.775218582400152,0.970648162533933,1519,0.969932820526043,FALSE,"CD8 Tem"
0.123849808751938,11.0736595314183,2.45255119954933,0.11733460897941,0.48690754790225,1520,0.491179210594834,FALSE,"CD8 Tem"
0.103283749884375,10.8369766597361,1.6170280237662,0.203507229157762,0.584388947291884,1521,0.587755887739446,FALSE,"CD8 Tem"
0.0341121758014045,10.8580201960901,0.262551174662203,0.890641597100175,0.998052981074555,1522,0.997419013883782,FALSE,"CD8 Tem"
0.068897016954659,10.8402871714267,0.750518835980995,0.887021706902383,0.998052981074555,1523,0.997419013883782,FALSE,"CD8 Tem"
0.101576270230554,11.0897991534699,1.57275466174447,0.209807959332525,0.591009033876843,1524,0.59423972877114,FALSE,"CD8 Tem"
0.156345190797709,10.877140480962,4.06068594984659,0.0438931570222669,0.333874166694882,1525,0.339097074433558,FALSE,"CD8 Tem"
0.0263862060777767,10.9609519920449,0.106638904579096,0.744003756311683,0.96478782411957,1526,0.964355283234411,FALSE,"CD8 Tem"
0.203380531581983,11.0161320028538,7.10587980146464,0.00768337734241952,0.171348640158618,1527,0.175533404150049,FALSE,"CD8 Tem"
0.0248301928866114,10.8255503908188,0.155429309655893,0.693400142198062,0.94404569751011,1528,0.944019585248246,FALSE,"CD8 Tem"
0.0974367312039201,11.0015739955867,1.30040915379514,0.254139002383007,0.632424023586605,1529,0.635278965679677,FALSE,"CD8 Tem"
0.00620429055587533,10.8116709644517,0.000894685269550988,0.984287612246035,0.999555952465987,1530,0.99933775641114,FALSE,"CD8 Tem"
0.0244932116591207,10.8584687510514,0.114489483599386,0.829589635495068,0.991750133480293,1531,0.99056017316442,FALSE,"CD8 Tem"
0.13875265467839,11.0702247077426,2.65109577813002,0.103479123150247,0.459676601501239,1532,0.464573294336251,FALSE,"CD8 Tem"
0.0620375993408366,10.9145257955431,0.778750348986678,0.377523989952359,0.748682180305617,1533,0.750170681905695,FALSE,"CD8 Tem"
0.0333406258281064,10.949911857723,0.117679566977554,0.731565073768857,0.96088934145692,1534,0.960718324905553,FALSE,"CD8 Tem"
0.132140742305529,10.8208814935176,4.02091538664128,0.0449398102919977,0.333874166694882,1535,0.339097074433558,FALSE,"CD8 Tem"
-0.0564201684990121,10.9998693501335,0.515906780783982,0.783104046354786,0.973176725038822,1536,0.972570558146486,FALSE,"CD8 Tem"
0.148664180344194,10.9831104222033,2.89401316208574,0.0889097762317911,0.432099654392957,1537,0.436922888985319,FALSE,"CD8 Tem"
-0.122079064021768,10.8114841079312,3.6118157025738,0.0999846361748468,0.454536229041626,1538,0.459569279484221,FALSE,"CD8 Tem"
0.131243358710804,10.8767179230451,2.78452994859746,0.0951791914479383,0.447149918610466,1539,0.452418742966869,FALSE,"CD8 Tem"
0.0592776795489604,10.8085447546637,0.351401828137907,0.7040438403827,0.948128042390525,1540,0.948182012534061,FALSE,"CD8 Tem"
0.0440092394555396,10.9490674777512,0.207291105183147,0.648899125598593,0.927632396570189,1541,0.927184458408043,FALSE,"CD8 Tem"
0.16258405390341,10.7959068154289,6.26313767960351,0.0174415113256326,0.231753481548512,1542,0.237259251746826,FALSE,"CD8 Tem"
-0.00909566580615846,10.7890193315578,0.000348323707732725,0.985109606756539,0.999555952465987,1543,0.99933775641114,FALSE,"CD8 Tem"
-0.0250547600242488,10.9703644703409,0.150570146448891,0.697991252125568,0.945010414824259,1544,0.945066008635215,FALSE,"CD8 Tem"
0.13505069077949,10.8299354756696,3.13826991993917,0.0764754479338353,0.410250643991082,1545,0.415208415370721,FALSE,"CD8 Tem"
0.0279264532524831,11.0272344939102,0.0857796413325991,0.957703268171451,0.999555952465987,1546,0.999247718254085,FALSE,"CD8 Tem"
0.0904532769373118,10.8186952346209,1.74724675957239,0.186223783394282,0.572836490194472,1547,0.576966921832522,FALSE,"CD8 Tem"
0.0270029494736569,10.9033326755952,0.139134162408428,0.819337489077069,0.98661845249022,1548,0.985869570404283,FALSE,"CD8 Tem"
-0.0903356889455471,10.8916586939966,1.17916672179626,0.277526180755216,0.658558299332913,1549,0.661379790164741,FALSE,"CD8 Tem"
0.118093993722094,10.9276284413695,2.38782126205889,0.125681957037665,0.497896485959987,1550,0.502179044578922,FALSE,"CD8 Tem"
0.0957475639337318,10.8823287480019,1.63181986779658,0.363530720408773,0.738977876145631,1551,0.740741400768866,FALSE,"CD8 Tem"
0.187068460944401,11.0728327433608,4.73085697777181,0.0296265494814605,0.285877762735006,1552,0.290943746335214,FALSE,"CD8 Tem"
-0.108036282841147,10.764396567249,2.46968091369866,0.116062065400634,0.484999700070393,1553,0.489624507492975,FALSE,"CD8 Tem"
0.00163258132075254,10.7973208442446,0.000106005813808644,0.991785199303055,0.999555952465987,1554,0.99933775641114,FALSE,"CD8 Tem"
0.0601623637507224,10.8235705157119,0.641489792405984,0.423172185816332,0.787269534492703,1555,0.788198807658795,FALSE,"CD8 Tem"
0.0867645882254611,11.1288860460554,1.10345929415843,0.372263043591028,0.744944464376964,1556,0.746531184760372,FALSE,"CD8 Tem"
0.0277105739013497,10.8158076394018,0.604635894720273,0.639485860932632,0.924229639990548,1557,0.924419406047567,FALSE,"CD8 Tem"
0.0552529650764938,11.0765043009975,0.398932972434342,0.527641094693442,0.860942902215665,1558,0.861583016530525,FALSE,"CD8 Tem"
0.132463121552637,10.9125031192502,2.28856685243396,0.393792502038133,0.764815867885444,1559,0.765943574243113,FALSE,"CD8 Tem"
-0.0192531191342784,10.8363094192174,0.0903044389431101,0.763790595578149,0.970648162533933,1560,0.969932820526043,FALSE,"CD8 Tem"
0.155705872374108,10.9327242773061,5.40624485005877,0.0200651994861848,0.242705906983609,1561,0.248523388346185,FALSE,"CD8 Tem"
0.112568811710026,10.9513589114138,1.95276459361853,0.846941514541888,0.994123106138315,1562,0.992964235102643,FALSE,"CD8 Tem"
0.0410156772321829,10.7656664280589,0.333576615150812,0.838035700338166,0.99333103191068,1563,0.991993002570708,FALSE,"CD8 Tem"
0.00561625233226637,10.779609640541,0.0116262534849963,0.914134467031652,0.998052981074555,1564,0.997419013883782,FALSE,"CD8 Tem"
0.0853373507344964,10.8813406885658,2.32893315735432,0.174131564245847,0.563640813235183,1565,0.567619332068787,FALSE,"CD8 Tem"
0.0353755970895426,10.9480751307042,0.2695690425217,0.603621219915979,0.905626546396521,1566,0.905772207279811,FALSE,"CD8 Tem"
0.152156200163512,10.8337013383531,4.66132323558222,0.0560919864031047,0.364564393414471,1567,0.369341874627158,FALSE,"CD8 Tem"
0.126315878714922,10.7995620466653,3.19504863525067,0.10789544526993,0.469189560435967,1568,0.474045830634168,FALSE,"CD8 Tem"
-0.151851815399989,10.7703683437269,5.93994303890848,0.0846315296809006,0.426458553137453,1569,0.431336215195441,FALSE,"CD8 Tem"
0.0205508874576203,10.8595479646593,0.0616023179036066,0.904773416865403,0.998052981074555,1570,0.997419013883782,FALSE,"CD8 Tem"
0.0940345010226113,10.7844993833535,1.9573780119918,0.161794583128838,0.548152549014084,1571,0.552695868797966,FALSE,"CD8 Tem"
0.0313651692434571,10.8282158961757,0.675920555573116,0.505861148641017,0.847773798380493,1572,0.848603046800307,FALSE,"CD8 Tem"
0.0922962837312616,11.0225927008078,1.23707196209342,0.266036596578747,0.647801968917363,1573,0.650419393164313,FALSE,"CD8 Tem"
0.123643852235936,11.0491649171578,1.6300285171643,0.201699649089104,0.584125197953563,1574,0.587437381920044,FALSE,"CD8 Tem"
0.0711125398893674,10.8766815502091,0.907016614773232,0.733452056492179,0.961467168755672,1575,0.961207354604098,FALSE,"CD8 Tem"
0.0808819720769667,10.7642730516536,1.5327357694742,0.861311541734596,0.99428967969476,1576,0.993016433540451,FALSE,"CD8 Tem"
0.183568497153025,10.8185848252686,5.6199324302878,0.0177576798197209,0.232650616454991,1577,0.238208286051875,FALSE,"CD8 Tem"
0.127007097239614,10.906700553247,4.50801839357652,0.100955687766211,0.455666255397443,1578,0.460670472697022,FALSE,"CD8 Tem"
0.135725679759786,11.0059648233505,3.17336469335874,0.115808030894176,0.484809317451676,1579,0.489452552934118,FALSE,"CD8 Tem"
0.00920658846257849,10.7878625452843,0.00513393596514808,0.942879288881285,0.998052981074555,1580,0.997419013883782,FALSE,"CD8 Tem"
0.0158811436707331,10.9470446793324,0.114434330180726,0.735151242136868,0.96214215890554,1581,0.961738479072421,FALSE,"CD8 Tem"
0.137662739327587,10.7778360076363,3.31650032956945,0.233924078703312,0.611698146844228,1582,0.614404520702286,FALSE,"CD8 Tem"
-0.0335341844124452,11.0199143940537,0.297467262056182,0.589058844189788,0.899957675189531,1583,0.90027068142705,FALSE,"CD8 Tem"
0.00977338671705152,11.1508969729222,0.0239423078330457,0.877031853775146,0.998052981074555,1584,0.997196667792019,FALSE,"CD8 Tem"
0.0485506598061848,10.8083441776286,0.521039636744792,0.99743407319791,0.999583252411868,1585,0.999539371278018,FALSE,"CD8 Tem"
0.0515434788711006,11.2062807787542,0.402591839910465,0.525754016162977,0.860408842073894,1586,0.861243672682119,FALSE,"CD8 Tem"
-0.0170387296306481,10.901476169205,0.0224636745691327,0.880860241140915,0.998052981074555,1587,0.997419013883782,FALSE,"CD8 Tem"
-0.0546635333392713,10.8313081944232,0.553968725303678,0.456700915561507,0.81329962521808,1588,0.813926724711639,FALSE,"CD8 Tem"
0.05649485764498,10.9966438935133,0.469583687589575,0.500572863417454,0.843048682615493,1589,0.843893179808734,FALSE,"CD8 Tem"
-0.0223347998580232,10.8029693793063,0.15794240159979,0.871642593163086,0.996811845839209,1590,0.995801171688638,FALSE,"CD8 Tem"
0.0927155936017928,10.8210725437157,0.373171692742056,0.685164506950438,0.94002953446209,1591,0.939772513358946,FALSE,"CD8 Tem"
0.266475868502866,10.8497733289508,13.0102108974033,0.00030982475793199,0.0371184170601057,1592,0.0385177421221443,TRUE,"CD8 Tem"
-0.0134206632601551,10.7847118267451,0.460589609348955,0.497348835954804,0.842377798989728,1593,0.843197795031164,FALSE,"CD8 Tem"
0.111547314186942,10.8010145521543,2.44876530311054,0.117617933337009,0.48690754790225,1594,0.491179210594834,FALSE,"CD8 Tem"
0.16819632913271,10.8038385175932,5.72714181842315,0.0167049858645065,0.231753481548512,1595,0.236736899797369,FALSE,"CD8 Tem"
0.232331285348341,10.8591221117367,8.77923804887349,0.00860619986224268,0.177899713596848,1596,0.182371693209751,FALSE,"CD8 Tem"
-0.0429628933829675,11.087674943057,0.0264686495264895,0.870761096906238,0.996811845839209,1597,0.995801171688638,FALSE,"CD8 Tem"
0.139085050637105,10.777897065632,4.58087930294971,0.0461430949560007,0.338503997855456,1598,0.343879958280307,FALSE,"CD8 Tem"
0.0410388519513965,11.1810886379529,0.268584584535936,0.604283039710742,0.906034950900922,1599,0.90613947605728,FALSE,"CD8 Tem"
0.183461655302556,10.8643782984478,5.78666886922189,0.0161484912807038,0.228395109696861,1600,0.23310081889766,FALSE,"CD8 Tem"
0.0541352314033084,10.8236994784526,1.36161966827463,0.243257487441793,0.621551981999671,1601,0.624680575845434,FALSE,"CD8 Tem"
-0.0776272930333649,10.7842492602258,1.11195610316665,0.291657598285889,0.672385778489522,1602,0.67499185863568,FALSE,"CD8 Tem"
0.105292916456471,10.7724330649508,3.48491506555168,0.642483922141614,0.926284166732997,1603,0.926473951542872,FALSE,"CD8 Tem"
0.115263029603537,10.8120402564551,2.18803162126247,0.189452808780291,0.575911773619042,1604,0.579916660267718,FALSE,"CD8 Tem"
0.0407314932758693,11.1283405552712,0.261697861326107,0.608956301172463,0.907483420939802,1605,0.907485671957687,FALSE,"CD8 Tem"
0.0456450050953566,10.8686337311243,0.751650089569701,0.810847150666093,0.98465075578324,1606,0.984081489808586,FALSE,"CD8 Tem"
0.13054298378297,10.8995220109916,4.07582664431188,0.0939194778939178,0.443922247646963,1607,0.44901231794401,FALSE,"CD8 Tem"
0.0373537938153184,10.7899846301083,0.18843837029363,0.664219710883317,0.931980487042104,1608,0.931551799415235,FALSE,"CD8 Tem"
0.193307664293758,10.8241937779195,6.76101509606785,0.00931732624023753,0.18104445700774,1609,0.185683380724195,FALSE,"CD8 Tem"
0.104160723423746,11.0362548256499,1.83741090674145,0.175255270784743,0.564550528102396,1610,0.568476638799847,FALSE,"CD8 Tem"
0.0307801164765112,10.8509146191163,0.367050593893817,0.97451366654486,0.999555952465987,1611,0.99933775641114,FALSE,"CD8 Tem"
0.122530116255172,10.7954318642446,4.34920433169863,0.0945359474498133,0.445477904345574,1612,0.450625799637159,FALSE,"CD8 Tem"
0.0651823465115211,10.9973015806939,0.670178425421107,0.415717351816964,0.78363797275232,1613,0.784412444247541,FALSE,"CD8 Tem"
0.0940311937575939,10.7967507353793,1.73024175928275,0.28836406119256,0.669920703599699,1614,0.672658556270215,FALSE,"CD8 Tem"
0.191780340148519,10.8588353192673,6.07598644343922,0.0418374392187968,0.332625521036964,1615,0.337334717300157,FALSE,"CD8 Tem"
0.0349502004602906,10.8282511700273,0.278092141023715,0.704739874169454,0.948351319734062,1616,0.948420221001489,FALSE,"CD8 Tem"
0.138671299755421,10.8766580853347,3.04754405281663,0.0808598968520077,0.417179361191904,1617,0.421941489479762,FALSE,"CD8 Tem"
0.0311502985073351,11.2122183736148,0.130826299123366,0.717576977942587,0.954832685278545,1618,0.954635794023276,FALSE,"CD8 Tem"
0.13894131948891,10.8229434469572,4.43276263593104,0.0614402470950059,0.376439717295839,1619,0.381386023832043,FALSE,"CD8 Tem"
0.0945134761480291,10.7831635533918,1.69240282756269,0.20061156065927,0.582873302889559,1620,0.586247337340581,FALSE,"CD8 Tem"
0.224257920626146,10.9442984980331,7.20879728900094,0.00725492904676243,0.171348640158618,1621,0.175533404150049,FALSE,"CD8 Tem"
0.0701664377172897,10.9353936185127,0.824145578961417,0.445051119424562,0.805734821503947,1622,0.806198794445517,FALSE,"CD8 Tem"
0.160967929915788,11.0453761042313,4.25219218011377,0.0392001724517243,0.32250569491522,1623,0.327126191349265,FALSE,"CD8 Tem"
0.215486508681421,10.8340464211457,7.97900685432697,0.00473246169763576,0.14576608844837,1624,0.150304405849697,FALSE,"CD8 Tem"
0.1314487887549,10.8992324115383,3.09093226411141,0.078730252154945,0.412439231701052,1625,0.417243642719469,FALSE,"CD8 Tem"
0.0514522103502367,11.0964730102043,0.368355822938948,0.543902105514163,0.869461614536783,1626,0.869758178048409,FALSE,"CD8 Tem"
0.067902986085954,10.801906203645,1.99283004338973,0.556134863910152,0.878893391792769,1627,0.879418532924263,FALSE,"CD8 Tem"
-0.0251197349887797,10.7754077839926,0.150412702011426,0.698141428797281,0.945010414824259,1628,0.945066008635215,FALSE,"CD8 Tem"
0.0545479517826034,10.9634764361464,1.34292722975835,0.942941931818158,0.998052981074555,1629,0.997419013883782,FALSE,"CD8 Tem"
0.141352064832278,10.9509611910748,2.99495613466846,0.0835247415496567,0.422713354676228,1630,0.4274456936876,FALSE,"CD8 Tem"
-0.0359984377161082,10.7623603940297,0.148540312295,0.699934359623958,0.945907319415529,1631,0.945950893427006,FALSE,"CD8 Tem"
0.0612077162732052,10.8153521166343,0.978358551824857,0.687976308530924,0.942796872491067,1632,0.942696279099538,FALSE,"CD8 Tem"
0.0818888657604061,10.9372914548025,1.43474758203881,0.230991712324249,0.609037672346984,1633,0.611879326177913,FALSE,"CD8 Tem"
0.260048812233511,11.0029070420111,11.5222118061115,0.000687744224298253,0.0581581524947486,1634,0.0606149247042373,TRUE,"CD8 Tem"
-0.0195006365509285,10.8280252022469,0.659081244531188,0.75804601744,0.969923528779488,1635,0.969622237490098,FALSE,"CD8 Tem"
0.143171765505724,10.8457456993699,3.3964882248675,0.152319670750447,0.534670783894589,1636,0.539216704691098,FALSE,"CD8 Tem"
0.0869045695093197,10.9374705095445,1.14174958724846,0.285283408280782,0.668141616442035,1637,0.670988816330003,FALSE,"CD8 Tem"
0.165726201721666,11.0644687295572,3.15401311468141,0.0757410346050437,0.409841615005976,1638,0.414535986255393,FALSE,"CD8 Tem"
0.0966683744122816,11.1072971971705,1.30250527165903,0.253756615770143,0.63214891266574,1639,0.634998492337549,FALSE,"CD8 Tem"
0.0518510875162604,10.8647580313342,0.266734052788431,0.6055312691679,0.907029285958101,1640,0.907078356602361,FALSE,"CD8 Tem"
0.0957584017197614,10.7912575348654,1.81708828837591,0.282657134507994,0.66515833235115,1641,0.667972450729938,FALSE,"CD8 Tem"
0.110656566706823,10.812508643921,2.61509604676908,0.488068679042208,0.834745502079007,1642,0.83536336200657,FALSE,"CD8 Tem"
0.183803719189011,10.9349391267463,5.4547020445697,0.0195160933568713,0.242356555126474,1643,0.248048000084649,FALSE,"CD8 Tem"
0.0690708076396926,10.816837574503,1.1429247495321,0.439212170903822,0.79961567091517,1644,0.8001503654223,FALSE,"CD8 Tem"
0.102337753451804,11.0067293649612,1.43664780479906,0.230683091669107,0.608914335614653,1645,0.611710258967219,FALSE,"CD8 Tem"
0.036054820830144,10.8821155628917,0.159410557748638,0.777507416418602,0.971234994381042,1646,0.970564433794104,FALSE,"CD8 Tem"
0.0800663418980707,10.8212191301311,1.22126203508934,0.341218537451176,0.718753359458977,1647,0.720654396079777,FALSE,"CD8 Tem"
-0.0155041521786073,10.9147555036736,0.0447468635701258,0.832470258530096,0.991750133480293,1648,0.99056017316442,FALSE,"CD8 Tem"
0.156738137270421,11.1481985901935,3.67652466883468,0.0551842837551673,0.362517095685428,1649,0.367362474502905,FALSE,"CD8 Tem"
0.0615395685295402,10.7821813696708,0.796997232331782,0.909965934474225,0.998052981074555,1650,0.997419013883782,FALSE,"CD8 Tem"
0.0333799531146013,10.9769449091164,0.19947093484268,0.655148409201793,0.927632396570189,1651,0.927184458408043,FALSE,"CD8 Tem"
0.0526209445759905,10.9512271044418,0.326720344619647,0.567596915715438,0.886762934159389,1652,0.887041311528646,FALSE,"CD8 Tem"
0.147491287548061,10.7664375184723,3.66328798427584,0.0810301062795372,0.417179361191904,1653,0.421941489479762,FALSE,"CD8 Tem"
0.05065599605721,10.82488998798,0.469445696319682,0.607217473911525,0.907220950437234,1654,0.907226048084403,FALSE,"CD8 Tem"
0.0595547900532833,10.8887383981436,0.677425831801936,0.592642114901967,0.901375254684607,1655,0.901610060627415,FALSE,"CD8 Tem"
0.0575471929016744,10.792790196696,0.60073499879504,0.863552489647426,0.99489289803076,1656,0.993717817459067,FALSE,"CD8 Tem"
0.0960276471642768,10.8395834612945,1.66696198636942,0.196666494393546,0.579995084334507,1657,0.583373446113157,FALSE,"CD8 Tem"
0.0785235595065989,10.9372597009874,1.0821169416405,0.298224926174139,0.678044420758028,1658,0.680275151532994,FALSE,"CD8 Tem"
0.0147604757275369,10.9439417550206,0.0104093713852913,0.918735815848752,0.998052981074555,1659,0.997419013883782,FALSE,"CD8 Tem"
0.0997953309445023,10.8146835231771,2.02970853376702,0.282485332911598,0.66515833235115,1660,0.667972450729938,FALSE,"CD8 Tem"
0.107398884555365,11.1754284706266,1.64872982629522,0.207411132876752,0.58821291403035,1661,0.591443898760318,FALSE,"CD8 Tem"
0.160358507415965,10.8763252795736,4.87365233297751,0.027270142248075,0.277160583809804,1662,0.282465334527187,FALSE,"CD8 Tem"
-0.013190553761304,10.795851825713,0.0713388135823319,0.962011797089679,0.999555952465987,1663,0.99933775641114,FALSE,"CD8 Tem"
0.108927454980147,10.7938339876647,3.1683539508312,0.394778784580608,0.764815867885444,1664,0.765943574243113,FALSE,"CD8 Tem"
0.0712303140317466,10.8988201863722,2.4499431772796,0.30138376270982,0.67979431637409,1665,0.682011923469572,FALSE,"CD8 Tem"
0.0269173740451517,10.9374152251806,0.222592216543881,0.637072027378528,0.923129790751015,1666,0.923322796570863,FALSE,"CD8 Tem"
0.00944380817051502,10.848479524616,0.0881110422342756,0.857483583466618,0.99428967969476,1667,0.993016433540451,FALSE,"CD8 Tem"
0.0676283372530927,10.8734222766089,0.845651306643724,0.357785887755065,0.735659665759861,1668,0.737395739091682,FALSE,"CD8 Tem"
0.00981490757821899,10.8628867775503,0.0107983723814406,0.917236669143431,0.998052981074555,1669,0.997419013883782,FALSE,"CD8 Tem"
0.188871748316796,10.9806055862635,5.19226978059161,0.0278779568412706,0.280493857644233,1670,0.285843884844698,FALSE,"CD8 Tem"
-0.142614321126702,10.8310721094213,4.19450959828181,0.0405555602343994,0.326956462488688,1671,0.331875920639032,FALSE,"CD8 Tem"
0.129340276395614,10.7627599710723,3.37672254069463,0.319919413722499,0.701895916073778,1672,0.703930188370752,FALSE,"CD8 Tem"
0.246397411281849,10.8026869749816,10.3460061690353,0.0143356708800406,0.220329593823053,1673,0.224597810930691,FALSE,"CD8 Tem"
0.0525538588869181,11.066581889527,0.586314470070821,0.921649554311549,0.998052981074555,1674,0.997419013883782,FALSE,"CD8 Tem"
0.0514440572397629,10.9676661327919,0.347299107109888,0.555646281055861,0.878419732559759,1675,0.878938659637254,FALSE,"CD8 Tem"
0.118739236977299,10.8577902771369,2.66260281472417,0.159603693434458,0.543759440391001,1676,0.548567015206645,FALSE,"CD8 Tem"
-0.0698783233839304,10.8742861196906,0.777751569379217,0.475999310052246,0.824840831241801,1677,0.825208481196981,FALSE,"CD8 Tem"
0.168864062197209,11.0053001851187,4.34732099382587,0.0370676759423385,0.318672385966389,1678,0.323128150252409,FALSE,"CD8 Tem"
0.124915632823258,10.835653130097,4.91676446726566,0.122323442597988,0.493003753486346,1679,0.49733404539398,FALSE,"CD8 Tem"
0.155164350277356,10.932230302047,4.11899736986199,0.0424046880955366,0.333874166694882,1680,0.339097074433558,FALSE,"CD8 Tem"
0.0783480085107334,10.813388480513,0.847223670017374,0.357339344365468,0.735659665759861,1681,0.737395739091682,FALSE,"CD8 Tem"
-0.0862383484415118,10.7699613285654,2.30052730775952,0.129944781712134,0.50463254361557,1682,0.508937654575529,FALSE,"CD8 Tem"
0.117049690318122,10.9570685026756,3.07356049972962,0.640150413137965,0.924229639990548,1683,0.924438114766054,FALSE,"CD8 Tem"
0.0641588510061256,11.0217113482217,0.635446990364038,0.425364680798718,0.788391848651475,1684,0.789149002915426,FALSE,"CD8 Tem"
0.0815010152469498,10.8489156964607,1.33194571624065,0.306378952214483,0.685081012860365,1685,0.687189214156672,FALSE,"CD8 Tem"
0.04393353370303,10.8413328056043,0.489578047999724,0.484115887046063,0.831777979553469,1686,0.832223217346728,FALSE,"CD8 Tem"
0.0692211281618928,10.9378145866326,0.753347424655444,0.47010287062278,0.820430938561557,1687,0.820658300652548,FALSE,"CD8 Tem"
0.0495692055797063,10.9833897127202,0.305916234958673,0.580197252982489,0.89472726247399,1688,0.894822698376381,FALSE,"CD8 Tem"
0.147142090613972,10.8398838005445,3.91193877227352,0.139266594394133,0.513280564372305,1689,0.51766242706016,FALSE,"CD8 Tem"
0.0949143741119438,10.8151593514838,1.74457534286784,0.193299318904877,0.576599573945387,1690,0.580113962772058,FALSE,"CD8 Tem"
0.00578140604263472,10.8595809291435,0.000890031274056267,0.976199938643704,0.999555952465987,1691,0.99933775641114,FALSE,"CD8 Tem"
0.08067869721215,10.7796311002708,1.34261256409915,0.754470616476792,0.966944843547413,1692,0.966631758232388,FALSE,"CD8 Tem"
0.0643890069138034,10.8968218677865,0.573604679615944,0.448830385646569,0.808485717909447,1693,0.809208283901013,FALSE,"CD8 Tem"
0.0151944654185996,10.7802676380614,0.0142868743093385,0.904857329295665,0.998052981074555,1694,0.997419013883782,FALSE,"CD8 Tem"
0.0838002862114414,10.8157254898145,1.27497349571725,0.331340745213001,0.707405969619057,1695,0.709268065982791,FALSE,"CD8 Tem"
0.204933143680756,10.8323389220304,10.0969345717817,0.00148524463610899,0.0882163143805251,1696,0.0917227238134571,TRUE,"CD8 Tem"
0.135534586907024,10.9715141460244,2.42949579152869,0.119071773625527,0.487073719553496,1697,0.491295949754149,FALSE,"CD8 Tem"
0.0396715325158521,10.890327952064,0.348179765724629,0.555145578488757,0.878413806752347,1698,0.878889879071442,FALSE,"CD8 Tem"
0.00562695264261654,10.8959402872213,0.0570816209328469,0.811169565681858,0.98465075578324,1699,0.984081489808586,FALSE,"CD8 Tem"
0.0299062741561154,11.0017657880662,0.148013672711656,0.700440987025282,0.946195477971126,1700,0.946192053017741,FALSE,"CD8 Tem"
0.137117299652372,10.8751636944165,3.89655230447898,0.0850980114878504,0.426958847281545,1701,0.432042991570983,FALSE,"CD8 Tem"
-0.0270368868966259,10.9557647977524,0.248480040514861,0.618147568306519,0.91385603355105,1702,0.91391431759027,FALSE,"CD8 Tem"
0.0803842446249224,10.7910589551002,0.409689335553588,0.522127497956389,0.857794063226833,1703,0.858724298041234,FALSE,"CD8 Tem"
-0.0445289856291985,10.9156571801038,0.667189172474672,0.781851901421068,0.973176725038822,1704,0.972570558146486,FALSE,"CD8 Tem"
0.00989228866124056,10.8636263952989,0.0483343601394309,0.82598746217135,0.990737031990802,1705,0.989893884974023,FALSE,"CD8 Tem"
-0.0679037514887621,11.0174407506491,0.424732836103302,0.514585123954695,0.85265158685621,1706,0.853389650700993,FALSE,"CD8 Tem"
-0.0874074632906992,10.7922643914618,1.73459574032987,0.187825596179681,0.574569462311138,1707,0.578585624188013,FALSE,"CD8 Tem"
-0.0369078437430329,10.9339912075564,0.202657686516869,0.652584315605249,0.927632396570189,1708,0.927184458408043,FALSE,"CD8 Tem"
-0.00303963684507052,10.7612964444058,0.00641530106484823,0.942101273920035,0.998052981074555,1709,0.997419013883782,FALSE,"CD8 Tem"
0.0713153144105384,10.792279618337,0.954883412762597,0.328479808191093,0.705842818953881,1710,0.707978028243897,FALSE,"CD8 Tem"
0.108918130993754,11.0811133352,1.92786075651189,0.164993247351543,0.553365412957612,1711,0.557694885675451,FALSE,"CD8 Tem"
0.0861298473650746,11.0654070147408,0.964461649255121,0.326065759194178,0.70507048675377,1712,0.707138407969623,FALSE,"CD8 Tem"
0.0945975188566855,10.9432814679886,1.63770813916772,0.200640756380603,0.582873302889559,1713,0.586247337340581,FALSE,"CD8 Tem"
0.120881104912732,10.8985299180003,2.43141004842927,0.118926461925813,0.48690754790225,1714,0.491179210594834,FALSE,"CD8 Tem"
-0.00920883688086676,10.8408356045057,0.00243955386599111,0.960607049030929,0.999555952465987,1715,0.99933775641114,FALSE,"CD8 Tem"
-0.0538561830243054,10.8615644023306,0.509746080355174,0.933904400163486,0.998052981074555,1716,0.997419013883782,FALSE,"CD8 Tem"
-0.0108344407277936,10.7695546933385,0.00223809008405844,0.962267405446438,0.999555952465987,1717,0.99933775641114,FALSE,"CD8 Tem"
0.0758684630149674,10.9324446561894,1.0341438356458,0.309187835235939,0.687821838696348,1718,0.690061233964493,FALSE,"CD8 Tem"
0.179183155468373,10.7962960861306,6.54023213770417,0.0555168928191713,0.363163246838208,1719,0.367962766877056,FALSE,"CD8 Tem"
0.0654002712541003,10.8271889436505,0.795874437535075,0.372330108893873,0.744944464376964,1720,0.746531184760372,FALSE,"CD8 Tem"
0.131770149036255,10.814774375451,3.26374363062561,0.0708278097387614,0.396233368022513,1721,0.40103065408849,FALSE,"CD8 Tem"
0.0396764476397859,10.8470109997612,0.248323953441257,0.618257915012774,0.91385603355105,1722,0.91391431759027,FALSE,"CD8 Tem"
0.112269226473135,10.8064493912495,2.94264140664294,0.248764602019426,0.627367241310392,1723,0.630480111495369,FALSE,"CD8 Tem"
0.158476919809428,10.8431299329784,4.80241821549224,0.0284202420120398,0.281687645203027,1724,0.28685922816346,FALSE,"CD8 Tem"
0.068401510230359,10.9369803574563,0.637111882842568,0.424758913588873,0.788313001709769,1725,0.789149002915426,FALSE,"CD8 Tem"
0.211807859192491,10.9862045610753,7.58754071718581,0.00587750233812844,0.161364793156166,1726,0.165144919437821,FALSE,"CD8 Tem"
0.0152234996036838,11.0261061848233,0.0376596593712401,0.84612821590587,0.994123106138315,1727,0.992964235102643,FALSE,"CD8 Tem"
0.0924221849374341,10.8725673765547,1.38404753741157,0.354560264539412,0.73133540778137,1728,0.733151313147778,FALSE,"CD8 Tem"
0.115865427150254,10.855958402145,2.99945784873946,0.196495655424388,0.579995084334507,1729,0.583373446113157,FALSE,"CD8 Tem"
0.0530316493658104,10.8258502550996,0.713980334298648,0.404574147078645,0.773396776844546,1730,0.77434244087161,FALSE,"CD8 Tem"
-0.0360636438549674,10.8242383482693,0.21084118890841,0.646109069675305,0.927199408534355,1731,0.927184458408043,FALSE,"CD8 Tem"
0.0224921527459185,10.7879036630781,0.418790496919277,0.628171707992778,0.920925397469964,1732,0.921166658347433,FALSE,"CD8 Tem"
0.109459863653501,10.7903747571737,3.23558207722397,0.0963442911456316,0.448649846817778,1733,0.453928013812271,FALSE,"CD8 Tem"
-0.0288553691051674,10.9188744976501,0.014083432070743,0.905533967511858,0.998052981074555,1734,0.997419013883782,FALSE,"CD8 Tem"
0.0916554746203721,10.9626530549097,1.30823059231675,0.252715769422631,0.631225954779908,1735,0.634138659863068,FALSE,"CD8 Tem"
-0.0915277701269839,10.7871124847553,1.43156710142745,0.599863704162029,0.90346033269897,1736,0.903740228727542,FALSE,"CD8 Tem"
0.0780066935127675,11.0393237001942,0.908633985135286,0.340477546019278,0.718753359458977,1737,0.720651158762905,FALSE,"CD8 Tem"
0.178706159579237,11.0562656717978,5.32261809361662,0.0210507346073465,0.242945326696697,1738,0.248682258879128,FALSE,"CD8 Tem"
0.174875491182053,10.9735622635131,3.12995658789806,0.66823369867696,0.933039607489205,1739,0.932571079107395,FALSE,"CD8 Tem"
0.0981508990304715,11.0447204830887,1.30258450799261,0.326219680949126,0.70507048675377,1740,0.707138407969623,FALSE,"CD8 Tem"
0.161502493066674,10.8181427975377,5.38724138623981,0.0254283583795716,0.26828510199018,1741,0.273496864663059,FALSE,"CD8 Tem"
0.088640212741961,10.8144821350815,0.850850909246011,0.638127390199145,0.923725643266799,1742,0.923932530393636,FALSE,"CD8 Tem"
0.126595248575452,11.0517878620873,2.73288150468185,0.0983023574893846,0.451336885175842,1743,0.456375714642943,FALSE,"CD8 Tem"
0.10614190664453,11.0877581366159,1.54552869984176,0.213797277272025,0.595362376559492,1744,0.598383802043094,FALSE,"CD8 Tem"
0.039477058628245,10.8106361636857,0.29773329439439,0.585307167055497,0.897844206456172,1745,0.89804355881977,FALSE,"CD8 Tem"
0.0920137821463096,10.8925992744838,1.33321477125175,0.480657575674567,0.828283951264323,1746,0.828689579901312,FALSE,"CD8 Tem"
0.134808390091337,10.7915950252027,3.35052901269562,0.217305517516969,0.598901393003443,1747,0.601845315635894,FALSE,"CD8 Tem"
0.0332844575517351,10.7995876430511,0.169674894087708,0.938824359188247,0.998052981074555,1748,0.997419013883782,FALSE,"CD8 Tem"
0.0926242347557296,10.987652546915,1.26880221257837,0.350236306542883,0.727832520333678,1749,0.729576376120631,FALSE,"CD8 Tem"
0.0299014258899492,10.9501396837758,0.0307132455325163,0.939675425613062,0.998052981074555,1750,0.997419013883782,FALSE,"CD8 Tem"
0.0567254996551536,10.7845172182867,0.0110175486763169,0.916404007517403,0.998052981074555,1751,0.997419013883782,FALSE,"CD8 Tem"
0.0601654267833951,10.805204303227,2.04809556232355,0.479657095332942,0.827786697734142,1752,0.828233324510098,FALSE,"CD8 Tem"
0.0492457414253128,10.7734067924266,0.740147472057625,0.92315413647368,0.998052981074555,1753,0.997419013883782,FALSE,"CD8 Tem"
0.0428282296522686,10.7797530720368,1.15902737411339,0.373129402500842,0.745594113692263,1754,0.747148666178942,FALSE,"CD8 Tem"
0.0218970627121306,11.0224191622465,0.0578144346096986,0.809984360714334,0.98465075578324,1755,0.984081489808586,FALSE,"CD8 Tem"
0.0567668081642865,10.7988586769341,0.961979893475974,0.597990108540509,0.902396674601085,1756,0.902573261897596,FALSE,"CD8 Tem"
0.12551835888453,10.8882522108928,1.25797237931876,0.701656350947572,0.946716596698583,1757,0.946767533126253,FALSE,"CD8 Tem"
0.107621485945472,11.0621179837535,1.70782829597103,0.191267932851886,0.576599573945387,1758,0.580113962772058,FALSE,"CD8 Tem"
0.0550039394005237,10.7810947216001,0.313447474266543,0.57557257273749,0.89173485536378,1759,0.891757127164116,FALSE,"CD8 Tem"
-0.0415411109976517,10.7901220430498,0.326582658726135,0.656242258962843,0.927632396570189,1760,0.927184458408043,FALSE,"CD8 Tem"
0.0834333743487285,10.8152776342939,1.13261751578437,0.411745858501064,0.781325984450612,1761,0.782192345624972,FALSE,"CD8 Tem"
0.0788914385960727,10.9246317392232,1.02795248595887,0.310640506214959,0.688979014976525,1762,0.691152501870592,FALSE,"CD8 Tem"
0.0373464470987698,10.9320337849473,0.292138588517994,0.844962689445882,0.994123106138315,1763,0.992951042810604,FALSE,"CD8 Tem"
0.0249002080151527,10.8902695087052,0.108007680863491,0.844274365834151,0.993853213321784,1764,0.992660762308472,FALSE,"CD8 Tem"
0.0523384302171357,10.8450931652121,0.629665215120621,0.87713905593676,0.998052981074555,1765,0.997196667792019,FALSE,"CD8 Tem"
0.00494550269012545,10.8307581107495,0.00122677941959184,0.972059491056361,0.999555952465987,1766,0.99933775641114,FALSE,"CD8 Tem"
0.0715283568910746,10.8336679100092,0.862230211962375,0.379871176778506,0.749270925868036,1767,0.750735508231391,FALSE,"CD8 Tem"
0.180555270095284,10.805152708164,6.37625968631484,0.0149036948321685,0.223829413848177,1768,0.22813072489365,FALSE,"CD8 Tem"
-0.0838550718848944,10.7978895079936,0.963995750000173,0.326182637002851,0.70507048675377,1769,0.707138407969623,FALSE,"CD8 Tem"
-0.00829257602048745,10.9281694658113,0.0234435777894871,0.878309254439052,0.998052981074555,1770,0.997196667792019,FALSE,"CD8 Tem"
0.116368098988049,10.89791005152,2.49984710574431,0.113857932355109,0.48053833337896,1771,0.485181923249982,FALSE,"CD8 Tem"
-0.0171672186707293,10.8003241862954,0.0385735043495039,0.8442960850037,0.993853213321784,1772,0.992660762308472,FALSE,"CD8 Tem"
0.199180619584625,10.8289855718098,8.27166470219929,0.00402701304243909,0.137788988645795,1773,0.142874820204982,FALSE,"CD8 Tem"
0.0456328327669004,10.8008182422894,0.14113569131381,0.867943770822451,0.995699491024715,1774,0.994636546052096,FALSE,"CD8 Tem"
-0.165462888963014,10.939185582181,2.93722021570109,0.0865601491645418,0.427917477706951,1775,0.432711273802828,FALSE,"CD8 Tem"
0.0987762132460483,10.8315844145387,1.68228014764624,0.299034951041306,0.678640178354321,1776,0.680833990892087,FALSE,"CD8 Tem"
0.00891237235296008,10.7910146963857,0.000809697748092412,0.977299118436905,0.999555952465987,1777,0.99933775641114,FALSE,"CD8 Tem"
0.0779602518000915,10.9073300983243,1.6765248479522,0.219158659028019,0.600263592518844,1778,0.60319902136339,FALSE,"CD8 Tem"
0.0941263986826748,10.9067180657949,1.28674336087872,0.272628405137529,0.654206545511852,1779,0.656841392499593,FALSE,"CD8 Tem"
-0.053309251921521,10.8572273576149,0.281023510069876,0.693572166930132,0.94404569751011,1780,0.944019585248246,FALSE,"CD8 Tem"
0.0191922596698279,10.8837113750519,0.0552841481234904,0.981030366847138,0.999555952465987,1781,0.99933775641114,FALSE,"CD8 Tem"
0.0711666108164133,10.7900170902797,0.844748037464143,0.672679008889786,0.934198289144937,1782,0.933615819388617,FALSE,"CD8 Tem"
0.216902436961636,10.8480134628243,8.47587114020092,0.00359902598715861,0.128762075894421,1783,0.133474686959383,FALSE,"CD8 Tem"
0.0972544589206334,10.9178088963032,1.59492515390814,0.20662441682609,0.586339330480869,1784,0.589576916815288,FALSE,"CD8 Tem"
0.0818462134720517,10.7907980705977,1.46922142566751,0.232547268122164,0.611406073508302,1785,0.614197264609974,FALSE,"CD8 Tem"
0.0415292473742215,10.8354117372499,0.339838569037378,0.559922659313888,0.880812790642286,1786,0.881222622255085,FALSE,"CD8 Tem"
0.125778202281444,10.8151653579018,2.53666775723425,0.111229887425622,0.475924752913124,1787,0.480862762294893,FALSE,"CD8 Tem"
0.116359485773514,10.8922268074017,2.08078593285835,0.159344769308582,0.543759440391001,1788,0.548567015206645,FALSE,"CD8 Tem"
-0.0495239867149199,11.0682398634731,0.341329198175971,0.559063228755224,0.880812790642286,1789,0.881222622255085,FALSE,"CD8 Tem"
0.157177717110125,10.9454392816042,3.41355014835515,0.112268296423459,0.478013819901562,1790,0.482759902791378,FALSE,"CD8 Tem"
0.134848379021743,10.8359560391146,2.09511059901848,0.14777159402487,0.52544777049669,1791,0.529969752905587,FALSE,"CD8 Tem"
-0.101037819061173,10.8087528700893,1.57448724413717,0.209557090815092,0.591009033876843,1792,0.59423972877114,FALSE,"CD8 Tem"
0.032899672991596,10.9164593711957,0.073200740353471,0.965006463518748,0.999555952465987,1793,0.99933775641114,FALSE,"CD8 Tem"
-0.0519458904383711,10.8516530312065,0.553839891781484,0.506183682035042,0.847773798380493,1794,0.848603046800307,FALSE,"CD8 Tem"
0.0992291334100432,11.1636728636383,1.69194369831519,0.193345495844418,0.576599573945387,1795,0.580113962772058,FALSE,"CD8 Tem"
0.187651377301886,10.8548795101907,7.17419035318159,0.00739620397793547,0.171348640158618,1796,0.175533404150049,FALSE,"CD8 Tem"
0.0254636535476685,11.0719569521607,0.0620747322530575,0.803246385378969,0.983771632949457,1797,0.983097029076725,FALSE,"CD8 Tem"
0.127014888035624,10.9560202637625,2.55450209543808,0.85872928874254,0.99428967969476,1798,0.993016433540451,FALSE,"CD8 Tem"
0.0833478178740762,10.8490004899287,1.40566664174997,0.235777607186002,0.61340705207693,1799,0.61618006039465,FALSE,"CD8 Tem"
0.0679212197269485,10.9436225026451,0.749259758296479,0.386711078519468,0.756388326299456,1800,0.757647462064581,FALSE,"CD8 Tem"
0.0460794678344834,10.8025144707067,0.509463182343546,0.762063081793002,0.970648162533933,1801,0.969932820526043,FALSE,"CD8 Tem"
-0.00955274061115818,10.7778799208325,0.111749023736802,0.799760365961121,0.983094179255267,1802,0.982525414321423,FALSE,"CD8 Tem"
0.0427950372614032,11.0768695870365,0.757058590664798,0.672407095794494,0.934198289144937,1803,0.933615819388617,FALSE,"CD8 Tem"
0.192997738115028,10.7924407131059,6.31832264694446,0.075430347056238,0.40940828980118,1804,0.414318427262578,FALSE,"CD8 Tem"
-0.00306269790927747,10.8066109155834,0.0151801014226427,0.923704649752276,0.998052981074555,1805,0.997419013883782,FALSE,"CD8 Tem"
-0.0879964591759578,10.8499132526482,1.42440221609209,0.24613257078631,0.624788169388826,1806,0.627926810054199,FALSE,"CD8 Tem"
0.123553350523174,10.8715919826646,2.6599766945833,0.10290282093038,0.458823177154036,1807,0.463816378642694,FALSE,"CD8 Tem"
0.116383616120799,10.7795079880696,2.38531838483231,0.311221000463259,0.689517795847867,1808,0.691730649666512,FALSE,"CD8 Tem"
0.0819921021831687,10.7835533997167,1.23232857290709,0.674064337252514,0.935004143406303,1809,0.934484113661301,FALSE,"CD8 Tem"
0.11165386465997,11.0134835754668,1.85983906682972,0.172643939521205,0.562537079781247,1810,0.566491019447044,FALSE,"CD8 Tem"
0.114170270834036,10.9493933863958,1.80264588087567,0.339737633111188,0.718055503960787,1811,0.719935119835174,FALSE,"CD8 Tem"
-0.0209416890784752,10.8052790937797,0.0890491604984737,0.765389562974947,0.970648162533933,1812,0.969932820526043,FALSE,"CD8 Tem"
0.0699948728195596,10.8162190565968,1.23958792516659,0.417176439590356,0.78363797275232,1813,0.784412444247541,FALSE,"CD8 Tem"
0.00860635128573342,11.0225434604104,0.00330939274809548,0.954125163652128,0.998792738272799,1814,0.998419183355519,FALSE,"CD8 Tem"
0.114502016884552,10.8017937224255,2.76076488831498,0.18611040285384,0.572836490194472,1815,0.576966921832522,FALSE,"CD8 Tem"
0.0157646974172412,10.943436308536,0.18736452714046,0.665119382065012,0.931980487042104,1816,0.931551799415235,FALSE,"CD8 Tem"
-0.0817475181056337,10.8828241999027,1.18179096179845,0.276992174249052,0.657982197662756,1817,0.66083494564551,FALSE,"CD8 Tem"
0.101854373740106,10.8228723782658,2.98895614571026,0.187136694899135,0.574124517134484,1818,0.578224219024099,FALSE,"CD8 Tem"
0.0290908625707547,10.8991904519225,0.156759651514572,0.709297497780562,0.950803852234717,1819,0.950733864693646,FALSE,"CD8 Tem"
0.154864607707445,10.7947702962481,4.54806904312328,0.047831271439477,0.343307474483036,1820,0.348575081545,FALSE,"CD8 Tem"
0.0952569098962022,10.8022895745456,1.37832142419995,0.240387790672013,0.618178842583216,1821,0.621272721048706,FALSE,"CD8 Tem"
0.103229583167913,10.7770438296862,2.29330191478411,0.277000460766217,0.657982197662756,1822,0.66083494564551,FALSE,"CD8 Tem"
0.139364986536938,10.791292258397,3.61587646748404,0.347595169773045,0.724636994448423,1823,0.726366900786645,FALSE,"CD8 Tem"
0.179386306911413,10.7907255153826,6.02641795254199,0.0201590989908521,0.242705906983609,1824,0.248523388346185,FALSE,"CD8 Tem"
0.0470916541008803,11.2181508963582,0.36101819462091,0.906029681194246,0.998052981074555,1825,0.997419013883782,FALSE,"CD8 Tem"
0.0693206452194325,10.9485590379878,0.652850527248245,0.419095734790289,0.78534015411347,1826,0.786070359121296,FALSE,"CD8 Tem"
0.0181567517831494,10.9879675508449,0.0615646160023293,0.804039968893437,0.983771632949457,1827,0.983097029076725,FALSE,"CD8 Tem"
-0.0378135386071633,10.8696270367434,0.183827608062176,0.66810445164806,0.933039607489205,1828,0.932571079107395,FALSE,"CD8 Tem"
0.0557277778450821,10.9605916769724,0.532822407299961,0.573578054851295,0.890721713894282,1829,0.890703458567881,FALSE,"CD8 Tem"
0.143379029004104,10.8483379617497,3.31724147248204,0.0685573199884059,0.392004651373894,1830,0.396975663954345,FALSE,"CD8 Tem"
-0.0790988397762918,10.9286321590771,0.741115349548061,0.389304205300185,0.758547909028555,1831,0.759822490863281,FALSE,"CD8 Tem"
0.150506112138793,10.8402026596224,4.6107359403789,0.0811755153469518,0.417179361191904,1832,0.421941489479762,FALSE,"CD8 Tem"
0.102251779660049,10.8884141389049,1.74706590911871,0.186246569668532,0.572836490194472,1833,0.576966921832522,FALSE,"CD8 Tem"
0.238949390030672,10.8677062712056,12.1794991028936,0.00569491346335031,0.161364793156166,1834,0.165144919437821,FALSE,"CD8 Tem"
0.196906238001067,10.8338752523394,13.0882827794745,0.000297175504418067,0.0371184170601057,1835,0.0385177421221443,TRUE,"CD8 Tem"
0.0914022555020311,10.9120591424431,1.26720765990726,0.325770378146634,0.70507048675377,1836,0.707138407969623,FALSE,"CD8 Tem"
0.125130290897859,10.9793095837923,2.90426565697722,0.0883460525917601,0.431615011138945,1837,0.436535223031574,FALSE,"CD8 Tem"
0.0865634579999165,10.7824944886181,2.28493648968452,0.493329042971192,0.839102428048876,1838,0.839739265515868,FALSE,"CD8 Tem"
0.0297944103688054,10.8712170590633,0.10051181053094,0.78381423607728,0.973176725038822,1839,0.972570558146486,FALSE,"CD8 Tem"
0.10208066147528,10.8370988996747,2.19076105174077,0.193717979962692,0.576599573945387,1840,0.580113962772058,FALSE,"CD8 Tem"
0.171471516560741,10.9327993031212,5.21967094981957,0.0223331595850653,0.252115352500337,1841,0.257649295067659,FALSE,"CD8 Tem"
-0.118512284152273,10.8379798533833,2.25267091203668,0.13338458492667,0.509557971779627,1842,0.514125468561139,FALSE,"CD8 Tem"
-0.00375489732768038,10.8124222021765,0.520892129552023,0.62860080916839,0.920925397469964,1843,0.921166658347433,FALSE,"CD8 Tem"
0.218337698834239,10.9550679537592,6.85752339079238,0.0091193400113803,0.18104445700774,1844,0.185683380724195,FALSE,"CD8 Tem"
0.11946348317752,10.9179795426495,2.35465010141107,0.124910490547048,0.497896485959987,1845,0.502179044578922,FALSE,"CD8 Tem"
0.0656643840061235,10.7949107710102,0.696425100381502,0.475523002447598,0.824407503023157,1846,0.824784850486183,FALSE,"CD8 Tem"
0.0561475261684179,10.9267452019959,0.667949831587109,0.413767661250331,0.782782075018148,1847,0.783467005840366,FALSE,"CD8 Tem"
0.19662318109808,11.1070508262941,6.31298693380537,0.0119859616395049,0.204963360807038,1848,0.209868950837161,FALSE,"CD8 Tem"
0.0388023681209359,10.977793672077,0.221967617503891,0.968329912659109,0.999555952465987,1849,0.99933775641114,FALSE,"CD8 Tem"
0.00970804320892701,10.7973231745526,0.00142529905171675,0.969884526001108,0.999555952465987,1850,0.99933775641114,FALSE,"CD8 Tem"
0.195643061742798,10.9236066258844,6.92083578273909,0.0104885056843719,0.194563926879323,1851,0.19940936524886,FALSE,"CD8 Tem"
0.0856555643156515,10.7844850262389,1.57031685863477,0.282372374866714,0.66515833235115,1852,0.667972450729938,FALSE,"CD8 Tem"
0.0793437089093591,10.9776266424537,1.24531090615273,0.264450454991409,0.646265204732314,1853,0.648965185441338,FALSE,"CD8 Tem"
-0.0317318866075595,10.8016557616162,0.288995325248473,0.848430616614836,0.994123106138315,1854,0.992964235102643,FALSE,"CD8 Tem"
0.128608483247585,10.8488536909279,2.93066158650166,0.0869124397470716,0.428663581403637,1855,0.433454683812413,FALSE,"CD8 Tem"
0.0739739244373082,10.8398627628644,0.904881978487721,0.440710653794236,0.800147233504992,1856,0.800649000798057,FALSE,"CD8 Tem"
0.0359292178441552,10.8648284307141,0.264767630452345,0.715920385840224,0.954628931921698,1857,0.954483034036707,FALSE,"CD8 Tem"
0.0407695549652896,10.9060346036422,0.376004667883401,0.801922592449656,0.983771632949457,1858,0.983097029076725,FALSE,"CD8 Tem"
0.110030708996461,10.859907825778,2.14027113861124,0.273955828317313,0.654862889111178,1859,0.6575819489498,FALSE,"CD8 Tem"
0.244373601211014,10.7828084516195,14.1328920761954,0.00104705678222932,0.0737857741537662,1860,0.0769014291267862,TRUE,"CD8 Tem"
-0.0937624789219284,10.8523389674351,1.50146280685311,0.220446952667197,0.600907864508384,1861,0.603895448998551,FALSE,"CD8 Tem"
-0.0311407369441954,10.8309884818506,0.165144799105006,0.684463486800881,0.939344844234552,1862,0.939080274436522,FALSE,"CD8 Tem"
0.227886351285506,10.8835261958537,8.67509357333546,0.00322601942535424,0.125035136227688,1863,0.129300088465546,FALSE,"CD8 Tem"
0.0977532919873517,10.859469148405,1.72070843719481,0.189602432479802,0.575988864102303,1864,0.579916660267718,FALSE,"CD8 Tem"
0.145285535791831,10.8838073931048,3.03449559491367,0.0815124449427827,0.41842098313247,1865,0.423237336096788,FALSE,"CD8 Tem"
0.0976808345541929,10.8236922106795,3.08072690065248,0.19644140012506,0.579995084334507,1866,0.583373446113157,FALSE,"CD8 Tem"
0.067030461458545,10.8113548178454,0.930811265343643,0.50648994974918,0.847773798380493,1867,0.848603046800307,FALSE,"CD8 Tem"
0.158997194995601,10.9691201268706,4.27770040259168,0.0386160300983878,0.322040108402794,1868,0.326509872573005,FALSE,"CD8 Tem"
-0.0673183419634508,10.7864623296634,0.82472694010779,0.363802136797808,0.739169033499065,1869,0.740975952276615,FALSE,"CD8 Tem"
0.0561940006352604,10.8729655859446,0.756876368843371,0.873476874621485,0.998052981074555,1870,0.997196667792019,FALSE,"CD8 Tem"
0.067650610244715,10.9013334045679,0.961828489578059,0.595167363392051,0.901375254684607,1871,0.901628552306797,FALSE,"CD8 Tem"
-0.000149102759339634,10.8669612134858,0.0597559649205117,0.970066039732592,0.999555952465987,1872,0.99933775641114,FALSE,"CD8 Tem"
0.0695067113715986,10.8258059808755,0.62534715871953,0.50504273764402,0.847385920917149,1873,0.848236288887234,FALSE,"CD8 Tem"
0.0673510550443561,10.932564052998,0.649741274921621,0.513938404256453,0.85265158685621,1874,0.853389650700993,FALSE,"CD8 Tem"
0.0284004442935985,11.0587098184419,0.0920178141192117,0.761627542521219,0.970648162533933,1875,0.969932820526043,FALSE,"CD8 Tem"
0.0387078231266587,11.2456110470673,0.204836774152876,0.650844924404422,0.927632396570189,1876,0.927184458408043,FALSE,"CD8 Tem"
-0.00633396264002059,10.8183132885888,0.313923784468413,0.575282547091591,0.89158251466944,1877,0.891546175490296,FALSE,"CD8 Tem"
0.213945645599229,11.0550979608691,6.76720989697877,0.00928503906070072,0.18104445700774,1878,0.185683380724195,FALSE,"CD8 Tem"
0.0653180393964477,11.023146095483,0.519335652058242,0.73856653200213,0.962347129236196,1879,0.961932074408799,FALSE,"CD8 Tem"
0.0536564864619176,10.8718863144043,0.762029177345982,0.605731255966269,0.907036726174861,1880,0.907087126064257,FALSE,"CD8 Tem"
0.066943431412667,10.9201697567009,0.712091663788549,0.478723923297746,0.827096941774821,1881,0.827437331812299,FALSE,"CD8 Tem"
-0.0085949040540986,10.8213260492207,0.00502235082617156,0.997652540851192,0.999586809026043,1882,0.999570714308422,FALSE,"CD8 Tem"
0.0173709231392667,10.9251840054545,0.0684690006217979,0.898138530540451,0.998052981074555,1883,0.997419013883782,FALSE,"CD8 Tem"
0.0159874354474387,10.8658811233464,0.00794978807971288,0.928953527996086,0.998052981074555,1884,0.997419013883782,FALSE,"CD8 Tem"
0.0193091622442119,10.7891596707656,0.445602052021131,0.89190113234668,0.998052981074555,1885,0.997419013883782,FALSE,"CD8 Tem"
-0.0569658168684333,10.8510981930625,0.584390635062229,0.454980352153117,0.812913537661887,1886,0.81348561169483,FALSE,"CD8 Tem"
0.0416658167454243,11.1946255994666,0.302752371713993,0.582162279739738,0.895969307384303,1887,0.896116413419564,FALSE,"CD8 Tem"
-0.0685344224165942,10.770923012028,0.99562888591759,0.318370949881512,0.700694013534187,1888,0.702798618447998,FALSE,"CD8 Tem"
0.182652634703558,11.0257766747456,5.22048858628908,0.0223226615265308,0.252115352500337,1889,0.257649295067659,FALSE,"CD8 Tem"
0.0619143712158652,10.8893236247223,0.564215682076575,0.452566974358398,0.810507892853643,1890,0.811206580683739,FALSE,"CD8 Tem"
0.0481791125253593,10.8251190313282,0.427614918935528,0.6372944442235,0.923129790751015,1891,0.923322796570863,FALSE,"CD8 Tem"
-0.0443470506633393,10.9594571651761,0.339703366876095,0.560000735740537,0.880812790642286,1892,0.881222622255085,FALSE,"CD8 Tem"
0.0734201413922426,10.822741062517,0.94704823162805,0.330472216905197,0.706718064262907,1893,0.708624245752453,FALSE,"CD8 Tem"
0.0101700236371894,10.8728696287213,0.0164919068812085,0.953087570848966,0.998155886516222,1894,0.997808704959348,FALSE,"CD8 Tem"
0.443127217245969,10.9043207980775,32.0125706123195,1.53254735580755e-08,7.12787775186091e-05,1895,7.41396853938935e-05,TRUE,"CD8 Tem"
0.033723899032432,10.9236659476995,0.140928886399328,0.809939671457184,0.98465075578324,1896,0.984081489808586,FALSE,"CD8 Tem"
0.00950755369865269,10.8412209187305,0.0122157631260961,0.911993109792206,0.998052981074555,1897,0.997419013883782,FALSE,"CD8 Tem"
-0.0782177135485489,10.8662140670023,1.09197159515306,0.296035243855153,0.676080764656786,1898,0.678483436312098,FALSE,"CD8 Tem"
0.0351392785772929,10.8682503318128,0.429105526318557,0.512428456412344,0.852093225160462,1899,0.852881872796863,FALSE,"CD8 Tem"
0.0850699488801724,10.8326086722638,1.75802612932164,0.184871465793813,0.572836490194472,1900,0.576966921832522,FALSE,"CD8 Tem"
0.0478135553468976,10.866105890734,0.322765869663363,0.569950414972897,0.887992821395689,1901,0.888120536722646,FALSE,"CD8 Tem"
0.047571272649806,10.9446826951845,0.226699284767944,0.63398232471638,0.922318358541096,1902,0.922430609596621,FALSE,"CD8 Tem"
0.0938842992953738,10.8747714621927,1.41509135205927,0.234213554190841,0.611698146844228,1903,0.614404520702286,FALSE,"CD8 Tem"
-0.061589930673414,10.7923685356707,0.64298500449666,0.447718321119156,0.807420671394026,1904,0.80806755640102,FALSE,"CD8 Tem"
0.155582047705199,11.1540593009789,4.05267777626135,0.0441018283340451,0.333874166694882,1905,0.339097074433558,FALSE,"CD8 Tem"
-0.0433781298622102,10.8052842741654,0.197258439778833,0.656943091229403,0.928108233559018,1906,0.927604573007048,FALSE,"CD8 Tem"
0.0202097814257128,11.040252706576,0.0958875005659669,0.914682962358567,0.998052981074555,1907,0.997419013883782,FALSE,"CD8 Tem"
0.111123496763339,10.78831276669,2.68927801429605,0.101026158182795,0.455666255397443,1908,0.460670472697022,FALSE,"CD8 Tem"
-0.128973170778099,10.844214645645,2.26522019105508,0.132307986241674,0.508986306046341,1909,0.513467864638347,FALSE,"CD8 Tem"
-0.13130701094892,10.8850250558127,3.1469432233963,0.0760698997779339,0.410062225259194,1910,0.41480977940662,FALSE,"CD8 Tem"
0.0654081319110989,10.9149379915218,1.03630904517746,0.330642551674067,0.706718064262907,1911,0.708624245752453,FALSE,"CD8 Tem"
0.149417563028509,11.3295828902049,3.28944058268045,0.06972732548089,0.39309307977166,1912,0.398045034946192,FALSE,"CD8 Tem"
0.00967004408213632,11.1342522041273,0.0496967451474185,0.823591885936581,0.989770193906614,1913,0.98892814648977,FALSE,"CD8 Tem"
0.0887750006385323,11.0984751085323,1.18355576783405,0.27663378080575,0.657982197662756,1914,0.66083494564551,FALSE,"CD8 Tem"
0.0168248370578319,11.094125692383,0.0182276891443132,0.892604049881752,0.998052981074555,1915,0.997419013883782,FALSE,"CD8 Tem"
-0.0604709266439057,10.8689130344302,0.795667924027038,0.37239214785561,0.744944464376964,1916,0.746531184760372,FALSE,"CD8 Tem"
0.200732908215932,10.8600869596736,7.78459207819457,0.0052695519884366,0.153179289363867,1917,0.157234436971028,FALSE,"CD8 Tem"
0.0894922621529879,11.1237935846935,0.99071833259035,0.331420685400973,0.707405969619057,1918,0.709268065982791,FALSE,"CD8 Tem"
-0.00483420331923056,10.8093129097325,0.241000367783643,0.704114009549962,0.948128042390525,1919,0.948182012534061,FALSE,"CD8 Tem"
0.217865421210752,11.0083479140948,7.03403625513227,0.0356128188653358,0.316097749127246,1920,0.320503037975419,FALSE,"CD8 Tem"
0.0478291272004992,10.7938039833856,0.646051809530877,0.831538096563098,0.991750133480293,1921,0.99056017316442,FALSE,"CD8 Tem"
0.151563785308747,10.8286799076388,4.67898872780638,0.212669577202048,0.594297843838547,1922,0.597476038939469,FALSE,"CD8 Tem"
0.218950570849954,10.7962858353126,9.49187434962945,0.0125707400696111,0.205401034996068,1923,0.210342218626227,FALSE,"CD8 Tem"
0.0266245152494068,10.7523689382927,0.190601445500627,0.81163973164615,0.98465075578324,1924,0.984081489808586,FALSE,"CD8 Tem"
0.0668318980946341,10.8920637942298,0.834336654494074,0.361021934877511,0.738143857696557,1925,0.739828298493786,FALSE,"CD8 Tem"
-0.018982361311123,10.8173753849841,0.147731183843271,0.700713167842171,0.94628831115968,1926,0.946314815221057,FALSE,"CD8 Tem"
0.142117404141081,10.9689819338319,3.12489523891412,0.136406187421716,0.511100907707859,1927,0.515519028890937,FALSE,"CD8 Tem"
0.161494201062013,11.0486005347068,3.73805689407053,0.0531867801699468,0.359935552420026,1928,0.364737830025708,FALSE,"CD8 Tem"
-0.0985533695870788,11.1087898215492,1.55150555536392,0.212913854014316,0.594395159075981,1929,0.597522583903698,FALSE,"CD8 Tem"
-0.0486729841443688,10.9441257747142,0.452860048217924,0.63375048379612,0.922318358541096,1930,0.922430609596621,FALSE,"CD8 Tem"
0.106987551733872,10.8463770907499,1.72546849392714,0.188991202663739,0.575836750775662,1931,0.579836033432673,FALSE,"CD8 Tem"
0.0696551811785122,10.7900279372945,1.83010618442155,0.36027551522253,0.737193762120539,1932,0.73890208909731,FALSE,"CD8 Tem"
-0.120892679666295,10.8225529221841,3.39881459555958,0.151039881480203,0.531783867346272,1933,0.536118051140554,FALSE,"CD8 Tem"
0.166344460390909,11.0414912596596,4.38610862046532,0.0362333828608271,0.317294549471818,1934,0.32188944579677,FALSE,"CD8 Tem"
0.261347312701816,11.0869991250021,10.4130771618842,0.00125133470305908,0.0840896426735278,1935,0.0873433883595063,TRUE,"CD8 Tem"
0.116414980055331,10.9499466734835,2.00287933899344,0.270320190585865,0.651040126565739,1936,0.653688205975315,FALSE,"CD8 Tem"
0.0943716803034257,10.9843022663101,1.58815674644095,0.226303883272366,0.606223555422589,1937,0.609243256218417,FALSE,"CD8 Tem"
-0.0123380439412642,10.8888147845524,3.24606930092466e-05,0.995454136340944,0.999555952465987,1938,0.999488816091444,FALSE,"CD8 Tem"
0.0406162930631671,11.0035825356812,0.189091537492127,0.663673973282149,0.931980487042104,1939,0.931551799415235,FALSE,"CD8 Tem"
-0.0361305128119476,10.8164935473446,0.271018340726593,0.676312630554601,0.935004143406303,1940,0.934523710704597,FALSE,"CD8 Tem"
0.0699110401011927,10.8672035691224,0.846630005216621,0.357507852243458,0.735659665759861,1941,0.737395739091682,FALSE,"CD8 Tem"
-0.0356317470311432,10.8505413802039,0.0104937718457522,0.918408177114805,0.998052981074555,1942,0.997419013883782,FALSE,"CD8 Tem"
0.0712770210904716,10.8638572247119,0.955908611230274,0.328220292079262,0.705842818953881,1943,0.707978028243897,FALSE,"CD8 Tem"
0.103762012068627,10.7928894861641,2.53705201622294,0.230162391938164,0.608576057364641,1944,0.611452096949279,FALSE,"CD8 Tem"
0.00800454390179726,10.836976472887,0.0415204351022304,0.838536722782769,0.99333103191068,1945,0.991993002570708,FALSE,"CD8 Tem"
0.101175790391707,10.9391724883699,1.62059373075971,0.203009564021052,0.584388947291884,1946,0.587755887739446,FALSE,"CD8 Tem"
0.0742540868190629,10.8320792174652,1.11316892323483,0.291394599352568,0.672385778489522,1947,0.67499185863568,FALSE,"CD8 Tem"
-0.0156435081218621,10.8742201898951,0.0126140905705988,0.910575697383322,0.998052981074555,1948,0.997419013883782,FALSE,"CD8 Tem"
0.0181080992482065,10.783230710323,0.00674451444696174,0.934547349052997,0.998052981074555,1949,0.997419013883782,FALSE,"CD8 Tem"
0.0427111580678771,10.7957120123373,0.628209807517834,0.937668163159255,0.998052981074555,1950,0.997419013883782,FALSE,"CD8 Tem"
-0.0352306607513484,11.0309784749041,0.284678887503929,0.593650996749938,0.901375254684607,1951,0.901610060627415,FALSE,"CD8 Tem"
0.0860108174524855,10.8989478834449,0.947410893226971,0.330379641561033,0.706718064262907,1952,0.708624245752453,FALSE,"CD8 Tem"
-0.114025072933579,10.8985007508503,2.28303321672391,0.130796432660032,0.505210424804994,1953,0.509620538549964,FALSE,"CD8 Tem"
0.0448692525360141,10.8503902523846,0.257629924397344,0.836365633137615,0.993026592539239,1954,0.991818437237893,FALSE,"CD8 Tem"
0.0766486339456534,10.8834474568198,1.0994702556871,0.29438285612007,0.67517181385459,1955,0.67762764406075,FALSE,"CD8 Tem"
-0.0529990190697829,10.970614283217,0.309917721757684,0.577730907878222,0.89313510496564,1956,0.893242871971805,FALSE,"CD8 Tem"
0.0679069192390948,10.9066022933692,0.785602594815994,0.567872929327965,0.886896237174065,1957,0.887137641933204,FALSE,"CD8 Tem"
0.143912034044156,10.76093893998,4.30975299704115,0.0378949317785746,0.320852335200749,1958,0.325422034682078,FALSE,"CD8 Tem"
0.0591348521520322,10.7750324464594,2.19090588909732,0.138828223545545,0.513135341832123,1959,0.517443840089638,FALSE,"CD8 Tem"
0.102968154566767,10.878764427588,2.01985669343777,0.155254366220657,0.538871684546473,1960,0.543680676659689,FALSE,"CD8 Tem"
0.05999947012667,10.8779922688818,0.809371040482131,0.724316802836735,0.958249374209005,1961,0.95814340344221,FALSE,"CD8 Tem"
0.169789573772248,10.8304258508171,4.79797374706501,0.0498984127031781,0.349618321997851,1962,0.354332694587655,FALSE,"CD8 Tem"
0.170015659552531,10.9514736736108,4.52583983425743,0.0333871334614925,0.302696993624564,1963,0.307006252513368,FALSE,"CD8 Tem"
0.135961588501195,10.9071237888174,3.55111083091142,0.192922600730737,0.576599573945387,1964,0.580113962772058,FALSE,"CD8 Tem"
-0.0549037337116243,10.9020210861247,0.523592427338545,0.469313575838539,0.819976499333226,1965,0.820261021077938,FALSE,"CD8 Tem"
0.129392868500146,10.8361144378884,3.90373652931311,0.048179345962035,0.344741750876038,1966,0.350031551394959,FALSE,"CD8 Tem"
0.0576549447972422,10.9038587986053,0.166140820303278,0.846725649397831,0.994123106138315,1967,0.992964235102643,FALSE,"CD8 Tem"
0.0430308912904695,10.9090528281375,0.554464506995813,0.726410203826307,0.95918204286153,1968,0.959068036710422,FALSE,"CD8 Tem"
0.0348046580669076,10.8167072959659,0.155300937752896,0.720802528300578,0.956297567969053,1969,0.956183284806637,FALSE,"CD8 Tem"
-0.00111531024137014,10.9443018874892,0.000249554757805851,0.987396106467606,0.999555952465987,1970,0.99933775641114,FALSE,"CD8 Tem"
0.161824369798707,10.8283845069266,4.86735325401761,0.0673830690293152,0.390644861139283,1971,0.395546598787987,FALSE,"CD8 Tem"
0.124492300936346,11.0226691396027,2.96570400722773,0.0850479980771221,0.426958847281545,1972,0.432042991570983,FALSE,"CD8 Tem"
0.100660235471125,10.7772783770083,1.64595158580573,0.199511385192802,0.582069424456339,1973,0.585475935318478,FALSE,"CD8 Tem"
0.0207649709984682,11.0019831021491,0.0770935353016132,0.967133951208857,0.999555952465987,1974,0.99933775641114,FALSE,"CD8 Tem"
0.0468330434466664,11.0066679298152,0.263945384684257,0.607422695727932,0.907220950437234,1975,0.907226048084403,FALSE,"CD8 Tem"
0.0796895511398798,10.8342003639565,0.939562701703992,0.332390759778401,0.707528340379562,1976,0.709425372615899,FALSE,"CD8 Tem"
0.0112447310210796,10.8603888471725,0.000126791558254568,0.99101587358553,0.999555952465987,1977,0.99933775641114,FALSE,"CD8 Tem"
0.082139717933462,11.1299250987402,1.12693022628564,0.416156277895513,0.78363797275232,1978,0.784412444247541,FALSE,"CD8 Tem"
-0.0244894866081941,11.0448981863765,0.070987177704032,0.88151836279096,0.998052981074555,1979,0.997419013883782,FALSE,"CD8 Tem"
0.127691092128116,10.8961061065218,3.32263736512813,0.235814192456149,0.61340705207693,1980,0.61618006039465,FALSE,"CD8 Tem"
0.0647671449776918,10.8260553015317,0.822065798734627,0.364577267872581,0.739169033499065,1981,0.740975952276615,FALSE,"CD8 Tem"
0.071166348414908,10.7774789826395,0.997602512444182,0.378846075027442,0.748682180305617,1982,0.750170681905695,FALSE,"CD8 Tem"
-0.020609768536266,10.7984084762228,0.144853030141018,0.878407059632218,0.998052981074555,1983,0.997196667792019,FALSE,"CD8 Tem"
0.145488612737559,10.7964157858879,2.96353263488951,0.212570563674638,0.594297843838547,1984,0.597476038939469,FALSE,"CD8 Tem"
0.0367395067330414,10.9056049608838,0.154610986245378,0.69416746646685,0.94414161127268,1985,0.94421134652191,FALSE,"CD8 Tem"
0.21962198473381,11.0551146342561,6.123933831939,0.0133366718240276,0.212427604977918,1986,0.21695462242077,FALSE,"CD8 Tem"
0.0882549022232441,10.8244093125517,1.18878831574968,0.820385360815193,0.987221814528193,1987,0.986416759062835,FALSE,"CD8 Tem"
-0.110317270533764,10.8195919769105,2.43360342620461,0.211093238278659,0.592871166204131,1988,0.596139795154478,FALSE,"CD8 Tem"
0.0684073240023613,11.0183610616739,0.985562807668777,0.320829728046347,0.70280581713568,1989,0.704800742800634,FALSE,"CD8 Tem"
0.0153938320457838,10.7666287003352,0.0342292558827471,0.883512379185055,0.998052981074555,1990,0.997419013883782,FALSE,"CD8 Tem"
0.107555379563114,10.9902977895043,2.29695743301445,0.129628280436402,0.504519775991386,1991,0.508704233428601,FALSE,"CD8 Tem"
0.0832178250679462,10.8177382407573,1.63212149349094,0.227837612292295,0.607173567870199,1992,0.610083372596426,FALSE,"CD8 Tem"
0.166677406759993,10.9072195498889,5.37154557391339,0.020468202561134,0.242705906983609,1993,0.248523388346185,FALSE,"CD8 Tem"
0.0151399777958871,10.8678747788724,0.0358085036451499,0.84991156871734,0.994123106138315,1994,0.992964235102643,FALSE,"CD8 Tem"
-0.0915829157620896,10.8062398320322,1.55733613353109,0.212056225149537,0.594297843838547,1995,0.597476038939469,FALSE,"CD8 Tem"
-0.0697742944688275,10.9935254290768,0.768316211964258,0.380738837098261,0.749574671844274,1996,0.750988672958161,FALSE,"CD8 Tem"
0.0989126608436486,10.9078905600751,1.60086319818187,0.483458564778751,0.831744696473625,1997,0.832146635443261,FALSE,"CD8 Tem"
0.0182056133962027,11.008282976244,0.0482845419272901,0.826075727813444,0.990737031990802,1998,0.989893884974023,FALSE,"CD8 Tem"
-0.00650180891688456,10.8012084461652,0.196659032436259,0.657431378415479,0.928108233559018,1999,0.927604573007048,FALSE,"CD8 Tem"
0.0914186489234718,10.9695866880587,1.37569397306419,0.240836497690245,0.618178842583216,2000,0.621272721048706,FALSE,"CD8 Tem"
-0.0192406182854463,10.8345543943286,0.0585574061053225,0.94773537070594,0.998155886516222,2001,0.997789883574633,FALSE,"CD8 Tem"
0.0275611104056365,10.8810840727761,0.112255359148668,0.737591036876214,0.962347129236196,2002,0.961932074408799,FALSE,"CD8 Tem"
0.135770936805331,10.860944225093,3.57852856011857,0.061911846070521,0.376439717295839,2003,0.381386023832043,FALSE,"CD8 Tem"
0.117717592516557,10.7725432371996,2.43803542565169,0.417859029838755,0.783979323143002,2004,0.784812715411339,FALSE,"CD8 Tem"
-0.109556507914386,10.8015675642652,0.467634695922278,0.597433164070227,0.902396674601085,2005,0.902573261897596,FALSE,"CD8 Tem"
0.143617429496523,10.9068740627608,2.9215418357705,0.0874048811022945,0.430180002123568,2006,0.435107398283318,FALSE,"CD8 Tem"
0.0808309529827752,10.889928270398,1.10140908359118,0.293957543310116,0.675158782190296,2007,0.67762764406075,FALSE,"CD8 Tem"
0.104079221460772,10.8600494384357,2.53636256593722,0.830635135717116,0.991750133480293,2008,0.99056017316442,FALSE,"CD8 Tem"
0.187261599025212,11.079904001585,5.28599729800748,0.0214979533581325,0.246273352385897,2009,0.251987834547558,FALSE,"CD8 Tem"
0.0151054922832448,10.9993519111283,0.0163297960489511,0.917657804103573,0.998052981074555,2010,0.997419013883782,FALSE,"CD8 Tem"
0.107439401361925,10.8337048965997,2.81723149256138,0.179342489017817,0.568132206150046,2011,0.572044926624278,FALSE,"CD8 Tem"
0.0757665938125374,11.0239911311879,0.939046745108592,0.459182180880365,0.815463881778145,2012,0.816042935829816,FALSE,"CD8 Tem"
-0.00381879787449369,10.8411648778385,0.00560777606446638,0.962409677155913,0.999555952465987,2013,0.99933775641114,FALSE,"CD8 Tem"
0.0586877674261307,10.7829205957465,0.564508934112397,0.452449532740032,0.810507892853643,2014,0.811206580683739,FALSE,"CD8 Tem"
0.158732928036332,10.9722032559916,3.95746738733907,0.0466643603978771,0.339811281412688,2015,0.345094563683057,FALSE,"CD8 Tem"
0.02449916280373,10.8797724560748,0.090707101789835,0.818715451053014,0.98661845249022,2016,0.985869570404283,FALSE,"CD8 Tem"
-0.11546262017173,10.8927812479251,2.21896653457378,0.13632486662291,0.511100907707859,2017,0.515519028890937,FALSE,"CD8 Tem"
-0.0151770514377674,10.8552713820114,0.0413353950303774,0.924118652488759,0.998052981074555,2018,0.997419013883782,FALSE,"CD8 Tem"
0.150339629498065,10.8084616195318,4.89471629321243,0.0269394129915511,0.276801774794435,2019,0.282000499029118,FALSE,"CD8 Tem"
0.264088153603881,10.9338095966322,11.4682707445185,0.000707995291366203,0.0588015375025752,2020,0.0612371540172685,TRUE,"CD8 Tem"
0.121381444274916,10.8719346913661,2.89877436492263,0.156471952418607,0.541078848103302,2021,0.545859867037089,FALSE,"CD8 Tem"
0.111481478286343,11.0356782867443,1.53070873473622,0.216006641341455,0.596583663229872,2022,0.59947044222086,FALSE,"CD8 Tem"
0.359049171940422,10.8216822249858,23.7139159290683,4.77092357961012e-06,0.00739652185625556,2023,0.00795006883604698,TRUE,"CD8 Tem"
0.0939092005110494,10.9271802630678,1.11376229379742,0.291266037747455,0.672385778489522,2024,0.67499185863568,FALSE,"CD8 Tem"
0.0107602424967025,10.9916412824478,0.0563520032350626,0.812357618454158,0.984695148144459,2025,0.984097509193057,FALSE,"CD8 Tem"
0.14849520735572,10.8343196049088,5.3480220981824,0.0396777617812276,0.323734125820307,2026,0.32825991350693,FALSE,"CD8 Tem"
0.255230263228077,10.8856691914442,11.1670633139392,0.000832679204735986,0.0626136617006319,2027,0.0650176604911638,TRUE,"CD8 Tem"
0.174690773419501,10.8541794192571,5.88413179916451,0.0152782516252422,0.22423913527511,2028,0.228852078219512,FALSE,"CD8 Tem"
0.0142719392702789,10.9190751344501,0.0421480346493548,0.837337926164635,0.993268096548493,2029,0.991993002570708,FALSE,"CD8 Tem"
0.0438967108143898,10.8952867277087,0.386964540914314,0.533899559574669,0.864913567252451,2030,0.865404678658211,FALSE,"CD8 Tem"
0.00346899976808888,10.8898933788345,0.00148030118749435,0.969309231147758,0.999555952465987,2031,0.99933775641114,FALSE,"CD8 Tem"
0.0987103406484121,10.8897054805052,1.7622574035919,0.378928800782503,0.748682180305617,2032,0.750170681905695,FALSE,"CD8 Tem"
0.195635015555908,10.8047050688645,7.37083529800414,0.0500805818090431,0.349618321997851,2033,0.354332694587655,FALSE,"CD8 Tem"
0.102602184419123,10.8204972826512,1.34435507091707,0.281342990828046,0.664901549970143,2034,0.667646821374847,FALSE,"CD8 Tem"
0.0801674852362969,10.9949652560203,0.976908810700878,0.322963603891758,0.702903005007285,2035,0.704987744063535,FALSE,"CD8 Tem"
-0.0795790197514515,10.8095083564313,0.979143280356108,0.322410847974943,0.702903005007285,2036,0.704987744063535,FALSE,"CD8 Tem"
0.0824154135331898,10.9822455861175,0.903551197906659,0.341831707962517,0.719719001237513,2037,0.72159375360739,FALSE,"CD8 Tem"
0.128230970858327,10.7972984809153,3.72051478681036,0.0537483171823716,0.359935552420026,2038,0.364869525527888,FALSE,"CD8 Tem"
0.138448916960853,10.8355130411187,4.25075942464871,0.342529016100258,0.71989232468096,2039,0.721748859550118,FALSE,"CD8 Tem"
0.10440975093383,10.8580880223029,1.94719524169575,0.206329001390154,0.586216362532442,2040,0.589501446823717,FALSE,"CD8 Tem"
0.17870834492505,10.8809568928461,5.21226448358498,0.0224284883980133,0.25257844924736,2041,0.258103165154595,FALSE,"CD8 Tem"
-0.00540930097519223,10.8572714605884,0.000345848429883708,0.985162602446653,0.999555952465987,2042,0.99933775641114,FALSE,"CD8 Tem"
0.159978001089839,10.969566708289,3.85964104681133,0.0494614171353578,0.349618321997851,2043,0.354332694587655,FALSE,"CD8 Tem"
0.121832079240471,10.9891154941721,1.83021998217505,0.176102126570531,0.564862752192788,2044,0.568810349983104,FALSE,"CD8 Tem"
0.0270305757652054,10.83078296905,0.27019168836627,0.671743889752473,0.934198289144937,2045,0.933615819388617,FALSE,"CD8 Tem"
0.101842654841701,11.0258307001909,1.41922336089654,0.233531795948677,0.611698146844228,2046,0.614404520702286,FALSE,"CD8 Tem"
0.139806924259125,10.898176674496,3.29449407378037,0.0695130694491832,0.39309307977166,2047,0.398045034946192,FALSE,"CD8 Tem"
-0.130621420743036,10.8540488866339,2.99549360280529,0.0834970310948626,0.422713354676228,2048,0.4274456936876,FALSE,"CD8 Tem"
0.1472141882956,10.971269104359,3.47063737611873,0.0624677748994635,0.376439717295839,2049,0.381386023832043,FALSE,"CD8 Tem"
0.0706216605369193,10.8190101933507,0.843613177503249,0.672635911810455,0.934198289144937,2050,0.933615819388617,FALSE,"CD8 Tem"
0.153552651065791,10.8156462449019,5.548559228233,0.0691632934822681,0.39309307977166,2051,0.398045034946192,FALSE,"CD8 Tem"
0.0665987627991081,10.8372008223934,1.01572850870208,0.619672811334925,0.915065867317816,2052,0.915143222270583,FALSE,"CD8 Tem"
0.180334888543624,11.0073871175106,4.87220902316885,0.0272929579412793,0.277160583809804,2053,0.282465334527187,FALSE,"CD8 Tem"
0.0848247816655701,11.1459498852849,1.04461754644559,0.306750433574748,0.685268051272771,2054,0.687349324265242,FALSE,"CD8 Tem"
0.132396725012742,10.7886779670352,3.70994341510566,0.0540897449355745,0.359935552420026,2055,0.364869525527888,FALSE,"CD8 Tem"
0.107570472057662,10.7946178000829,2.59296366273219,0.237969967666064,0.616257416266628,2056,0.619047876656332,FALSE,"CD8 Tem"
0.130712208516382,10.8175310516681,3.18169665928552,0.0890743435563643,0.432447569812787,2057,0.437281666525556,FALSE,"CD8 Tem"
0.0454280972037779,10.916481204499,0.271066657123654,0.602617357480534,0.905543001596083,2058,0.90572119184756,FALSE,"CD8 Tem"
0.133566625586263,10.864994041442,3.46161020513369,0.0628096614131843,0.376439717295839,2059,0.381386023832043,FALSE,"CD8 Tem"
-0.0245154903701941,10.8381917598205,0.0872757552750241,0.893626614672457,0.998052981074555,2060,0.997419013883782,FALSE,"CD8 Tem"
0.0559629471439421,10.8467966954161,0.423605575861496,0.701844512022514,0.946716596698583,2061,0.946778772197615,FALSE,"CD8 Tem"
0.0972605946128379,10.8074561918952,2.98996158344419,0.426793609043898,0.789585153406193,2062,0.790262143482304,FALSE,"CD8 Tem"
0.140253557051072,10.7880936241887,3.82603530264347,0.134927542748936,0.509557971779627,2063,0.514125468561139,FALSE,"CD8 Tem"
0.112543758802276,10.8934690026143,1.96133992027982,0.164082905538056,0.552422549020898,2064,0.557009526843593,FALSE,"CD8 Tem"
-0.038956885634012,10.8556936635799,0.297876172059125,0.585217167401854,0.897844206456172,2065,0.89804355881977,FALSE,"CD8 Tem"
0.0665467175835324,11.1028756774321,0.750594313870362,0.676676832230836,0.935004143406303,2066,0.934523710704597,FALSE,"CD8 Tem"
0.0836430510844542,10.7798680807448,4.43346761569282,0.0364434990611684,0.317294549471818,2067,0.32188944579677,FALSE,"CD8 Tem"
0.0316641678182504,10.8642397745908,0.145453745945779,0.860230515362294,0.99428967969476,2068,0.993016433540451,FALSE,"CD8 Tem"
0.0317052343519175,10.889239584439,0.23630925297704,0.825776488478163,0.990737031990802,2069,0.989893884974023,FALSE,"CD8 Tem"
0.0256936174549186,10.7856556891052,0.127229975137152,0.721321701992795,0.956297567969053,2070,0.956183284806637,FALSE,"CD8 Tem"
-0.0424804471176575,10.8957793845391,0.262526291675484,0.608390054700867,0.907220950437234,2071,0.90724261069914,FALSE,"CD8 Tem"
0.135318141412161,11.1401660632439,2.95332266422581,0.0857017594871058,0.427917477706951,2072,0.432711273802828,FALSE,"CD8 Tem"
-0.0255676054305106,10.8699547662144,0.035670066074022,0.850198534698581,0.994123106138315,2073,0.992964235102643,FALSE,"CD8 Tem"
0.194196336080401,11.0087373621813,5.13713932656822,0.0614889157690237,0.376439717295839,2074,0.381386023832043,FALSE,"CD8 Tem"
0.141266065736645,10.8637566076251,3.86941363376851,0.228457050907944,0.607173567870199,2075,0.610083372596426,FALSE,"CD8 Tem"
-0.0514341227082613,10.8162056468328,0.150428855921178,0.698126016403754,0.945010414824259,2076,0.945066008635215,FALSE,"CD8 Tem"
0.130848906645121,10.8643126037787,2.66480612720884,0.130081931152567,0.50463254361557,2077,0.508937654575529,FALSE,"CD8 Tem"
0.104319340328167,10.9770017025525,2.31395166608575,0.159563975478241,0.543759440391001,2078,0.548567015206645,FALSE,"CD8 Tem"
0.134310465902029,10.9255236094991,3.78661043729969,0.0522319111146798,0.356203253070932,2079,0.360886959159347,FALSE,"CD8 Tem"
0.121824251392001,11.1026260098558,2.34533820983471,0.12565886808157,0.497896485959987,2080,0.502179044578922,FALSE,"CD8 Tem"
0.127969352138566,10.8088470894212,2.64716636515663,0.134668222506964,0.509557971779627,2081,0.514125468561139,FALSE,"CD8 Tem"
0.184398707191927,10.8579472155708,8.5057360101119,0.0274477157122232,0.278124892761547,2082,0.283422176039255,FALSE,"CD8 Tem"
0.0607316167302215,11.0277639703417,0.72797251594334,0.393541540962942,0.764815867885444,2083,0.765943574243113,FALSE,"CD8 Tem"
-0.0599184364806598,10.7959920589842,0.641675506131635,0.423105072377945,0.787269534492703,2084,0.788198807658795,FALSE,"CD8 Tem"
0.00604321275685787,10.7836841281398,0.00121626840921486,0.972179396554847,0.999555952465987,2085,0.99933775641114,FALSE,"CD8 Tem"
0.0921385414212624,10.8660793956971,1.63492396080908,0.325942635220911,0.70507048675377,2086,0.707138407969623,FALSE,"CD8 Tem"
0.108386982647396,10.8070487344049,2.19798435305134,0.13819191246638,0.512298822729517,2087,0.516599424489235,FALSE,"CD8 Tem"
0.212396253899832,10.8074196595779,9.84692366269064,0.00923127723711354,0.18104445700774,2088,0.185683380724195,FALSE,"CD8 Tem"
0.0818065814058503,10.8630282435268,1.18019040768702,0.557350394217993,0.880515177821972,2089,0.881050844113127,FALSE,"CD8 Tem"
-0.0565233838711056,10.866629121018,0.035630522805354,0.850280609437761,0.994123106138315,2090,0.992964235102643,FALSE,"CD8 Tem"
0.0385793790557096,10.7836052701823,0.218804801405698,0.639952299870877,0.924229639990548,2091,0.924438114766054,FALSE,"CD8 Tem"
0.0130583997446909,11.0202809760585,0.210904103087114,0.646059881831307,0.927199408534355,2092,0.927184458408043,FALSE,"CD8 Tem"
0.107950329096312,10.8841573271064,2.03960536279385,0.153249973731504,0.535109330199119,2093,0.539718371962509,FALSE,"CD8 Tem"
0.177101646535647,10.8119629870895,6.76403961192286,0.00930154818254047,0.18104445700774,2094,0.185683380724195,FALSE,"CD8 Tem"
0.0739100540981846,10.9340264915852,0.951664745552209,0.411277701707366,0.781074965553678,2095,0.781936834536728,FALSE,"CD8 Tem"
0.0540056650064222,10.808724804484,0.786630590793262,0.679796520087278,0.936726502424044,2096,0.936442411439238,FALSE,"CD8 Tem"
0.101132996490987,10.7999190713492,4.53687052666015,0.164014329556813,0.552422549020898,2097,0.557009526843593,FALSE,"CD8 Tem"
-0.0152913671795127,10.810567538775,0.0436447451114769,0.834516040287063,0.991750133480293,2098,0.99056017316442,FALSE,"CD8 Tem"
0.14807133233419,10.8103180467082,6.58568261023947,0.028747689654852,0.281762736194753,2099,0.286872727453493,FALSE,"CD8 Tem"
0.000942126555344563,10.8398923843617,0.0188915345758875,0.890677945590854,0.998052981074555,2100,0.997419013883782,FALSE,"CD8 Tem"
-0.0436341191714216,10.8193933996796,0.196214554880263,0.65779403250984,0.928216033132058,2101,0.927728286085564,FALSE,"CD8 Tem"
0.138080457068699,10.8504852330589,4.91039730225055,0.176611535796619,0.566047412396366,2102,0.570013798463854,FALSE,"CD8 Tem"
0.0929171803147142,11.1190793042908,1.24689984726936,0.37823137153522,0.748682180305617,2103,0.750170681905695,FALSE,"CD8 Tem"
0.0534306119741682,10.855773113589,0.502113602984162,0.478573196232417,0.827096941774821,2104,0.827437331812299,FALSE,"CD8 Tem"
-0.0769866293654815,10.7783344021511,1.25542733014635,0.368089446378971,0.741760838435266,2105,0.74343016596268,FALSE,"CD8 Tem"
0.0459227116959015,10.94922235472,0.330727671494532,0.565231160348121,0.884175660017786,2106,0.884445056460977,FALSE,"CD8 Tem"
0.0341861242646461,10.9363939761501,0.16987294951763,0.680224908490525,0.936726502424044,2107,0.936442411439238,FALSE,"CD8 Tem"
0.125874949348391,11.0200870296103,3.26085138448402,0.0709528314171538,0.396233368022513,2108,0.40103065408849,FALSE,"CD8 Tem"
0.0310542377601112,10.7812358114707,0.881879470292894,0.664412223880279,0.931980487042104,2109,0.931551799415235,FALSE,"CD8 Tem"
0.108537927568339,10.9261976575324,2.90632893176122,0.536697007364127,0.8655496595729,2110,0.866189408133301,FALSE,"CD8 Tem"
0.0305176959793204,10.8772540710642,0.187050894032333,0.665382722919181,0.931980487042104,2111,0.931551799415235,FALSE,"CD8 Tem"
0.146322720684225,10.9052988070881,3.55160022944142,0.0594885864940754,0.373389225079547,2112,0.378523390780894,FALSE,"CD8 Tem"
-0.043253302911198,10.9368707066101,0.377692916255028,0.538840798965922,0.865681711913818,2113,0.866262092522686,FALSE,"CD8 Tem"
-0.0381356623561385,10.89606415882,0.269995978631337,0.60333468122094,0.905543001596083,2114,0.90572119184756,FALSE,"CD8 Tem"
0.0833972774816662,10.9584362059631,1.1098301714916,0.292119336221783,0.672597540974016,2115,0.675181955000403,FALSE,"CD8 Tem"
0.0415507000904921,10.8425167962751,0.0501697650291891,0.822768216987906,0.989065644148553,2116,0.988244568883348,FALSE,"CD8 Tem"
0.0879365296792244,10.8899280836049,1.48414187563442,0.223128138350228,0.603672258035828,2117,0.606615109431593,FALSE,"CD8 Tem"
0.0205847273867253,10.7571936814283,0.0696370908315534,0.981907529735677,0.999555952465987,2118,0.99933775641114,FALSE,"CD8 Tem"
0.0627361468066373,10.9389728364741,0.563016496743075,0.718002401972517,0.954832685278545,2119,0.954635794023276,FALSE,"CD8 Tem"
0.0966363790442727,10.8335858927451,2.25721785780976,0.27682556870055,0.657982197662756,2120,0.66083494564551,FALSE,"CD8 Tem"
0.322169745837027,11.1489530914676,15.2315740172353,9.51114976846655e-05,0.0240783488969809,2121,0.0249574404194535,TRUE,"CD8 Tem"
0.0317197526635183,10.9803284532779,0.151387781253418,0.808175389946572,0.98465075578324,2122,0.984081489808586,FALSE,"CD8 Tem"
0.149099683729829,10.9865981823686,3.93737822029666,0.0583674917897221,0.371364164588232,2123,0.376228515954937,FALSE,"CD8 Tem"
-0.0839450410613198,10.8955713051909,0.101487695183122,0.883370967103981,0.998052981074555,2124,0.997419013883782,FALSE,"CD8 Tem"
0.0343871916205354,10.9241112148216,0.196953253535773,0.657191589883814,0.928108233559018,2125,0.927604573007048,FALSE,"CD8 Tem"
-0.0193435741703886,10.9417899791953,0.00571692998399306,0.939729103644867,0.998052981074555,2126,0.997419013883782,FALSE,"CD8 Tem"
0.281758062019222,10.8257897567544,15.9782697328801,0.00135918033972741,0.0862429396527227,2127,0.0897220487814144,TRUE,"CD8 Tem"
0.0441046354104608,10.8713918489552,0.263218347118129,0.760657832882598,0.970648162533933,2128,0.969932820526043,FALSE,"CD8 Tem"
0.111362001658802,10.8317257026265,4.21951057296055,0.0543867092990766,0.360563875893455,2129,0.36556749547284,FALSE,"CD8 Tem"
0.0472266904011272,10.9006350873028,0.481340896914924,0.851561774005977,0.994123106138315,2130,0.992964235102643,FALSE,"CD8 Tem"
0.086224522834117,10.8987075333569,0.864142362523696,0.460775811810642,0.816654719027562,2131,0.817116384999255,FALSE,"CD8 Tem"
0.0472453173671822,11.0216841104407,0.400957127735727,0.526595635946512,0.860899664507818,2132,0.861583016530525,FALSE,"CD8 Tem"
0.0151194335862023,10.8119910428238,0.0478668256759492,0.99667044275201,0.999555952465987,2133,0.999488816091444,FALSE,"CD8 Tem"
0.0630931963359478,11.0391869600547,0.557766368460223,0.935658653942762,0.998052981074555,2134,0.997419013883782,FALSE,"CD8 Tem"
0.118647951344188,10.8419440951061,2.62100364387351,0.11540772997052,0.484809317451676,2135,0.489452552934118,FALSE,"CD8 Tem"
-0.00623041572687407,10.8887457046059,0.00482318656680918,0.944632120593519,0.998099770246003,2136,0.997473531214233,FALSE,"CD8 Tem"
0.18056811619616,10.8119125679267,6.34583004681904,0.0626201615336913,0.376439717295839,2137,0.381386023832043,FALSE,"CD8 Tem"
0.124018761681618,10.7794936247152,3.05538176757723,0.0990586385629402,0.452131234500721,2138,0.45718963833997,FALSE,"CD8 Tem"
0.143828906136595,10.8839021846355,3.69383945057939,0.0546142849726038,0.360811135522131,2139,0.36576781678823,FALSE,"CD8 Tem"
0.0568037859728621,11.1381834167475,0.371248845617043,0.542324580419224,0.868586194254314,2140,0.86910319356277,FALSE,"CD8 Tem"
0.103465926098332,10.9317501333985,1.79914949414255,0.179815910699277,0.568540992972358,2141,0.572475532970515,FALSE,"CD8 Tem"
-0.00144236878005141,10.9760345607475,0.00775230983917197,0.929839192151042,0.998052981074555,2142,0.997419013883782,FALSE,"CD8 Tem"
0.227905850039562,10.8405938349513,10.5295085487031,0.00262722572975601,0.11753752900168,2143,0.121620833809054,FALSE,"CD8 Tem"
0.0422690983841516,10.8432266952476,0.356069077955794,0.934599652469126,0.998052981074555,2144,0.997419013883782,FALSE,"CD8 Tem"
0.167410754124408,10.7861382079635,6.41271560330186,0.0113308785098699,0.201552263190181,2145,0.206351178039626,FALSE,"CD8 Tem"
0.159798479219664,10.88071974396,5.12978433014884,0.0277703164062272,0.280172975282783,2146,0.285536508419616,FALSE,"CD8 Tem"
0.0438072449055542,10.7942315385609,0.608891270300325,0.659660714222283,0.929231891512919,2147,0.928722375721776,FALSE,"CD8 Tem"
0.0278182151808314,10.8117898699735,1.68756267279301,0.377794938307937,0.748682180305617,2148,0.750170681905695,FALSE,"CD8 Tem"
0.143913125164842,10.915730726549,2.95522160501182,0.0856011394224322,0.427917477706951,2149,0.432711273802828,FALSE,"CD8 Tem"
0.11974327266137,11.1234105153512,1.95789675081182,0.161739005895685,0.548152549014084,2150,0.552695868797966,FALSE,"CD8 Tem"
0.0114483139677311,10.9343266390233,0.0361026279985866,0.849303782213212,0.994123106138315,2151,0.992964235102643,FALSE,"CD8 Tem"
0.133117897984598,10.8083451362578,3.58709010976728,0.192207919002108,0.576599573945387,2152,0.580113962772058,FALSE,"CD8 Tem"
0.04512393324382,10.8569567211217,0.178765079798779,0.984384216667789,0.999555952465987,2153,0.99933775641114,FALSE,"CD8 Tem"
0.0313682813298494,10.9784758168665,0.369848304975798,0.577917424649958,0.89313510496564,2154,0.893242871971805,FALSE,"CD8 Tem"
0.0635030811162638,10.8006917300062,0.896571190997304,0.42765175991234,0.790229771693402,2155,0.79094567216142,FALSE,"CD8 Tem"
0.216423693517712,10.9451887724967,8.84855875787433,0.00293333284041095,0.12138056036742,2156,0.125540202456827,FALSE,"CD8 Tem"
0.110916980158387,10.9517405472507,1.97482003094058,0.159937741859869,0.544006325497735,2157,0.548769887460999,FALSE,"CD8 Tem"
-0.0238882218749869,10.8722013166139,0.0817048220998927,0.775000354862856,0.970648162533933,2158,0.969932820526043,FALSE,"CD8 Tem"
0.0207353343437732,10.8881530342821,0.00802596947920153,0.928614832226556,0.998052981074555,2159,0.997419013883782,FALSE,"CD8 Tem"
0.0445075214791437,10.7637162143371,1.28779796300401,0.950352112865059,0.998155886516222,2160,0.997808704959348,FALSE,"CD8 Tem"
0.212947674998401,10.7752042697766,9.07481485758182,0.00894081983579667,0.18104445700774,2161,0.185683380724195,FALSE,"CD8 Tem"
0.0414088279931063,10.8019643012646,0.37633398125156,0.900850257520957,0.998052981074555,2162,0.997419013883782,FALSE,"CD8 Tem"
0.023290356062533,10.8711157255458,0.596523559474755,0.829772099350385,0.991750133480293,2163,0.99056017316442,FALSE,"CD8 Tem"
0.129397467043517,10.8798709672912,3.04386625179221,0.0810432500346263,0.417179361191904,2164,0.421941489479762,FALSE,"CD8 Tem"
0.0908540626385034,10.8612056834198,1.3851467896279,0.440735312919096,0.800147233504992,2165,0.800649000798057,FALSE,"CD8 Tem"
0.0274871546570553,10.8876155518659,0.0909748350733793,0.76294160886407,0.970648162533933,2166,0.969932820526043,FALSE,"CD8 Tem"
0.0788809273445867,11.0235951759036,0.76585004780052,0.381504329173017,0.74994785924924,2167,0.751417744873816,FALSE,"CD8 Tem"
0.0351444435559665,11.0517734135024,0.236602808110429,0.804813526731465,0.983771632949457,2168,0.983097029076725,FALSE,"CD8 Tem"
0.0433562207882143,10.8298470018431,0.283265363284363,0.594569142889872,0.901375254684607,2169,0.901610060627415,FALSE,"CD8 Tem"
-0.0168299802710333,10.8121888205408,1.43547751520492e-05,0.996977007845563,0.999555952465987,2170,0.999488816091444,FALSE,"CD8 Tem"
0.0583147443092481,10.8953366501931,0.704527826621754,0.401266817236804,0.768654022639363,2171,0.769498436946713,FALSE,"CD8 Tem"
-0.0490321886187369,10.7916541038861,0.415905869702801,0.518987309480603,0.854446009343109,2172,0.85541315722522,FALSE,"CD8 Tem"
0.0477124003160737,10.7684852340106,0.74578653875724,0.50965719126065,0.849611324929492,2173,0.850401730367012,FALSE,"CD8 Tem"
0.0347432530403226,11.2765680731034,0.292419785988083,0.696735902748225,0.944418839109854,2174,0.944461858178249,FALSE,"CD8 Tem"
0.153646372871182,10.9937470691413,3.86165673169287,0.0494020324360269,0.349618321997851,2175,0.354332694587655,FALSE,"CD8 Tem"
0.0427933761113958,10.8824080459208,0.321554391728899,0.570675240411033,0.887992821395689,2176,0.888120536722646,FALSE,"CD8 Tem"
0.00143509833885036,10.7875980812341,0.0325238412745692,0.856882836837241,0.99428967969476,2177,0.993016433540451,FALSE,"CD8 Tem"
0.289639171015126,11.0057558074579,12.9948743548312,0.00031237268340721,0.0371184170601057,2178,0.0385177421221443,TRUE,"CD8 Tem"
-0.00164983521287119,10.9277957677799,0.000324430771764531,0.985629317340821,0.999555952465987,2179,0.99933775641114,FALSE,"CD8 Tem"
0.0491449801490683,10.8934799476092,0.230245611979488,0.631341963558878,0.92146944175247,2180,0.92166742160465,FALSE,"CD8 Tem"
0.128162812674894,10.7431851352693,3.77415925507078,0.215140198393246,0.595905097084529,2181,0.598848038515128,FALSE,"CD8 Tem"
0.0492819822982917,10.80682896486,0.382445186929215,0.536297769019921,0.8655496595729,2182,0.866189408133301,FALSE,"CD8 Tem"
0.12523374003387,10.8294727229528,2.74576074698752,0.0975132345202794,0.4499659112517,2183,0.455120780121589,FALSE,"CD8 Tem"
-0.0560808046968036,10.8080729712143,9.15603463725479e-05,0.992365388395407,0.999555952465987,2184,0.99933775641114,FALSE,"CD8 Tem"
-0.0553707557238997,10.8364882630713,0.391987976885448,0.531256546080322,0.863185424258391,2185,0.863793366867738,FALSE,"CD8 Tem"
0.0322352144145597,11.0258469029551,0.249977370970021,0.852403293585661,0.99428967969476,2186,0.993016433540451,FALSE,"CD8 Tem"
0.154319183893903,10.9176078546293,4.82913745432342,0.0279830466452213,0.280493857644233,2187,0.285843884844698,FALSE,"CD8 Tem"
0.177751320869907,10.8411854334197,4.26824042840629,0.0388315928590686,0.322040108402794,2188,0.326509872573005,FALSE,"CD8 Tem"
0.032941236971249,10.8661027052523,0.30828625059149,0.578733947506226,0.893655906325185,2189,0.89383171366205,FALSE,"CD8 Tem"
0.113508498538455,10.8307557834926,2.22526225236017,0.193188813602829,0.576599573945387,2190,0.580113962772058,FALSE,"CD8 Tem"
0.146582597214027,10.8266524837632,4.17626512161038,0.0581802205632391,0.370754281694052,2191,0.375665748863288,FALSE,"CD8 Tem"
-0.0267877971015711,10.7902638463829,0.000217650648892653,0.988229251207706,0.999555952465987,2192,0.99933775641114,FALSE,"CD8 Tem"
0.0981092345780088,10.8785474186595,1.5236194349627,0.306107787303708,0.684932931959275,2193,0.68707098373775,FALSE,"CD8 Tem"
-0.0283795703902101,10.8113405087431,0.104141604320347,0.746915166138353,0.964972899363744,2194,0.964631873188764,FALSE,"CD8 Tem"
0.108122758438389,10.9134614693449,2.06479831563582,0.150735444592673,0.531114055151909,2195,0.535452683911009,FALSE,"CD8 Tem"
0.0936747807910989,11.1207831717319,1.43352799528607,0.231190051235564,0.609198989695846,2196,0.611990121110022,FALSE,"CD8 Tem"
0.138176565467371,10.8393517111615,3.51436845674005,0.0608393749204259,0.376281825471943,2197,0.381386023832043,FALSE,"CD8 Tem"
0.184005902569094,10.9012278730302,5.90348797831554,0.0151112526227322,0.223829413848177,2198,0.22813072489365,FALSE,"CD8 Tem"
0.0158181990197315,10.8458340787574,0.0119466004763184,0.912964186065527,0.998052981074555,2199,0.997419013883782,FALSE,"CD8 Tem"
-0.0250154858966715,10.9089994072745,0.00105154863216647,0.974131071829502,0.999555952465987,2200,0.99933775641114,FALSE,"CD8 Tem"
0.052304505104357,11.1176959133915,0.277765039025485,0.598170059728047,0.902396674601085,2201,0.902573261897596,FALSE,"CD8 Tem"
0.00957578501459541,10.9720471280292,0.303219907482361,0.97527683595542,0.999555952465987,2202,0.99933775641114,FALSE,"CD8 Tem"
0.112842559967262,10.8294984317559,3.11950756026618,0.0773607194874434,0.411675865373111,2203,0.416558320014717,FALSE,"CD8 Tem"
0.0988109081372806,10.9059528900091,1.70345531811184,0.191837267996196,0.576599573945387,2204,0.580113962772058,FALSE,"CD8 Tem"
0.00107722279432235,10.816802305326,0.000323131793277594,0.985658112260106,0.999555952465987,2205,0.99933775641114,FALSE,"CD8 Tem"
0.0800626501858756,10.8180656544001,1.14536657349252,0.284521667457561,0.667664114704903,2206,0.670511223022722,FALSE,"CD8 Tem"
0.015432661134049,10.7986525078663,0.0182829915707677,0.892442243700621,0.998052981074555,2207,0.997419013883782,FALSE,"CD8 Tem"
0.0922363611783299,10.8820568568585,1.38289620796885,0.239608947652717,0.617259018282907,2208,0.620432622990165,FALSE,"CD8 Tem"
0.0695149452519895,11.0413612197778,0.710315528575823,0.399339454388591,0.767030073771831,2209,0.767913186660818,FALSE,"CD8 Tem"
0.00809118380997901,10.8742740085816,0.00554278310246758,0.940652455933066,0.998052981074555,2210,0.997419013883782,FALSE,"CD8 Tem"
-0.024792539635054,10.859764445131,0.204441882618058,0.651159305380982,0.927632396570189,2211,0.927184458408043,FALSE,"CD8 Tem"
0.190186838201058,11.0015373899148,5.91174174954991,0.015040614526964,0.223829413848177,2212,0.22813072489365,FALSE,"CD8 Tem"
-0.00769303739179926,11.0872387992718,0.00763747806642247,0.930359430935445,0.998052981074555,2213,0.997419013883782,FALSE,"CD8 Tem"
0.0772317101179606,10.8573983598957,1.05340885737834,0.633902124635792,0.922318358541096,2214,0.922430609596621,FALSE,"CD8 Tem"
0.111324412997396,10.7791099592632,2.20588780896215,0.238439838820822,0.61678736949702,2215,0.619663055239204,FALSE,"CD8 Tem"
0.014391378004641,10.9804888958482,0.0642936603086876,0.799834094668228,0.983094179255267,2216,0.982525414321423,FALSE,"CD8 Tem"
0.0764983675630929,10.8336158252704,1.35375351093305,0.591119270439756,0.901375254684607,2217,0.901610060627415,FALSE,"CD8 Tem"
0.0800111415402474,10.8740302025777,1.06689164121083,0.4678270517577,0.819976499333226,2218,0.820261021077938,FALSE,"CD8 Tem"
0.0863351511223188,10.8197891845795,1.18364212232407,0.27661625907238,0.657982197662756,2219,0.66083494564551,FALSE,"CD8 Tem"
-0.163415133082881,10.7999752326895,3.04127993435657,0.0811724568802705,0.417179361191904,2220,0.421941489479762,FALSE,"CD8 Tem"
0.0528848580464828,10.849263076785,1.21948167037236,0.334724386081028,0.71027870759353,2221,0.712136586204262,FALSE,"CD8 Tem"
0.15299055339516,11.0031818986018,4.02159436256241,0.130891972025375,0.505210424804994,2222,0.509620538549964,FALSE,"CD8 Tem"
-0.0128747211849694,10.8017479096634,0.460892668622414,0.497207367324829,0.842377798989728,2223,0.843197795031164,FALSE,"CD8 Tem"
-0.0127225367912133,10.8463206846241,0.0862954706152221,0.768940721246338,0.970648162533933,2224,0.969932820526043,FALSE,"CD8 Tem"
0.240976445006268,10.8311352919489,10.4324029029851,0.0123103599340334,0.205401034996068,2225,0.210306549201827,FALSE,"CD8 Tem"
0.0311359554045569,10.8381705140021,0.0837842252909423,0.806294999238725,0.984014180388168,2226,0.983382566823156,FALSE,"CD8 Tem"
0.176189673684193,10.8871538146625,7.0640223252143,0.00786495178842006,0.171348640158618,2227,0.175533404150049,FALSE,"CD8 Tem"
-0.00766503207249301,11.0190830606936,0.0029624568054678,0.956593827947505,0.999555952465987,2228,0.999133205363155,FALSE,"CD8 Tem"
0.00843601506343468,11.0120915786954,4.43225787848166e-05,0.995376320858501,0.999555952465987,2229,0.999488816091444,FALSE,"CD8 Tem"
0.129407578046372,10.9377673338446,2.67861524946149,0.101704709396166,0.455666255397443,2230,0.460724709955008,FALSE,"CD8 Tem"
0.106690568719694,11.0333130714858,1.66242599914174,0.230617861758401,0.608914335614653,2231,0.611710258967219,FALSE,"CD8 Tem"
0.0236276428820624,10.8742828888953,0.0359052286699576,0.849711409120053,0.994123106138315,2232,0.992964235102643,FALSE,"CD8 Tem"
0.157999124134376,10.9225747881812,4.23518222665594,0.0429622302584537,0.333874166694882,2233,0.339097074433558,FALSE,"CD8 Tem"
0.192784448862955,11.0210043813441,5.93289385100875,0.0148611369994765,0.223829413848177,2234,0.22813072489365,FALSE,"CD8 Tem"
0.039985984539682,10.9789876482815,0.225427854698347,0.850394086063559,0.994123106138315,2235,0.992964235102643,FALSE,"CD8 Tem"
-0.0307484983697322,10.8158454745011,0.244663824726089,0.620857961642952,0.916410783751624,2236,0.916474095754655,FALSE,"CD8 Tem"
0.0434846595914673,10.8810640269309,0.282471126361905,0.595086325382913,0.901375254684607,2237,0.901628552306797,FALSE,"CD8 Tem"
-0.0102064194175208,10.8400735732444,0.00937028875791103,0.940405036114021,0.998052981074555,2238,0.997419013883782,FALSE,"CD8 Tem"
0.0902247507378881,10.8125055076013,1.64234469943446,0.4627354515,0.817387992755982,2239,0.817882803477702,FALSE,"CD8 Tem"
-0.0335447569503507,10.8160000333572,0.274545029882612,0.771414895722989,0.970648162533933,2240,0.969932820526043,FALSE,"CD8 Tem"
0.120300934448814,10.8588676584063,2.55473858805885,0.386732195213955,0.756388326299456,2241,0.757647462064581,FALSE,"CD8 Tem"
-0.0356869632334804,10.789530550399,0.261230341657631,0.684080920916361,0.939344844234552,2242,0.939080274436522,FALSE,"CD8 Tem"
-0.0342545272791199,10.9434387797837,0.218811564621492,0.972668604365822,0.999555952465987,2243,0.99933775641114,FALSE,"CD8 Tem"
0.153477894056317,10.7993073238065,4.46901180815168,0.0986374034318205,0.451537956064367,2244,0.456707389831132,FALSE,"CD8 Tem"
0.0949545158846763,10.9324407929787,1.58802526635239,0.370240316707036,0.74319711394235,2245,0.744798398887309,FALSE,"CD8 Tem"
0.124574997243192,10.8529069133612,3.08963160839476,0.0787932067826199,0.412439231701052,2246,0.417243642719469,FALSE,"CD8 Tem"
0.087048154466974,10.8490486293411,1.17738082885776,0.27789033313963,0.659086149634074,2247,0.661910108809205,FALSE,"CD8 Tem"
0.0243726674884727,10.7996075324915,0.147207336946381,0.701218691031907,0.946696119590537,2248,0.946748080656915,FALSE,"CD8 Tem"
0.0382648633151531,10.793312633043,0.313054251315996,0.760737833694265,0.970648162533933,2249,0.969932820526043,FALSE,"CD8 Tem"
0.0985477811669513,10.8493460809204,1.77204108562779,0.183130237902222,0.572836490194472,2250,0.576906491110383,FALSE,"CD8 Tem"
0.160113755126209,10.7826750569432,5.11063021867225,0.125785502258221,0.497896485959987,2251,0.502179044578922,FALSE,"CD8 Tem"
0.0217118592797264,10.7966277617706,0.0556746004871107,0.813467943506092,0.985778566745849,2252,0.985088403638277,FALSE,"CD8 Tem"
0.119027148696108,10.7841277768289,3.43910177671186,0.105227729822907,0.462000037709779,2253,0.466764905023896,FALSE,"CD8 Tem"
0.100851699005515,10.8793887672725,1.86099613341962,0.343121293586601,0.720152137396787,2254,0.72199255235264,FALSE,"CD8 Tem"
0.0392753612641267,10.7735209671703,0.142548789107258,0.771035142995522,0.970648162533933,2255,0.969932820526043,FALSE,"CD8 Tem"
0.2156068847424,11.0641928504359,7.2356746201621,0.00714711298920456,0.171348640158618,2256,0.175533404150049,FALSE,"CD8 Tem"
0.136928876567244,10.8963725402572,2.7373384481981,0.098028491181201,0.450524221821903,2257,0.455627846959713,FALSE,"CD8 Tem"
-0.0440158552149608,11.0115285930075,0.31140159718646,0.576821609806851,0.892480807455644,2258,0.892559657987269,FALSE,"CD8 Tem"
0.119618624683562,10.8385407413541,1.33449166820247,0.315721881361238,0.695605149318388,2259,0.69770622706005,FALSE,"CD8 Tem"
-0.0694158294624959,10.8088120160334,0.104339217254354,0.746683388426665,0.964941494740878,2260,0.964586039580439,FALSE,"CD8 Tem"
0.0751370621676671,10.8336649257363,1.3168917032567,0.251151160037743,0.63072572642308,2261,0.633795075959697,FALSE,"CD8 Tem"
0.146946863454125,10.770143747395,6.87903054606423,0.0566181123620454,0.36573727860538,2262,0.37048284329554,FALSE,"CD8 Tem"
0.0466731887378518,10.8023986644122,0.546628292772669,0.683634048004628,0.939315201556729,2263,0.939060996663591,FALSE,"CD8 Tem"
0.0852511095997883,10.8594977121713,1.30640202687489,0.501739061301255,0.844585006917168,2264,0.84543134769555,FALSE,"CD8 Tem"
0.109823064325069,10.8218155335862,2.49436820044813,0.273918651917679,0.654862889111178,2265,0.6575819489498,FALSE,"CD8 Tem"
0.0940036830012676,11.0037455753252,1.23061368349149,0.26728821468097,0.648962831597831,2266,0.651551116775161,FALSE,"CD8 Tem"
0.234780008642622,10.8488470458977,8.97463243223923,0.0103771866255554,0.194563926879323,2267,0.19940936524886,FALSE,"CD8 Tem"
0.142473225661053,10.8531240724324,3.6154753656919,0.0572448876276844,0.367245345658059,2268,0.372151520595126,FALSE,"CD8 Tem"
0.154707638380912,10.9601193959477,3.73278155574381,0.0533549918097468,0.359935552420026,2269,0.364869525527888,FALSE,"CD8 Tem"
0.25739241678546,10.8980669763085,10.3729916431238,0.0012787968015395,0.0840896426735278,2270,0.0873433883595063,TRUE,"CD8 Tem"
0.0297027375086627,10.8499787670989,0.620620576937454,0.897354559285031,0.998052981074555,2271,0.997419013883782,FALSE,"CD8 Tem"
0.17335172997078,11.089487781571,4.79522291141348,0.0285391864558573,0.281687645203027,2272,0.28685922816346,FALSE,"CD8 Tem"
0.0245778794172489,10.7873770741235,0.112411713677464,0.737415093596092,0.962347129236196,2273,0.961932074408799,FALSE,"CD8 Tem"
0.0686911710846943,10.8085334069548,0.728097956940079,0.77357094987701,0.970648162533933,2274,0.969932820526043,FALSE,"CD8 Tem"
0.197903458546065,11.0401416956733,5.40698361755832,0.0200567091034,0.242705906983609,2275,0.248523388346185,FALSE,"CD8 Tem"
0.0996051321148838,11.1010277506453,1.68537024828057,0.194212948615412,0.57668661697764,2276,0.580232835824031,FALSE,"CD8 Tem"
0.152710298216313,10.8818758683141,3.36232830141615,0.0667042436694571,0.388773730960708,2277,0.393730807485823,FALSE,"CD8 Tem"
0.0671948234343296,11.1317459474233,0.430792539088448,0.511600594982904,0.851186547421431,2278,0.851975429988906,FALSE,"CD8 Tem"
-0.0246822572164908,10.998030517322,0.00199622035469142,0.964363123706772,0.999555952465987,2279,0.99933775641114,FALSE,"CD8 Tem"
0.0582402272179066,10.8563760596002,0.453569237634009,0.50064512177682,0.843048682615493,2280,0.843893179808734,FALSE,"CD8 Tem"
-0.0418086074586064,10.8077081888792,0.249301403750219,0.804258748479192,0.983771632949457,2281,0.983097029076725,FALSE,"CD8 Tem"
0.0830812315833756,10.847312247073,0.464085793443711,0.495720927132542,0.84084538004867,2282,0.841525457109766,FALSE,"CD8 Tem"
0.176683144418258,10.7885323261399,15.3018032057546,0.00352297760269734,0.128703883958401,2283,0.133411365977233,FALSE,"CD8 Tem"
0.105300882201828,10.7913028839642,2.53401845828661,0.151343603470204,0.532450151089198,2284,0.536922293367497,FALSE,"CD8 Tem"
-0.0427616511011459,10.8453023323154,0.360818728241751,0.548052136236061,0.871831262149972,2285,0.872152764518051,FALSE,"CD8 Tem"
0.095689845490506,11.1728653802979,1.46271006920624,0.228198823990489,0.607173567870199,2286,0.610083372596426,FALSE,"CD8 Tem"
0.0285926836949624,10.8383524462623,0.204541986122578,0.651079576415711,0.927632396570189,2287,0.927184458408043,FALSE,"CD8 Tem"
-0.0562986860872175,10.7960081170093,0.255622041438936,0.698850784462451,0.94527303557791,2288,0.945258146056631,FALSE,"CD8 Tem"
0.067777967783422,11.085683740146,0.705717337562585,0.420345959806893,0.786732015719059,2289,0.787387859258064,FALSE,"CD8 Tem"
0.0848215309672145,10.836435532437,1.07310383222271,0.300245874939856,0.679204068261318,2290,0.68144366259408,FALSE,"CD8 Tem"
0.124179578047555,10.9433755920944,2.17733622739861,0.140057265963497,0.514132868189603,2291,0.518492396790831,FALSE,"CD8 Tem"
0.0946185125649709,10.8145171674468,1.63207337882873,0.469001540109766,0.819976499333226,2292,0.820261021077938,FALSE,"CD8 Tem"
0.164609423608007,10.808017065297,6.07819614876949,0.0593901714382405,0.373389225079547,2293,0.378523390780894,FALSE,"CD8 Tem"
0.184507148093967,10.8177675172521,6.24327151925611,0.0124668908307458,0.205401034996068,2294,0.210306549201827,FALSE,"CD8 Tem"
0.0289181066465018,10.787033305918,0.291876553394481,0.766638339812333,0.970648162533933,2295,0.969932820526043,FALSE,"CD8 Tem"
-0.00872173724435715,10.8827803066641,0.0116871271883842,0.913910841641826,0.998052981074555,2296,0.997419013883782,FALSE,"CD8 Tem"
0.0290345412837914,10.8323006725375,0.134004061144879,0.714316229760171,0.953857245080263,2297,0.953695464360168,FALSE,"CD8 Tem"
0.0862426120107622,10.8073177018779,0.983181092555095,0.321415146446702,0.70280581713568,2298,0.704800742800634,FALSE,"CD8 Tem"
0.170726940298882,10.8961272916234,4.49056016350755,0.0388442272229558,0.322040108402794,2299,0.326509872573005,FALSE,"CD8 Tem"
0.0713569918007766,11.0406381228313,0.68590343785089,0.407561641606432,0.775918622640816,2300,0.776808197620374,FALSE,"CD8 Tem"
0.157386046138358,10.762459668202,4.22959485901408,0.633863322621538,0.922318358541096,2301,0.922430609596621,FALSE,"CD8 Tem"
0.0251569620374403,10.8877447357486,0.224014209676059,0.635998357511242,0.922941766235503,2302,0.923053579889041,FALSE,"CD8 Tem"
0.22161767672786,10.8752004692643,9.14779710695005,0.0024902928774486,0.115823521730134,2303,0.119972139151248,FALSE,"CD8 Tem"
0.123420190233146,10.8025972663464,2.8742745596116,0.090006098043759,0.435008886486406,2304,0.439997721403785,FALSE,"CD8 Tem"
0.295229151079998,10.7953718804608,17.5383233623529,8.93266050554234e-05,0.0240783488969809,2305,0.0249574404194535,TRUE,"CD8 Tem"
0.11752788345473,10.9826471646836,1.95941844443874,0.36323451548158,0.738977876145631,2306,0.740741400768866,FALSE,"CD8 Tem"
-0.0051395488094539,10.8800964175898,0.00857354116629029,0.926226606576134,0.998052981074555,2307,0.997419013883782,FALSE,"CD8 Tem"
0.151331194462119,11.0201355996881,3.30972575291916,0.0688715339968093,0.392550863503873,2308,0.397514110393972,FALSE,"CD8 Tem"
-0.0140245367549698,10.8413732322112,0.0555254271473482,0.966247760080833,0.999555952465987,2309,0.99933775641114,FALSE,"CD8 Tem"
0.0491873297123517,10.7870038495173,1.5956731062709,0.542052946085256,0.868586194254314,2310,0.86910319356277,FALSE,"CD8 Tem"
0.150629947030703,10.9423181589295,3.42425058173101,0.0642459376341688,0.381132469306785,2311,0.386248358914398,FALSE,"CD8 Tem"
0.0293027403196636,10.7649780976688,0.17466695523083,0.675997176373837,0.935004143406303,2312,0.934523710704597,FALSE,"CD8 Tem"
0.124362345985001,10.7989464136864,5.8037910894181,0.0446508002641139,0.333874166694882,2313,0.339097074433558,FALSE,"CD8 Tem"
0.0398147891380006,10.9855406805958,0.181330443477664,0.670232531249246,0.933998409117059,2314,0.93342868952607,FALSE,"CD8 Tem"
0.108364125842212,10.9031098182147,1.76420342255196,0.184101638170922,0.572836490194472,2315,0.576966921832522,FALSE,"CD8 Tem"
0.0718499772930433,10.9740817596827,1.06497403178563,0.302083917573757,0.680713323951328,2316,0.682960303643465,FALSE,"CD8 Tem"
0.103250943909601,11.0146187727569,1.78590773703862,0.18142611927902,0.57160004336805,2317,0.575358429064667,FALSE,"CD8 Tem"
0.102491670279843,10.9162021964476,1.53733579161731,0.215015337932591,0.595905097084529,2318,0.598848038515128,FALSE,"CD8 Tem"
0.131008828194815,11.1847945210419,2.53851828955992,0.11109958138772,0.475804929129174,2319,0.480691402120818,FALSE,"CD8 Tem"
-0.00924071167472242,10.7854486812858,0.000212408652634006,0.988371850960316,0.999555952465987,2320,0.99933775641114,FALSE,"CD8 Tem"
-0.0526660612922282,10.7952358249966,0.766271923621125,0.381373225572868,0.74994785924924,2321,0.751417744873816,FALSE,"CD8 Tem"
-0.0279310625275635,10.8255985504202,0.175871948490363,0.67494525628036,0.935004143406303,2322,0.934523710704597,FALSE,"CD8 Tem"
0.0615098436368628,10.7557990401656,0.4657676596989,0.494941004336825,0.840135259551303,2323,0.840746330316606,FALSE,"CD8 Tem"
0.0612738772549438,10.9162029941662,1.19762158264483,0.273798050382578,0.654862889111178,2324,0.6575819489498,FALSE,"CD8 Tem"
0.16131891538026,10.9224857799553,4.49061721480483,0.0442193659997003,0.333874166694882,2325,0.339097074433558,FALSE,"CD8 Tem"
-0.0454408964431842,10.7774748227861,0.596717634261832,0.466554478900272,0.819465589639412,2326,0.819871891280398,FALSE,"CD8 Tem"
0.116967082689945,10.8785098128119,2.66865921441577,0.119605290230243,0.487795382222475,2327,0.491989807255454,FALSE,"CD8 Tem"
0.077268494621966,10.8589303099907,0.951819049758773,0.583849361954811,0.897514564117073,2328,0.897685225134352,FALSE,"CD8 Tem"
0.0552651340222628,10.799764531836,0.594323294069735,0.440752515114441,0.800147233504992,2329,0.800649000798057,FALSE,"CD8 Tem"
0.0878062660473058,10.8515511446091,1.03206284398267,0.309675108628285,0.687821838696348,2330,0.690061233964493,FALSE,"CD8 Tem"
0.106564689346501,10.7775748997615,1.99661727219493,0.267320135664036,0.648962831597831,2331,0.651551116775161,FALSE,"CD8 Tem"
0.0674412564113342,10.881052084382,0.729261426459272,0.470089846327193,0.820430938561557,2332,0.820658300652548,FALSE,"CD8 Tem"
0.170411689708928,10.8848365653293,5.35801260945753,0.020627637952793,0.242705906983609,2333,0.248523388346185,FALSE,"CD8 Tem"
0.0200258430506684,10.7509674332071,0.147540628078207,0.883023720469265,0.998052981074555,2334,0.997419013883782,FALSE,"CD8 Tem"
0.079302666196939,10.7930466166185,1.59111552158395,0.789382002406435,0.97701698175303,2335,0.976438309620639,FALSE,"CD8 Tem"
0.0729327363265987,10.9573618523343,0.791395933214865,0.373678752744929,0.745594113692263,2336,0.747148666178942,FALSE,"CD8 Tem"
0.126141468782103,10.9082560399206,2.53218942586264,0.111545927649917,0.476400467860206,2337,0.48129005243467,FALSE,"CD8 Tem"
0.0999744264324234,10.7983318304073,1.81753778461668,0.177607201886439,0.567342785696311,2338,0.571330773313835,FALSE,"CD8 Tem"
0.111066642130901,10.9896726333397,1.68840213717294,0.193812287124013,0.576599573945387,2339,0.580113962772058,FALSE,"CD8 Tem"
0.0481784014158096,10.8288606808894,0.353541809682996,0.552115259877187,0.875814486251295,2340,0.876137750612315,FALSE,"CD8 Tem"
-0.037309927117424,10.794643232472,0.129287793315511,0.719171764478607,0.954832685278545,2341,0.954635794023276,FALSE,"CD8 Tem"
0.0235165079851565,10.8922957488496,0.0909301227430189,0.930552047697743,0.998052981074555,2342,0.997419013883782,FALSE,"CD8 Tem"
0.229550044094484,11.0318640933306,9.20606188146671,0.00241226411647276,0.113327680865806,2343,0.11714928262081,FALSE,"CD8 Tem"
0.123541341122533,10.9890620153657,2.58374002738209,0.112334789325394,0.478013819901562,2344,0.482759902791378,FALSE,"CD8 Tem"
0.129852881643566,10.7897908138953,4.87553369804815,0.0272404315977281,0.277160583809804,2345,0.282465334527187,FALSE,"CD8 Tem"
0.118108217417731,10.8729043475252,3.78847888726671,0.0652971580785378,0.38345591189808,2346,0.388327419933838,FALSE,"CD8 Tem"
0.0950450774338721,10.852129887375,1.7552842184627,0.185214365516931,0.572836490194472,2347,0.576966921832522,FALSE,"CD8 Tem"
0.179287591625074,10.9055993705991,5.51756030045708,0.0393488688102562,0.322589955989666,2348,0.327128227471909,FALSE,"CD8 Tem"
-0.0347129490022556,10.8810384219747,0.1981660225111,0.656205447061691,0.927632396570189,2349,0.927184458408043,FALSE,"CD8 Tem"
0.260370472221317,11.0300633645442,10.8369622176359,0.000995001593650153,0.0711961909548748,2350,0.0740606722205365,TRUE,"CD8 Tem"
0.109818203422123,10.8171382791271,2.43227469967426,0.235385784665996,0.612978322778021,2351,0.615730014854662,FALSE,"CD8 Tem"
0.0287946927328831,10.8095645675672,0.299491266971206,0.584201750985353,0.897514564117073,2352,0.897685225134352,FALSE,"CD8 Tem"
0.148080993175573,10.8700361836505,3.47160028004497,0.0624314239939995,0.376439717295839,2353,0.381386023832043,FALSE,"CD8 Tem"
0.0457104531225344,10.9162772979474,0.70663845591211,0.532604839610074,0.864019919437201,2354,0.864626261374274,FALSE,"CD8 Tem"
0.029050197867912,10.8773123915006,0.108761027292274,0.783716497566229,0.973176725038822,2355,0.972570558146486,FALSE,"CD8 Tem"
0.175666818717825,10.8561261738092,5.32866621045065,0.020977805763795,0.242705906983609,2356,0.248523388346185,FALSE,"CD8 Tem"
0.273517160029851,10.9401514316471,11.712211728632,0.000620958416675697,0.0566289724697777,2357,0.0589882691324906,TRUE,"CD8 Tem"
-0.0285388354727532,10.9312260911394,0.178422380170762,0.773523477090217,0.970648162533933,2358,0.969932820526043,FALSE,"CD8 Tem"
0.220384580245174,10.8216214426609,6.3029834657155,0.0120537819220515,0.204963360807038,2359,0.209868950837161,FALSE,"CD8 Tem"
0.222440565131896,10.79185197735,9.22597528696534,0.0023861685793767,0.113327680865806,2360,0.11714928262081,FALSE,"CD8 Tem"
0.0120274574294004,10.864897163287,0.0200854716458376,0.887298684068554,0.998052981074555,2361,0.997419013883782,FALSE,"CD8 Tem"
0.143310100823588,10.8616016732192,3.89304828120641,0.07715584159308,0.411675865373111,2362,0.416558320014717,FALSE,"CD8 Tem"
0.188181460522334,10.9762594562159,6.32011031412616,0.011937906401761,0.204963360807038,2363,0.209868950837161,FALSE,"CD8 Tem"
0.120106405190351,10.895402593928,2.72127719044147,0.0990193331305794,0.452131234500721,2364,0.45718963833997,FALSE,"CD8 Tem"
-0.031323375914494,10.8323597734203,0.0225411237359964,0.880656571627863,0.998052981074555,2365,0.997419013883782,FALSE,"CD8 Tem"
0.0637459334354562,10.9243515459041,0.618053060826471,0.729450106100451,0.96088934145692,2366,0.960718324905553,FALSE,"CD8 Tem"
0.170061175481988,10.7938950382559,5.52587966162307,0.0568546083950945,0.366755594515374,2367,0.371626330198419,FALSE,"CD8 Tem"
-0.0607188248869717,10.921793323239,1.69464387101633,0.192990485358681,0.576599573945387,2368,0.580113962772058,FALSE,"CD8 Tem"
0.0354123152294541,11.1971467956052,0.277880355729065,0.828020786940689,0.991750133480293,2369,0.99056017316442,FALSE,"CD8 Tem"
0.0695978508543951,10.9159951845982,0.8950876144414,0.344102746410258,0.721560808635757,2370,0.72346624226392,FALSE,"CD8 Tem"
-0.0706804221932439,10.8258349491178,0.263994615926068,0.607389195101944,0.907220950437234,2371,0.907226048084403,FALSE,"CD8 Tem"
0.315033802558562,10.9036110317073,14.4134388092093,0.000146767200755516,0.0279500662767487,2372,0.0290832935225392,TRUE,"CD8 Tem"
0.0694572367223257,10.897249684409,0.634691307090863,0.425640062774426,0.788391848651475,2373,0.789149002915426,FALSE,"CD8 Tem"
0.0285718188663155,10.9738930293708,0.259359156505532,0.804694198113296,0.983771632949457,2374,0.983097029076725,FALSE,"CD8 Tem"
0.153005234037561,10.9031246150317,5.5431292924381,0.0434453161541937,0.333874166694882,2375,0.339097074433558,FALSE,"CD8 Tem"
0.0340868287259842,10.8805124599271,0.265817559270297,0.606151498718917,0.907205583121459,2376,0.907224891322566,FALSE,"CD8 Tem"
0.0965832285259355,10.9601659037415,1.65338439252617,0.51451816429818,0.85265158685621,2377,0.853389650700993,FALSE,"CD8 Tem"
-0.0269811354727884,10.8115837038919,0.128566786071314,0.84912619251538,0.994123106138315,2378,0.992964235102643,FALSE,"CD8 Tem"
0.282307816140097,10.9822151411245,15.7301023771158,7.30616437850384e-05,0.0240783488969809,2379,0.0249574404194535,TRUE,"CD8 Tem"
0.12980635861671,10.9796456841519,2.93805004741529,0.205005741589509,0.586018409042695,2380,0.589234214972733,FALSE,"CD8 Tem"
0.152997176098529,10.7991598502879,4.50045715648691,0.0338862438920082,0.30602897153734,2381,0.310422900695612,FALSE,"CD8 Tem"
-0.0305837585918975,10.9944899517676,0.143564140552936,0.704763320053065,0.948351319734062,2382,0.948420221001489,FALSE,"CD8 Tem"
-0.129021788834806,10.8256179408549,3.86231196104318,0.0571808393719167,0.367245345658059,2383,0.372151520595126,FALSE,"CD8 Tem"
0.011973045464697,10.870313810531,0.00202006972811547,0.964151016632148,0.999555952465987,2384,0.99933775641114,FALSE,"CD8 Tem"
0.0995371058569809,10.8450300265201,1.66257766551907,0.197256199783164,0.579995084334507,2385,0.583373446113157,FALSE,"CD8 Tem"
0.125659562924677,10.8018004834351,3.58604671396758,0.139970205073129,0.514132868189603,2386,0.518492396790831,FALSE,"CD8 Tem"
0.115928079152282,10.8510717396612,0.778750093377501,0.779035924264559,0.972041712948465,2387,0.97143175270546,FALSE,"CD8 Tem"
-0.0810867827243348,10.8436162921913,1.29838535230092,0.264367768557126,0.646265204732314,2388,0.648965185441338,FALSE,"CD8 Tem"
0.0741337823540455,10.7851087803879,0.929229912071487,0.348142100854357,0.725127143337938,2389,0.726880907447273,FALSE,"CD8 Tem"
-0.0738112599756,10.8105721797516,0.179668968777251,0.671658045526628,0.934198289144937,2390,0.933615819388617,FALSE,"CD8 Tem"
0.0682759144725699,10.7781845807612,0.907954435766868,0.395480941979725,0.764815867885444,2391,0.765943574243113,FALSE,"CD8 Tem"
0.103019770557823,11.0705044929562,1.54138972981558,0.214411600297645,0.595905097084529,2392,0.598848038515128,FALSE,"CD8 Tem"
0.0224528574719652,10.8906385747678,0.0851940372695635,0.770378352186985,0.970648162533933,2393,0.969932820526043,FALSE,"CD8 Tem"
0.135740042282623,10.7972091847589,4.13708639778128,0.0449316000343466,0.333874166694882,2394,0.339097074433558,FALSE,"CD8 Tem"
0.0941245897971645,10.8012060110555,1.32812597830358,0.249139388239152,0.627367241310392,2395,0.630480111495369,FALSE,"CD8 Tem"
0.196807697668531,10.8357312372889,7.2094905306842,0.00725212739293486,0.171348640158618,2396,0.175533404150049,FALSE,"CD8 Tem"
-0.0476078852977838,10.8706664286478,0.459374492950602,0.497916738037214,0.842387595481276,2397,0.84322778013749,FALSE,"CD8 Tem"
0.109719644746049,10.8179771335096,2.00988235371136,0.156278009020571,0.541078848103302,2398,0.545859867037089,FALSE,"CD8 Tem"
0.13138664477926,10.8441524810163,3.31556097912065,0.0686274439838607,0.392004651373894,2399,0.396975663954345,FALSE,"CD8 Tem"
-0.031153248901489,10.909930742729,0.00677438328896649,0.934402903200565,0.998052981074555,2400,0.997419013883782,FALSE,"CD8 Tem"
0.196136490724662,10.9211885156524,7.03935789057732,0.00797399287662292,0.171348640158618,2401,0.175533404150049,FALSE,"CD8 Tem"
-0.00760123714642536,10.7941741936841,0.00433099505242732,0.947528883205092,0.998155886516222,2402,0.997789883574633,FALSE,"CD8 Tem"
-0.0984840450410722,11.0057045503085,1.63206176340915,0.201418659748304,0.583826111285387,2403,0.587130568435587,FALSE,"CD8 Tem"
0.0686103650660317,11.0162870680024,0.726856797721054,0.393904299090313,0.764815867885444,2404,0.765943574243113,FALSE,"CD8 Tem"
0.0668499451652529,10.8220026248786,0.805556285666771,0.539285716242489,0.865860441032074,2405,0.866408585562601,FALSE,"CD8 Tem"
0.121108914538761,10.9359621725953,2.76328405494564,0.710265054051512,0.951178452747936,2406,0.951039528731743,FALSE,"CD8 Tem"
0.147315813495378,11.0874056647727,3.39263819765304,0.0654886310964512,0.384095363467333,2407,0.388933653863176,FALSE,"CD8 Tem"
0.117635513512061,10.8838213625669,2.46154010820495,0.116664923928329,0.48690754790225,2408,0.491179210594834,FALSE,"CD8 Tem"
0.111858762757929,11.1720949027723,1.8937581546212,0.168779213674553,0.558241996189635,2409,0.562414526707167,FALSE,"CD8 Tem"
0.140624299897882,10.8656482836614,3.09267352848092,0.105678024213343,0.462559659046043,2410,0.467390284522698,FALSE,"CD8 Tem"
0.198925756693279,10.8078654141551,6.47960384224931,0.0109122035403346,0.195956211066008,2411,0.200694796534129,FALSE,"CD8 Tem"
0.069560238018805,10.9631629084394,0.614612719438479,0.433056648311996,0.794535097159405,2412,0.795186686595781,FALSE,"CD8 Tem"
0.0472615406003686,11.0486910045859,0.288424247106556,0.985542926905104,0.999555952465987,2413,0.99933775641114,FALSE,"CD8 Tem"
-0.0373431182393136,10.8801947998108,0.261270310885389,0.86796991782234,0.995699491024715,2414,0.994636546052096,FALSE,"CD8 Tem"
0.0895222525467662,10.8608199652996,1.93591415889213,0.267903119239623,0.648967399783065,2415,0.651551116775161,FALSE,"CD8 Tem"
0.254110894776199,11.0909618382904,9.42898842624104,0.00213592593323841,0.105682888462679,2416,0.109263404834391,FALSE,"CD8 Tem"
0.0705030225053594,10.8534567598462,1.17427941330157,0.32974429405524,0.706718064262907,2417,0.708624245752453,FALSE,"CD8 Tem"
-0.00407262290960823,11.0170575675339,0.000264434392747349,0.987025826790266,0.999555952465987,2418,0.99933775641114,FALSE,"CD8 Tem"
0.0462259041535219,10.9216118391275,0.427973214140833,0.595648488956224,0.901516798612235,2419,0.901707429548723,FALSE,"CD8 Tem"
0.169247008132797,10.8723582308783,4.55333552611685,0.0510141525569739,0.352003390777681,2420,0.356817181665275,FALSE,"CD8 Tem"
0.0585917063397213,11.0143280677898,0.794101226331984,0.461486957568321,0.816654719027562,2421,0.817116384999255,FALSE,"CD8 Tem"
0.111206629333037,11.078171549537,2.07316278861149,0.149910931229622,0.529412104137413,2422,0.533648847042029,FALSE,"CD8 Tem"
-0.126562791662253,10.876494076513,2.12540913577279,0.610136436388834,0.908416357606827,2423,0.908496889952051,FALSE,"CD8 Tem"
0.130623637915343,10.7749078479416,3.38630985014021,0.129200742894439,0.504519775991386,2424,0.508704233428601,FALSE,"CD8 Tem"
0.0420305774335039,10.7922137718427,1.16143553133011,0.773277352746922,0.970648162533933,2425,0.969932820526043,FALSE,"CD8 Tem"
0.0742641076173371,10.8518334759541,0.738891035358645,0.857177251808167,0.99428967969476,2426,0.993016433540451,FALSE,"CD8 Tem"
-0.018437142554038,10.8158740933705,0.0925256602261054,0.760990642160836,0.970648162533933,2427,0.969932820526043,FALSE,"CD8 Tem"
0.140706771090671,10.8436697824494,3.36365068203521,0.0666507083219022,0.388773730960708,2428,0.393730807485823,FALSE,"CD8 Tem"
0.253132699969407,10.8396557803301,13.1006730223699,0.000295216453863947,0.0371184170601057,2429,0.0385177421221443,TRUE,"CD8 Tem"
0.0404348117467392,10.9335525604669,0.321762130645255,0.570550822453217,0.887992821395689,2430,0.888120536722646,FALSE,"CD8 Tem"
-0.0407327062627946,10.8192907745281,0.34963696663668,0.632619225799301,0.921776948368593,2431,0.921988393846835,FALSE,"CD8 Tem"
0.0855300920881226,10.7807868366032,1.94059186733603,0.460310390925976,0.816204204421164,2432,0.816769231379047,FALSE,"CD8 Tem"
0.101574469720728,10.8193639985159,1.1657399703067,0.532220062684466,0.863696968438747,2433,0.864286056020182,FALSE,"CD8 Tem"
0.145055633505392,10.8623763923201,3.61380299415114,0.0635574591674705,0.378496469382721,2434,0.383635274757715,FALSE,"CD8 Tem"
0.0788844347224408,10.9640005520721,0.877223155502688,0.416952115804399,0.78363797275232,2435,0.784412444247541,FALSE,"CD8 Tem"
-0.0778012648870118,10.8271244885385,0.815664377432589,0.366451257053394,0.740699901938095,2436,0.742446787134432,FALSE,"CD8 Tem"
0.140418257979625,10.9080317170118,3.02856690152574,0.0818108114880646,0.41842098313247,2437,0.423237336096788,FALSE,"CD8 Tem"
0.0393158691238032,10.9177026063742,0.293136160087351,0.588218000654047,0.899738898039858,2438,0.900003221970376,FALSE,"CD8 Tem"
0.0135622879010939,10.9006744456939,0.0652320289877801,0.798409929729416,0.982122344134228,2439,0.981559170032724,FALSE,"CD8 Tem"
0.0216298133688136,10.8624417316368,0.0687345137126646,0.793188414969083,0.978546238201911,2440,0.977906334405977,FALSE,"CD8 Tem"
0.0312291301317841,10.8241058176263,0.198094802964479,0.971330036176257,0.999555952465987,2441,0.99933775641114,FALSE,"CD8 Tem"
0.0215101894147906,10.9685767892292,0.0821275012773102,0.774434834295158,0.970648162533933,2442,0.969932820526043,FALSE,"CD8 Tem"
-0.147101401157721,10.7612973775032,3.69735449274214,0.0544993344986237,0.360563875893455,2443,0.36556749547284,FALSE,"CD8 Tem"
0.116442334495582,11.0460264991039,2.09934668254338,0.147362668393719,0.52439462180504,2444,0.528902091527782,FALSE,"CD8 Tem"
-0.0189840775917265,10.7886252163278,0.0409190006812564,0.839694427611836,0.993492440300852,2445,0.992165799160343,FALSE,"CD8 Tem"
0.0178612344790595,10.8414672614571,0.134172447795962,0.714144674026938,0.953857245080263,2446,0.953695464360168,FALSE,"CD8 Tem"
0.012738735509675,10.8617121356069,0.0886097952019193,0.910587255944568,0.998052981074555,2447,0.997419013883782,FALSE,"CD8 Tem"
0.0912966584647659,10.8039392000595,1.45160746835392,0.228270719653667,0.607173567870199,2448,0.610083372596426,FALSE,"CD8 Tem"
0.0956499285137425,10.8037793094858,2.02345866401109,0.154886576998429,0.538398706741177,2449,0.543181177449201,FALSE,"CD8 Tem"
0.0696408070443778,10.8179480989777,1.31963249703616,0.919712895895879,0.998052981074555,2450,0.997419013883782,FALSE,"CD8 Tem"
0.100272711522785,11.0115098859406,1.78096198836389,0.655179497436955,0.927632396570189,2451,0.927184458408043,FALSE,"CD8 Tem"
0.0221481146966648,11.0363234109146,0.0819449177057452,0.774678927042117,0.970648162533933,2452,0.969932820526043,FALSE,"CD8 Tem"
0.0544471968318203,10.7834697469078,0.411870178784382,0.521022069895975,0.856583120214274,2453,0.857554997969641,FALSE,"CD8 Tem"
0.199164115108251,10.802269284759,6.34481424569831,0.0154402208841354,0.22423913527511,2454,0.228852078219512,FALSE,"CD8 Tem"
0.0693624814582715,10.815089090592,0.724805223201331,0.439436176060885,0.79961567091517,2455,0.8001503654223,FALSE,"CD8 Tem"
0.0968017558957978,10.8588333487216,1.60887353344813,0.204650763509292,0.586018409042695,2456,0.589234214972733,FALSE,"CD8 Tem"
0.0601291439807763,10.8002770240799,0.844275158457934,0.723848944380998,0.958059601683557,2457,0.957973100157614,FALSE,"CD8 Tem"
0.0494131527202534,10.8579622573028,0.532035885920651,0.891111520727295,0.998052981074555,2458,0.997419013883782,FALSE,"CD8 Tem"
0.341657012025705,10.8881706007545,25.6561372818291,4.08128720482302e-07,0.000949103339481592,2459,0.00100773949393833,TRUE,"CD8 Tem"
0.088251058912386,10.8178556009237,2.51164580508426,0.679030149778885,0.936586366139263,2460,0.936193343013325,FALSE,"CD8 Tem"
-0.0557830025784408,10.7631342730449,0.774350523625407,0.378874927416061,0.748682180305617,2461,0.750170681905695,FALSE,"CD8 Tem"
-0.00288520899982306,10.8251672588825,0.017349057579146,0.895209119664386,0.998052981074555,2462,0.997419013883782,FALSE,"CD8 Tem"
0.105769237535573,10.8970774790776,1.81107971733952,0.540612679008801,0.867329965529471,2463,0.867881358096063,FALSE,"CD8 Tem"
0.10010457728028,10.9768154961736,1.32249097400362,0.346089220565439,0.723052469298088,2464,0.724860012703193,FALSE,"CD8 Tem"
0.0704051073610933,10.7995324030606,1.32015310104657,0.489572060216842,0.835596202593956,2465,0.836159797409443,FALSE,"CD8 Tem"
0.0156829654163855,10.8140067674355,0.49669607733492,0.809412117001016,0.98465075578324,2466,0.984081489808586,FALSE,"CD8 Tem"
0.080686039779117,10.8189795806816,1.0166753897909,0.930481571790835,0.998052981074555,2467,0.997419013883782,FALSE,"CD8 Tem"
0.13626492144419,10.8846217187341,3.40609534722444,0.0649565188175889,0.382421226608362,2468,0.38740010539185,FALSE,"CD8 Tem"
0.0340571600065375,10.9155931989326,0.125078248851139,0.723590816555549,0.958059601683557,2469,0.957932701836337,FALSE,"CD8 Tem"
0.139494562197983,10.7790579297691,7.70186234933665,0.0243723522107131,0.263145610406849,2470,0.268501412377692,FALSE,"CD8 Tem"
0.104981024366883,10.8083837066831,2.46647152615421,0.35153717433787,0.729122958774664,2471,0.730906512286367,FALSE,"CD8 Tem"
0.0138296963341414,10.9685725463557,0.0137995509788006,0.967064171880445,0.999555952465987,2472,0.99933775641114,FALSE,"CD8 Tem"
0.0499593581402178,10.8633245297402,0.438708392419707,0.592638980789272,0.901375254684607,2473,0.901610060627415,FALSE,"CD8 Tem"
0.0674733089968872,11.0402973752936,0.872870369922667,0.422777959181559,0.787269534492703,2474,0.788198807658795,FALSE,"CD8 Tem"
0.0244909143028293,10.8844456045837,0.116618894398587,0.768815832967313,0.970648162533933,2475,0.969932820526043,FALSE,"CD8 Tem"
-0.0210697329471401,10.8492238352814,0.0315997979742723,0.94021587937389,0.998052981074555,2476,0.997419013883782,FALSE,"CD8 Tem"
0.0249748788246318,10.8889366095078,0.0940287818120583,0.83938485539504,0.993378870850466,2477,0.992026404262143,FALSE,"CD8 Tem"
0.080789845622912,10.8158887872125,1.07030281212436,0.300877517491483,0.67979431637409,2478,0.682011923469572,FALSE,"CD8 Tem"
0.138758168648472,10.7991603298325,3.8153202418433,0.094790117991837,0.446223521032423,2479,0.451476960838347,FALSE,"CD8 Tem"
0.0602601084655268,10.7522365879673,0.826210337270317,0.403733535818181,0.772424794360493,2480,0.773331408120168,FALSE,"CD8 Tem"
-0.0173210141525947,10.753154776051,0.0317426609516463,0.858593696410469,0.99428967969476,2481,0.993016433540451,FALSE,"CD8 Tem"
0.0660391909485567,10.8903010567852,0.846992410201419,0.438247115048662,0.799158498503117,2482,0.799732490751374,FALSE,"CD8 Tem"
0.177552519792571,10.8543665057498,5.74033817853069,0.0165799356008819,0.230878085268568,2483,0.23565845885682,FALSE,"CD8 Tem"
-0.0026139791230853,10.7739035903129,0.00367842194189154,0.951637978480999,0.998155886516222,2484,0.997808704959348,FALSE,"CD8 Tem"
-0.136319717873275,10.7974555743705,3.87362612444282,0.10155807731487,0.455666255397443,2485,0.460724709955008,FALSE,"CD8 Tem"
-0.00240689155870904,10.8623910317842,0.00506986687405316,0.943236221862731,0.998052981074555,2486,0.997419013883782,FALSE,"CD8 Tem"
0.033714100603043,10.8975461214616,0.0759883118718739,0.782809498047339,0.973176725038822,2487,0.972570558146486,FALSE,"CD8 Tem"
0.102900601275158,11.0522261936067,1.59591615452746,0.206483453908375,0.586297035487088,2488,0.589552337144027,FALSE,"CD8 Tem"
0.143410757200637,10.7854820727364,4.37176885982515,0.036539506203577,0.317294549471818,2489,0.32188944579677,FALSE,"CD8 Tem"
0.0217582809921961,10.7797083179127,0.0377014670772393,0.846043896937607,0.994123106138315,2490,0.992964235102643,FALSE,"CD8 Tem"
-0.0358421608511273,10.8330386251582,0.243255775705225,0.737975423494962,0.962347129236196,2491,0.961932074408799,FALSE,"CD8 Tem"
0.066877276133752,10.8481768130601,0.911162714346262,0.339806528535303,0.718055503960787,2492,0.719935119835174,FALSE,"CD8 Tem"
0.0886954404788078,10.9645630117565,1.37450989415273,0.241039043531051,0.618352229157705,2493,0.62147607267457,FALSE,"CD8 Tem"
0.109196074004839,10.862134046336,1.90978917019153,0.301077435968359,0.67979431637409,2494,0.682011923469572,FALSE,"CD8 Tem"
0.00967403398294413,11.1911609709057,0.0179057587374661,0.956170975974343,0.999359822304869,2495,0.998941403804982,FALSE,"CD8 Tem"
0.045124873134997,11.0558085805612,0.299236519135551,0.920843447598673,0.998052981074555,2496,0.997419013883782,FALSE,"CD8 Tem"
-0.0402333378279921,10.9056613718983,0.193387455778206,0.660112270384581,0.929231891512919,2497,0.928722375721776,FALSE,"CD8 Tem"
0.0118516970720801,10.9722015717324,0.0448478654203667,0.832284098948908,0.991750133480293,2498,0.99056017316442,FALSE,"CD8 Tem"
0.106336325159882,10.8043676773571,3.81975849999662,0.0958170951866416,0.447967951301563,2499,0.453207067576874,FALSE,"CD8 Tem"
0.00326539270032457,10.7883572174301,0.0043580783225904,0.947365315953309,0.998155886516222,2500,0.997789883574633,FALSE,"CD8 Tem"
0.0826798835783748,11.1506971478849,0.882525298019679,0.347511369324367,0.724636994448423,2501,0.726366900786645,FALSE,"CD8 Tem"
0.0232041435456023,10.8505591206628,0.105917246051504,0.84299118578717,0.993853213321784,2502,0.992631403155083,FALSE,"CD8 Tem"
0.104971887663541,10.7776382785401,3.21759908301755,0.37877355266943,0.748682180305617,2503,0.750170681905695,FALSE,"CD8 Tem"
0.124654035154381,11.19642254304,2.16079244673977,0.141572240450387,0.515826366464452,2504,0.520213534102569,FALSE,"CD8 Tem"
0.152858414832506,10.7755962943328,5.73575841079517,0.0449914161028848,0.333874166694882,2505,0.339097074433558,FALSE,"CD8 Tem"
0.0942231878545156,10.8326754047071,1.35365129574881,0.247871696704281,0.626890299821431,2506,0.629892296409912,FALSE,"CD8 Tem"
-0.0853708920304411,10.7541486268274,1.390904961206,0.238252848422885,0.616646632172977,2507,0.619498728066808,FALSE,"CD8 Tem"
0.0477745004693649,10.8989432267843,0.327162661830874,0.567334847619027,0.886762934159389,2508,0.887041311528646,FALSE,"CD8 Tem"
0.188354608314641,10.7809166555199,8.45138290366797,0.0120748142036397,0.204963360807038,2509,0.209868950837161,FALSE,"CD8 Tem"
-0.00196145381584875,10.8947674460118,0.000109609158881352,0.991646752473558,0.999555952465987,2510,0.99933775641114,FALSE,"CD8 Tem"
0.123092347391966,10.856302850793,2.43731263862332,0.118479628446549,0.48690754790225,2511,0.491179210594834,FALSE,"CD8 Tem"
0.121794876154539,10.8923500931596,2.53126954765098,0.178610692004438,0.568132206150046,2512,0.572044926624278,FALSE,"CD8 Tem"
0.078697977945652,10.8927947872364,1.15251005584602,0.283024798908391,0.66515833235115,2513,0.667972450729938,FALSE,"CD8 Tem"
0.207260851264548,10.9808276736468,6.65344103944435,0.00989671165167037,0.188645925786553,2514,0.193609288954673,FALSE,"CD8 Tem"
-0.0474484629971482,10.9230342882713,0.00453581402376839,0.946304329825431,0.998155886516222,2515,0.997789883574633,FALSE,"CD8 Tem"
0.0591936318185838,10.8979808734374,0.747090422150431,0.818168423522103,0.986596146694659,2516,0.985869570404283,FALSE,"CD8 Tem"
0.0859522581030338,10.9923966487233,1.31288733445359,0.251873056313986,0.63115865840815,2517,0.634124851556973,FALSE,"CD8 Tem"
0.138037436355459,10.8744622632024,3.68589654315662,0.0548749849804502,0.361059233872537,2518,0.365964506000071,FALSE,"CD8 Tem"
0.00397699908762221,10.7964492427726,0.270303795135489,0.603128268243566,0.905543001596083,2519,0.90572119184756,FALSE,"CD8 Tem"
0.165395650806625,10.8475584652297,6.37247152424032,0.0415264605755397,0.331285708639512,2520,0.335989817409213,FALSE,"CD8 Tem"
-0.123290861211141,10.816139566521,1.99770973704336,0.157537659665832,0.541542982339825,2521,0.546290529632779,FALSE,"CD8 Tem"
-0.0141467314257579,10.8421306051594,0.00916025348375925,0.923751558694291,0.998052981074555,2522,0.997419013883782,FALSE,"CD8 Tem"
0.120275199962164,10.7738787529786,2.8674942245335,0.0903860681879132,0.435181783790874,2523,0.440182176160435,FALSE,"CD8 Tem"
0.0607759493495178,10.9299851497891,0.669899370766752,0.782649248382085,0.973176725038822,2524,0.972570558146486,FALSE,"CD8 Tem"
0.00490537046263979,10.9229935034712,0.287994955286415,0.591508503624961,0.901375254684607,2525,0.901610060627415,FALSE,"CD8 Tem"
-0.041338213217117,10.8985644323911,0.300999779332955,0.583256551879468,0.897065549864883,2526,0.897208309515696,FALSE,"CD8 Tem"
0.0828801921310955,10.824767987419,2.49594061236541,0.373511149478004,0.745594113692263,2527,0.747148666178942,FALSE,"CD8 Tem"
0.0673946288470573,10.8404846130752,0.855587611273689,0.354976830492686,0.731825017119451,2528,0.733619857172623,FALSE,"CD8 Tem"
0.0603232475331688,10.7744007472152,0.723811861981607,0.394896763051234,0.764815867885444,2529,0.765943574243113,FALSE,"CD8 Tem"
0.0495803307227513,10.8195706692552,0.347540368865298,0.615308172946254,0.911981616434999,2530,0.911943222011766,FALSE,"CD8 Tem"
-0.0197555894810949,10.8293585593742,0.0580760816196296,0.809563116155874,0.98465075578324,2531,0.984081489808586,FALSE,"CD8 Tem"
0.00362007607409271,10.9222250378445,0.00180657507004398,0.966097078845532,0.999555952465987,2532,0.99933775641114,FALSE,"CD8 Tem"
0.253046607658783,11.0778949682213,9.35691504109521,0.00222156527972604,0.107630209541727,2533,0.110980505567184,FALSE,"CD8 Tem"
-0.0298965093996372,10.8110137669458,0.195016807953334,0.658773739493568,0.928753156224488,2534,0.928231540794089,FALSE,"CD8 Tem"
0.186907086375242,10.983120327819,6.17290328359827,0.0129724536642745,0.209496118029655,2535,0.214167579327159,FALSE,"CD8 Tem"
0.191644852065847,10.8146636142701,7.07208561765775,0.0078296357913317,0.171348640158618,2536,0.175533404150049,FALSE,"CD8 Tem"
0.117576443986946,10.9545180613254,1.67516263517407,0.214597857388412,0.595905097084529,2537,0.598848038515128,FALSE,"CD8 Tem"
0.0595710447168913,10.8037471801125,0.616380952871857,0.432395676233347,0.794262357883609,2538,0.794961324214617,FALSE,"CD8 Tem"
0.058309021333007,10.9092230126393,0.989406796201575,0.319887844201902,0.701895916073778,2539,0.703930188370752,FALSE,"CD8 Tem"
-0.0395803943299265,10.8228317875603,0.385420800376252,0.534716558805385,0.865332886222632,2540,0.865830714796336,FALSE,"CD8 Tem"
0.00587678966281719,10.9374522955783,0.00669216895831187,0.934801270880918,0.998052981074555,2541,0.997419013883782,FALSE,"CD8 Tem"
0.0938039959522831,10.9122225266244,1.83442907461131,0.179142198221702,0.568132206150046,2542,0.572044926624278,FALSE,"CD8 Tem"
0.00661633322511096,10.843217085886,0.518016969348453,0.949861902625029,0.998155886516222,2543,0.997808704959348,FALSE,"CD8 Tem"
0.143563944890719,10.8276369589295,4.19565569393121,0.0450612392337703,0.333874166694882,2544,0.339097074433558,FALSE,"CD8 Tem"
0.109476181612789,10.8598509963172,2.1614954992982,0.181561982964222,0.57160004336805,2545,0.575358429064667,FALSE,"CD8 Tem"
0.0582669353636369,11.0084917170792,0.532186102911058,0.465689537783216,0.819424328426552,2546,0.819759213172029,FALSE,"CD8 Tem"
0.0405328333874086,10.8529561142171,0.220172410043109,0.638908769962498,0.923993995365541,2547,0.924188152047216,FALSE,"CD8 Tem"
0.15450239922419,10.915283017505,5.23823363222572,0.0310608846252933,0.290819540439759,2548,0.295245166270196,FALSE,"CD8 Tem"
0.0832849507598321,10.8247948762191,1.46904486584298,0.225496979079489,0.605773996814682,2549,0.608864611486036,FALSE,"CD8 Tem"
0.0495264182404594,10.7896706848917,0.615623022622733,0.598615473509827,0.90248316605971,2550,0.902716654628303,FALSE,"CD8 Tem"
0.128160650922855,11.0489714631033,2.35829201927146,0.124619145204843,0.497896485959987,2551,0.502179044578922,FALSE,"CD8 Tem"
-0.0100964934691277,10.8436371310589,0.0143405597473622,0.904679590531365,0.998052981074555,2552,0.997419013883782,FALSE,"CD8 Tem"
0.14724599370028,10.8695698578527,3.76096175710567,0.052462910806811,0.357254755728372,2553,0.361924915025771,FALSE,"CD8 Tem"
0.104943768751275,10.959889777376,1.13414296065671,0.438497632375823,0.799158498503117,2554,0.799732490751374,FALSE,"CD8 Tem"
0.0482497020763791,10.8077771989078,0.493469978343424,0.708046477732663,0.949848332256883,2555,0.949857825181255,FALSE,"CD8 Tem"
-0.0519326937887851,10.7805590909192,0.416272476461935,0.518803162588696,0.854446009343109,2556,0.85541315722522,FALSE,"CD8 Tem"
0.015859299151884,10.9674959752598,0.0192686529918926,0.889599099411994,0.998052981074555,2557,0.997419013883782,FALSE,"CD8 Tem"
0.0907458912410573,10.915912895965,0.978428073394151,0.322587637692723,0.702903005007285,2558,0.704987744063535,FALSE,"CD8 Tem"
0.11115836194364,10.9769482906271,2.43855200426446,0.12274085785647,0.493590468764651,2559,0.497814351747457,FALSE,"CD8 Tem"
0.0806343015730609,10.8294794858263,1.0103305805872,0.331242772758378,0.707405969619057,2560,0.709268065982791,FALSE,"CD8 Tem"
0.102558629712995,10.7935011995922,2.28291289648233,0.474464159641766,0.824330521663747,2561,0.824732759802501,FALSE,"CD8 Tem"
-0.047361817588188,10.9677860882998,0.340144187514262,0.559746247675752,0.880812790642286,2562,0.881222622255085,FALSE,"CD8 Tem"
0.0682224998620912,10.7844927085288,0.829768762584391,0.362339805727829,0.738977876145631,2563,0.740741400768866,FALSE,"CD8 Tem"
0.0139870737326663,10.7832211127473,0.0338470474728919,0.854032609513494,0.99428967969476,2564,0.993016433540451,FALSE,"CD8 Tem"
0.121428404745488,10.9879277102497,2.74406445802919,0.0976167715443916,0.4499659112517,2565,0.455120780121589,FALSE,"CD8 Tem"
-0.094555600672636,10.8036142531914,1.15213637887746,0.577256664386118,0.892856915882885,2566,0.892972993155149,FALSE,"CD8 Tem"
0.108293916528867,10.7887014013919,2.25649831009464,0.139013229565357,0.513135341832123,2567,0.51748079439151,FALSE,"CD8 Tem"
0.135661204645483,11.0893215211333,3.24833563645477,0.0714965753933703,0.396233368022513,2568,0.40103065408849,FALSE,"CD8 Tem"
0.102347719572795,10.833117094798,2.86919451990554,0.136964762803828,0.511808288764961,2569,0.516118931760863,FALSE,"CD8 Tem"
0.0332761387641622,10.8906792025912,0.202582330449648,0.65264466716244,0.927632396570189,2570,0.927184458408043,FALSE,"CD8 Tem"
0.0507281812450075,11.2107942480144,0.393654676055532,0.530384840784923,0.862535225673583,2571,0.863096401225893,FALSE,"CD8 Tem"
0.000496550233397766,10.8257581434076,0.39033041520596,0.95516734692395,0.999077378157267,2572,0.998676076224815,FALSE,"CD8 Tem"
0.0922506809315523,10.8197522463537,1.34886785009026,0.2454766477474,0.62422738582458,2573,0.627346786657868,FALSE,"CD8 Tem"
0.103544693301522,10.9021072439135,2.08545531334157,0.148708453450176,0.52716693368656,2574,0.531504424660763,FALSE,"CD8 Tem"
0.0238462855422463,10.8568727045949,0.0913569050494972,0.768829737228644,0.970648162533933,2575,0.969932820526043,FALSE,"CD8 Tem"
0.107896571887451,10.8011023055019,2.76181965154972,0.164147057137579,0.552422549020898,2576,0.557009526843593,FALSE,"CD8 Tem"
0.132775388807446,10.9794026874242,2.74603293127147,0.0974966322572635,0.4499659112517,2577,0.455120780121589,FALSE,"CD8 Tem"
-0.0607321258588392,11.0315140518664,0.498381995340876,0.480212225610262,0.828130167339017,2578,0.828535802989917,FALSE,"CD8 Tem"
0.143050558900873,10.8171007383099,3.32929844984604,0.0922719559032456,0.440160889134354,2579,0.445283627012617,FALSE,"CD8 Tem"
0.0268957618589302,10.9052788048877,0.138946110462106,0.998520518895723,0.999760546979964,2580,0.99976067537197,FALSE,"CD8 Tem"
0.0555452409273959,10.9785120166633,0.366550067777982,0.544891061069687,0.869694003100588,2581,0.86992438958112,FALSE,"CD8 Tem"
0.0177010416296698,10.8123915557398,0.0280466761786411,0.866999196491709,0.995699491024715,2582,0.994636546052096,FALSE,"CD8 Tem"
0.117617164465687,10.7759465804184,2.82914623631125,0.479606433217695,0.827786697734142,2583,0.828233324510098,FALSE,"CD8 Tem"
0.0625764977525634,10.9665243086145,1.08092094759816,0.298492087013309,0.678205518660919,2584,0.680425101353714,FALSE,"CD8 Tem"
-0.0372999132850186,10.80973576236,0.245228489823438,0.699148407307678,0.94527303557791,2585,0.945258146056631,FALSE,"CD8 Tem"
0.0666963487169912,10.876132114721,1.12191791108414,0.289506322763845,0.671851688241967,2586,0.674405708762762,FALSE,"CD8 Tem"
0.0958750937123383,10.8976468890153,2.24179117935075,0.134325879701395,0.509557971779627,2587,0.514125468561139,FALSE,"CD8 Tem"
0.0386961702795879,10.7815145281675,0.368291301258087,0.674118806887895,0.935004143406303,2588,0.934484113661301,FALSE,"CD8 Tem"
0.0809691904989377,10.8636310603008,1.40339009219799,0.878365304594138,0.998052981074555,2589,0.997196667792019,FALSE,"CD8 Tem"
0.19440543909486,10.8360729538964,6.21468034796619,0.0139284759153987,0.21783636589412,2590,0.222000282809776,FALSE,"CD8 Tem"
0.0979462533479722,10.9851909790873,1.60047206790252,0.205836866395693,0.586018409042695,2591,0.589234214972733,FALSE,"CD8 Tem"
0.110160781598122,11.0053293438871,1.90650960506492,0.167352060438368,0.555352518369271,2592,0.559714290810929,FALSE,"CD8 Tem"
-0.0374979787044968,10.7813450315522,0.173996922673619,0.676583938069024,0.935004143406303,2593,0.934523710704597,FALSE,"CD8 Tem"
-0.0503916298712989,10.8167339177417,0.617817611612712,0.447709089887862,0.807420671394026,2594,0.80806755640102,FALSE,"CD8 Tem"
0.0743806042074535,10.8287093913749,1.29650294293409,0.254853491948527,0.633524099974666,2595,0.636344274638466,FALSE,"CD8 Tem"
-0.0242890181251179,10.7917126219849,0.0216313878151005,0.883071985494333,0.998052981074555,2596,0.997419013883782,FALSE,"CD8 Tem"
0.0126795993442496,10.8653650462042,0.215187299896302,0.642731865151491,0.926354479336716,2597,0.926536667576143,FALSE,"CD8 Tem"
-0.0802539050862085,10.8149297017128,0.0197659183454605,0.888192860367811,0.998052981074555,2598,0.997419013883782,FALSE,"CD8 Tem"
0.105724309480241,10.8436683415624,2.16288749103309,0.14137937526427,0.515729783807154,2599,0.520206712186156,FALSE,"CD8 Tem"
0.032070483284155,10.8775088572985,0.193683127223415,0.731017818047285,0.96088934145692,2600,0.960718324905553,FALSE,"CD8 Tem"
0.0626630500225483,10.8584824947025,0.445066864633871,0.853482072282501,0.99428967969476,2601,0.993016433540451,FALSE,"CD8 Tem"
0.0178358443589001,10.7642207803561,0.00212162384120565,0.963261577133952,0.999555952465987,2602,0.99933775641114,FALSE,"CD8 Tem"
0.0566206824499003,10.8921785581815,0.562161772746916,0.453390864648976,0.811358565402997,2603,0.812002930457249,FALSE,"CD8 Tem"
0.122124569365382,10.9940588343257,2.34818687653781,0.125429399003576,0.497896485959987,2604,0.502179044578922,FALSE,"CD8 Tem"
0.0577302914312483,10.8209904057247,0.371877042358645,0.892135389494937,0.998052981074555,2605,0.997419013883782,FALSE,"CD8 Tem"
0.164195634955839,10.7968353534098,6.27195830429916,0.0445535826188705,0.333874166694882,2606,0.339097074433558,FALSE,"CD8 Tem"
0.0448262800921446,10.7641613954596,0.427680619306998,0.513129509431678,0.852649284875575,2607,0.853389650700993,FALSE,"CD8 Tem"
-0.0194130660162362,10.9830672176215,0.0377758511899926,0.845893996805944,0.994123106138315,2608,0.992964235102643,FALSE,"CD8 Tem"
-0.0180268479990368,10.7858155577625,0.0174877299873218,0.994229506874428,0.999555952465987,2609,0.999488816091444,FALSE,"CD8 Tem"
0.0231918737610477,10.8267429334907,0.234263603474103,0.669198153689747,0.933825566399944,2610,0.933372652684859,FALSE,"CD8 Tem"
0.12780450822295,11.0095787753072,2.51617329657404,0.112684317530475,0.478338070997121,2611,0.483063338930608,FALSE,"CD8 Tem"
0.158953386758612,10.7700693872802,5.76160803949927,0.0863091333692117,0.427917477706951,2612,0.432711273802828,FALSE,"CD8 Tem"
0.082629266270974,10.9771980394336,1.3029675676954,0.253672376234808,0.63214891266574,2613,0.634998492337549,FALSE,"CD8 Tem"
0.135299515855881,10.8222162245944,3.35507144225578,0.0669988498851784,0.389514563519956,2614,0.394430678723929,FALSE,"CD8 Tem"
-0.0723979314414883,10.8809971531529,0.858481292189407,0.354164451311687,0.73133540778137,2615,0.733151313147778,FALSE,"CD8 Tem"
0.0603133641931924,10.8825482709811,0.611632320989883,0.434174213897358,0.795643919951384,2616,0.796294900090024,FALSE,"CD8 Tem"
0.092295587943943,10.8496216547356,1.99229472461782,0.3076383808305,0.686097923274947,2617,0.688241936217271,FALSE,"CD8 Tem"
-0.00348046022171567,10.851294389518,0.000109254147580603,0.991660290549437,0.999555952465987,2618,0.99933775641114,FALSE,"CD8 Tem"
0.162451812488692,10.7720842482276,3.76446490056488,0.118743446872843,0.48690754790225,2619,0.491179210594834,FALSE,"CD8 Tem"
0.167300076688703,10.8855194477767,5.8979323247212,0.284879009040202,0.667828765648176,2620,0.670676928004535,FALSE,"CD8 Tem"
0.221630942514274,10.9065305426566,8.58584609216118,0.0033880000811818,0.127077325625617,2621,0.131567235477955,FALSE,"CD8 Tem"
0.0993691733212164,10.7939351215509,1.95363093931027,0.427251949733119,0.789804776712535,2622,0.79048264550586,FALSE,"CD8 Tem"
-0.0567597527320279,10.8342654016229,0.54112021500001,0.461969160559345,0.816654719027562,2623,0.817116384999255,FALSE,"CD8 Tem"
-0.133481287477695,10.9213350076886,3.24781133151223,0.0715194509415836,0.396233368022513,2624,0.40103065408849,FALSE,"CD8 Tem"
-0.0214190669315608,10.8234276104843,0.0392929972121468,0.842869405186901,0.993853213321784,2625,0.992631403155083,FALSE,"CD8 Tem"
0.0687158359103109,10.9407223986225,1.35065816158728,0.245163598777845,0.624131501619082,2626,0.627223983029674,FALSE,"CD8 Tem"
0.0328395779928491,10.9494092926541,0.113007041806297,0.736746423226096,0.962347129236196,2627,0.961932074408799,FALSE,"CD8 Tem"
0.0686841357155248,10.7803918909639,0.694190036925473,0.841467017297303,0.993608005449188,2628,0.992287974212428,FALSE,"CD8 Tem"
0.104893764579125,10.8277693009574,2.0633179662943,0.203549794584574,0.584388947291884,2629,0.587755887739446,FALSE,"CD8 Tem"
0.0235739541640796,10.814505855697,0.0358691555391255,0.97187328837851,0.999555952465987,2630,0.99933775641114,FALSE,"CD8 Tem"
-0.00230627614191816,10.8079858139942,0.0249450908987815,0.874504018787379,0.998052981074555,2631,0.997196667792019,FALSE,"CD8 Tem"
-0.0159840381643597,10.9190094571407,0.238654946395932,0.985637751989701,0.999555952465987,2632,0.99933775641114,FALSE,"CD8 Tem"
0.0124618844624209,10.8750767766217,0.0635110786511431,0.978438770774209,0.999555952465987,2633,0.99933775641114,FALSE,"CD8 Tem"
0.0996719817193069,10.9370962105928,1.66366667866037,0.197109530751438,0.579995084334507,2634,0.583373446113157,FALSE,"CD8 Tem"
0.0283393573483399,10.8547576847861,0.189865530789489,0.815220280455955,0.986097480265699,2635,0.985339632184831,FALSE,"CD8 Tem"
-0.0305710109168234,10.9505246370723,0.28023753510904,0.596545786031085,0.902287626286367,2636,0.902479565110308,FALSE,"CD8 Tem"
0.0372628293719814,11.0006893596218,0.0908225421265673,0.763134171691489,0.970648162533933,2637,0.969932820526043,FALSE,"CD8 Tem"
0.198415585935387,10.8091442300702,7.89490045296096,0.0195406811809133,0.242356555126474,2638,0.248048000084649,FALSE,"CD8 Tem"
-0.0554749484570945,10.8300336765759,0.977078617882715,0.579766116771568,0.894358941659888,2639,0.894498519329631,FALSE,"CD8 Tem"
0.00245376448714948,10.876799739915,0.0072687517507085,0.932057127447047,0.998052981074555,2640,0.997419013883782,FALSE,"CD8 Tem"
0.107877892095185,10.7545626893359,3.35030428224852,0.068434154218972,0.392004651373894,2641,0.396975663954345,FALSE,"CD8 Tem"
0.0300456715849613,10.9159947150322,0.118708592514872,0.818677945627512,0.98661845249022,2642,0.985869570404283,FALSE,"CD8 Tem"
0.0307323083767939,10.8173624158357,0.144794644680866,0.79082756578151,0.977312898836893,2643,0.976775800907153,FALSE,"CD8 Tem"
0.0630149650319513,10.8705353488122,0.4940587816603,0.504189137354611,0.847176184189413,2644,0.847961646685928,FALSE,"CD8 Tem"
0.116834686216159,11.0165967834811,2.50720707700388,0.113327198678042,0.479885282047114,2645,0.484580139578294,FALSE,"CD8 Tem"
0.187302923197637,10.8922643679818,6.48272695435946,0.0108930473316509,0.195956211066008,2646,0.200694796534129,FALSE,"CD8 Tem"
0.0389776455733415,10.9774261852057,0.794835206642648,0.373541736634589,0.745594113692263,2647,0.747148666178942,FALSE,"CD8 Tem"
0.0622291238679083,10.801187583462,0.713717404373919,0.466008549856969,0.819424328426552,2648,0.819759213172029,FALSE,"CD8 Tem"
-0.0208523337737355,10.8675583236254,0.00245211030765944,0.96050588354259,0.999555952465987,2649,0.99933775641114,FALSE,"CD8 Tem"
0.113039794628604,10.7614707896143,1.28436961022624,0.553519225485149,0.877742215387463,2650,0.878112569874411,FALSE,"CD8 Tem"
0.103612239425246,10.9767460943467,1.51587840845783,0.21824481208326,0.598901393003443,2651,0.601845315635894,FALSE,"CD8 Tem"
0.125942974985059,10.8814345734449,3.27457120910446,0.269413443643089,0.650255280946551,2652,0.652901237924859,FALSE,"CD8 Tem"
-0.0923263906531911,10.9651574119195,0.924132753707614,0.336392607895365,0.71245993593868,2653,0.714306990660177,FALSE,"CD8 Tem"
0.132054322835366,10.8095015958682,3.74653514458665,0.0697107386795511,0.39309307977166,2654,0.398045034946192,FALSE,"CD8 Tem"
0.045506309321695,11.0162893708664,0.288353866880103,0.591277566744273,0.901375254684607,2655,0.901610060627415,FALSE,"CD8 Tem"
0.0599196706015367,10.842059196685,0.657182518480898,0.41755674039255,0.783979323143002,2656,0.784797629826789,FALSE,"CD8 Tem"
0.151756526605439,10.9021927501531,5.26004597881878,0.0363061584525018,0.317294549471818,2657,0.32188944579677,FALSE,"CD8 Tem"
0.173186010578858,10.8302331809016,5.8013669446094,0.0160140504442719,0.227771708306754,2658,0.232349960040933,FALSE,"CD8 Tem"
0.163972825442131,10.8403810321575,4.38362496691578,0.0362862107288567,0.317294549471818,2659,0.32188944579677,FALSE,"CD8 Tem"
0.120470305375103,10.87985687749,2.35666331226419,0.124749344749004,0.497896485959987,2660,0.502179044578922,FALSE,"CD8 Tem"
0.100224487049941,10.8445624779702,1.28194237195048,0.257538695171658,0.637812817488488,2661,0.640582030923531,FALSE,"CD8 Tem"
0.0669642159672843,10.9501543136247,0.784542834090912,0.387892980585685,0.758021114581522,2662,0.759251831715986,FALSE,"CD8 Tem"
0.126038718952586,10.9477886318165,2.11282993065581,0.14606955370952,0.52254832366983,2663,0.527039691461891,FALSE,"CD8 Tem"
0.115212777468169,10.8601586116675,3.5393328433019,0.165854952840875,0.553365412957612,2664,0.557694885675451,FALSE,"CD8 Tem"
0.134982545883348,10.9225175456513,3.59992546121758,0.0686914192366639,0.392004651373894,2665,0.396975663954345,FALSE,"CD8 Tem"
0.0771847109062534,10.7830944397857,1.22411392323212,0.268555290431191,0.649532322306537,2666,0.652202892164947,FALSE,"CD8 Tem"
0.0821238671998924,10.8608190886979,1.63532976055932,0.200967995133752,0.583095536723068,2667,0.586475712242977,FALSE,"CD8 Tem"
0.053853750984277,10.9493681903745,0.54520853249565,0.460282439904128,0.816204204421164,2668,0.816769231379047,FALSE,"CD8 Tem"
0.149817262728935,10.8745555724331,3.88324864192849,0.0930002474780793,0.441702049725691,2669,0.446831086544353,FALSE,"CD8 Tem"
0.0582362324503551,10.8295195800304,0.754710271056421,0.832259888008247,0.991750133480293,2670,0.99056017316442,FALSE,"CD8 Tem"
0.0288467369754766,10.7789966105209,0.187677932571788,0.725175449262256,0.958996592129301,2671,0.958888254838247,FALSE,"CD8 Tem"
0.136604329934715,10.8016038302533,4.21411685930411,0.326336593674612,0.70507048675377,2672,0.707138407969623,FALSE,"CD8 Tem"
0.0776447085897228,11.0857497758728,0.930679735935806,0.542329457775646,0.868586194254314,2673,0.86910319356277,FALSE,"CD8 Tem"
0.0953266026016524,10.8984938866102,1.51437660241391,0.218473000321755,0.598901393003443,2674,0.601845315635894,FALSE,"CD8 Tem"
0.00823803454453539,10.9550709801839,0.0882102170983023,0.766465058185872,0.970648162533933,2675,0.969932820526043,FALSE,"CD8 Tem"
0.135202380311026,10.9420561745488,2.94402266134594,0.0861963945335122,0.427917477706951,2676,0.432711273802828,FALSE,"CD8 Tem"
0.0813018933193386,11.0084973967276,0.750718872117263,0.57930557660003,0.894034478983124,2677,0.894131843936315,FALSE,"CD8 Tem"
-0.031478871661273,10.8463090284956,0.235758439842803,0.627286714465152,0.920631085205422,2678,0.920675933130884,FALSE,"CD8 Tem"
0.0458027144958591,10.9732153760919,0.283254546951434,0.594576179898882,0.901375254684607,2679,0.901610060627415,FALSE,"CD8 Tem"
-0.0227500854785254,10.7626011790958,0.141062868487984,0.707226801656075,0.949626112503983,2680,0.949688873766046,FALSE,"CD8 Tem"
0.0956802719294394,10.8663995109065,1.46848112918503,0.225586016444427,0.605773996814682,2681,0.608864611486036,FALSE,"CD8 Tem"
0.267909257534213,10.8091694845945,14.9202340803031,0.000112166576189229,0.0240783488969809,2682,0.0249574404194535,TRUE,"CD8 Tem"
0.295111082209865,10.9111987228257,14.7842534845456,0.000150236864527783,0.0279500662767487,2683,0.0290832935225392,TRUE,"CD8 Tem"
0.0916783460849015,10.8085050776818,1.27394911929744,0.259027630703556,0.638488835195805,2684,0.641171250443354,FALSE,"CD8 Tem"
0.093082430879374,10.9088221848037,1.68613113922044,0.267417858376115,0.648962831597831,2685,0.651551116775161,FALSE,"CD8 Tem"
0.113203967916194,10.9268335226493,1.49854568526222,0.220895797636398,0.601034938633362,2686,0.603958096665767,FALSE,"CD8 Tem"
-0.0530328043046408,10.8324431784568,0.270855618202142,0.640462724078593,0.924229639990548,2687,0.924438114766054,FALSE,"CD8 Tem"
0.130077135907329,10.7800891550262,2.93041867037228,0.0871677732352452,0.429467492920684,2688,0.434297909233612,FALSE,"CD8 Tem"
-0.0714626715977771,10.9917472947447,0.481604233793336,0.487696858094285,0.834745502079007,2689,0.83536336200657,FALSE,"CD8 Tem"
0.189478079805922,10.880775134488,5.40017548724385,0.0201350933049375,0.242705906983609,2690,0.248523388346185,FALSE,"CD8 Tem"
0.0223776297930334,11.0791492792734,0.0449572261838047,0.832082779599199,0.991750133480293,2691,0.99056017316442,FALSE,"CD8 Tem"
0.00721067904966025,10.783557524914,0.00349078752737938,0.952886110778956,0.998155886516222,2692,0.997808704959348,FALSE,"CD8 Tem"
0.135612236019684,10.8628762824536,3.29877532505174,0.0693321059226936,0.39309307977166,2693,0.398045034946192,FALSE,"CD8 Tem"
-0.0741929457587029,10.817155975558,0.978024821533306,0.322687372597495,0.702903005007285,2694,0.704987744063535,FALSE,"CD8 Tem"
0.0891832545922476,10.792415516183,1.75180600604763,0.185650409298062,0.572836490194472,2695,0.576966921832522,FALSE,"CD8 Tem"
0.013123144055861,11.1175304271557,0.0697158440614625,0.791751060686122,0.977550884855628,2696,0.976949686701626,FALSE,"CD8 Tem"
0.00823116738525087,10.9261443452536,0.160384175326574,0.688803219248473,0.942796872491067,2697,0.942696279099538,FALSE,"CD8 Tem"
0.124222111262759,10.8342910967999,2.89289475368559,0.237112994250929,0.614722706945969,2698,0.617526726700462,FALSE,"CD8 Tem"
0.127836223941639,11.0447999325052,2.45617902953932,0.117063821265663,0.48690754790225,2699,0.491179210594834,FALSE,"CD8 Tem"
0.0655286314763543,10.8079776613226,0.744001597476117,0.388382411451899,0.758038876417262,2700,0.759293439787175,FALSE,"CD8 Tem"
0.12095988669159,10.9098654665851,2.21716505997096,0.136484052327061,0.511100907707859,2701,0.515519028890937,FALSE,"CD8 Tem"
0.00356074846452806,10.9295519247145,0.0366395880458457,0.848200774105921,0.994123106138315,2702,0.992964235102643,FALSE,"CD8 Tem"
0.0377207948658433,10.8207278514908,0.267931000849151,0.749749546615849,0.965703785073184,2703,0.965323897931631,FALSE,"CD8 Tem"
-0.0169617014384679,10.8944669886327,0.0151821613367438,0.901936169955771,0.998052981074555,2704,0.997419013883782,FALSE,"CD8 Tem"
0.198411628762655,10.9037115412818,6.54100568688971,0.01054184252281,0.194563926879323,2705,0.19940936524886,FALSE,"CD8 Tem"
0.0611191696229703,10.8070519246019,0.683058296135371,0.718443161500336,0.954832685278545,2706,0.954635794023276,FALSE,"CD8 Tem"
-0.0130794374752216,11.0005597053391,0.0274228144834075,0.868473105108182,0.995699491024715,2707,0.994636546052096,FALSE,"CD8 Tem"
-0.0203937005552158,11.0566140005023,0.0768138491167603,0.781662644023029,0.973176725038822,2708,0.972570558146486,FALSE,"CD8 Tem"
0.165321776233085,10.9773826701132,4.72329088459684,0.0297571717637323,0.286060300696352,2709,0.290994561291019,FALSE,"CD8 Tem"
0.0279633677611019,10.8103390616406,0.15673165262406,0.692183761595734,0.943653338612688,2710,0.943655989081632,FALSE,"CD8 Tem"
0.113307611787754,10.8162817658159,3.61421106684104,0.16790041960933,0.556200036754269,2711,0.560574489226766,FALSE,"CD8 Tem"
0.173755367262727,10.869307285399,5.4113320623705,0.0283322211126012,0.281566582039974,2712,0.286777581045346,FALSE,"CD8 Tem"
-0.118928134815455,10.8104881704033,2.00997524513778,0.500641145768019,0.843048682615493,2713,0.843893179808734,FALSE,"CD8 Tem"
0.23391485918168,10.8147246760906,11.8120578570847,0.000588527475304474,0.0558620670947165,2714,0.0583073780461581,TRUE,"CD8 Tem"
0.200868485320705,10.9850239696875,6.32610946672191,0.0118975888433333,0.204963360807038,2715,0.209868950837161,FALSE,"CD8 Tem"
0.113049140750593,10.8825503452689,2.75299774525569,0.172511408366731,0.562537079781247,2716,0.566491019447044,FALSE,"CD8 Tem"
0.232737122121416,10.7971102136859,11.1189983796764,0.00150257774862128,0.0882163143805251,2717,0.0917227238134571,TRUE,"CD8 Tem"
0.0838366103186135,10.8134942756628,1.42839425586004,0.470446854273868,0.820456522676949,2718,0.820658300652548,FALSE,"CD8 Tem"
0.0900468508805466,10.8033240680083,1.80401341420218,0.179228609138633,0.568132206150046,2719,0.572044926624278,FALSE,"CD8 Tem"
0.0656546667819332,11.1353929611884,0.708631831213222,0.436157466827451,0.797706794421736,2720,0.798379116680385,FALSE,"CD8 Tem"
0.0873258319297628,10.780493175831,1.39769737141766,0.237110003015025,0.614722706945969,2721,0.617526726700462,FALSE,"CD8 Tem"
0.0899212292139548,10.9182769632361,1.4404903362788,0.2300605323595,0.608576057364641,2722,0.611452096949279,FALSE,"CD8 Tem"
0.116779073852835,10.7678811611278,2.48188918823465,0.149817262575679,0.529412104137413,2723,0.533648847042029,FALSE,"CD8 Tem"
0.186106550120499,10.7939137067867,8.23587256177405,0.0175002130726644,0.231753481548512,2724,0.237259251746826,FALSE,"CD8 Tem"
0.0651946096971781,11.1086690108983,0.635878745603085,0.425207463091057,0.788391848651475,2725,0.789149002915426,FALSE,"CD8 Tem"
0.115515758803866,10.823787230461,2.63950241027826,0.104236765705166,0.461719235518789,2726,0.466480250383272,FALSE,"CD8 Tem"
0.0609020118425647,10.8209585853159,0.554346425531815,0.456547486885607,0.81329962521808,2727,0.813926724711639,FALSE,"CD8 Tem"
0.205876434711957,11.0198099437155,5.71564927892502,0.0203405394777954,0.242705906983609,2728,0.248523388346185,FALSE,"CD8 Tem"
0.0669712872868943,10.7937855837684,0.31361576628442,0.862455054148224,0.994367490541247,2729,0.993107077834201,FALSE,"CD8 Tem"
0.0374520252650016,10.8420558519385,0.105272393559739,0.745592139766947,0.964941494740878,2730,0.964586039580439,FALSE,"CD8 Tem"
0.102982799706729,11.0807810510142,1.68488163174689,0.214735686401293,0.595905097084529,2731,0.598848038515128,FALSE,"CD8 Tem"
0.106405078588684,10.9427348124335,1.77895140365131,0.182278698993605,0.57160004336805,2732,0.575358429064667,FALSE,"CD8 Tem"
-0.0594301931796777,10.8376727553425,0.607818689210317,0.435610635326372,0.79733375242147,2733,0.798008624807403,FALSE,"CD8 Tem"
0.0389335714534613,10.978718617252,0.22445477018278,0.889546695647273,0.998052981074555,2734,0.997419013883782,FALSE,"CD8 Tem"
0.0980792537911815,10.8627971755266,1.71414922779677,0.266168471855747,0.647801968917363,2735,0.650419393164313,FALSE,"CD8 Tem"
0.172179867037601,10.7893893894509,6.0905302103738,0.0693230029605526,0.39309307977166,2736,0.398045034946192,FALSE,"CD8 Tem"
0.0964920470596334,11.0357153749605,1.33271080314116,0.248324042073263,0.627352047627782,2737,0.630335843181736,FALSE,"CD8 Tem"
0.134505329996846,10.9855699221572,2.93766350923077,0.0865363939053091,0.427917477706951,2738,0.432711273802828,FALSE,"CD8 Tem"
0.176465114660191,11.0806623984326,3.58432879094152,0.0611642737427738,0.376439717295839,2739,0.381386023832043,FALSE,"CD8 Tem"
0.050025618796027,10.8723140409775,0.331742416187973,0.739701936633916,0.962605961747158,2740,0.962222527340449,FALSE,"CD8 Tem"
0.112120242828132,10.8523736653436,1.64914145001195,0.199076371352002,0.581999514295358,2741,0.58536801466293,FALSE,"CD8 Tem"
0.0596893664381102,10.9039085891705,0.367548103085343,0.544344057686653,0.869461614536783,2742,0.869758178048409,FALSE,"CD8 Tem"
0.212292866065683,10.8442878462786,8.09491000194748,0.0119256019530003,0.204963360807038,2743,0.209868950837161,FALSE,"CD8 Tem"
-0.0983316898761641,10.8334856354356,1.64968606814748,0.199002211065161,0.581999514295358,2744,0.58536801466293,FALSE,"CD8 Tem"
0.0559043374336264,10.9279765625141,0.564608992731551,0.927301556209241,0.998052981074555,2745,0.997419013883782,FALSE,"CD8 Tem"
0.124692883168803,10.8043222909398,2.95594608650574,0.0855627846675691,0.427917477706951,2746,0.432711273802828,FALSE,"CD8 Tem"
0.174541152396618,10.8698972582416,5.52584101140057,0.0187379483604087,0.238115294601806,2747,0.243571243804105,FALSE,"CD8 Tem"
0.133424738968889,10.9760129367968,2.81610071990436,0.0933234360082546,0.442003361379218,2748,0.447084730583063,FALSE,"CD8 Tem"
0.134052394408073,10.9285948540225,2.74475622977588,0.0975745331460966,0.4499659112517,2749,0.455120780121589,FALSE,"CD8 Tem"
-0.0374599114383097,10.7949159407677,0.192983748069507,0.660444960431563,0.929418914059667,2750,0.928950228981701,FALSE,"CD8 Tem"
0.128439778966035,10.9059094452601,3.67624628952512,0.182681668349207,0.572156524910547,2751,0.575885796801707,FALSE,"CD8 Tem"
0.0165226226793494,11.0928799617921,0.0561267979187809,0.819404171189041,0.98661845249022,2752,0.985869570404283,FALSE,"CD8 Tem"
-0.0156294552682053,10.8111038458978,0.0293486409386275,0.863976582300657,0.994964314746074,2753,0.993789633739622,FALSE,"CD8 Tem"
0.180528462260745,10.7653096613082,7.75061837429147,0.0169410896819068,0.231753481548512,2754,0.236955367902646,FALSE,"CD8 Tem"
0.131586349691255,10.9121016164134,2.67894888636715,0.10168340224004,0.455666255397443,2755,0.460724709955008,FALSE,"CD8 Tem"
0.0709575777151752,11.0079931657333,1.14469928765332,0.633718667651238,0.922318358541096,2756,0.922430609596621,FALSE,"CD8 Tem"
0.121973520946399,10.8881612050017,2.74217903653031,0.0977319934096577,0.450050991433978,2757,0.455164449769242,FALSE,"CD8 Tem"
0.0740093452188034,10.8187666324929,1.526994544868,0.431793659836658,0.793783522490235,2758,0.794493066282243,FALSE,"CD8 Tem"
-0.0288526405097887,10.7894722891157,0.263696286128395,0.60776401685738,0.907220950437234,2759,0.90724261069914,FALSE,"CD8 Tem"
0.104316767561406,10.7810175810802,1.70865592122976,0.422287996697681,0.787138904187995,2760,0.787917174217049,FALSE,"CD8 Tem"
-0.00677933034406774,10.7746218358026,0.0882946008299569,0.993684344114083,0.999555952465987,2761,0.999488816091444,FALSE,"CD8 Tem"
0.070883264093636,10.8120363050612,2.39783012649056,0.30957822411349,0.687821838696348,2762,0.690061233964493,FALSE,"CD8 Tem"
8.9754072685117e-05,10.7901835780995,0.0123439418552396,0.947740290929865,0.998155886516222,2763,0.997789883574633,FALSE,"CD8 Tem"
0.0904112964241383,10.9490058280907,1.14093497194929,0.362636275300567,0.738977876145631,2764,0.740741400768866,FALSE,"CD8 Tem"
0.0782942884456697,10.9934234053645,0.857788828034519,0.626348604091249,0.920425705411816,2765,0.920492164948012,FALSE,"CD8 Tem"
0.158275213503933,10.8867331368633,4.40611509888173,0.0358107652359585,0.31664613899704,2766,0.321010162675838,FALSE,"CD8 Tem"
0.0293889793430738,10.8551677881467,0.1755333806066,0.722897529277684,0.957890714720943,2767,0.95775001742516,FALSE,"CD8 Tem"
-0.0643811498861781,10.9952645432781,0.648020766349522,0.420821548947472,0.786962523926399,2768,0.787615972231394,FALSE,"CD8 Tem"
0.0866093856152193,10.8274703774854,1.42032893531073,0.233349789283782,0.611698146844228,2769,0.614404520702286,FALSE,"CD8 Tem"
0.0534983887104488,11.016194831234,0.456598037551235,0.499218478582085,0.84278226638304,2770,0.843627771289124,FALSE,"CD8 Tem"
0.112359302526758,10.9338658363874,2.85137956447215,0.184170372443876,0.572836490194472,2771,0.576966921832522,FALSE,"CD8 Tem"
0.029417700719654,10.8576655117282,0.0854962059324097,0.769982951310009,0.970648162533933,2772,0.969932820526043,FALSE,"CD8 Tem"
0.0481656302108671,10.8031276555526,0.908670866618779,0.664025626926302,0.931980487042104,2773,0.931551799415235,FALSE,"CD8 Tem"
0.156342094806529,10.8065363248878,4.54953633641681,0.0351078909000752,0.312987770215547,2774,0.317400246777008,FALSE,"CD8 Tem"
-0.00888658971053114,10.7722150803336,0.00210888258054289,0.963371980485183,0.999555952465987,2775,0.99933775641114,FALSE,"CD8 Tem"
0.0339390037987484,10.9737920105061,0.156911194138509,0.692016529867675,0.943653338612688,2776,0.943655989081632,FALSE,"CD8 Tem"
0.00676190878217541,10.9097249266808,0.0082889781731659,0.927457801382114,0.998052981074555,2777,0.997419013883782,FALSE,"CD8 Tem"
0.0586055078133208,11.1014207801931,0.47599947298464,0.576373800082894,0.892381672498515,2778,0.89242112519992,FALSE,"CD8 Tem"
0.123673912481186,10.96454833372,2.32103000388878,0.127636067026587,0.502654824505212,2779,0.506857946643859,FALSE,"CD8 Tem"
-0.0134687263924608,10.8801767649619,0.000412730953713901,0.983791474493292,0.999555952465987,2780,0.99933775641114,FALSE,"CD8 Tem"
0.0748311948179362,10.7602464818113,1.37430354486676,0.584662861463431,0.897744129635661,2781,0.897948429157426,FALSE,"CD8 Tem"
0.163255887019929,10.9809798000963,4.25768770561713,0.0437401087015454,0.333874166694882,2782,0.339097074433558,FALSE,"CD8 Tem"
-0.000277767195675204,10.8776039371296,4.86845022377026e-05,0.994432865612208,0.999555952465987,2783,0.999488816091444,FALSE,"CD8 Tem"
0.00281757206357811,10.8089240987679,0.0195600194776084,0.888772917831477,0.998052981074555,2784,0.997419013883782,FALSE,"CD8 Tem"
0.0289172765642015,10.8279024969628,0.165589405144761,0.816906813903191,0.986097480265699,2785,0.985339632184831,FALSE,"CD8 Tem"
0.152478179126419,10.8282278207473,4.07736329751517,0.145175993673906,0.521400422067442,2786,0.52590365438048,FALSE,"CD8 Tem"
0.0191848772398504,10.9908240300115,0.073615782927226,0.856528464561672,0.99428967969476,2787,0.993016433540451,FALSE,"CD8 Tem"
0.0791134939167061,10.8221904283676,1.43183813421929,0.670348767025644,0.933998409117059,2788,0.93342868952607,FALSE,"CD8 Tem"
-0.0362409872624693,10.8886603777541,0.201536441546855,0.653483701266226,0.927632396570189,2789,0.927184458408043,FALSE,"CD8 Tem"
0.125853468772677,11.1970330869876,1.97573777606963,0.635516333775305,0.922818129375256,2790,0.922858140160255,FALSE,"CD8 Tem"
-0.00277525747674869,11.0499020613541,0.0155152349888719,0.963601124884851,0.999555952465987,2791,0.99933775641114,FALSE,"CD8 Tem"
0.0569102012139807,11.1437629075319,0.541466490725682,0.461825917014537,0.816654719027562,2792,0.817116384999255,FALSE,"CD8 Tem"
0.216816918133177,10.875236561288,8.35230235338468,0.00425418433240575,0.140487777036994,2793,0.145575337301113,FALSE,"CD8 Tem"
0.161760446299563,11.0085854450445,3.06563990084117,0.0799642369566601,0.416010812176092,2794,0.420661988240567,FALSE,"CD8 Tem"
-0.0213867722582644,10.7764577309683,0.0116030029292467,0.914220036437019,0.998052981074555,2795,0.997419013883782,FALSE,"CD8 Tem"
0.153818130329629,10.9391132222645,4.56922789153913,0.0743875264518276,0.407031041797,2796,0.411798396827845,FALSE,"CD8 Tem"
0.0903401600874713,10.857687131973,3.86322128938793,0.0572463718774657,0.367245345658059,2797,0.372151520595126,FALSE,"CD8 Tem"
0.0167254607039381,10.9688224898689,0.0421315932266599,0.83736921233426,0.993268096548493,2798,0.991993002570708,FALSE,"CD8 Tem"
0.0208957278810546,10.7991314240103,0.0395856403183313,0.842293010360057,0.993786096190924,2799,0.992510976239021,FALSE,"CD8 Tem"
0.131085393278191,10.9635844728918,3.0246000460017,0.0820111047927688,0.418697747959569,2800,0.423428190348438,FALSE,"CD8 Tem"
-0.0168910151099317,10.9658733223334,0.00288971096777762,0.957129560014325,0.999555952465987,2801,0.999247718254085,FALSE,"CD8 Tem"
-0.0083095436398942,10.8365004904153,0.0588050802129379,0.808394716938384,0.98465075578324,2802,0.984081489808586,FALSE,"CD8 Tem"
0.178116030110515,10.9606314010824,4.59350583049685,0.0320937471910489,0.296166702749143,2803,0.300538695637516,FALSE,"CD8 Tem"
0.133516219247223,10.8618739506114,3.25811667754584,0.0710712607135035,0.396233368022513,2804,0.40103065408849,FALSE,"CD8 Tem"
0.126900009117315,10.7744069347963,3.39861291304267,0.229262151344818,0.607923754791762,2805,0.610846584676916,FALSE,"CD8 Tem"
0.0313626683388554,10.7860101866345,0.17068904185157,0.679500321864779,0.936726502424044,2806,0.936442411439238,FALSE,"CD8 Tem"
0.067897549012035,10.827586897582,1.33365686071842,0.248156206094922,0.62726875790624,2807,0.630266886153184,FALSE,"CD8 Tem"
0.114497575121527,10.8788613537084,2.546526434977,0.303812905590893,0.681966131227435,2808,0.684162950703663,FALSE,"CD8 Tem"
-0.0322211566561036,10.817087781016,0.128578750354022,0.77913814359748,0.972041712948465,2809,0.97143175270546,FALSE,"CD8 Tem"
0.00834505187169512,10.8525705036292,0.0517816953514688,0.847825445066458,0.994123106138315,2810,0.992964235102643,FALSE,"CD8 Tem"
0.123592490151517,10.7976213633829,3.73842420172978,0.133073299182341,0.509557971779627,2811,0.514125468561139,FALSE,"CD8 Tem"
0.0793924359319269,10.769005682354,0.968172733512489,0.325136754500463,0.70507048675377,2812,0.707138407969623,FALSE,"CD8 Tem"
0.199821012311854,10.9252413479124,6.23962885471647,0.0222248918929374,0.252115352500337,2813,0.257649295067659,FALSE,"CD8 Tem"
0.128075659669857,11.068315688398,2.84828065842403,0.0914722858339854,0.437459162112628,2814,0.442474325668869,FALSE,"CD8 Tem"
0.0585533423776525,10.8640212786672,0.512023404898557,0.50957698364867,0.849611324929492,2815,0.850401730367012,FALSE,"CD8 Tem"
0.155119282681925,10.8796584467104,4.05541295220334,0.130556890017249,0.505210424804994,2816,0.509620538549964,FALSE,"CD8 Tem"
-0.0524332120656803,10.7617501543421,0.637133380674966,0.424751100128246,0.788313001709769,2817,0.789149002915426,FALSE,"CD8 Tem"
0.0391596893393611,10.9483369146629,0.232687180060206,0.861383749080533,0.99428967969476,2818,0.993016433540451,FALSE,"CD8 Tem"
-0.0198718177658635,10.8302276720902,0.039138695221343,0.851384227996846,0.994123106138315,2819,0.992964235102643,FALSE,"CD8 Tem"
0.0671445290776276,11.230720394862,0.669080659078876,0.413372672970012,0.782782075018148,2820,0.783467005840366,FALSE,"CD8 Tem"
0.0122348457029537,10.8402326820683,0.35512813616753,0.744112876681317,0.96478782411957,2821,0.964355283234411,FALSE,"CD8 Tem"
0.0278748831078382,10.8481827393232,0.12230026329917,0.726553071812765,0.95918204286153,2822,0.959068036710422,FALSE,"CD8 Tem"
0.0783405090057138,11.0091842347008,0.947781648487292,0.330285035838767,0.706718064262907,2823,0.708624245752453,FALSE,"CD8 Tem"
0.0998656697406854,10.8682919595203,1.41533335717239,0.234173558428386,0.611698146844228,2824,0.614404520702286,FALSE,"CD8 Tem"
0.0556214525468871,11.0447702964982,0.426626330462735,0.513649292686468,0.85265158685621,2825,0.853389650700993,FALSE,"CD8 Tem"
0.0501442290510516,10.8350722753211,0.4432676911083,0.505549764358185,0.847773798380493,2826,0.848603046800307,FALSE,"CD8 Tem"
0.0684783037583854,10.8868182018508,0.722296450170919,0.395392037382306,0.764815867885444,2827,0.765943574243113,FALSE,"CD8 Tem"
-0.0111216177238659,10.8312807003092,0.0458340039783829,0.944515740152273,0.998099770246003,2828,0.997473531214233,FALSE,"CD8 Tem"
0.181152376492026,10.7742511832567,6.35885263375117,0.0116799878186121,0.204963360807038,2829,0.209868950837161,FALSE,"CD8 Tem"
-0.0784368474481197,10.8367078106419,2.8967338183054,0.0887598044820598,0.432099654392957,2830,0.436922888985319,FALSE,"CD8 Tem"
0.0955562598345072,10.8697193489473,1.5663582188772,0.210737215781638,0.59222887649571,2831,0.595490271203402,FALSE,"CD8 Tem"
0.01810186537558,11.0330190319204,0.0402149436736428,0.841060980906575,0.993608005449188,2832,0.992287974212428,FALSE,"CD8 Tem"
0.00138410196031884,10.8066261346749,0.0129153440210141,0.909518704430349,0.998052981074555,2833,0.997419013883782,FALSE,"CD8 Tem"
0.049381645701906,10.9477099455354,1.57680421104418,0.369840288716679,0.74319711394235,2834,0.744798398887309,FALSE,"CD8 Tem"
0.0446081842770988,10.8309749929089,0.330621637459447,0.888607156502988,0.998052981074555,2835,0.997419013883782,FALSE,"CD8 Tem"
0.0965185126678363,10.9307794621077,1.96772447091692,0.179232962947202,0.568132206150046,2836,0.572044926624278,FALSE,"CD8 Tem"
0.0156952094678178,10.9325237021185,0.0159068382674121,0.899635150526128,0.998052981074555,2837,0.997419013883782,FALSE,"CD8 Tem"
0.202594314788158,10.9396278469407,5.90592235235803,0.0150903831119142,0.223829413848177,2838,0.22813072489365,FALSE,"CD8 Tem"
0.117147676871803,10.8387925752824,2.36245996308396,0.190122672042812,0.576065503368808,2839,0.580052876956432,FALSE,"CD8 Tem"
0.0175931764971363,10.9237064103088,0.153613827766316,0.695105656341116,0.944418839109854,2840,0.944461858178249,FALSE,"CD8 Tem"
-0.0119565143080686,11.0169220176779,0.00978400377677528,0.921206491608769,0.998052981074555,2841,0.997419013883782,FALSE,"CD8 Tem"
0.047311362021073,10.8852131569812,0.169846527256505,0.680248402113014,0.936726502424044,2842,0.936442411439238,FALSE,"CD8 Tem"
0.0965034511485154,10.8706086604492,2.00753225884675,0.299267040594434,0.678640178354321,2843,0.680833990892087,FALSE,"CD8 Tem"
0.219986282652137,11.0310463720456,7.19134529966729,0.00732582478041364,0.171348640158618,2844,0.175533404150049,FALSE,"CD8 Tem"
0.162262351270004,10.8378351309832,6.07639786216022,0.0365412257704553,0.317294549471818,2845,0.32188944579677,FALSE,"CD8 Tem"
0.0892513916013081,10.9496530077241,1.2379675278357,0.345613156335983,0.722772837283569,2846,0.724635804540513,FALSE,"CD8 Tem"
0.161462269416212,10.9387613906635,4.43592357164475,0.0351906322619968,0.312987770215547,2847,0.317400246777008,FALSE,"CD8 Tem"
-0.00651425281243271,10.9487679710792,0.00842511378323161,0.977848851341418,0.999555952465987,2848,0.99933775641114,FALSE,"CD8 Tem"
0.188927967424073,11.0501837142629,5.58246176539931,0.0181415546115079,0.234378806939231,2849,0.239891654383703,FALSE,"CD8 Tem"
0.0806465711201151,10.8257887513986,1.60041480041902,0.632190663425929,0.921539052011923,2850,0.92175322563696,FALSE,"CD8 Tem"
-0.0475142069644606,10.8675368697429,0.500591757944908,0.773896117610174,0.970648162533933,2851,0.969932820526043,FALSE,"CD8 Tem"
0.0341347120923692,10.8428300060644,0.444503585975706,0.693052972868331,0.94389147197968,2852,0.94384025894056,FALSE,"CD8 Tem"
-0.0611341415125214,10.7995710741214,0.659080444319569,0.41688512392061,0.78363797275232,2853,0.784412444247541,FALSE,"CD8 Tem"
0.0807625725109893,10.9796733954867,0.468940645869359,0.664893516103236,0.931980487042104,2854,0.931551799415235,FALSE,"CD8 Tem"
-0.0460835318330381,10.8187831921694,0.25377875130057,0.614427025175162,0.911547079454442,2855,0.911542996843307,FALSE,"CD8 Tem"
-0.0455741367323124,11.0019633362896,0.240235405055569,0.624036342136941,0.918924263811052,2856,0.918982656443853,FALSE,"CD8 Tem"
0.136092008818906,11.0338188717633,2.5738663130894,0.1086424912487,0.470078028350891,2857,0.475088021514921,FALSE,"CD8 Tem"
-0.00932038525542554,10.8287160813008,0.000323472806544588,0.98565054730151,0.999555952465987,2858,0.99933775641114,FALSE,"CD8 Tem"
0.0381916976597218,10.9880719506345,0.439945554242269,0.570547149998157,0.887992821395689,2859,0.888120536722646,FALSE,"CD8 Tem"
0.0362723641673256,10.8359677314895,0.515255978015543,0.988441120376928,0.999555952465987,2860,0.99933775641114,FALSE,"CD8 Tem"
0.109165374504021,10.7696705689195,2.43164894813378,0.14403176380497,0.518893674250128,2861,0.523332544568907,FALSE,"CD8 Tem"
0.102985411076704,10.9116744053644,1.83272233822939,0.175806896872493,0.564550528102396,2862,0.568476638799847,FALSE,"CD8 Tem"
0.0319581481509282,10.7545047005383,0.0852793700358756,0.770266613533147,0.970648162533933,2863,0.969932820526043,FALSE,"CD8 Tem"
0.11051490433705,10.8080268471885,2.66029442168838,0.133555475998729,0.509557971779627,2864,0.514125468561139,FALSE,"CD8 Tem"
0.0855746212593996,10.8710797057261,1.66175419388655,0.841833027327438,0.993608005449188,2865,0.992287974212428,FALSE,"CD8 Tem"
-0.0198404801613425,10.7840912752829,0.0328322650311024,0.856213206878862,0.99428967969476,2866,0.993016433540451,FALSE,"CD8 Tem"
0.113292304484252,10.8690235678056,2.38005857648825,0.122893520281545,0.493590468764651,2867,0.497814351747457,FALSE,"CD8 Tem"
0.0946861134682783,10.8353651002386,0.406303891898601,0.523851758732937,0.858806672494498,2868,0.859714948984055,FALSE,"CD8 Tem"
0.0775567606516045,10.8666516200699,0.983024799657695,0.325989951120856,0.70507048675377,2869,0.707138407969623,FALSE,"CD8 Tem"
0.110787318487248,10.8499820487988,2.58547368478779,0.107848720457162,0.469189560435967,2870,0.474045830634168,FALSE,"CD8 Tem"
0.102821546322234,11.1615799490595,1.55996981959468,0.211670176591173,0.59413276483135,2871,0.597318208710678,FALSE,"CD8 Tem"
0.0613802736673431,10.851165868819,2.85646655391746,0.0910077824188195,0.437309529945726,2872,0.442373511739967,FALSE,"CD8 Tem"
-0.00269222938994564,10.8308852867196,0.00475896309392791,0.970233093047081,0.999555952465987,2873,0.99933775641114,FALSE,"CD8 Tem"
0.060985834543984,10.9911996416088,0.325295897043496,0.568442487688045,0.887189936321174,2874,0.887370460484769,FALSE,"CD8 Tem"
-0.011486039095948,10.7551879295868,0.445462255921337,0.504498054237024,0.847385920917149,2875,0.848207020011374,FALSE,"CD8 Tem"
0.120682116742795,10.7665966357731,4.16629346579594,0.30001532452215,0.67908556940957,2876,0.681342333306563,FALSE,"CD8 Tem"
-0.0677764300892997,10.9255666770868,0.87068611272153,0.35076584767817,0.728207064553124,2877,0.72991852869076,FALSE,"CD8 Tem"
0.127154993379485,11.0137093189803,2.19099943955991,0.138819792526589,0.513135341832123,2878,0.517443840089638,FALSE,"CD8 Tem"
-0.0182382081027059,11.0410107152749,0.027849437809215,0.867463345357992,0.995699491024715,2879,0.994636546052096,FALSE,"CD8 Tem"
0.215791356924536,11.0582605636847,7.0394628777955,0.00797352546803498,0.171348640158618,2880,0.175533404150049,FALSE,"CD8 Tem"
0.0242705970071374,10.8328431116662,0.0130852269199389,0.949784952231395,0.998155886516222,2881,0.997808704959348,FALSE,"CD8 Tem"
0.192720280962123,10.9027058969984,5.84062997264229,0.0156605454249807,0.225502157187571,2882,0.230035640789845,FALSE,"CD8 Tem"
-0.00451434928219004,10.7648766563229,0.0859176146824669,0.769432783987761,0.970648162533933,2883,0.969932820526043,FALSE,"CD8 Tem"
-0.00576570253556289,10.9171682325158,0.00919671641387307,0.92360041742661,0.998052981074555,2884,0.997419013883782,FALSE,"CD8 Tem"
0.116427145037095,10.8209526201193,2.96637373626734,0.13283462813639,0.509557971779627,2885,0.514125468561139,FALSE,"CD8 Tem"
0.111910347108969,10.8023096512314,2.55616550917924,0.189180510682694,0.575836750775662,2886,0.579836033432673,FALSE,"CD8 Tem"
0.0470654399761691,10.930583814857,0.52560032134336,0.468462783669601,0.819976499333226,2887,0.820261021077938,FALSE,"CD8 Tem"
0.119476728139279,10.7982082159315,3.66890321031623,0.0631432037682611,0.376511590674593,2888,0.381570966817538,FALSE,"CD8 Tem"
0.0841992821036035,10.7943658943305,1.64666551000588,0.19941392777822,0.582069424456339,2889,0.585475935318478,FALSE,"CD8 Tem"
0.145507202098311,10.9751711575107,3.12227763186794,0.0772293274645811,0.411675865373111,2890,0.416558320014717,FALSE,"CD8 Tem"
0.0168646404513542,10.9386173462474,0.000162558995817954,0.989827361778624,0.999555952465987,2891,0.99933775641114,FALSE,"CD8 Tem"
0.118577152346723,10.8170342765155,3.84216962777493,0.0499793183806184,0.349618321997851,2892,0.354332694587655,FALSE,"CD8 Tem"
-0.0849072977508854,10.824668200685,0.741830012833348,0.600619789121519,0.903667502827751,2893,0.90394878965839,FALSE,"CD8 Tem"
-0.0844385214515969,10.8651455054556,1.38270128865718,0.239642069468996,0.617259018282907,2894,0.620432622990165,FALSE,"CD8 Tem"
0.0897110999256584,11.0971544051426,1.27202598882648,0.259387446885419,0.638488835195805,2895,0.641171250443354,FALSE,"CD8 Tem"
0.0229176386248489,10.8003807608418,0.119777182309303,0.746200571769936,0.964941494740878,2896,0.964586039580439,FALSE,"CD8 Tem"
0.100755769914424,10.8732380346598,1.40029376992862,0.328129500808272,0.705842818953881,2897,0.707978028243897,FALSE,"CD8 Tem"
0.146213569986317,10.7862170734074,4.73569598818729,0.0295433213194948,0.285877762735006,2898,0.290943746335214,FALSE,"CD8 Tem"
-0.0368692291504099,10.93153689893,0.256877418719303,0.735621912936594,0.96214215890554,2899,0.961738479072421,FALSE,"CD8 Tem"
0.162704466306181,11.0042101622944,4.36505960930234,0.0366836630466457,0.317294549471818,2900,0.32188944579677,FALSE,"CD8 Tem"
0.00979966347944397,10.770086167382,0.896953694415171,0.844048722137482,0.993853213321784,2901,0.992660762308472,FALSE,"CD8 Tem"
0.0825506078173995,10.8322856233084,1.52100113038069,0.321861189098903,0.70280581713568,2902,0.704811155125539,FALSE,"CD8 Tem"
0.0874793083730138,10.8854386776109,1.38136484593475,0.239869315441078,0.61739467964386,2903,0.620549477439063,FALSE,"CD8 Tem"
0.115370458364371,11.0275160974367,1.8709202322997,0.171370286222387,0.560998486084304,2904,0.565274631330499,FALSE,"CD8 Tem"
0.210028953967815,10.7838730918777,10.5738056407447,0.00302857898202419,0.12138056036742,2905,0.125540202456827,FALSE,"CD8 Tem"
0.0172516079502716,10.8576565194411,0.0234432055777494,0.878310212954313,0.998052981074555,2906,0.997196667792019,FALSE,"CD8 Tem"
0.0828775583453817,10.9015626758345,1.30678009622526,0.252978967901473,0.631225954779908,2907,0.634138659863068,FALSE,"CD8 Tem"
0.0739797408421418,10.8389880846655,1.06498374828476,0.474337021585304,0.824330521663747,2908,0.824732759802501,FALSE,"CD8 Tem"
0.0737864169445325,10.9713586046132,1.09633684390725,0.295071886792425,0.67517181385459,2909,0.67762764406075,FALSE,"CD8 Tem"
0.0369046237673166,10.940787466069,0.243537986370597,0.621662590546498,0.917081698302208,2910,0.917138006946507,FALSE,"CD8 Tem"
0.233097810133181,10.8688174086324,9.36762702635695,0.0179589262133349,0.23331554697827,2911,0.238930285935086,FALSE,"CD8 Tem"
0.141779802210443,10.787211727604,4.3279217721279,0.0374924623565017,0.319372605164999,2912,0.324128466796248,FALSE,"CD8 Tem"
0.124857384708144,10.819187569481,2.95826865425322,0.085439950943883,0.427917477706951,2913,0.432711273802828,FALSE,"CD8 Tem"
0.100942930187935,10.871204249821,2.51859090838973,0.11251166235246,0.478328831445421,2914,0.483063338930608,FALSE,"CD8 Tem"
0.0713459202934206,10.8323098697189,0.843100526131871,0.358511928787169,0.736176150458774,2915,0.737903477140232,FALSE,"CD8 Tem"
0.0192706384967805,10.8763981554621,0.0441640401964115,0.833548791236507,0.991750133480293,2916,0.99056017316442,FALSE,"CD8 Tem"
0.130608137440583,10.8253999194224,3.62279349915975,0.0626599055449918,0.376439717295839,2917,0.381386023832043,FALSE,"CD8 Tem"
0.129832876391642,10.8923355921052,2.80199650765715,0.0941475821951149,0.44454863430404,2918,0.449669326029706,FALSE,"CD8 Tem"
0.0101593995194771,10.8358857452823,0.0211964388404546,0.884245141739474,0.998052981074555,2919,0.997419013883782,FALSE,"CD8 Tem"
0.10999922052345,10.9521616092728,1.9891167162508,0.15843383667401,0.542662111952426,2920,0.547472934760882,FALSE,"CD8 Tem"
0.115373499443994,10.8597157994177,2.50628330661079,0.113393662646695,0.479885282047114,2921,0.484580139578294,FALSE,"CD8 Tem"
0.0255395431917074,10.8164720775142,0.220709202409689,0.755556435539887,0.96780307950868,2922,0.96749928921645,FALSE,"CD8 Tem"
-0.048848456460065,10.81855134251,0.398938945792763,0.527638004050187,0.860942902215665,2923,0.861583016530525,FALSE,"CD8 Tem"
0.0695828094298591,10.8600238475009,0.528831083282366,0.467099024129035,0.819640396940374,2924,0.819998069082235,FALSE,"CD8 Tem"
0.044938142295949,10.7939723368327,1.32528206969755,0.428674632449949,0.790549451040726,2925,0.791272918093413,FALSE,"CD8 Tem"
0.0921390358402511,10.9497439934261,0.930429144486652,0.334751865629976,0.71027870759353,2926,0.712136586204262,FALSE,"CD8 Tem"
0.156128195042495,11.0399516934442,3.40810433638886,0.064877477587494,0.382421226608362,2927,0.38740010539185,FALSE,"CD8 Tem"
-0.0653422043687695,10.9296297772861,0.67153510613417,0.41251726956079,0.781832852782084,2928,0.782618076849994,FALSE,"CD8 Tem"
0.0890372872789008,10.7681863657595,1.61801448428353,0.203369405367314,0.584388947291884,2929,0.587755887739446,FALSE,"CD8 Tem"
-0.0251197521310947,10.8392586828467,0.101299546227904,0.750275788441241,0.965703785073184,2930,0.965323897931631,FALSE,"CD8 Tem"
0.156111135872359,10.8021126785934,4.97108410419797,0.0476564137863652,0.343111424954156,2931,0.348363291918962,FALSE,"CD8 Tem"
0.129249399094547,10.7852398817963,3.47509522579958,0.105794230301017,0.462559659046043,2932,0.467390284522698,FALSE,"CD8 Tem"
0.116973498250471,10.9638159756451,2.29815164496197,0.168961895244329,0.558241996189635,2933,0.562414526707167,FALSE,"CD8 Tem"
-0.0574241701913105,10.7976748644404,0.80261704071508,0.486015335552522,0.833428453607246,2934,0.833942096652311,FALSE,"CD8 Tem"
-0.0156008558858958,10.7978211046521,0.257680849282687,0.909170559626235,0.998052981074555,2935,0.997419013883782,FALSE,"CD8 Tem"
0.206107872830662,10.9005416444989,7.02171950286051,0.0794386580070118,0.414203137209206,2936,0.41901061225291,FALSE,"CD8 Tem"
0.024902892922175,11.0840937530932,0.0858334453923499,0.769542553355307,0.970648162533933,2937,0.969932820526043,FALSE,"CD8 Tem"
0.00435821161808804,11.0215284437248,0.0109582057418588,0.916628621295418,0.998052981074555,2938,0.997419013883782,FALSE,"CD8 Tem"
0.0752897700870852,10.9340111858401,0.959305561958665,0.327362338413196,0.705842818953881,2939,0.707978028243897,FALSE,"CD8 Tem"
0.0662512737734567,11.0714105356957,0.7356224527679,0.711089849156151,0.951734931920937,2940,0.951525811567718,FALSE,"CD8 Tem"
0.102172951895912,10.82509928145,1.63954317488053,0.399531424301092,0.767030073771831,2941,0.767913186660818,FALSE,"CD8 Tem"
-0.0481040354278299,10.9406760129479,0.441732893768914,0.630344003653043,0.921438654169725,2942,0.921634162317894,FALSE,"CD8 Tem"
0.208306144402842,10.8349495290459,8.74858991285639,0.00427918372844188,0.140487777036994,2943,0.145575337301113,FALSE,"CD8 Tem"
0.000555125780543809,10.7599749441003,1.25685290773392,0.909080997939419,0.998052981074555,2944,0.997419013883782,FALSE,"CD8 Tem"
-0.0125711876332446,10.8878215584074,0.0443298913491073,0.833241125816876,0.991750133480293,2945,0.99056017316442,FALSE,"CD8 Tem"
0.0946271386032915,10.9071477042989,2.14568530230002,0.142971760055034,0.517882909669754,2946,0.522368678328848,FALSE,"CD8 Tem"
0.0236790802905495,10.8514169695039,0.173616072084555,0.996326337598958,0.999555952465987,2947,0.999488816091444,FALSE,"CD8 Tem"
0.0390709872512046,10.828830315885,0.125025161821686,0.723647076435957,0.958059601683557,2948,0.957932701836337,FALSE,"CD8 Tem"
0.235006140056303,10.7512028157566,12.272129891093,0.00757076742283685,0.171348640158618,2949,0.175533404150049,FALSE,"CD8 Tem"
0.114907931153202,10.841590022996,2.28291135343373,0.13080670788744,0.505210424804994,2950,0.509620538549964,FALSE,"CD8 Tem"
0.0860775657730789,10.8672025896232,1.28113248409539,0.331601851782291,0.707467987449282,2951,0.709325593782314,FALSE,"CD8 Tem"
-0.0848950871327319,10.8515077794519,1.38558691058596,0.250151483394685,0.629317227514301,2952,0.632364604180039,FALSE,"CD8 Tem"
0.0394639223003522,10.9759044498308,0.529777481869291,0.661807569713986,0.930718394284524,2953,0.930228340506591,FALSE,"CD8 Tem"
-0.0908161770333183,10.8690635990428,0.87029752810589,0.350873367375522,0.728207064553124,2954,0.72991852869076,FALSE,"CD8 Tem"
-0.131876656438271,10.7804606932735,1.54283110035016,0.214197428322673,0.595832678904757,2955,0.598848038515128,FALSE,"CD8 Tem"
0.0184197984459163,10.7983250854763,0.322672516400469,0.624141421066247,0.918924263811052,2956,0.918982656443853,FALSE,"CD8 Tem"
0.169340409709837,10.7963396431053,6.03989308309687,0.0139864407482781,0.21783636589412,2957,0.222000282809776,FALSE,"CD8 Tem"
0.0983891971239983,10.8239305411006,1.60883546561084,0.204656119640963,0.586018409042695,2958,0.589234214972733,FALSE,"CD8 Tem"
0.135587702959375,10.9080339889798,3.03057315269565,0.174775819798237,0.564109880556281,2959,0.568156852600491,FALSE,"CD8 Tem"
0.014974872490766,10.8312341809416,0.079968023769714,0.777340856206759,0.971234994381042,2960,0.970564433794104,FALSE,"CD8 Tem"
0.0523304247484251,10.8067799240265,0.606429586876637,0.436135648215589,0.797706794421736,2961,0.798379116680385,FALSE,"CD8 Tem"
0.0890655349254633,10.8644651375117,0.922813067152989,0.515147486361202,0.85265158685621,2962,0.853389650700993,FALSE,"CD8 Tem"
0.0798764395487851,10.8040470307104,0.845982155375977,0.357691864724612,0.735659665759861,2963,0.737395739091682,FALSE,"CD8 Tem"
-0.0551603503284771,10.8128099728264,0.671216636717726,0.530066402559035,0.862535225673583,2964,0.863096401225893,FALSE,"CD8 Tem"
0.181061022655147,10.95282633185,4.50408817858695,0.173199978122284,0.562537079781247,2965,0.566491019447044,FALSE,"CD8 Tem"
0.113554799712468,10.807155337893,1.75659118433779,0.185050826089017,0.572836490194472,2966,0.576966921832522,FALSE,"CD8 Tem"
0.000472149399287085,10.885204900185,0.2792369298629,0.817793158704205,0.986399372700534,2967,0.985671373657924,FALSE,"CD8 Tem"
0.00230716764361957,11.0264686382495,0.0311282722720749,0.859954584061593,0.99428967969476,2968,0.993016433540451,FALSE,"CD8 Tem"
0.164547310765931,10.9891298628064,4.48772755850653,0.0341394809190796,0.307123260647271,2969,0.311622130766008,FALSE,"CD8 Tem"
0.172630669678898,10.7902091760176,7.36893429836399,0.0384794312207162,0.322040108402794,2970,0.326509872573005,FALSE,"CD8 Tem"
0.0982259192047387,10.7823269833359,1.62145181448931,0.208709868736678,0.590455960762951,2971,0.593694929513186,FALSE,"CD8 Tem"
-0.00683789047310463,10.9482267745676,0.000819269731553807,0.977165367876966,0.999555952465987,2972,0.99933775641114,FALSE,"CD8 Tem"
0.207939349228874,10.8130177464976,8.3420532661463,0.0153694302641863,0.22423913527511,2973,0.228852078219512,FALSE,"CD8 Tem"
0.0301265513188391,10.8002748994519,0.211125620688418,0.645886764626507,0.927199408534355,2974,0.927184458408043,FALSE,"CD8 Tem"
0.175313732827299,10.8592328018876,5.564136741774,0.0620767242477022,0.376439717295839,2975,0.381386023832043,FALSE,"CD8 Tem"
0.0254365677349274,10.9829349073476,0.0434104611703794,0.836052445912463,0.992972401925144,2976,0.991733070780353,FALSE,"CD8 Tem"
0.00598350833001386,10.9350050748359,0.0104488994299918,0.918582203340908,0.998052981074555,2977,0.997419013883782,FALSE,"CD8 Tem"
-0.0123381626851649,10.7578191695649,0.0709393290296968,0.789974097273348,0.97701698175303,2978,0.976438309620639,FALSE,"CD8 Tem"
0.141869067882788,11.0865800955505,3.05189563254993,0.0806435306619719,0.417179361191904,2979,0.421941489479762,FALSE,"CD8 Tem"
-0.015530986286483,10.7690575064366,0.254917481962452,0.923342097322534,0.998052981074555,2980,0.997419013883782,FALSE,"CD8 Tem"
0.00745148078861113,10.8543634255725,0.0440185448837655,0.99219116842247,0.999555952465987,2981,0.99933775641114,FALSE,"CD8 Tem"
-0.0619979559349578,10.8483913339103,0.815155193425889,0.611377203626576,0.908761704719465,2982,0.908820194338494,FALSE,"CD8 Tem"
0.0316640831892927,11.1723741850154,0.139094494716241,0.709183016767582,0.950803852234717,2983,0.950733864693646,FALSE,"CD8 Tem"
0.0201774393120268,10.8498140314815,3.39650791006968,0.0913194901371063,0.437459162112628,2984,0.442474325668869,FALSE,"CD8 Tem"
0.109339155273515,10.9596347483154,2.19826336683237,0.138166897898966,0.512298822729517,2985,0.516599424489235,FALSE,"CD8 Tem"
-0.0317088741822956,10.9403645902137,0.157386981462775,0.691573898292147,0.943653338612688,2986,0.943655989081632,FALSE,"CD8 Tem"
0.154319079978232,10.9440833299695,4.07558897175436,0.043507585517211,0.333874166694882,2987,0.339097074433558,FALSE,"CD8 Tem"
0.0102257909411308,10.9146244277352,0.0120808324503216,0.931033518690874,0.998052981074555,2988,0.997419013883782,FALSE,"CD8 Tem"
-0.0099430860818948,10.7859026294641,0.00683263884864282,0.935336074981294,0.998052981074555,2989,0.997419013883782,FALSE,"CD8 Tem"
-0.0244699239484114,10.8399283618231,0.076193239830967,0.782524184595962,0.973176725038822,2990,0.972570558146486,FALSE,"CD8 Tem"
-0.0638937156594113,10.7722277223741,1.19649901591216,0.378263431706129,0.748682180305617,2991,0.750170681905695,FALSE,"CD8 Tem"
-0.0461644279593102,10.8011226889334,0.454235454827784,0.500330723072771,0.843048682615493,2992,0.843893179808734,FALSE,"CD8 Tem"
0.0888173447685403,10.7737682679748,2.17773403568041,0.140021062057016,0.514132868189603,2993,0.518492396790831,FALSE,"CD8 Tem"
0.136493990511741,10.8730114985408,2.6903005684313,0.100961345932191,0.455666255397443,2994,0.460670472697022,FALSE,"CD8 Tem"
0.0306084168762029,10.9579274834848,0.123217612223442,0.725570731708664,0.95918204286153,2995,0.959068036710422,FALSE,"CD8 Tem"
0.203279204676327,10.833955617301,7.43857483960193,0.00638424706468561,0.166815354482319,2996,0.170601432916889,FALSE,"CD8 Tem"
0.201645675743561,10.8597164984388,7.45079527643131,0.0535515948430411,0.359935552420026,2997,0.364869525527888,FALSE,"CD8 Tem"
-0.058450905020665,10.8467586220008,0.863793980618891,0.364249575519667,0.739169033499065,2998,0.740975952276615,FALSE,"CD8 Tem"
0.124985382476966,11.125480477536,2.11233049820971,0.146117223045362,0.52254832366983,2999,0.527039691461891,FALSE,"CD8 Tem"
-0.0104101661396337,10.9017914592992,0.0170015579426453,0.89625790836455,0.998052981074555,3000,0.997419013883782,FALSE,"CD8 Tem"
0.111526466088735,10.9434962250851,2.00535208729301,0.202808425282181,0.584388947291884,3001,0.587755887739446,FALSE,"CD8 Tem"
0.0736801337020233,10.7710308589561,1.28284882836841,0.536641457418345,0.8655496595729,3002,0.866189408133301,FALSE,"CD8 Tem"
0.0739191399788588,11.229848270192,0.763398718099716,0.38226737653672,0.750995980901807,3003,0.752334684456814,FALSE,"CD8 Tem"
0.0984812766302708,10.7840723480615,1.41290455370852,0.332390246031101,0.707528340379562,3004,0.709425372615899,FALSE,"CD8 Tem"
0.172437720262198,10.8242599294005,5.76464662127173,0.0614223670615993,0.376439717295839,3005,0.381386023832043,FALSE,"CD8 Tem"
0.0753950835947076,10.7864252373208,1.16521441133912,0.781104802430599,0.973176725038822,3006,0.972570558146486,FALSE,"CD8 Tem"
-0.0600408538616225,10.8192772500902,0.525067729981778,0.468688213430438,0.819976499333226,3007,0.820261021077938,FALSE,"CD8 Tem"
0.0643747776105971,11.0959895619622,0.669414732922681,0.438405303471245,0.799158498503117,3008,0.799732490751374,FALSE,"CD8 Tem"
-0.0288712750413458,10.967127536214,0.127070047168871,0.721489607827006,0.956297567969053,3009,0.956183284806637,FALSE,"CD8 Tem"
0.225972940894017,10.7871475175962,12.1694454772722,0.000571395581174748,0.0556051650895013,3010,0.058027350204319,TRUE,"CD8 Tem"
0.00347580079623655,10.9401260962032,7.03795540500904e-07,0.999330634897839,0.999760546979964,3011,0.99976067537197,FALSE,"CD8 Tem"
0.074055609969059,10.9657064387617,0.973918967566984,0.378446028266927,0.748682180305617,3012,0.750170681905695,FALSE,"CD8 Tem"
0.0390751387198979,10.771278608128,0.156784191962748,0.694747529042974,0.944263809929536,3013,0.944352696761098,FALSE,"CD8 Tem"
0.115353173760406,10.8400399763395,2.61997117858487,0.105526937028835,0.462559659046043,3014,0.467390284522698,FALSE,"CD8 Tem"
0.0646766882537443,10.7980982722484,1.89583877327179,0.326385026441812,0.70507048675377,3015,0.707138407969623,FALSE,"CD8 Tem"
-0.0171009281398163,10.8050402785622,0.0106673481274178,0.917738520666584,0.998052981074555,3016,0.997419013883782,FALSE,"CD8 Tem"
0.00285259662564627,10.8866917817938,0.000576574816469638,0.980843067705726,0.999555952465987,3017,0.99933775641114,FALSE,"CD8 Tem"
0.096933941591229,11.086539379559,1.393513324602,0.237813194146152,0.616194521433845,3018,0.61893259944451,FALSE,"CD8 Tem"
0.0879715652637393,11.002507526142,1.12860968732478,0.288072560914804,0.669865916349599,3019,0.672591714391557,FALSE,"CD8 Tem"
0.0943189209402885,10.8037765128278,2.40161826500276,0.121210387337766,0.491424124928161,3020,0.495693762402552,FALSE,"CD8 Tem"
-0.0242110899369474,10.8582260553949,0.0608208898521937,0.805203256631723,0.983771632949457,3021,0.983097029076725,FALSE,"CD8 Tem"
0.132649473826467,10.8860295470521,3.89764815972991,0.0764519852570332,0.410250643991082,3022,0.415208415370721,FALSE,"CD8 Tem"
0.143473344393961,10.8413710078995,3.3209207085839,0.23056944121623,0.608914335614653,3023,0.611710258967219,FALSE,"CD8 Tem"
0.0971896985853002,10.9715763335553,1.5728197598464,0.20979852705283,0.591009033876843,3024,0.59423972877114,FALSE,"CD8 Tem"
0.0628897642211034,11.1130955787648,0.727831439971597,0.440760527250008,0.800147233504992,3025,0.800649000798057,FALSE,"CD8 Tem"
0.0759243731033832,10.8966923671171,1.20904996301286,0.271520842378028,0.652632267648688,3026,0.655314776196183,FALSE,"CD8 Tem"
0.104590688726791,10.9653055277194,1.48338737937497,0.223245814625161,0.603672258035828,3027,0.606615109431593,FALSE,"CD8 Tem"
0.115326332170994,10.8646530286505,2.63561182922643,0.324182649170121,0.704375443064377,3028,0.706551876777255,FALSE,"CD8 Tem"
0.0463302626171295,10.8650935460152,0.201180703838689,0.949131870303155,0.998155886516222,3029,0.997808704959348,FALSE,"CD8 Tem"
0.0799856711770562,10.8445324757048,1.76568537077354,0.192976025788928,0.576599573945387,3030,0.580113962772058,FALSE,"CD8 Tem"
-0.00891081269179759,10.810251993079,0.00360084118670412,0.952150074030987,0.998155886516222,3031,0.997808704959348,FALSE,"CD8 Tem"
0.0558996902058105,10.8525364670667,1.09166383454817,0.296103314901284,0.676080764656786,3032,0.678483436312098,FALSE,"CD8 Tem"
0.135708389732796,10.9605799074769,3.29551003704459,0.069470080158336,0.39309307977166,3033,0.398045034946192,FALSE,"CD8 Tem"
-0.00531257028949044,10.810007154206,0.023793561360614,0.877411401849073,0.998052981074555,3034,0.997196667792019,FALSE,"CD8 Tem"
-0.0067242935617468,10.8095072019734,0.0297827761645385,0.862984098086612,0.994484400446192,3035,0.993272354159182,FALSE,"CD8 Tem"
0.200917057492529,10.8034682443712,7.1070153657412,0.0262024035680309,0.272633957483024,3036,0.277702710152409,FALSE,"CD8 Tem"
0.265172828759466,11.0198046801221,11.0890720517924,0.00457634530041606,0.143814743190778,3037,0.148460151423921,FALSE,"CD8 Tem"
0.0766144848194615,11.0863475998028,0.634725276247166,0.425627678167886,0.788391848651475,3038,0.789149002915426,FALSE,"CD8 Tem"
0.121444578569446,10.828911649021,2.78520424722379,0.117859297528464,0.48690754790225,3039,0.491179210594834,FALSE,"CD8 Tem"
0.0590228396394338,10.9288607202478,0.750616931974597,0.622310711192843,0.917099847198325,3040,0.917138006946507,FALSE,"CD8 Tem"
0.005405404213906,10.8344842500206,0.00391643033848967,0.95009987220664,0.998155886516222,3041,0.997808704959348,FALSE,"CD8 Tem"
0.0740252434089995,10.9296952658152,1.04458800032858,0.306757274295831,0.685268051272771,3042,0.687349324265242,FALSE,"CD8 Tem"
0.0359496754092821,10.8883498214012,0.318130703917692,0.733112042927552,0.961467168755672,3043,0.961207354604098,FALSE,"CD8 Tem"
0.115513366813405,10.9101523641975,1.98676647495348,0.158679955333326,0.542662111952426,3044,0.547472934760882,FALSE,"CD8 Tem"
0.00516759168119674,10.8470852674713,0.0538798272659089,0.816444676311271,0.986097480265699,3045,0.985339632184831,FALSE,"CD8 Tem"
0.132350160205405,10.8483608088438,2.87128495939332,0.0901734212591311,0.435058695307281,3046,0.440025875666764,FALSE,"CD8 Tem"
0.103373531198725,11.0029310390243,2.10089378567628,0.803259851730689,0.983771632949457,3047,0.983097029076725,FALSE,"CD8 Tem"
0.0769372301868748,11.035564981654,0.867691989429284,0.433530824475227,0.794788905887289,3048,0.795466500210221,FALSE,"CD8 Tem"
0.0993956464898799,10.9849626494609,1.55260909681183,0.212751216940697,0.594297843838547,3049,0.597476038939469,FALSE,"CD8 Tem"
0.0209972777275201,10.7950786119416,0.112762457641367,0.89890642943087,0.998052981074555,3050,0.997419013883782,FALSE,"CD8 Tem"
0.0104281026382152,10.7839151112344,0.0676739071595917,0.794754270293646,0.979698412704942,3051,0.979114212396638,FALSE,"CD8 Tem"
0.179897732215253,10.855551724942,6.54535855497961,0.0969705348965784,0.449660974879348,3052,0.45492648413565,FALSE,"CD8 Tem"
0.0339681114762349,10.7785830297932,0.40831353913721,0.522826998672702,0.85863996145012,3053,0.859635775262549,FALSE,"CD8 Tem"
0.0299061563250006,10.8478007054171,0.136118066825969,0.933854132879378,0.998052981074555,3054,0.997419013883782,FALSE,"CD8 Tem"
0.225277802369039,11.0198647523211,8.00704649920396,0.00465973778682157,0.145452620446357,3055,0.149963026954813,FALSE,"CD8 Tem"
0.02186092095777,10.8141673204549,0.0867107419225162,0.768401282263735,0.970648162533933,3056,0.969932820526043,FALSE,"CD8 Tem"
0.083514826240897,10.8700134389859,1.56642764723586,0.210727103285519,0.59222887649571,3057,0.595490271203402,FALSE,"CD8 Tem"
0.0639489206525516,10.7832736454218,1.11408181484176,0.474269014310729,0.824330521663747,3058,0.824732759802501,FALSE,"CD8 Tem"
-0.00492956672406649,11.1227067926919,0.00612422169430121,0.937623326859068,0.998052981074555,3059,0.997419013883782,FALSE,"CD8 Tem"
0.229261150732201,10.9548499674077,8.15087446321885,0.00430420281814926,0.140487777036994,3060,0.145575337301113,FALSE,"CD8 Tem"
0.0561656152689155,10.8550994645774,0.396134196433898,0.548817845067777,0.871831262149972,3061,0.872152764518051,FALSE,"CD8 Tem"
0.0996721837162299,10.8186709800941,2.77382619768675,0.322537556668472,0.702903005007285,3062,0.704987744063535,FALSE,"CD8 Tem"
0.0468095033883367,10.9000880395789,0.394838871531094,0.575005533759064,0.891573841299764,3063,0.891540115434082,FALSE,"CD8 Tem"
-0.0334056608516759,11.0525389566776,0.221873390119019,0.947593166508381,0.998155886516222,3064,0.997789883574633,FALSE,"CD8 Tem"
0.0680152626745768,10.9664961307593,0.622695331528382,0.430047787741338,0.791199470247217,3065,0.791885457859718,FALSE,"CD8 Tem"
-0.0816855386475693,10.8579345698778,0.876580902236761,0.498622457613406,0.842387595481276,3066,0.843282980488932,FALSE,"CD8 Tem"
0.206554227970857,10.9440742983232,7.7441241565193,0.00538894465725967,0.155676904353508,3067,0.159783160382863,FALSE,"CD8 Tem"
0.207805347076109,10.8641376687268,7.85141966962938,0.00507826091175358,0.150439436309337,3068,0.154511013785196,FALSE,"CD8 Tem"
0.151754753914908,10.8875491735568,4.16138442629307,0.0736133287817257,0.404221478351601,3069,0.409116231801184,FALSE,"CD8 Tem"
-0.0766304655638604,10.8051801842797,0.769886650090205,0.380252507680121,0.749387463228917,3070,0.750822506778965,FALSE,"CD8 Tem"
0.00268209503792921,10.8683901873302,0.0195730233808817,0.888736191464666,0.998052981074555,3071,0.997419013883782,FALSE,"CD8 Tem"
0.0604655240795483,10.8335004764548,0.681207190379518,0.741712793954815,0.963714602055123,3072,0.96320581145342,FALSE,"CD8 Tem"
0.160206603199409,11.1012446702114,3.60307054244345,0.0576734848188427,0.368460683918183,3073,0.37328738184946,FALSE,"CD8 Tem"
0.127661882681951,10.8154964941402,3.2472917763807,0.0715421269927752,0.396233368022513,3074,0.40103065408849,FALSE,"CD8 Tem"
0.132194930609711,10.8279290556006,3.04101869273647,0.205665901170585,0.586018409042695,3075,0.589234214972733,FALSE,"CD8 Tem"
0.0602085824321023,11.1012440235926,0.367110053809708,0.544584018644876,0.869502324310785,3076,0.869758178048409,FALSE,"CD8 Tem"
0.223823895280651,10.795539939607,15.5858365847188,7.88528713382471e-05,0.0240783488969809,3077,0.0249574404194535,TRUE,"CD8 Tem"
0.0816661625129304,10.8205907358174,1.19118093903217,0.308698918963357,0.687623885104681,3078,0.689816457605884,FALSE,"CD8 Tem"
-0.0287522775706026,10.903663209001,0.059326104830424,0.973380851113015,0.999555952465987,3079,0.99933775641114,FALSE,"CD8 Tem"
-0.0233726846098749,10.7808590236372,0.116335490772193,0.733043572267939,0.961467168755672,3080,0.961207354604098,FALSE,"CD8 Tem"
-0.0895636089487766,10.8482800056815,1.06140807073013,0.302894714179981,0.681220171978284,3081,0.683441350686475,FALSE,"CD8 Tem"
-0.0865168269041716,10.8459875438876,1.08463118500788,0.398564189248177,0.767030073771831,3082,0.767913186660818,FALSE,"CD8 Tem"
0.0881533593786864,10.8760690313621,1.51412410338728,0.218511393609239,0.598901393003443,3083,0.601845315635894,FALSE,"CD8 Tem"
0.25105865830921,10.8565377551569,9.75747544990962,0.00178604363802267,0.0971011940427863,3084,0.101028120054859,FALSE,"CD8 Tem"
0.0254402291625646,10.7739131027526,0.139070888739483,0.914972046160593,0.998052981074555,3085,0.997419013883782,FALSE,"CD8 Tem"
0.120737890500176,10.9543034568707,2.34947131836344,0.12532608551664,0.497896485959987,3086,0.502179044578922,FALSE,"CD8 Tem"
0.0860168114615932,10.9807871510758,1.3762530065157,0.24074094264632,0.618178842583216,3087,0.621272721048706,FALSE,"CD8 Tem"
0.0464755861259017,11.0123363950304,0.330490665718516,0.565370546741108,0.884175660017786,3088,0.884445056460977,FALSE,"CD8 Tem"
0.1047333341489,10.7815990336535,2.13685965234122,0.224240251899575,0.604954415072461,3089,0.608005012475105,FALSE,"CD8 Tem"
0.0878208954425586,10.9630115275549,1.05920795069219,0.303396359985457,0.681768784499459,3090,0.683942986101697,FALSE,"CD8 Tem"
0.0475125526452501,10.8437190198287,0.304529222783723,0.581057065321763,0.895459329843321,3091,0.895675533631325,FALSE,"CD8 Tem"
0.0233325397694657,10.7758188419196,0.00502432899513163,0.943491296302544,0.998052981074555,3092,0.997419013883782,FALSE,"CD8 Tem"
0.0983248953122094,10.8241502578029,1.83354608753605,0.17570983521388,0.564550528102396,3093,0.568476638799847,FALSE,"CD8 Tem"
0.126897669596457,10.8061621564722,3.25573812581887,0.0711744385682624,0.396233368022513,3094,0.40103065408849,FALSE,"CD8 Tem"
0.0917322941460166,10.7877021350342,1.80162400525514,0.193580657799024,0.576599573945387,3095,0.580113962772058,FALSE,"CD8 Tem"
0.179272778892124,10.8055360746204,6.06154987095946,0.0279483051415319,0.280493857644233,3096,0.285843884844698,FALSE,"CD8 Tem"
0.157548759251101,10.7912219737604,6.30126745570174,0.0120654554582386,0.204963360807038,3097,0.209868950837161,FALSE,"CD8 Tem"
-0.0525255548970001,10.8432103563335,0.771401852246361,0.447413615657362,0.807420671394026,3098,0.80806755640102,FALSE,"CD8 Tem"
0.080198360220374,10.9514495589177,1.19074984581806,0.275178838830224,0.65600039948712,3099,0.658752748833903,FALSE,"CD8 Tem"
0.0605114341762444,10.8110473989989,1.99818165210126,0.216395995112335,0.596950043456387,3100,0.599878381970896,FALSE,"CD8 Tem"
0.0169675048387284,10.8949109532929,0.0306670118125827,0.985432080720121,0.999555952465987,3101,0.99933775641114,FALSE,"CD8 Tem"
0.102031704739478,11.1530538305002,1.76554579452271,0.183934841221011,0.572836490194472,3102,0.576966921832522,FALSE,"CD8 Tem"
0.0320067777031853,10.7974095182432,0.315556194581941,0.961280355618662,0.999555952465987,3103,0.99933775641114,FALSE,"CD8 Tem"
0.140295648926865,10.9119890471276,3.3952391373164,0.119675185194795,0.487795382222475,3104,0.491989807255454,FALSE,"CD8 Tem"
0.0960641857873768,10.9696535167355,1.51634144950013,0.218174513790756,0.598901393003443,3105,0.601845315635894,FALSE,"CD8 Tem"
0.0391773102872646,10.8567089117636,0.145217987716544,0.703147909669294,0.947375703323258,3106,0.947397535736846,FALSE,"CD8 Tem"
0.0710507258692706,10.9081694467919,1.02662979721037,0.310951998405823,0.689341155665149,3107,0.691488169233928,FALSE,"CD8 Tem"
0.229071777461892,11.0673349424648,7.58123738813608,0.00589808962299466,0.161364793156166,3108,0.165144919437821,FALSE,"CD8 Tem"
-0.0337268872409912,10.7861393466587,0.00904864035154512,0.924216099021145,0.998052981074555,3109,0.997419013883782,FALSE,"CD8 Tem"
0.000813788710767886,10.8401046333897,0.0080275452766129,0.92860784351381,0.998052981074555,3110,0.997419013883782,FALSE,"CD8 Tem"
0.16786094182051,10.9870899012277,5.15005395477293,0.0232460403729547,0.258036596120793,3111,0.263693160585288,FALSE,"CD8 Tem"
0.108427330504234,10.815539892978,2.28740339466635,0.195829146315604,0.579758981230984,3112,0.583373446113157,FALSE,"CD8 Tem"
0.0530405204019434,10.8122331597276,0.889580725278534,0.63641959166241,0.923129790751015,3113,0.923322796570863,FALSE,"CD8 Tem"
0.134943466473439,10.8370873334569,3.58819570622378,0.0581919212291244,0.370754281694052,3114,0.375665748863288,FALSE,"CD8 Tem"
-0.00361155212918839,10.952032537821,0.00497622863835474,0.943761988984281,0.998052981074555,3115,0.997419013883782,FALSE,"CD8 Tem"
0.076841853316505,10.7982157942015,1.26259285860544,0.342220243101902,0.71989232468096,3116,0.721748859550118,FALSE,"CD8 Tem"
0.128709724026461,10.827883643135,3.89688296154169,0.224876814140978,0.605267397320422,3117,0.608388852145834,FALSE,"CD8 Tem"
0.139647994291188,10.7809065570902,5.430702889773,0.0613476381985917,0.376439717295839,3118,0.381386023832043,FALSE,"CD8 Tem"
0.170353148611838,10.8093491131366,8.05617502123325,0.00740609514965918,0.171348640158618,3119,0.175533404150049,FALSE,"CD8 Tem"
0.0101248572892397,10.9396534082221,0.0203559908761981,0.88654737062662,0.998052981074555,3120,0.997419013883782,FALSE,"CD8 Tem"
0.0389070680399295,10.7875375576294,0.00220430570120622,0.962553067823972,0.999555952465987,3121,0.99933775641114,FALSE,"CD8 Tem"
-0.0626191186450164,10.8889728775598,0.784929288649508,0.375638206411995,0.747899528262924,3122,0.749441592014775,FALSE,"CD8 Tem"
0.151318693916368,10.7879661737139,5.42369965340908,0.0198655877176385,0.242705906983609,3123,0.248523388346185,FALSE,"CD8 Tem"
-0.00456586253496562,10.7895595170532,0.0140462628212719,0.964398456729379,0.999555952465987,3124,0.99933775641114,FALSE,"CD8 Tem"
0.0484161914995849,11.0536634952539,0.0956158248160422,0.757155755242781,0.969051023014357,3125,0.968732128352664,FALSE,"CD8 Tem"
0.0657138676687062,10.8542938302582,0.863199231457574,0.352845367514247,0.729694888532131,3126,0.731475882608521,FALSE,"CD8 Tem"
0.0282869745554413,10.7679754045716,0.00566867408721087,0.939983529953361,0.998052981074555,3127,0.997419013883782,FALSE,"CD8 Tem"
-0.106332208080734,10.8280604532528,1.23450286839716,0.266533612208716,0.648351375723189,3128,0.650958606351939,FALSE,"CD8 Tem"
0.203955727181583,11.0414426546049,6.03766537078073,0.0140041009250359,0.21783636589412,3129,0.222000282809776,FALSE,"CD8 Tem"
0.014952102738768,11.1320893034601,0.0303288507874449,0.861746226370583,0.99428967969476,3130,0.993016433540451,FALSE,"CD8 Tem"
0.0596239369914345,11.0223875550273,0.72020067480986,0.689787419036661,0.942975213884784,3131,0.942841718353821,FALSE,"CD8 Tem"
-0.0721198476049794,10.8692100241283,0.69585590078677,0.404180051251952,0.772961109528301,3132,0.77389011734382,FALSE,"CD8 Tem"
0.209594966200343,10.9446088471772,7.65944646788917,0.00564777368929219,0.161364793156166,3133,0.165144919437821,FALSE,"CD8 Tem"
-0.102671863486636,11.1252141875099,1.16953682060203,0.279496911082862,0.661610263162203,3134,0.664370289720759,FALSE,"CD8 Tem"
0.148773102849851,10.9206600934416,3.95891130401706,0.0466243479258798,0.339811281412688,3135,0.345094563683057,FALSE,"CD8 Tem"
-0.034412957780127,11.1194698292258,0.130301804731409,0.71811946261564,0.954832685278545,3136,0.954635794023276,FALSE,"CD8 Tem"
0.0589976004657922,10.8643874760189,0.200433496011291,0.896850574644136,0.998052981074555,3137,0.997419013883782,FALSE,"CD8 Tem"
0.0193817060242059,10.8058510243206,0.0737582159798684,0.785941515217924,0.974777063274284,3138,0.974139877648365,FALSE,"CD8 Tem"
0.0660747552721385,11.1238045002354,0.733615317570909,0.391714204723797,0.761966861635458,3139,0.763131429531383,FALSE,"CD8 Tem"
0.155740493564245,10.8142263410868,4.65054905500062,0.0451083919512339,0.333874166694882,3140,0.339097074433558,FALSE,"CD8 Tem"
0.0701909523804311,10.8233183873579,0.321992814908673,0.696429399297352,0.944418839109854,3141,0.944461858178249,FALSE,"CD8 Tem"
0.102393142491543,10.7717996852899,2.27600123279644,0.138073157242028,0.512298822729517,3142,0.516599424489235,FALSE,"CD8 Tem"
-0.0750506259998893,10.8118522557675,0.522375418101652,0.469830462121941,0.820430938561557,3143,0.820658300652548,FALSE,"CD8 Tem"
0.14656938975422,10.765600857258,4.93086725308221,0.0754381647730834,0.40940828980118,3144,0.414318427262578,FALSE,"CD8 Tem"
0.0263653868663708,10.8491818182797,0.118832342163388,0.730304508389235,0.96088934145692,3145,0.960718324905553,FALSE,"CD8 Tem"
0.0762717872397773,11.0604833917452,0.993971660625047,0.322717002947788,0.702903005007285,3146,0.704987744063535,FALSE,"CD8 Tem"
0.0134635359673212,10.8483239636678,0.60286066549971,0.586724190769993,0.898536124883515,3147,0.898785377426925,FALSE,"CD8 Tem"
0.0840825080877965,10.9891074578301,1.26822155946407,0.260101076066862,0.639392232974088,3148,0.642001224236434,FALSE,"CD8 Tem"
-0.0161629266412994,10.7988419459355,0.00918715267983919,0.923640030441988,0.998052981074555,3149,0.997419013883782,FALSE,"CD8 Tem"
0.198990990618033,10.884572052293,7.7003458334482,0.0122531833509945,0.205401034996068,3150,0.210306549201827,FALSE,"CD8 Tem"
0.146012103341362,10.9030260970805,4.11226660047898,0.0425737556449468,0.333874166694882,3151,0.339097074433558,FALSE,"CD8 Tem"
0.13193118836159,11.0445425878762,2.50051770672607,0.113809461492734,0.48053833337896,3152,0.485181923249982,FALSE,"CD8 Tem"
0.14255941562164,10.9181459638386,4.6870545245986,0.038675958960851,0.322040108402794,3153,0.326509872573005,FALSE,"CD8 Tem"
0.159813279199169,10.8112968329803,5.10383636713591,0.0238733811849971,0.261259049156286,3154,0.266717752639003,FALSE,"CD8 Tem"
0.256913579224645,11.0317070484661,9.65050586823318,0.00189309179050254,0.0997679549116086,3155,0.103453797324659,FALSE,"CD8 Tem"
0.211736794582311,10.8176337890406,8.32241282734353,0.00773951745699719,0.171348640158618,3156,0.175533404150049,FALSE,"CD8 Tem"
0.145966069328622,10.8141204880954,3.27674998626269,0.0702684999360071,0.394708687442475,3157,0.399622136182387,FALSE,"CD8 Tem"
0.0772216215752624,10.8589409457198,1.15341196925575,0.282836518591672,0.66515833235115,3158,0.667972450729938,FALSE,"CD8 Tem"
0.172334632821762,10.8675615460608,4.26280022198929,0.0968565530425812,0.449580666867311,3159,0.454849818926352,FALSE,"CD8 Tem"
0.171688055576969,10.8297418823532,8.5604709472486,0.0141344908691218,0.219131723440952,3160,0.22332424176127,FALSE,"CD8 Tem"
0.0434135404691181,10.7885563132003,0.0996232299186952,0.752282363190311,0.965703785073184,3161,0.965323897931631,FALSE,"CD8 Tem"
0.0304708260697992,10.7720467485048,0.0677682034846307,0.81914596235527,0.98661845249022,3162,0.985869570404283,FALSE,"CD8 Tem"
0.0784154088785526,10.9168614151283,0.837691925695565,0.360058122174825,0.73707320696968,3163,0.738716573837589,FALSE,"CD8 Tem"
0.00797227448102221,10.7750916521055,0.408100182954329,0.773533129407735,0.970648162533933,3164,0.969932820526043,FALSE,"CD8 Tem"
0.0999488091018191,10.7970110535534,2.13465405965141,0.144003522567279,0.518893674250128,3165,0.523332544568907,FALSE,"CD8 Tem"
0.0750696763471059,10.938914168279,0.838550393941248,0.377959996271566,0.748682180305617,3166,0.750170681905695,FALSE,"CD8 Tem"
0.0862497116265187,10.9223725029884,1.26418069471444,0.26086171910576,0.640246889478043,3167,0.642847835760697,FALSE,"CD8 Tem"
0.147780280568901,10.8144064470287,5.54082838175585,0.0185781402351496,0.236731315708715,3168,0.242199764357736,FALSE,"CD8 Tem"
0.0944760688967073,10.921244612279,1.84162902623795,0.174760698258787,0.564109880556281,3169,0.568156852600491,FALSE,"CD8 Tem"
0.17279679260372,10.8166393296919,7.11310261892349,0.00765248161620301,0.171348640158618,3170,0.175533404150049,FALSE,"CD8 Tem"
0.261576846135035,11.0746091100052,9.70195254565206,0.00184081880547368,0.0984097501638862,3171,0.102247192069009,FALSE,"CD8 Tem"
0.22665664427292,10.8593060442761,9.85616738733786,0.0032942846152125,0.125892285481789,3172,0.130201147810932,FALSE,"CD8 Tem"
0.164778837539557,10.8872239992471,4.98990415216,0.0254960256030229,0.26828510199018,3173,0.273496864663059,FALSE,"CD8 Tem"
0.0658850700940624,10.8315971537081,0.782519369249762,0.376372123797172,0.748399635647989,3174,0.749961296159554,FALSE,"CD8 Tem"
0.0569718799880483,10.8353004295734,0.63254701923247,0.933807743242577,0.998052981074555,3175,0.997419013883782,FALSE,"CD8 Tem"
0.0796011700467049,10.8084923406393,0.899774062276565,0.342842721816454,0.71989232468096,3176,0.721748859550118,FALSE,"CD8 Tem"
0.102767430082478,11.0739952708966,1.64476778291851,0.199673108801681,0.582069424456339,3177,0.585475935318478,FALSE,"CD8 Tem"
0.0878257411614328,10.7861245689682,1.90755937382054,0.167235186699833,0.555352518369271,3178,0.559714290810929,FALSE,"CD8 Tem"
-0.0325276454843808,10.9185001382598,0.236099787030177,0.627037551195396,0.920631085205422,3179,0.920675933130884,FALSE,"CD8 Tem"
0.03234322770914,10.8333427887987,0.324367673581826,0.611367287313773,0.908761704719465,3180,0.908820194338494,FALSE,"CD8 Tem"
0.126913680596918,10.8558609176847,3.02745439168013,0.0818669306924419,0.41842098313247,3181,0.423237336096788,FALSE,"CD8 Tem"
-0.107083458647314,10.8362515402431,1.22156929641188,0.269053385368128,0.650060932647877,3182,0.652694029057996,FALSE,"CD8 Tem"
0.16332041514284,10.9970905129821,4.75132874975039,0.0292761072975509,0.284265501129247,3183,0.289371270193731,FALSE,"CD8 Tem"
0.03669441553964,11.0095162432091,0.278711841532921,0.59754698220354,0.902396674601085,3184,0.902573261897596,FALSE,"CD8 Tem"
0.20176226637696,10.8253032879188,8.28701691893614,0.00399310842811433,0.137788988645795,3185,0.142874820204982,FALSE,"CD8 Tem"
0.124703236051221,10.8141519814944,3.12555723765429,0.0770740771530975,0.411675865373111,3186,0.416558320014717,FALSE,"CD8 Tem"
-0.0218326817030122,10.7665774267843,0.171482697890228,0.705300643359676,0.948492378676639,3187,0.948611659496324,FALSE,"CD8 Tem"
0.0851764434768747,10.8694880671213,1.01618510878262,0.313426072566752,0.693173877084147,3188,0.695398925366384,FALSE,"CD8 Tem"
-0.0595343372892376,10.9374659507228,0.910776708465183,0.533028371692609,0.864161157543722,3189,0.86472130339246,FALSE,"CD8 Tem"
0.0954547988875412,10.9550738180331,2.19415949462415,0.192078920030246,0.576599573945387,3190,0.580113962772058,FALSE,"CD8 Tem"
-0.11485178845945,10.7800837465009,1.75802814465399,0.184871214030219,0.572836490194472,3191,0.576966921832522,FALSE,"CD8 Tem"
0.0718893442749752,11.1090304715842,0.884794601012533,0.346892248495521,0.72414535356942,3192,0.725914108325717,FALSE,"CD8 Tem"
0.0463660185986549,10.9592654178278,0.335848801754925,0.64026850688222,0.924229639990548,3193,0.924438114766054,FALSE,"CD8 Tem"
0.116366476919384,10.8707919544181,2.62246225406619,0.185744135550859,0.572836490194472,3194,0.576966921832522,FALSE,"CD8 Tem"
0.16496465858746,10.7879924195904,4.04051084576517,0.150498407824287,0.530680890667748,3195,0.535035994900009,FALSE,"CD8 Tem"
0.0422921388831885,10.8877120659771,0.0846520013014013,0.834596865715301,0.991750133480293,3196,0.99056017316442,FALSE,"CD8 Tem"
-0.0555523802674891,11.0295402088971,0.423924911572698,0.514985333513186,0.85265158685621,3197,0.853389650700993,FALSE,"CD8 Tem"
0.0454357129631977,11.1325200066093,0.394724937113201,0.834275051592898,0.991750133480293,3198,0.99056017316442,FALSE,"CD8 Tem"
-0.058400584408261,10.8186478290705,0.886649363275888,0.64217536500751,0.926126394620133,3199,0.926328174347023,FALSE,"CD8 Tem"
0.15913897254088,10.9327461546112,4.46391133602162,0.0346185972005108,0.310832230848601,3200,0.315344749185381,FALSE,"CD8 Tem"
0.165427823488681,10.8543289119764,3.32695274595953,0.115547200874349,0.484809317451676,3201,0.489452552934118,FALSE,"CD8 Tem"
0.0696106216158768,10.9342023140465,0.894365985925316,0.388391021823766,0.758038876417262,3202,0.759293439787175,FALSE,"CD8 Tem"
0.0422723106589388,10.8434263704903,0.533599128401246,0.488529132338111,0.834745502079007,3203,0.83536336200657,FALSE,"CD8 Tem"
0.172047314177871,10.898897493593,4.39429513258295,0.0667967968400243,0.388825910016211,3204,0.393752401261008,FALSE,"CD8 Tem"
0.0504469107654665,10.8219335108099,0.38659941504122,0.544237566058565,0.869461614536783,3205,0.869758178048409,FALSE,"CD8 Tem"
0.165154717828378,10.9440660850932,4.76283115910842,0.049670252222794,0.349618321997851,3206,0.354332694587655,FALSE,"CD8 Tem"
-0.0252378240486917,10.7969015627951,0.107293564515144,0.743246792078343,0.964251277533158,3207,0.963795818900045,FALSE,"CD8 Tem"
0.101434926204095,10.991140602053,1.53592289557185,0.215226230164294,0.595905097084529,3208,0.598848038515128,FALSE,"CD8 Tem"
0.274706937415391,10.8778431126629,13.5729321097339,0.000291816399129558,0.0371184170601057,3209,0.0385177421221443,TRUE,"CD8 Tem"
0.170040708698289,10.9892385577041,4.5516603168166,0.0328872875854644,0.299919165803912,3210,0.304072987377335,FALSE,"CD8 Tem"
0.0707607352667306,10.9044597203167,0.957049512582091,0.327931807052859,0.705842818953881,3211,0.707978028243897,FALSE,"CD8 Tem"
-0.016512345817261,10.9083356350389,0.0432784958784149,0.837958564456083,0.99333103191068,3212,0.991993002570708,FALSE,"CD8 Tem"
0.149800114585471,10.8069805977036,4.84664530532536,0.0373970921547339,0.319372605164999,3213,0.324100323298119,FALSE,"CD8 Tem"
-0.00134741905388924,10.8276420010135,0.000643011766340356,0.979769678661557,0.999555952465987,3214,0.99933775641114,FALSE,"CD8 Tem"
0.130264352922663,10.8064741322513,3.42889565971342,0.207701336953286,0.588676976337436,3215,0.59195981617635,FALSE,"CD8 Tem"
-0.135954680485549,10.8402311581772,2.43946996280585,0.118316779896233,0.48690754790225,3216,0.491179210594834,FALSE,"CD8 Tem"
0.0887592984691768,10.9028003433718,2.8343164656619,0.257348391643435,0.637812817488488,3217,0.640582030923531,FALSE,"CD8 Tem"
0.301577006016974,10.8895334747159,15.3955030571051,8.72062586604576e-05,0.0240783488969809,3218,0.0249574404194535,TRUE,"CD8 Tem"
0.131605356997219,10.8413986875638,3.32889117111037,0.126046587655725,0.498462905552862,3219,0.502711892094415,FALSE,"CD8 Tem"
0.0799781855962284,10.7878638483169,1.01490338933334,0.374380501159297,0.746353926657475,3220,0.747907739699564,FALSE,"CD8 Tem"
0.0319411661781662,10.8038593513433,0.394714296293791,0.529831981922338,0.862530118278192,3221,0.863096401225893,FALSE,"CD8 Tem"
0.15869639173804,10.8353201891727,4.30197182442313,0.0526466404720893,0.357459160344069,3222,0.362164490757729,FALSE,"CD8 Tem"
0.0909465433543747,10.906782289181,1.49389052591816,0.55518754748605,0.878413806752347,3223,0.878889879071442,FALSE,"CD8 Tem"
-0.0153620570354377,10.7773756552605,0.336794181292533,0.592094926673481,0.901375254684607,3224,0.901610060627415,FALSE,"CD8 Tem"
-0.0307401698413122,10.8719409498351,0.130788838243719,0.717615682922864,0.954832685278545,3225,0.954635794023276,FALSE,"CD8 Tem"
0.0550500967706934,11.1318118527219,0.459744090600509,0.497743885352136,0.842387595481276,3226,0.84322778013749,FALSE,"CD8 Tem"
-0.0615845734334318,10.8115476053602,0.339310332204209,0.560227823327018,0.880872077854618,3227,0.881265094001025,FALSE,"CD8 Tem"
0.176115124497982,10.8664299145576,6.07744522044383,0.184361411061928,0.572836490194472,3228,0.576966921832522,FALSE,"CD8 Tem"
0.0794131237922479,10.8897503694096,0.286187899676597,0.703040554024261,0.947375703323258,3229,0.947397535736846,FALSE,"CD8 Tem"
-0.0140081338738002,10.8014475874245,0.0011998608339223,0.972367609446121,0.999555952465987,3230,0.99933775641114,FALSE,"CD8 Tem"
-0.000102510563865368,10.8343184211861,0.0565459481225891,0.812041024531005,0.98465075578324,3231,0.984081489808586,FALSE,"CD8 Tem"
0.211522375174265,11.0731509969722,6.33482129310911,0.0118392894392901,0.204963360807038,3232,0.209868950837161,FALSE,"CD8 Tem"
0.0799606356962582,10.7742334993989,1.8532268856146,0.864042327942248,0.994964314746074,3233,0.993789633739622,FALSE,"CD8 Tem"
0.0960837326056826,10.8086631213499,1.73258805259778,0.314131285503436,0.694403331215057,3234,0.696629192976813,FALSE,"CD8 Tem"
0.0582913552407447,10.8262603934134,0.444596158801238,0.504912669486079,0.847385920917149,3235,0.848236288887234,FALSE,"CD8 Tem"
0.241610960055488,11.0507882354043,8.83382479961737,0.00295710927904352,0.12138056036742,3236,0.125540202456827,FALSE,"CD8 Tem"
0.113743062675329,10.891487300981,2.44285900983619,0.118061452660776,0.48690754790225,3237,0.491179210594834,FALSE,"CD8 Tem"
0.114375825020092,10.8397475453586,1.36393188556263,0.242857723855006,0.621304330940392,3238,0.624455529022107,FALSE,"CD8 Tem"
0.0697053469982776,10.8216277207249,1.07529596531443,0.299752729970833,0.67907937023592,3239,0.681339344707595,FALSE,"CD8 Tem"
0.108268375580871,10.8532201843539,2.24189152994541,0.134317163689344,0.509557971779627,3240,0.514125468561139,FALSE,"CD8 Tem"
0.0318009610332986,10.8553518280109,0.131722403196036,0.716652975420788,0.954763335085568,3241,0.954635794023276,FALSE,"CD8 Tem"
0.178792314771035,10.9282288283058,5.40809409597098,0.0200439537732549,0.242705906983609,3242,0.248523388346185,FALSE,"CD8 Tem"
0.062520745914334,10.9404312462971,0.758430455381878,0.47696344982182,0.825454500994478,3243,0.825847447000459,FALSE,"CD8 Tem"
0.0965697877817909,10.9989397600855,1.67671123261649,0.367346228519573,0.741102440467894,3244,0.742777551738567,FALSE,"CD8 Tem"
-0.0111728381165548,10.7992286196365,0.0291246377585888,0.864491635951869,0.994989012326687,3245,0.993858618687816,FALSE,"CD8 Tem"
0.042139357855199,10.8349475487597,0.432986956861008,0.665739929973705,0.932023019502757,3246,0.931625172861424,FALSE,"CD8 Tem"
0.0688586554736617,10.8159273337891,1.48827793326205,0.474885367418983,0.824407503023157,3247,0.824784850486183,FALSE,"CD8 Tem"
0.265337015029378,11.0723598480595,10.3659647264895,0.00128367332397774,0.0840896426735278,3248,0.0873433883595063,TRUE,"CD8 Tem"
0.00580064065848373,10.8556373678909,0.00268744424944655,0.97271404345649,0.999555952465987,3249,0.99933775641114,FALSE,"CD8 Tem"
0.036653194841385,10.8000113922929,0.232832866070017,0.629431404594507,0.920925397469964,3250,0.921166658347433,FALSE,"CD8 Tem"
0.117723719927606,10.9104811559187,1.70320258887406,0.191870232216426,0.576599573945387,3251,0.580113962772058,FALSE,"CD8 Tem"
-0.0677558836136411,11.1453372651201,0.763009024474434,0.382388879001565,0.750995980901807,3252,0.752334684456814,FALSE,"CD8 Tem"
0.103951492003208,11.0172016711753,1.52017983712325,0.217592813186523,0.598901393003443,3253,0.601845315635894,FALSE,"CD8 Tem"
0.00734028889305613,10.8496639573275,0.0144067602701834,0.939057220718387,0.998052981074555,3254,0.997419013883782,FALSE,"CD8 Tem"
0.172512683038405,10.7934025031442,7.88762225647519,0.0389468884012933,0.322316686751629,3255,0.3268604948195,FALSE,"CD8 Tem"
0.0426004695854856,10.9306185111695,0.285025408533469,0.593426363116469,0.901375254684607,3256,0.901610060627415,FALSE,"CD8 Tem"
0.00603037976866939,10.8755282068244,0.000679677590879905,0.979201014934239,0.999555952465987,3257,0.99933775641114,FALSE,"CD8 Tem"
0.043985706715366,10.8229027049113,0.201708322668361,0.653345635226017,0.927632396570189,3258,0.927184458408043,FALSE,"CD8 Tem"
0.152780984222083,10.8891830604746,4.20909831257904,0.0402081822528206,0.326015490999727,3259,0.330710949711143,FALSE,"CD8 Tem"
0.0516503072596584,10.7796693377526,0.218854864015393,0.865957931180501,0.995699491024715,3260,0.994636546052096,FALSE,"CD8 Tem"
0.0329694869823097,10.9409100589577,0.247130023131586,0.83092600322555,0.991750133480293,3261,0.99056017316442,FALSE,"CD8 Tem"
0.0162611597937171,10.8273403596327,0.127715816073293,0.838739690770285,0.99333103191068,3262,0.991993002570708,FALSE,"CD8 Tem"
0.028346722157456,10.96305181412,0.0760516522284476,0.78272126750674,0.973176725038822,3263,0.972570558146486,FALSE,"CD8 Tem"
0.208735712505491,10.9355018307726,6.51296650212985,0.010709341698858,0.195077837410583,3264,0.199706582165948,FALSE,"CD8 Tem"
0.0402125650479298,10.8753590268251,0.270592870276914,0.602934558585295,0.905543001596083,3265,0.90572119184756,FALSE,"CD8 Tem"
0.0623741422961191,10.8707709497267,0.854511385570635,0.355279623472644,0.73212473583131,3266,0.733893816283205,FALSE,"CD8 Tem"
0.149348800620081,10.8470090212628,4.47932900479197,0.145975824232968,0.52254832366983,3267,0.527039691461891,FALSE,"CD8 Tem"
0.119491727536073,11.022518809338,2.76824128773899,0.0961523281215266,0.448550128478656,3268,0.453678573403484,FALSE,"CD8 Tem"
0.223349253089113,10.8325122071887,8.29832824088883,0.00447619066741962,0.141624236695025,3269,0.146384309622801,FALSE,"CD8 Tem"
-0.0109021939644215,10.7770365223205,0.262312181190102,0.678223839147183,0.936029399369005,3270,0.935588662605472,FALSE,"CD8 Tem"
0.346687556188197,10.8642515203194,21.4147104916376,8.78704299159166e-06,0.00763082906219746,3271,0.00795006883604698,TRUE,"CD8 Tem"
-0.0261713037307946,10.8395969010941,0.128109704682027,0.804201725959935,0.983771632949457,3272,0.983097029076725,FALSE,"CD8 Tem"
0.0462058504164985,10.8239017172666,0.862731072080131,0.450482865834375,0.808955910809142,3273,0.809641479727932,FALSE,"CD8 Tem"
0.0393988980707743,10.8481606128747,0.248458436967139,0.73757571399916,0.962347129236196,3274,0.961932074408799,FALSE,"CD8 Tem"
-0.0680792641506638,10.8274935217799,0.704351559289941,0.477063362432414,0.825454500994478,3275,0.825847447000459,FALSE,"CD8 Tem"
0.229106499952096,10.8224274258375,10.2521101225372,0.0192578046223817,0.242075808915399,3276,0.247695363527191,FALSE,"CD8 Tem"
0.184772034159046,10.8194057514678,7.14265770633306,0.0179021105841721,0.23331554697827,3277,0.238930285935086,FALSE,"CD8 Tem"
0.0673981456516334,10.9102147617374,0.741253847111063,0.389259901352159,0.758547909028555,3278,0.759822490863281,FALSE,"CD8 Tem"
-0.0234908951589117,10.8390764789975,0.0733030987484927,0.786586920416987,0.975317453174995,3279,0.974685841829473,FALSE,"CD8 Tem"
0.0453306273263026,10.7991943583539,0.463421536494143,0.496029529577943,0.841062100644191,3280,0.841770850015979,FALSE,"CD8 Tem"
0.0439374398285412,10.8436638938882,0.298780577992854,0.608004198718851,0.907220950437234,3281,0.90724261069914,FALSE,"CD8 Tem"
0.100212468251319,10.8377984557152,1.91965256273237,0.214994380316058,0.595905097084529,3282,0.598848038515128,FALSE,"CD8 Tem"
0.235493689441252,11.0579322154126,8.10524942844922,0.00441388989081021,0.141325857900209,3283,0.146015505600471,FALSE,"CD8 Tem"
-0.0486247209344085,10.889145468646,0.416468238197095,0.518704878329489,0.854446009343109,3284,0.85541315722522,FALSE,"CD8 Tem"
0.0135677048532074,10.847639829508,0.02656098404328,0.921331477889122,0.998052981074555,3285,0.997419013883782,FALSE,"CD8 Tem"
0.0141058579739199,10.8670498591631,0.00668643739176457,0.934829134672265,0.998052981074555,3286,0.997419013883782,FALSE,"CD8 Tem"
0.201925470763308,10.832976283891,7.06981999432036,0.0548622995096336,0.361059233872537,3287,0.365964506000071,FALSE,"CD8 Tem"
0.0235218053335857,10.8664739857825,0.0685493891601571,0.869264518038283,0.996045645084025,3288,0.994988063406869,FALSE,"CD8 Tem"
0.170509665185666,10.8865597784356,5.37867652790378,0.0203847043435822,0.242705906983609,3289,0.248523388346185,FALSE,"CD8 Tem"
0.12687257374199,11.0826722938919,2.32905941678937,0.996757974154851,0.999555952465987,3290,0.999488816091444,FALSE,"CD8 Tem"
0.0895870760291755,10.8665078591963,1.90659472530312,0.2031996799661,0.584388947291884,3291,0.587755887739446,FALSE,"CD8 Tem"
0.0834124258438284,10.9918363169753,1.00202376693118,0.624628764062139,0.919059911943374,3292,0.919085660381416,FALSE,"CD8 Tem"
0.0621561567272262,11.021896785062,0.374230855853883,0.735342735536998,0.96214215890554,3293,0.961738479072421,FALSE,"CD8 Tem"
0.125188657566881,10.9124573364937,2.62538356745249,0.160008740761321,0.544006325497735,3294,0.548769887460999,FALSE,"CD8 Tem"
0.142349369310471,10.9343734755502,3.44381482695097,0.142673469300827,0.517285720909063,3295,0.52174550618681,FALSE,"CD8 Tem"
-0.101115682826753,10.7901873243124,2.28532275632576,0.130603551284172,0.505210424804994,3296,0.509620538549964,FALSE,"CD8 Tem"
0.102083501200568,10.8209141266565,2.56770321018941,0.109066561966037,0.47056454518,3297,0.4755897798121,FALSE,"CD8 Tem"
0.0352573941740618,11.0310313235198,0.31267053265773,0.84420143150735,0.993853213321784,3298,0.992660762308472,FALSE,"CD8 Tem"
0.0553513425863499,10.863708922082,0.756824365939496,0.659886148394613,0.929231891512919,3299,0.928722375721776,FALSE,"CD8 Tem"
0.181387446519459,11.1078052508148,4.68527494645208,0.0304226280756456,0.28935714351703,3300,0.294091885671687,FALSE,"CD8 Tem"
0.0926924854914311,10.8848255345501,1.43085120411065,0.281952739992533,0.66515833235115,3301,0.667972450729938,FALSE,"CD8 Tem"
0.0253106979822595,10.933818384779,0.189245307699955,0.663545657437454,0.931980487042104,3302,0.931551799415235,FALSE,"CD8 Tem"
0.189177284249926,10.8897116124385,6.27195711851965,0.0122666483458188,0.205401034996068,3303,0.210306549201827,FALSE,"CD8 Tem"
-0.0251048025529913,10.8935063863494,0.109395983399887,0.740832977969759,0.963714602055123,3304,0.96320581145342,FALSE,"CD8 Tem"
0.12959054204404,10.7871889577021,2.68828423835919,0.155134971507806,0.53885941186169,3305,0.543680676659689,FALSE,"CD8 Tem"
0.113438287591043,10.8170227579799,2.74676145607941,0.290292772354059,0.671872870789157,3306,0.674405708762762,FALSE,"CD8 Tem"
0.0109551853539611,11.0584930511291,0.0175889245441654,0.89449139869682,0.998052981074555,3307,0.997419013883782,FALSE,"CD8 Tem"
-0.039321631689946,10.8036448712471,0.338375172065576,0.586321406573723,0.898510992413307,3308,0.898735883806317,FALSE,"CD8 Tem"
-0.0211033375812411,10.9210636545512,0.0345382495890871,0.852566625020463,0.99428967969476,3309,0.993016433540451,FALSE,"CD8 Tem"
0.0716985750386007,10.8841093840063,1.09576327836611,0.329897717518845,0.706718064262907,3310,0.708624245752453,FALSE,"CD8 Tem"
0.165218541137801,10.7750909023115,8.13243715413573,0.0126199413968984,0.205401034996068,3311,0.210342218626227,FALSE,"CD8 Tem"
0.0835805573580092,10.9188834306033,1.20340317155973,0.696552228101324,0.944418839109854,3312,0.944461858178249,FALSE,"CD8 Tem"
-0.0298979533818451,10.9214882080908,0.179434037316098,0.905628275397262,0.998052981074555,3313,0.997419013883782,FALSE,"CD8 Tem"
0.204704768232778,10.8753419545981,6.97575222892704,0.0175717647773168,0.231753481548512,3314,0.237259251746826,FALSE,"CD8 Tem"
0.0627258842337261,10.877323632976,0.556130012290564,0.455824057695324,0.812913537661887,3315,0.81348561169483,FALSE,"CD8 Tem"
0.0873344231526338,10.8786931939724,1.46084547492451,0.226796169949539,0.606223555422589,3316,0.609243256218417,FALSE,"CD8 Tem"
0.123714227356214,10.85803293425,1.86176470341454,0.172421830535732,0.562537079781247,3317,0.566491019447044,FALSE,"CD8 Tem"
0.111684435726237,10.9593163533025,2.39764534740927,0.171878018258772,0.562162815451959,3318,0.566358783665102,FALSE,"CD8 Tem"
-0.0252498905095403,10.9887080035456,0.0639704898978335,0.800327129999582,0.983180528692038,3319,0.982599005378692,FALSE,"CD8 Tem"
0.0617831475892878,10.8321940426973,0.681934480199799,0.408921749784412,0.777871189467199,3320,0.778757799313403,FALSE,"CD8 Tem"
0.0337265220286158,10.790926313347,0.662299016962943,0.415749831376143,0.78363797275232,3321,0.784412444247541,FALSE,"CD8 Tem"
0.0753467399121873,10.8304505675113,0.826962132155586,0.366766689779281,0.740699901938095,3322,0.742446787134432,FALSE,"CD8 Tem"
0.164125335215018,10.8159456313837,7.06076369969493,0.0194042706136801,0.242356555126474,3323,0.248048000084649,FALSE,"CD8 Tem"
0.0412254532492303,10.9483829750358,0.286794727294615,0.896813511453579,0.998052981074555,3324,0.997419013883782,FALSE,"CD8 Tem"
0.117806455674972,11.1430189784302,2.00281098337156,0.1622498154778,0.548817375845269,3325,0.553303626648504,FALSE,"CD8 Tem"
0.165363010564348,10.9771019738909,4.35217119362521,0.0369622604623352,0.318354580389484,3326,0.322902071480487,FALSE,"CD8 Tem"
0.0988324620518576,10.9854282391256,1.52495834352959,0.450079606985921,0.808756131107036,3327,0.809408850445616,FALSE,"CD8 Tem"
0.057681607695281,11.1290969724236,0.547831095431998,0.459205583342066,0.815463881778145,3328,0.816042935829816,FALSE,"CD8 Tem"
0.00114635774192245,10.9892383362331,0.00133759928278367,0.970825322408593,0.999555952465987,3329,0.99933775641114,FALSE,"CD8 Tem"
0.0428838235131974,10.7648580130448,0.333134936097574,0.563819167779438,0.88353199101825,3330,0.883920494276253,FALSE,"CD8 Tem"
0.104276888311543,10.7632513998042,2.47346347203758,0.115783123246794,0.484809317451676,3331,0.489452552934118,FALSE,"CD8 Tem"
0.0628006807179453,10.9553751096586,0.64851509800332,0.672172816150892,0.934198289144937,3332,0.933615819388617,FALSE,"CD8 Tem"
0.0462476542908346,10.8073909531644,0.439601480564347,0.507315147287985,0.8478342616013,3333,0.848644948331636,FALSE,"CD8 Tem"
0.124624553797949,10.8274237408717,2.25248241368075,0.254020113779781,0.632424023586605,3334,0.635278965679677,FALSE,"CD8 Tem"
0.190557240918715,10.7996618305314,5.62532502668897,0.0177031286559924,0.232591105590453,3335,0.238165750562253,FALSE,"CD8 Tem"
0.073698367643128,10.7535300472845,1.17447546952019,0.414417953611467,0.783021418855625,3336,0.783680340692402,FALSE,"CD8 Tem"
0.0282550897587569,10.8020648457314,0.00185842097681456,0.965614336341786,0.999555952465987,3337,0.99933775641114,FALSE,"CD8 Tem"
0.0926748296109913,10.864775732839,1.85306464327876,0.173427942165721,0.562597624088973,3338,0.566583092897874,FALSE,"CD8 Tem"
0.0956565435355742,10.8747835435742,1.5183026078613,0.217877072488849,0.598901393003443,3339,0.601845315635894,FALSE,"CD8 Tem"
0.00893178027655187,10.7668399323102,0.0883724644993116,0.766256630045902,0.970648162533933,3340,0.969932820526043,FALSE,"CD8 Tem"
0.110034558492307,10.8188520803138,2.14166836737438,0.14334650151558,0.518432798249581,3341,0.522919060733196,FALSE,"CD8 Tem"
0.0842159494892123,10.7801300882018,1.22540684635282,0.268302649618307,0.649258909143988,3342,0.651880441806952,FALSE,"CD8 Tem"
0.109787170857561,10.8613043212817,2.19749420680718,0.138235868098375,0.512298822729517,3343,0.516599424489235,FALSE,"CD8 Tem"
0.143357978894698,11.0166045802629,3.29616337664257,0.069442449895746,0.39309307977166,3344,0.398045034946192,FALSE,"CD8 Tem"
0.0805123295442453,11.0887262619967,0.981965803491673,0.321714403001786,0.70280581713568,3345,0.704800742800634,FALSE,"CD8 Tem"
0.0789297694986889,10.8183869488491,1.04333677839912,0.307047147503179,0.685586309667444,3346,0.687686446062484,FALSE,"CD8 Tem"
0.026012400290485,10.7877667568734,0.107997944087498,0.742435188838461,0.963810240629524,3347,0.963290442012406,FALSE,"CD8 Tem"
0.306895103801491,10.8524713402181,17.1599811893391,0.000937133590459616,0.0688561690101119,3348,0.0716244256243348,TRUE,"CD8 Tem"
0.0170440004548099,10.8116078611473,0.0123520428298122,0.911505573307176,0.998052981074555,3349,0.997419013883782,FALSE,"CD8 Tem"
0.0551505856768419,10.9057175081794,0.731865397685616,0.911596809159769,0.998052981074555,3350,0.997419013883782,FALSE,"CD8 Tem"
0.145238094933853,10.7746041367702,5.34650003680706,0.0585845864142574,0.371728392104654,3351,0.37664423950702,FALSE,"CD8 Tem"
0.0355060347929518,10.9266753371103,0.102153032550585,0.874384777689408,0.998052981074555,3352,0.997196667792019,FALSE,"CD8 Tem"
0.200010412484363,10.9225013450762,6.51527747132812,0.0106954339012051,0.195077837410583,3353,0.199706582165948,FALSE,"CD8 Tem"
0.00626000034357545,10.8250299702491,0.0184593627875586,0.891927867231176,0.998052981074555,3354,0.997419013883782,FALSE,"CD8 Tem"
0.0457738439209063,11.2007569216439,0.216725803367938,0.641546283396521,0.925506130296904,3355,0.925686069146224,FALSE,"CD8 Tem"
-0.0599880024873028,10.847407032542,0.882516574187223,0.347513752288418,0.724636994448423,3356,0.726366900786645,FALSE,"CD8 Tem"
-0.0184834538551143,10.8921040649142,0.284775304890172,0.593588476166523,0.901375254684607,3357,0.901610060627415,FALSE,"CD8 Tem"
0.118382908555824,10.9281789695018,2.38061886333878,0.122849452913349,0.493590468764651,3358,0.497814351747457,FALSE,"CD8 Tem"
0.126102647473844,10.913581406878,2.44096749187494,0.11820388242256,0.48690754790225,3359,0.491179210594834,FALSE,"CD8 Tem"
0.0533288570024279,10.8008710092509,0.876721162267885,0.744697546460816,0.96478782411957,3360,0.964406466172227,FALSE,"CD8 Tem"
0.294872798419256,10.8006113702227,17.1127551539955,0.000299871871863989,0.0371184170601057,3361,0.0385177421221443,TRUE,"CD8 Tem"
-0.0108231509492851,10.8142115754004,0.0216131180952956,0.883121019352888,0.998052981074555,3362,0.997419013883782,FALSE,"CD8 Tem"
-0.0116916351847845,10.8440538744165,0.0411208723601509,0.901280879555654,0.998052981074555,3363,0.997419013883782,FALSE,"CD8 Tem"
0.0599771550338572,11.021136445699,0.598992315079959,0.709991479480655,0.951111922553361,3364,0.951008953137961,FALSE,"CD8 Tem"
0.134188018429755,10.7972460216573,6.45241986397131,0.0391865621711973,0.32250569491522,3365,0.327126191349265,FALSE,"CD8 Tem"
0.0393054222759558,11.0752942486826,0.264906539268521,0.825263657183405,0.990737031990802,3366,0.989893884974023,FALSE,"CD8 Tem"
0.0732141197808697,10.8446086075489,1.35139914017904,0.245034175933939,0.624131501619082,3367,0.627223983029674,FALSE,"CD8 Tem"
0.109551922469851,10.8054982835757,2.32085442285506,0.162219016544062,0.548817375845269,3368,0.553303626648504,FALSE,"CD8 Tem"
0.102710994529233,10.8660135399069,1.36278200737422,0.243056428292813,0.621470834518898,3369,0.624593617191652,FALSE,"CD8 Tem"
0.0318413195614666,10.8104375619558,0.357714777943763,0.95184981881139,0.998155886516222,3370,0.997808704959348,FALSE,"CD8 Tem"
0.0933800526876392,10.8406018925524,2.45609432055155,0.380830993241888,0.749574671844274,3371,0.750988672958161,FALSE,"CD8 Tem"
0.044555150014022,10.7665300845911,0.62405245212233,0.762849403792935,0.970648162533933,3372,0.969932820526043,FALSE,"CD8 Tem"
0.0685130553271505,11.038424338941,0.881158298165938,0.598886036678604,0.902598495331234,3373,0.902846830612876,FALSE,"CD8 Tem"
-0.02933095508377,10.7773620893265,0.00999023336583224,0.920383140734401,0.998052981074555,3374,0.997419013883782,FALSE,"CD8 Tem"
-0.119176029622235,10.8242904214562,2.52185629762275,0.24335544167306,0.621551981999671,3375,0.624680575845434,FALSE,"CD8 Tem"
0.148566256858483,10.8979226410049,3.71610336117988,0.0683658106458625,0.392004651373894,3376,0.396975663954345,FALSE,"CD8 Tem"
0.0388210651420579,11.2066250848415,0.202475292648907,0.652730415359137,0.927632396570189,3377,0.927184458408043,FALSE,"CD8 Tem"
-0.0603329360159353,11.008551408995,0.388548721088864,0.533063504836151,0.864161157543722,3378,0.86472130339246,FALSE,"CD8 Tem"
-0.0353066866799271,10.9386699931183,0.201291283459137,0.653680750567257,0.927632396570189,3379,0.927184458408043,FALSE,"CD8 Tem"
0.0730798309106848,11.1155182813669,1.04714729036447,0.306165462383,0.684932931959275,3380,0.68707098373775,FALSE,"CD8 Tem"
-0.0262533405940827,10.7608246155695,0.603603229154427,0.648078104794182,0.927632396570189,3381,0.927184458408043,FALSE,"CD8 Tem"
0.113920038830049,10.8277057737628,2.18054597457151,0.24538331681836,0.62422738582458,3382,0.627346786657868,FALSE,"CD8 Tem"
0.139881645177523,10.8212625459628,4.3974201168084,0.042262933104537,0.333874166694882,3383,0.339097074433558,FALSE,"CD8 Tem"
0.0458314959958184,10.9756802987007,0.726679851523684,0.980701777538253,0.999555952465987,3384,0.99933775641114,FALSE,"CD8 Tem"
0.210560264299283,10.83803272325,8.79225319102389,0.00302525500491607,0.12138056036742,3385,0.125540202456827,FALSE,"CD8 Tem"
0.135795716813061,10.8318854785785,3.94205252143409,0.053590596936262,0.359935552420026,3386,0.364869525527888,FALSE,"CD8 Tem"
0.184932947032613,10.9624990038899,5.12166514614361,0.0236293250228156,0.260628881178193,3387,0.26615781351719,FALSE,"CD8 Tem"
0.164739921922767,10.786863554676,6.68092506102613,0.0404709313878584,0.326956462488688,3388,0.331875920639032,FALSE,"CD8 Tem"
0.0208450509113877,10.8538785072748,0.00663055268643477,0.935101448613098,0.998052981074555,3389,0.997419013883782,FALSE,"CD8 Tem"
0.167329403477191,10.7818657812639,5.79362077682144,0.0766956281671225,0.410884637396311,3390,0.41590239617105,FALSE,"CD8 Tem"
0.0591942474477531,11.024937700781,0.506859063405524,0.47650201901684,0.825097129727224,3391,0.825414334000891,FALSE,"CD8 Tem"
0.151973235546952,11.1438302486067,3.63385989354997,0.0566158949722723,0.36573727860538,3392,0.37048284329554,FALSE,"CD8 Tem"
0.0220176698161184,11.0753237546811,0.0670322158487274,0.967069216934286,0.999555952465987,3393,0.99933775641114,FALSE,"CD8 Tem"
0.0183116205235856,10.9348257038586,0.094352536261726,0.758715177608254,0.970221455112363,3394,0.969872171999512,FALSE,"CD8 Tem"
-0.0147931610087603,10.8449271562819,0.0495678864206675,0.823816979972057,0.989770193906614,3395,0.98892814648977,FALSE,"CD8 Tem"
0.140080740653319,10.8645200226046,3.12979481080455,0.177938513878896,0.56801100072117,3396,0.572032008874579,FALSE,"CD8 Tem"
0.0239048752852772,10.8819517089721,0.169743344241786,0.680340168821419,0.936726502424044,3397,0.936442411439238,FALSE,"CD8 Tem"
0.170741788525426,10.8913857823007,4.76446322752847,0.0290535432310362,0.283287273726518,3398,0.28841452169855,FALSE,"CD8 Tem"
0.10352284162095,10.8672466936572,1.46617187879414,0.22595118346138,0.606054760253102,3399,0.609147309574438,FALSE,"CD8 Tem"
0.0383929822558746,10.9828196836503,0.259602795458499,0.752057277547577,0.965703785073184,3400,0.965323897931631,FALSE,"CD8 Tem"
-0.207492838420674,10.7817637726152,6.99395981909459,0.00817875685126063,0.171348640158618,3401,0.175533404150049,FALSE,"CD8 Tem"
0.178080332188527,10.9558879386958,4.5569127205456,0.0327865690135649,0.299588079532594,3402,0.303737240473374,FALSE,"CD8 Tem"
0.0265458682435811,11.0091856287815,0.0754876394876599,0.988014264355062,0.999555952465987,3403,0.99933775641114,FALSE,"CD8 Tem"
0.093030436655986,10.9554094871222,1.53109263754835,0.364956264299446,0.739290760129234,3404,0.741085458886392,FALSE,"CD8 Tem"
0.228531000082254,10.979696367764,8.83437794197181,0.00344918884304073,0.12833741847186,3405,0.132871270664883,FALSE,"CD8 Tem"
0.026615038867111,11.0638055337034,0.117344265520142,0.731933022271913,0.961101210216451,3406,0.960869789806102,FALSE,"CD8 Tem"
0.117834573764764,10.9404453967116,2.43820676390795,0.118412104125827,0.48690754790225,3407,0.491179210594834,FALSE,"CD8 Tem"
-0.0870069304145809,10.8557959082294,1.66475788138963,0.196962695020338,0.579995084334507,3408,0.583373446113157,FALSE,"CD8 Tem"
-0.0116990653137235,10.9532069552374,0.0496797807954383,0.874209546623361,0.998052981074555,3409,0.997196667792019,FALSE,"CD8 Tem"
0.0830691664202046,10.7857951789296,1.80224140655307,0.179442315810453,0.568132206150046,3410,0.572044926624278,FALSE,"CD8 Tem"
0.117353705046147,11.0020801690245,2.24566316251419,0.265663891116048,0.647251313557223,3411,0.649961907847398,FALSE,"CD8 Tem"
0.139245949370936,10.8606177730997,3.02409741432238,0.219962127228908,0.600730389748474,3412,0.603695343564643,FALSE,"CD8 Tem"
0.0854995780635954,10.9215592505915,0.636670119810861,0.424919521669833,0.788313001709769,3413,0.789149002915426,FALSE,"CD8 Tem"
0.0599825718223734,11.0387014481878,0.874309134528591,0.349765528789483,0.727205844613271,3414,0.728925576113693,FALSE,"CD8 Tem"
0.115526949125651,11.1583915131966,2.47018189534613,0.457870521099315,0.814673218681299,3415,0.815238067681623,FALSE,"CD8 Tem"
0.0285367747213891,11.0375555272226,0.152586403589687,0.696076003731309,0.944418839109854,3416,0.944461858178249,FALSE,"CD8 Tem"
0.17131646415663,10.9808772091065,4.99766471296129,0.02538194679825,0.26828510199018,3417,0.273496864663059,FALSE,"CD8 Tem"
0.0757540157406701,10.9309310219519,1.02423364143759,0.432377290605658,0.794262357883609,3418,0.794961324214617,FALSE,"CD8 Tem"
0.0900240981992497,10.8457042889996,1.64817330675668,0.199208282889633,0.581999514295358,3419,0.58536801466293,FALSE,"CD8 Tem"
-0.0322632455068845,11.0084070514725,0.185786968842002,0.666446636893384,0.932223551335678,3420,0.931750318465161,FALSE,"CD8 Tem"
0.0603758459764312,10.8312519644864,0.772097101635131,0.379569465996541,0.749270925868036,3421,0.750735508231391,FALSE,"CD8 Tem"
-0.0103375247976104,10.8272172071874,0.0790430664892708,0.918067563290247,0.998052981074555,3422,0.997419013883782,FALSE,"CD8 Tem"
0.0496371489295914,11.0862556562766,0.387309384044878,0.533717365901151,0.864913567252451,3423,0.865404678658211,FALSE,"CD8 Tem"
0.113289961701196,10.9405358662971,2.50176682432194,0.113719236237594,0.48053833337896,3424,0.485181923249982,FALSE,"CD8 Tem"
0.0631242639875172,10.8245826940562,0.907605964254514,0.996090440405388,0.999555952465987,3425,0.999488816091444,FALSE,"CD8 Tem"
0.207778460527201,10.8975216307505,7.38508490572277,0.00657690457555097,0.169001012049103,3426,0.172860009606877,FALSE,"CD8 Tem"
0.131041478000345,11.0378789811326,2.57985373305133,0.108232242951785,0.470016957954016,3427,0.474885622832895,FALSE,"CD8 Tem"
-0.124106133259197,10.7968467796562,1.63570580213737,0.200916214208404,0.583095536723068,3428,0.586475712242977,FALSE,"CD8 Tem"
-0.0315902062195127,10.8175740942175,0.246219309482762,0.619750049892737,0.915065867317816,3429,0.915143222270583,FALSE,"CD8 Tem"
0.110079712856208,10.7822734012191,2.48187017653555,0.286901476052205,0.669196973479843,3430,0.672026510939933,FALSE,"CD8 Tem"
-0.0195763631093258,10.8342283923323,0.0348152557076509,0.85198338014778,0.994123106138315,3431,0.992964235102643,FALSE,"CD8 Tem"
0.00888953722457337,10.8551574610994,0.0176121555206614,0.89442215305527,0.998052981074555,3432,0.997419013883782,FALSE,"CD8 Tem"
-0.033404425822523,10.9718021165293,0.23982699325351,0.752132009104634,0.965703785073184,3433,0.965323897931631,FALSE,"CD8 Tem"
0.31523403311584,10.8538016034835,17.9209642370731,0.000177057405726806,0.0304997775568656,3434,0.0318903173277319,TRUE,"CD8 Tem"
-0.0215253691518284,10.7933705628517,0.309458950403868,0.578012613619991,0.89313510496564,3435,0.893242871971805,FALSE,"CD8 Tem"
-0.0215930697974681,10.7672360473422,0.0920067736829946,0.903277900830339,0.998052981074555,3436,0.997419013883782,FALSE,"CD8 Tem"
0.0812379814567084,10.9123794043183,1.06202224292473,0.508660835047975,0.849472726681555,3437,0.850247113413576,FALSE,"CD8 Tem"
-0.0247005186444645,10.8267318609796,0.0531974613222099,0.817590110180571,0.986399372700534,3438,0.985671373657924,FALSE,"CD8 Tem"
0.0941616414325349,10.9091660666604,1.4504979727912,0.228448589204179,0.607173567870199,3439,0.610083372596426,FALSE,"CD8 Tem"
0.0762093906873527,10.7770154750268,1.52881849471644,0.216290387912999,0.596950043456387,3440,0.599878381970896,FALSE,"CD8 Tem"
0.195855033315869,10.9604988555292,6.2540343659126,0.0123913690712074,0.205401034996068,3441,0.210306549201827,FALSE,"CD8 Tem"
0.137975499406261,10.8859818583483,3.56745136635762,0.146666614898033,0.523118424762846,3442,0.527629009282391,FALSE,"CD8 Tem"
0.0873235809989757,10.9658512375581,2.13636832841784,0.657518088492145,0.928108233559018,3443,0.927604573007048,FALSE,"CD8 Tem"
-0.0192019710483318,11.0174311346265,0.149438274053532,0.699072893796029,0.94527303557791,3444,0.945258146056631,FALSE,"CD8 Tem"
0.0127688417068356,10.7932549328614,0.0209807026235843,0.884831592371863,0.998052981074555,3445,0.997419013883782,FALSE,"CD8 Tem"
-0.00831399740189755,10.7584222714309,0.0268012891769203,0.899776719333335,0.998052981074555,3446,0.997419013883782,FALSE,"CD8 Tem"
0.149344508507819,11.0272538196443,2.9522682764104,0.0857576840687412,0.427917477706951,3447,0.432711273802828,FALSE,"CD8 Tem"
0.119980622117063,11.0107031408567,2.20747758522239,0.137343655556115,0.511808288764961,3448,0.516118931760863,FALSE,"CD8 Tem"
0.199400037512467,10.750228736414,11.3611342840567,0.0175895461162384,0.231753481548512,3449,0.237259251746826,FALSE,"CD8 Tem"
0.12010222710821,10.856081999908,2.71433157147752,0.099451198974582,0.453477967089001,3450,0.45856058507315,FALSE,"CD8 Tem"
0.0178441798657561,10.9505077838559,0.0912279619656192,0.980716891501929,0.999555952465987,3451,0.99933775641114,FALSE,"CD8 Tem"
0.142377431793446,10.9123232257183,3.48988459290301,0.0617454261769044,0.376439717295839,3452,0.381386023832043,FALSE,"CD8 Tem"
0.0103237847855185,10.8636270164775,0.0168710868340364,0.932933558300903,0.998052981074555,3453,0.997419013883782,FALSE,"CD8 Tem"
-0.0190690857874033,10.8037051127552,0.000854289601646981,0.976682574925617,0.999555952465987,3454,0.99933775641114,FALSE,"CD8 Tem"
0.0671586200126102,10.8015630120391,1.02871612528688,0.310460854714169,0.688909081715459,3455,0.691113007366218,FALSE,"CD8 Tem"
0.136722483074447,10.8355954650701,3.80656353283861,0.0837489411094707,0.423387309891466,3456,0.42819224708971,FALSE,"CD8 Tem"
0.0436060922465428,10.9260216269677,0.368330798094962,0.57936356045047,0.894034478983124,3457,0.894131843936315,FALSE,"CD8 Tem"
0.0261814174484305,10.827417862159,0.20661403117426,0.773188559357396,0.970648162533933,3458,0.969932820526043,FALSE,"CD8 Tem"
0.103569315671362,10.9280447791389,2.20679218364313,0.137404702984715,0.511808288764961,3459,0.516118931760863,FALSE,"CD8 Tem"
-0.000816003501604032,10.896512874803,0.00332267742776711,0.954033281418618,0.998792738272799,3460,0.998419183355519,FALSE,"CD8 Tem"
0.0332616046084389,10.8660142306626,0.232793024228847,0.629460726415183,0.920925397469964,3461,0.921166658347433,FALSE,"CD8 Tem"
0.16371392887675,10.828502735196,4.7888710179556,0.0723431293417742,0.399131547530951,3462,0.403933687186551,FALSE,"CD8 Tem"
0.116106044518296,10.8046661233407,2.64493163149033,0.194904258803297,0.577756346522711,3463,0.581389880532317,FALSE,"CD8 Tem"
0.0703509297857429,10.9290944600281,0.96301991760876,0.64436252567141,0.926694529034548,3464,0.926875873453469,FALSE,"CD8 Tem"
-0.104429770079319,10.8242823171533,1.68717118493704,0.193974839751201,0.576599573945387,3465,0.580113962772058,FALSE,"CD8 Tem"
0.175348988421554,10.8152917019199,4.33683949129278,0.0372965605442755,0.319372605164999,3466,0.323899664515908,FALSE,"CD8 Tem"
0.15000195202376,10.7867949351098,4.63227421113897,0.0341052988400943,0.307123260647271,3467,0.311622130766008,FALSE,"CD8 Tem"
0.0927894484583378,10.8592301339003,1.55444756482124,0.212480595700777,0.594297843838547,3468,0.597476038939469,FALSE,"CD8 Tem"
0.00017440222475159,10.8891916619376,8.5809540220365e-07,0.999260892537296,0.999760546979964,3469,0.99976067537197,FALSE,"CD8 Tem"
0.0451907932417917,10.8278238990675,0.336030160969524,0.562129940768489,0.881971363991277,3470,0.882350600045945,FALSE,"CD8 Tem"
0.160854964971355,10.8882648135669,5.14699526340533,0.0713551279305584,0.396233368022513,3471,0.40103065408849,FALSE,"CD8 Tem"
-0.103116420429498,10.7672176135285,2.74927946590717,0.349330155935642,0.726950584007459,3472,0.728693783743761,FALSE,"CD8 Tem"
0.0398776313226832,10.9913259397287,0.471880269620459,0.492123718770102,0.838105974368269,3473,0.83868045040506,FALSE,"CD8 Tem"
-0.0310687605965746,10.7994839659611,0.309109974664227,0.897701293830718,0.998052981074555,3474,0.997419013883782,FALSE,"CD8 Tem"
0.142856761764057,10.862392010613,3.41414296445994,0.0646405123763364,0.382145098966968,3475,0.387189284090815,FALSE,"CD8 Tem"
0.0671734911834417,10.7868947777747,0.686208691324821,0.407457310137884,0.775918622640816,3476,0.776808197620374,FALSE,"CD8 Tem"
0.082238158273391,10.853020294008,0.577709670925716,0.447211788958211,0.807420671394026,3477,0.80806755640102,FALSE,"CD8 Tem"
0.0405391605199174,10.9170490826736,0.221662305077136,0.637776422622796,0.92350502541053,3478,0.923690746191117,FALSE,"CD8 Tem"
0.0503657195041035,10.8554723205408,0.310500796953083,0.783522451809462,0.973176725038822,3479,0.972570558146486,FALSE,"CD8 Tem"
0.119273742022481,10.781688083608,3.17608507402614,0.0747241215042391,0.408392349137739,3480,0.413179449221985,FALSE,"CD8 Tem"
0.122685232837833,10.8148915278832,3.2155837661073,0.450197725959174,0.808756131107036,3481,0.809408850445616,FALSE,"CD8 Tem"
0.226415728970074,10.984144588527,7.39556695151961,0.00653868869727557,0.168952450727937,3482,0.172860009606877,FALSE,"CD8 Tem"
0.0392792726665026,10.860750361541,0.2858427485937,0.622221136754315,0.917099847198325,3483,0.917138006946507,FALSE,"CD8 Tem"
-0.0124145586486756,10.9590521094206,0.0479301962787204,0.826704923194929,0.990980566438045,3484,0.99008347508365,FALSE,"CD8 Tem"
0.0637654632891656,10.8052388493972,0.807138578827372,0.368967982798314,0.74277754282985,3485,0.744450755034153,FALSE,"CD8 Tem"
0.0253103255413383,10.9743073403673,0.0852978142461463,0.770242469809924,0.970648162533933,3486,0.969932820526043,FALSE,"CD8 Tem"
0.0855512080767592,10.8440514044612,0.230954846143926,0.752464097421031,0.965703785073184,3487,0.965323897931631,FALSE,"CD8 Tem"
0.189589921576214,11.0686378835884,5.55127649244777,0.0184675669265779,0.236731315708715,3488,0.242199764357736,FALSE,"CD8 Tem"
0.0685164308271714,10.8822973391881,0.709979779053945,0.399450895172767,0.767030073771831,3489,0.767913186660818,FALSE,"CD8 Tem"
0.087918187734511,10.985598344827,1.40307103532834,0.236210572643144,0.613751605230872,3490,0.616472707636923,FALSE,"CD8 Tem"
-0.0677372559216609,10.8707741790936,0.738597819239918,0.390110795727882,0.759801218982571,3491,0.761035993013003,FALSE,"CD8 Tem"
0.108309224503077,10.8416611155941,2.218496161722,0.163477667913852,0.551382534662034,3492,0.555856691212181,FALSE,"CD8 Tem"
0.236798303063542,10.8570110555093,10.4980629044105,0.00119506931028365,0.0829592143601383,3493,0.0865760093094381,TRUE,"CD8 Tem"
0.0196419737115523,10.8242656837018,0.00617313848252818,0.937375217844909,0.998052981074555,3494,0.997419013883782,FALSE,"CD8 Tem"
0.0715659959839703,10.8398912325881,0.773285532655271,0.643045592800653,0.92644527787661,3495,0.926703935415236,FALSE,"CD8 Tem"
0.0975141000710449,10.9309754057308,1.41224895723653,0.286611571865244,0.669095336774574,3496,0.671903633255226,FALSE,"CD8 Tem"
0.0263003089140719,10.793723304695,0.214590371614029,0.643193249250392,0.92644527787661,3497,0.926703935415236,FALSE,"CD8 Tem"
0.191541194956575,10.9683837573246,5.93779691188386,0.0148198498314202,0.223829413848177,3498,0.22813072489365,FALSE,"CD8 Tem"
0.29631383131214,10.8250978203847,13.5994845333537,0.00030241171917884,0.0371184170601057,3499,0.0385177421221443,TRUE,"CD8 Tem"
0.152467638327761,10.7779948619438,6.3730382811521,0.0172679026626123,0.231753481548512,3500,0.237242506178884,FALSE,"CD8 Tem"
0.103948442057255,10.9036315671749,2.01772822370303,0.155472165460509,0.539225236060274,3501,0.544046524686579,FALSE,"CD8 Tem"
0.0656631520109699,10.9270226386135,0.398683415226353,0.65570929294146,0.927632396570189,3502,0.927184458408043,FALSE,"CD8 Tem"
0.0908805745918434,10.909187516345,1.35287550024502,0.331870019354235,0.707528340379562,3503,0.709423133936967,FALSE,"CD8 Tem"
-0.0335792814029711,10.8820649648639,0.123076070269534,0.851808005529071,0.994123106138315,3504,0.992964235102643,FALSE,"CD8 Tem"
0.0449157187890822,10.7873417319036,0.615141341872789,0.541988192176743,0.868586194254314,3505,0.86910319356277,FALSE,"CD8 Tem"
0.135927499681631,10.8420530458696,3.16993836945844,0.0750058343814878,0.408491962187704,3506,0.413398079883953,FALSE,"CD8 Tem"
0.0960714273593294,10.8740832469262,1.46249088041963,0.226534736537554,0.606223555422589,3507,0.609243256218417,FALSE,"CD8 Tem"
0.273127439466192,10.8833299058253,14.9631522028602,0.000109643958856459,0.0240783488969809,3508,0.0249574404194535,TRUE,"CD8 Tem"
-0.0555273380861292,11.0471820325097,0.406858083852606,0.52356880950478,0.858806672494498,3509,0.859714948984055,FALSE,"CD8 Tem"
-0.0923202253278363,10.9374977797266,1.63099383309293,0.251653067500432,0.63115865840815,3510,0.634124851556973,FALSE,"CD8 Tem"
0.0989038084394812,10.9799514495121,1.8478404409463,0.359501679894272,0.736537983955015,3511,0.738182125543763,FALSE,"CD8 Tem"
0.106710273532526,10.8556395986386,2.514243081434,0.112822374518134,0.478338070997121,3512,0.483063338930608,FALSE,"CD8 Tem"
-0.0550682754151964,10.9691059512006,0.413333671154365,0.536523291636679,0.8655496595729,3513,0.866189408133301,FALSE,"CD8 Tem"
-0.000191784375453164,10.9332027250326,0.021527120965591,0.883352110796194,0.998052981074555,3514,0.997419013883782,FALSE,"CD8 Tem"
0.132262846759179,10.8088483672799,4.3416428833281,0.228942872024972,0.607423444260209,3515,0.610272934936449,FALSE,"CD8 Tem"
-0.0435760468880886,10.8314687912153,0.118557940588976,0.957395180578068,0.999555952465987,3516,0.999247718254085,FALSE,"CD8 Tem"
-0.0378284720869357,10.8905518220172,0.213312752553492,0.644183385613723,0.926694529034548,3517,0.926875873453469,FALSE,"CD8 Tem"
0.0495345351698721,10.8999363022454,1.00261391664203,0.398710769763923,0.767030073771831,3518,0.767913186660818,FALSE,"CD8 Tem"
0.0279558910362768,10.9838214223376,0.133712351966468,0.960641112128956,0.999555952465987,3519,0.99933775641114,FALSE,"CD8 Tem"
-0.0795114856742352,10.8072882914977,1.2779991128868,0.258271896368424,0.638488835195805,3520,0.641171250443354,FALSE,"CD8 Tem"
0.0845927727273958,10.9669826659964,0.984767131346504,0.321025146594977,0.70280581713568,3521,0.704800742800634,FALSE,"CD8 Tem"
0.0742173980701313,10.910304048135,1.26342729167671,0.340862091014429,0.718753359458977,3522,0.720654396079777,FALSE,"CD8 Tem"
0.0320367312998173,10.7975979788648,0.161006738666625,0.688231481057203,0.942796872491067,3523,0.942696279099538,FALSE,"CD8 Tem"
0.00366903428357298,10.7633860132277,0.0851147932601993,0.945633249286251,0.998155886516222,3524,0.997789883574633,FALSE,"CD8 Tem"
-0.0174679747415184,10.8731901293518,0.258112452439232,0.860236372411063,0.99428967969476,3525,0.993016433540451,FALSE,"CD8 Tem"
0.0156878566328182,10.7947984390146,0.490702447464811,0.6769221904969,0.935065372141694,3526,0.934599735190706,FALSE,"CD8 Tem"
0.176293624427833,10.8323551849523,5.85413908253631,0.0627933168564397,0.376439717295839,3527,0.381386023832043,FALSE,"CD8 Tem"
0.0674680962727385,10.8398314232784,0.618866704052918,0.458274281435245,0.815079802277371,3528,0.815702135733969,FALSE,"CD8 Tem"
-0.025144673403167,10.9603498282791,0.120180046644373,0.728839430490893,0.960836788892615,3529,0.960684900140293,FALSE,"CD8 Tem"
0.0362326781346952,10.8559972115083,0.26866792640314,0.604226952050675,0.906034950900922,3530,0.90613947605728,FALSE,"CD8 Tem"
-0.0282053190526615,10.8323669578392,0.172938574903865,0.677513463671878,0.935326541863432,3531,0.934884134399403,FALSE,"CD8 Tem"
-0.0116072974705079,10.7930043018874,0.0176739001278661,0.894238333646322,0.998052981074555,3532,0.997419013883782,FALSE,"CD8 Tem"
0.132546195733585,10.8966755452588,4.66229860968075,0.0308323248404398,0.290819540439759,3533,0.295245166270196,FALSE,"CD8 Tem"
0.113501399843404,10.8982061105836,2.05171686139373,0.152035234534957,0.53407543491094,3534,0.538647231516787,FALSE,"CD8 Tem"
-0.00746684668764727,10.8592697963158,0.134273168774554,0.714042115803705,0.953857245080263,3535,0.953695464360168,FALSE,"CD8 Tem"
0.114022115982306,11.0167333107737,2.00810911251167,0.156460793928512,0.541078848103302,3536,0.545859867037089,FALSE,"CD8 Tem"
0.132967088766316,11.1413486733859,2.44129701287976,0.118179056099766,0.48690754790225,3537,0.491179210594834,FALSE,"CD8 Tem"
-0.0266571060089547,10.7814145764661,0.0634677033536359,0.801096832928384,0.983452225391512,3538,0.982891633730988,FALSE,"CD8 Tem"
0.0402569103485332,10.865882559793,0.321857976481428,0.673056297866266,0.93427297705375,3539,0.933652670511483,FALSE,"CD8 Tem"
-0.0281871321523613,10.9870558412988,0.121224193891049,0.727710661450906,0.96036460294235,3540,0.960169754129445,FALSE,"CD8 Tem"
0.038297555539927,10.9900305102062,0.335304447012307,0.574865440299414,0.891573841299764,3541,0.891540115434082,FALSE,"CD8 Tem"
0.0668911655537827,10.9325324762068,0.706067740674514,0.613319366797337,0.910923096578605,3542,0.910966599188592,FALSE,"CD8 Tem"
0.11523565315898,10.789721744631,3.14099292388622,0.0763478753705364,0.410250643991082,3543,0.415208415370721,FALSE,"CD8 Tem"
-0.0180487499738007,10.8506333045766,0.0568834395107745,0.811491471251698,0.98465075578324,3544,0.984081489808586,FALSE,"CD8 Tem"
0.0155748713885901,10.7758826211825,0.470317135791197,0.547696521380505,0.871831262149972,3545,0.872152764518051,FALSE,"CD8 Tem"
0.0551706308247155,10.8508511962069,0.460608848381479,0.497339853118228,0.842377798989728,3546,0.843197795031164,FALSE,"CD8 Tem"
0.0588361497061904,11.0334545630535,0.541505130522161,0.461809937306173,0.816654719027562,3547,0.817116384999255,FALSE,"CD8 Tem"
0.0110128836958477,10.885548938601,0.0212059932303948,0.884219240016661,0.998052981074555,3548,0.997419013883782,FALSE,"CD8 Tem"
0.10743745583944,10.8476709808513,4.15816757532623e-05,0.994854970775593,0.999555952465987,3549,0.999488816091444,FALSE,"CD8 Tem"
0.121442430171115,11.0015942531517,2.6125511896318,0.1060216571208,0.463011011520038,3550,0.467786720508374,FALSE,"CD8 Tem"
0.0992721561279938,10.9709291054501,1.74356013567628,0.18668892088556,0.573128825768146,3551,0.577220695359427,FALSE,"CD8 Tem"
0.0834815629371071,10.8919071663622,1.49612180036267,0.594295061544174,0.901375254684607,3552,0.901610060627415,FALSE,"CD8 Tem"
0.146297556413131,10.8594756579409,4.02130741446505,0.0449293659260039,0.333874166694882,3553,0.339097074433558,FALSE,"CD8 Tem"
0.0451075211609413,10.8402029080429,0.239655943695121,0.62445491816576,0.919059911943374,3554,0.919085660381416,FALSE,"CD8 Tem"
0.0234403507297385,10.7881068277705,0.0616618014591075,0.905260606997263,0.998052981074555,3555,0.997419013883782,FALSE,"CD8 Tem"
0.150119110226751,10.7987849097282,4.90431365735039,0.0267901085907546,0.276276707440354,3556,0.281459221889034,FALSE,"CD8 Tem"
0.133042332117498,10.8079075976095,2.195582127157,0.309504224032153,0.687821838696348,3557,0.690061233964493,FALSE,"CD8 Tem"
0.104228462072183,10.9119758839795,1.82293510644323,0.176964861414333,0.566458066371688,3558,0.570414293071009,FALSE,"CD8 Tem"
0.135359515948171,10.8003980151823,4.33075284625117,0.0374301536388199,0.319372605164999,3559,0.324100323298119,FALSE,"CD8 Tem"
0.0372776201855352,11.200717429838,0.200977859005235,0.653932879990616,0.927632396570189,3560,0.927184458408043,FALSE,"CD8 Tem"
0.145385062596117,11.0942789276578,3.3420923511101,0.0675292342197342,0.390644861139283,3561,0.395546598787987,FALSE,"CD8 Tem"
0.114037588974818,10.9058922161084,1.85809463199889,0.172845432194617,0.562537079781247,3562,0.566491019447044,FALSE,"CD8 Tem"
0.0441866588875082,10.9329799501055,0.361902076573408,0.855446533640479,0.99428967969476,3563,0.993016433540451,FALSE,"CD8 Tem"
0.0441508129175448,10.8364680975989,0.292880160266112,0.588380961649889,0.899738898039858,3564,0.900003221970376,FALSE,"CD8 Tem"
0.0660460825331748,10.8545910255815,0.684483271145155,0.558821280576809,0.880812790642286,3565,0.881222622255085,FALSE,"CD8 Tem"
-0.0230809556868799,10.7970298723857,0.393172619106921,0.755894774330153,0.967969877590732,3566,0.967659858268451,FALSE,"CD8 Tem"
0.0159485097101987,10.8218124943422,0.00353570653586536,0.952584306763162,0.998155886516222,3567,0.997808704959348,FALSE,"CD8 Tem"
0.0507983114797287,10.8323715182527,0.674299782305417,0.880574196611672,0.998052981074555,3568,0.997419013883782,FALSE,"CD8 Tem"
0.132279882262934,10.9172701558051,3.04742073201354,0.141627665012923,0.515826366464452,3569,0.520213534102569,FALSE,"CD8 Tem"
-0.0357316735518525,10.8687296981908,0.273096232299157,0.601262528031657,0.904129330059889,3570,0.904390993801393,FALSE,"CD8 Tem"
-0.0269743687360511,10.7514485234018,0.46903774624181,0.493430475320077,0.839102428048876,3571,0.839739265515868,FALSE,"CD8 Tem"
0.0139435929659819,10.8378372831507,0.0307154936250224,0.860876692463167,0.99428967969476,3572,0.993016433540451,FALSE,"CD8 Tem"
-0.00712248381170439,10.8156123117731,0.0330716627567646,0.892968115586595,0.998052981074555,3573,0.997419013883782,FALSE,"CD8 Tem"
0.0676576150898242,10.9656336891277,0.707415625320813,0.400303468558993,0.768074023212821,3574,0.768915305684314,FALSE,"CD8 Tem"
0.0879221678565166,10.8064884799239,1.19533379733839,0.328148347663568,0.705842818953881,3575,0.707978028243897,FALSE,"CD8 Tem"
0.0416143438419003,10.9664478023178,0.323401310293475,0.859268949449153,0.99428967969476,3576,0.993016433540451,FALSE,"CD8 Tem"
-0.00526209167527342,10.8624769506436,0.00352359495385656,0.952665492283412,0.998155886516222,3577,0.997808704959348,FALSE,"CD8 Tem"
0.129326791197745,10.9210852339627,3.03057136711327,0.081709803407833,0.41842098313247,3578,0.423237336096788,FALSE,"CD8 Tem"
0.166297223278913,10.9633584988835,4.99219388784315,0.0254623116411511,0.26828510199018,3579,0.273496864663059,FALSE,"CD8 Tem"
0.101871760225672,10.8123264332744,3.52875386962454,0.125697596851974,0.497896485959987,3580,0.502179044578922,FALSE,"CD8 Tem"
0.0975108955039273,10.8795171727093,1.76568166646311,0.407355672865164,0.775918622640816,3581,0.776808197620374,FALSE,"CD8 Tem"
0.0783753654169788,10.8363345388481,0.858569020025488,0.585568602160557,0.897949082970244,3582,0.898181762987152,FALSE,"CD8 Tem"
0.0683926453200848,10.8187256653662,0.572942826422038,0.449092207296973,0.80864415646079,3583,0.809363485195769,FALSE,"CD8 Tem"
0.0871907079321957,11.044112334281,0.997117083861173,0.318009540176366,0.700313622803163,3584,0.702378139908539,FALSE,"CD8 Tem"
0.0234353695999514,10.926892224475,0.0797355384300115,0.777656228569125,0.971234994381042,3585,0.970564433794104,FALSE,"CD8 Tem"
0.0739761955786201,10.8131405409462,1.01048850526456,0.32074270909615,0.70280581713568,3586,0.704800742800634,FALSE,"CD8 Tem"
-0.0291458787062843,10.9557928059976,0.0824447592015154,0.774011395153241,0.970648162533933,3587,0.969932820526043,FALSE,"CD8 Tem"
0.127445934805148,11.009642661159,1.7242701271239,0.189144866210363,0.575836750775662,3588,0.579836033432673,FALSE,"CD8 Tem"
0.13459918911295,10.8368052885884,4.08481379044224,0.0432707074940436,0.333874166694882,3589,0.339097074433558,FALSE,"CD8 Tem"
-0.0405516769866783,10.8574954784695,0.0611942128339876,0.804618391568501,0.983771632949457,3590,0.983097029076725,FALSE,"CD8 Tem"
0.0424269187165752,10.8134613136169,0.512371383859588,0.829379891340293,0.991750133480293,3591,0.99056017316442,FALSE,"CD8 Tem"
0.0881863201781061,10.8527032624825,1.3097589917457,0.252438799231347,0.631225954779908,3592,0.634138659863068,FALSE,"CD8 Tem"
0.024826943186307,10.7803422280894,0.0454072275389873,0.831257064842282,0.991750133480293,3593,0.99056017316442,FALSE,"CD8 Tem"
0.181908951085768,10.8472244113147,6.72012014331754,0.0359814598252369,0.316950321301472,3594,0.321260651587876,FALSE,"CD8 Tem"
0.112253160115374,10.8037849077857,2.4902740033148,0.132170595092501,0.508878673654985,3595,0.513367586602192,FALSE,"CD8 Tem"
0.0430444328739287,10.9771559713892,0.268233928260531,0.776004312762849,0.970735895282413,3596,0.969994602720923,FALSE,"CD8 Tem"
-0.0552611207604377,10.9626479837452,0.176208246590954,0.674652435528929,0.935004143406303,3597,0.934523710704597,FALSE,"CD8 Tem"
0.068788642497629,10.8641576335238,0.812749614539505,0.367308972032945,0.741102440467894,3598,0.742777551738567,FALSE,"CD8 Tem"
0.142563219601969,10.9192053749975,3.24470474306529,0.0716551531714735,0.396276001665307,3599,0.401053197116966,FALSE,"CD8 Tem"
0.0463035082121721,10.8981460293581,0.339698475305514,0.752791337796991,0.965857244715532,3600,0.965470487969746,FALSE,"CD8 Tem"
0.209710680287988,10.8662154977987,7.56073723953863,0.00596555524487402,0.16206444886392,3601,0.165760341407657,FALSE,"CD8 Tem"
-0.0346825695732185,10.7855820600252,0.276344018693312,0.599107764749519,0.902640172934893,3602,0.902897448655134,FALSE,"CD8 Tem"
0.0261612409975015,10.989224812339,0.263939264469728,0.60742686065647,0.907220950437234,3603,0.907226048084403,FALSE,"CD8 Tem"
0.0778676260222473,10.9104067220079,1.01090329356745,0.681797585153808,0.937900197737463,3604,0.93763241374489,FALSE,"CD8 Tem"
0.144604043270582,10.9682792026354,3.33151156847625,0.067964933598,0.392004651373894,3605,0.396975663954345,FALSE,"CD8 Tem"
0.11889025831279,10.9277271596536,2.43793151955438,0.118432886037874,0.48690754790225,3606,0.491179210594834,FALSE,"CD8 Tem"
0.0520040744688477,10.8821895229228,0.571489285482439,0.44966804744985,0.808756131107036,3607,0.809408850445616,FALSE,"CD8 Tem"
0.0814948041473615,10.8033451775306,0.697439627040615,0.5318612444313,0.86341593293193,3608,0.863985637478272,FALSE,"CD8 Tem"
0.0331513129573592,10.8867207108318,0.347637707505955,0.555453667094958,0.878413806752347,3609,0.878889879071442,FALSE,"CD8 Tem"
0.0626509590868354,10.825005028774,0.97793564343604,0.593835520279018,0.901375254684607,3610,0.901610060627415,FALSE,"CD8 Tem"
-0.0130908479620852,10.8067152107646,0.0201644044234463,0.887078933450623,0.998052981074555,3611,0.997419013883782,FALSE,"CD8 Tem"
0.111997492163776,10.8581523477218,2.62348569675379,0.105293493866344,0.462000037709779,3612,0.466764905023896,FALSE,"CD8 Tem"
-0.0703885212145603,10.7894834154756,0.941303116544369,0.331943369838741,0.707528340379562,3613,0.709423133936967,FALSE,"CD8 Tem"
0.138905410530975,10.879814919023,3.28223588684003,0.0700340108141003,0.393867211966603,3614,0.398765742549315,FALSE,"CD8 Tem"
0.0194916352859027,11.0382255325134,0.132234510538426,0.908322247883816,0.998052981074555,3615,0.997419013883782,FALSE,"CD8 Tem"
0.146933270804337,10.8794748539819,3.77341659472694,0.156819221791311,0.541542982339825,3616,0.546290529632779,FALSE,"CD8 Tem"
0.111242293222255,10.866494486395,2.15123437794654,0.146169720295517,0.52254832366983,3617,0.527039691461891,FALSE,"CD8 Tem"
0.16708791846307,10.7751943695598,5.94806640815879,0.244041451455088,0.622620291123212,3618,0.625747873152111,FALSE,"CD8 Tem"
0.0633146951400532,10.8044380100741,0.686240757657924,0.407446352574291,0.775918622640816,3619,0.776808197620374,FALSE,"CD8 Tem"
0.246287590943828,10.8193820109592,11.2377855620493,0.00402909104618965,0.137788988645795,3620,0.142874820204982,FALSE,"CD8 Tem"
-0.0689247997195632,10.7995702561401,0.287236625393419,0.591997051041439,0.901375254684607,3621,0.901610060627415,FALSE,"CD8 Tem"
0.028539024051315,10.7813006003912,0.129480643446264,0.718971274020001,0.954832685278545,3622,0.954635794023276,FALSE,"CD8 Tem"
0.152944231070296,10.7940040725216,3.96692229058611,0.0849776323672953,0.426958847281545,3623,0.432042991570983,FALSE,"CD8 Tem"
-0.0314184965899358,10.8091749802441,0.0848162265281016,0.770873806046909,0.970648162533933,3624,0.969932820526043,FALSE,"CD8 Tem"
0.00533522530681004,10.9473757556919,0.0110553909576937,0.91626109321152,0.998052981074555,3625,0.997419013883782,FALSE,"CD8 Tem"
0.0411598345094363,10.755628076787,0.156639707584217,0.692269445570091,0.943653338612688,3626,0.943655989081632,FALSE,"CD8 Tem"
0.0765959563766951,10.8962236889156,1.10404437357332,0.374122359856277,0.746159131943201,3627,0.747697011481987,FALSE,"CD8 Tem"
0.0859437605012195,11.243516572143,1.08423939541748,0.29775156904828,0.678044420758028,3628,0.680275151532994,FALSE,"CD8 Tem"
-0.0472472895243765,10.8113785091266,0.00167492697835315,0.967355007064148,0.999555952465987,3629,0.99933775641114,FALSE,"CD8 Tem"
0.0737088760781238,10.8331344650333,0.720963160605309,0.518895341441467,0.854446009343109,3630,0.85541315722522,FALSE,"CD8 Tem"
0.0192599546818184,10.8561417807608,0.0788026157511689,0.778926780754174,0.972041712948465,3631,0.97143175270546,FALSE,"CD8 Tem"
0.0431734956568523,10.8216644640331,0.548566101282039,0.615284236792764,0.911981616434999,3632,0.911943222011766,FALSE,"CD8 Tem"
-0.0662772400931784,10.7921155359311,0.792295541701722,0.37340729899782,0.745594113692263,3633,0.747148666178942,FALSE,"CD8 Tem"
0.0697527421527765,10.8329320806567,0.924851242362529,0.336204837494456,0.712386651110121,3634,0.71426083001997,FALSE,"CD8 Tem"
0.029685494415845,10.7994444933094,0.0502071076641822,0.822703366282995,0.989065644148553,3635,0.988244568883348,FALSE,"CD8 Tem"
0.0104199359510415,11.003229248559,0.0561189752685902,0.924374300904885,0.998052981074555,3636,0.997419013883782,FALSE,"CD8 Tem"
0.022084868120812,10.8684138914356,0.335969093664484,0.575085255622294,0.891573841299764,3637,0.891540115434082,FALSE,"CD8 Tem"
-0.0204444236064277,10.8841085533557,0.116762180981437,0.889750006860513,0.998052981074555,3638,0.997419013883782,FALSE,"CD8 Tem"
0.160085316596753,10.8465742895104,5.31664957793368,0.0211229608940861,0.243175473065333,3639,0.248982100920772,FALSE,"CD8 Tem"
-0.0934259726880132,10.7580290805003,1.35340015249934,0.245787497277324,0.624676311386248,3640,0.627862713698033,FALSE,"CD8 Tem"
0.0122150342442598,10.8314287778358,0.0247733174481516,0.874933283152061,0.998052981074555,3641,0.997196667792019,FALSE,"CD8 Tem"
0.126938140498767,10.8391500753542,3.04881813569809,0.080796483063219,0.417179361191904,3642,0.421941489479762,FALSE,"CD8 Tem"
0.134279214399213,10.9688480751123,2.64253485851747,0.104038006134851,0.46127813778188,3643,0.46620576238568,FALSE,"CD8 Tem"
0.0999601613553378,11.0025177780847,1.74938711948479,0.185954354375724,0.572836490194472,3644,0.576966921832522,FALSE,"CD8 Tem"
0.176711141614715,10.8064076194119,6.54970982363592,0.0272647077303053,0.277160583809804,3645,0.282465334527187,FALSE,"CD8 Tem"
0.0329646905460669,10.9710041487113,0.213613220201726,0.85809771786677,0.99428967969476,3646,0.993016433540451,FALSE,"CD8 Tem"
0.159731314812571,10.9856093730777,3.9079024322786,0.0480600497571052,0.344418014515094,3647,0.349674122797471,FALSE,"CD8 Tem"
-0.0285632517389204,11.1209614884442,0.111139287394523,0.738850911284743,0.962347129236196,3648,0.961932074408799,FALSE,"CD8 Tem"
0.157151673544318,10.9886683138231,3.94002085400423,0.0471506942476898,0.341421879324701,3649,0.346648129870193,FALSE,"CD8 Tem"
0.0310809558272824,10.8592921060048,0.105332042157063,0.745522569251454,0.964941494740878,3650,0.964586039580439,FALSE,"CD8 Tem"
0.149536059669156,10.8452244886473,4.01019035474098,0.0452265395752807,0.333886723118461,3651,0.339097074433558,FALSE,"CD8 Tem"
0.167100984866468,11.0237127577639,4.49571865981114,0.1113378911072,0.475949017959178,3652,0.480868506213132,FALSE,"CD8 Tem"
0.0407675044131461,10.8782930908011,0.229011675452267,0.632257818742216,0.921539052011923,3653,0.92175322563696,FALSE,"CD8 Tem"
0.197186300164398,10.9402993511128,7.33975644954658,0.0067448086961138,0.169550000077481,3654,0.173258886359692,FALSE,"CD8 Tem"
0.14157044746799,10.9145946383789,3.46443363617256,0.259926560611649,0.639301128188673,3655,0.64193763407095,FALSE,"CD8 Tem"
0.0404385387170024,10.7663112985416,0.341269909006933,0.559097364155587,0.880812790642286,3656,0.881222622255085,FALSE,"CD8 Tem"
0.175647140433105,10.8107997989548,4.55325698092082,0.101580384029924,0.455666255397443,3657,0.460724709955008,FALSE,"CD8 Tem"
0.0978676163515373,10.8984814663081,1.77996626696602,0.98857019177891,0.999555952465987,3658,0.99933775641114,FALSE,"CD8 Tem"
0.129243480663527,10.8673864890815,3.45635472803288,0.06300962023558,0.376511590674593,3659,0.381570966817538,FALSE,"CD8 Tem"
0.206957686385867,10.8341977563114,8.07051937666671,0.00982989394970425,0.18814336115257,3660,0.193086407735497,FALSE,"CD8 Tem"
0.102465184020802,11.0475400278999,1.62290480403619,0.202687773455515,0.584388947291884,3661,0.587755887739446,FALSE,"CD8 Tem"
0.219206023635058,10.8071074506114,10.4788348108859,0.00923921304369629,0.18104445700774,3662,0.185683380724195,FALSE,"CD8 Tem"
0.142104081938763,10.8312314131161,3.98912721045273,0.0773393799025954,0.411675865373111,3663,0.416558320014717,FALSE,"CD8 Tem"
0.178731816780118,11.1397516634621,4.79325720216843,0.0285717713232195,0.281687645203027,3664,0.28685922816346,FALSE,"CD8 Tem"
-0.0958307769289912,10.9863328772417,1.24142791481665,0.265196529298321,0.647129621073711,3665,0.649771780034604,FALSE,"CD8 Tem"
0.115072493655579,11.0223351059899,1.89178963444519,0.169000772854607,0.558241996189635,3666,0.562414526707167,FALSE,"CD8 Tem"
0.045706449163798,10.8233414533299,0.940611955901755,0.734501641267826,0.962029606740821,3667,0.961738479072421,FALSE,"CD8 Tem"
0.173370123176982,11.0057507692974,4.33914132563186,0.0372461688394793,0.319372605164999,3668,0.323899664515908,FALSE,"CD8 Tem"
0.116568018769081,10.9411583306911,2.33934771053588,0.126142945567774,0.498462905552862,3669,0.502711892094415,FALSE,"CD8 Tem"
0.039017727356311,10.8316445066166,0.426740974737141,0.635417133319021,0.922818129375256,3670,0.922858140160255,FALSE,"CD8 Tem"
0.154941355889557,11.0215248927705,3.19245639850202,0.0739793275030488,0.405752184217783,3671,0.410596627049127,FALSE,"CD8 Tem"
-0.14494419942765,10.8341227205092,3.15767479027954,0.0755713079665459,0.409652859385088,3672,0.414535986255393,FALSE,"CD8 Tem"
0.0584288068212363,10.8082709017392,0.624345576401091,0.589200413019162,0.899957675189531,3673,0.90027068142705,FALSE,"CD8 Tem"
0.0878985160309082,10.8133122038856,1.44007380850245,0.230127919436797,0.608576057364641,3674,0.611452096949279,FALSE,"CD8 Tem"
0.081322459240641,10.8889228104916,1.26085896963693,0.491369461190829,0.837127972160639,3675,0.837725728849387,FALSE,"CD8 Tem"
0.201008902939738,11.2054547750071,6.17937320734483,0.0129251031657109,0.209458727608785,3676,0.214167579327159,FALSE,"CD8 Tem"
0.139040125328374,10.848089136376,4.06856625481812,0.043688831606391,0.333874166694882,3677,0.339097074433558,FALSE,"CD8 Tem"
0.104656783020197,10.966271199594,1.6928662499571,0.193224115813511,0.576599573945387,3678,0.580113962772058,FALSE,"CD8 Tem"
0.303941750447714,10.9282908958277,14.9886206140995,0.000108174067710164,0.0240783488969809,3679,0.0249574404194535,TRUE,"CD8 Tem"
0.104529869141941,10.9012084062253,2.08628074957473,0.14862809907345,0.52716693368656,3680,0.531504424660763,FALSE,"CD8 Tem"
0.0935791965673906,11.0260312851788,1.44955210444622,0.228600358432764,0.60720746263323,3681,0.610083372596426,FALSE,"CD8 Tem"
-0.0348024598312017,10.7997610122279,0.112238729364014,0.73760975812682,0.962347129236196,3682,0.961932074408799,FALSE,"CD8 Tem"
0.000303040979893216,10.9901001287472,0.0175475007378048,0.894614988107123,0.998052981074555,3683,0.997419013883782,FALSE,"CD8 Tem"
0.0460386924057373,10.7918623086923,0.646173777074792,0.421484336078405,0.786962523926399,3684,0.787645709878012,FALSE,"CD8 Tem"
0.0372822809354287,11.0006840230769,0.184203957722518,0.932160153585994,0.998052981074555,3685,0.997419013883782,FALSE,"CD8 Tem"
0.0717655912798249,10.8409130567995,1.17155622647803,0.567524579041537,0.886762934159389,3686,0.887041311528646,FALSE,"CD8 Tem"
0.00338940611635054,10.8166975919318,0.258604782423951,0.629755305527728,0.921066643399202,3687,0.921370189922169,FALSE,"CD8 Tem"
0.095667599375274,10.8333113974846,2.14295113285058,0.321663850124164,0.70280581713568,3688,0.704800742800634,FALSE,"CD8 Tem"
-0.0191259241525178,10.8725794682347,0.026249753150019,0.871291931759112,0.996811845839209,3689,0.995801171688638,FALSE,"CD8 Tem"
0.0873028298916357,10.7855563910188,1.63274967394011,0.363365766335076,0.738977876145631,3690,0.740741400768866,FALSE,"CD8 Tem"
-0.00162049935951905,10.9727033993056,0.00110424384227397,0.973491055680274,0.999555952465987,3691,0.99933775641114,FALSE,"CD8 Tem"
0.00385665813187895,10.8198915349237,0.0013063949841667,0.971167482643027,0.999555952465987,3692,0.99933775641114,FALSE,"CD8 Tem"
0.0172472949421391,10.8417244597755,0.0873918631437739,0.936636470646285,0.998052981074555,3693,0.997419013883782,FALSE,"CD8 Tem"
0.0349001131666608,10.8475458827334,0.185402274450012,0.666771306524254,0.932238399212273,3694,0.931828804123907,FALSE,"CD8 Tem"
0.0613408486601752,10.8395702505983,0.759655951780797,0.436558022995546,0.798125536537847,3695,0.798789338301039,FALSE,"CD8 Tem"
0.161871712329322,10.9281187776037,3.98624788420559,0.0458736065770003,0.337058679604469,3696,0.34225918149586,FALSE,"CD8 Tem"
0.1034607431319,10.7952350614145,2.06967320564458,0.199213766234833,0.581999514295358,3697,0.58536801466293,FALSE,"CD8 Tem"
0.11845303237542,10.8012986873093,3.2403149131681,0.132067582656627,0.508878673654985,3698,0.513367586602192,FALSE,"CD8 Tem"
-0.0297803423639154,10.7687083934235,0.111327304658686,0.73863817763617,0.962347129236196,3699,0.961932074408799,FALSE,"CD8 Tem"
0.0663071003640684,10.8183596193762,1.12985011199526,0.287807784218248,0.669865916349599,3700,0.672591714391557,FALSE,"CD8 Tem"
0.13364539853177,10.8729269021927,3.24451243286135,0.0751890570056803,0.409010882027391,3701,0.413888393466369,FALSE,"CD8 Tem"
-0.0303628749241601,10.8559109278401,0.115527728560452,0.733936710963462,0.961560462729877,3702,0.961253462582886,FALSE,"CD8 Tem"
0.103582501044689,10.9041494730061,2.05576737928277,0.435273211632587,0.797029806024867,3703,0.797682933376215,FALSE,"CD8 Tem"
0.0372692443179122,10.8590943296613,0.159849937897837,0.689294869778205,0.942914835099539,3704,0.942823001022138,FALSE,"CD8 Tem"
0.0928278860298981,11.12079538233,1.33301202747797,0.816855690801972,0.986097480265699,3705,0.985339632184831,FALSE,"CD8 Tem"
0.0312921654965493,10.837751975362,0.138905129404426,0.70937204198118,0.950803852234717,3706,0.950733864693646,FALSE,"CD8 Tem"
0.130552057963901,10.8837077434682,3.84004051725849,0.30737539482105,0.685989904660606,3707,0.688075147565521,FALSE,"CD8 Tem"
0.0663223518946797,10.7705617442342,1.25708649241871,0.485452746686243,0.833428453607246,3708,0.833939543535462,FALSE,"CD8 Tem"
0.0376711630828727,10.776239418297,0.696120795886556,0.751971801200712,0.965703785073184,3709,0.965323897931631,FALSE,"CD8 Tem"
0.0213579208730984,10.8180175475199,0.0973985290932099,0.809555543600356,0.98465075578324,3710,0.984081489808586,FALSE,"CD8 Tem"
0.0155900023204949,10.8203226114021,0.0365454420590046,0.848393557517896,0.994123106138315,3711,0.992964235102643,FALSE,"CD8 Tem"
0.119312550140516,10.7917931430882,3.17193047104418,0.115519271777364,0.484809317451676,3712,0.489452552934118,FALSE,"CD8 Tem"
0.103777809297552,11.0281907381016,1.60015821059526,0.205881333127449,0.586018409042695,3713,0.589234214972733,FALSE,"CD8 Tem"
0.00404438090830285,10.8375245210195,0.00789125021750828,0.929214894978262,0.998052981074555,3714,0.997419013883782,FALSE,"CD8 Tem"
0.207911649350148,10.8856363802994,7.82674821649701,0.017351728189174,0.231753481548512,3715,0.237242506178884,FALSE,"CD8 Tem"
-0.00738345878238808,10.82169281947,0.0918181154154773,0.761878514487364,0.970648162533933,3716,0.969932820526043,FALSE,"CD8 Tem"
0.0866735978716739,10.8287332463293,1.59620284638842,0.369686030702202,0.74319711394235,3717,0.744798398887309,FALSE,"CD8 Tem"
-0.0145539715680085,11.0708238255656,0.0415350059202401,0.838508784023913,0.99333103191068,3718,0.991993002570708,FALSE,"CD8 Tem"
0.0277274991747815,10.7635375869244,0.0040244899624406,0.949417060746962,0.998155886516222,3719,0.997808704959348,FALSE,"CD8 Tem"
0.0665668718061102,10.9025114102345,0.482029462771887,0.487504785059712,0.834745502079007,3720,0.83536336200657,FALSE,"CD8 Tem"
-0.0149138929974341,10.8001594124797,0.143095465005737,0.76922092607024,0.970648162533933,3721,0.969932820526043,FALSE,"CD8 Tem"
0.115626845260726,10.8562191969399,1.03946669334342,0.307945990626312,0.686275420413502,3722,0.688438646069128,FALSE,"CD8 Tem"
-0.0290462147246473,10.8441926251212,0.227234262116057,0.829679951786601,0.991750133480293,3723,0.99056017316442,FALSE,"CD8 Tem"
0.0581201477101517,10.8837617696109,0.396751353161938,0.60540493144545,0.907029285958101,3724,0.907078356602361,FALSE,"CD8 Tem"
0.0845810249563262,10.9212381017605,1.22772628976746,0.267850166413483,0.648967399783065,3725,0.651551116775161,FALSE,"CD8 Tem"
0.192525435878638,10.8928881926751,7.09324772850522,0.00773771815994381,0.171348640158618,3726,0.175533404150049,FALSE,"CD8 Tem"
0.0170330951717524,10.8127703377229,0.0484148954053863,0.919379930769039,0.998052981074555,3727,0.997419013883782,FALSE,"CD8 Tem"
0.134703658381119,10.9609864047047,2.78751301939233,0.0950021378163245,0.446769406454727,3728,0.452013885867289,FALSE,"CD8 Tem"
0.182003411976881,10.9412850496811,5.43923023073113,0.0196897076304767,0.242705906983609,3729,0.248523388346185,FALSE,"CD8 Tem"
-0.0606398410613001,10.8348659208691,0.441188081588127,0.50654985717037,0.847773798380493,3730,0.848603046800307,FALSE,"CD8 Tem"
0.0434170876826494,11.0947371347891,0.212812984996399,0.644571677251362,0.926708769983334,3731,0.926875873453469,FALSE,"CD8 Tem"
-0.120427001637966,10.7731971582676,3.16997485526504,0.0750041588192402,0.408491962187704,3732,0.413398079883953,FALSE,"CD8 Tem"
0.061268247911224,11.0004086415186,0.500513049429979,0.76196494341343,0.970648162533933,3733,0.969932820526043,FALSE,"CD8 Tem"
0.166398854246326,10.8326044779452,5.0467705994691,0.0246722799332428,0.265013334802568,3734,0.270462333421966,FALSE,"CD8 Tem"
0.0364638040192669,10.8120204652557,0.191141160655471,0.661968705287724,0.930718394284524,3735,0.930228340506591,FALSE,"CD8 Tem"
0.0618767946977766,10.8190079781832,0.718192218967575,0.465765777374047,0.819424328426552,3736,0.819759213172029,FALSE,"CD8 Tem"
-0.0330670420174154,10.8180886235116,0.0864505993945378,0.768739043723448,0.970648162533933,3737,0.969932820526043,FALSE,"CD8 Tem"
0.00304172164257421,10.7717766577045,0.171383523480403,0.678885305551181,0.936586366139263,3738,0.936193343013325,FALSE,"CD8 Tem"
-0.101700238028116,10.7986641322482,2.16289285059789,0.141378882253285,0.515729783807154,3739,0.520206712186156,FALSE,"CD8 Tem"
0.0834806788978917,10.7754734244297,0.859138738700438,0.471297999935079,0.82097640363223,3740,0.821233023587004,FALSE,"CD8 Tem"
-0.0520773464511665,10.902645883773,0.441329413070775,0.506481782764048,0.847773798380493,3741,0.848603046800307,FALSE,"CD8 Tem"
0.194288954597314,10.887063074982,5.5001278241983,0.0190154408767723,0.240328303037685,3742,0.245763356927344,FALSE,"CD8 Tem"
0.0978501709683997,10.8447239219862,1.72816839966264,0.215376578843065,0.595905097084529,3743,0.598848038515128,FALSE,"CD8 Tem"
-0.0044511975551432,10.9781175238829,0.00884661596738933,0.925064348688924,0.998052981074555,3744,0.997419013883782,FALSE,"CD8 Tem"
-0.135823374277724,10.8429411499312,3.45442627191498,0.063083163614669,0.376511590674593,3745,0.381570966817538,FALSE,"CD8 Tem"
0.0288847394015079,10.8639248696895,0.78576913537215,0.375382911644356,0.747874830823607,3746,0.749426776260699,FALSE,"CD8 Tem"
-0.0146317068085416,10.8757834295759,0.221342702315976,0.992008429870806,0.999555952465987,3747,0.99933775641114,FALSE,"CD8 Tem"
0.0877553783762422,10.8478405973718,1.87166238020004,0.171285371333727,0.560998486084304,3748,0.565274631330499,FALSE,"CD8 Tem"
0.06422964678737,10.7757903984101,0.837391687826555,0.51730630930851,0.854195512478135,3749,0.855059989097323,FALSE,"CD8 Tem"
0.106850035966659,10.7973113736103,2.41654918866666,0.150298074636247,0.530376589630642,3750,0.534667160267877,FALSE,"CD8 Tem"
-0.0161877051872407,10.9206056406171,0.0128875530632247,0.909615686776929,0.998052981074555,3751,0.997419013883782,FALSE,"CD8 Tem"
0.132429193280409,11.064018845746,2.63396282010169,0.104600928760069,0.461775981512189,3752,0.466480250383272,FALSE,"CD8 Tem"
0.115484684164568,10.8011277331401,2.69011694253737,0.273713229376912,0.654862889111178,3753,0.6575819489498,FALSE,"CD8 Tem"
0.131568303475007,10.9779919216814,1.93048613960548,0.164705837081733,0.553365412957612,3754,0.557694885675451,FALSE,"CD8 Tem"
0.118952513736372,10.8483837503014,2.58749190191259,0.107711355581417,0.469189560435967,3755,0.474045830634168,FALSE,"CD8 Tem"
0.0681421167539013,10.8270610946648,0.85296093590062,0.395307221101612,0.764815867885444,3756,0.765943574243113,FALSE,"CD8 Tem"
0.207541469348464,10.8470716615799,9.517219819668,0.00203562929455528,0.10290991140192,3757,0.106833050229032,FALSE,"CD8 Tem"
0.111429715886958,10.980451144149,2.47126030057357,0.135036500304238,0.509557971779627,3758,0.514125468561139,FALSE,"CD8 Tem"
0.0681778354962643,11.0013200703315,0.619549251500079,0.860948197440257,0.99428967969476,3759,0.993016433540451,FALSE,"CD8 Tem"
0.0276736317629091,10.9334872951167,0.395102844025196,0.792612134465035,0.978094730007132,3760,0.97748292805306,FALSE,"CD8 Tem"
0.0679034541747714,11.1709849317411,0.596814335778599,0.439796424711516,0.799645493093535,3761,0.8001503654223,FALSE,"CD8 Tem"
0.00375504742137298,11.0321715063373,0.0012640148240904,0.971638809258283,0.999555952465987,3762,0.99933775641114,FALSE,"CD8 Tem"
0.0810807258839258,10.842144765784,1.13643136368489,0.286408136119744,0.669095336774574,3763,0.671903633255226,FALSE,"CD8 Tem"
0.00638752612914197,10.7984508410861,0.029903819219718,0.862708709356143,0.994413434254132,3764,0.993195534781295,FALSE,"CD8 Tem"
0.0575276407832213,10.775033269668,0.602830419560957,0.607815086207666,0.907220950437234,3765,0.90724261069914,FALSE,"CD8 Tem"
0.261985708857823,10.8166920116674,13.1299186341225,0.000686385574209022,0.0581581524947486,3766,0.0606149247042373,TRUE,"CD8 Tem"
0.0962329569180223,10.887874551846,1.83791461573236,0.342820692272624,0.71989232468096,3767,0.721748859550118,FALSE,"CD8 Tem"
0.0965863747155586,11.1712336313986,1.09395389979217,0.295597274588748,0.675920808314781,3768,0.678311916900387,FALSE,"CD8 Tem"
-0.0566077656337944,10.8343972100071,0.710687753046907,0.399215959609531,0.767030073771831,3769,0.767913186660818,FALSE,"CD8 Tem"
0.0206918927735942,10.807668765486,0.190111435721735,0.832225156666219,0.991750133480293,3770,0.99056017316442,FALSE,"CD8 Tem"
0.0224572810338489,10.850160144863,0.104362584690258,0.746655997086846,0.964941494740878,3771,0.964586039580439,FALSE,"CD8 Tem"
0.13923383896824,10.9346222758143,2.69129400498625,0.260572027537939,0.640211568979903,3772,0.642794625895373,FALSE,"CD8 Tem"
0.120520425453045,10.8628074507006,2.76344514157332,0.0964409265202823,0.448649846817778,3773,0.453928013812271,FALSE,"CD8 Tem"
0.157371340925144,10.7857839317597,4.15005401708527,0.270278509136719,0.651040126565739,3774,0.653688205975315,FALSE,"CD8 Tem"
0.0655636789910413,10.9084352217849,0.761995395067061,0.537434017405916,0.8655496595729,3775,0.866189408133301,FALSE,"CD8 Tem"
0.0901099566898085,10.7776898378374,1.84491097847972,0.174377002730993,0.563996828721731,3776,0.568004681266369,FALSE,"CD8 Tem"
0.0886687287590436,10.7923089083539,1.69427274642162,0.263286925555948,0.644498679347744,3777,0.647164065678227,FALSE,"CD8 Tem"
-0.0578107963284422,10.9939553499933,0.524241230727613,0.469038390948756,0.819976499333226,3778,0.820261021077938,FALSE,"CD8 Tem"
0.0628401982968767,11.1104587441304,0.582399569320049,0.445373631290585,0.805933901075338,3779,0.806409457122964,FALSE,"CD8 Tem"
0.0700983942070121,10.8967446902815,1.15537172414538,0.520898617806987,0.856583120214274,3780,0.857554997969641,FALSE,"CD8 Tem"
-0.0405821184991395,10.793385978461,0.282482853717937,0.595078682112195,0.901375254684607,3781,0.901628552306797,FALSE,"CD8 Tem"
0.04818946852372,10.7691835701772,0.553714600383004,0.622998618820856,0.917822798902693,3782,0.917889562012926,FALSE,"CD8 Tem"
0.0279804018126225,10.8987398444685,0.1458959711843,0.702488727535836,0.947310835537597,3783,0.94738416370931,FALSE,"CD8 Tem"
0.0832960960120261,10.8578655786987,1.22635738284065,0.29418353521409,0.67517181385459,3784,0.67762764406075,FALSE,"CD8 Tem"
0.206872953524383,10.923548054816,6.95126490952627,0.0101387784096681,0.192471258707618,3785,0.197566066263895,FALSE,"CD8 Tem"
0.105732407867148,10.8786567135793,1.90602747393041,0.167405768813958,0.555352518369271,3786,0.559714290810929,FALSE,"CD8 Tem"
0.138404593825611,10.7810071442857,5.48941410744392,0.0191323115284597,0.241150083790965,3787,0.246676236695915,FALSE,"CD8 Tem"
0.0411408115974968,10.7945754270122,0.224339303169371,0.635753483078641,0.922874360111972,3788,0.922961150627942,FALSE,"CD8 Tem"
-0.0133159526930567,10.9939272260571,0.0144897252651011,0.904187505573944,0.998052981074555,3789,0.997419013883782,FALSE,"CD8 Tem"
0.0698612365985699,10.8696935041848,1.14574278985769,0.284442584044061,0.667664114704903,3790,0.670511223022722,FALSE,"CD8 Tem"
0.15756458588875,10.7959931156974,4.20796819712903,0.0402349799685752,0.326015490999727,3791,0.330710949711143,FALSE,"CD8 Tem"
0.10326389853897,10.8580595993848,1.948179061401,0.730776370946306,0.96088934145692,3792,0.960718324905553,FALSE,"CD8 Tem"
0.00362515461225634,10.876919309818,0.0520935260915261,0.81945970371312,0.98661845249022,3793,0.985869570404283,FALSE,"CD8 Tem"
-0.0634593707198233,10.8911238222643,0.0882977452963958,0.766352590807114,0.970648162533933,3794,0.969932820526043,FALSE,"CD8 Tem"
0.248036487003054,10.941985738582,9.95229768524523,0.00160657505831133,0.0893985200802234,3795,0.0928654916557069,TRUE,"CD8 Tem"
0.0604085673332984,10.8689494705204,0.528632441687818,0.467182690236278,0.819640396940374,3796,0.819998069082235,FALSE,"CD8 Tem"
0.066884049733043,10.7790379948302,1.45871324140648,0.754920511201847,0.967254902920052,3797,0.966962988746017,FALSE,"CD8 Tem"
0.0995786578753699,10.9267558984226,1.49043430890741,0.293381539742332,0.674168745722128,3798,0.676797915230303,FALSE,"CD8 Tem"
0.102324374255704,10.8213891616399,3.27313217404607,0.0791512565446142,0.413167782479238,3799,0.417961888071773,FALSE,"CD8 Tem"
-0.0906737240781578,10.8226014066087,0.336846522036363,0.56165538993479,0.88162646594219,3800,0.88205288643,FALSE,"CD8 Tem"
0.0112456892986487,10.8143586925705,0.0420994250752329,0.94229597020943,0.998052981074555,3801,0.997419013883782,FALSE,"CD8 Tem"
0.0177923723242637,10.7944197073333,0.304111522460902,0.581316499244862,0.895459329843321,3802,0.895675533631325,FALSE,"CD8 Tem"
-0.0243716520151147,10.8449051370759,0.0153573192225675,0.901374980177737,0.998052981074555,3803,0.997419013883782,FALSE,"CD8 Tem"
-0.0422496086834868,10.8513617041033,0.492235445301445,0.482932114613495,0.831279520750321,3804,0.831637755091162,FALSE,"CD8 Tem"
0.120190438903901,10.946547732204,2.10839932168666,0.1464930552101,0.523118424762846,3805,0.527629009282391,FALSE,"CD8 Tem"
0.153325919188273,10.8077104369555,3.99654438957785,0.0879970300354366,0.431615011138945,3806,0.436535223031574,FALSE,"CD8 Tem"
-0.0162515374832002,10.8721890388641,0.000167581994589766,0.989671401164833,0.999555952465987,3807,0.99933775641114,FALSE,"CD8 Tem"
0.183797798442465,10.8649980033996,6.53111365161362,0.0442401295724372,0.333874166694882,3808,0.339097074433558,FALSE,"CD8 Tem"
0.0741154156764603,10.8523643789466,0.49474442314764,0.587109719976958,0.898581474672399,3809,0.898889799849207,FALSE,"CD8 Tem"
-0.018494095906841,10.8410515719948,0.0731196263369459,0.7868477121419,0.975380786026647,3810,0.974786595691533,FALSE,"CD8 Tem"
0.100586207415805,10.7836659676397,2.472078788467,0.670526916371073,0.933998409117059,3811,0.93342868952607,FALSE,"CD8 Tem"
0.137793942168491,10.9967674246545,3.09399253337635,0.12691454112588,0.500661179623805,3812,0.504789970179585,FALSE,"CD8 Tem"
0.200045906948307,10.8410608230164,5.82537496821008,0.0157969288833,0.226763939000704,3813,0.231374664306944,FALSE,"CD8 Tem"
0.144225227337378,10.7877786525579,6.60927998871026,0.0592117974259328,0.373162696243921,3814,0.378247296672399,FALSE,"CD8 Tem"
0.00277300371318393,10.801562986418,0.00447161222290627,0.946685129450917,0.998155886516222,3815,0.997789883574633,FALSE,"CD8 Tem"
0.216608828653415,10.8283177534398,8.61415128132751,0.00333575123701682,0.126134788645246,3816,0.130525785457075,FALSE,"CD8 Tem"
0.227827299483227,10.9135917174753,7.83553406290524,0.0207847870664242,0.242705906983609,3817,0.248523388346185,FALSE,"CD8 Tem"
0.0450109606118415,10.8685000680382,0.315056606547049,0.57459393055039,0.891573841299764,3818,0.891540115434082,FALSE,"CD8 Tem"
0.139720647678121,10.8040036949402,5.51707819360503,0.026745104472597,0.276276707440354,3819,0.281459221889034,FALSE,"CD8 Tem"
-0.0861840611818388,10.8418621494149,0.954851336442128,0.328487932302452,0.705842818953881,3820,0.707978028243897,FALSE,"CD8 Tem"
0.136385149618866,10.8099514812791,3.68560041744564,0.0548847298103384,0.361059233872537,3821,0.365964506000071,FALSE,"CD8 Tem"
0.0949612085420978,10.8494797656528,1.85251100115793,0.287860936316248,0.669865916349599,3822,0.672591714391557,FALSE,"CD8 Tem"
0.037678431073806,10.7824797130499,0.22697746142075,0.851153434766627,0.994123106138315,3823,0.992964235102643,FALSE,"CD8 Tem"
0.00649410388723359,10.8577403939726,0.000295143576283355,0.986293228691539,0.999555952465987,3824,0.99933775641114,FALSE,"CD8 Tem"
0.0425774613654442,10.9220064167581,0.839810729134862,0.359451314102296,0.736537983955015,3825,0.738182125543763,FALSE,"CD8 Tem"
0.213373673929487,10.9234418081969,8.12134757617006,0.00437486712269615,0.141302131858749,3826,0.146015505600471,FALSE,"CD8 Tem"
0.0789390376753848,10.9764019970723,0.82664977273166,0.363243477209457,0.738977876145631,3827,0.740741400768866,FALSE,"CD8 Tem"
0.0477109620217121,10.8254854599283,0.21541873212646,0.77568758890958,0.970648162533933,3828,0.969932820526043,FALSE,"CD8 Tem"
0.0468663916884922,10.894818234468,0.436413219966569,0.508859020848901,0.849498674073309,3829,0.850247113413576,FALSE,"CD8 Tem"
0.0402337563143543,10.8167524529777,0.376448134574664,0.53951054786303,0.865860441032074,3830,0.866408585562601,FALSE,"CD8 Tem"
-0.0265885540120994,10.7962410588617,0.218316260035067,0.929882526546061,0.998052981074555,3831,0.997419013883782,FALSE,"CD8 Tem"
0.137269616200547,10.8619158682356,2.81883027900697,0.0931648485875947,0.441702049725691,3832,0.446831086544353,FALSE,"CD8 Tem"
-0.0668309649680296,10.7918880112928,0.439757836748102,0.507239641302206,0.8478342616013,3833,0.848644948331636,FALSE,"CD8 Tem"
0.0583086444878331,10.7885878234586,0.485560233026509,0.485914793365905,0.833428453607246,3834,0.833942096652311,FALSE,"CD8 Tem"
0.124208966835349,10.852817362966,1.25672085430081,0.267439380272633,0.648962831597831,3835,0.651551116775161,FALSE,"CD8 Tem"
0.133856551287016,10.8220074384679,3.06771047315203,0.102484817964243,0.458323931107397,3836,0.463416327132349,FALSE,"CD8 Tem"
0.0334439972784536,10.7877133555428,0.148446746578914,0.70002429443738,0.945907319415529,3837,0.945950893427006,FALSE,"CD8 Tem"
0.0462404351047917,10.7997334973855,0.405776607161983,0.524121222206942,0.858945667542102,3838,0.85989923833252,FALSE,"CD8 Tem"
0.107637446925213,10.8809853457361,1.98996317824253,0.158345301082952,0.542662111952426,3839,0.547472934760882,FALSE,"CD8 Tem"
0.0656839810945746,10.800306201165,0.701068176185485,0.40242537191572,0.770512326329618,3840,0.771354911315589,FALSE,"CD8 Tem"
0.199939073693181,10.902699338403,7.61768222001154,0.00578006595182716,0.161364793156166,3841,0.165144919437821,FALSE,"CD8 Tem"
0.0534390803038766,11.0233513398168,0.379002900942818,0.538137607969624,0.865572738856336,3842,0.866189408133301,FALSE,"CD8 Tem"
0.134988584131216,10.8697612950565,2.32109555832786,0.127630688586961,0.502654824505212,3843,0.506857946643859,FALSE,"CD8 Tem"
0.00188489507275409,10.9007254180744,0.0141670821148858,0.991103780417119,0.999555952465987,3844,0.99933775641114,FALSE,"CD8 Tem"
0.0407665666214652,10.9013692727378,0.264100781303253,0.607316965659577,0.907220950437234,3845,0.907226048084403,FALSE,"CD8 Tem"
0.163048432110998,10.9926626221757,4.12662266796394,0.11569783543062,0.484809317451676,3846,0.489452552934118,FALSE,"CD8 Tem"
0.0943749976372209,10.8583930937244,0.546147797568481,0.810623131450218,0.98465075578324,3847,0.984081489808586,FALSE,"CD8 Tem"
0.030285992088253,10.8194779947267,0.295797893245568,0.904020645579851,0.998052981074555,3848,0.997419013883782,FALSE,"CD8 Tem"
0.184425418895142,10.9051502507727,5.94732593413978,0.0147399463302909,0.223829413848177,3849,0.22813072489365,FALSE,"CD8 Tem"
0.160053986377204,10.9313382924375,4.58532706715736,0.0322472592523415,0.296407120123795,3850,0.300724870541837,FALSE,"CD8 Tem"
0.0327733522178057,10.7653386671719,0.515486976192887,0.81107834795504,0.98465075578324,3851,0.984081489808586,FALSE,"CD8 Tem"
0.0647320027816539,10.8966917725413,0.709053886891516,0.839130858821127,0.99333103191068,3852,0.991993002570708,FALSE,"CD8 Tem"
0.153083768066646,10.9492795606089,3.44650049997856,0.284823048556173,0.667828765648176,3853,0.670676928004535,FALSE,"CD8 Tem"
0.163254928731903,11.1714197817594,4.27284264051849,0.038726565897421,0.322040108402794,3854,0.326509872573005,FALSE,"CD8 Tem"
0.113548993175784,11.0143709492067,2.44749298011702,0.896785778774995,0.998052981074555,3855,0.997419013883782,FALSE,"CD8 Tem"
0.26722449885147,10.8414266347965,13.1935744523902,0.000280936390214516,0.0371184170601057,3856,0.0385177421221443,TRUE,"CD8 Tem"
0.0408331705868216,11.1042670045176,0.207061236905928,0.649080773848205,0.927632396570189,3857,0.927184458408043,FALSE,"CD8 Tem"
0.140946838191717,10.9620779937724,3.09909326756029,0.078336475478522,0.412439231701052,3858,0.417243642719469,FALSE,"CD8 Tem"
0.0950736161340511,11.1450578431352,1.73026766433645,0.18837727218258,0.575276383583188,3859,0.579210655333158,FALSE,"CD8 Tem"
0.122754078452585,10.9787328426551,2.84610434583622,0.091596212068541,0.437459162112628,3860,0.442474325668869,FALSE,"CD8 Tem"
-0.0435316970264007,10.8715255905032,0.317171591244916,0.573312625588422,0.890606887645876,3861,0.890625666474643,FALSE,"CD8 Tem"
0.0678114609922251,11.0646598151922,0.599746416278707,0.438675132587746,0.799168837315161,3862,0.799732490751374,FALSE,"CD8 Tem"
0.163237970852317,10.7921254772637,6.58843061049419,0.146604890334852,0.523118424762846,3863,0.527629009282391,FALSE,"CD8 Tem"
0.263325416983185,10.9559278398781,11.7735143765842,0.000600839023304725,0.0558900459478055,3864,0.0583429891838663,TRUE,"CD8 Tem"
0.0779814744343026,10.8363311019542,1.05905261815589,0.303431817655102,0.681768784499459,3865,0.683942986101697,FALSE,"CD8 Tem"
0.0902437983477966,10.7660197223597,1.99687581940746,0.353059115866396,0.729812421286492,3866,0.731648942889039,FALSE,"CD8 Tem"
-0.00596455506121647,10.9992553601543,0.0138574506332257,0.906291406238504,0.998052981074555,3867,0.997419013883782,FALSE,"CD8 Tem"
0.117410292484882,10.8250115800703,2.71385014721537,0.287829297427885,0.669865916349599,3868,0.672591714391557,FALSE,"CD8 Tem"
0.152688702832923,10.9957974684189,3.89252631695229,0.0485019200164427,0.345985322080483,3869,0.351191837267692,FALSE,"CD8 Tem"
0.0310690456994001,10.9061789142156,0.163313950539851,0.876958943566453,0.998052981074555,3870,0.997196667792019,FALSE,"CD8 Tem"
-0.0375603995161092,10.8564013916799,0.839235471869843,0.359615923772619,0.736537983955015,3871,0.738182125543763,FALSE,"CD8 Tem"
0.00915400660627397,10.8110786923842,0.0593516189333019,0.807523775187865,0.98465075578324,3872,0.984081489808586,FALSE,"CD8 Tem"
0.124191383615094,10.8041712295891,3.25551934662842,0.220361358510857,0.600907864508384,3873,0.603895448998551,FALSE,"CD8 Tem"
0.0384444820782882,10.9300458589248,0.33581631945645,0.562254374163435,0.881971363991277,3874,0.882350600045945,FALSE,"CD8 Tem"
0.115159233486856,11.0735957268946,1.73401579677478,0.187899409196999,0.574569462311138,3875,0.578585624188013,FALSE,"CD8 Tem"
0.113904543665115,10.8683325446303,2.10173755829927,0.171171424903596,0.560998486084304,3876,0.565274631330499,FALSE,"CD8 Tem"
0.104433462448317,10.9739197813116,2.02808715061719,0.154415423115576,0.537564470741426,3877,0.542302114169486,FALSE,"CD8 Tem"
0.100493298907359,10.8275713991302,2.19929336085073,0.337809370753815,0.714809546576885,3878,0.716696552755121,FALSE,"CD8 Tem"
0.17186414736517,11.0438805884336,4.69824554039695,0.0301938561428258,0.288360626119678,3879,0.293205300940174,FALSE,"CD8 Tem"
0.0955523507479108,10.8391368967325,3.83676339306169,0.0501407324545636,0.349618321997851,3880,0.354332694587655,FALSE,"CD8 Tem"
0.0603549938079052,10.8630882982823,0.594542745240958,0.554725972194897,0.878413806752347,3881,0.878889879071442,FALSE,"CD8 Tem"
0.109043938826943,10.8094534509693,2.2919766447596,0.296598468070816,0.676879035818139,3882,0.679296783198197,FALSE,"CD8 Tem"
0.135688061693908,10.8534652956662,3.26009112464078,0.0709857340171756,0.396233368022513,3883,0.40103065408849,FALSE,"CD8 Tem"
0.0960454991502402,10.9977225115999,1.62529780647901,0.202355207875421,0.584388947291884,3884,0.587755887739446,FALSE,"CD8 Tem"
0.0869429563433935,10.908351064067,1.46322793859792,0.226417745037699,0.606223555422589,3885,0.609243256218417,FALSE,"CD8 Tem"
-0.0249718755651633,10.9582488865989,0.354003114927956,0.738634417118094,0.962347129236196,3886,0.961932074408799,FALSE,"CD8 Tem"
0.0910544437290527,10.8327317882586,1.44859258654776,0.236541579052294,0.614268500375333,3887,0.616987734695609,FALSE,"CD8 Tem"
0.119942686635195,10.9788432777569,2.70845281851469,0.261567515075674,0.640964442896184,3888,0.643566237031088,FALSE,"CD8 Tem"
-0.0408816187719505,10.850698514105,0.0179489120053141,0.893423539717398,0.998052981074555,3889,0.997419013883782,FALSE,"CD8 Tem"
0.0832100229628644,10.8173585437084,1.30355998636391,0.569913579068246,0.887992821395689,3890,0.888120536722646,FALSE,"CD8 Tem"
0.0331164081183491,10.7904935495877,0.0641004887036861,0.800128642222981,0.983180528692038,3891,0.982599005378692,FALSE,"CD8 Tem"
-0.0133088167230632,10.8016908629299,0.000514040582329871,0.981911549775869,0.999555952465987,3892,0.99933775641114,FALSE,"CD8 Tem"
0.0984481188767009,10.8294880198013,2.36884660569313,0.123779055364229,0.496289988361231,3893,0.500486840119203,FALSE,"CD8 Tem"
-0.0396854240984129,10.8024888672802,0.378408640174967,0.653768045351252,0.927632396570189,3894,0.927184458408043,FALSE,"CD8 Tem"
-0.0383236959614802,10.9607233100979,0.154168380941857,0.69458346530196,0.944263809929536,3895,0.944352696761098,FALSE,"CD8 Tem"
0.171308047432959,10.8270963121184,5.77945346880502,0.0162149145636324,0.228395109696861,3896,0.23310081889766,FALSE,"CD8 Tem"
0.0162566984174341,10.7702392013307,0.0605217867244531,0.805673220792191,0.983771632949457,3897,0.983097029076725,FALSE,"CD8 Tem"
0.0230420893494874,10.8386803373126,0.0154302531172422,0.901142265309966,0.998052981074555,3898,0.997419013883782,FALSE,"CD8 Tem"
0.141598492953209,10.8052318266957,1.09167927978685,0.462654231977655,0.817387992755982,3899,0.817882803477702,FALSE,"CD8 Tem"
-0.107305663529741,10.8320847535386,2.17533087166136,0.173460544601932,0.562597624088973,3900,0.566583092897874,FALSE,"CD8 Tem"
0.170048038520041,10.788889413543,8.22938773385942,0.0161785376002221,0.228395109696861,3901,0.23310081889766,FALSE,"CD8 Tem"
0.0791572797226916,10.7951368795586,1.19137859985283,0.275052135926472,0.65600039948712,3902,0.658752748833903,FALSE,"CD8 Tem"
0.0420870028907616,10.9333325830722,0.321829757057379,0.570510331432767,0.887992821395689,3903,0.888120536722646,FALSE,"CD8 Tem"
0.0456827508390088,10.767202638999,0.487609047643159,0.695412151130381,0.944418839109854,3904,0.944461858178249,FALSE,"CD8 Tem"
0.00792290258143347,10.8675637827043,0.0228956382649793,0.879728833664917,0.998052981074555,3905,0.997419013883782,FALSE,"CD8 Tem"
0.0919222229994854,11.0370757720913,1.2296138526123,0.267482637749525,0.648962831597831,3906,0.651551116775161,FALSE,"CD8 Tem"
0.0967494182991505,10.9124655616566,1.58296454566488,0.208334730746594,0.589759162808659,3907,0.592970122919289,FALSE,"CD8 Tem"
0.0230762304877215,10.8143745642587,0.00941603337146031,0.972587591631817,0.999555952465987,3908,0.99933775641114,FALSE,"CD8 Tem"
0.274671999302674,10.7985795590408,15.3196298861582,0.000543415120450008,0.0549439940263693,3909,0.0574106414425512,TRUE,"CD8 Tem"
0.142924196906262,10.9860939530287,3.47069504021189,0.0624655973685148,0.376439717295839,3910,0.381386023832043,FALSE,"CD8 Tem"
5.59873138905252e-05,10.7737331552828,0.262657721593432,0.99932355133128,0.999760546979964,3911,0.99976067537197,FALSE,"CD8 Tem"
0.171998965532649,10.9664725936223,5.58541085046163,0.0243852414718022,0.263145610406849,3912,0.268501412377692,FALSE,"CD8 Tem"
0.136898199880671,11.0694132995169,2.4999711846906,0.121055753524832,0.491424124928161,3913,0.495685631465098,FALSE,"CD8 Tem"
0.227250037313062,10.8036095597775,10.0120152672181,0.0015553080583107,0.0882163143805251,3914,0.0917227238134571,TRUE,"CD8 Tem"
0.0510884939930995,10.7981393805681,0.684474501161156,0.586579038856553,0.898536124883515,3915,0.898785377426925,FALSE,"CD8 Tem"
-0.0277607837007586,10.8990891241521,0.0921008797827265,0.761523237070655,0.970648162533933,3916,0.969932820526043,FALSE,"CD8 Tem"
0.148692686507778,11.0062862873327,3.3777415055761,0.0660830961799146,0.386606893500356,3917,0.391460096348665,FALSE,"CD8 Tem"
0.148249707615686,10.7948173298694,4.90387781161857,0.0392422883670648,0.32250569491522,3918,0.327126191349265,FALSE,"CD8 Tem"
-0.000246884797873142,10.9383386885151,0.00214344795878849,0.963073239664018,0.999555952465987,3919,0.99933775641114,FALSE,"CD8 Tem"
0.0995266156291575,10.8376937965493,2.07411431274935,0.328326642205251,0.705842818953881,3920,0.707978028243897,FALSE,"CD8 Tem"
0.185459495838741,10.7957169004269,6.7287695479325,0.0244988197404095,0.263759283825566,3921,0.269183676849696,FALSE,"CD8 Tem"
0.176913014381887,10.8649135052189,5.17918189575463,0.122700842327765,0.493590468764651,3922,0.497814351747457,FALSE,"CD8 Tem"
-0.102318456870366,10.850253536793,1.62897288792033,0.201845716159192,0.584184459151463,3923,0.587491570660632,FALSE,"CD8 Tem"
0.023029101435567,10.8178361797635,0.0716028559118612,0.789017263344811,0.97701698175303,3924,0.976438309620639,FALSE,"CD8 Tem"
-0.00461556390008396,10.8517256441874,0.0180216714312107,0.893209035839506,0.998052981074555,3925,0.997419013883782,FALSE,"CD8 Tem"
0.0173749240522276,11.0978542353677,0.0356366781914269,0.850267830417492,0.994123106138315,3926,0.992964235102643,FALSE,"CD8 Tem"
0.0972025365449339,10.7836479856752,1.73963100141493,0.32840550192819,0.705842818953881,3927,0.707978028243897,FALSE,"CD8 Tem"
0.0207827372326013,10.829873834776,0.0479998395227413,0.826581068893815,0.990980566438045,3928,0.99008347508365,FALSE,"CD8 Tem"
0.144998402220859,10.8493265856939,3.74035494234525,0.0540021214332955,0.359935552420026,3929,0.364869525527888,FALSE,"CD8 Tem"
0.0608186803224539,10.8704981500913,1.58197890599728,0.256376828669219,0.636630341772846,3930,0.639419421684356,FALSE,"CD8 Tem"
-0.0122242153249098,10.7791674552555,0.0636412738614889,0.833767453188416,0.991750133480293,3931,0.99056017316442,FALSE,"CD8 Tem"
0.00168653275382429,10.8398726497602,0.0068387165519574,0.934092872201073,0.998052981074555,3932,0.997419013883782,FALSE,"CD8 Tem"
0.0296226995274736,10.9472129591075,0.089746820088593,0.919240766515399,0.998052981074555,3933,0.997419013883782,FALSE,"CD8 Tem"
0.0137863627215909,10.9991583067648,0.0313185189658908,0.859531713603155,0.99428967969476,3934,0.993016433540451,FALSE,"CD8 Tem"
0.212138775675738,10.9117751765548,6.20132297704101,0.0235466502672256,0.260628881178193,3935,0.26615781351719,FALSE,"CD8 Tem"
0.00917947573777528,10.7882439229277,0.244857538766674,0.915522346856493,0.998052981074555,3936,0.997419013883782,FALSE,"CD8 Tem"
0.0324645816920198,10.9417610598045,0.225211511396031,0.635097569763008,0.922818129375256,3937,0.922858140160255,FALSE,"CD8 Tem"
0.0899305123581797,10.8101511047273,1.68474719087444,0.194295405032028,0.57668661697764,3938,0.580232835824031,FALSE,"CD8 Tem"
0.140941018949762,10.9154207578001,1.88582666084663,0.169673950639464,0.558890612198404,3939,0.563124175837834,FALSE,"CD8 Tem"
0.0122188004112603,10.8352130985813,0.0133190404679603,0.908121664069127,0.998052981074555,3940,0.997419013883782,FALSE,"CD8 Tem"
-0.0535839867482733,10.8706234099548,0.380970454033755,0.537084581148257,0.8655496595729,3941,0.866189408133301,FALSE,"CD8 Tem"
0.00180736752756362,10.8782676087705,0.0304159076377178,0.861549945383527,0.99428967969476,3942,0.993016433540451,FALSE,"CD8 Tem"
0.129151906881428,10.9060756677566,3.09203979742673,0.0786766877797847,0.412439231701052,3943,0.417243642719469,FALSE,"CD8 Tem"
0.12134794654779,10.9086666525323,2.5398341978471,0.111007023328345,0.475804929129174,3944,0.480691402120818,FALSE,"CD8 Tem"
0.120309094325344,10.8018163218712,3.08080150164913,0.0880551315454696,0.431615011138945,3945,0.436535223031574,FALSE,"CD8 Tem"
0.159896093748165,10.8452532524654,5.10680882157047,0.023832510681744,0.261259049156286,3946,0.266717752639003,FALSE,"CD8 Tem"
0.105683978925444,10.8177850260016,1.82051305352158,0.220116912494265,0.600800328644852,3947,0.60378778567404,FALSE,"CD8 Tem"
0.0508044986951605,10.9121213143956,0.53242569518803,0.655763285951393,0.927632396570189,3948,0.927184458408043,FALSE,"CD8 Tem"
-0.00624467826148191,10.8337458338769,0.00737044780507298,0.931584647369526,0.998052981074555,3949,0.997419013883782,FALSE,"CD8 Tem"
0.0953191611403218,10.9187889854027,1.4764909237318,0.416768032622479,0.78363797275232,3950,0.784412444247541,FALSE,"CD8 Tem"
0.040125608540797,10.8433211196058,0.244019782712752,0.652340631210295,0.927632396570189,3951,0.927184458408043,FALSE,"CD8 Tem"
0.0932110733189535,10.8878098733528,1.58428243429822,0.66995645810815,0.933998409117059,3952,0.93342868952607,FALSE,"CD8 Tem"
0.0972090916923678,10.9329326751441,3.10577386518234,0.209921935920134,0.591009033876843,3953,0.59423972877114,FALSE,"CD8 Tem"
0.0361755411250154,10.9416590553833,0.158011177418199,0.690994372864319,0.943653338612688,3954,0.943655989081632,FALSE,"CD8 Tem"
0.0704970531229944,10.9268694752284,0.678438851732755,0.410125179735427,0.779522767041058,3955,0.780381013721414,FALSE,"CD8 Tem"
-0.00111726138669972,10.8270054270323,0.0476084909708517,0.908939709585947,0.998052981074555,3956,0.997419013883782,FALSE,"CD8 Tem"
0.201546507785806,10.9261569003422,6.7685374464143,0.00927813482194967,0.18104445700774,3957,0.185683380724195,FALSE,"CD8 Tem"
0.142716985165284,10.7915067733842,5.73579581858092,0.181921479671546,0.57160004336805,3958,0.575358429064667,FALSE,"CD8 Tem"
0.137980885107747,11.0331167195151,3.85898554391518,0.0494807453466377,0.349618321997851,3959,0.354332694587655,FALSE,"CD8 Tem"
0.0971165795611109,10.8485791807019,1.85055142965107,0.173719836935844,0.563045966263839,3960,0.567002552304633,FALSE,"CD8 Tem"
0.0227163969007327,10.8578266413204,0.276866739099349,0.748946605264287,0.965703785073184,3961,0.965303543429419,FALSE,"CD8 Tem"
0.140708790165333,10.915463004183,3.63588728897413,0.0565469818194951,0.36573727860538,3962,0.37048284329554,FALSE,"CD8 Tem"
0.0774731180371822,10.8626978236017,1.06270073326502,0.302600475809648,0.681217237652795,3963,0.683441350686475,FALSE,"CD8 Tem"
0.123242282077403,10.971244780139,2.25768367590454,0.132953372133028,0.509557971779627,3964,0.514125468561139,FALSE,"CD8 Tem"
0.153367917347426,10.9050021355019,5.05462075282924,0.0496028881873103,0.349618321997851,3965,0.354332694587655,FALSE,"CD8 Tem"
0.135877774409461,10.8485327834705,4.08681734078994,0.0601380694057506,0.374999933269983,3966,0.380253392269513,FALSE,"CD8 Tem"
-0.0148015294995458,10.833605305521,0.0152404472529215,0.901749064104551,0.998052981074555,3967,0.997419013883782,FALSE,"CD8 Tem"
0.16405780947859,10.7630458599949,6.38567720582914,0.016879163944148,0.231753481548512,3968,0.236955367902646,FALSE,"CD8 Tem"
0.0266942507981028,10.8926199937619,0.243200783611003,0.621904037077008,0.917081698302208,3969,0.917138006946507,FALSE,"CD8 Tem"
0.0869709122782673,10.9315430679053,1.13569595390011,0.286564107409718,0.669095336774574,3970,0.671903633255226,FALSE,"CD8 Tem"
-0.00283788356146435,10.8371974143364,0.137426790176504,0.82944078702428,0.991750133480293,3971,0.99056017316442,FALSE,"CD8 Tem"
0.0872939231683788,10.8115536388661,1.32905310870047,0.290718309356283,0.672033229033832,3972,0.674544989051327,FALSE,"CD8 Tem"
0.0756115976089115,10.8408796374805,1.09326696285518,0.295748951941173,0.675935319645403,3973,0.678319257079853,FALSE,"CD8 Tem"
0.0762603705915264,10.9456096344074,0.950810534380953,0.616795899010818,0.913313507258616,3974,0.913269368681239,FALSE,"CD8 Tem"
0.169406508710275,10.892443125821,5.54917505043914,0.018489751940156,0.236731315708715,3975,0.242199764357736,FALSE,"CD8 Tem"
0.155592797156468,10.7730124049593,5.34695617025878,0.0207588502756566,0.242705906983609,3976,0.248523388346185,FALSE,"CD8 Tem"
0.134687814867837,10.8918278474251,3.34532487466454,0.0673967203802989,0.390644861139283,3977,0.395546598787987,FALSE,"CD8 Tem"
0.0434070406828751,10.8948912895622,1.15561924174589,0.475571991101081,0.824407503023157,3978,0.824784850486183,FALSE,"CD8 Tem"
0.00329591717225727,10.8272786790122,1.51036427370011e-05,0.996899158121115,0.999555952465987,3979,0.999488816091444,FALSE,"CD8 Tem"
0.000200647896679303,10.7711938946192,0.000266633137146628,0.986972003777172,0.999555952465987,3980,0.99933775641114,FALSE,"CD8 Tem"
-0.0570657290742587,10.8850780094169,0.588114084183688,0.443149651354166,0.803230330650128,3981,0.803642364145151,FALSE,"CD8 Tem"
0.136819186723274,10.9719157077681,4.46247978801261,0.270761063250127,0.651479412921025,3982,0.654101356866475,FALSE,"CD8 Tem"
0.0602833793818977,10.8948224322213,1.15495926242462,0.710918790415915,0.951734931920937,3983,0.951525811567718,FALSE,"CD8 Tem"
0.14098560769055,10.8028939289893,2.16443906702617,0.265478287592261,0.647206135505635,3984,0.649899020921868,FALSE,"CD8 Tem"
-0.0148121981848978,10.8335344146417,0.185610851978956,0.765355104932136,0.970648162533933,3985,0.969932820526043,FALSE,"CD8 Tem"
0.0450092134407456,10.9483573685316,0.459754187349095,0.742492387051298,0.963810240629524,3986,0.963290442012406,FALSE,"CD8 Tem"
0.0509948333942145,11.1457946630079,0.354926811894514,0.551337591988296,0.875177863596439,3987,0.875479545368334,FALSE,"CD8 Tem"
0.0854876783574442,10.8445651756882,1.08285930990849,0.298059250708001,0.678044420758028,3988,0.680275151532994,FALSE,"CD8 Tem"
-0.00184441932363617,10.9727918141454,1.58495969410272e-07,0.999682349925351,0.999859795968772,3989,0.999859795968772,FALSE,"CD8 Tem"
-0.0417031562059548,10.9292299888825,0.116400386247326,0.732971968051532,0.961467168755672,3990,0.961207354604098,FALSE,"CD8 Tem"
-0.000971746320652839,10.8994498365493,0.0301742923262307,0.862095414913156,0.994367490541247,3991,0.993107077834201,FALSE,"CD8 Tem"
0.162803314654974,10.8724666952151,4.50222200446142,0.0575195848776855,0.367982928839223,3992,0.372910552505508,FALSE,"CD8 Tem"
0.13159539920027,10.7962556744555,4.88762002969159,0.125324420701746,0.497896485959987,3993,0.502179044578922,FALSE,"CD8 Tem"
0.136149378597257,10.9565868687705,2.9048051618398,0.0883164959172865,0.431615011138945,3994,0.436535223031574,FALSE,"CD8 Tem"
0.0240818703865037,10.8947081264953,0.291772529545262,0.802755740854737,0.983771632949457,3995,0.983097029076725,FALSE,"CD8 Tem"
0.00281894812356138,10.7965971494579,0.0982108947808033,0.753987406358767,0.966944843547413,3996,0.966631758232388,FALSE,"CD8 Tem"
0.118852383556464,11.0651065524166,2.23181471490751,0.13519555733736,0.509557971779627,3997,0.514125468561139,FALSE,"CD8 Tem"
-0.0590180727015185,10.7972443276499,0.65282786763863,0.504038072583793,0.847176184189413,3998,0.847961646685928,FALSE,"CD8 Tem"
-0.00605053882480512,10.9170763542996,0.00956876730067553,0.92207520139099,0.998052981074555,3999,0.997419013883782,FALSE,"CD8 Tem"
0.0664946823509869,10.8121045272511,1.01239332136322,0.483575150225215,0.831744696473625,4000,0.832146635443261,FALSE,"CD8 Tem"
-0.0431866261107323,11.0277593772979,0.252816879673345,0.615098776422254,0.911981616434999,4001,0.911943222011766,FALSE,"CD8 Tem"
0.165449618913038,10.9681973351142,4.82152058863088,0.0281069602353006,0.280663037306961,4002,0.28585812794708,FALSE,"CD8 Tem"
0.034693896700826,10.8336040429609,0.100328890196671,0.751435430904577,0.965703785073184,4003,0.965323897931631,FALSE,"CD8 Tem"
0.204833874025319,10.7979496393912,8.25929289934415,0.1453765214292,0.521522589824412,4004,0.526056535021251,FALSE,"CD8 Tem"
0.134330313319941,10.7955843794778,4.06970617896814,0.0436593579040071,0.333874166694882,4005,0.339097074433558,FALSE,"CD8 Tem"
0.0416473053247496,10.8305990784366,0.339422718968722,0.981917320108761,0.999555952465987,4006,0.99933775641114,FALSE,"CD8 Tem"
0.131062369240501,10.7639572045617,4.16441397744055,0.0615060271611807,0.376439717295839,4007,0.381386023832043,FALSE,"CD8 Tem"
-0.0128716710594631,10.7977483505669,0.0657652890217873,0.815676269751779,0.986097480265699,4008,0.985339632184831,FALSE,"CD8 Tem"
0.113239445369886,10.8140231530017,4.44736376314218,0.196901496893453,0.579995084334507,4009,0.583373446113157,FALSE,"CD8 Tem"
0.0380869547657962,10.8111012657618,0.269130057460109,0.748456114052556,0.965703785073184,4010,0.965303543429419,FALSE,"CD8 Tem"
0.265381538931,11.0165119683569,7.91635168083198,0.00489917202894201,0.147961357835125,4011,0.152241474797107,FALSE,"CD8 Tem"
0.291487307877293,10.9152211103144,12.8967720950075,0.000329178265506575,0.0371184170601057,4012,0.0385177421221443,TRUE,"CD8 Tem"
0.225411046133249,10.784839219134,9.74780473961959,0.00179546391908829,0.0971011940427863,4013,0.101028120054859,FALSE,"CD8 Tem"
0.0185533835924633,10.9668283002459,0.138266230471927,0.710010878328375,0.951111922553361,4014,0.951008953137961,FALSE,"CD8 Tem"
0.0392072872801277,11.0473646081421,0.247928482609229,0.618537689447152,0.91385603355105,4015,0.91391431759027,FALSE,"CD8 Tem"
0.0534612728042573,10.7730934784788,0.704334374062398,0.985561485972205,0.999555952465987,4016,0.99933775641114,FALSE,"CD8 Tem"
0.271462031883775,10.9038799149747,12.7797388055494,0.000350424160115379,0.037142267967299,4017,0.0385177421221443,TRUE,"CD8 Tem"
0.122934489786939,10.8995958393219,2.86733513236805,0.578545430097906,0.893655906325185,4018,0.893805047287322,FALSE,"CD8 Tem"
-0.0550504227321491,10.9472928057346,0.461279970069382,0.857854507038857,0.99428967969476,4019,0.993016433540451,FALSE,"CD8 Tem"
-0.0558289431021506,10.8070375554998,0.907083228693446,0.3408899332769,0.718753359458977,4020,0.720654396079777,FALSE,"CD8 Tem"
0.02116797304088,10.8266559935109,0.191982713966539,0.993670687076679,0.999555952465987,4021,0.999488816091444,FALSE,"CD8 Tem"
0.0871935461487236,10.8158626676484,1.15954316841533,0.281560780800731,0.665019425852787,4022,0.667792493538015,FALSE,"CD8 Tem"
0.0681981472140608,10.9965775825385,0.720004709824465,0.396142737497169,0.765459024553109,4023,0.766546436492357,FALSE,"CD8 Tem"
-0.0337877430726253,10.8536798821984,0.283233629767727,0.594589788919766,0.901375254684607,4024,0.901610060627415,FALSE,"CD8 Tem"
0.00255741951073485,10.9424880562753,0.0429041519529708,0.944946715321582,0.998155886516222,4025,0.997542133691908,FALSE,"CD8 Tem"
0.160530048360551,10.8538776431988,5.66457828366571,0.0173112207951215,0.231753481548512,4026,0.237242506178884,FALSE,"CD8 Tem"
0.213397081029279,10.8964573499199,7.65581922265779,0.00565913986570659,0.161364793156166,4027,0.165144919437821,FALSE,"CD8 Tem"
0.014282187946492,10.7785363630988,0.072552212556353,0.969056620537146,0.999555952465987,4028,0.99933775641114,FALSE,"CD8 Tem"
-0.0178235606661546,10.9271996734963,0.0799785826703582,0.777326544545783,0.971234994381042,4029,0.970564433794104,FALSE,"CD8 Tem"
0.150516351121831,11.1032705902894,3.41356571235897,0.0646631246800696,0.382145098966968,4030,0.387189284090815,FALSE,"CD8 Tem"
0.19870480012252,10.8441462236607,6.75983608056162,0.00932348425931822,0.18104445700774,4031,0.185683380724195,FALSE,"CD8 Tem"
0.152663963849929,10.8662202181914,3.80667458906308,0.0510492182703943,0.352003390777681,4032,0.356817181665275,FALSE,"CD8 Tem"
0.0393342505644467,10.814430661632,0.738401115081721,0.948674052620681,0.998155886516222,4033,0.997808704959348,FALSE,"CD8 Tem"
0.108472426497703,10.9310618334107,1.69650724994302,0.192745938062893,0.576599573945387,4034,0.580113962772058,FALSE,"CD8 Tem"
0.121054868275615,10.926402995767,2.42029974333255,0.119772592237813,0.487795382222475,4035,0.491989807255454,FALSE,"CD8 Tem"
0.0403725622239085,10.9229025448601,0.393027204413188,0.530712714357725,0.86275597150569,4036,0.863307262728554,FALSE,"CD8 Tem"
0.0816878852708923,10.931314745198,1.01163689000765,0.340343373983221,0.718753359458977,4037,0.720651158762905,FALSE,"CD8 Tem"
0.0883172383106658,10.7947558276762,1.21326500415613,0.285486905093876,0.668243379764276,4038,0.671103416106161,FALSE,"CD8 Tem"
0.0744208663186059,10.8803711224418,1.15897431863054,0.281678836579228,0.665019425852787,4039,0.667792493538015,FALSE,"CD8 Tem"
0.0597504699134154,11.2786584620532,0.524099441473225,0.469098507584703,0.819976499333226,4040,0.820261021077938,FALSE,"CD8 Tem"
0.0544670658832913,11.0201886654997,0.538507274010979,0.652420650911171,0.927632396570189,4041,0.927184458408043,FALSE,"CD8 Tem"
0.139004266169589,10.8346581110144,5.29516159937244,0.0926575223347946,0.441291916434825,4042,0.446419703631317,FALSE,"CD8 Tem"
0.0859065885366095,10.8516228933469,1.46630559367414,0.228294799674651,0.607173567870199,4043,0.610083372596426,FALSE,"CD8 Tem"
0.153116977476509,10.8378432898607,4.08502110655016,0.4641769874856,0.819001202122734,4044,0.819504669646868,FALSE,"CD8 Tem"
0.0644971988012334,10.8055718867158,2.81751426209168,0.259017463210681,0.638488835195805,4045,0.641171250443354,FALSE,"CD8 Tem"
0.169753569477103,10.9225512477088,5.32938590135747,0.0209691450796935,0.242705906983609,4046,0.248523388346185,FALSE,"CD8 Tem"
0.159594425415277,10.8811069222677,4.30606888773974,0.0379770917203221,0.320852335200749,4047,0.325422034682078,FALSE,"CD8 Tem"
0.118104115886936,10.8704278510456,2.71961765979235,0.18519978262041,0.572836490194472,4048,0.576966921832522,FALSE,"CD8 Tem"
-0.0164486802767983,10.8815172318256,0.08462922496771,0.886829586857791,0.998052981074555,4049,0.997419013883782,FALSE,"CD8 Tem"
-0.00168649442959876,10.8685736805346,0.000968738668487017,0.975170208971386,0.999555952465987,4050,0.99933775641114,FALSE,"CD8 Tem"
0.102958375949211,10.7738102371866,1.05462198329694,0.362259550668026,0.738977876145631,4051,0.740741400768866,FALSE,"CD8 Tem"
0.191433505774093,10.8068766656781,6.69417184245254,0.00967311573766003,0.185907691305193,4052,0.190768425057244,FALSE,"CD8 Tem"
0.0612345408898501,10.7757064552645,0.751514111309187,0.38599765943077,0.756223721151016,4053,0.757548356057276,FALSE,"CD8 Tem"
0.18303114605425,10.8204233550376,6.40075863080516,0.0676874147497079,0.391073498137753,4054,0.39596926149634,FALSE,"CD8 Tem"
0.0264465101077051,10.7821254364144,0.250096212947613,0.756799024550287,0.96886106886413,4055,0.968575228388272,FALSE,"CD8 Tem"
-0.00300127634239964,10.9837595219684,0.00366765969153442,0.951708692025114,0.998155886516222,4056,0.997808704959348,FALSE,"CD8 Tem"
0.185450153828685,10.894488594477,7.41924113821778,0.00645320842107412,0.167675264616848,4057,0.171490390625865,FALSE,"CD8 Tem"
0.0213205377392938,10.8171743275638,0.0583287955801807,0.934945801804796,0.998052981074555,4058,0.997419013883782,FALSE,"CD8 Tem"
0.0362185006221596,11.2628418146645,0.140268430140619,0.708014448078033,0.949848332256883,4059,0.949857825181255,FALSE,"CD8 Tem"
0.0908231990619518,10.9096337776197,1.48728801415153,0.222638245532526,0.603131498170762,4060,0.60614656884961,FALSE,"CD8 Tem"
0.198633862879931,10.8670267319784,7.04762624316531,0.00793726739719416,0.171348640158618,4061,0.175533404150049,FALSE,"CD8 Tem"
0.1645656927918,10.9509438352184,3.70740897939617,0.0594222931810001,0.373389225079547,4062,0.378523390780894,FALSE,"CD8 Tem"
0.243797419239783,10.8293387366764,11.1652177092921,0.00083466932389576,0.0626136617006319,4063,0.0650176604911638,TRUE,"CD8 Tem"
0.039561103624597,10.985979225627,0.093953777333522,0.759209782000644,0.970344791449573,4064,0.969932820526043,FALSE,"CD8 Tem"
0.0967973467953119,10.7966061560561,2.25409968650909,0.29159086517689,0.672385778489522,4065,0.67499185863568,FALSE,"CD8 Tem"
-0.076772793975317,10.8230988658354,0.969325237110621,0.42890419996982,0.790659307990342,4066,0.791378154002752,FALSE,"CD8 Tem"
0.112354011876841,10.8528622387309,1.53692849176223,0.371272890926336,0.743893812516204,4067,0.745511025882385,FALSE,"CD8 Tem"
0.0485074132754914,10.8884592174829,0.39544339933275,0.529452171797369,0.862213603301668,4068,0.862835409758184,FALSE,"CD8 Tem"
0.0459478513662078,11.0690260759273,0.330900176654029,0.565129749450114,0.884175660017786,4069,0.884445056460977,FALSE,"CD8 Tem"
0.155043232063198,10.8210409293544,5.11986237967109,0.0515269349012861,0.353468693548498,4070,0.358220884374436,FALSE,"CD8 Tem"
0.121169648347445,10.7709123553844,3.78944354532886,0.145043475303255,0.521327050722907,4071,0.525806453002285,FALSE,"CD8 Tem"
0.105817417286706,10.8584876673483,1.44362123699583,0.371387106571194,0.743893812516204,4072,0.745511025882385,FALSE,"CD8 Tem"
0.0736437995127534,10.7583389603325,1.04044338680772,0.307718827768553,0.686097923274947,4073,0.688241936217271,FALSE,"CD8 Tem"
0.115078265519886,10.8912975041043,1.57658264488941,0.989798610113842,0.999555952465987,4074,0.99933775641114,FALSE,"CD8 Tem"
0.0139173277760328,10.7936632356113,0.0145710391086953,0.903920339672164,0.998052981074555,4075,0.997419013883782,FALSE,"CD8 Tem"
0.0702785335051535,10.9600928529127,0.890179935526023,0.442524539173466,0.80272294527917,4076,0.803175888681676,FALSE,"CD8 Tem"
0.0871973898766718,10.8774106305681,1.43549449436401,0.23087034479778,0.609037672346984,4077,0.611853604873159,FALSE,"CD8 Tem"
5.11055941398519e-05,11.0436367830233,0.00849131858502693,0.9265802072465,0.998052981074555,4078,0.997419013883782,FALSE,"CD8 Tem"
0.0329952583514881,10.8922626618367,0.115681627116273,0.733766278056093,0.961560462729877,4079,0.961253462582886,FALSE,"CD8 Tem"
0.130911007888034,10.7933885237492,3.65800110533828,0.060169682208378,0.374999933269983,4080,0.380253392269513,FALSE,"CD8 Tem"
0.0314111412629936,10.8660256859758,0.231007304948286,0.634683956725742,0.922818129375256,4081,0.922858140160255,FALSE,"CD8 Tem"
0.0375022013293851,10.7938309673799,0.446821893656075,0.561298698262944,0.881547126597025,4082,0.881948737994621,FALSE,"CD8 Tem"
0.110831966092797,10.8241620774682,2.54317692704383,0.121665949581002,0.49205941869673,4083,0.49639407154014,FALSE,"CD8 Tem"
-0.00357238150096135,10.9207616262734,0.0625515161136607,0.802507781931016,0.983771632949457,4084,0.983097029076725,FALSE,"CD8 Tem"
0.184358523473142,10.8433651664538,11.6224576015149,0.00835872008253915,0.174333664143003,4085,0.178593086010591,FALSE,"CD8 Tem"
0.0205154105258188,11.0607809611298,0.0453801241196779,0.831306675975826,0.991750133480293,4086,0.99056017316442,FALSE,"CD8 Tem"
0.0661949893481495,10.8770409015607,0.937528368809366,0.333688231430807,0.709316254289161,4087,0.711167934746886,FALSE,"CD8 Tem"
0.0200062973338015,10.8283425807759,0.0529016632260075,0.91293773219483,0.998052981074555,4088,0.997419013883782,FALSE,"CD8 Tem"
-0.0553685945065723,10.805519512578,0.070881138455581,0.790058238738582,0.97701698175303,4089,0.976438309620639,FALSE,"CD8 Tem"
0.145944530110349,10.8312387462484,3.25279193497661,0.134641414746123,0.509557971779627,4090,0.514125468561139,FALSE,"CD8 Tem"
0.0791687275859358,10.9455250232908,1.13498948959582,0.286714041322667,0.669095336774574,4091,0.671903633255226,FALSE,"CD8 Tem"
-0.0262479545639693,10.9522478787786,0.0507068686058138,0.82183788779457,0.988673647726148,4092,0.98783368811259,FALSE,"CD8 Tem"
0.0686096042112785,10.7774197784846,1.23436950349471,0.498342491479918,0.842387595481276,4093,0.843282980488932,FALSE,"CD8 Tem"
0.163345799590066,10.8783895141289,4.05508847577696,0.0440389024241032,0.333874166694882,4094,0.339097074433558,FALSE,"CD8 Tem"
0.116996441131827,10.7956102626448,2.22277651799317,0.352261133074754,0.729122958774664,4095,0.730906512286367,FALSE,"CD8 Tem"
0.0830054652098202,10.9973258417933,0.51965022820134,0.606767499717748,0.907220950437234,4096,0.907226048084403,FALSE,"CD8 Tem"
0.139915276329269,11.0596369907537,2.88576575162497,0.0893660825501427,0.433118894047371,4097,0.437951564841367,FALSE,"CD8 Tem"
0.0288239612726691,10.7908757679685,0.118494239259161,0.73067351423167,0.96088934145692,4098,0.960718324905553,FALSE,"CD8 Tem"
0.0983668632826142,10.880483664952,1.88684121291789,0.169559198001003,0.558890612198404,4099,0.563124175837834,FALSE,"CD8 Tem"
-0.0806556787439578,11.0042207060739,0.834213943484827,0.361057251399628,0.738143857696557,4100,0.739828298493786,FALSE,"CD8 Tem"
0.198952306298282,10.8025140329395,9.11523567433118,0.0366445751678092,0.317294549471818,4101,0.32188944579677,FALSE,"CD8 Tem"
0.00964905515508086,10.8099578354455,0.0093185307463101,0.923097669150525,0.998052981074555,4102,0.997419013883782,FALSE,"CD8 Tem"
0.154919163021581,10.990251418619,3.87375048121085,0.0490473124539712,0.348293198651819,4103,0.353371105917642,FALSE,"CD8 Tem"
0.118544273311657,10.844680408544,2.49970156283388,0.234856589135298,0.612086221073138,4104,0.61480528545715,FALSE,"CD8 Tem"
0.183975759401383,10.9147620522311,5.15875081538285,0.0231299161777932,0.257361818523722,4105,0.263149448148352,FALSE,"CD8 Tem"
0.0354968100411804,10.8413953524416,0.275137197903367,0.608832806097357,0.907483420939802,4106,0.907485671957687,FALSE,"CD8 Tem"
0.125260573306099,10.9479140154816,2.28798669859348,0.505866583253823,0.847773798380493,4107,0.848603046800307,FALSE,"CD8 Tem"
-0.034853920372962,10.831604727533,0.20171716375023,0.653338535408725,0.927632396570189,4108,0.927184458408043,FALSE,"CD8 Tem"
0.0100038505837191,10.8828893546419,0.0146853705337944,0.903545966840857,0.998052981074555,4109,0.997419013883782,FALSE,"CD8 Tem"
0.0282325716735147,11.1924433937535,0.108812498970126,0.741500287016995,0.963714602055123,4110,0.96320581145342,FALSE,"CD8 Tem"
0.0610251754023724,10.8267894571637,0.570622165956717,0.450012117044154,0.808756131107036,4111,0.809408850445616,FALSE,"CD8 Tem"
-0.00276446638265502,10.8123985211811,9.35174713359808e-05,0.99228422649414,0.999555952465987,4112,0.99933775641114,FALSE,"CD8 Tem"
0.122400174226965,10.8761128555216,4.47680343433321,0.518071865307135,0.854266771321363,4113,0.855182666457935,FALSE,"CD8 Tem"
0.0365161291547186,10.7905483605553,0.734036838415653,0.64911755894627,0.927632396570189,4114,0.927184458408043,FALSE,"CD8 Tem"
0.130765304183832,10.8670651693203,4.43942970998256,0.513924779839785,0.85265158685621,4115,0.853389650700993,FALSE,"CD8 Tem"
0.0278975620243915,10.9343917840159,0.118034105868928,0.731176651464084,0.96088934145692,4116,0.960718324905553,FALSE,"CD8 Tem"
0.0812495598478384,10.8196174280754,1.05413021450192,0.370025528277072,0.74319711394235,4117,0.744798398887309,FALSE,"CD8 Tem"
0.0935620271309908,10.9735783389208,1.44046148243208,0.230065199652406,0.608576057364641,4118,0.611452096949279,FALSE,"CD8 Tem"
0.132903939540228,10.9085666804218,3.46036071712494,0.0628571402039443,0.376439717295839,4119,0.381386023832043,FALSE,"CD8 Tem"
0.176823691621337,10.8859801212991,4.78831186441567,0.0312016664544054,0.290819540439759,4120,0.295245166270196,FALSE,"CD8 Tem"
0.0406323371894203,10.9160669149229,0.312097176603168,0.82539221197481,0.990737031990802,4121,0.989893884974023,FALSE,"CD8 Tem"
0.107127326961422,10.9198310489761,2.30413997658592,0.129030260968716,0.504519775991386,4122,0.508704233428601,FALSE,"CD8 Tem"
0.10528498738014,10.7966565716257,2.19245760665405,0.22754316829426,0.607173567870199,4123,0.610083372596426,FALSE,"CD8 Tem"
0.162847751904182,10.9109237649975,4.1165739962725,0.0511673174439803,0.352040226970343,4124,0.356817181665275,FALSE,"CD8 Tem"
-0.00548625931901769,11.0685649009965,0.00749326405688409,0.93101839898064,0.998052981074555,4125,0.997419013883782,FALSE,"CD8 Tem"
0.193071644088336,10.8787027299649,6.50864808158058,0.0117364851707013,0.204963360807038,4126,0.209868950837161,FALSE,"CD8 Tem"
0.168357432486847,10.9754284345123,4.10499439358566,0.0427572200850516,0.333874166694882,4127,0.339097074433558,FALSE,"CD8 Tem"
-0.0470092789324673,10.8993669188711,0.362755153386884,0.546980312225107,0.871234737040745,4128,0.871494096330556,FALSE,"CD8 Tem"
0.154411605342192,10.8035372276231,3.77114725139524,0.259238101882741,0.638488835195805,4129,0.641171250443354,FALSE,"CD8 Tem"
-0.104800714404808,10.8148292429459,1.98775454395109,0.15857643119882,0.542662111952426,4130,0.547472934760882,FALSE,"CD8 Tem"
0.0930947331976402,10.8571428577264,1.22658413502265,0.268072861961927,0.649040541897408,4131,0.651604290988725,FALSE,"CD8 Tem"
0.0242181529735835,10.8208349198218,0.165872827703295,0.80118264502439,0.983452225391512,4132,0.982891633730988,FALSE,"CD8 Tem"
0.210842951306187,10.848139366729,9.02771841596997,0.00265928276513381,0.11753752900168,4133,0.121620833809054,FALSE,"CD8 Tem"
0.155133073277156,11.0635066389797,3.07158673508569,0.0796722357332157,0.414955843667622,4134,0.419677132316342,FALSE,"CD8 Tem"
-0.012622114886692,10.9706045269581,0.00115063758923261,0.972940120330377,0.999555952465987,4135,0.99933775641114,FALSE,"CD8 Tem"
0.0783091677238674,10.911507196263,1.58636393047073,0.586225687234629,0.898510992413307,4136,0.898735883806317,FALSE,"CD8 Tem"
0.212166288366925,10.7519433770486,10.3597960397747,0.0042625434173375,0.140487777036994,4137,0.145575337301113,FALSE,"CD8 Tem"
0.0622666919010225,10.8331221407029,0.430792227787721,0.979724627908187,0.999555952465987,4138,0.99933775641114,FALSE,"CD8 Tem"
0.0395267324048859,10.7747421834153,0.358868920229966,0.876284301096291,0.998052981074555,4139,0.997196667792019,FALSE,"CD8 Tem"
0.118240910394446,10.9464626327715,2.24211596363921,0.134297672652719,0.509557971779627,4140,0.514125468561139,FALSE,"CD8 Tem"
0.192658749442069,10.9229592953728,5.56322399768611,0.02976847678715,0.286060300696352,4141,0.290994561291019,FALSE,"CD8 Tem"
0.00223595864397435,10.8045199303345,0.00277832151690647,0.95796316129019,0.999555952465987,4142,0.999247718254085,FALSE,"CD8 Tem"
0.105402379833212,10.8085517189115,2.79799604186287,0.0943827786838758,0.445207204522015,4143,0.450338141851348,FALSE,"CD8 Tem"
0.0832094117012334,10.8001134630824,1.35307224155942,0.321327691951374,0.70280581713568,4144,0.704800742800634,FALSE,"CD8 Tem"
0.0161537553118886,11.0430652864821,0.228018913149258,0.652601469384956,0.927632396570189,4145,0.927184458408043,FALSE,"CD8 Tem"
-0.045661406308465,10.8013060174962,0.442718378151412,0.528141745453501,0.860942902215665,4146,0.861583016530525,FALSE,"CD8 Tem"
0.148120737202785,10.8543626255238,3.10094191372242,0.078247571330455,0.412439231701052,4147,0.417243642719469,FALSE,"CD8 Tem"
0.0569656862238916,10.7928315572887,0.626636383186939,0.428592146653161,0.790549451040726,4148,0.791272918093413,FALSE,"CD8 Tem"
0.0165407383926672,11.0661066450664,0.363350107431671,0.726422570070636,0.95918204286153,4149,0.959068036710422,FALSE,"CD8 Tem"
0.0166640426665923,10.9290261643541,0.0692927918571614,0.865776321585723,0.995699491024715,4150,0.994636546052096,FALSE,"CD8 Tem"
-0.0258509783118899,10.9880911397743,0.0885911693137441,0.765976004201193,0.970648162533933,4151,0.969932820526043,FALSE,"CD8 Tem"
0.0437608484342394,10.8306801038138,0.737121156193426,0.448132199528831,0.807540821390389,4152,0.808268971785841,FALSE,"CD8 Tem"
0.107970822283194,11.0138889593086,1.89014172450227,0.169186503484473,0.558241996189635,4153,0.562423374996589,FALSE,"CD8 Tem"
0.0953930476715422,10.7669013395193,1.66417157458338,0.26456248594221,0.646265204732314,4154,0.648965185441338,FALSE,"CD8 Tem"
0.0891105392076788,10.7686413668284,1.26119919568844,0.273997674093819,0.654862889111178,4155,0.6575819489498,FALSE,"CD8 Tem"
0.0479233854025447,10.8084347598291,0.383835652096872,0.535557834618008,0.86548974593758,4156,0.865987387471532,FALSE,"CD8 Tem"
0.104827748880422,10.7857802107548,2.62870013751558,0.104948179754423,0.462000037709779,4157,0.466764905023896,FALSE,"CD8 Tem"
0.132814070914193,10.8895629575045,3.38373167524757,0.0658433636698894,0.385689526988231,4158,0.390602398357326,FALSE,"CD8 Tem"
0.137908925331116,10.8659819573854,3.18451090083963,0.0849655530586883,0.426958847281545,4159,0.432042991570983,FALSE,"CD8 Tem"
0.0565240926193784,10.846539527801,0.623365737494819,0.540858288728324,0.867424793405322,4160,0.867973887566211,FALSE,"CD8 Tem"
0.0429361590503222,10.9015367031785,0.871109559256335,0.841793913242816,0.993608005449188,4161,0.992287974212428,FALSE,"CD8 Tem"
0.0851837613486145,10.9703589614143,1.09029478363727,0.584201262232962,0.897514564117073,4162,0.897685225134352,FALSE,"CD8 Tem"
0.0891796219300953,11.0185744273302,1.31084304962543,0.252242576919511,0.63115865840815,4163,0.634124851556973,FALSE,"CD8 Tem"
-0.0184658389460402,10.7824628695396,0.00351673912364684,0.952711509880713,0.998155886516222,4164,0.997808704959348,FALSE,"CD8 Tem"
0.130791807688744,10.9228813681138,2.58412186384559,0.107940836307565,0.469189560435967,4165,0.474045830634168,FALSE,"CD8 Tem"
0.0918243539331058,10.8513290867912,1.54693369986382,0.213589217061293,0.595208776843664,4166,0.598284451531974,FALSE,"CD8 Tem"
-0.0449642240063359,10.9279599596402,0.145619832997665,0.702756995833894,0.947375703323258,4167,0.947397535736846,FALSE,"CD8 Tem"
-0.0765172705336955,10.7842567429069,0.806784301792072,0.369073081376001,0.74277754282985,4168,0.744450755034153,FALSE,"CD8 Tem"
0.116839749646622,10.9377079304117,1.78345252218922,0.181726506058657,0.57160004336805,4169,0.575358429064667,FALSE,"CD8 Tem"
0.251507864664226,10.8435255949103,11.1868000329301,0.0151030244644444,0.223829413848177,4170,0.22813072489365,FALSE,"CD8 Tem"
0.0687002088601534,10.9836444853899,0.839157280991176,0.359638306076508,0.736537983955015,4171,0.738182125543763,FALSE,"CD8 Tem"
0.0680427853721241,10.9178104240109,0.909512784687005,0.38018647523055,0.749387463228917,4172,0.750822506778965,FALSE,"CD8 Tem"
0.112577318424212,11.1077307620777,1.61214182908995,0.68420679173157,0.939344844234552,4173,0.939080274436522,FALSE,"CD8 Tem"
0.0352217604921072,10.9341290338165,0.267601722579084,0.815359844167118,0.986097480265699,4174,0.985339632184831,FALSE,"CD8 Tem"
0.0558232373646649,10.9694472987832,0.417587146278957,0.518143745839081,0.854266771321363,4175,0.855182666457935,FALSE,"CD8 Tem"
0.0690443102619456,10.9295126323316,0.725185559499825,0.3944485761374,0.764815867885444,4176,0.765943574243113,FALSE,"CD8 Tem"
-0.00753678449337783,10.8261832523965,0.0227022557103701,0.880233983271343,0.998052981074555,4177,0.997419013883782,FALSE,"CD8 Tem"
0.128873310617124,10.7784559068181,3.33789165521129,0.10179256920188,0.455666255397443,4178,0.460760013756507,FALSE,"CD8 Tem"
0.103039365244029,10.8833920273397,1.78725891782661,0.181261052377832,0.571556037023252,4179,0.575358429064667,FALSE,"CD8 Tem"
0.065315949229954,10.967982254083,0.858900508761511,0.794987846610579,0.979726675830896,4180,0.979133132616682,FALSE,"CD8 Tem"
0.0979516050083851,10.8887504126098,1.41976967678994,0.233441836533422,0.611698146844228,4181,0.614404520702286,FALSE,"CD8 Tem"
0.0921229477046866,10.9421203070527,1.16920359169279,0.279565420586399,0.661610263162203,4182,0.664370289720759,FALSE,"CD8 Tem"
0.123525105268532,10.7979320840739,2.35110271901002,0.285792703483833,0.668622667959411,4183,0.671520134507313,FALSE,"CD8 Tem"
0.119628364276595,10.783349296821,2.95332282917694,0.103974480886216,0.46127813778188,4184,0.46620576238568,FALSE,"CD8 Tem"
0.179674720575406,10.8155029174552,6.4926719011939,0.0108322775932359,0.195956211066008,4185,0.200666395066918,FALSE,"CD8 Tem"
0.00521196308887388,10.8434328991887,0.0146122995229339,0.903785063120623,0.998052981074555,4186,0.997419013883782,FALSE,"CD8 Tem"
0.050046452771406,10.9268721102492,0.54308509319975,0.461157286359169,0.816654719027562,4187,0.817116384999255,FALSE,"CD8 Tem"
0.200124036048947,10.8343798904881,10.1038111768471,0.00147971287100807,0.0882163143805251,4188,0.0917227238134571,TRUE,"CD8 Tem"
0.0527963284157335,10.8280643679063,0.235449583612196,0.627512353418214,0.920631085205422,4189,0.920744939997779,FALSE,"CD8 Tem"
0.0482121171673197,10.9576194277,0.482224663776687,0.689780759485155,0.942975213884784,4190,0.942841718353821,FALSE,"CD8 Tem"
0.200149443078761,10.8514786206215,6.73954425098983,0.0732577421965506,0.40312367197151,4191,0.407968388958692,FALSE,"CD8 Tem"
0.0937484414187966,10.8959222531039,1.57413014207019,0.209608768180279,0.591009033876843,4192,0.59423972877114,FALSE,"CD8 Tem"
0.171189058899848,11.081351429329,4.28242025226865,0.0385089492241339,0.322040108402794,4193,0.326509872573005,FALSE,"CD8 Tem"
0.0262908887318177,10.86509201753,0.229560509300258,0.631850088368651,0.921522345877264,4194,0.92175322563696,FALSE,"CD8 Tem"
0.139396297545829,11.0184220315132,2.46318460897096,0.218028454574686,0.598901393003443,4195,0.601845315635894,FALSE,"CD8 Tem"
0.144817034046136,10.8127548058127,3.90854687389198,0.0802232129346197,0.416464201395113,4196,0.421228422657114,FALSE,"CD8 Tem"
-0.00310733970047369,10.9906091123528,0.000702641054880414,0.978852659099908,0.999555952465987,4197,0.99933775641114,FALSE,"CD8 Tem"
0.2492206193578,10.8659840132066,11.5485304475392,0.000678076834558309,0.0581581524947486,4198,0.0606149247042373,TRUE,"CD8 Tem"
0.017699522417259,10.9002541805037,0.0694565433485382,0.861365091832758,0.99428967969476,4199,0.993016433540451,FALSE,"CD8 Tem"
0.122938732845849,11.127846953376,2.44988818962338,0.117533821318172,0.48690754790225,4200,0.491179210594834,FALSE,"CD8 Tem"
0.255667926253082,10.977483737589,8.80898251645254,0.00299764189176312,0.12138056036742,4201,0.125540202456827,FALSE,"CD8 Tem"
0.0590351695001377,10.8822847370057,0.50180280289776,0.478709358958507,0.827096941774821,4202,0.827437331812299,FALSE,"CD8 Tem"
0.143058907123615,10.8375221062369,2.39151909326283,0.143243680567108,0.518432798249581,4203,0.522919060733196,FALSE,"CD8 Tem"
0.0285074116261496,10.9775911218868,0.182076400155175,0.91295845005947,0.998052981074555,4204,0.997419013883782,FALSE,"CD8 Tem"
0.0604170087359472,10.909515934103,0.799083298456267,0.371367984946109,0.743893812516204,4205,0.745511025882385,FALSE,"CD8 Tem"
0.135247532488806,10.8343335079953,3.80620808686734,0.0516193804586259,0.353581352743843,4206,0.358286894267561,FALSE,"CD8 Tem"
0.0670056851592569,11.0814679578374,0.665882417776234,0.414491234836067,0.783021418855625,4207,0.783680340692402,FALSE,"CD8 Tem"
0.100865694281614,10.796352754058,1.71090526140334,0.190868512111869,0.576599573945387,4208,0.580113962772058,FALSE,"CD8 Tem"
0.0245592744415057,10.7834349036917,0.0936138448942496,0.85735385550516,0.99428967969476,4209,0.993016433540451,FALSE,"CD8 Tem"
0.121410821110003,10.7919307780387,3.34567684373849,0.095673865611818,0.447967951301563,4210,0.453207067576874,FALSE,"CD8 Tem"
0.0419838537830312,10.8104853047359,0.686727843354095,0.407279960898003,0.775918622640816,4211,0.776808197620374,FALSE,"CD8 Tem"
-0.0677385433085711,10.8043001026572,0.861771314990113,0.353243887768658,0.729869978681488,4212,0.731720179822093,FALSE,"CD8 Tem"
0.09030878656699,10.884747391615,1.33962391506488,0.247100810461305,0.625961802535691,4213,0.628999866466105,FALSE,"CD8 Tem"
0.0600118363317722,10.8015195749199,0.758021594708682,0.383948753584267,0.753161388831895,4214,0.754480990401141,FALSE,"CD8 Tem"
-0.0142257088498902,11.0098839878069,0.00535901159303341,0.941642799492399,0.998052981074555,4215,0.997419013883782,FALSE,"CD8 Tem"
0.0239930452508139,10.8108270518521,0.181140005116872,0.851677107955221,0.994123106138315,4216,0.992964235102643,FALSE,"CD8 Tem"
0.19079886588948,10.927708143212,6.50830365623329,0.0107374599821779,0.195077837410583,4217,0.199706582165948,FALSE,"CD8 Tem"
0.0133967366967749,10.8399315826404,0.00449726089679958,0.94653267240503,0.998155886516222,4218,0.997789883574633,FALSE,"CD8 Tem"
0.133993134949781,10.8256882530661,3.37941225046811,0.186579905463333,0.573128825768146,4219,0.577220695359427,FALSE,"CD8 Tem"
0.244341993001288,10.7931169001044,12.4737943680829,0.00622238822323391,0.166323721990005,4220,0.170003838948419,FALSE,"CD8 Tem"
0.00646822716543508,10.9711155822627,0.00650234851845947,0.9357305577274,0.998052981074555,4221,0.997419013883782,FALSE,"CD8 Tem"
0.167409940235642,10.7742276274904,5.44845452624961,0.0351252265250445,0.312987770215547,4222,0.317400246777008,FALSE,"CD8 Tem"
-0.0416513016096667,10.7726260825136,0.797546657185698,0.862283168348004,0.994367490541247,4223,0.993107077834201,FALSE,"CD8 Tem"
0.0666407529687562,10.8874136990214,0.793706109608809,0.487353704909021,0.834745502079007,4224,0.83536336200657,FALSE,"CD8 Tem"
0.126433477627126,10.9412452695956,2.91589341249789,0.0877113951686228,0.431232239882944,4225,0.436165612080374,FALSE,"CD8 Tem"
0.15290085112554,10.7609431487013,6.43177977359942,0.0230243513141406,0.257259985776504,4226,0.263112703763404,FALSE,"CD8 Tem"
0.186710768508686,10.766409390723,8.39416066263205,0.0152846047569137,0.22423913527511,4227,0.228852078219512,FALSE,"CD8 Tem"
-0.0227697917841219,10.7744447677155,0.0534593015380999,0.817149669705007,0.986134694810064,4228,0.985395359113042,FALSE,"CD8 Tem"
0.0701536780053149,10.8684148983927,0.813701347979844,0.507893942221973,0.848496668561205,4229,0.84929932030006,FALSE,"CD8 Tem"
0.0719935937756579,10.8278172950997,0.827640262598356,0.36295616329664,0.738977876145631,4230,0.740741400768866,FALSE,"CD8 Tem"
-9.22397026717913e-05,10.8656771411644,0.0397713229105113,0.841928434632391,0.993608005449188,4231,0.992287974212428,FALSE,"CD8 Tem"
0.0639697244357307,10.9352793824861,0.656678651455134,0.845948193605537,0.994123106138315,4232,0.992964235102643,FALSE,"CD8 Tem"
0.0562618334111972,10.8024826106949,0.635819516961318,0.439283334181748,0.79961567091517,4233,0.8001503654223,FALSE,"CD8 Tem"
0.0584786482058098,10.958159886916,0.660026194299142,0.416551051259918,0.78363797275232,4234,0.784412444247541,FALSE,"CD8 Tem"
0.118234621361389,10.8167173921727,1.80382547926379,0.179251260411988,0.568132206150046,4235,0.572044926624278,FALSE,"CD8 Tem"
-0.0132102533916512,10.7678199848478,1.56932577688944,0.594565992058785,0.901375254684607,4236,0.901610060627415,FALSE,"CD8 Tem"
0.170061617848616,10.808529846283,6.45797387745016,0.0686738861828321,0.392004651373894,4237,0.396975663954345,FALSE,"CD8 Tem"
0.308826465928326,10.9409628097989,15.372952562914,8.82532164357832e-05,0.0240783488969809,4238,0.0249574404194535,TRUE,"CD8 Tem"
0.148796330468847,11.0894612323866,3.51650053256828,0.0607611478247076,0.376281825471943,4239,0.381386023832043,FALSE,"CD8 Tem"
0.122967460556023,10.8696604271875,2.78238236120877,0.376176065637772,0.748399635647989,4240,0.749961296159554,FALSE,"CD8 Tem"
0.0131384961184756,10.9640765908082,0.0142413025144565,0.905008471835526,0.998052981074555,4241,0.997419013883782,FALSE,"CD8 Tem"
0.0845952513021024,10.8086512676808,1.04811085155158,0.40863174286075,0.777637576123301,4242,0.778528136418086,FALSE,"CD8 Tem"
0.0976689344882465,10.8405074470428,1.85104711636871,0.291605861307136,0.672385778489522,4243,0.67499185863568,FALSE,"CD8 Tem"
0.1775118969678,10.856653827215,5.28349056748465,0.0319987520731783,0.296166702749143,4244,0.300538695637516,FALSE,"CD8 Tem"
-0.0187583904253069,10.8894252308383,0.0548701923250246,0.814795744230787,0.986097480265699,4245,0.985339632184831,FALSE,"CD8 Tem"
0.102887327719873,10.8422167179096,2.12205639585772,0.252855768110295,0.631225954779908,4246,0.634138659863068,FALSE,"CD8 Tem"
0.105317738063809,10.7759568384415,2.9368211054543,0.222052158476503,0.602898183931241,4247,0.605854247145331,FALSE,"CD8 Tem"
0.0578152884522892,10.9303206182383,0.364278458492877,0.546139889023182,0.870524093287269,4248,0.870774568721025,FALSE,"CD8 Tem"
0.0555609364262129,10.9699680502399,0.579074075377956,0.446675812576312,0.807105362972972,4249,0.807655878386803,FALSE,"CD8 Tem"
0.153629535532631,10.8696378964032,3.9355945675811,0.0472749280337793,0.341421879324701,4250,0.346659387760024,FALSE,"CD8 Tem"
-0.0263759402284743,10.7876790796819,0.00110291087237941,0.973507054546134,0.999555952465987,4251,0.99933775641114,FALSE,"CD8 Tem"
-0.045783641970505,11.0229533382829,0.298599079230366,0.76421426574261,0.970648162533933,4252,0.969932820526043,FALSE,"CD8 Tem"
0.0943027327641956,10.8107193640677,1.57214722591747,0.209895996934522,0.591009033876843,4253,0.59423972877114,FALSE,"CD8 Tem"
-0.0643296756319073,10.7769902723968,0.790551019551496,0.537429771882147,0.8655496595729,4254,0.866189408133301,FALSE,"CD8 Tem"
0.0794228070551422,10.8975559758071,1.1931837688871,0.274688775434402,0.655544230222979,4255,0.65835908217154,FALSE,"CD8 Tem"
-0.0115359184375071,10.87260678673,0.00938701037498314,0.922816497893242,0.998052981074555,4256,0.997419013883782,FALSE,"CD8 Tem"
0.195034008280104,10.9112055328477,6.06615259283932,0.0137799871695359,0.21724255088155,4257,0.221570481623738,FALSE,"CD8 Tem"
0.0497664993428707,10.832251952008,0.717051537462053,0.397113137013095,0.766697052821879,4258,0.767783535761131,FALSE,"CD8 Tem"
0.172572373154924,10.8524722023824,5.45128729250743,0.0573317772952718,0.367286633884723,4259,0.372179927269496,FALSE,"CD8 Tem"
0.105718604948397,11.0560357591813,1.91288390983012,0.370104213569523,0.74319711394235,4260,0.744798398887309,FALSE,"CD8 Tem"
0.0515439957671525,10.830052697643,0.168366129250005,0.903351676752658,0.998052981074555,4261,0.997419013883782,FALSE,"CD8 Tem"
0.105994461488508,10.8624216312771,2.14865231404054,0.142695674032752,0.517285720909063,4262,0.52174550618681,FALSE,"CD8 Tem"
0.166188674100748,10.8405963761757,5.55830125645943,0.0183936055451874,0.236731315708715,4263,0.242199764357736,FALSE,"CD8 Tem"
0.10599484783474,11.0158650793618,1.76536594273829,0.183957178600956,0.572836490194472,4264,0.576966921832522,FALSE,"CD8 Tem"
0.0873128002953871,10.8140904110012,1.48855776146892,0.222440894917931,0.603131498170762,4265,0.60614656884961,FALSE,"CD8 Tem"
0.238779652043329,10.9081259249888,8.37753604919882,0.00379902178655714,0.132851506235167,4266,0.137633529787331,FALSE,"CD8 Tem"
0.0156865175212286,10.7956703412302,0.00518042981012998,0.942621668451819,0.998052981074555,4267,0.997419013883782,FALSE,"CD8 Tem"
0.118929451555625,10.8799752574267,2.91957139991877,0.134594303980132,0.509557971779627,4268,0.514125468561139,FALSE,"CD8 Tem"
0.0356857797124556,10.792837890202,0.259655145278469,0.610357380246984,0.908416357606827,4269,0.908496889952051,FALSE,"CD8 Tem"
0.141482870657624,11.0545119334594,3.15122625802967,0.0758704860288422,0.409841615005976,4270,0.414535986255393,FALSE,"CD8 Tem"
0.112401735928126,10.8412287741915,2.43312218336785,0.118796659539835,0.48690754790225,4271,0.491179210594834,FALSE,"CD8 Tem"
0.245719859511625,10.8901293964592,10.0960443765034,0.00674630432304875,0.169550000077481,4272,0.173258886359692,FALSE,"CD8 Tem"
-0.0270828847246938,10.8080311971638,0.0670031526060803,0.795751328902588,0.979800220245095,4273,0.979223654009669,FALSE,"CD8 Tem"
0.065577188458134,10.8071050124408,0.719064113340415,0.805481419866198,0.983771632949457,4274,0.983097029076725,FALSE,"CD8 Tem"
-0.0398836991436864,10.8200490357112,0.73865685421351,0.761825361208032,0.970648162533933,4275,0.969932820526043,FALSE,"CD8 Tem"
0.123529455203363,10.8176198922948,4.03550794252921,0.0445527547492051,0.333874166694882,4276,0.339097074433558,FALSE,"CD8 Tem"
-0.118653759511076,10.7535705973162,1.0096883532713,0.314977958298892,0.694805718121694,4277,0.696903104135151,FALSE,"CD8 Tem"
0.0246161936874841,10.8104346820071,0.0588836726385187,0.808269212182089,0.98465075578324,4278,0.984081489808586,FALSE,"CD8 Tem"
0.219600713718483,10.8347160385741,9.54661301216369,0.00200328807866482,0.10290991140192,4279,0.106833050229032,FALSE,"CD8 Tem"
-0.0635894581246973,10.8751309548656,0.728423565013122,0.393395025813184,0.764815867885444,4280,0.765943574243113,FALSE,"CD8 Tem"
0.0721178877966333,10.8508890821085,0.985872046708096,0.456768498541337,0.81329962521808,4281,0.813926724711639,FALSE,"CD8 Tem"
0.0256500190826118,10.8096049731153,0.149315404995382,0.884915871390786,0.998052981074555,4282,0.997419013883782,FALSE,"CD8 Tem"
-0.072060376018111,10.8103770382705,1.01888903035653,0.335643419440921,0.711521214138433,4283,0.71337477525661,FALSE,"CD8 Tem"
0.0895648772203991,10.7990179475945,1.41416034562594,0.242524509649569,0.621135184130037,4284,0.624272425206648,FALSE,"CD8 Tem"
0.171447939749584,10.8609416200399,6.89867495725982,0.00934222095933297,0.18104445700774,4285,0.185683380724195,FALSE,"CD8 Tem"
0.0500252292447634,10.7938067874535,0.193519942797084,0.660003179949109,0.929231891512919,4286,0.928722375721776,FALSE,"CD8 Tem"
0.0605845513455538,10.7956878064146,0.530391611520493,0.46644257779186,0.819465589639412,4287,0.819871891280398,FALSE,"CD8 Tem"
-0.0543293262299059,10.7785295612969,0.730007883159921,0.746220634238858,0.964941494740878,4288,0.964586039580439,FALSE,"CD8 Tem"
0.0171178298599,10.8534423378609,0.0350674452573654,0.917347244221431,0.998052981074555,4289,0.997419013883782,FALSE,"CD8 Tem"
-0.0355467246412596,10.8478451235502,0.320238093397669,0.851669864357681,0.994123106138315,4290,0.992964235102643,FALSE,"CD8 Tem"
0.0855728170487607,10.9444747879788,0.766688633946127,0.381243789783848,0.74994785924924,4291,0.751417744873816,FALSE,"CD8 Tem"
0.120216695467976,11.1507081682678,3.14277367448853,0.315060257905537,0.694805718121694,4292,0.696903104135151,FALSE,"CD8 Tem"
0.068220493538396,10.8057198252197,0.570865775048279,0.449915412461519,0.808756131107036,4293,0.809408850445616,FALSE,"CD8 Tem"
0.0981736804629033,11.0265345590214,1.24188228843741,0.265109091276346,0.647129621073711,4294,0.649771780034604,FALSE,"CD8 Tem"
0.0890473749126582,10.8141672843936,1.81881755725284,0.17745465188439,0.567245076229759,4295,0.571211973652922,FALSE,"CD8 Tem"
0.120149092885144,10.9056103377527,2.52147523662004,0.112306057412661,0.478013819901562,4296,0.482759902791378,FALSE,"CD8 Tem"
0.0918277433427724,10.8169397281002,2.50266846887621,0.258809826407803,0.638488835195805,4297,0.641171250443354,FALSE,"CD8 Tem"
0.0699836118048065,10.9009185343228,1.70309480059518,0.716522741626828,0.954763335085568,4298,0.954635794023276,FALSE,"CD8 Tem"
0.024667805977655,10.8938652958472,0.034279024924254,0.853114626190334,0.99428967969476,4299,0.993016433540451,FALSE,"CD8 Tem"
0.0389742315094916,11.0482052710917,0.20420684327465,0.65134659850365,0.927632396570189,4300,0.927184458408043,FALSE,"CD8 Tem"
0.00081656910218965,10.826157135182,2.35569312402608e-06,0.998775386483486,0.999760546979964,4301,0.99976067537197,FALSE,"CD8 Tem"
0.0167877070298677,10.7809227554666,0.0659773109649022,0.871507580262313,0.996811845839209,4302,0.995801171688638,FALSE,"CD8 Tem"
0.151323450885746,10.9763529968683,4.17365019039027,0.109708331366573,0.472019841985137,4303,0.476888914168614,FALSE,"CD8 Tem"
-0.00702086401509367,10.877368739616,0.00642250695685638,0.936125505636191,0.998052981074555,4304,0.997419013883782,FALSE,"CD8 Tem"
-0.0103307826453025,10.8380959237007,0.0146405433853816,0.903692574378989,0.998052981074555,4305,0.997419013883782,FALSE,"CD8 Tem"
0.118294186389435,10.8033857237898,2.69273861985398,0.129404116494915,0.504519775991386,4306,0.508704233428601,FALSE,"CD8 Tem"
0.1148936707484,10.8621733332052,1.99989261027905,0.157310924186619,0.541542982339825,4307,0.546290529632779,FALSE,"CD8 Tem"
0.146807924740975,11.0390828262607,3.11493808080686,0.07757798821276,0.412360255060054,4308,0.417227858286327,FALSE,"CD8 Tem"
0.170659469626328,11.129972522171,4.16614059594495,0.0412401188895122,0.330449909388944,4309,0.33525465504051,FALSE,"CD8 Tem"
0.172354026109125,10.8845823117253,6.23840175804975,0.0125012166647453,0.205401034996068,4310,0.210306549201827,FALSE,"CD8 Tem"
0.233456709896806,11.04164075384,8.14778592852601,0.00431153962151141,0.140487777036994,4311,0.145575337301113,FALSE,"CD8 Tem"
0.00190659108169795,10.8278725936496,0.00699699969610982,0.933336276880404,0.998052981074555,4312,0.997419013883782,FALSE,"CD8 Tem"
0.195235920513391,10.8509971764655,7.1456843777102,0.00751468336718001,0.171348640158618,4313,0.175533404150049,FALSE,"CD8 Tem"
0.0935434782317803,11.2339886631108,1.27164384532289,0.259459019247489,0.638488835195805,4314,0.641171250443354,FALSE,"CD8 Tem"
0.110978575709669,10.7821553279756,2.31483031629149,0.128145864792665,0.50423554750481,4315,0.508495743736279,FALSE,"CD8 Tem"
-0.0786785817580241,10.8757144923823,0.609956255112961,0.434804621090463,0.796485345684027,4316,0.797117898619035,FALSE,"CD8 Tem"
0.183415304219326,10.8200990620333,6.72713115167188,0.00949597470158647,0.183260491025223,4317,0.188011254636381,FALSE,"CD8 Tem"
0.0076297225515046,11.0750034667549,0.0247521322869491,0.874986330694153,0.998052981074555,4318,0.997196667792019,FALSE,"CD8 Tem"
0.109123549061084,10.9131814604001,1.91348455141218,0.166577269758962,0.554979141582331,4319,0.559189611778027,FALSE,"CD8 Tem"
0.023816652056212,10.7911443826394,0.225415230168932,0.994375487668539,0.999555952465987,4320,0.999488816091444,FALSE,"CD8 Tem"
0.103188384208979,10.9582133833772,1.88895011552564,0.629132933651454,0.920925397469964,4321,0.921166658347433,FALSE,"CD8 Tem"
0.144624563729361,10.7802582961758,4.79077301433956,0.0615265924092078,0.376439717295839,4322,0.381386023832043,FALSE,"CD8 Tem"
0.0572293143312879,10.8811190317109,0.510467514317995,0.515014582099391,0.85265158685621,4323,0.853389650700993,FALSE,"CD8 Tem"
0.114714291309099,10.8571595564717,1.78141694036212,0.20920035455895,0.591009033876843,4324,0.59423972877114,FALSE,"CD8 Tem"
-0.0226072174166524,10.7729523617346,0.040759014896391,0.840003874266289,0.993605803461982,4325,0.992287974212428,FALSE,"CD8 Tem"
0.0707499852862313,10.9532087898119,0.847668488674599,0.357213156946458,0.735659665759861,4326,0.737395739091682,FALSE,"CD8 Tem"
0.120884913916652,11.0692147378982,2.07669648758798,0.149564136359088,0.529393301526726,4327,0.533648847042029,FALSE,"CD8 Tem"
0.205790550043251,10.8249922203102,8.12534361155118,0.00912051936105238,0.18104445700774,4328,0.185683380724195,FALSE,"CD8 Tem"
0.164144003132629,10.922293499649,3.89648607969054,0.0483877181639267,0.345700886605872,4329,0.350946299138361,FALSE,"CD8 Tem"
0.187976811009932,10.8249350433852,5.80301254360461,0.108384018712805,0.470078028350891,4330,0.475088021514921,FALSE,"CD8 Tem"
0.0196839500893467,10.9078622033653,0.0158705980625887,0.920962203382127,0.998052981074555,4331,0.997419013883782,FALSE,"CD8 Tem"
-0.0246982330307255,10.7686694845291,0.143433342620666,0.704891531352537,0.948351319734062,4332,0.948420221001489,FALSE,"CD8 Tem"
0.0671399510665569,10.7908139102564,0.833795617952614,0.456923655277326,0.81329962521808,4333,0.813926724711639,FALSE,"CD8 Tem"
-0.0677495616216202,10.8953076024092,0.981855866258084,0.405073417988979,0.77403305960014,4334,0.774959154035267,FALSE,"CD8 Tem"
-0.00659535907935987,10.9423944374457,0.00764959060182089,0.930304370698749,0.998052981074555,4335,0.997419013883782,FALSE,"CD8 Tem"
0.120074975983915,10.9306086115267,2.45482338383909,0.117164928195143,0.48690754790225,4336,0.491179210594834,FALSE,"CD8 Tem"
0.0812604793117288,10.8287901963304,1.53164699044031,0.242767817280846,0.621304330940392,4337,0.624455529022107,FALSE,"CD8 Tem"
0.127289065706237,10.7789303996456,4.08252373405373,0.15970229962892,0.543759440391001,4338,0.548572467006077,FALSE,"CD8 Tem"
0.0342642093716921,10.8685254556289,0.198754326397135,0.6557283795029,0.927632396570189,4339,0.927184458408043,FALSE,"CD8 Tem"
0.0786688497028445,10.7493191674771,1.67009393370784,0.365846412154029,0.740290916506937,4340,0.742088864471848,FALSE,"CD8 Tem"
0.0707133179826277,10.7882458676061,1.06083762844635,0.882646943831896,0.998052981074555,4341,0.997419013883782,FALSE,"CD8 Tem"
0.109845198347213,11.0148072951377,1.95716365679968,0.161817555320649,0.548152549014084,4342,0.552695868797966,FALSE,"CD8 Tem"
0.0538293558064791,10.8951415297506,0.447680122628249,0.503438974706914,0.846833515863239,4343,0.847637988638901,FALSE,"CD8 Tem"
0.115466837954558,10.8393828938146,2.36913795564965,0.308940535838544,0.687821838696348,4344,0.69005120930643,FALSE,"CD8 Tem"
0.233908765703493,10.8054507008552,11.3747524947742,0.00240351059867031,0.113327680865806,4345,0.11714928262081,FALSE,"CD8 Tem"
0.0453533002138727,10.8058144148845,0.488699532001039,0.610713964534748,0.908416357606827,4346,0.908496889952051,FALSE,"CD8 Tem"
0.153088799703359,10.7715916806488,4.93663932292426,0.0449204607389981,0.333874166694882,4347,0.339097074433558,FALSE,"CD8 Tem"
0.0702937640898152,10.8346423199691,1.09697162982473,0.294932132016054,0.67517181385459,4348,0.67762764406075,FALSE,"CD8 Tem"
0.0720604172755961,10.9750821384498,0.81799000226973,0.416302237589417,0.78363797275232,4349,0.784412444247541,FALSE,"CD8 Tem"
0.0221943277391823,10.9560368783018,0.0747726222141537,0.935359435891409,0.998052981074555,4350,0.997419013883782,FALSE,"CD8 Tem"
0.115507701618921,10.9342680961804,2.90230756289327,0.0884534165087674,0.431686086235338,4351,0.436547803888236,FALSE,"CD8 Tem"
0.119465815962074,10.7755168233225,3.14155705099369,0.11007209258893,0.472710344073051,4352,0.477634652536381,FALSE,"CD8 Tem"
0.10148593194193,10.9949242443325,1.51847294810058,0.217851260473928,0.598901393003443,4353,0.601845315635894,FALSE,"CD8 Tem"
0.238696947699516,10.8011512469234,11.7876375344344,0.000800448912266763,0.0620481315158785,4354,0.0644497955177208,TRUE,"CD8 Tem"
-0.0471538220985888,10.9335875225982,0.401767077548409,0.526178339135534,0.860800371199215,4355,0.861583016530525,FALSE,"CD8 Tem"
-0.00980525070957333,10.8267185842407,0.0272907262876781,0.868787373950608,0.995744227758571,4356,0.994689915136962,FALSE,"CD8 Tem"
0.0820519864841029,10.7933002773568,1.34790686138709,0.261545078443358,0.640964442896184,4357,0.643566237031088,FALSE,"CD8 Tem"
0.199078810194102,10.839486428976,8.74283752008492,0.00310833818368437,0.12251593976539,4358,0.126784949978225,FALSE,"CD8 Tem"
0.096125800031843,10.8719291587609,2.14678314076843,0.166896069796181,0.555205325621532,4359,0.559525843651858,FALSE,"CD8 Tem"
0.0812328739441307,10.8636104303973,1.19074902397889,0.318724828450254,0.700893227953727,4360,0.702964564800127,FALSE,"CD8 Tem"
-0.0910919233531515,10.967645352909,1.3287326253373,0.249031316586515,0.627367241310392,4361,0.630480111495369,FALSE,"CD8 Tem"
0.221603849546604,10.8371422589932,6.77258993867169,0.314614510039284,0.694805718121694,4362,0.696903104135151,FALSE,"CD8 Tem"
-0.102277923882615,10.7999779015047,2.20512534644013,0.137553291970802,0.511808288764961,4363,0.516118931760863,FALSE,"CD8 Tem"
0.21062490095408,10.8896705567915,7.42603112815127,0.00792795568590583,0.171348640158618,4364,0.175533404150049,FALSE,"CD8 Tem"
0.132112341606254,10.8119948714017,2.42693829246377,0.183290103971747,0.572836490194472,4365,0.576966921832522,FALSE,"CD8 Tem"
0.122093266926395,10.8951766381663,2.81164391069187,0.257292173650764,0.637812817488488,4366,0.640582030923531,FALSE,"CD8 Tem"
0.0866685492908738,10.9969784696799,1.11974627091853,0.28997356465279,0.671872870789157,4367,0.674405708762762,FALSE,"CD8 Tem"
0.155897386846303,10.9169244706748,4.1189316059961,0.0424063365734957,0.333874166694882,4368,0.339097074433558,FALSE,"CD8 Tem"
0.103145096491783,10.8817076959661,1.59882040827876,0.454576057084445,0.812853995194062,4369,0.81348561169483,FALSE,"CD8 Tem"
0.136055726072021,11.0214402499557,2.33016941184847,0.199868029613163,0.582082783801392,4370,0.585475935318478,FALSE,"CD8 Tem"
0.0984827749888284,10.9886755077557,1.66615287416425,0.196775166985999,0.579995084334507,4371,0.583373446113157,FALSE,"CD8 Tem"
0.0661319608848877,10.9550569706519,0.563400861270632,0.764454425839014,0.970648162533933,4372,0.969932820526043,FALSE,"CD8 Tem"
0.112300197860148,11.0745717759844,1.5464475278096,0.804267607638977,0.983771632949457,4373,0.983097029076725,FALSE,"CD8 Tem"
0.0623229769559503,10.9607819508132,0.663095570699502,0.415469569314561,0.78363797275232,4374,0.784412444247541,FALSE,"CD8 Tem"
0.0154019661743522,10.781775651287,0.0978918601233299,0.929582170632509,0.998052981074555,4375,0.997419013883782,FALSE,"CD8 Tem"
0.0933789155271756,10.8003699644709,1.55662870818818,0.212160062610245,0.594297843838547,4376,0.597476038939469,FALSE,"CD8 Tem"
0.121036410236464,10.8161858732205,2.91364685991458,0.137156454159328,0.511808288764961,4377,0.516118931760863,FALSE,"CD8 Tem"
-0.0796632086381887,10.869659967289,0.906454134832054,0.34105741775135,0.718753359458977,4378,0.720654396079777,FALSE,"CD8 Tem"
0.0563262149006884,10.7558162898469,0.316379893807213,0.676037142971119,0.935004143406303,4379,0.934523710704597,FALSE,"CD8 Tem"
0.0949929897602856,10.8581898536997,1.06819739981803,0.30135342501841,0.67979431637409,4380,0.682011923469572,FALSE,"CD8 Tem"
0.193018020848192,10.819852933339,7.00376390000555,0.00813408570816763,0.171348640158618,4381,0.175533404150049,FALSE,"CD8 Tem"
0.0610043224275518,10.8321123070738,0.929073849183713,0.432651359756225,0.794359168342556,4382,0.795050058825708,FALSE,"CD8 Tem"
0.0137339088136442,10.7902909300765,0.0175269558173937,0.894676339680261,0.998052981074555,4383,0.997419013883782,FALSE,"CD8 Tem"
0.0403773685097331,10.8106951778151,0.406670429125708,0.989921898328353,0.999555952465987,4384,0.99933775641114,FALSE,"CD8 Tem"
0.309933083535803,11.0686881126815,14.8913920855642,0.0001138945765929,0.0240783488969809,4385,0.0249574404194535,TRUE,"CD8 Tem"
0.180112309313726,10.8346257472345,5.96386113291575,0.0180121934134196,0.23335574252316,4386,0.238932406442684,FALSE,"CD8 Tem"
0.15488653018264,10.8607813035351,5.37239547021114,0.0451530532898475,0.333874166694882,4387,0.339097074433558,FALSE,"CD8 Tem"
0.10631021492869,10.8196151742586,2.44464368204768,0.170033734816262,0.559227057431986,4388,0.563482906518155,FALSE,"CD8 Tem"
0.0871876729306644,10.8191912363577,1.36144165551798,0.252217125187397,0.63115865840815,4389,0.634124851556973,FALSE,"CD8 Tem"
0.154417773688716,10.8619238228083,3.79378183696761,0.0514438066186503,0.353419711349102,4390,0.35817678078646,FALSE,"CD8 Tem"
0.0610414412367802,11.0061473138514,0.630596715596794,0.42713686546623,0.789804776712535,4391,0.79048264550586,FALSE,"CD8 Tem"
0.182414706875801,10.9219150989766,6.40235758482153,0.0113971716230956,0.201552263190181,4392,0.206351178039626,FALSE,"CD8 Tem"
0.127240587625709,11.1109581456151,2.5643992917629,0.109294646569698,0.470675371477467,4393,0.4755897798121,FALSE,"CD8 Tem"
-0.0353441071772991,10.9350459024755,0.13497008884735,0.76840044788905,0.970648162533933,4394,0.969932820526043,FALSE,"CD8 Tem"
0.182116457839014,11.0476302494445,4.78116623351812,0.0287730526627564,0.281762736194753,4395,0.286872727453493,FALSE,"CD8 Tem"
0.165825790334918,10.8785526671278,4.96192384036358,0.0259117718492713,0.270214463836235,4396,0.27522924191783,FALSE,"CD8 Tem"
0.107684743429924,10.9283353383365,2.00040739514518,0.157257507456132,0.541542982339825,4397,0.546290529632779,FALSE,"CD8 Tem"
0.131097816964081,11.1052374323485,2.82145541173566,0.0930126046990164,0.441702049725691,4398,0.446831086544353,FALSE,"CD8 Tem"
0.140673866675364,10.9177263638479,2.90847661739869,0.0881156402670301,0.431615011138945,4399,0.436535223031574,FALSE,"CD8 Tem"
0.173541009768846,10.8104210619432,5.75567982061276,0.0164357690433926,0.230249282592829,4400,0.235054167891805,FALSE,"CD8 Tem"
0.0113323284683342,10.8163104477656,0.0357350616479558,0.850063734272202,0.994123106138315,4401,0.992964235102643,FALSE,"CD8 Tem"
0.115858760329566,10.8346025731123,2.21845638450774,0.515065489700462,0.85265158685621,4402,0.853389650700993,FALSE,"CD8 Tem"
0.0206774829840337,10.8169428819338,0.0101667023099215,0.919685395996614,0.998052981074555,4403,0.997419013883782,FALSE,"CD8 Tem"
0.00654377893632335,10.7826205130642,0.0143725162002095,0.927449988769448,0.998052981074555,4404,0.997419013883782,FALSE,"CD8 Tem"
0.2054201747997,10.7872006895669,8.81158477708502,0.0105375336196861,0.194563926879323,4405,0.19940936524886,FALSE,"CD8 Tem"
0.177460191948606,10.908347376631,0.850754136132277,0.399486176064882,0.767030073771831,4406,0.767913186660818,FALSE,"CD8 Tem"
0.1296636856313,10.8160223125425,3.57157078283425,0.0587772187548673,0.371935842760392,4407,0.376887914836429,FALSE,"CD8 Tem"
-0.107312000173356,10.8349139496281,2.54268374003296,0.110806883520525,0.475426951341292,4408,0.480368617721941,FALSE,"CD8 Tem"
-0.0077800080856368,10.8173256639634,0.00428475080424549,0.947809363445833,0.998155886516222,4409,0.997789883574633,FALSE,"CD8 Tem"
0.0592723360909876,10.9506249562526,0.542789825784761,0.461279144054923,0.816654719027562,4410,0.817116384999255,FALSE,"CD8 Tem"
0.0246969661008825,10.9619367085339,0.119555981142995,0.729516697206036,0.96088934145692,4411,0.960718324905553,FALSE,"CD8 Tem"
0.0998731622299686,10.8567515547369,1.90112757625589,0.225267136290631,0.605617023634523,4412,0.608704109659022,FALSE,"CD8 Tem"
-0.0393092631580644,10.8297695835697,0.210101338303037,0.646688170735396,0.927519832092761,4413,0.927184458408043,FALSE,"CD8 Tem"
0.0934447204105601,10.8481765438244,1.91527197641595,0.370598243972593,0.743471955321029,4414,0.745081591903833,FALSE,"CD8 Tem"
0.0884288934022991,10.8899615066976,1.4877380530376,0.222568274220459,0.603131498170762,4415,0.60614656884961,FALSE,"CD8 Tem"
0.143350049227812,11.1042748877768,3.99308862531488,0.669648087257159,0.933998409117059,4416,0.93342868952607,FALSE,"CD8 Tem"
0.0593585527273295,11.0210179634428,0.998794909938464,0.526794333517362,0.860899664507818,4417,0.861583016530525,FALSE,"CD8 Tem"
0.102827668319962,10.8089334339948,1.85910384081833,0.172728829579381,0.562537079781247,4418,0.566491019447044,FALSE,"CD8 Tem"
0.0694181666625472,10.9956454070062,0.931397540156218,0.944664628815933,0.998099770246003,4419,0.997473531214233,FALSE,"CD8 Tem"
0.0238774369518885,10.8093339990693,0.0836906172891968,0.934249445654046,0.998052981074555,4420,0.997419013883782,FALSE,"CD8 Tem"
0.0615792455654279,10.8307157187754,0.398153227420978,0.528044816522076,0.860942902215665,4421,0.861583016530525,FALSE,"CD8 Tem"
0.205823254133524,10.8287539563907,6.40545444022027,0.01137730959993,0.201552263190181,4422,0.206351178039626,FALSE,"CD8 Tem"
0.00484585400099961,10.7996167075967,0.0820794840283187,0.77449899922911,0.970648162533933,4423,0.969932820526043,FALSE,"CD8 Tem"
-0.0609022194382958,10.9825093637812,0.671950561310887,0.610125086090581,0.908416357606827,4424,0.908496889952051,FALSE,"CD8 Tem"
0.0601670257030441,10.8992504440745,1.33134484176615,0.248566616675899,0.627367241310392,4425,0.630480111495369,FALSE,"CD8 Tem"
0.0922766968166779,10.7944394839854,1.38246428375791,0.430010463104882,0.791199470247217,4426,0.791885457859718,FALSE,"CD8 Tem"
0.050591641436038,11.0422806169849,0.393641974815784,0.530391473968275,0.862535225673583,4427,0.863096401225893,FALSE,"CD8 Tem"
-0.0469763577516433,11.0247857452874,0.299402570229179,0.594437967550145,0.901375254684607,4428,0.901610060627415,FALSE,"CD8 Tem"
-0.0269495135009162,10.8665607344431,0.0761183160418641,0.782628450217668,0.973176725038822,4429,0.972570558146486,FALSE,"CD8 Tem"
0.154586458707822,10.8789325239532,4.29986015006695,0.0381159765089513,0.320852335200749,4430,0.325422034682078,FALSE,"CD8 Tem"
0.0756256683124032,10.7992845707295,1.14167201065547,0.285299774296685,0.668141616442035,4431,0.670988816330003,FALSE,"CD8 Tem"
0.155933148983325,10.8748330780833,6.58146705992516,0.18998094387058,0.576011323299914,4432,0.579978266311421,FALSE,"CD8 Tem"
0.00784033441526384,11.1534333138592,0.000101371123802589,0.991966780106622,0.999555952465987,4433,0.99933775641114,FALSE,"CD8 Tem"
-0.0508766029362842,10.8665178589117,0.210755938978872,0.81038056569868,0.98465075578324,4434,0.984081489808586,FALSE,"CD8 Tem"
0.0719598150380792,10.9115694014058,0.470578824062146,0.492721295144578,0.838816524054697,4435,0.839398956460153,FALSE,"CD8 Tem"
0.0997849113426748,10.8324745679769,2.58688363809015,0.159394787034274,0.543759440391001,4436,0.548567015206645,FALSE,"CD8 Tem"
-0.0363012083505271,10.7695552533849,1.11457289159902,0.812109288149755,0.98465075578324,4437,0.984081489808586,FALSE,"CD8 Tem"
0.0920173649882688,10.9086743904846,2.34220613858723,0.465130207506117,0.819424328426552,4438,0.819759213172029,FALSE,"CD8 Tem"
0.12777214068249,11.0012015803729,2.39325925391904,0.121859910629183,0.492415677094988,4439,0.496669170757316,FALSE,"CD8 Tem"
0.0146106667894503,10.8075239255866,0.144901274642469,0.725845678185876,0.95918204286153,4440,0.959068036710422,FALSE,"CD8 Tem"
0.150779396288224,10.9213188237421,4.65524501228591,0.0309592501389293,0.290819540439759,4441,0.295245166270196,FALSE,"CD8 Tem"
-0.0864433998122941,10.7873274179954,0.891103183216605,0.345178949857929,0.722772837283569,4442,0.724635804540513,FALSE,"CD8 Tem"
0.116966531664254,11.039931620612,1.9987355002958,0.15743106718956,0.541542982339825,4443,0.546290529632779,FALSE,"CD8 Tem"
0.0520287263828113,10.8310476105833,1.09609772493804,0.295124553336139,0.67517181385459,4444,0.67762764406075,FALSE,"CD8 Tem"
0.112123625031013,10.8108705413249,2.78392366285307,0.152484202186757,0.534844663929568,4445,0.539450675801884,FALSE,"CD8 Tem"
0.179239346219721,10.8345354262123,5.34018812791722,0.0208395959036977,0.242705906983609,4446,0.248523388346185,FALSE,"CD8 Tem"
0.0798679060106366,10.8446711292445,1.3056334160034,0.25318727634635,0.63140698245945,4447,0.634351203803083,FALSE,"CD8 Tem"
-0.0790724734868865,10.8154543799479,1.28412688747844,0.257133617509934,0.637812817488488,4448,0.640582030923531,FALSE,"CD8 Tem"
0.0543339692838068,10.9368121376602,0.407018720522361,0.523486845240928,0.858806672494498,4449,0.859714948984055,FALSE,"CD8 Tem"
0.0733978471519284,11.1286170302591,0.772711911468252,0.37937979427339,0.74925495675819,4450,0.750692705097325,FALSE,"CD8 Tem"
0.0946960195885514,10.8917849171472,1.82917112636976,0.751941830457276,0.965703785073184,4451,0.965323897931631,FALSE,"CD8 Tem"
0.10000134857677,10.8377261415014,0.95417272472535,0.328659869829927,0.705842818953881,4452,0.707978028243897,FALSE,"CD8 Tem"
0.0135458030800259,10.7856931054762,0.00786740874762032,0.982256903238225,0.999555952465987,4453,0.99933775641114,FALSE,"CD8 Tem"
0.0285057229446615,10.9850936480357,0.100913964246711,0.75073570773673,0.965703785073184,4454,0.965323897931631,FALSE,"CD8 Tem"
-0.00634483335078763,10.8572068255639,0.00118336633778938,0.972558122633545,0.999555952465987,4455,0.99933775641114,FALSE,"CD8 Tem"
-0.0282916024547464,10.9026071101596,0.180231206006546,0.671174788859427,0.934198289144937,4456,0.933615819388617,FALSE,"CD8 Tem"
-0.0326905816306986,10.8187417241807,0.248959633907343,0.617808787348739,0.91385603355105,4457,0.91391431759027,FALSE,"CD8 Tem"
0.064717372135718,10.7652574292638,1.25762926304641,0.861238801616304,0.99428967969476,4458,0.993016433540451,FALSE,"CD8 Tem"
0.157842714088867,10.7986788658387,5.22976949247953,0.0444230353570574,0.333874166694882,4459,0.339097074433558,FALSE,"CD8 Tem"
-0.0462546194360169,10.7991025104973,0.1421312059944,0.70617157767876,0.949035884693023,4460,0.949147273499011,FALSE,"CD8 Tem"
0.127917749329731,10.8890444623002,2.36295838808151,0.182381093175271,0.57160004336805,4461,0.575358429064667,FALSE,"CD8 Tem"
0.161843542897324,10.7986062590705,4.3226163343162,0.0604058736690363,0.374999933269983,4462,0.380253392269513,FALSE,"CD8 Tem"
0.0614399504200725,10.9172632814317,0.663350289811251,0.656383190090839,0.927632396570189,4463,0.927184458408043,FALSE,"CD8 Tem"
0.0526482639720582,10.9308820783885,0.359036858266481,0.549041876335684,0.871831262149972,4464,0.872152764518051,FALSE,"CD8 Tem"
0.0640631313483286,11.0005511067188,0.845571479385085,0.465984066890305,0.819424328426552,4465,0.819759213172029,FALSE,"CD8 Tem"
0.120938145358307,10.8928173194088,2.4503623843771,0.11749832079599,0.48690754790225,4466,0.491179210594834,FALSE,"CD8 Tem"
0.0882193886966195,10.8617258261998,1.60118234914531,0.252859380499698,0.631225954779908,4467,0.634138659863068,FALSE,"CD8 Tem"
0.185982032259302,10.9610761123684,5.37024695466671,0.0335141472731729,0.303257390987407,4468,0.307529250487433,FALSE,"CD8 Tem"
0.0138293067530954,10.812536219869,0.0385846350968821,0.844273909118512,0.993853213321784,4469,0.992660762308472,FALSE,"CD8 Tem"
0.158819483515804,10.841785458844,5.03008768530872,0.024911038068863,0.266961378014474,4470,0.272451620711713,FALSE,"CD8 Tem"
0.135417652384954,10.846660306418,3.23760100473865,0.0719664974553917,0.397525153996469,4471,0.402303082448479,FALSE,"CD8 Tem"
0.0656793532233137,10.8650013432066,0.549180811276656,0.458652927268891,0.815441423825539,4472,0.816042935829816,FALSE,"CD8 Tem"
-0.0197425798198921,10.7985382400671,0.00470349037399795,0.94532237427553,0.998155886516222,4473,0.997739961123271,FALSE,"CD8 Tem"
0.0890581753724445,10.9355122167013,0.914735368704349,0.770244942477828,0.970648162533933,4474,0.969932820526043,FALSE,"CD8 Tem"
0.155782977128628,10.8509743008096,4.89339393001824,0.0269600524579401,0.276801774794435,4475,0.282000499029118,FALSE,"CD8 Tem"
0.0381249142591973,11.0718278464635,0.236397081454003,0.626820725171042,0.920631085205422,4476,0.920675933130884,FALSE,"CD8 Tem"
0.0757002741539756,10.8091768953579,1.56980316768522,0.223788089261988,0.604299298537537,4477,0.607325535971687,FALSE,"CD8 Tem"
0.0655742669900583,10.9509024915498,0.139325972567275,0.774946159221121,0.970648162533933,4478,0.969932820526043,FALSE,"CD8 Tem"
0.0337697301752008,10.887405262006,0.201955657547069,0.653147083841241,0.927632396570189,4479,0.927184458408043,FALSE,"CD8 Tem"
-0.0184212389614312,10.8194187301288,0.0457044864578882,0.93631456366205,0.998052981074555,4480,0.997419013883782,FALSE,"CD8 Tem"
0.0763810185408864,11.0483965296408,0.71225928577917,0.398695173561122,0.767030073771831,4481,0.767913186660818,FALSE,"CD8 Tem"
-0.0235756251655825,10.928019887319,0.0195297504169152,0.888858453678185,0.998052981074555,4482,0.997419013883782,FALSE,"CD8 Tem"
-0.0633398833087643,10.7988630661738,0.932910405067992,0.376339269203018,0.748399635647989,4483,0.749961296159554,FALSE,"CD8 Tem"
0.0736362197779342,10.9348157726217,0.862932582434846,0.454190771607678,0.812477414902811,4484,0.813099899154124,FALSE,"CD8 Tem"
0.0723052951577983,10.8628275984516,0.888232090137433,0.345957263127773,0.723052469298088,4485,0.724860012703193,FALSE,"CD8 Tem"
0.0709181039845775,10.8250071747066,0.991642634000577,0.51778586901519,0.854266771321363,4486,0.855182666457935,FALSE,"CD8 Tem"
0.0531398843821626,10.856895930061,0.633104969432691,0.42651487360231,0.789383476770531,4487,0.790063471340576,FALSE,"CD8 Tem"
-0.0455032162987864,10.804766138926,0.239134315096285,0.624832255350763,0.919065944862634,4488,0.919095203094278,FALSE,"CD8 Tem"
0.0525901954819218,10.8777912647296,0.413496188766774,0.5202005618473,0.855837570976933,4489,0.856800105054249,FALSE,"CD8 Tem"
-0.018751770501698,10.8062570417733,0.0122769155731993,0.911774000074347,0.998052981074555,4490,0.997419013883782,FALSE,"CD8 Tem"
0.135095204666721,10.8202307606049,2.85632054852027,0.0910160449338771,0.437309529945726,4491,0.442373511739967,FALSE,"CD8 Tem"
0.0912459573411659,10.8498896699854,0.992127920044956,0.652214566546571,0.927632396570189,4492,0.927184458408043,FALSE,"CD8 Tem"
0.114370456006744,11.0702031158121,1.72360905135392,0.455600832181646,0.812913537661887,4493,0.81348561169483,FALSE,"CD8 Tem"
-0.00061050805638564,11.049467711128,0.0149311679809192,0.902746089712459,0.998052981074555,4494,0.997419013883782,FALSE,"CD8 Tem"
0.00185544911850292,10.8270496415928,0.00348495247512699,0.952925458277344,0.998155886516222,4495,0.997808704959348,FALSE,"CD8 Tem"
0.119384545549782,11.0704731220737,2.08918041121135,0.148346211997576,0.526685673282999,4496,0.531061566929761,FALSE,"CD8 Tem"
0.157465458816578,10.7741923586141,4.25519218286413,0.0412795952171526,0.330449909388944,4497,0.33525465504051,FALSE,"CD8 Tem"
0.0494942744487005,10.9539411215209,0.43285703058619,0.652797622466802,0.927632396570189,4498,0.927184458408043,FALSE,"CD8 Tem"
0.304310375275133,11.0638016393228,13.1999779467833,0.000279978139546049,0.0371184170601057,4499,0.0385177421221443,TRUE,"CD8 Tem"
0.0187027953936267,10.8099474708838,0.114527464286122,0.942030920878944,0.998052981074555,4500,0.997419013883782,FALSE,"CD8 Tem"
0.0551934813194707,10.8099194797385,0.66182370682451,0.558487687355504,0.880812790642286,4501,0.881222622255085,FALSE,"CD8 Tem"
0.0733769661214816,10.8202625745212,0.875123166368669,0.34954130829168,0.727064680172004,4502,0.728812399697502,FALSE,"CD8 Tem"
0.31111238010649,10.8364312887907,19.5418030955061,9.84411403422593e-06,0.00763082906219746,4503,0.00795006883604698,TRUE,"CD8 Tem"
0.0342613310783544,11.0272039539649,0.14184825519661,0.706450613301168,0.949076199440709,4504,0.949161584718818,FALSE,"CD8 Tem"
-0.156231452782126,10.7948326178372,4.43570483716383,0.035195141651845,0.312987770215547,4505,0.317400246777008,FALSE,"CD8 Tem"
0.0812598576433235,11.0513765190472,0.916735455611651,0.338334022860244,0.715594152034105,4506,0.717436773016618,FALSE,"CD8 Tem"
0.00911878350641338,10.8036611784132,0.720249020865243,0.399409104613166,0.767030073771831,4507,0.767913186660818,FALSE,"CD8 Tem"
0.137299967405092,10.8945886169542,3.04271660775309,0.145434271985006,0.521522589824412,4508,0.526056535021251,FALSE,"CD8 Tem"
0.0520623055398395,11.0369924481289,0.479288179490218,0.488745214483958,0.834797646920635,4509,0.835417070146301,FALSE,"CD8 Tem"
0.128558024291214,10.8369062246924,2.67450342118826,0.104513023915091,0.461775981512189,4510,0.466480250383272,FALSE,"CD8 Tem"
0.0964679861148201,10.8679314135578,1.82004130526589,0.242281498518451,0.621135184130037,4511,0.624272425206648,FALSE,"CD8 Tem"
-0.00873442269776647,10.8049296849883,0.213086820878865,0.925277915187366,0.998052981074555,4512,0.997419013883782,FALSE,"CD8 Tem"
0.16112559595395,10.7928377713409,5.75316847468363,0.0397446110177156,0.323734125820307,4513,0.32825991350693,FALSE,"CD8 Tem"
0.0246397577381713,10.8257396923161,0.107556530905812,0.742943451627168,0.964126672298538,4514,0.963622568687884,FALSE,"CD8 Tem"
0.0327182181084275,10.863323389352,0.113487894108047,0.736207761446417,0.962347129236196,4515,0.961932074408799,FALSE,"CD8 Tem"
0.0433614193021842,11.0523262445737,0.323031941552158,0.696900388286576,0.944418839109854,4516,0.944461858178249,FALSE,"CD8 Tem"
0.143393789950424,10.8115899830608,4.67059819920553,0.202007618455813,0.584289448655465,4517,0.587632832652671,FALSE,"CD8 Tem"
0.14884019627218,10.7658789710543,5.09265136699116,0.133162232968486,0.509557971779627,4518,0.514125468561139,FALSE,"CD8 Tem"
0.0299200739254397,10.8102688625438,0.130746718076103,0.942016541445271,0.998052981074555,4519,0.997419013883782,FALSE,"CD8 Tem"
0.0126789148182434,10.8045561835539,0.0796258885872029,0.969116127379128,0.999555952465987,4520,0.99933775641114,FALSE,"CD8 Tem"
0.0506983970606421,10.8332425335884,0.186468253396172,0.682031262402197,0.937944234604559,4521,0.9376467471671,FALSE,"CD8 Tem"
0.09178073332309,10.8621418696695,1.0959101750808,0.850996107453226,0.994123106138315,4522,0.992964235102643,FALSE,"CD8 Tem"
0.087703229411242,10.892833958821,1.63536008144708,0.289628603510029,0.671851688241967,4523,0.674405708762762,FALSE,"CD8 Tem"
0.0805692938462973,11.1129825010072,1.09918763815137,0.294444918538687,0.67517181385459,4524,0.67762764406075,FALSE,"CD8 Tem"
0.099918062772559,11.0828365298584,1.31516630561577,0.251461897880266,0.63115865840815,4525,0.634124851556973,FALSE,"CD8 Tem"
0.00896025647976369,10.9815209108196,0.0121909764221582,0.912082078827966,0.998052981074555,4526,0.997419013883782,FALSE,"CD8 Tem"
0.0647356927835228,10.8325906303525,1.52731853200478,0.461744298267261,0.816654719027562,4527,0.817116384999255,FALSE,"CD8 Tem"
0.0415006808226225,10.845480906699,0.527364750438007,0.695567259998102,0.944418839109854,4528,0.944461858178249,FALSE,"CD8 Tem"
-0.076205544926707,10.8681395691273,0.519648307703155,0.470992052141975,0.820750855943171,4529,0.820963365965426,FALSE,"CD8 Tem"
0.0366452075205672,10.8216355885364,0.277891653228192,0.598086658150931,0.902396674601085,4530,0.902573261897596,FALSE,"CD8 Tem"
-0.0797249793630472,10.772834466948,1.40850477161092,0.23968389314533,0.617259018282907,4531,0.620432622990165,FALSE,"CD8 Tem"
0.0949543218552549,10.846697816385,2.23324167149103,0.135070780222681,0.509557971779627,4532,0.514125468561139,FALSE,"CD8 Tem"
0.155342578568942,10.907712953339,3.93279446650826,0.130091253449811,0.50463254361557,4533,0.508937654575529,FALSE,"CD8 Tem"
0.0887448060387834,10.9060378681922,1.31748343482083,0.251044699912817,0.63072572642308,4534,0.633795075959697,FALSE,"CD8 Tem"
0.0592354567079429,10.9930141620861,0.51754544389401,0.471890916895817,0.821286256191952,4535,0.821589489383762,FALSE,"CD8 Tem"
0.0262215748732332,10.8868666555111,0.0869773888543365,0.76805564660821,0.970648162533933,4536,0.969932820526043,FALSE,"CD8 Tem"
0.121127563819999,10.9993172183999,2.29764821566976,0.129570631760183,0.504519775991386,4537,0.508704233428601,FALSE,"CD8 Tem"
0.185806026846911,10.8586810534868,6.27484237875996,0.0393960642877081,0.322589955989666,4538,0.327128227471909,FALSE,"CD8 Tem"
0.124194427244107,10.7754409044924,3.45768521977853,0.19378771220309,0.576599573945387,4539,0.580113962772058,FALSE,"CD8 Tem"
0.111941939893743,10.8822135175017,2.79104854861015,0.135041249935116,0.509557971779627,4540,0.514125468561139,FALSE,"CD8 Tem"
0.0493494779950052,10.7987108402903,0.485838952684872,0.831820401910139,0.991750133480293,4541,0.99056017316442,FALSE,"CD8 Tem"
0.0351440027401069,10.9049166122156,0.101598687910498,0.749919638108288,0.965703785073184,4542,0.965323897931631,FALSE,"CD8 Tem"
-0.0927710365730074,10.835205426116,1.7283876093514,0.231422723007061,0.609198989695846,4543,0.61202164709595,FALSE,"CD8 Tem"
0.0125167958982898,10.9214603365314,0.00826321874033612,0.927570297189106,0.998052981074555,4544,0.997419013883782,FALSE,"CD8 Tem"
0.00177626950527176,11.0630387474949,0.0278580386926186,0.867443070267115,0.995699491024715,4545,0.994636546052096,FALSE,"CD8 Tem"
0.0318808124893039,10.8163082706083,0.168508744592877,0.857547337350835,0.99428967969476,4546,0.993016433540451,FALSE,"CD8 Tem"
0.0199108385428431,10.9046272111052,0.155746359072958,0.975564246270716,0.999555952465987,4547,0.99933775641114,FALSE,"CD8 Tem"
0.0969055444127258,10.8927923459576,1.71974945224043,0.189725852462853,0.575988864102303,4548,0.579916660267718,FALSE,"CD8 Tem"
0.00422999489876544,10.8200908052332,0.0767272063836393,0.781782697357548,0.973176725038822,4549,0.972570558146486,FALSE,"CD8 Tem"
0.0393067044656811,10.8440248881629,0.292729628502046,0.588476828173994,0.899738898039858,4550,0.900003221970376,FALSE,"CD8 Tem"
0.0909537601819698,10.8606871744998,1.44115327099786,0.229953329872129,0.608576057364641,4551,0.611452096949279,FALSE,"CD8 Tem"
0.0323963984587903,10.7638374273334,0.391813270416515,0.531348069157552,0.863185424258391,4552,0.863793366867738,FALSE,"CD8 Tem"
-0.0479776819850274,11.0087157296777,0.467513130784885,0.494133765950915,0.839684379041909,4553,0.840314668632999,FALSE,"CD8 Tem"
0.00163269293430044,11.004369418393,0.000252315658319854,0.987326583712086,0.999555952465987,4554,0.99933775641114,FALSE,"CD8 Tem"
0.0778857213990058,10.7823127111223,1.11712361935266,0.631706745418689,0.921522345877264,4555,0.92175322563696,FALSE,"CD8 Tem"
-0.156238706902223,10.7951771839054,4.36417357316139,0.0367027451334849,0.317294549471818,4556,0.32188944579677,FALSE,"CD8 Tem"
0.0769016711040381,10.8121187933462,1.60623232601744,0.43102557850549,0.792684842083445,4557,0.793375000890569,FALSE,"CD8 Tem"
0.21013957501778,10.9427057236543,7.88653939554713,0.00498058419247656,0.148491647943644,4558,0.152559847905481,FALSE,"CD8 Tem"
-0.0363860900179863,10.9477876130994,0.300757034744483,0.715359671657591,0.954428523488083,4559,0.95427054427842,FALSE,"CD8 Tem"
0.0353802797839186,10.9030083680852,0.235225711459636,0.627676020465791,0.920631085205422,4560,0.920760003347572,FALSE,"CD8 Tem"
0.22151679367087,10.8813467393118,8.43304574509576,0.00368477468200717,0.130823565236758,4561,0.135596053587386,FALSE,"CD8 Tem"
-0.049399172110518,10.7551886387618,0.337260038197656,0.561415306166499,0.881547126597025,4562,0.881948737994621,FALSE,"CD8 Tem"
0.124485404753505,10.8655412523689,2.46904997157169,0.311710803217538,0.690036623400652,4563,0.692294202736506,FALSE,"CD8 Tem"
0.0554768523372891,11.0535388467002,0.533619123734955,0.465089580821934,0.819424328426552,4564,0.819759213172029,FALSE,"CD8 Tem"
0.0103208312925033,10.8203693185462,0.00314803454035889,0.955256310613925,0.999077378157267,4565,0.998676076224815,FALSE,"CD8 Tem"
0.167546326656435,10.8561324991501,4.66247395766599,0.0308291764783131,0.290819540439759,4566,0.295245166270196,FALSE,"CD8 Tem"
0.11063264958515,10.959629326939,1.42996228823044,0.231771114232952,0.609710097453313,4567,0.612497586152074,FALSE,"CD8 Tem"
0.193541035448771,10.8243035467042,7.21007900377784,0.00724975001650142,0.171348640158618,4568,0.175533404150049,FALSE,"CD8 Tem"
0.0869127779227515,10.8513930092795,1.41087560054215,0.234911611398742,0.612086221073138,4569,0.61480528545715,FALSE,"CD8 Tem"
0.0991267568094348,10.8664830905956,2.16018393441625,0.21973866986501,0.600472710659319,4570,0.603438853743515,FALSE,"CD8 Tem"
0.121694949140311,10.8591210113548,2.80493605873963,0.100333759818208,0.455270553087301,4571,0.460314415069369,FALSE,"CD8 Tem"
0.0631351760539296,10.8809708995568,1.07785762922846,0.299177775055552,0.678640178354321,4572,0.680833990892087,FALSE,"CD8 Tem"
0.192319241307047,10.7759879708125,6.98497691265767,0.0602470862625692,0.374999933269983,4573,0.380253392269513,FALSE,"CD8 Tem"
0.136758209100028,10.8544346373096,4.86487431244432,0.165525186060835,0.553365412957612,4574,0.557694885675451,FALSE,"CD8 Tem"
0.0504849535306653,10.9871088080022,0.320588973047654,0.571254142049075,0.88829923593121,4575,0.888409816573077,FALSE,"CD8 Tem"
0.0359776931699643,10.8076110868467,1.17408531340286,0.742452522445871,0.963810240629524,4576,0.963290442012406,FALSE,"CD8 Tem"
0.126703973982048,10.7722580945568,3.10059943150297,0.0782640336094392,0.412439231701052,4577,0.417243642719469,FALSE,"CD8 Tem"
0.110281473191921,10.788832570099,2.57198754037801,0.134388010073214,0.509557971779627,4578,0.514125468561139,FALSE,"CD8 Tem"
-0.0142781075239321,10.8315022532035,0.0433453679650189,0.835076396736106,0.992066493287262,4579,0.990859758078442,FALSE,"CD8 Tem"
0.0555393686533067,10.9133911548694,0.638493179573376,0.424257314663846,0.788313001709769,4580,0.789149002915426,FALSE,"CD8 Tem"
0.170254759036178,10.8154007725902,3.00408348993532,0.305525638150499,0.684159722213756,4581,0.68632331318947,FALSE,"CD8 Tem"
-0.00883896352769487,10.7882707170747,0.0092118843931686,0.923537634212335,0.998052981074555,4582,0.997419013883782,FALSE,"CD8 Tem"
0.124532524703699,10.8639991406485,3.39502252687439,0.101674448726846,0.455666255397443,4583,0.460724709955008,FALSE,"CD8 Tem"
-0.0388922918853081,10.8139224132854,0.288683994599513,0.591065313892322,0.901375254684607,4584,0.901610060627415,FALSE,"CD8 Tem"
0.140140044739523,10.9006127404719,3.08777239229577,0.243780991752883,0.622297141955356,4585,0.625429939134207,FALSE,"CD8 Tem"
0.0684217234541452,10.8935623679041,0.577407803395522,0.447330505911933,0.807420671394026,4586,0.80806755640102,FALSE,"CD8 Tem"
-0.0357474305981035,10.8439252860022,0.0209531283450533,0.937730081499853,0.998052981074555,4587,0.997419013883782,FALSE,"CD8 Tem"
0.0373165310363516,10.8075221344638,0.307541150307046,0.628771823123496,0.920925397469964,4588,0.921166658347433,FALSE,"CD8 Tem"
0.0577651525805885,10.8008863795474,1.27274727387894,0.665902492755894,0.932023019502757,4589,0.931625172861424,FALSE,"CD8 Tem"
0.0748134901191353,10.8506150165771,0.980649815489939,0.509575657400249,0.849611324929492,4590,0.850401730367012,FALSE,"CD8 Tem"
0.030446312549117,10.9197223909295,0.13442440778229,0.713888199966531,0.953857245080263,4591,0.953695464360168,FALSE,"CD8 Tem"
0.0911131515399027,10.9181691802712,1.42422322140474,0.402568254779826,0.770512326329618,4592,0.771354911315589,FALSE,"CD8 Tem"
-0.00725794957902002,10.9575290830456,0.0348967525515188,0.851812243494643,0.994123106138315,4593,0.992964235102643,FALSE,"CD8 Tem"
0.166408586289194,10.9171485802279,4.60922655892653,0.031800813509434,0.295220725813129,4594,0.299722117527088,FALSE,"CD8 Tem"
0.135271917480855,10.8537143373061,2.93719785122714,0.0865613478212977,0.427917477706951,4595,0.432711273802828,FALSE,"CD8 Tem"
0.0040484267630261,10.947143439238,0.035310752516374,0.893318523646704,0.998052981074555,4596,0.997419013883782,FALSE,"CD8 Tem"
0.133892824073958,11.0447550347267,3.06745855388821,0.384802377321163,0.754517646256632,4597,0.755819616695496,FALSE,"CD8 Tem"
0.0366426817973822,10.7768896491719,0.741600122712402,0.389149162871971,0.758547909028555,4598,0.759822490863281,FALSE,"CD8 Tem"
0.14843710696877,10.8010124844842,4.66470095952623,0.108751657386704,0.470078028350891,4599,0.475088021514921,FALSE,"CD8 Tem"
0.0544131983492395,10.8042835720736,0.575644691707715,0.448024872940638,0.807540821390389,4600,0.808268971785841,FALSE,"CD8 Tem"
-0.160264574945364,10.9142681806781,3.97215489839557,0.0623785685062362,0.376439717295839,4601,0.381386023832043,FALSE,"CD8 Tem"
0.207668548343319,10.780147770778,8.64200915002368,0.02534817445387,0.26828510199018,4602,0.273496864663059,FALSE,"CD8 Tem"
0.0207907615545367,10.864321159656,0.108553533127857,0.741797092100052,0.963714602055123,4603,0.96320581145342,FALSE,"CD8 Tem"
-0.0398432472447563,10.8165651162283,0.125308330929026,0.723347138311392,0.958059601683557,4604,0.957932701836337,FALSE,"CD8 Tem"
0.0351815564158702,11.031807569224,0.255226623479427,0.613418864434356,0.910923096578605,4605,0.910966599188592,FALSE,"CD8 Tem"
0.0564754019315406,10.789102090513,0.421676777416534,0.516101822676218,0.853623605002521,4606,0.854444692886885,FALSE,"CD8 Tem"
0.121593681686054,10.8044731984606,2.56826607511691,0.109027756995523,0.47056454518,4607,0.4755897798121,FALSE,"CD8 Tem"
0.149379636281858,10.9950853727247,3.48590553533263,0.0618940275285594,0.376439717295839,4608,0.381386023832043,FALSE,"CD8 Tem"
-0.086701977364336,10.8571872224279,1.4041873543847,0.236024244842939,0.613610264261883,4609,0.616374199101883,FALSE,"CD8 Tem"
-0.113680912422505,10.9133425137039,2.39723394948318,0.121550583659855,0.492020682856386,4610,0.496300334078707,FALSE,"CD8 Tem"
-0.0339469554408357,10.8678657588356,0.102977833950399,0.903596397928262,0.998052981074555,4611,0.997419013883782,FALSE,"CD8 Tem"
0.0362001519406521,10.9008375902477,0.170971718770977,0.689947248516431,0.942975213884784,4612,0.942841718353821,FALSE,"CD8 Tem"
0.00957976198932464,10.8244923828436,0.0519478642941784,0.929736986946996,0.998052981074555,4613,0.997419013883782,FALSE,"CD8 Tem"
0.0930990483258663,10.9827291346875,1.47509955315399,0.813799385184027,0.985778566745849,4614,0.985088403638277,FALSE,"CD8 Tem"
0.0221594755978616,11.1827851766582,0.0678273969294316,0.794526854437836,0.97967773064432,4615,0.979086140016989,FALSE,"CD8 Tem"
-0.0463244426854679,10.952843581941,0.288999288489257,0.590862744290691,0.901375254684607,4616,0.901610060627415,FALSE,"CD8 Tem"
0.0309305100622404,10.8003123989443,0.39374577304437,0.625028076456786,0.919065944862634,4617,0.919100739046563,FALSE,"CD8 Tem"
0.0947700807537958,10.8507528040001,1.67511930662712,0.195574795471087,0.579374760341417,4618,0.583058517318738,FALSE,"CD8 Tem"
0.152511068158891,10.8434246798661,3.99893669828302,0.0534075789151777,0.359935552420026,4619,0.364869525527888,FALSE,"CD8 Tem"
-0.00783213077425629,10.799758000396,0.0494673970806073,0.823992730768955,0.989770193906614,4620,0.98892814648977,FALSE,"CD8 Tem"
0.182950129283783,10.805765289166,6.55256379432872,0.0104735814531342,0.194563926879323,4621,0.19940936524886,FALSE,"CD8 Tem"
0.0509527396749656,10.7978346373032,0.932328132357748,0.334259120287122,0.709880898838084,4622,0.711756908998334,FALSE,"CD8 Tem"
0.0104613319275846,10.8405637777382,0.0112473065433652,0.915540087053926,0.998052981074555,4623,0.997419013883782,FALSE,"CD8 Tem"
0.133639946840819,10.9195169835903,2.65732016690056,0.10307483976607,0.458823177154036,4624,0.463816378642694,FALSE,"CD8 Tem"
0.0506039257320945,10.8575673539563,0.467447222908444,0.517549549379356,0.854195512478135,4625,0.855059989097323,FALSE,"CD8 Tem"
0.0688170920901769,10.9072644206433,0.761715459668632,0.475515765397022,0.824407503023157,4626,0.824784850486183,FALSE,"CD8 Tem"
0.112601199617903,10.9530800524,1.646264058648,0.282894138519318,0.66515833235115,4627,0.667972450729938,FALSE,"CD8 Tem"
0.168506914187779,10.9685192398849,3.9166810961624,0.0478096802725496,0.343307474483036,4628,0.348575081545,FALSE,"CD8 Tem"
0.0803980807670931,10.857866617316,1.27952216165672,0.297741369887935,0.678044420758028,4629,0.680275151532994,FALSE,"CD8 Tem"
0.000170361269622636,10.9051187801111,0.0402687105782737,0.840956184193095,0.993608005449188,4630,0.992287974212428,FALSE,"CD8 Tem"
0.0569089318033888,11.0043030645101,0.540372584262816,0.605200460118446,0.907029285958101,4631,0.907078356602361,FALSE,"CD8 Tem"
0.0542203891251151,10.9565357241191,0.56266109322098,0.453190354696662,0.811311909043178,4632,0.811982785381462,FALSE,"CD8 Tem"
0.11283720354724,10.7952190181482,1.74626619783111,0.186347368235699,0.572836490194472,4633,0.576966921832522,FALSE,"CD8 Tem"
0.13852897983771,10.9439085622343,2.60977726250223,0.10620725846133,0.463386453192913,4634,0.468152822059876,FALSE,"CD8 Tem"
0.0960036865450282,11.0693530475108,1.46125675542554,0.226730788896908,0.606223555422589,4635,0.609243256218417,FALSE,"CD8 Tem"
0.0479803491954733,11.0095249903299,0.438444829726974,0.813887270759849,0.985778566745849,4636,0.985088403638277,FALSE,"CD8 Tem"
0.182501679790229,10.981111279952,4.81698861739796,0.0281809585943562,0.280663037306961,4637,0.28585812794708,FALSE,"CD8 Tem"
0.201742568812025,10.9428768513082,7.06499751438008,0.00786067196332562,0.171348640158618,4638,0.175533404150049,FALSE,"CD8 Tem"
0.0202551934755887,10.9414107014405,0.206719654534886,0.707627499886793,0.949834199703745,4639,0.949857825181255,FALSE,"CD8 Tem"
-0.0905629879623897,10.9241961291447,1.64080149319598,0.200216081449473,0.582367101201686,4640,0.585745807576603,FALSE,"CD8 Tem"
0.111332324078248,11.2626057362634,1.96881548192727,0.160574218592146,0.545131891001511,4641,0.549774801425887,FALSE,"CD8 Tem"
0.0943327863148108,10.7825411390471,2.3897185535476,0.122136197317779,0.492863953488949,4642,0.497167463666622,FALSE,"CD8 Tem"
0.0228831725811093,10.90743960405,0.195685230093107,0.658226555948708,0.928544650202439,4643,0.928078039145016,FALSE,"CD8 Tem"
0.188012070836373,10.9123617570589,7.01877335829367,0.00806617983703243,0.171348640158618,4644,0.175533404150049,FALSE,"CD8 Tem"
0.106355084185057,10.8513203986253,1.73101085426209,0.276499576299897,0.657982197662756,4645,0.66083494564551,FALSE,"CD8 Tem"
-0.0119677811071193,10.8105033674702,0.161597837473436,0.992894830093102,0.999555952465987,4646,0.999464381154615,FALSE,"CD8 Tem"
0.103014033009227,10.9450385458574,1.05804679616047,0.303661545715075,0.681955504162634,4647,0.68411216734854,FALSE,"CD8 Tem"
0.0289292795974871,10.8456083982993,0.117826842878637,0.834521623508075,0.991750133480293,4648,0.99056017316442,FALSE,"CD8 Tem"
0.105166369207257,10.8792117569439,3.3027709997582,0.215271942582905,0.595905097084529,4649,0.598848038515128,FALSE,"CD8 Tem"
0.111296878166513,10.8265554323424,2.61934095971768,0.184623308808734,0.572836490194472,4650,0.576966921832522,FALSE,"CD8 Tem"
0.109842943125616,10.8510624699747,2.01863371124602,0.25878325905949,0.638488835195805,4651,0.641171250443354,FALSE,"CD8 Tem"
