,index_cell,kth_distance,logCPM,logFC,PValue,FDR,SpatialFDR,Nhood_size,nhood_annotation,nhood_annotation_frac
0,20240918_WGS_20240924_sc_PICA0008-PICA0032_Pool_5_AAACGCGAGCACTCAA,3.4575982093811035,2.4050330363301056,-3.1086295889984914,4.580562055617347e-05,0.0009960952938164788,0.000960873322409079,244.0,CD56_dim CD16+ NK,0.9918033
1,20240918_WGS_20240924_sc_PICA0008-PICA0032_Pool_5_AAAGCGAGTATCCTGC,3.6672987937927246,1.0310344174734083,3.048940905436226,0.001186877717782667,0.009398659483823998,0.009170555725041362,163.0,CD56_dim CD16+ NK,1.0
2,20240918_WGS_20240924_sc_PICA0008-PICA0032_Pool_5_AAAGGAACAAAACGAT,3.363438606262207,2.2423388425986936,1.3268814831155413,0.025531214183673424,0.0828965032707208,0.08186100501452315,323.0,CD56_dim CD16+ NK,0.9690403
3,20240918_WGS_20240924_sc_PICA0008-PICA0032_Pool_5_AACAGCCTCGCATGGT,3.5389697551727295,4.291639699098203,-2.0802440003402674,0.010698418007418492,0.044927762399955544,0.04421870287741347,206.0,CD56_dim CD16+ NK,0.9126214
6,20240918_WGS_20240924_sc_PICA0008-PICA0032_Pool_5_AAGTACGCACTGACAT,3.3536298274993896,2.722313827550855,-2.218824632379049,0.0004241084344528723,0.004610924518637063,0.004481326843625195,422.0,CD56_dim CD16+ NK,0.9691943
7,20240918_WGS_20240924_sc_PICA0008-PICA0032_Pool_5_AATACTGGTCTAAGGT,3.6006693840026855,1.6094733512062478,-3.2417636679013895,2.3505086425832046e-06,0.00013999984270541237,0.00013406454775215763,221.0,CD56_dim CD16+ NK,0.97737557
10,20240918_WGS_20240924_sc_PICA0008-PICA0032_Pool_5_AATTGTATCACGATAT,3.1010875701904297,4.602871901089246,-1.6446666936089909,0.0020608178565320193,0.01395265752900132,0.013645609529951626,646.0,CD56_dim CD16+ NK,0.99226004
12,20240918_WGS_20240924_sc_PICA0008-PICA0032_Pool_5_ACAGAAGGTAAGTGAG,3.617785692214966,1.367966861049668,-2.0687064034800966,0.0015519860429773957,0.011366999635219572,0.011106768721317625,201.0,CD56_dim CD16+ NK,0.8208955
15,20240918_WGS_20240924_sc_PICA0008-PICA0032_Pool_5_ACCAGGAAGACATGAA,3.520928144454956,2.027772349038738,4.685532426887403,0.00011931653055295252,0.0018957857136727987,0.0018339130239756237,284.0,CD56_dim CD16+ NK,0.79577464
17,20240918_WGS_20240924_sc_PICA0008-PICA0032_Pool_5_ACCCGTACACAGTTCG,3.6076982021331787,3.1641186077106016,-3.3145597864118415,0.00011740343968045062,0.001883617726860129,0.001822131934475877,228.0,CD56_dim CD16+ NK,0.98245615
20,20240918_WGS_20240924_sc_PICA0008-PICA0032_Pool_5_ACGAGGTCAGCGCATC,3.2715914249420166,2.4039525055518745,-1.3838058660484815,0.011960110071072286,0.04851216155352094,0.047778890504969536,434.0,CD56_dim CD16+ NK,0.99769586
22,20240918_WGS_20240924_sc_PICA0008-PICA0032_Pool_5_ACGCCCAAGACAAGCG,3.6319243907928467,1.0000905394025486,-2.7599468715314712,0.0031430064182093225,0.01896620629368146,0.018571690411655486,139.0,CD56_dim CD16+ NK,1.0
23,20240918_WGS_20240924_sc_PICA0008-PICA0032_Pool_5_ACGTTTACACGGTGTC,3.6052160263061523,11.834629065689548,-2.1909800595869378,8.502534533039264e-05,0.0014965025731514567,0.0014462520856273035,311.0,CD56_dim CD16+ NK,0.99678457
25,20240918_WGS_20240924_sc_PICA0008-PICA0032_Pool_5_ACTCATTGTGCTCCTG,3.4765641689300537,1.8859723637085866,3.3880706278937676,0.007959803143353896,0.03656869772246443,0.0359369183911482,299.0,CD56_dim CD16+ NK,0.8327759
30,20240918_WGS_20240924_sc_PICA0008-PICA0032_Pool_5_AGCAACGAGCTACTTC,3.5759241580963135,1.6057895713598818,3.141559561017573,2.837881517688021e-06,0.00015884074335650395,0.0001519720132271821,204.0,CD56_dim CD16+ NK,0.9264706
31,20240918_WGS_20240924_sc_PICA0008-PICA0032_Pool_5_AGCGTGAAGCGATTGC,3.807194232940674,3.401642215424422,-3.144086823032086,0.0009817260441112347,0.008275765734343016,0.008068786706661222,167.0,CD56_dim CD16+ NK,1.0
35,20240918_WGS_20240924_sc_PICA0008-PICA0032_Pool_5_AGGAGTAGTAGTATGC,3.6401402950286865,5.698636025658276,-2.166470954662436,0.009569688792624273,0.04158403365511324,0.040904444451725114,258.0,CD56_dim CD16+ NK,0.89534885
36,20240918_WGS_20240924_sc_PICA0008-PICA0032_Pool_5_AGGCTTATCGTGCGCA,3.7951228618621826,1.047436018493269,-3.4148479698609466,0.0004430740579723048,0.00476498094441613,0.004632511037799711,148.0,CD56_dim CD16+ NK,0.8513514
37,20240918_WGS_20240924_sc_PICA0008-PICA0032_Pool_5_AGGGATTAGGGCGTAA,4.032627105712891,1.153987862469632,-1.7166974729728173,0.03141115894215426,0.09579917236506552,0.0946717780916573,144.0,CD56_dim CD16+ NK,0.7361111
39,20240918_WGS_20240924_sc_PICA0008-PICA0032_Pool_5_AGTCTGGGTGCTAGTG,3.5604472160339355,11.286110393429833,2.418597794853373,0.0002528076552718521,0.0032469468214902414,0.0031499074395773454,246.0,CD56_dim CD16+ NK,0.9878049
44,20240918_WGS_20240924_sc_PICA0008-PICA0032_Pool_5_ATACCCTTCACGTCCC,3.862396478652954,1.123930708992282,-2.2152911098288786,0.006526273796915179,0.0319293944795335,0.03134914536057767,158.0,CD56_dim CD16+ NK,0.70886075
46,20240918_WGS_20240924_sc_PICA0008-PICA0032_Pool_5_ATCTCCGTCAGGTTCA,3.5160624980926514,1.3924578431657615,1.7134299777463817,0.01186957092294293,0.04825602126654482,0.04752385642781381,226.0,CD56_dim CD16+ NK,0.86283183
48,20240918_WGS_20240924_sc_PICA0008-PICA0032_Pool_5_ATGCCTCGTACGAAAG,3.869813919067383,3.936743175160164,-1.5151970404737047,0.020951168665325884,0.07262138019779214,0.07166446082538658,216.0,CD56_dim CD16+ NK,0.9953704
49,20240918_WGS_20240924_sc_PICA0008-PICA0032_Pool_5_ATGGCGTTCACCTTCG,3.642239570617676,2.654305226437976,-2.0113816404736586,0.024670933154886457,0.08090324983648019,0.07988615889960723,173.0,CD56_dim CD16+ NK,0.9884393
50,20240918_WGS_20240924_sc_PICA0008-PICA0032_Pool_5_ATTACCACAACAACCT,3.300507068634033,2.397503103657044,-2.1240027384783957,0.001058322890220482,0.00870245308143737,0.008485082121068294,350.0,CD56_dim CD16+ NK,0.69142854
52,20240918_WGS_20240924_sc_PICA0008-PICA0032_Pool_5_ATTATCTTCAAGCTCA,4.063009262084961,2.1899160590890587,-2.7609526356677736,0.0027425138402151416,0.017188826312071685,0.016824701935533475,136.0,CD56_dim CD16+ NK,0.85294116
54,20240918_WGS_20240924_sc_PICA0008-PICA0032_Pool_5_ATTATGGGTCAAGTTA,3.437432050704956,1.6365347882133245,1.3671918639843847,0.03276372754092691,0.09903512734141484,0.09786974598342424,300.0,CD56_dim CD16+ NK,1.0
57,20240918_WGS_20240924_sc_PICA0008-PICA0032_Pool_5_CAACTTCTCCCATCGC,3.5140209197998047,22.121384225213134,-2.4323093577068566,0.00015907640560471826,0.002345900706006107,0.0022731458653280218,371.0,CD56_dim CD16+ NK,0.8652291
58,20240918_WGS_20240924_sc_PICA0008-PICA0032_Pool_5_CAAGTCTCAGTTACTA,3.516583204269409,1.086874395308754,2.5213846496841943,0.0006375654193642791,0.006175670546860879,0.006010896235503094,181.0,CD56_dim CD16+ NK,0.98895025
62,20240918_WGS_20240924_sc_PICA0008-PICA0032_Pool_5_CAGCGAAAGCCGTAGT,3.616455554962158,1.0592482315121114,2.274874716908147,0.00796640260724492,0.036568980467833044,0.03593784271879097,185.0,CD56_dim CD16+ NK,0.9945946
63,20240918_WGS_20240924_sc_PICA0008-PICA0032_Pool_5_CAGCGCATCAGAATAG,3.323418617248535,11.896271397124469,1.753571738006294,0.00016544312355962941,0.002407356292741373,0.0023327856491285465,353.0,CD56_dim CD16+ NK,0.97450423
65,20240918_WGS_20240924_sc_PICA0008-PICA0032_Pool_5_CAGTGCAGTGGTGCGT,3.2722208499908447,1.912087135666459,3.1808487949533846,4.115899306376732e-09,2.377703421061228e-06,2.2221291607561067e-06,341.0,CD56_dim CD16+ NK,0.99120235
66,20240918_WGS_20240924_sc_PICA0008-PICA0032_Pool_5_CAGTTGGGTGGACTAT,3.4354069232940674,1.2745704526060957,1.4593533241306629,0.01911488612824136,0.06817550443494048,0.06724555264692976,230.0,CD56_dim CD16+ NK,0.9782609
70,20240918_WGS_20240924_sc_PICA0008-PICA0032_Pool_5_CCATGACAGCGTAGAG,4.231571674346924,0.6679185735943753,-2.3679205860978114,0.004105945415700901,0.0229165259433822,0.0224717450441754,118.0,CD56_dim CD16+ NK,1.0
75,20240918_WGS_20240924_sc_PICA0008-PICA0032_Pool_5_CCGGTATAGCGTTATG,3.364847183227539,1.6561294769314836,4.0377547389290305,0.009967435252430618,0.042933626878746835,0.0422328580902344,258.0,CD56_dim CD16+ NK,0.8488372
76,20240918_WGS_20240924_sc_PICA0008-PICA0032_Pool_5_CCTACGCTCAGGACTC,3.562925100326538,1.648106322140039,-2.3618900690086866,0.0005921640420878362,0.005886385447635999,0.005724712742163065,193.0,CD56_dim CD16+ NK,0.9896373
77,20240918_WGS_20240924_sc_PICA0008-PICA0032_Pool_5_CCTAGAGGTGTTAATG,3.3648838996887207,1.4584242660425686,3.0087380804245716,7.677521281625924e-06,0.0002989377950406995,0.00028768528618239504,264.0,CD56_dim CD16+ NK,0.9848485
78,20240918_WGS_20240924_sc_PICA0008-PICA0032_Pool_5_CCTAGCACACTAAGGA,3.550997257232666,2.1529409707522844,-1.4772051910792083,0.009518881255737424,0.041418065039871624,0.040741243344456134,281.0,CD56_dim CD16+ NK,0.9964413
80,20240918_WGS_20240924_sc_PICA0008-PICA0032_Pool_5_CGACGGTGTCTATCGC,3.4294211864471436,1.5833696390415557,-1.6956435532657963,0.03002630229798398,0.09292777377864914,0.09180799434158024,250.0,CD56_dim CD16+ NK,0.98
81,20240918_WGS_20240924_sc_PICA0008-PICA0032_Pool_5_CGATGATGTGCATTGG,3.4776246547698975,1.6600590559295334,2.523671265636468,0.028768757556932725,0.09028385813741455,0.08917127898650819,253.0,CD56_dim CD16+ NK,0.82608694
84,20240918_WGS_20240924_sc_PICA0008-PICA0032_Pool_5_CGCAGTAGTAGTACGT,3.7530100345611572,1.143907117174025,3.7692614579662256,0.009173613697800283,0.04039752728521707,0.03973545714895819,139.0,CD56_dim CD16+ NK,0.74820143
85,20240918_WGS_20240924_sc_PICA0008-PICA0032_Pool_5_CGCTAAATCATAACAC,3.267336130142212,2.8987584808812557,1.1480342987384362,0.03151125334190624,0.0960747003005628,0.09494200402085992,466.0,CD56_dim CD16+ NK,0.9892704
87,20240918_WGS_20240924_sc_PICA0008-PICA0032_Pool_5_CGGTCGATCAACCTCT,3.510423421859741,3.261679071758664,-2.4113305004324204,0.0013118394792600786,0.010056755416491078,0.009816803399198614,273.0,CD56_dim CD16+ NK,0.93406594
89,20240918_WGS_20240924_sc_PICA0008-PICA0032_Pool_5_CGTCAATCACACAAGA,3.5880126953125,1.158831410014841,-2.4720976628969478,0.0006725961652917075,0.006404172776247085,0.006234399101850092,188.0,CD56_dim CD16+ NK,0.93085104
91,20240918_WGS_20240924_sc_PICA0008-PICA0032_Pool_5_CTAAACTAGAGGGGTC,3.5208072662353516,3.328707238051626,4.631374924462099,0.0003403502051560618,0.003996173862922961,0.003881368199353442,256.0,CD56_dim CD16+ NK,0.8515625
92,20240918_WGS_20240924_sc_PICA0008-PICA0032_Pool_5_CTAACCGCACTCCGAA,3.3589131832122803,2.570049179185193,2.139129392748023,0.00046151338376431594,0.004914992803743002,0.004779634119235966,219.0,CD56_dim CD16+ NK,0.98630136
95,20240918_WGS_20240924_sc_PICA0008-PICA0032_Pool_5_CTCCAATTCCATGGGT,3.5706779956817627,12.974212363031477,3.046749266642731,3.656300567113319e-06,0.00017967598411872457,0.00017243840517377573,327.0,CD56_dim CD16+ NK,0.9969419
98,20240918_WGS_20240924_sc_PICA0008-PICA0032_Pool_5_CTCTCGGGTACAAGCT,3.86759090423584,1.4909305663873802,2.925974372664924,0.015371332419513072,0.058234958682482664,0.057391468610539585,147.0,CD56_dim CD16+ NK,0.8979592
101,20240918_WGS_20240924_sc_PICA0008-PICA0032_Pool_5_GCACCCTTCCTCGCAC,3.8669302463531494,2.531754270239196,2.8082625493258893,0.008934455777747296,0.03964931534526116,0.03900505212116837,126.0,CD56_dim CD16+ NK,0.8888889
103,20240918_WGS_20240924_sc_PICA0008-PICA0032_Pool_5_GCGGATAAGAGAGGTT,3.493159055709839,2.8368710629069467,-3.6985825036839497,1.3351273173091982e-05,0.00043550792062294405,0.0004196070252451127,287.0,CD56_dim CD16+ NK,0.9860627
105,20240918_WGS_20240924_sc_PICA0008-PICA0032_Pool_5_GCGTAACTCATACCCT,3.6902740001678467,1.2897559025959855,3.4884194014094403,0.0046084263005751495,0.024814215799439633,0.024348973342535957,164.0,CD56_dim CD16+ NK,0.847561
110,20240918_WGS_20240924_sc_PICA0008-PICA0032_Pool_5_GCTTAGTCAACACAGA,3.7408294677734375,1.6026043227480877,4.713189407919255,0.0016593946382784633,0.01194061108961369,0.011670258983059092,136.0,CD56_dim CD16+ NK,0.7647059
111,20240918_WGS_20240924_sc_PICA0008-PICA0032_Pool_5_GGAAACTAGCTACTGA,3.559927225112915,5.78328373885349,-2.8365697935800642,0.0003870218672110411,0.004372193135201795,0.004249441329039717,291.0,CD56_dim CD16+ NK,0.99312717
114,20240918_WGS_20240924_sc_PICA0008-PICA0032_Pool_5_GGACTTTCAGTATGTC,3.6396515369415283,1.2143298462971948,-2.449338312705221,0.0005780974798964714,0.005781561699959533,0.0056228732168639136,192.0,CD56_dim CD16+ NK,0.8541667
119,20240918_WGS_20240924_sc_PICA0008-PICA0032_Pool_5_GGTACAGAGCGGTTCG,3.6493258476257324,2.5065564824222752,-1.5541754819687141,0.0110634222370204,0.045946784341015165,0.04522981937504675,230.0,CD56_dim CD16+ NK,0.9956522
123,20240918_WGS_20240924_sc_PICA0008-PICA0032_Pool_5_GGTTGTCAGGCTCACG,4.768060207366943,1.5935694010890844,-1.859946724449687,0.003095089863537824,0.018751371614828476,0.018359228384052975,202.0,CD56_dim CD16+ NK,0.9950495
128,20240918_WGS_20240924_sc_PICA0008-PICA0032_Pool_5_GTAGCGTTCGGTTCCC,3.8711540699005127,11.181023720165939,1.9771526340457695,0.02792828176457145,0.08843942125876357,0.08735442705648729,194.0,CD56_dim CD16+ NK,0.8917526
129,20240918_WGS_20240924_sc_PICA0008-PICA0032_Pool_5_GTATCGATCGCGTTAA,3.436748743057251,10.958597223222306,2.501156268198378,0.0065939619876978165,0.03215698987168871,0.03157146444012799,190.0,CD56_dim CD16+ NK,0.99473685
133,20240918_WGS_20240924_sc_PICA0008-PICA0032_Pool_5_GTCTTATGTATTCGTT,3.5491042137145996,2.158502341390471,-1.793904842713031,0.0015328674018592586,0.011260459937148064,0.011000130834026274,244.0,CD56_dim CD16+ NK,0.90983605
136,20240918_WGS_20240924_sc_PICA0008-PICA0032_Pool_5_GTGGTTATCGGCGTCA,3.4260945320129395,3.5755191904872503,-2.394410911135911,0.0006125867154360683,0.006010549535618236,0.00584764392933325,293.0,CD56_dim CD16+ NK,0.9522184
137,20240918_WGS_20240924_sc_PICA0008-PICA0032_Pool_5_GTGTTCCGTGTAAGCT,3.419781446456909,1.8799507746806357,-2.0818772363065756,0.0017922073032732148,0.01261975278380589,0.012340203963153695,265.0,CD56_dim CD16+ NK,0.98867923
140,20240918_WGS_20240924_sc_PICA0008-PICA0032_Pool_5_GTTAGTTAGATGGTTT,3.3548147678375244,2.5432170443205155,-1.3864270517285875,0.022531091945781994,0.07582978707136946,0.07485069192001578,326.0,CD56_dim CD16+ NK,0.9969325
142,20240918_WGS_20240924_sc_PICA0008-PICA0032_Pool_1_AAACTACTCAACCATG,3.7149016857147217,11.21044102468504,-2.9358518613503324,5.25810901328792e-05,0.0010732903957828704,0.0010360947173690314,220.0,CD56_dim CD16+ NK,0.7909091
145,20240918_WGS_20240924_sc_PICA0008-PICA0032_Pool_1_AACCGCAGTACGTCAG,3.4170429706573486,3.094221441717206,-2.211369556812452,0.0008544308454509165,0.007586371176167827,0.007391714394743034,270.0,CD56_dim CD16+ NK,1.0
151,20240918_WGS_20240924_sc_PICA0008-PICA0032_Pool_1_AAGCTAGCAGCATAGA,3.7905056476593018,0.7863589658571498,-3.377366476280341,0.0001029569166577939,0.0017045858588166853,0.0016482590460867137,140.0,CD56_dim CD16+ NK,0.98571426
152,20240918_WGS_20240924_sc_PICA0008-PICA0032_Pool_1_AAGTCCATCCACACCC,3.827279806137085,3.9541264496428967,-1.44242405694535,0.017947681279416042,0.06525288717289966,0.06436263245903992,222.0,CD56_dim CD16+ NK,0.9774775
158,20240918_WGS_20240924_sc_PICA0008-PICA0032_Pool_1_ACAATGAAGCATAGCC,3.3675806522369385,1.851264469402884,-1.4459735322212726,0.00594038952535302,0.029795711412552238,0.02924788585756034,312.0,CD56_dim CD16+ NK,0.9967949
160,20240918_WGS_20240924_sc_PICA0008-PICA0032_Pool_1_ACAGCATGTAGAATGG,3.7000365257263184,1.892349845737535,-1.4274220816673353,0.01480966636620694,0.05656844644183969,0.055745883975961065,220.0,CD56_dim CD16+ NK,1.0
163,20240918_WGS_20240924_sc_PICA0008-PICA0032_Pool_1_ACATTAGGTGGCAATT,3.3319995403289795,2.881507047178776,-1.5413373125652978,0.0020115421128749727,0.013684876625643203,0.013383128045289017,391.0,CD56_dim CD16+ NK,0.97953963
166,20240918_WGS_20240924_sc_PICA0008-PICA0032_Pool_1_ACGACTATCCACCTAT,3.224686622619629,14.867515397877966,-3.1149976815557876,7.909608914833544e-08,1.416682862182277e-05,1.3527462956600018e-05,632.0,CD56_dim CD16+ NK,1.0
167,20240918_WGS_20240924_sc_PICA0008-PICA0032_Pool_1_ACGCGTGTCCGGTGCA,3.3587145805358887,1.700930971491943,-1.7249963796508392,0.0011283478412963562,0.009101390857401465,0.008877143019807205,287.0,CD56_dim CD16+ NK,0.9547038
168,20240918_WGS_20240924_sc_PICA0008-PICA0032_Pool_1_ACTATAGGTGTGAGTT,3.318068027496338,1.9668979138764864,3.1321120589272073,0.023676233987751247,0.07856600083649248,0.07755660672581277,321.0,Mixed,0.5825545
171,20240918_WGS_20240924_sc_PICA0008-PICA0032_Pool_1_ACTCAGCAGAGCGGGT,3.9234790802001953,4.40693434881474,3.3976394744950564,0.0015497939676950832,0.011359390160538886,0.01109896638038837,143.0,CD56_dim CD16+ NK,0.74825174
173,20240918_WGS_20240924_sc_PICA0008-PICA0032_Pool_1_ACTGCGTAGACGTGTC,3.5261950492858887,4.723311837413232,-2.7759176972258093,2.8565246951937098e-05,0.0007290058231179594,0.0007033434597626292,307.0,CD56_dim CD16+ NK,0.97068405
176,20240918_WGS_20240924_sc_PICA0008-PICA0032_Pool_1_ACTTGTGAGACGGGGT,3.358966112136841,2.02613627807759,-1.2562776875337798,0.030997602689852435,0.09494943535377373,0.09382666651001033,326.0,CD56_dim CD16+ NK,0.9877301
178,20240918_WGS_20240924_sc_PICA0008-PICA0032_Pool_1_AGACGCAAGCTATTGG,3.3862195014953613,1.982073259473859,-2.8167796016786157,1.7758862695344315e-05,0.0005206623702733239,0.0005009406214577253,295.0,CD56_dim CD16+ NK,1.0
179,20240918_WGS_20240924_sc_PICA0008-PICA0032_Pool_1_AGAGAGGCACAACTAC,3.3268589973449707,3.2984272000528967,-1.5867905206413293,0.00820123496597047,0.0372477481096243,0.03662318674601205,422.0,CD56_dim CD16+ NK,0.99763036
182,20240918_WGS_20240924_sc_PICA0008-PICA0032_Pool_1_AGCGGACAGATTCACG,3.257722854614258,5.226326472202054,2.8764307202991892,7.434585471859249e-09,3.487528642061212e-06,3.245741128715159e-06,523.0,CD56_dim CD16+ NK,0.9502868
185,20240918_WGS_20240924_sc_PICA0008-PICA0032_Pool_1_AGGAATTCAACCCACA,3.4493250846862793,1.760243775017435,-3.0921172884067656,4.176151671764502e-06,0.00019223957999323416,0.00018437214744261693,197.0,CD56_dim CD16+ NK,0.97969544
186,20240918_WGS_20240924_sc_PICA0008-PICA0032_Pool_1_AGGCACGCAACTAAGG,3.5279300212860107,1.8424422443533852,-2.4072787952127297,0.00031996624478418785,0.0038021561850048666,0.0036931550840376822,260.0,CD56_dim CD16+ NK,0.81153846
188,20240918_WGS_20240924_sc_PICA0008-PICA0032_Pool_1_AGGCGGTAGGGTCTGT,3.50935959815979,2.0483524373427313,2.6893827861976427,0.010693256269154825,0.044927762399955544,0.04421870287741347,260.0,CD56_dim CD16+ NK,0.8576923
191,20240918_WGS_20240924_sc_PICA0008-PICA0032_Pool_1_AGTAAGCAGCACTGTA,3.2444653511047363,2.7606427328620224,-1.3873313772794098,0.006508163235231992,0.03192321228037299,0.03134331648775755,442.0,CD56_dim CD16+ NK,0.9977375
192,20240918_WGS_20240924_sc_PICA0008-PICA0032_Pool_1_AGTCATCCAAAGTGCA,3.412926435470581,2.548599025349815,3.4016019374400566,0.00035034481698346834,0.004079487933929251,0.003962226675935184,337.0,CD56_dim CD16+ NK,0.78635013
194,20240918_WGS_20240924_sc_PICA0008-PICA0032_Pool_1_ATAATTCCAAATCTAT,3.3124499320983887,1.7200683148919325,-1.6510719850747888,0.02218248545539764,0.07506132235899012,0.07409024830899887,249.0,CD56_dim CD16+ NK,0.9839357
195,20240918_WGS_20240924_sc_PICA0008-PICA0032_Pool_1_ATAGGGAGTCGGGTTA,3.306713104248047,1.7446976296195937,-1.9119051908599187,0.0005944433153099347,0.005897145782533268,0.0057359728530469506,308.0,CD56_dim CD16+ NK,0.9967533
199,20240918_WGS_20240924_sc_PICA0008-PICA0032_Pool_1_ATCCGTAAGCCAGGTT,3.3825676441192627,13.863881878799445,-1.909693798746141,0.0069666084871484535,0.033452990283301724,0.03285095538707394,359.0,CD56_dim CD16+ NK,0.9916434
200,20240918_WGS_20240924_sc_PICA0008-PICA0032_Pool_1_ATCCTGAAGCATCACA,3.3262925148010254,2.7476685736992206,-2.454134653268244,5.352126077268768e-06,0.0002292338869007593,0.00022017087591074208,446.0,CD56_dim CD16+ NK,0.97309417
203,20240918_WGS_20240924_sc_PICA0008-PICA0032_Pool_1_ATGCGATGTAAGCAAG,3.5814552307128906,12.091801636966624,3.6596415547257646,0.00020304593691358795,0.0027513143391138307,0.002669087775993401,277.0,CD56_dim CD16+ NK,0.85559565
205,20240918_WGS_20240924_sc_PICA0008-PICA0032_Pool_1_ATGGAGAGTATGCCAG,3.4148762226104736,1.2497246452253403,2.0765258883453184,0.0015983944775374865,0.011577782351633661,0.011314865775796656,216.0,CD56_dim CD16+ NK,0.9953704
206,20240918_WGS_20240924_sc_PICA0008-PICA0032_Pool_1_ATGGCGAAGCCCATGG,3.409148693084717,1.776763578003449,-2.12948809223893,0.00035443598385551995,0.0041077045611302675,0.0039902991553670865,319.0,CD56_dim CD16+ NK,0.9968652
207,20240918_WGS_20240924_sc_PICA0008-PICA0032_Pool_1_ATGGCGAAGGCCTGCA,3.2278833389282227,4.936223955452125,-2.016254238633774,0.0003010315947705107,0.0036341449020640946,0.0035287673378923013,634.0,CD56_dim CD16+ NK,0.99842274
209,20240918_WGS_20240924_sc_PICA0008-PICA0032_Pool_1_ATGTGTCCAACGAAGC,3.441509962081909,12.039559714322499,-1.5506413192503068,0.0010185242097763213,0.008486713514124304,0.008273703815030741,372.0,CD56_dim CD16+ NK,0.9919355
210,20240918_WGS_20240924_sc_PICA0008-PICA0032_Pool_1_ATTCATTTCCTATTGC,5.248926162719727,1.2449347383673135,-2.131840011210035,0.012365870428203602,0.049720893709483134,0.04897936237167365,101.0,CD56_dim CD16+ NK,0.76237625
211,20240918_WGS_20240924_sc_PICA0008-PICA0032_Pool_1_ATTGTATCAGCAATCT,3.444981098175049,1.99700112613277,-3.1733329408702606,0.00011051184381917474,0.0018024042606998184,0.0017433135192984148,261.0,CD56_dim CD16+ NK,0.99616855
215,20240918_WGS_20240924_sc_PICA0008-PICA0032_Pool_1_CAATCACCAAGCCGTC,3.76246976852417,1.3182425048194646,2.84876501687496,0.003495247695945842,0.020470680768586498,0.020055928320725405,187.0,CD56_dim CD16+ NK,0.79679143
217,20240918_WGS_20240924_sc_PICA0008-PICA0032_Pool_1_CACCTAAAGATATGAG,3.324716567993164,3.9537227853117987,-1.3501205288831664,0.03158425022709338,0.09621121971346765,0.09507613814143902,310.0,CD56_dim CD16+ NK,0.9774194
219,20240918_WGS_20240924_sc_PICA0008-PICA0032_Pool_1_CACGTCACAATACCCG,3.5183045864105225,1.3305350439392776,-2.066113061647603,0.0009198615214586324,0.00795571189454696,0.007753892047145092,234.0,CD56_dim CD16+ NK,0.9145299
225,20240918_WGS_20240924_sc_PICA0008-PICA0032_Pool_1_CAGGTAACAGCTACGC,3.756941080093384,1.4053061346589568,-1.8719996867084374,0.003402265659907006,0.020082522200585907,0.019673941956660442,129.0,CD56_dim CD16+ NK,0.99224806
226,20240918_WGS_20240924_sc_PICA0008-PICA0032_Pool_1_CAGTTCGCACGTCGGT,3.6127312183380127,1.0366227250577205,-3.6779078538498613,6.372851340688778e-06,0.00025834962369187305,0.00024852156049209135,201.0,CD56_dim CD16+ NK,0.9104478
227,20240918_WGS_20240924_sc_PICA0008-PICA0032_Pool_1_CATTCGAAGGCTAGAG,3.3793342113494873,12.619600120082874,-2.063113222219868,0.001412414961020632,0.01062114487100324,0.010369186615323543,339.0,CD56_dim CD16+ NK,0.96755165
228,20240918_WGS_20240924_sc_PICA0008-PICA0032_Pool_1_CCAAATGTCATGTCAG,3.394766092300415,1.5037687808576155,-1.3554403231531962,0.021631493476744153,0.07393887655774,0.07296683583472434,276.0,CD56_dim CD16+ NK,0.8333333
229,20240918_WGS_20240924_sc_PICA0008-PICA0032_Pool_1_CCACACACAACAGGGT,3.5421178340911865,2.071796917507457,-3.1283910430943256,2.5198908084606116e-07,3.0272493114811568e-05,2.8793692716961253e-05,323.0,CD56_dim CD16+ NK,0.99380803
232,20240918_WGS_20240924_sc_PICA0008-PICA0032_Pool_1_CCAGTAGGTCAGCAAT,3.6565117835998535,8.383709418186811,-3.6683906185756867,0.0011023890740898118,0.008984790580680043,0.00876368634030426,266.0,CD56_dim CD16+ NK,0.99248123
233,20240918_WGS_20240924_sc_PICA0008-PICA0032_Pool_1_CCATGACAGGTAGGTG,3.6631181240081787,2.832718700923222,-1.2977348639342174,0.0037717306680415804,0.021477062896461046,0.021044833241625843,313.0,CD56_dim CD16+ NK,0.9648562
236,20240918_WGS_20240924_sc_PICA0008-PICA0032_Pool_1_CCCTGGAAGGCTATTG,3.4200856685638428,2.1595405307725453,2.9163224003890895,0.015754292330164905,0.05926353138987115,0.058421140369155224,317.0,CD56_dim CD16+ NK,0.8643533
238,20240918_WGS_20240924_sc_PICA0008-PICA0032_Pool_1_CCTAACTTCGGTTGGT,3.403136730194092,2.5770363310090483,-2.426729975361567,6.79418112427245e-05,0.0012820258750061533,0.0012381021480080971,408.0,CD56_dim CD16+ NK,0.99264705
241,20240918_WGS_20240924_sc_PICA0008-PICA0032_Pool_1_CCTGACACAATTCGAC,3.4100847244262695,2.5806288775264887,3.839876029934096,0.0003059549276454028,0.0036800512725700405,0.0035735811291608666,357.0,CD56_dim CD16+ NK,0.84313726
242,20240918_WGS_20240924_sc_PICA0008-PICA0032_Pool_1_CCTGTAAAGCGCATTA,3.7301580905914307,3.969721551580153,-1.8514979210917002,0.020552123758393364,0.07176851157175931,0.07080100897016976,182.0,CD56_dim CD16+ NK,0.9505494
244,20240918_WGS_20240924_sc_PICA0008-PICA0032_Pool_1_CGAACCCCAGTGGGAT,4.402407646179199,2.0074847636576143,-1.6010029343131398,0.031206735363826694,0.09535283811074961,0.09422723394898175,109.0,CD56_dim CD16+ NK,0.94495416
245,20240918_WGS_20240924_sc_PICA0008-PICA0032_Pool_1_CGAACGAAGATGTATC,3.5396595001220703,1.4411978772118443,-2.1919898051658833,8.686219627083198e-05,0.0015198570079288914,0.0014687727232893578,255.0,CD56_dim CD16+ NK,0.9882353
248,20240918_WGS_20240924_sc_PICA0008-PICA0032_Pool_1_CGAATTGTCGTATAGT,3.4974448680877686,1.169285380475038,-2.4177948093950676,0.0001000132125371814,0.0016698425090994778,0.0016141923528173062,209.0,CD56_dim CD16+ NK,0.9952153
249,20240918_WGS_20240924_sc_PICA0008-PICA0032_Pool_1_CGATGAGAGATCGCGT,3.6819677352905273,11.269743021024038,-2.1495454785769517,9.6180806399017e-05,0.0016253029802804568,0.0015705433502465837,193.0,CD56_dim CD16+ NK,0.98445594
251,20240918_WGS_20240924_sc_PICA0008-PICA0032_Pool_1_CGCACATAGCATGCAC,3.6826999187469482,2.6293271513485568,-1.8832659507481564,0.001020398342274616,0.008486713514124304,0.008273703815030741,247.0,CD56_dim CD16+ NK,0.9959514
256,20240918_WGS_20240924_sc_PICA0008-PICA0032_Pool_1_CGTTTAGAGCCTTCAT,3.4450292587280273,21.449583283820672,-2.03969790986537,0.0031776127461224575,0.019092398827659774,0.01869513126754094,272.0,CD56_dim CD16+ NK,0.99264705
257,20240918_WGS_20240924_sc_PICA0008-PICA0032_Pool_1_CTAAGTCCACTACGAT,3.8486721515655518,1.2235344017532213,-2.1779621966330907,0.0003437796518799928,0.004026841082841627,0.0039113916629292846,184.0,CD56_dim CD16+ NK,0.8206522
261,20240918_WGS_20240924_sc_PICA0008-PICA0032_Pool_1_CTAGTTACAGTTGCCA,3.6263463497161865,11.452517583405182,-1.9632901432586738,0.0019614445343205974,0.013474330618962487,0.013179083534655812,246.0,CD56_dim CD16+ NK,0.8455285
262,20240918_WGS_20240924_sc_PICA0008-PICA0032_Pool_1_CTATAAGGTGTGTCGA,3.4519386291503906,11.724235161942804,-1.2221075857407964,0.03213794863678047,0.0975493300512759,0.09639758411711165,296.0,CD56_dim CD16+ NK,0.9493243
263,20240918_WGS_20240924_sc_PICA0008-PICA0032_Pool_1_CTCACCTCAAGGACTA,3.801264524459839,1.022771039966755,-1.4326360687602397,0.013973405261129572,0.05425397121837719,0.05346853885066001,179.0,CD56_dim CD16+ NK,1.0
266,20240918_WGS_20240924_sc_PICA0008-PICA0032_Pool_1_CTGTCGGAGCTGGTTA,3.663552761077881,0.9142965818807238,-1.7397793226703635,0.011804048831735898,0.04809002689885457,0.04735649189215514,155.0,CD56_dim CD16+ NK,0.7548387
272,20240918_WGS_20240924_sc_PICA0008-PICA0032_Pool_1_GCATCGTAGCATGCAC,3.649249792098999,1.0157263340073184,-1.5747797000440797,0.010398792114982881,0.044192623436020866,0.043490986510933756,179.0,CD56_dim CD16+ NK,1.0
277,20240918_WGS_20240924_sc_PICA0008-PICA0032_Pool_1_GCGCTTGAGGTAGTGG,5.380681037902832,1.2996370947884401,-2.4213624599088344,0.005759400112605296,0.02912010410298417,0.028587478950376284,99.0,CD56_dim CD16+ NK,0.75757575
278,20240918_WGS_20240924_sc_PICA0008-PICA0032_Pool_1_GCGTCCAAGGTTCGCG,3.3442206382751465,2.1828877641193314,-2.300628242734754,9.160611000272155e-05,0.0015694118080640173,0.0015163932116298699,331.0,CD56_dim CD16+ NK,0.94561934
281,20240918_WGS_20240924_sc_PICA0008-PICA0032_Pool_1_GCGTGCTCACTTAGCG,3.4421026706695557,3.878600412846345,-1.8257704257869967,0.002624513898747059,0.01669082402618288,0.016329390172718745,323.0,CD56_dim CD16+ NK,0.9597523
282,20240918_WGS_20240924_sc_PICA0008-PICA0032_Pool_1_GCTAACATCCTAGGGT,3.7075154781341553,1.2269822331033637,3.550498849152306,0.003684700048818074,0.021140349552071547,0.020717166680024466,178.0,CD56_dim CD16+ NK,0.71910113
283,20240918_WGS_20240924_sc_PICA0008-PICA0032_Pool_1_GCTAATGTCATATGTA,3.5189929008483887,2.928920994510683,-2.545338504389196,1.3802196197729369e-06,0.00010222965018333233,9.753415008203308e-05,440.0,CD56_dim CD16+ NK,0.9977273
284,20240918_WGS_20240924_sc_PICA0008-PICA0032_Pool_1_GCTCAATCAGGCGTAG,3.793877601623535,22.231335980518292,-1.3875077276811194,0.007497479069708871,0.035237436219323515,0.034618579197510276,298.0,CD56_dim CD16+ NK,0.9932886
286,20240918_WGS_20240924_sc_PICA0008-PICA0032_Pool_1_GCTTAGGGTATGGGTT,4.011166095733643,1.7406144614770318,-1.5724140294451439,0.02157524134461201,0.07383080532839295,0.07286223729001438,190.0,CD56_dim CD16+ NK,0.97894734
288,20240918_WGS_20240924_sc_PICA0008-PICA0032_Pool_1_GGAGTAAGTAATGGAG,3.2737741470336914,4.133092189639864,-3.002348109067744,1.5243195682491962e-05,0.00047670070053405816,0.00045925318946603343,409.0,CD56_dim CD16+ NK,0.997555
289,20240918_WGS_20240924_sc_PICA0008-PICA0032_Pool_1_GGAGTATAGGTAGCTC,4.105698108673096,4.085551938731425,-2.0411354611919816,0.02278023616410723,0.07640725449527419,0.07542567902397385,167.0,CD56_dim CD16+ NK,1.0
296,20240918_WGS_20240924_sc_PICA0008-PICA0032_Pool_1_GGGCGTACACTGCGTA,3.3168606758117676,2.725672521727626,-1.9737640664558802,0.0014578693255756267,0.010871665954765707,0.010614632331688618,430.0,CD56_dim CD16+ NK,0.7139535
299,20240918_WGS_20240924_sc_PICA0008-PICA0032_Pool_1_GGGTTTCAGAGCGAAT,3.5342674255371094,3.5620851398682474,-3.247875772507309,5.1877052284502816e-05,0.00106469760442246,0.0010274659936087363,267.0,CD56_dim CD16+ NK,0.9962547
300,20240918_WGS_20240924_sc_PICA0008-PICA0032_Pool_1_GGGTTTGGTCCAGGGT,3.4577317237854004,3.2266816479772853,-1.4625638309984799,0.007755725756309945,0.03600390376413497,0.03537454125517945,436.0,CD56_dim CD16+ NK,0.9954128
302,20240918_WGS_20240924_sc_PICA0008-PICA0032_Pool_1_GGTATCCAGATGCCCG,3.6667799949645996,3.989711222690165,-1.9422841347875903,0.028719548041192346,0.09018688803117175,0.08907649244059755,172.0,CD56_dim CD16+ NK,1.0
306,20240918_WGS_20240924_sc_PICA0008-PICA0032_Pool_1_GTAAGGTAGCGCCTGA,3.429257869720459,1.8663350874007802,-2.585217755840271,0.0014087096186778984,0.010601373914129852,0.010350059473378788,191.0,CD56_dim CD16+ NK,0.9790576
307,20240918_WGS_20240924_sc_PICA0008-PICA0032_Pool_1_GTAATGAAGATCCAAT,3.3716776371002197,3.029663796345244,-2.9236800027523584,3.3222530323770125e-06,0.00017408252458481888,0.0001668482210587005,403.0,CD56_dim CD16+ NK,0.9950372
308,20240918_WGS_20240924_sc_PICA0008-PICA0032_Pool_1_GTACCCGAGACGACAG,3.3304803371429443,2.197611110137199,3.368752802257176,0.001993640819243873,0.013600661849287668,0.0133019510445938,296.0,CD56_dim CD16+ NK,0.8209459
309,20240918_WGS_20240924_sc_PICA0008-PICA0032_Pool_1_GTACCCTGTGTTACTT,3.5148510932922363,11.426126964986551,-3.0572273526073954,4.8956696757454965e-05,0.0010321491221698203,0.000995842352148299,232.0,CD56_dim CD16+ NK,0.9913793
311,20240918_WGS_20240924_sc_PICA0008-PICA0032_Pool_1_GTAGCGTTCAGGGCTT,4.245789051055908,3.911155915859564,-2.866220440059399,0.0012563804495192986,0.00975303688590592,0.009519776096205858,159.0,CD56_dim CD16+ NK,1.0
315,20240918_WGS_20240924_sc_PICA0008-PICA0032_Pool_1_GTCCAAATCATAACTA,3.4595229625701904,2.675786222101811,-2.630690206970067,0.0018689894768114889,0.012969042660486898,0.01268175107987255,249.0,CD56_dim CD16+ NK,0.82730925
316,20240918_WGS_20240924_sc_PICA0008-PICA0032_Pool_1_GTCCTTTAGCTGTTGA,3.330787420272827,12.371158743572058,-2.093322799653558,0.00033689998087457746,0.003960383904051864,0.0038464963134998394,310.0,CD56_dim CD16+ NK,1.0
317,20240918_WGS_20240924_sc_PICA0008-PICA0032_Pool_1_GTCGTACAGAGACTTT,3.5970537662506104,1.0395290837827218,1.6424541335638594,0.01746931374159964,0.06395827160137293,0.06307920198471796,198.0,CD56_dim CD16+ NK,0.9949495
318,20240918_WGS_20240924_sc_PICA0008-PICA0032_Pool_1_GTGCCATAGCATGGTC,3.4181454181671143,1.459124029097409,1.4691960052902184,0.02311312828631129,0.07723454095944794,0.07624040067383361,273.0,CD56_dim CD16+ NK,0.96336997
319,20240918_WGS_20240924_sc_PICA0008-PICA0032_Pool_1_GTGTCCGAGATAACGA,3.848806858062744,2.27448764577706,-1.9630941700828157,0.0035402953290812637,0.020629240253344658,0.0202115212252531,225.0,CD56_dim CD16+ NK,0.9688889
321,20240918_WGS_20240924_sc_PICA0008-PICA0032_Pool_1_GTGTGATGTACTATTC,3.5517988204956055,2.567485420085746,-3.567205069427627,1.1009749125223798e-06,8.766981259638337e-05,8.366454654147238e-05,280.0,CD56_dim CD16+ NK,0.9714286
322,20240918_WGS_20240924_sc_PICA0008-PICA0032_Pool_1_GTGTTGATCCAAGACC,3.5316808223724365,4.738661662554444,-3.2109057837032706,1.1808936269139533e-05,0.00040252536743008146,0.00038774292926495736,259.0,CD56_dim CD16+ NK,1.0
323,20240918_WGS_20240924_sc_PICA0008-PICA0032_Pool_1_GTTATGAGTAGAATGG,3.2925689220428467,2.829815896821531,-2.3800713390334813,1.3734942776611807e-05,0.00044217993145486605,0.00042611731033721643,405.0,CD56_dim CD16+ NK,0.9975309
324,20240918_WGS_20240924_sc_PICA0008-PICA0032_Pool_1_GTTATGTAGGGTCGTT,3.534250020980835,1.0937750276988476,-1.728001681856669,0.01816968362047264,0.06582918475368738,0.0649269733226436,165.0,CD56_dim CD16+ NK,0.8424242
326,20240918_WGS_20240924_sc_PICA0008-PICA0032_Pool_1_GTTCATGAGCGGCTTG,3.6097559928894043,0.6889515131392184,-1.7468896443252473,0.01646181461419665,0.061240685711650755,0.06038491085993864,121.0,CD56_dim CD16+ NK,0.9917355
331,20240918_WGS_20240924_sc_PICA0008-PICA0032_Pool_7_AAACCGGAGACATATC,3.4563827514648438,1.6027691953138792,3.533860357011834,2.373360443792901e-06,0.00013999984270541237,0.00013406454775215763,250.0,CD56_dim CD16+ NK,0.996
332,20240918_WGS_20240924_sc_PICA0008-PICA0032_Pool_7_AAACGTAAGCTGATAT,3.5082929134368896,1.016363233852235,2.303976494545502,0.013354234611073653,0.05249758274985878,0.05172373041979283,160.0,CD56_dim CD16+ NK,0.98125
341,20240918_WGS_20240924_sc_PICA0008-PICA0032_Pool_7_AATTCCCTCCTCCAAT,3.471322536468506,1.877094117659917,2.206334846250832,0.00024863917739517916,0.0032027540370951333,0.003106608216545784,310.0,CD56_dim CD16+ NK,0.9935484
346,20240918_WGS_20240924_sc_PICA0008-PICA0032_Pool_7_ACGGTGTTCGGTTCAA,3.5930283069610596,0.8732502311260013,2.288329312758258,0.0012935968828156617,0.009955642884857096,0.00971872480032394,167.0,CD56_dim CD16+ NK,0.98802394
349,20240918_WGS_20240924_sc_PICA0008-PICA0032_Pool_7_AGCTATCCAACCTTAA,3.586542844772339,2.1643544741106475,4.564364062941649,0.00030481132524540655,0.003674383866265922,0.003568110344631565,260.0,CD56_dim CD16+ NK,0.75384617
350,20240918_WGS_20240924_sc_PICA0008-PICA0032_Pool_7_AGGACCAAGCCGTTGG,3.4242427349090576,1.1722088600841474,2.0269780641866997,0.023421051424935793,0.0779989106109001,0.07699633930860766,227.0,CD56_dim CD16+ NK,0.9911894
351,20240918_WGS_20240924_sc_PICA0008-PICA0032_Pool_7_AGGGGCAGTACCTAGG,3.39223313331604,2.313516806662366,1.9744650674477646,0.0007616496604819565,0.006992554338683834,0.006811482694028776,379.0,CD56_dim CD16+ NK,0.9762533
354,20240918_WGS_20240924_sc_PICA0008-PICA0032_Pool_7_AGTGTGTGTAATTCCT,3.2958192825317383,2.2196832358190046,1.477412541310467,0.008543845354582906,0.03830924924351215,0.03767092292768503,379.0,CD56_dim CD16+ NK,0.9973615
360,20240918_WGS_20240924_sc_PICA0008-PICA0032_Pool_7_ATGCCCGAGCCATGCG,3.6454708576202393,2.6541433583943412,2.227544758337129,0.001147467928978241,0.009182539860572424,0.008958710253499933,225.0,CD56_dim CD16+ NK,0.9688889
367,20240918_WGS_20240924_sc_PICA0008-PICA0032_Pool_7_CAAATTCAGAGGACAT,3.6446714401245117,0.9594641187080687,-1.3601413468920664,0.026615647900301798,0.08543198027561845,0.08436190098943704,175.0,CD56_dim CD16+ NK,0.9942857
368,20240918_WGS_20240924_sc_PICA0008-PICA0032_Pool_7_CAATCAGTCCAGGATC,3.318195343017578,1.5416705404305404,-1.3315200761086072,0.022227056058732344,0.0751144868729236,0.07414044615379713,249.0,CD56_dim CD16+ NK,1.0
372,20240918_WGS_20240924_sc_PICA0008-PICA0032_Pool_7_CAGCAGGCACCAGATT,3.2008235454559326,3.2331768442607354,5.400357827750753,3.7868882925017264e-06,0.00018286586553644367,0.00017543464814674472,476.0,CD56_dim CD16+ NK,0.7647059
374,20240918_WGS_20240924_sc_PICA0008-PICA0032_Pool_7_CATAAGCGTGGATCGC,3.366060972213745,12.792036277871247,1.8932016331448347,0.0008947185307574536,0.00782759524555211,0.0076288763950820015,404.0,CD56_dim CD16+ NK,0.9950495
376,20240918_WGS_20240924_sc_PICA0008-PICA0032_Pool_7_CATTCGTTCAACGAAA,3.9193549156188965,1.170115664049731,2.925341572215264,0.00016962961814535123,0.0024465905832355126,0.0023707828109349742,161.0,CD56_dim CD16+ NK,0.98136646
378,20240918_WGS_20240924_sc_PICA0008-PICA0032_Pool_7_CCAAGCTAGGGAAACT,3.5029163360595703,2.4403724849380173,2.0650614095839934,0.0037552906071157224,0.021419196343365688,0.020988519529290105,262.0,CD56_dim CD16+ NK,0.9694657
387,20240918_WGS_20240924_sc_PICA0008-PICA0032_Pool_7_CGCAGCATCAGGGTCT,3.4162986278533936,1.62539713703102,2.109435943015614,0.03100739921465195,0.09494991907477039,0.09382666651001033,250.0,CD56_dim CD16+ NK,0.636
388,20240918_WGS_20240924_sc_PICA0008-PICA0032_Pool_7_CGCATCGAGGTATAGA,3.418355941772461,2.270076693830885,1.9612453621775223,0.00029896162112012835,0.003622473468209575,0.0035169572156927074,381.0,CD56_dim CD16+ NK,0.9895013
391,20240918_WGS_20240924_sc_PICA0008-PICA0032_Pool_7_CGGGTTAGTGTCGAAT,3.252525806427002,2.3890371798853183,2.3847709725738415,0.0047498257746643804,0.025278516318864835,0.024806887448381405,398.0,CD56_dim CD16+ NK,0.9874372
393,20240918_WGS_20240924_sc_PICA0008-PICA0032_Pool_7_CGTCAAATCCTCTGAT,3.3891026973724365,1.267764452803013,1.5032528420958537,0.007353248252942883,0.03477525133928965,0.034156307444913936,216.0,CD56_dim CD16+ NK,0.9675926
394,20240918_WGS_20240924_sc_PICA0008-PICA0032_Pool_7_CGTTAAAGTCGGGTAC,3.6183886528015137,1.180576004833279,2.0590271156356565,0.0009653766241137854,0.008191149977730319,0.007984390042544136,195.0,CD56_dim CD16+ NK,0.9846154
405,20240918_WGS_20240924_sc_PICA0008-PICA0032_Pool_7_CTGTCTAGTCCTTCGG,3.683574914932251,2.316667611063643,3.701977448046575,4.597604038579901e-08,1.0456358149875621e-05,9.959854474391573e-06,172.0,CD56_dim CD16+ NK,0.98255813
412,20240918_WGS_20240924_sc_PICA0008-PICA0032_Pool_7_GCGTCCAAGGGACACA,3.357799768447876,11.521919287902616,1.5657781779204831,0.020877828229836443,0.07243760445537137,0.07148064602400016,269.0,CD56_dim CD16+ NK,0.99256504
414,20240918_WGS_20240924_sc_PICA0008-PICA0032_Pool_7_GCTGTAATCGTTGACA,3.395601749420166,1.9572685232199545,4.5494191939140585,0.0015709109353042865,0.011429131184403639,0.011169688630492156,305.0,CD56_dim CD16+ NK,0.64918035
416,20240918_WGS_20240924_sc_PICA0008-PICA0032_Pool_7_GCTTGTAAGAGCGGTA,3.722296714782715,0.8761961015994203,1.8357530981141459,0.01078412074779467,0.045225361211803025,0.04451290411900324,151.0,CD56_dim CD16+ NK,0.98675495
421,20240918_WGS_20240924_sc_PICA0008-PICA0032_Pool_7_GGTAAGTAGCGGCCTA,3.228046178817749,1.7202093838650454,2.5267725664364376,0.0025738070097693962,0.01647470620743231,0.016114943366838358,288.0,CD56_dim CD16+ NK,0.9895833
423,20240918_WGS_20240924_sc_PICA0008-PICA0032_Pool_7_GTAATGAAGCCGTAAC,3.886953592300415,0.9233473270421317,2.389564371603964,0.0004245364468991794,0.004610924518637063,0.004481474046347122,149.0,CD56_dim CD16+ NK,0.95302016
424,20240918_WGS_20240924_sc_PICA0008-PICA0032_Pool_7_GTCGAGCGTGGTTGTG,3.962338447570801,0.87700529486085,-1.497215287586468,0.011610749796571482,0.04757799344676608,0.04684982512761442,153.0,CD56_dim CD16+ NK,0.9869281
432,20240918_WGS_20240924_sc_PICA0008-PICA0032_Pool_7_GTTCATGAGACTATGT,3.5723094940185547,1.6471428678413724,2.6842536570078046,0.0302084617091173,0.09330897764312712,0.09220032639415003,209.0,CD56_dim CD16+ NK,0.8995215
438,20240918_WGS_20240924_sc_PICA0008-PICA0032_Pool_6_ACACGGTTCATTATCT,4.6470947265625,2.861214880777176,-1.6352232889950502,0.015519042514451577,0.05859643074352721,0.05775798012716386,182.0,CD56_dim CD16+ NK,0.9505494
441,20240918_WGS_20240924_sc_PICA0008-PICA0032_Pool_6_ACGTCCCTCCTATCAC,3.5534636974334717,1.1889873459925389,-2.170421391780288,0.00660471020991948,0.032193468717425434,0.031607378557130306,179.0,CD56_dim CD16+ NK,0.97206706
456,20240918_WGS_20240924_sc_PICA0008-PICA0032_Pool_6_ATAGCGACACTATCTT,4.446509838104248,13.176737914509104,-1.6675787920504346,0.013451911968721253,0.052773709599312255,0.051997707457373386,210.0,CD56_dim CD16+ NK,0.9285714
459,20240918_WGS_20240924_sc_PICA0008-PICA0032_Pool_6_ATCAATGGTCTAAATG,3.3565988540649414,1.3871684200556784,-1.3562083166795424,0.03044855444982001,0.09385128594655097,0.09273836946448544,236.0,CD56_dim CD16+ NK,1.0
462,20240918_WGS_20240924_sc_PICA0008-PICA0032_Pool_6_ATGCTACCAGCTCTAG,3.365473985671997,2.1679068828664994,-1.8722031947932263,0.00720670969678799,0.03431285511022643,0.03370069094324746,403.0,CD56_dim CD16+ NK,0.9950372
467,20240918_WGS_20240924_sc_PICA0008-PICA0032_Pool_6_CAATAGTTCGGGCCTA,3.6574156284332275,3.4490042811994015,-2.0576097259019637,0.0013185419577904922,0.01008459380915694,0.009844713027150809,266.0,CD56_dim CD16+ NK,0.99248123
468,20240918_WGS_20240924_sc_PICA0008-PICA0032_Pool_6_CAATGTTAGATGGCGA,3.5031137466430664,1.5743107767785545,1.3766759900943866,0.026270234647689496,0.08479294938217209,0.0837374280043792,205.0,CD56_dim CD16+ NK,0.97073174
476,20240918_WGS_20240924_sc_PICA0008-PICA0032_Pool_6_CATGGCGTCGGCGAAA,3.3669257164001465,2.162081729573972,3.1764663635043267,1.562206954767967e-06,0.00010789961941494242,0.00010301799908317214,362.0,CD56_dim CD16+ NK,1.0
482,20240918_WGS_20240924_sc_PICA0008-PICA0032_Pool_6_CCTGCGAAGACTATGT,4.014102458953857,2.339811493168117,3.0257994710084137,0.020457507442407846,0.0715649523491334,0.0705954917108104,136.0,CD56_dim CD16+ NK,0.8602941
493,20240918_WGS_20240924_sc_PICA0008-PICA0032_Pool_6_CTAAGTAGTAGGAAAT,3.2645177841186523,2.656542560808026,2.0267528254644924,5.7399009260804414e-05,0.0011469323331200492,0.0011070952568617695,497.0,CD56_dim CD16+ NK,1.0
501,20240918_WGS_20240924_sc_PICA0008-PICA0032_Pool_6_CTTAAGCCACCCAACA,3.4054863452911377,2.0248353647216155,1.5881161864235962,0.018403742551892515,0.06637631552348881,0.06546907393174427,288.0,CD56_dim CD16+ NK,0.9930556
503,20240918_WGS_20240924_sc_PICA0008-PICA0032_Pool_6_GCAAGCCGTCGCAGTA,3.5448155403137207,2.258817199621568,3.9794728951684486,0.00026341155105845854,0.003343901017367107,0.0032443109121179856,231.0,CD56_dim CD16+ NK,0.7532467
505,20240918_WGS_20240924_sc_PICA0008-PICA0032_Pool_6_GCCAACCCACTCATTT,4.036290168762207,1.527529374653318,1.679892617128577,0.004120950066628126,0.022959496911802855,0.022513998861610554,152.0,CD56_dim CD16+ NK,0.9802632
506,20240918_WGS_20240924_sc_PICA0008-PICA0032_Pool_6_GCCTTGCTCGGAAACG,3.487861156463623,2.2338784651854717,2.1829840646500838,5.037788630924739e-05,0.0010492020254384694,0.0010125848659610823,325.0,CD56_dim CD16+ NK,0.9846154
508,20240918_WGS_20240924_sc_PICA0008-PICA0032_Pool_6_GCGATGTTCGGTACGT,3.931445360183716,1.1736383359206468,2.1916645484637893,0.03284003356064179,0.09923532840671234,0.09807092060519967,124.0,CD56_dim CD16+ NK,0.82258064
513,20240918_WGS_20240924_sc_PICA0008-PICA0032_Pool_6_GGATACCTCCGGGAAA,3.8550503253936768,2.2093317367220853,1.449257325496378,0.020776033033568984,0.07227071683521558,0.07130343183119194,234.0,CD56_dim CD16+ NK,0.96153843
520,20240918_WGS_20240924_sc_PICA0008-PICA0032_Pool_6_GGTTTCCGTCTAGCAG,3.4152400493621826,3.227677539949212,4.402888642016025,0.0003880096084996838,0.004378330645281083,0.004255373124808804,305.0,CD56_dim CD16+ NK,0.7770492
523,20240918_WGS_20240924_sc_PICA0008-PICA0032_Pool_6_GTAGTTTAGGTTAGCC,4.149036884307861,1.8856540223359273,2.673397309397639,0.023180600881798193,0.07740749128359119,0.07641382732201729,118.0,CD56_dim CD16+ NK,0.7966102
527,20240918_WGS_20240924_sc_PICA0008-PICA0032_Pool_6_GTTACTTGTCCTGTAC,3.781808376312256,3.876925186526118,3.7488176884133577,0.019105816323797747,0.06816783651058732,0.06723837427799689,188.0,CD56_dim CD16+ NK,0.94148934
529,20240918_WGS_20240924_sc_PICA0008-PICA0032_Pool_3_AAAGGCCCAAGGAATT,3.4815194606781006,2.91005612366812,-2.4725456278249753,0.005436450697643364,0.028038992577217158,0.027516762823115635,359.0,CD56_dim CD16+ NK,0.9972145
538,20240918_WGS_20240924_sc_PICA0008-PICA0032_Pool_3_AAGTACGCAATTGTAT,3.3314359188079834,2.198802742902535,1.657798102137392,0.010275001778020928,0.04381776732263383,0.04312058882318437,344.0,CD56_dim CD16+ NK,0.99127907
543,20240918_WGS_20240924_sc_PICA0008-PICA0032_Pool_3_ACAACCTCAGCATTCG,3.7147603034973145,1.2097201138701519,2.573915942219945,0.009686520022173795,0.041999079550367094,0.04131142773755721,179.0,CD56_dim CD16+ NK,0.8156425
556,20240918_WGS_20240924_sc_PICA0008-PICA0032_Pool_3_AGCCCTTGTCAGTGCA,3.739720344543457,1.13122223746332,-3.185286032246612,0.0015635451138231035,0.01140826211464933,0.011148890580462393,176.0,CD56_dim CD16+ NK,0.9886364
558,20240918_WGS_20240924_sc_PICA0008-PICA0032_Pool_3_AGCGTAGAGGCATCCG,3.3372864723205566,12.858629271959419,1.2013194422569484,0.01964220028471288,0.06947767145590901,0.06853699686360672,461.0,CD56_dim CD16+ NK,0.96963125
562,20240918_WGS_20240924_sc_PICA0008-PICA0032_Pool_3_AGTAATGAGGGGATAT,3.832260847091675,1.1614743103682958,3.493875803503483,0.0016679417100356009,0.011973560686564914,0.011704125860804404,152.0,CD56_dim CD16+ NK,0.78289473
565,20240918_WGS_20240924_sc_PICA0008-PICA0032_Pool_3_AGTTAAGAGGGGATAT,3.356485605239868,1.944077056647293,1.3109600263181613,0.014605958592963044,0.0559639432513726,0.05514983714748986,321.0,CD56_dim CD16+ NK,0.99688476
566,20240918_WGS_20240924_sc_PICA0008-PICA0032_Pool_3_ATAACTTCACGATTAC,3.6963891983032227,12.729779711004916,2.244892939654838,0.00011825634704931466,0.0018911416798422056,0.0018295996602525455,331.0,CD56_dim CD16+ NK,0.94561934
571,20240918_WGS_20240924_sc_PICA0008-PICA0032_Pool_3_ATCGCATCACGTCAGC,3.231032609939575,3.984014078809639,-2.7301376109137294,2.986398379967291e-05,0.0007562727619809199,0.000729582845858897,604.0,CD56_dim CD16+ NK,0.92384106
575,20240918_WGS_20240924_sc_PICA0008-PICA0032_Pool_3_ATGGTAGCACCCAACA,3.5015954971313477,1.444693457193702,3.7163214763944175,0.00489551946585747,0.02591167920878941,0.025429132217123198,199.0,CD56_dim CD16+ NK,0.83919597
579,20240918_WGS_20240924_sc_PICA0008-PICA0032_Pool_3_CAACAGACACGGTATT,3.533254623413086,11.54086269066556,-2.161869403364524,0.00028507495588589514,0.003532419359033903,0.0034297882641854123,264.0,CD56_dim CD16+ NK,0.8484849
583,20240918_WGS_20240924_sc_PICA0008-PICA0032_Pool_3_CACAATCCAGCCTTAG,3.4002442359924316,1.7697387012045889,-2.040670350570478,0.003350698841479247,0.01990816302015203,0.019499493566354702,243.0,CD56_dim CD16+ NK,0.81893003
585,20240918_WGS_20240924_sc_PICA0008-PICA0032_Pool_3_CAGCAGTTCGTTGACA,3.420842409133911,22.30870839098601,3.34903940429087,0.003701256695542738,0.021198302155692742,0.020772910268101682,329.0,CD56_dim CD16+ NK,0.87234044
592,20240918_WGS_20240924_sc_PICA0008-PICA0032_Pool_3_CCATCCGGTAACGCCA,3.476440191268921,12.342419641949895,1.472055479985078,0.014074323037785684,0.05454215430575404,0.05375114760628494,227.0,CD56_dim CD16+ NK,0.9471366
596,20240918_WGS_20240924_sc_PICA0008-PICA0032_Pool_3_CCGCCATTCGCAAGCT,3.3950588703155518,13.294505033759833,1.5366770794273614,0.0017364484120265167,0.012324029759995112,0.012049250788291258,502.0,CD56_dim CD16+ NK,0.96613544
605,20240918_WGS_20240924_sc_PICA0008-PICA0032_Pool_3_CGATTATAGCGTGGTT,3.71592378616333,0.8752058316909797,2.532351852583267,0.0018402021929950886,0.012822025683192833,0.012538124375798546,133.0,CD56_dim CD16+ NK,0.97744364
616,20240918_WGS_20240924_sc_PICA0008-PICA0032_Pool_3_CTAAGCGGTATGGGCC,3.8542213439941406,1.020423433671934,-2.4129872956376026,0.0143532609198559,0.055383459977085964,0.0545864834673268,140.0,CD56_dim CD16+ NK,1.0
617,20240918_WGS_20240924_sc_PICA0008-PICA0032_Pool_3_CTAAGCTCAATGCGCC,3.6242902278900146,2.579368893515648,2.2046358584195365,0.0003555608805178054,0.004111548792141665,0.003994356085574146,309.0,CD56_dim CD16+ NK,0.89644015
635,20240918_WGS_20240924_sc_PICA0008-PICA0032_Pool_3_GCTCGATAGACGGGGT,3.3741068840026855,12.29243230407051,-1.6933181473877854,0.0025964448248485977,0.016579305048987154,0.016218524650748762,369.0,CD56_dim CD16+ NK,0.80487806
652,20240918_WGS_20240924_sc_PICA0008-PICA0032_Pool_3_GGGGTTAAGAGTATAG,3.5025744438171387,2.282131592103742,2.8896982836882534,0.0010242446818458947,0.00848877855063434,0.008275481136775837,265.0,CD56_dim CD16+ NK,0.7849057
654,20240918_WGS_20240924_sc_PICA0008-PICA0032_Pool_3_GGGTCTAGTGGAGCTC,3.8005971908569336,1.6112948432009446,2.297162498272718,0.000996458526268559,0.008356250116139906,0.0081457825590471,213.0,CD56_dim CD16+ NK,0.78403753
656,20240918_WGS_20240924_sc_PICA0008-PICA0032_Pool_3_GGGTTCGTCCCTAATC,3.482628345489502,1.4147222287711139,1.6217838064750185,0.02115008845761951,0.0730538293814901,0.07208827122270309,232.0,CD56_dim CD16+ NK,0.99568963
660,20240918_WGS_20240924_sc_PICA0008-PICA0032_Pool_3_GGTTCCGAGCAATTAC,3.5455455780029297,2.098954011655467,-2.383870300721224,0.020279073762320982,0.0711682064954129,0.07019649588670131,327.0,CD56_dim CD16+ NK,0.9969419
661,20240918_WGS_20240924_sc_PICA0008-PICA0032_Pool_3_GGTTCGAGTCTCGCTG,3.308058977127075,2.8416140275032244,3.2336479248717565,9.64068410955799e-10,9.245968703434509e-07,8.653504681600773e-07,365.0,CD56_dim CD16+ NK,0.95342463
663,20240918_WGS_20240924_sc_PICA0008-PICA0032_Pool_3_GTAACCCAGGCGTAGA,3.5906410217285156,1.672198980538216,1.9774223415817178,0.032425093423428045,0.09816213746594643,0.09700221090297455,241.0,CD56_dim CD16+ NK,0.8298755
664,20240918_WGS_20240924_sc_PICA0008-PICA0032_Pool_3_GTAGAAGGTAATCTCT,3.343066930770874,2.2471542718009694,3.8070335176059116,0.0073293919243034985,0.034762561312620975,0.034142431999598856,298.0,CD56_dim CD16+ NK,0.852349
669,20240918_WGS_20240924_sc_PICA0008-PICA0032_Pool_3_GTGAACCTCCATGCTT,3.6431288719177246,1.8830956545007014,-2.2216111272157213,0.007492576579517658,0.035231203763641264,0.034611071260291816,262.0,CD56_dim CD16+ NK,1.0
675,20240918_WGS_20240924_sc_PICA0008-PICA0032_Pool_4_AAACTAGAGATACCCA,3.5148985385894775,12.209715598929144,3.597771256133187,0.0006307466101172358,0.006121659956911221,0.005957669090453073,289.0,CD56_dim CD16+ NK,0.7474049
676,20240918_WGS_20240924_sc_PICA0008-PICA0032_Pool_4_AAATCAGAGCTGGTTA,3.8525278568267822,11.013167973277247,-1.5165016193529166,0.028188730355623196,0.08897378491933487,0.08788108671879123,170.0,CD56_dim CD16+ NK,0.9117647
679,20240918_WGS_20240924_sc_PICA0008-PICA0032_Pool_4_AACACTCCAACTCGAT,3.5575203895568848,1.8196207984172648,1.572726357723866,0.0027958081406196642,0.017398298163767728,0.017029700424095517,275.0,CD56_dim CD16+ NK,0.92
682,20240918_WGS_20240924_sc_PICA0008-PICA0032_Pool_4_AAGGGACGTCTGTCCG,4.0094804763793945,1.1031106011681135,1.8128678995786944,0.0026998083909421313,0.017005011453609206,0.016638977416450856,177.0,CD56_dim CD16+ NK,0.99435025
686,20240918_WGS_20240924_sc_PICA0008-PICA0032_Pool_4_ACAACGGAGCCTTAGA,3.5356173515319824,11.06810578498667,1.9891848156218928,0.003380493749966084,0.020012766785406186,0.019604689112638806,196.0,CD56_dim CD16+ NK,0.9744898
693,20240918_WGS_20240924_sc_PICA0008-PICA0032_Pool_4_ACCCAACAGGGAAATC,3.4940128326416016,1.966891610089464,2.937976796131039,0.006508545184117516,0.03192321228037299,0.03134331648775755,297.0,CD56_dim CD16+ NK,0.83501685
699,20240918_WGS_20240924_sc_PICA0008-PICA0032_Pool_4_AGGCGTAAGGCTCTAA,3.4467151165008545,1.1316496270148253,-1.463613906850555,0.021869935617383013,0.07449541347401108,0.07351607217084828,212.0,CD56_dim CD16+ NK,0.8490566
700,20240918_WGS_20240924_sc_PICA0008-PICA0032_Pool_4_AGTACAGCACACACGC,3.4885904788970947,1.3112236788557552,1.6001149313095406,0.007699606196037396,0.035843519017985014,0.035215975181576396,200.0,CD56_dim CD16+ NK,0.98
702,20240918_WGS_20240924_sc_PICA0008-PICA0032_Pool_4_AGTCATCCAAATTCCA,3.3120579719543457,12.014208483979695,1.243270411802457,0.0047390777451256465,0.025248596466864653,0.024777996303063255,384.0,CD56_dim CD16+ NK,0.9869792
705,20240918_WGS_20240924_sc_PICA0008-PICA0032_Pool_4_ATAAGCAAGCATCTAG,3.7210257053375244,1.7048919416324424,1.789693840949328,0.002642359419683766,0.016750246231212854,0.016388535786194636,246.0,CD56_dim CD16+ NK,0.9430894
711,20240918_WGS_20240924_sc_PICA0008-PICA0032_Pool_4_ATCTTGGAGAAGCGTG,3.2691805362701416,2.8877217846074315,2.0337829533294625,0.016218257738305923,0.06065529877754428,0.0597952376650396,564.0,CD56_dim CD16+ NK,0.7464539
715,20240918_WGS_20240924_sc_PICA0008-PICA0032_Pool_4_ATGTAGAAGCTGGTCG,3.2235918045043945,12.624196963697749,1.1553811234444644,0.01584046085755714,0.05953619988851407,0.05868676206184742,456.0,CD56_dim CD16+ NK,0.99561405
718,20240918_WGS_20240924_sc_PICA0008-PICA0032_Pool_4_CAACGTCAGCTAAGGG,3.3653199672698975,1.80167213720879,1.8615493331279758,0.00845933865114877,0.03807996872504278,0.037449272793486234,281.0,CD56_dim CD16+ NK,0.9964413
723,20240918_WGS_20240924_sc_PICA0008-PICA0032_Pool_4_CACGTAGGTCTATTGT,3.5471293926239014,11.467430206840882,2.1566118385736854,0.009144192319211746,0.04032905032562811,0.039669807154988884,227.0,CD56_dim CD16+ NK,0.845815
725,20240918_WGS_20240924_sc_PICA0008-PICA0032_Pool_4_CAGCGAAAGACAGACG,3.6846394538879395,1.0784365233795663,-1.4662343989804416,0.012676060463684642,0.05069909526096525,0.04995303541032523,181.0,CD56_dim CD16+ NK,1.0
730,20240918_WGS_20240924_sc_PICA0008-PICA0032_Pool_4_CCGAAACTCCAAATTA,3.447031021118164,1.8621168480848882,4.2496073099744,0.0009631588296448334,0.008179377267957977,0.007972592121858114,271.0,CD56_dim CD16+ NK,0.7490775
733,20240918_WGS_20240924_sc_PICA0008-PICA0032_Pool_4_CCTGATAAGCTCATAG,3.6085479259490967,11.996200090976487,4.0006923178077525,0.0001625851294705749,0.002386774085129177,0.00231319543673484,231.0,CD56_dim CD16+ NK,0.7835498
734,20240918_WGS_20240924_sc_PICA0008-PICA0032_Pool_4_CCTTCGATCACGCTAA,3.402466297149658,9.880525950103344,3.7572297686071305,7.296296016258239e-08,1.3310335565955539e-05,1.2720846234369266e-05,287.0,CD56_dim CD16+ NK,0.9930314
735,20240918_WGS_20240924_sc_PICA0008-PICA0032_Pool_4_CGAAGATAGCTTGTCT,3.3326284885406494,1.3044520885438757,1.5512344865271002,0.014445812877937862,0.05569694820374398,0.054893488461068105,204.0,CD56_dim CD16+ NK,0.9852941
739,20240918_WGS_20240924_sc_PICA0008-PICA0032_Pool_4_CGAATCTCACGTCTAG,3.6020567417144775,11.070156999074616,2.5287945533858602,0.02386080555421308,0.07892975000488685,0.07791250454863274,172.0,CD56_dim CD16+ NK,0.7790698
743,20240918_WGS_20240924_sc_PICA0008-PICA0032_Pool_4_CGGCTTCTCAACGTTG,3.312947988510132,22.26012034126527,-1.3318529546443212,0.00740034706467312,0.034897471964621785,0.034279734418902925,419.0,CD56_dim CD16+ NK,0.8830549
748,20240918_WGS_20240924_sc_PICA0008-PICA0032_Pool_4_CTACTAACACCCTTCG,3.6194138526916504,1.0333747058754308,2.7113872804616266,0.00016999608406753297,0.0024482915557737825,0.002372614190308941,179.0,CD56_dim CD16+ NK,0.9888268
752,20240918_WGS_20240924_sc_PICA0008-PICA0032_Pool_4_CTAGTGCAGGTAGTTT,3.866497039794922,1.1800814635486263,3.311493877836412,6.888557675333638e-05,0.001292555841137365,0.001248536852808561,126.0,CD56_dim CD16+ NK,0.99206346
753,20240918_WGS_20240924_sc_PICA0008-PICA0032_Pool_4_CTATCCAGTCGTTAAA,3.211141347885132,32.22811218241224,1.4337718195137017,0.00934486098163108,0.04095421211787812,0.0402805915972757,405.0,CD56_dim CD16+ NK,0.982716
754,20240918_WGS_20240924_sc_PICA0008-PICA0032_Pool_4_CTATGTTGTCCCAAAG,3.291860580444336,1.4319843327137316,1.6416386168332142,0.006881536616163414,0.03314915266788548,0.032552009308761634,261.0,CD56_dim CD16+ NK,1.0
760,20240918_WGS_20240924_sc_PICA0008-PICA0032_Pool_4_GCAGTACTCCACAAGC,3.2109131813049316,3.7283444034264885,1.5358410995417364,0.002186922906674681,0.014576033527504929,0.01425706519445097,453.0,CD56_dim CD16+ NK,0.9889625
764,20240918_WGS_20240924_sc_PICA0008-PICA0032_Pool_4_GCGCGTATCACGCTCC,3.4536149501800537,13.883811823595593,2.828042510565853,1.4181776991103325e-06,0.00010306386689676914,9.840032888980189e-05,258.0,CD56_dim CD16+ NK,0.9883721
767,20240918_WGS_20240924_sc_PICA0008-PICA0032_Pool_4_GCTAGATGTGCTTCGT,3.378610134124756,9.830964434210328,-2.8848749742529423,0.0006088800007300398,0.005980136477758348,0.005818082232727704,366.0,CD56_dim CD16+ NK,0.9808743
775,20240918_WGS_20240924_sc_PICA0008-PICA0032_Pool_4_GGATTGTGTGCTACCT,3.4425716400146484,2.35427244568266,1.4517283362481912,0.02689639944895111,0.08596899123024575,0.08488733748868948,208.0,CD56_dim CD16+ NK,0.9951923
783,20240918_WGS_20240924_sc_PICA0008-PICA0032_Pool_4_GGTTGTCAGCATAGGG,3.3187594413757324,1.4391951932449272,2.7672576551838666,0.00030782938058817005,0.00368542297615562,0.003579177434815553,265.0,CD56_dim CD16+ NK,0.98490566
784,20240918_WGS_20240924_sc_PICA0008-PICA0032_Pool_4_GTAACTGTCCCTTCTC,3.438157558441162,1.836852112620487,-1.3127270556720705,0.02046631528645797,0.07157034855764909,0.07060043658905686,302.0,CD56_dim CD16+ NK,0.9966887
788,20240918_WGS_20240924_sc_PICA0008-PICA0032_Pool_4_GTAGAAGGTACTTCTG,3.617915391921997,1.3602266035626394,3.158626421122121,0.011564051314286419,0.04742609054830787,0.04669835835673016,185.0,CD56_dim CD16+ NK,0.8108108
789,20240918_WGS_20240924_sc_PICA0008-PICA0032_Pool_4_GTAGGATAGGGTAGCA,3.671286106109619,1.6720631789376592,-2.643012898249062,0.005384837819566025,0.027845688903173182,0.027326467667850098,150.0,CD56_dim CD16+ NK,1.0
792,20240918_WGS_20240924_sc_PICA0008-PICA0032_Pool_4_GTCGGGTGTGCTATGG,3.3417890071868896,1.53738900395355,1.6308510249984887,0.0066354342091804255,0.032258750410879375,0.03167258642572979,282.0,CD56_dim CD16+ NK,1.0
793,20240918_WGS_20240924_sc_PICA0008-PICA0032_Pool_4_GTCTAGGGTCCTGTAC,3.6846699714660645,2.4071399019012416,2.548808466155806,0.0006766424237613454,0.00642777677576954,0.006258206702630558,164.0,CD56_dim CD16+ NK,0.99390244
794,20240918_WGS_20240924_sc_PICA0008-PICA0032_Pool_4_GTGAGTGAGCTATAAC,3.176021099090576,2.7426420681441295,-1.7730040471704172,0.0015837695361191205,0.011505688569549746,0.011244533570018408,477.0,CD56_dim CD16+ NK,0.9979036
799,20240918_WGS_20240924_sc_PICA0008-PICA0032_Pool_4_GTTAGTCCAGGTAACA,3.3734304904937744,11.395644045726218,-1.5018019459558163,0.027712068865516425,0.08797666464524728,0.08687765892482549,266.0,CD56_dim CD16+ NK,0.9661654
803,20240918_WGS_20240924_sc_PICA0008-PICA0032_Pool_2_AAAGCCACAAGCTTAC,3.367367744445801,4.3745972156271185,-1.2892335880635482,0.032135990445431716,0.0975493300512759,0.09639758411711165,411.0,CD56_dim CD16+ NK,0.99756694
805,20240918_WGS_20240924_sc_PICA0008-PICA0032_Pool_2_AAAGGTCAGCAAGATA,3.216071605682373,2.095238978070953,-2.5653504388537596,2.722219548480511e-06,0.00015411830328782478,0.00014746728883837772,419.0,CD56_dim CD16+ NK,0.9976134
806,20240918_WGS_20240924_sc_PICA0008-PICA0032_Pool_2_AACACCCAGCGTTGAC,3.443152666091919,1.3894572461186083,-2.018102676242867,0.0037395616858721314,0.02137127840322341,0.02094185818342999,212.0,CD56_dim CD16+ NK,0.990566
808,20240918_WGS_20240924_sc_PICA0008-PICA0032_Pool_2_AACCACTCAGGCGTAG,3.5404205322265625,1.9668358323880077,-2.9648430190712505,0.0002578309882586303,0.003290461014796264,0.0031923909630746706,207.0,CD56_dim CD16+ NK,0.9951691
809,20240918_WGS_20240924_sc_PICA0008-PICA0032_Pool_2_AACCCGAGTATCCGTC,4.167991638183594,20.735957003594454,-3.1989567814232838,3.7452320219065355e-05,0.0008826382930095999,0.0008513192180713041,164.0,Mixed,0.5121951
813,20240918_WGS_20240924_sc_PICA0008-PICA0032_Pool_2_AACTTCTGTGTTCGTC,3.4833805561065674,1.2398864264065614,1.27955717577761,0.028039062170760798,0.08870032159414407,0.08761322300612495,212.0,CD56_dim CD16+ NK,0.9764151
819,20240918_WGS_20240924_sc_PICA0008-PICA0032_Pool_2_AAGTGTAAGCATAATC,3.511119842529297,11.43941792445043,-2.0268614963864735,4.075262391767949e-05,0.0009379768649837866,0.0009046963676325959,278.0,CD56_dim CD16+ NK,1.0
820,20240918_WGS_20240924_sc_PICA0008-PICA0032_Pool_2_AATACAGAGGCTTGCG,3.519022226333618,1.7176605412718033,-1.7160389910438445,0.0008756041924678161,0.007708290348525877,0.007509888854694906,252.0,CD56_dim CD16+ NK,1.0
821,20240918_WGS_20240924_sc_PICA0008-PICA0032_Pool_2_AATACTGGTCCAGTAG,3.5471858978271484,1.173274448099007,-1.5822843169928351,0.019336762333085025,0.06881735756619241,0.06788463482256116,223.0,CD56_dim CD16+ NK,0.9910314
831,20240918_WGS_20240924_sc_PICA0008-PICA0032_Pool_2_ACACAATTCGGTCAAC,3.348586320877075,2.150982187257309,2.30163282322115,2.2041781088817013e-05,0.0005991454235069305,0.0005769707781958784,301.0,CD56_dim CD16+ NK,0.95681065
832,20240918_WGS_20240924_sc_PICA0008-PICA0032_Pool_2_ACACTTCTCCTACATC,3.5224335193634033,1.918206218866346,1.0955364258605043,0.029709361741366784,0.09232395031993823,0.09120956185853185,234.0,CD56_dim CD16+ NK,1.0
835,20240918_WGS_20240924_sc_PICA0008-PICA0032_Pool_2_ACAGTTAGTGGAGTGG,3.487405300140381,1.4740717039446316,-2.9941428130708396,5.1001301025153e-06,0.00022329502951056986,0.00021425566123560756,206.0,CD56_dim CD16+ NK,0.99029124
838,20240918_WGS_20240924_sc_PICA0008-PICA0032_Pool_2_ACATTAGGTGCGAAGG,3.7238504886627197,1.0141939643772018,-2.431056576473698,0.0003278082094695653,0.0038719888147298416,0.0037612948881296537,167.0,CD56_dim CD16+ NK,0.9700599
842,20240918_WGS_20240924_sc_PICA0008-PICA0032_Pool_2_ACCACGAGTAGAGTGA,3.265566110610962,12.718310255900063,-1.5059079048313386,0.011814485618852127,0.04811264895878971,0.04737745877267154,423.0,CD56_dim CD16+ NK,0.9007092
843,20240918_WGS_20240924_sc_PICA0008-PICA0032_Pool_2_ACCACGTAGGTCCCGA,3.801586151123047,4.107041494991584,-1.7721459434168878,0.004145718734610639,0.023060121544127277,0.022612628407001505,235.0,CD56_dim CD16+ NK,0.97021276
849,20240918_WGS_20240924_sc_PICA0008-PICA0032_Pool_2_ACCCTATTCCCTTAGT,3.4124867916107178,1.3793993054088824,-1.2741392736598691,0.022259024762488398,0.07519672597231591,0.07422102505134738,272.0,CD56_dim CD16+ NK,0.9522059
853,20240918_WGS_20240924_sc_PICA0008-PICA0032_Pool_2_ACGCCTCTCAGTCATG,3.6454663276672363,1.4207526702692894,-1.951288075378364,0.00017783904373286493,0.002531636444815683,0.002454573752207538,255.0,CD56_dim CD16+ NK,1.0
854,20240918_WGS_20240924_sc_PICA0008-PICA0032_Pool_2_ACGCCTCTCCCTGATT,4.061805248260498,0.8067981639535518,-1.9449291182618702,0.003981203840126526,0.02241004433567597,0.02197115219707629,123.0,CD56_dim CD16+ NK,0.88617885
859,20240918_WGS_20240924_sc_PICA0008-PICA0032_Pool_2_ACGTGATGTATATTGG,3.196375846862793,2.061457902148531,-1.4125266995793222,0.0131336561085297,0.051959697319327744,0.051196937543254085,435.0,CD56_dim CD16+ NK,0.9908046
860,20240918_WGS_20240924_sc_PICA0008-PICA0032_Pool_2_ACGTGATGTGTCGGCG,3.5366263389587402,1.1116509266588688,-2.517191424542015,0.0009010291904971785,0.007847956282570914,0.007649840387651472,233.0,CD56_dim CD16+ NK,0.99570817
869,20240918_WGS_20240924_sc_PICA0008-PICA0032_Pool_2_ACTTCAACAAACTCAC,3.492110013961792,1.1038956700654943,-3.350544274310884,1.1560903867021962e-05,0.0003954391110903936,0.00038087061307959713,209.0,CD56_dim CD16+ NK,1.0
870,20240918_WGS_20240924_sc_PICA0008-PICA0032_Pool_2_ACTTCAGAGCCAGTAC,4.125445365905762,1.149698330526438,2.222290821237186,0.001175890956431918,0.009342922905864725,0.009117227561997666,155.0,CD56_dim CD16+ NK,0.9741936
871,20240918_WGS_20240924_sc_PICA0008-PICA0032_Pool_2_ACTTGTGAGCCAAGCT,3.639976739883423,0.7961584965628765,-1.7128684189936645,0.0034024697546216503,0.020082522200585907,0.019673941956660442,141.0,CD56_dim CD16+ NK,0.9929078
875,20240918_WGS_20240924_sc_PICA0008-PICA0032_Pool_2_AGACTCATCATAAGCT,3.5671164989471436,1.5768389816387247,-2.4501343840611716,3.505834749915405e-05,0.0008485498309930381,0.0008182399856900886,271.0,CD56_dim CD16+ NK,0.99630994
877,20240918_WGS_20240924_sc_PICA0008-PICA0032_Pool_2_AGAGGAAAGATCGTTG,3.9704787731170654,0.8852127300223087,-2.3263896888195155,0.00037092717829302846,0.004238983333369632,0.004119381927117569,172.0,CD56_dim CD16+ NK,1.0
881,20240918_WGS_20240924_sc_PICA0008-PICA0032_Pool_2_AGCGATGAGCACCTTT,3.6132407188415527,1.6699841114181995,-2.06591686767268,0.000163059482214185,0.002386774085129177,0.00231319543673484,242.0,CD56_dim CD16+ NK,1.0
882,20240918_WGS_20240924_sc_PICA0008-PICA0032_Pool_2_AGCGCCATCCTTGTCG,3.4207956790924072,3.324548743661524,-1.3942184389598413,0.015212417819998256,0.057815404299692445,0.05697658201162974,357.0,CD56_dim CD16+ NK,0.95238096
884,20240918_WGS_20240924_sc_PICA0008-PICA0032_Pool_2_AGCGTAACACGATAGA,3.3608357906341553,31.65777253152616,-1.9846657644172987,0.0009546083482877426,0.008130014951692938,0.007924330932931309,344.0,CD56_dim CD16+ NK,0.90988374
888,20240918_WGS_20240924_sc_PICA0008-PICA0032_Pool_2_AGGCGGTAGATTCAAC,3.5779166221618652,1.1327570529041653,-1.729687942630348,0.026827217341381476,0.08585929760557146,0.08478210661258449,163.0,CD56_dim CD16+ NK,0.79141104
895,20240918_WGS_20240924_sc_PICA0008-PICA0032_Pool_2_AGTCGCAGTATCCTGC,3.5273945331573486,11.748910730766442,1.8355954944139503,0.01771893833911334,0.06462393986619974,0.0637408749726595,272.0,CD56_dim CD16+ NK,0.9742647
896,20240918_WGS_20240924_sc_PICA0008-PICA0032_Pool_2_AGTGAAATCACAGGTC,3.672370672225952,0.9796995725560467,-1.8632864119905383,0.01202302396211848,0.04868015168550314,0.0479491589295359,181.0,CD56_dim CD16+ NK,1.0
898,20240918_WGS_20240924_sc_PICA0008-PICA0032_Pool_2_AGTGTTAGTGCTTAGG,3.4448485374450684,2.84722728716347,-1.7689269772982146,0.0011897185281081269,0.009406033082177493,0.009177530670419968,365.0,CD56_dim CD16+ NK,0.91780823
905,20240918_WGS_20240924_sc_PICA0008-PICA0032_Pool_2_ATAGCGTGTAAGTGTC,3.3082315921783447,2.2373817609224527,-2.2439910294038183,4.514510437604779e-05,0.0009882764960187707,0.0009531779934362236,417.0,CD56_dim CD16+ NK,0.9976019
908,20240918_WGS_20240924_sc_PICA0008-PICA0032_Pool_2_ATCAGGACACGGAAAC,3.4295358657836914,2.457244180685606,-1.854737314152802,0.0038570006076190143,0.021861514951470026,0.021425208245390678,295.0,CD56_dim CD16+ NK,0.9457627
909,20240918_WGS_20240924_sc_PICA0008-PICA0032_Pool_2_ATCAGGCTCAGAGAAC,3.4986813068389893,1.0011116110128255,-1.9371326784267955,0.006725431957916089,0.032659992053396494,0.03206701725490125,177.0,CD56_dim CD16+ NK,1.0
918,20240918_WGS_20240924_sc_PICA0008-PICA0032_Pool_2_ATGCCGCCAGTGCGAG,3.860952138900757,11.099878048637848,-1.3553950791044904,0.024844115302567468,0.08133578592409177,0.08031682084868083,196.0,CD56_dim CD16+ NK,0.9285714
920,20240918_WGS_20240924_sc_PICA0008-PICA0032_Pool_2_ATGCGGAAGCCACTTT,3.788825035095215,0.7440895877287038,-1.523587032368937,0.02208844832137201,0.07485149790637621,0.07387584199294885,150.0,CD56_dim CD16+ NK,0.99333334
921,20240918_WGS_20240924_sc_PICA0008-PICA0032_Pool_2_ATGCTTACACAATTAT,3.5716702938079834,2.0019006507715504,2.5759975046698766,0.015122742281310955,0.05756342125703023,0.056726660192951646,272.0,CD56_dim CD16+ NK,0.8786765
922,20240918_WGS_20240924_sc_PICA0008-PICA0032_Pool_2_ATGGGCAAGATCGATT,3.4218101501464844,2.596252934306933,1.729893669663391,0.009178115259257755,0.04039929107191606,0.03973689014351418,401.0,CD56_dim CD16+ NK,0.9750624
924,20240918_WGS_20240924_sc_PICA0008-PICA0032_Pool_2_ATGGTGCTCCGGCCTT,3.345458984375,1.7953279163046167,-1.5351897996353034,0.003985935333859296,0.022411785943977126,0.021972397761289005,346.0,CD56_dim CD16+ NK,0.9913295
926,20240918_WGS_20240924_sc_PICA0008-PICA0032_Pool_2_ATGTTCGAGACAGCAG,3.1952433586120605,1.5300484195870654,1.382585927196688,0.0051641034361310754,0.0269689227779326,0.0264674411364801,305.0,CD56_dim CD16+ NK,0.9967213
927,20240918_WGS_20240924_sc_PICA0008-PICA0032_Pool_2_ATTATGCAGGTGCTAC,3.37280011177063,11.709499744512375,-1.5373346025465746,0.005756477845105449,0.02912010410298417,0.028587478950376284,341.0,CD56_dim CD16+ NK,1.0
929,20240918_WGS_20240924_sc_PICA0008-PICA0032_Pool_2_ATTCAGTAGCAAGCCT,3.3433375358581543,1.9332836624327505,-1.4903457772854318,0.01534014136720452,0.05816617883307611,0.05732167029170506,353.0,CD56_dim CD16+ NK,0.9943343
932,20240918_WGS_20240924_sc_PICA0008-PICA0032_Pool_2_ATTCTGTGTATAATCG,3.3676016330718994,1.809228352108793,-1.7487880305247538,0.0005631527846222598,0.005701560206900186,0.005545352359847913,308.0,CD56_dim CD16+ NK,0.987013
935,20240918_WGS_20240924_sc_PICA0008-PICA0032_Pool_2_ATTGTGTAGGGTGTTC,3.4037413597106934,3.7589262898409093,-2.0910111027724887,0.002259322791418053,0.014927289616538724,0.014599955185981943,250.0,CD56_dim CD16+ NK,0.988
937,20240918_WGS_20240924_sc_PICA0008-PICA0032_Pool_2_CAAATGAAGGGGATAT,3.379258155822754,2.5055204976081145,-1.2663033219247728,0.014480764532253837,0.05570165545575721,0.05489642210497728,378.0,CD56_dim CD16+ NK,0.86507934
938,20240918_WGS_20240924_sc_PICA0008-PICA0032_Pool_2_CAAATGGCAGGCATTT,3.4935314655303955,1.4238527064209776,-2.432869273798407,0.00012963528607821663,0.002020559476023746,0.001955446959717625,255.0,CD56_dim CD16+ NK,0.98039216
942,20240918_WGS_20240924_sc_PICA0008-PICA0032_Pool_2_CAATTACAGCTAAGGG,3.4852638244628906,1.4797818872033788,-1.2046563043320326,0.02487710581359346,0.08140482962671364,0.08038509594012272,236.0,CD56_dim CD16+ NK,1.0
943,20240918_WGS_20240924_sc_PICA0008-PICA0032_Pool_2_CAATTCACACCGGTTA,3.2977757453918457,13.319264034911455,-1.0235151575433392,0.028682059221745163,0.09012662372995585,0.08901791797834988,503.0,CD56_dim CD16+ NK,0.8409543
950,20240918_WGS_20240924_sc_PICA0008-PICA0032_Pool_2_CACTATGAGGGGATCA,4.373922824859619,11.054132346140836,2.9824640725522102,0.008086059967075192,0.036924772222791225,0.03629679431895538,109.0,CD56_dim CD16+ NK,0.8348624
952,20240918_WGS_20240924_sc_PICA0008-PICA0032_Pool_2_CAGCAGGCAGTATGGA,3.675618886947632,1.4671359991530664,-1.8055087025133825,0.0032019966400321114,0.019221736076146453,0.01882243658098984,244.0,CD56_dim CD16+ NK,1.0
953,20240918_WGS_20240924_sc_PICA0008-PICA0032_Pool_2_CAGCATATCCGAGCAT,3.9444499015808105,4.613984541672823,-1.1663543583278753,0.020890796290499447,0.07243760445537137,0.07148064602400016,278.0,CD56_dim CD16+ NK,0.9928058
954,20240918_WGS_20240924_sc_PICA0008-PICA0032_Pool_2_CAGCCTTGTCCGTCCA,3.633410692214966,12.56175641173678,1.4200774096522988,0.027619151746732403,0.08779485764990672,0.08669902245540703,351.0,CD56_dim CD16+ NK,0.98575497
955,20240918_WGS_20240924_sc_PICA0008-PICA0032_Pool_2_CAGCGAGCAGTGGTAA,3.3538191318511963,1.9560288614895869,-1.8928367486016926,0.00011628591668105638,0.0018687317540376613,0.001807580491357761,342.0,CD56_dim CD16+ NK,0.9883041
963,20240918_WGS_20240924_sc_PICA0008-PICA0032_Pool_2_CATAACTAGAGAAGGA,3.273533582687378,6.846341998824746,-1.7155497846388335,0.0011191437184442656,0.009073814625839062,0.008850733567200522,461.0,CD56_dim CD16+ NK,0.9436009
965,20240918_WGS_20240924_sc_PICA0008-PICA0032_Pool_2_CATACATAGCATTACG,3.7452383041381836,1.3941296357968067,-2.590011619831878,0.0005198432837051307,0.005362822138370583,0.005216301060028507,127.0,CD56_dim CD16+ NK,0.8976378
973,20240918_WGS_20240924_sc_PICA0008-PICA0032_Pool_2_CATGTCGCAAATATAG,3.4244089126586914,1.4583169668625557,-2.282891060676713,0.0008150710269918156,0.007357732017682716,0.007168864273102513,249.0,CD56_dim CD16+ NK,1.0
977,20240918_WGS_20240924_sc_PICA0008-PICA0032_Pool_2_CATTGCAAGCGCTGTG,3.6533308029174805,1.1330779897981946,1.354512057343993,0.026113417535199707,0.08440503548883369,0.08335439582145716,182.0,CD56_dim CD16+ NK,0.9505494
979,20240918_WGS_20240924_sc_PICA0008-PICA0032_Pool_2_CCAACAGGTATCAGCG,3.961719036102295,0.8679955377409665,-2.4184562881638736,0.002279934848790098,0.01502316936149248,0.014695385129395867,146.0,Mixed,0.5
982,20240918_WGS_20240924_sc_PICA0008-PICA0032_Pool_2_CCACATAAGACAGACG,3.4671452045440674,3.971157445543151,-2.0457241918998212,4.3162633547559945e-05,0.0009576466285518312,0.0009238674506346446,436.0,CD56_dim CD16+ NK,0.8715596
985,20240918_WGS_20240924_sc_PICA0008-PICA0032_Pool_2_CCATACTTCGCGTAGT,3.469728708267212,2.7523927287530348,-1.911372566766891,0.0012748074277694004,0.009839665325952648,0.009605387890062893,293.0,CD56_dim CD16+ NK,0.90784985
988,20240918_WGS_20240924_sc_PICA0008-PICA0032_Pool_2_CCATGGTAGGCTGGAA,3.2461330890655518,3.0050638634399327,-1.7746813668745551,0.0008538159671453763,0.007586371176167827,0.007391714394743034,533.0,CD56_dim CD16+ NK,1.0
990,20240918_WGS_20240924_sc_PICA0008-PICA0032_Pool_2_CCCACTATCACGGGTT,3.590289831161499,20.953327791585608,1.7696322121466388,0.006989437325193406,0.03350508374232615,0.03290251382522149,184.0,CD56_dim CD16+ NK,0.9836956
999,20240918_WGS_20240924_sc_PICA0008-PICA0032_Pool_2_CCGTCAGAGCCTGGCA,3.4700801372528076,5.227998492611999,1.7540439333125075,0.0012378494696799372,0.009670146808736764,0.009437759805182246,315.0,CD56_dim CD16+ NK,0.95238096
1000,20240918_WGS_20240924_sc_PICA0008-PICA0032_Pool_2_CCGTCAGAGGCAACGA,3.3833653926849365,1.1870687060618992,-1.742162618985058,0.007648689269021771,0.035719881569512536,0.035094649004618,223.0,CD56_dim CD16+ NK,0.9910314
1001,20240918_WGS_20240924_sc_PICA0008-PICA0032_Pool_2_CCGTCTATCCGGAATC,3.5186824798583984,1.1863289803412727,-1.9207509907817337,0.012033078393879683,0.04869255014324115,0.0479608052654377,214.0,CD56_dim CD16+ NK,1.0
1005,20240918_WGS_20240924_sc_PICA0008-PICA0032_Pool_2_CCTACTCCAGGCTTCA,3.172494888305664,14.871990447227322,-1.6013743454038012,0.0009317973047317122,0.008009716622087344,0.007808232882166845,827.0,CD56_dim CD16+ NK,0.9975816
1006,20240918_WGS_20240924_sc_PICA0008-PICA0032_Pool_2_CCTAGCACACGCACGT,3.313920736312866,1.670830120611072,-2.1043239788994677,0.0014985999316318925,0.011049931082713902,0.01079223520603962,273.0,CD56_dim CD16+ NK,0.989011
1008,20240918_WGS_20240924_sc_PICA0008-PICA0032_Pool_2_CCTGTCGGTCTAGTGG,3.40173077583313,4.91836822610885,-1.7757561263776405,0.0049658458856023,0.026173647843268193,0.025686060159605045,321.0,CD56_dim CD16+ NK,0.98753893
1010,20240918_WGS_20240924_sc_PICA0008-PICA0032_Pool_2_CCTTAGTTCAGTACGC,3.4175729751586914,1.1601625958575803,-1.5733742167303217,0.011859713637717298,0.04825602126654482,0.04751954388945117,209.0,CD56_dim CD16+ NK,0.98086125
1015,20240918_WGS_20240924_sc_PICA0008-PICA0032_Pool_2_CGATAGACAAATTGGG,3.0815751552581787,3.3166130666512887,-1.184243689404456,0.008969945937657917,0.03973429555826449,0.03908874328206204,628.0,CD56_dim CD16+ NK,0.9697452
1017,20240918_WGS_20240924_sc_PICA0008-PICA0032_Pool_2_CGATTCCGTAACAGAG,3.365818738937378,1.3226205833408264,1.8609162096920409,0.004304450003295867,0.023574832961932354,0.02311823286555662,235.0,CD56_dim CD16+ NK,1.0
1023,20240918_WGS_20240924_sc_PICA0008-PICA0032_Pool_2_CGGAATGAGCCCATTT,3.262028694152832,2.5743439274748603,1.378193799180565,0.025766121793688077,0.08346664445564657,0.0824272552593174,380.0,CD56_dim CD16+ NK,0.8684211
1024,20240918_WGS_20240924_sc_PICA0008-PICA0032_Pool_2_CGGCTACCAGTGCTCA,3.43068265914917,4.060678587183337,-3.39475452276162,1.9227160947576035e-08,6.1098955643410165e-06,5.7935105219460105e-06,433.0,CD56_dim CD16+ NK,0.99769056
1025,20240918_WGS_20240924_sc_PICA0008-PICA0032_Pool_2_CGGGATTTCGCGCCTT,3.6220827102661133,1.0824066432275288,-2.829952622870746,0.00028647346473326726,0.003536403635447889,0.003434264768203142,162.0,CD56_dim CD16+ NK,1.0
1034,20240918_WGS_20240924_sc_PICA0008-PICA0032_Pool_2_CGTGTCTGTGTTGTCC,3.5606729984283447,2.1446846089969305,-1.1923366658481627,0.010295645786320647,0.04386782294162833,0.043170673819253845,286.0,CD56_dim CD16+ NK,0.9825175
1039,20240918_WGS_20240924_sc_PICA0008-PICA0032_Pool_2_CGTTTCCCAGCATTCG,3.4126076698303223,1.015312693821694,-1.9204474576411508,0.0024080391605837688,0.01564748929479598,0.015307473189253672,191.0,CD56_dim CD16+ NK,0.9424084
1041,20240918_WGS_20240924_sc_PICA0008-PICA0032_Pool_2_CTAAGTAGTGGGTGCT,3.255155563354492,1.8882286239063453,-2.500249735666221,1.0696655026766223e-05,0.0003763312452452645,0.0003623770505538761,333.0,CD56_dim CD16+ NK,0.996997
1042,20240918_WGS_20240924_sc_PICA0008-PICA0032_Pool_2_CTAATACAGATGCTCA,3.3694663047790527,2.1024683043796033,-2.214681205083165,0.00018603133651877166,0.002572756542015998,0.0024947472908103743,346.0,CD56_dim CD16+ NK,0.9884393
1045,20240918_WGS_20240924_sc_PICA0008-PICA0032_Pool_2_CTACGTAAGCAAAGTA,3.315882921218872,3.624835593568749,-1.7451966815846294,0.0012523087923088357,0.009736774990555912,0.009503004840470888,421.0,CD56_dim CD16+ NK,0.98574823
1048,20240918_WGS_20240924_sc_PICA0008-PICA0032_Pool_2_CTATGGTCACTCCACT,3.3749825954437256,1.6087013417860188,1.2898451273055562,0.03239766872668162,0.09810926364172784,0.09694917769903083,286.0,CD56_dim CD16+ NK,0.96153843
1050,20240918_WGS_20240924_sc_PICA0008-PICA0032_Pool_2_CTCAGGGTCACTGGCG,3.623739242553711,1.7886122053255784,-1.5979914001096056,0.013582445973337468,0.05309550606482039,0.05231611053350364,210.0,CD56_dim CD16+ NK,1.0
1053,20240918_WGS_20240924_sc_PICA0008-PICA0032_Pool_2_CTCGCTGGTACCTTAT,3.6028878688812256,2.564597348086115,-3.5862834864737563,5.768299723067383e-08,1.1345796906069082e-05,1.0841796245232151e-05,345.0,CD56_dim CD16+ NK,0.9971014
1061,20240918_WGS_20240924_sc_PICA0008-PICA0032_Pool_2_CTGGGTGTCACTGTCT,3.8268332481384277,1.77819283596624,-2.673363031664007,5.246430849620076e-05,0.0010732903957828704,0.0010360947173690314,205.0,CD56_dim CD16+ NK,1.0
1063,20240918_WGS_20240924_sc_PICA0008-PICA0032_Pool_2_CTGGTCTGTAACGTCG,4.033867359161377,0.8849156781099573,-2.18743352128142,0.004387137326647152,0.023916817822247423,0.02345932901908026,119.0,CD56_dim CD16+ NK,0.96638656
1065,20240918_WGS_20240924_sc_PICA0008-PICA0032_Pool_2_CTTATACGTGTATCGG,3.2929446697235107,1.9170820031108053,-1.4340047026111704,0.013164245687330099,0.05197413584712224,0.05120592123064335,359.0,CD56_dim CD16+ NK,1.0
1072,20240918_WGS_20240924_sc_PICA0008-PICA0032_Pool_2_GCAAGTCTCCGCATGG,3.638500690460205,1.1169591176061098,-1.668486326332442,0.01805855569789585,0.06554710102430804,0.06465162691511964,205.0,CD56_dim CD16+ NK,0.82439023
1075,20240918_WGS_20240924_sc_PICA0008-PICA0032_Pool_2_GCACCATAGCCTTAAG,3.0623152256011963,3.4620998366704847,1.260259823162102,0.007616848930423463,0.03566220176062518,0.03503757518320036,652.0,CD56_dim CD16+ NK,0.99846625
1078,20240918_WGS_20240924_sc_PICA0008-PICA0032_Pool_2_GCAGTCAGTAGTGATC,3.7988271713256836,2.4246114969493937,-2.1905356372692637,4.655096411868405e-05,0.001006676725189605,0.0009712266290514945,279.0,CD56_dim CD16+ NK,0.9928315
1080,20240918_WGS_20240924_sc_PICA0008-PICA0032_Pool_2_GCATCAATCGCTTCCA,3.4835214614868164,1.3588665379090688,-1.1560272485618557,0.026517043194771803,0.08536581454630622,0.08429506302722414,236.0,CD56_dim CD16+ NK,0.9533898
1082,20240918_WGS_20240924_sc_PICA0008-PICA0032_Pool_2_GCATTAGTCAAATTGC,3.8942325115203857,0.833515336764374,-2.1354424971240573,0.022380538968906023,0.07550366074749769,0.07452353775682188,145.0,CD56_dim CD16+ NK,0.79310346
1084,20240918_WGS_20240924_sc_PICA0008-PICA0032_Pool_2_GCCACTACACATTCGG,3.477512836456299,3.743444849831545,-2.9529449702311186,3.592354123275941e-06,0.0001796359414639152,0.00017222819923955684,328.0,CD56_dim CD16+ NK,0.9756098
1087,20240918_WGS_20240924_sc_PICA0008-PICA0032_Pool_2_GCCCTGAAGGCTTCGG,3.407036066055298,1.92864418234045,-1.7933245325511895,0.0012499557250992583,0.009726156278003786,0.009492951208591243,336.0,CD56_dim CD16+ NK,0.8422619
1093,20240918_WGS_20240924_sc_PICA0008-PICA0032_Pool_2_GCTAATCCACGTAGAA,3.4082188606262207,2.386238722470977,-1.7722312348779246,0.0069338827485845595,0.033368675601517586,0.03276768628497438,397.0,CD56_dim CD16+ NK,1.0
1094,20240918_WGS_20240924_sc_PICA0008-PICA0032_Pool_2_GCTACCACACTTAAGC,3.304929494857788,2.7160908477592907,1.236853428402084,0.02327614233161387,0.07762128575109284,0.07662190611864214,378.0,CD56_dim CD16+ NK,0.994709
1098,20240918_WGS_20240924_sc_PICA0008-PICA0032_Pool_2_GCTGTATCACGTAGCC,3.582270383834839,11.659864055548162,-1.3260304904711517,0.02333861519988596,0.07780001243569384,0.07679872059309015,278.0,CD56_dim CD16+ NK,0.9460432
1101,20240918_WGS_20240924_sc_PICA0008-PICA0032_Pool_2_GGAACGGGTAACATTG,3.190992832183838,2.7690430099955536,-2.4540244233189217,1.6262378118947175e-05,0.0004959773586679524,0.0004777658917526832,568.0,CD56_dim CD16+ NK,0.99823946
1103,20240918_WGS_20240924_sc_PICA0008-PICA0032_Pool_2_GGAATCACACTTAGTA,3.2669882774353027,1.920399919678712,1.7023683238128138,0.0013544525890128944,0.010303252860514303,0.010059594959725944,370.0,CD56_dim CD16+ NK,0.9945946
1109,20240918_WGS_20240924_sc_PICA0008-PICA0032_Pool_2_GGAGTCTTCACCATTC,3.4300904273986816,1.9140330174872453,-2.254561844765804,0.00024667886520459364,0.003189020342690882,0.003093079460981377,309.0,CD56_dim CD16+ NK,0.9708738
1111,20240918_WGS_20240924_sc_PICA0008-PICA0032_Pool_2_GGCAATTGTAGAGTGA,3.598203182220459,1.144947774104712,-2.1113831684162423,0.0014371558765102568,0.01074975135877186,0.010494932830871674,176.0,CD56_dim CD16+ NK,0.82954544
1113,20240918_WGS_20240924_sc_PICA0008-PICA0032_Pool_2_GGCGCTGGTACAAGTC,3.3579277992248535,1.712394953179184,-2.022838067560081,0.0014892551572771738,0.011022278402958257,0.010764815547517423,319.0,CD56_dim CD16+ NK,0.9874608
1116,20240918_WGS_20240924_sc_PICA0008-PICA0032_Pool_2_GGCTTGAGTGTGTCCT,3.545121669769287,1.2625052387629825,-2.4118493815588753,0.00018513526949580014,0.002572756542015998,0.0024947472908103743,226.0,CD56_dim CD16+ NK,1.0
1117,20240918_WGS_20240924_sc_PICA0008-PICA0032_Pool_2_GGGACCTGTATGAGAG,3.5018489360809326,3.448623215960451,-1.219118876517924,0.014315600342503914,0.05528145000941045,0.05448429303362857,410.0,CD56_dim CD16+ NK,0.99512196
1124,20240918_WGS_20240924_sc_PICA0008-PICA0032_Pool_2_GGGTCATTCCACCAAA,3.270862579345703,2.36463635627212,-1.0815801591056196,0.018491593023683067,0.06662399425558109,0.06571065621662482,351.0,CD56_dim CD16+ NK,1.0
1127,20240918_WGS_20240924_sc_PICA0008-PICA0032_Pool_2_GGGTTGAAGCGAATTT,3.4534201622009277,3.13582125267062,-1.86684556633817,0.0018664060176393083,0.012966125303078157,0.012679526713212676,290.0,CD56_dim CD16+ NK,1.0
1131,20240918_WGS_20240924_sc_PICA0008-PICA0032_Pool_2_GGTACAGAGCGTATTG,4.486917495727539,1.7630649902465285,-1.2304871501971877,0.020833469354297883,0.07234067910087714,0.0713806469992481,279.0,CD56_dim CD16+ NK,1.0
1133,20240918_WGS_20240924_sc_PICA0008-PICA0032_Pool_2_GGTCGTTAGACGAAGT,3.37744402885437,2.79279304278424,-2.173729446764474,8.637506942205178e-05,0.0015140227915954308,0.0014630459034463566,465.0,CD56_dim CD16+ NK,1.0
1134,20240918_WGS_20240924_sc_PICA0008-PICA0032_Pool_2_GGTGCATTCAAAGCCC,3.3155694007873535,9.68777482242877,-1.6255928018144565,0.007769677203610166,0.03601741788082108,0.03538644411954252,688.0,CD56_dim CD16+ NK,1.0
1136,20240918_WGS_20240924_sc_PICA0008-PICA0032_Pool_2_GGTGGAGGTGGACGCT,3.4977517127990723,12.572045572409703,-1.3365778180521521,0.006061669891275723,0.03017357761443009,0.029625402495086665,394.0,CD56_dim CD16+ NK,0.9543147
1139,20240918_WGS_20240924_sc_PICA0008-PICA0032_Pool_2_GGTTATAGTAAACTGC,3.2659592628479004,1.6423939226271025,-2.180334978758814,0.0004004789019101334,0.004467856922668997,0.004341623050703067,302.0,CD56_dim CD16+ NK,0.9768212
1140,20240918_WGS_20240924_sc_PICA0008-PICA0032_Pool_2_GGTTATAGTCGGTGTA,3.502936601638794,2.0236836307665347,-2.2949610191897865,0.0012188272033188008,0.009574694401828954,0.009344074178017778,245.0,CD56_dim CD16+ NK,1.0
1141,20240918_WGS_20240924_sc_PICA0008-PICA0032_Pool_2_GGTTCGAGTACATCTT,3.3662798404693604,2.330369197114734,1.1732343155326812,0.029415152042632224,0.09182627516930705,0.09071629800939544,268.0,CD56_dim CD16+ NK,0.96268654
1145,20240918_WGS_20240924_sc_PICA0008-PICA0032_Pool_2_GGTTTGGGTACGAAAG,3.4004437923431396,1.6350533660514142,-1.4597516393007943,0.012724447198097179,0.0508101051270593,0.050061256432062065,287.0,CD56_dim CD16+ NK,0.9930314
1148,20240918_WGS_20240924_sc_PICA0008-PICA0032_Pool_2_GTATGCATCACGGTCG,3.37776780128479,2.113156410436278,-2.437427290570708,4.9035875169921044e-05,0.0010321491221698203,0.000995842352148299,326.0,CD56_dim CD16+ NK,0.993865
1149,20240918_WGS_20240924_sc_PICA0008-PICA0032_Pool_2_GTATTCACACATAACC,3.445289134979248,2.9984238828801044,-2.1616544866094194,2.368115630620356e-05,0.0006291331589416717,0.0006060732306865573,336.0,CD56_dim CD16+ NK,0.9910714
1150,20240918_WGS_20240924_sc_PICA0008-PICA0032_Pool_2_GTCAATTAGACGCCCA,3.535567045211792,2.2114657323522957,-1.4641786736707472,0.022128532860462242,0.07491002653210088,0.0739391247874665,235.0,CD56_dim CD16+ NK,0.99148935
1152,20240918_WGS_20240924_sc_PICA0008-PICA0032_Pool_2_GTCCAACAGAACGGCA,3.0686373710632324,5.119516595385455,-1.548229032959565,0.00041725472330476053,0.004562018453549207,0.004433994544151343,755.0,CD56_dim CD16+ NK,0.9933775
1156,20240918_WGS_20240924_sc_PICA0008-PICA0032_Pool_2_GTCGACTAGACATGAA,3.484180450439453,1.5238164124590718,-1.6069095025476097,0.005518187213369568,0.028282862767379607,0.027761633169488622,273.0,CD56_dim CD16+ NK,0.992674
1157,20240918_WGS_20240924_sc_PICA0008-PICA0032_Pool_2_GTCTCATTCGTGCAAC,3.926482915878296,0.9098498351081978,-1.5940789811069744,0.010146237404431015,0.04342999558638445,0.04273117838737647,160.0,CD56_dim CD16+ NK,0.975
1162,20240918_WGS_20240924_sc_PICA0008-PICA0032_Pool_2_GTGAGTTGTATTATCC,4.433961868286133,1.3189164953523287,-2.135797215757126,0.030173562084754222,0.09328310496814235,0.09217514168904509,106.0,CD56_dim CD16+ NK,1.0
1163,20240918_WGS_20240924_sc_PICA0008-PICA0032_Pool_2_GTGCAATGTGCTTGTC,3.6425135135650635,2.760045560863695,-2.5049285938221497,0.0006573541201448186,0.0062992173516990355,0.006131544964027078,246.0,CD56_dim CD16+ NK,1.0
1166,20240918_WGS_20240924_sc_PICA0008-PICA0032_Pool_2_GTGCTCACACGTAGAA,3.7685964107513428,1.88060202215535,-2.6772882157045763,0.0001775611664305794,0.0025313387127462194,0.0024540754413461168,134.0,CD56_dim CD16+ NK,0.96268654
1168,20240918_WGS_20240924_sc_PICA0008-PICA0032_Pool_2_GTGTCATCAAAGCTTC,3.6701788902282715,1.5208946045697034,-3.236517891062595,3.0631949871707096e-06,0.0001657996363660366,0.00015879856686378674,287.0,CD56_dim CD16+ NK,0.989547
1169,20240918_WGS_20240924_sc_PICA0008-PICA0032_Pool_2_GTGTCGTAGACATGCC,3.6772172451019287,1.8227682417778328,-1.7618997182888174,0.0053126644559097986,0.027573792178697272,0.027061301912298222,262.0,CD56_dim CD16+ NK,0.9961832
1170,20240918_WGS_20240924_sc_PICA0008-PICA0032_Pool_2_GTGTCTCGTGGCAATT,3.4142940044403076,1.7049244107512276,-2.1667807008915214,0.0012200861169325207,0.009576946882790647,0.00934618851428122,252.0,CD56_dim CD16+ NK,0.984127
1172,20240918_WGS_20240924_sc_PICA0008-PICA0032_Pool_2_GTTAATGGTATGCGGC,3.452208995819092,11.655329683983307,-1.9811207953532266,0.0022000256273529196,0.014643548956117304,0.014322712747055232,295.0,CD56_dim CD16+ NK,0.8610169
1174,20240918_WGS_20240924_sc_PICA0008-PICA0032_Pool_2_GTTATGAGTCTTGGAG,3.4860470294952393,21.845958510214036,1.4790397916623044,0.01824986538714641,0.06607108560410851,0.06516474665175172,327.0,CD56_dim CD16+ NK,0.97553515
1178,20240918_WGS_20240924_sc_PICA0008-PICA0032_Pool_8_AAACTAGAGGGGTAGC,3.2446887493133545,11.369807946388445,1.449242937745375,0.01762905988881333,0.06440715999113769,0.0635263256095495,285.0,CD56_dim CD16+ NK,1.0
1179,20240918_WGS_20240924_sc_PICA0008-PICA0032_Pool_8_AACAGCCTCAGCTTAG,3.552612543106079,1.475306327408818,2.499756942988885,0.015163223401106127,0.057695215806989754,0.056856947350389174,184.0,CD56_dim CD16+ NK,0.8804348
1180,20240918_WGS_20240924_sc_PICA0008-PICA0032_Pool_8_AACGTGGAGCCACTTT,4.199085235595703,1.0386907589474592,2.7159973502549333,0.008184971444735407,0.03720819275592455,0.036584690626788555,140.0,CD56_dim CD16+ NK,0.6857143
1183,20240918_WGS_20240924_sc_PICA0008-PICA0032_Pool_8_AAGCCATGTCTAATGA,3.3685057163238525,1.4538671794543319,-2.0387884870184645,0.003878895166041545,0.02193512989705813,0.021501673887913412,259.0,CD56_dim CD16+ NK,0.996139
1184,20240918_WGS_20240924_sc_PICA0008-PICA0032_Pool_8_AAGCTAGCACTCGCAA,3.7318010330200195,12.446302854165548,-1.3686995262052868,0.01741018085872936,0.06380494480630317,0.06293165278753815,241.0,CD56_dim CD16+ NK,1.0
1186,20240918_WGS_20240924_sc_PICA0008-PICA0032_Pool_8_ACAACATTCATTAACA,3.699629068374634,3.3049292422744143,1.5805879210673133,0.009417962828115784,0.04117902877042548,0.04050346324422166,324.0,CD56_dim CD16+ NK,0.9351852
1193,20240918_WGS_20240924_sc_PICA0008-PICA0032_Pool_8_ACCTGCACAACTGCCA,3.5712952613830566,11.384960344069276,3.00645908321081,0.010549238059705198,0.04463940898889858,0.04392878401354387,202.0,CD56_dim CD16+ NK,0.77227724
1194,20240918_WGS_20240924_sc_PICA0008-PICA0032_Pool_8_ACGACAGAGACGGCAA,3.560502767562866,1.5448304287347192,-1.605093377257773,0.011377834915420264,0.04687706054027813,0.04615742862661374,209.0,CD56_dim CD16+ NK,1.0
1197,20240918_WGS_20240924_sc_PICA0008-PICA0032_Pool_8_ACTTAGCCAGTTGGTT,3.237917900085449,11.997691368709333,-1.5196791301241488,0.020124037109563203,0.07075013903151574,0.06978983831581503,360.0,CD56_dim CD16+ NK,0.99722224
1200,20240918_WGS_20240924_sc_PICA0008-PICA0032_Pool_8_AGACGACCACATTCGG,3.295389175415039,2.7153279624319793,-1.3577145658932666,0.013072778858926591,0.0518229153075597,0.05106008633391465,369.0,CD56_dim CD16+ NK,0.99728996
1205,20240918_WGS_20240924_sc_PICA0008-PICA0032_Pool_8_ATAATCCAGAGGCGAC,3.4140799045562744,12.914616551415168,3.7470615605297897,0.0005842310022476594,0.0058192715906387185,0.005659259343830109,376.0,CD56_dim CD16+ NK,0.78457445
1206,20240918_WGS_20240924_sc_PICA0008-PICA0032_Pool_8_ATAGCGGAGAAATGGC,3.422922372817993,11.92612295898555,3.006619260532269,0.00452527423448498,0.02447955480775445,0.024016281863856626,285.0,CD56_dim CD16+ NK,0.79298246
1208,20240918_WGS_20240924_sc_PICA0008-PICA0032_Pool_8_ATATTGCAGGGTTTCA,3.431683301925659,2.911003756983253,3.7401218468280986,0.00018692329324315496,0.002572756542015998,0.0024947472908103743,403.0,CD56_dim CD16+ NK,0.7890819
1210,20240918_WGS_20240924_sc_PICA0008-PICA0032_Pool_8_ATCCAGGGTCTTGTCA,3.7871108055114746,0.8720062677304171,2.8327351103789953,0.02530437733837332,0.08232279430657713,0.08129514346261921,119.0,CD56_dim CD16+ NK,0.8235294
1216,20240918_WGS_20240924_sc_PICA0008-PICA0032_Pool_8_ATTAAGACAGCTAGGG,3.5127627849578857,1.3842222038893317,-2.5737069975933893,0.00011147892662334345,0.0018091909492035524,0.0017501103096062725,242.0,CD56_dim CD16+ NK,1.0
1217,20240918_WGS_20240924_sc_PICA0008-PICA0032_Pool_8_ATTAAGGAGACGAGGC,3.6590945720672607,1.0809200124988367,-2.005653060857064,0.008042257395587593,0.0368485012111318,0.03621672473442677,137.0,CD56_dim CD16+ NK,1.0
1220,20240918_WGS_20240924_sc_PICA0008-PICA0032_Pool_8_CAACATCCAAGGATCA,3.42354416847229,11.831149538356746,2.4605240631085907,0.005048171818332283,0.026465960927297135,0.02597172891814744,284.0,CD56_dim CD16+ NK,0.77816904
1228,20240918_WGS_20240924_sc_PICA0008-PICA0032_Pool_8_CATACGGGTGTTACCC,3.426938533782959,30.923445791733474,1.9524013362170893,0.002840786175859385,0.017567221982668427,0.017195446986977767,255.0,CD56_dim CD16+ NK,1.0
1229,20240918_WGS_20240924_sc_PICA0008-PICA0032_Pool_8_CATAGCGGTGGACGGA,3.1676573753356934,32.55329895672113,-1.7089728231066132,0.0009311149809017365,0.008009716622087344,0.007808232882166845,501.0,CD56_dim CD16+ NK,0.9680639
1233,20240918_WGS_20240924_sc_PICA0008-PICA0032_Pool_8_CATTCAACAGCTTAGT,3.457388401031494,2.8376130145724443,5.038501165685945,1.3611179626785385e-06,0.00010222965018333233,9.753415008203308e-05,294.0,CD56_dim CD16+ NK,0.792517
1237,20240918_WGS_20240924_sc_PICA0008-PICA0032_Pool_8_CCAAAGCTCACATCAG,3.3396170139312744,2.4909083706061903,4.896610185323795,0.0029517756540758545,0.018069654267671823,0.017688820968116543,326.0,CD56_dim CD16+ NK,0.88957053
1238,20240918_WGS_20240924_sc_PICA0008-PICA0032_Pool_8_CCAAATTAGCTACTGA,3.5163557529449463,1.3903208053618092,2.9687270884355383,0.011162234500212323,0.0461871542057991,0.04547316539069548,190.0,CD56_dim CD16+ NK,0.8368421
1242,20240918_WGS_20240924_sc_PICA0008-PICA0032_Pool_8_CCATTCCCACACCTCT,3.4249463081359863,1.7282951719130148,-1.7803083012660437,0.0020019382015645393,0.01362895177858485,0.01332879007849625,302.0,CD56_dim CD16+ NK,0.9966887
1250,20240918_WGS_20240924_sc_PICA0008-PICA0032_Pool_8_CGCAGCATCGCCTAAA,3.655500650405884,11.378608587186482,3.692887187543137,0.01305221438727022,0.051762223803944823,0.0510014751465879,177.0,CD56_dim CD16+ NK,0.79096043
1253,20240918_WGS_20240924_sc_PICA0008-PICA0032_Pool_8_CGCCAACCAGCCAATT,3.3767588138580322,1.6167196507646335,-2.5678328211642207,1.5491286120042065e-05,0.0004829261378751088,0.000465236941631065,278.0,CD56_dim CD16+ NK,1.0
1265,20240918_WGS_20240924_sc_PICA0008-PICA0032_Pool_8_CTGTGGAGTGCATCAG,3.43204402923584,12.432515715665074,-2.306744754881036,6.465308688329072e-05,0.0012366942891015474,0.0011939723817001161,341.0,CD56_dim CD16+ NK,1.0
1267,20240918_WGS_20240924_sc_PICA0008-PICA0032_Pool_8_GCAAACCTCCTGGTCC,3.7732443809509277,11.166582443265332,2.572569728758801,0.025472683486633344,0.08278832234471299,0.08175727029462398,172.0,CD56_dim CD16+ NK,0.84302324
1268,20240918_WGS_20240924_sc_PICA0008-PICA0032_Pool_8_GCAGCGACAATCATCA,3.3348047733306885,12.253591140271741,4.2654298400884745,1.3997147902689192e-05,0.00044704357410450064,0.00043078928898445713,345.0,CD56_dim CD16+ NK,0.6376812
1271,20240918_WGS_20240924_sc_PICA0008-PICA0032_Pool_8_GCGAATACAACATAGG,3.5303924083709717,1.216387552423667,-1.3059709231440761,0.03350955547411306,0.10082548288805367,0.09965442668173823,213.0,CD56_dim CD16+ NK,0.9953052
1273,20240918_WGS_20240924_sc_PICA0008-PICA0032_Pool_8_GCGTAACTCAGCCATA,3.548064947128296,1.35379186970858,-1.7620408029133934,0.011320982594501035,0.046701423592307244,0.045985146411999925,189.0,CD56_dim CD16+ NK,0.8730159
1275,20240918_WGS_20240924_sc_PICA0008-PICA0032_Pool_8_GCTATAAGTGTAGCGC,3.5418179035186768,1.9776051182898868,-1.8896135455266672,0.00216698271890864,0.014482324805949126,0.01416726389266418,224.0,CD56_dim CD16+ NK,0.99553573
1280,20240918_WGS_20240924_sc_PICA0008-PICA0032_Pool_8_GGATGGGGTACGGTTG,3.7322051525115967,1.8416628857729038,-3.080202972383881,7.925034804253759e-07,6.788653726669894e-05,6.470056315823512e-05,222.0,CD56_dim CD16+ NK,1.0
1281,20240918_WGS_20240924_sc_PICA0008-PICA0032_Pool_8_GGATGGTCAGTTAACC,3.855803966522217,1.401982910674396,2.5720777175619647,0.01861887633673589,0.06698851380320864,0.06606936102789723,179.0,CD56_dim CD16+ NK,0.72625697
1283,20240918_WGS_20240924_sc_PICA0008-PICA0032_Pool_8_GGCAATTGTGCTTGGA,3.5111725330352783,1.9393601543077044,2.8032652766906807,0.012269434319023168,0.04945425428670099,0.04870981291918533,264.0,CD56_dim CD16+ NK,0.7651515
1285,20240918_WGS_20240924_sc_PICA0008-PICA0032_Pool_8_GGCTAATGTGTCGCTT,3.328054904937744,1.9595583181869725,-2.0147798215516035,0.0002951181614705845,0.0036050514758251234,0.003500914442743146,282.0,CD56_dim CD16+ NK,0.93971634
1287,20240918_WGS_20240924_sc_PICA0008-PICA0032_Pool_8_GGGAGTGGTAACCGCA,3.667523145675659,21.59750185942762,2.9282265306070108,0.013522217297985436,0.053003943232826235,0.0522259279329081,228.0,CD56_dim CD16+ NK,0.89912283
1290,20240918_WGS_20240924_sc_PICA0008-PICA0032_Pool_8_GTAAATGAGAACACCC,3.4381563663482666,2.643030695600946,2.913293025790498,0.004345349994323124,0.02374156560958241,0.023283418937989023,348.0,CD56_dim CD16+ NK,0.8362069
1292,20240918_WGS_20240924_sc_PICA0008-PICA0032_Pool_8_GTAGAGTAGGCATACC,3.269350290298462,4.140153968140477,-2.5340222873142073,4.416377916455351e-07,4.4393611076532305e-05,4.214566708660702e-05,688.0,CD56_dim CD16+ NK,0.9927326
1293,20240918_WGS_20240924_sc_PICA0008-PICA0032_Pool_8_GTAGTAGCAAAGCTTC,3.585681200027466,1.7273279280175262,3.987281836830633,0.00014022766850555016,0.00213799561289973,0.002070508913606767,210.0,CD56_dim CD16+ NK,0.7714286
1294,20240918_WGS_20240924_sc_PICA0008-PICA0032_Pool_8_GTATCTTGTAACGTCG,3.7533531188964844,11.455227614952484,2.150813635892794,0.03009027143219204,0.09306727280330418,0.09194876187700235,192.0,CD56_dim CD16+ NK,0.828125
1296,20240918_WGS_20240924_sc_PICA0008-PICA0032_Pool_8_GTCAAGACACAATGTC,3.7845101356506348,1.2687354179256947,-3.1157293334659943,0.006511685716556172,0.03192321228037299,0.03134331648775755,162.0,CD56_dim CD16+ NK,1.0
1298,20240918_WGS_20240924_sc_PICA0008-PICA0032_Pool_8_GTGCAGTTCGTTATGG,3.852388381958008,0.8289774437375592,2.4460787626091185,0.02351301775432029,0.07819943885813949,0.07719451686954071,117.0,CD56_dim CD16+ NK,0.82051283
1303,20240918_WGS_20240924_sc_PICA0008-PICA0032_Pool_8_GTTCTATGTATGCCGA,3.403937578201294,4.15711129361449,-1.3412992602524405,0.026115779938073805,0.08440503548883369,0.08335439582145716,308.0,CD56_dim CD16+ NK,0.9383117
1311,20250114_WGS_20241218_sc_PICA0071-PICA0097_Pool_6_AACGCAACAGGCTACC,3.791506290435791,21.698916084769944,-3.008413267344943,7.935263460761098e-05,0.0014296321528196835,0.0013815751117516038,292.0,CD56_dim CD16+ KLRC2+ NK,0.89726025
1328,20250114_WGS_20241218_sc_PICA0071-PICA0097_Pool_6_ACAGCGGCACAAATGG,3.1813035011291504,2.918525592292781,1.9004537646531525,7.885077325538135e-05,0.0014278657487844884,0.0013797372914589395,551.0,CD56_dim CD16+ NK,0.9764065
1330,20250114_WGS_20241218_sc_PICA0071-PICA0097_Pool_6_ACATGGGAGCCCTGGA,3.973403215408325,31.049145577549037,-2.0569504835528614,0.01177365156786689,0.048005894699940696,0.04727404190041689,176.0,Mixed,0.53977275
1331,20250114_WGS_20241218_sc_PICA0071-PICA0097_Pool_6_ACATGTGTCAGTTTAA,3.481006622314453,11.863486583299043,1.7079342835242444,0.004736486940743289,0.025248448513669985,0.024777996303063255,266.0,CD56_dim CD16+ NK,0.981203
1334,20250114_WGS_20241218_sc_PICA0071-PICA0097_Pool_6_ACGCAACTCGTAGATT,3.549741506576538,2.613987274521847,-2.1870915255350467,0.0005671670265500319,0.005718692301478366,0.005561573258717976,279.0,CD56_dim CD16+ NK,0.8888889
1335,20250114_WGS_20241218_sc_PICA0071-PICA0097_Pool_6_ACGTAATTCGCTTCCA,3.3937880992889404,1.1372631134880757,1.8192294298151215,0.006968987237657997,0.033452990283301724,0.03285095538707394,194.0,CD56_dim CD16+ NK,0.97938144
1337,20250114_WGS_20241218_sc_PICA0071-PICA0097_Pool_6_ACTAAGGCACACAAGA,3.3675665855407715,10.89034372086236,2.6356548458139915,0.0005821243088233264,0.005810037047840515,0.005650775911822537,192.0,CD56_dim CD16+ NK,0.9947917
1341,20250114_WGS_20241218_sc_PICA0071-PICA0097_Pool_6_AGAAGTATCGTGGTTA,3.455059051513672,2.756696460683744,4.131767670938127,2.0207502335333125e-05,0.0005720232916820879,0.0005505444183215699,336.0,CD56_dim CD16+ NK,0.7202381
1344,20250114_WGS_20241218_sc_PICA0071-PICA0097_Pool_6_AGCGAATAGCTCTCAT,3.254415988922119,6.572105633431459,1.3027350338973513,0.013012845539543823,0.051689331213728304,0.050925419876940055,443.0,CD56_dim CD16+ NK,0.986456
1350,20250114_WGS_20241218_sc_PICA0071-PICA0097_Pool_6_AGGTTTCCACTGGGCT,3.637653350830078,12.293065908305262,-1.556439733853366,0.018387332943381286,0.06637631552348881,0.06546907393174427,222.0,CD56_dim CD16+ NK,1.0
1365,20250114_WGS_20241218_sc_PICA0071-PICA0097_Pool_6_ATCGGCGTCAGCATTG,3.7071964740753174,1.202303778313548,3.323138995107583,0.002808162834205671,0.017420158740403063,0.01704874567851545,164.0,CD56_dim CD16+ NK,0.80487806
1372,20250114_WGS_20241218_sc_PICA0071-PICA0097_Pool_6_ATGGTTAGTCCAAAGT,3.387465238571167,2.7398784751452943,1.4343267565497242,0.011279470532735855,0.04658870617106118,0.04587523761914426,316.0,CD56_dim CD16+ NK,0.9746835
1373,20250114_WGS_20241218_sc_PICA0071-PICA0097_Pool_6_ATGTGTAGTCGACTAG,3.359879732131958,31.472089095091235,2.5929412229561892,7.581412661286798e-05,0.0013859228947832513,0.0013390800733688688,328.0,CD56_dim CD16+ NK,0.99390244
1374,20250114_WGS_20241218_sc_PICA0071-PICA0097_Pool_6_ATGTTAATCCCTTCCT,3.283534526824951,2.350153156435768,2.5348181033412422,1.72143224283373e-07,2.2541808329021014e-05,2.146237611523698e-05,349.0,CD56_dim CD16+ NK,0.982808
1377,20250114_WGS_20241218_sc_PICA0071-PICA0097_Pool_6_ATTATCCGTCCTAGAG,3.7427620887756348,1.256852752021822,-1.925472752828837,0.0023866973371602465,0.015549838272728564,0.015211642681907219,189.0,CD56_dim CD16+ NK,1.0
1379,20250114_WGS_20241218_sc_PICA0071-PICA0097_Pool_6_ATTCAGCCACCGTTTC,3.4407241344451904,1.9023603471802084,1.3728784005451091,0.020719877919133222,0.07224888197464749,0.07127723447694029,309.0,CD56_dim CD16+ NK,0.9611651
1381,20250114_WGS_20241218_sc_PICA0071-PICA0097_Pool_6_ATTGAGAAGAGCAGCA,3.6850521564483643,11.566207345460795,-1.340231258286393,0.007894346357047347,0.03639083105440964,0.03575594138901665,279.0,CD56_dim CD16+ NK,0.9605735
1384,20250114_WGS_20241218_sc_PICA0071-PICA0097_Pool_6_CAAGCGGCACGGTATT,3.4629409313201904,0.8290239391412721,1.9233062863235533,0.008378682507021422,0.03784821780941983,0.037218660645983906,154.0,CD56_dim CD16+ NK,0.987013
1392,20250114_WGS_20241218_sc_PICA0071-PICA0097_Pool_6_CACTTACTCAATATCA,3.2138030529022217,1.928065416516231,2.9066933358564597,9.390840975676852e-08,1.5949857664033217e-05,1.5200936681933534e-05,372.0,CD56_dim CD16+ NK,0.96505374
1393,20250114_WGS_20241218_sc_PICA0071-PICA0097_Pool_6_CAGCACCCAAGAGGTC,3.3113646507263184,12.024989459989918,-1.696460533439116,0.0013042690287060497,0.010020890920024814,0.009781348450607333,373.0,CD56_dim CD16+ NK,0.98659515
1395,20250114_WGS_20241218_sc_PICA0071-PICA0097_Pool_6_CAGGTGTTCGTTGCCC,3.8472249507904053,20.967673573514247,-1.811290838453065,0.00920501213500209,0.040462405787901695,0.03979882193955652,190.0,CD56_dim CD16+ NK,1.0
1401,20250114_WGS_20241218_sc_PICA0071-PICA0097_Pool_6_CATCATACAACTGGGG,3.212661027908325,2.459289187541154,1.5999769913697337,0.0024891376430973477,0.016077670191829596,0.0157254658852884,388.0,CD56_dim CD16+ NK,1.0
1402,20250114_WGS_20241218_sc_PICA0071-PICA0097_Pool_6_CATCTACTCACCACTT,3.80326771736145,1.7265019874324816,-1.408622459125717,0.01566804012745051,0.05902327468279731,0.058178511671393617,177.0,CD56_dim CD16+ NK,0.98870057
1406,20250114_WGS_20241218_sc_PICA0071-PICA0097_Pool_6_CCAAGGGCAGGTAAGC,3.438671350479126,11.025425664605866,-1.3222874871513763,0.03124509388422965,0.09544044026466551,0.09431331266873119,182.0,CD56_dim CD16+ NK,0.96153843
1417,20250114_WGS_20241218_sc_PICA0071-PICA0097_Pool_6_CCGTAAGGTAAGGTTC,3.2908806800842285,1.7770752966167636,2.283980755326216,0.0002430603282602372,0.0031546604659968337,0.0030598301191978477,312.0,CD56_dim CD16+ NK,0.9647436
1419,20250114_WGS_20241218_sc_PICA0071-PICA0097_Pool_6_CCGTTTCCAGTTAAGG,4.118276596069336,31.23109689976572,-2.341351853642729,0.001334518919957183,0.01019096579883582,0.009949867572780702,193.0,CD56_dim CD16+ KLRC2+ NK,0.8704663
1427,20250114_WGS_20241218_sc_PICA0071-PICA0097_Pool_6_CGCAAATGTGGCTTCT,3.2339577674865723,11.822023895622713,1.8702459799454991,0.0003853631419030227,0.004368483671906417,0.004245576640566972,364.0,CD56_dim CD16+ NK,0.99725276
1428,20250114_WGS_20241218_sc_PICA0071-PICA0097_Pool_6_CGCATCTGTGTATTCT,3.6458585262298584,1.0674863115466746,1.2617732432880089,0.02806731058534305,0.08876118028128872,0.08767450344037583,170.0,CD56_dim CD16+ NK,0.9588235
1432,20250114_WGS_20241218_sc_PICA0071-PICA0097_Pool_6_CGTAGGCGTATGGCCA,3.573730945587158,2.0333589164105508,-1.301284762280769,0.005240228789655268,0.027240893829495537,0.02673193156929776,308.0,CD56_dim CD16+ NK,1.0
1435,20250114_WGS_20241218_sc_PICA0071-PICA0097_Pool_6_CTACATGAGCCGCTAG,3.1732358932495117,2.32436605250893,1.1588475672185132,0.011433362912567933,0.0470347696528286,0.046312283567736846,442.0,CD56_dim CD16+ NK,0.98868775
1437,20250114_WGS_20241218_sc_PICA0071-PICA0097_Pool_6_CTCATTTCAATAACTT,3.645611524581909,1.636746310958949,-1.6548706216405584,0.019866374066040002,0.07004425587851112,0.06909535742014954,227.0,CD56_dim CD16+ NK,0.9295154
1439,20250114_WGS_20241218_sc_PICA0071-PICA0097_Pool_6_CTGCAGTAGACCTTAG,3.4227962493896484,1.0618914605098975,3.036772162854185,6.799433464006677e-05,0.0012820258750061533,0.0012381021480080971,199.0,CD56_dim CD16+ NK,0.99497485
1442,20250114_WGS_20241218_sc_PICA0071-PICA0097_Pool_6_CTGTACCGTCCAACGA,3.233059883117676,12.453084516440233,1.731686491055806,0.000843929139564106,0.007509978278090342,0.007317900910475365,420.0,CD56_dim CD16+ NK,0.99285716
1444,20250114_WGS_20241218_sc_PICA0071-PICA0097_Pool_6_CTGTCTAGTCGACTAG,3.6805801391601562,1.3924554503361675,-2.3495735388942722,0.003231791848370787,0.01934166555182298,0.018940747005387382,158.0,CD56_dim CD16+ NK,0.9746835
1445,20250114_WGS_20241218_sc_PICA0071-PICA0097_Pool_6_CTGTTACTCGGTATGC,3.465451955795288,11.986620179870444,3.3096759128634012,0.0014950883879610351,0.011040566499103566,0.010782619289506723,265.0,CD56_dim CD16+ NK,0.76603776
1455,20250114_WGS_20241218_sc_PICA0071-PICA0097_Pool_6_GCGTGTTAGATGCGGA,3.4155046939849854,1.4634401616163348,2.0837215145047705,0.0009491554344141957,0.008102365844379759,0.007898518561772025,239.0,CD56_dim CD16+ NK,0.9916318
1457,20250114_WGS_20241218_sc_PICA0071-PICA0097_Pool_6_GCTCCTATCCGGTATA,3.535526752471924,11.503133041427052,-2.719111531768856,1.9737855495166848e-05,0.0005652256234967692,0.000544149962241988,229.0,CD56_dim CD16+ NK,0.9956332
1460,20250114_WGS_20241218_sc_PICA0071-PICA0097_Pool_6_GCTTCATTCGCGCGTA,3.358673095703125,1.2886120808630446,1.5638102805368732,0.003687407341824482,0.021143567941974955,0.020719931120581608,241.0,CD56_dim CD16+ NK,0.966805
1461,20250114_WGS_20241218_sc_PICA0071-PICA0097_Pool_6_GCTTGTCGTATAGGGA,4.824642181396484,0.6953580161175709,-1.462248223999221,0.029183824641823262,0.09123765679041604,0.09012723051154503,108.0,CD56_dim CD16+ NK,0.8703704
1464,20250114_WGS_20241218_sc_PICA0071-PICA0097_Pool_6_GGAGTATAGACGCGAA,3.7779979705810547,1.5024075263601824,-2.0906998649891357,0.0017003468644944716,0.012102685666282543,0.011832000016829441,234.0,CD56_dim CD16+ NK,0.991453
1465,20250114_WGS_20241218_sc_PICA0071-PICA0097_Pool_6_GGATTAGCAGCACGCT,3.383181571960449,11.959864847951625,-1.5118126525282853,0.0034322185167046594,0.0202096740036208,0.019800504642088816,353.0,CD56_dim CD16+ NK,1.0
1472,20250114_WGS_20241218_sc_PICA0071-PICA0097_Pool_6_GGGTATGAGCATATGT,3.7528843879699707,1.4292427727366652,-1.3640678417674554,0.02963119372937785,0.09211009448662076,0.09099806589536093,175.0,CD56_dim CD16+ NK,0.8742857
1475,20250114_WGS_20241218_sc_PICA0071-PICA0097_Pool_6_GGTGTTCAGCACTTAG,3.3196465969085693,2.053113884538627,1.4845240845272456,0.004446051091152878,0.024144459370974092,0.02368348403161783,337.0,CD56_dim CD16+ NK,0.98813057
1479,20250114_WGS_20241218_sc_PICA0071-PICA0097_Pool_6_GGTTGTATCCATCGGG,4.355151653289795,3.0477485982919497,-1.2539545820497437,0.013560943056662464,0.05303249307311708,0.05225323426373456,341.0,CD56_dim CD16+ NK,0.99706745
1483,20250114_WGS_20241218_sc_PICA0071-PICA0097_Pool_6_GTATTGTAGATGCTCA,3.272275686264038,1.6276825604221574,1.4645298970343368,0.009361247737537349,0.04100384680412646,0.04032827279264753,288.0,CD56_dim CD16+ NK,0.9756944
1486,20250114_WGS_20241218_sc_PICA0071-PICA0097_Pool_6_GTCTGAGGTGTGCGTA,3.3068923950195312,20.936838725750018,1.7261162698958405,0.005628288791926698,0.028686030045515582,0.028155269168563195,244.0,CD56_dim CD16+ NK,0.98770493
1487,20250114_WGS_20241218_sc_PICA0071-PICA0097_Pool_6_GTGAAAGGTATACGTA,3.288881301879883,2.0480300744856113,-1.145693681807448,0.025077540017480995,0.08177386518113383,0.08074994095153587,358.0,CD56_dim CD16+ NK,0.98324025
1488,20250114_WGS_20241218_sc_PICA0071-PICA0097_Pool_6_GTGCTACAGGTCCTAA,3.4829981327056885,1.354674063462645,1.5342821630562165,0.0030210103185130425,0.018404435774688917,0.018017225075167786,223.0,CD56_dim CD16+ NK,0.9596413
1490,20250114_WGS_20241218_sc_PICA0071-PICA0097_Pool_6_GTTAATTCAGTTAACC,3.4682536125183105,1.236489642559973,-1.7105990793966757,0.0033748556937221786,0.019994717179946754,0.019586775076137167,235.0,CD56_dim CD16+ NK,0.99148935
1491,20250114_WGS_20241218_sc_PICA0071-PICA0097_Pool_6_GTTGAGACAGCCCTAA,3.9245145320892334,33.992905238933254,1.3784488535231174,0.029577527682439063,0.09205813254975859,0.0909445764318247,280.0,CD56_dim CD16+ KLRC2+ NK,0.95357144
1492,20250114_WGS_20241218_sc_PICA0071-PICA0097_Pool_3_AAACGCACAGGGCGTA,3.261690139770508,12.681627309197582,1.0188363576193684,0.030670675373585202,0.09421166919400929,0.09309472394947158,465.0,CD56_dim CD16+ NK,0.9892473
1494,20250114_WGS_20241218_sc_PICA0071-PICA0097_Pool_3_AAACTCCCAGGAATAT,3.4850423336029053,1.5622602835526436,2.5726853801988043,0.00674294000097457,0.03270541701112776,0.032111708479106035,235.0,CD56_dim CD16+ NK,0.6638298
1498,20250114_WGS_20241218_sc_PICA0071-PICA0097_Pool_3_AACATAGAGCTGGCAT,3.2650818824768066,1.835748501743343,2.4453410284656054,2.0121655015384965e-05,0.0005712346500188971,0.0005497624919658474,343.0,CD56_dim CD16+ NK,1.0
1499,20250114_WGS_20241218_sc_PICA0071-PICA0097_Pool_3_AACATTTCACTTCATT,3.42695951461792,1.94069902963892,5.983703285111595,2.040103478354439e-06,0.00012719657826119988,0.00012161536815559361,223.0,CD56_dim CD16+ NK,0.6412556
1501,20250114_WGS_20241218_sc_PICA0071-PICA0097_Pool_3_AACGCGGCAAATTCGC,3.4681477546691895,11.360213252845128,5.033408064582923,0.0031330880818281766,0.018935000425821698,0.018538282970621312,208.0,CD56_dim CD16+ NK,0.6826923
1502,20250114_WGS_20241218_sc_PICA0071-PICA0097_Pool_3_AACGTGGAGGTGAGTG,3.220669984817505,13.731040877418655,-2.158717745611948,0.012775839661262247,0.05093273836628669,0.050181714103918085,525.0,CD56_dim CD16+ NK,0.9980952
1503,20250114_WGS_20241218_sc_PICA0071-PICA0097_Pool_3_AAGCAAGGTATTACAG,3.7580244541168213,1.7594489290932696,2.520081021799831,0.024363167943537503,0.08018762693344067,0.0791681779393019,172.0,CD56_dim CD16+ NK,0.85465115
1505,20250114_WGS_20241218_sc_PICA0071-PICA0097_Pool_3_AAGCTTTAGCAATGCC,3.488039493560791,1.6398251839381435,1.5921608625058397,0.005030094986241421,0.026385232007169454,0.02589270230341911,289.0,CD56_dim CD16+ NK,0.9965398
1506,20250114_WGS_20241218_sc_PICA0071-PICA0097_Pool_3_AAGGGACGTACATATG,3.509894371032715,1.8978536958208436,2.7846297098113797,7.353846391327026e-06,0.00028861649721499016,0.00027770350030416276,218.0,CD56_dim CD16+ NK,0.98623854
1508,20250114_WGS_20241218_sc_PICA0071-PICA0097_Pool_3_AATATCATCAGCGGTT,3.3299527168273926,2.2383835966503924,-1.4348007190411456,0.0037572197016887536,0.021419196343365688,0.020988519529290105,423.0,CD56_dim CD16+ NK,0.99527186
1510,20250114_WGS_20241218_sc_PICA0071-PICA0097_Pool_3_AATCATATCAGCTGTA,3.478973627090454,1.4157564261629614,1.9509028601338825,0.0016868170493355226,0.012074683743908507,0.011803242504048789,256.0,CD56_dim CD16+ NK,0.9609375
1514,20250114_WGS_20241218_sc_PICA0071-PICA0097_Pool_3_ACAATTCAGATGGGCA,3.4443705081939697,1.4995144578863884,2.912465977971206,0.010566971085415986,0.04465689925458296,0.04394692882488864,236.0,Mixed,0.5211864
1515,20250114_WGS_20241218_sc_PICA0071-PICA0097_Pool_3_ACAGCCTAGCATTACG,3.446751356124878,1.24726285253999,3.5174736453681827,0.0018400153149164033,0.012822025683192833,0.012538124375798546,210.0,CD56_dim CD16+ NK,0.66190475
1516,20250114_WGS_20241218_sc_PICA0071-PICA0097_Pool_3_ACATAGGCAAGTTTCA,3.2344014644622803,2.045196338236049,1.575283698009467,0.02870909616001177,0.090182814500088,0.08907113390718653,339.0,CD56_dim CD16+ NK,0.99705017
1517,20250114_WGS_20241218_sc_PICA0071-PICA0097_Pool_3_ACATGAAAGAAGTGTA,4.003982067108154,1.0891286807148344,-2.5984263350595502,0.0001976392186172746,0.002700338339249337,0.002619189820504662,145.0,CD56_dim CD16+ NK,1.0
1523,20250114_WGS_20241218_sc_PICA0071-PICA0097_Pool_3_ACCTCAGCAGCCAATT,3.3697023391723633,3.3017206296851516,4.4383332531646165,0.00019946824065146857,0.0027177892650866067,0.0026360610576125023,372.0,CD56_dim CD16+ NK,0.8010753
1525,20250114_WGS_20241218_sc_PICA0071-PICA0097_Pool_3_ACCTTTGGTAAGTTGC,3.497145891189575,3.568568946981209,1.5433590266815298,0.008069578813384944,0.03688789832512997,0.03625807909399769,302.0,CD56_dim CD16+ NK,0.7913907
1531,20250114_WGS_20241218_sc_PICA0071-PICA0097_Pool_3_ACTATAATCCAGCCCT,3.3072397708892822,3.3002812208653287,2.037114015511344,0.017812571738824414,0.06491736744327019,0.06402715058077733,474.0,CD56_dim CD16+ NK,0.7827004
1533,20250114_WGS_20241218_sc_PICA0071-PICA0097_Pool_3_ACTTAATCAGTCCTAG,3.9521312713623047,2.477171079440624,-1.2829165061334218,0.025900670492043382,0.08381981110943475,0.08277823922146403,279.0,CD56_dim CD16+ NK,0.9928315
1542,20250114_WGS_20241218_sc_PICA0071-PICA0097_Pool_3_AGCCATATCGCGATGT,3.44215989112854,2.0703054297235646,4.013950536953323,0.003108045610493331,0.018806730533765238,0.018413307429936077,266.0,CD56_dim CD16+ NK,0.8120301
1545,20250114_WGS_20241218_sc_PICA0071-PICA0097_Pool_3_AGCGTCAGTACGAGTT,3.522735118865967,1.5525520312671561,1.9649633170542,0.014503927513563266,0.05572731084569739,0.054919514658840186,213.0,CD56_dim CD16+ NK,0.7089202
1546,20250114_WGS_20241218_sc_PICA0071-PICA0097_Pool_3_AGCGTTTCAAGCAAAT,3.6225671768188477,1.0629406548570102,1.5644994338983553,0.016080631255627826,0.06027194854833465,0.059417410879394186,161.0,CD56_dim CD16+ NK,1.0
1550,20250114_WGS_20241218_sc_PICA0071-PICA0097_Pool_3_AGGGCAATCCCAAGTA,3.7166028022766113,2.6762617711592216,-1.7362781668238962,0.008822443014842663,0.03930795392999325,0.03866107699679884,179.0,CD56_dim CD16+ NK,0.96089387
1552,20250114_WGS_20241218_sc_PICA0071-PICA0097_Pool_3_AGTCCGAGTGCTTTCA,3.604994297027588,1.045933685295112,1.4610477734268184,0.024040857945097385,0.07944531755020273,0.07842848919609141,177.0,CD56_dim CD16+ NK,0.98870057
1557,20250114_WGS_20241218_sc_PICA0071-PICA0097_Pool_3_ATCACATAGACAGCAG,3.1769139766693115,3.7063087702992297,4.204117260476556,0.00010211224056827881,0.001696303004786028,0.0016400051368599595,529.0,CD56_dim CD16+ NK,0.82041585
1558,20250114_WGS_20241218_sc_PICA0071-PICA0097_Pool_3_ATCGACATCATTGGCA,3.4124674797058105,1.5479137366024978,-1.4109152100088163,0.02075487562488162,0.07226804673088039,0.07129580065306035,297.0,CD56_dim CD16+ NK,0.989899
1561,20250114_WGS_20241218_sc_PICA0071-PICA0097_Pool_3_ATGCATTAGCTAATCG,3.4988064765930176,1.7031119512313437,2.555499408081875,0.010631076073050858,0.04477414724054041,0.04406389552153549,198.0,CD56_dim CD16+ NK,0.8080808
1562,20250114_WGS_20241218_sc_PICA0071-PICA0097_Pool_3_ATGCGCAGTACCTTGC,3.242140054702759,12.953886959189497,4.544087908109484,8.914854187912795e-08,1.540705765002262e-05,1.4696302954730075e-05,420.0,CD56_dim CD16+ NK,0.65238094
1563,20250114_WGS_20241218_sc_PICA0071-PICA0097_Pool_3_ATGGGACCAGTAGGGT,3.3862030506134033,21.348838887376203,1.6704088693910255,0.00928557256458151,0.040726703176176514,0.040058245100669576,297.0,CD56_dim CD16+ NK,0.986532
1577,20250114_WGS_20241218_sc_PICA0071-PICA0097_Pool_3_CAATAGAAGGTAGGTG,3.458042860031128,11.808706663036949,2.9174316652841754,0.0002908531169602304,0.003566809484791926,0.0034640359481691776,259.0,CD56_dim CD16+ NK,0.74903476
1578,20250114_WGS_20241218_sc_PICA0071-PICA0097_Pool_3_CAATGGACAGTCTAAC,3.508763551712036,1.6366991998050993,2.386113719032128,0.02459213758834101,0.08072547396959258,0.07970478842270988,215.0,CD56_dim CD16+ NK,0.8465116
1579,20250114_WGS_20241218_sc_PICA0071-PICA0097_Pool_3_CAATTACAGAACATAG,3.589473247528076,2.2431648934864317,-1.0710187973490788,0.031618934414267455,0.0962367403779723,0.0951040401099392,294.0,CD56_dim CD16+ NK,0.9659864
1580,20250114_WGS_20241218_sc_PICA0071-PICA0097_Pool_3_CACAAGCTCAATATCA,3.439873695373535,1.6322076966535284,4.130359969709735,0.0007162866003309197,0.006656735188547066,0.006483788321205958,251.0,Mixed,0.5936255
1586,20250114_WGS_20241218_sc_PICA0071-PICA0097_Pool_3_CATAATCAGCCAAAGG,3.5581729412078857,1.458498250210753,2.1273822290968,0.015309743774490606,0.058076957520484807,0.057234688770325046,194.0,CD56_dim CD16+ NK,0.8659794
1588,20250114_WGS_20241218_sc_PICA0071-PICA0097_Pool_3_CATATGTAGAGTCGTC,3.153744697570801,3.641268076374549,5.001914338679753,9.605956703850705e-06,0.0003491818431351782,0.0003362535524273091,609.0,CD56_dim CD16+ NK,0.6995074
1591,20250114_WGS_20241218_sc_PICA0071-PICA0097_Pool_3_CCAAAGTGTCGCCTAT,3.605238914489746,1.1643499077282153,3.1763035147988563,0.017083299596068444,0.06291124647509168,0.06204495780184668,165.0,CD56_dim CD16+ NK,0.8545455
1593,20250114_WGS_20241218_sc_PICA0071-PICA0097_Pool_3_CCACTAAAGAGAAGCT,3.3996057510375977,1.925012995271562,1.5932702752805108,0.013963663550253207,0.05424134449272253,0.0534548808544123,288.0,CD56_dim CD16+ NK,0.8680556
1595,20250114_WGS_20241218_sc_PICA0071-PICA0097_Pool_3_CCAGAACTCGGCTTCC,3.5087532997131348,1.9582316924086738,-1.2335127386958744,0.012528124626342799,0.05020933917579451,0.049468017312300314,340.0,CD56_dim CD16+ NK,1.0
1597,20250114_WGS_20241218_sc_PICA0071-PICA0097_Pool_3_CCATCGCTCAGAGAAC,3.2610831260681152,2.881719409213186,-1.3820256690194148,0.00225398098513955,0.014901991063496448,0.014575374197838673,488.0,CD56_dim CD16+ NK,0.9897541
1598,20250114_WGS_20241218_sc_PICA0071-PICA0097_Pool_3_CCCAAGTAGCTACGCG,3.6393957138061523,12.337448619463423,-1.298636582070834,0.007395877848556251,0.03489309994546342,0.034276244476060674,396.0,CD56_dim CD16+ NK,0.9848485
1601,20250114_WGS_20241218_sc_PICA0071-PICA0097_Pool_3_CCGCCGTGTACCACCT,3.497631549835205,1.3179095699906198,3.4514488679207704,0.0005642501968154806,0.005706805635348356,0.005550546280389108,183.0,CD56_dim CD16+ NK,0.79234976
1602,20250114_WGS_20241218_sc_PICA0071-PICA0097_Pool_3_CCGTTAAAGAGGCGTA,3.3694093227386475,1.4488794203550788,1.3993280973320754,0.03199551523831242,0.09719020062060305,0.09604423533380575,241.0,CD56_dim CD16+ NK,0.98755187
1606,20250114_WGS_20241218_sc_PICA0071-PICA0097_Pool_3_CCTGGCAAGAATTTGC,3.754422903060913,1.3629793677938387,-2.1961373787280434,7.583112783353695e-05,0.0013859228947832513,0.0013390800733688688,249.0,CD56_dim CD16+ NK,0.9839357
1608,20250114_WGS_20241218_sc_PICA0071-PICA0097_Pool_3_CGACGGACAATCAGCT,3.5224533081054688,1.1007666534992984,1.7248828019976212,0.0035154768709303175,0.020515973137165022,0.020099257791514134,196.0,CD56_dim CD16+ NK,0.99489796
1613,20250114_WGS_20241218_sc_PICA0071-PICA0097_Pool_3_CGGATTCAGATAGGCG,3.64080548286438,1.2990785341951714,1.8882871176192049,0.003935008831663328,0.02218876473996305,0.021751236500231596,206.0,CD56_dim CD16+ NK,0.9708738
1618,20250114_WGS_20241218_sc_PICA0071-PICA0097_Pool_3_CGTAGCCCAGCGTGAG,3.340426445007324,2.698406052629122,3.138361792133758,0.0037401364295154968,0.02137127840322341,0.02094185818342999,410.0,Mixed,0.5829268
1624,20250114_WGS_20241218_sc_PICA0071-PICA0097_Pool_3_CGTGTCGAGGGAAATC,3.2530782222747803,2.1385683949811796,3.009628468474116,0.005784214410241273,0.029205687419419157,0.02867328731000921,372.0,CD56_dim CD16+ NK,0.67741936
1628,20250114_WGS_20241218_sc_PICA0071-PICA0097_Pool_3_CTACTACTCCCGCACT,3.338926315307617,3.065946983810558,3.461202722241968,1.5048132113135502e-05,0.00047209920205891026,0.0004548797166654546,454.0,Mixed,0.59911895
1629,20250114_WGS_20241218_sc_PICA0071-PICA0097_Pool_3_CTAGGAACACGCACGT,3.567525863647461,1.5441879539697854,-1.5121501859444528,0.006899780467028255,0.03322079050864875,0.03262277360863453,244.0,CD56_dim CD16+ NK,0.9918033
1630,20250114_WGS_20241218_sc_PICA0071-PICA0097_Pool_3_CTAGGTCAGCCAAACC,3.5073935985565186,1.0803468836842618,2.7222204519646502,0.020884697665690684,0.07243760445537137,0.07148064602400016,163.0,CD56_dim CD16+ NK,0.78527606
1640,20250114_WGS_20241218_sc_PICA0071-PICA0097_Pool_3_CTGGTCTGTCATTCCA,3.7400412559509277,10.86849216667231,3.4111435773319654,0.0021465758051703765,0.014368988656618701,0.014056422731219218,153.0,CD56_dim CD16+ NK,0.6862745
1642,20250114_WGS_20241218_sc_PICA0071-PICA0097_Pool_3_CTGTCATTCCATGGCG,3.6038100719451904,1.0553438166809634,3.058218986583702,0.00464195734680081,0.024901275216117028,0.024435292078964013,130.0,CD56_dim CD16+ NK,0.83076924
1643,20250114_WGS_20241218_sc_PICA0071-PICA0097_Pool_3_CTGTGCGAGCGAATGG,3.471303939819336,2.147204957473413,2.481808985035828,0.0267722984095124,0.08576712573401843,0.08468960059961181,292.0,CD56_dim CD16+ NK,0.7808219
1646,20250114_WGS_20241218_sc_PICA0071-PICA0097_Pool_3_CTTAAGCCACCTAACG,3.5846290588378906,1.2688319563335682,4.602623961221427,0.0003969397145709523,0.004448524605504494,0.004323740272031285,178.0,CD56_dim CD16+ NK,0.69101125
1647,20250114_WGS_20241218_sc_PICA0071-PICA0097_Pool_3_CTTAATTTCGGCGAAA,3.5098345279693604,2.1518938993198526,-2.098582910447615,0.0002785519853984859,0.0034838267435629592,0.0033824305970901864,305.0,CD56_dim CD16+ NK,0.98688525
1649,20250114_WGS_20241218_sc_PICA0071-PICA0097_Pool_3_CTTAGTACAAATTCCA,3.571370840072632,1.351626633950873,2.4495545402571692,0.02104742273541544,0.07281782604847938,0.07185596937292589,194.0,CD56_dim CD16+ NK,0.8041237
1653,20250114_WGS_20241218_sc_PICA0071-PICA0097_Pool_3_GCAGGCACACGATAGA,3.4996113777160645,1.5205320941748468,2.9560470431980095,0.016135767957440292,0.060415602489070436,0.05955868174300689,220.0,CD56_dim CD16+ NK,0.79545456
1659,20250114_WGS_20241218_sc_PICA0071-PICA0097_Pool_3_GCGATGTTCGGTGCAT,3.8025007247924805,0.8287556528846614,3.646053711089947,0.0030583948002046676,0.01855187634040405,0.018159921061213898,114.0,CD56_dim CD16+ NK,0.7105263
1660,20250114_WGS_20241218_sc_PICA0071-PICA0097_Pool_3_GCGCTACCACATTGGT,3.266505718231201,1.7975506676298263,-1.520045288171119,0.0030396692046787783,0.018483815639068302,0.018092577458129346,332.0,CD56_dim CD16+ NK,0.7921687
1664,20250114_WGS_20241218_sc_PICA0071-PICA0097_Pool_3_GGAAGCATCACCCAAA,3.674426317214966,2.8142084222970887,-3.5636314089185843,1.1035485495839548e-06,8.766981259638337e-05,8.366454654147238e-05,208.0,CD56_dim CD16+ NK,1.0
1665,20250114_WGS_20241218_sc_PICA0071-PICA0097_Pool_3_GGACAACCAAGTACGA,3.505504608154297,1.715051751787537,4.722449525505578,0.00018451854001714995,0.002572756542015998,0.0024947472908103743,229.0,CD56_dim CD16+ NK,0.6724891
1667,20250114_WGS_20241218_sc_PICA0071-PICA0097_Pool_3_GGACGGAGTATCTCAT,3.564242124557495,2.3619220572340685,-1.7966270127720927,0.003488728365115583,0.020456823288543816,0.020042189398647298,306.0,CD56_dim CD16+ NK,0.70261437
1669,20250114_WGS_20241218_sc_PICA0071-PICA0097_Pool_3_GGAGCTAAGAGCATTT,3.2732017040252686,2.515136756776288,4.320158930103657,8.046192290388484e-05,0.0014422850256496438,0.0013935803751643524,328.0,CD56_dim CD16+ NK,0.73170733
1675,20250114_WGS_20241218_sc_PICA0071-PICA0097_Pool_3_GGCAATTGTGGATGGG,3.62430739402771,1.6871844644974745,2.7436663142676863,0.007609089229770507,0.03566220176062518,0.03503757518320036,216.0,CD56_dim CD16+ NK,0.7453704
1676,20250114_WGS_20241218_sc_PICA0071-PICA0097_Pool_3_GGCCTCTTCGCGCATG,3.6284611225128174,11.96486728099821,-1.6560211868957935,1.762608599869851e-05,0.0005198639915364641,0.0005002919936319348,365.0,CD56_dim CD16+ NK,0.9890411
1683,20250114_WGS_20241218_sc_PICA0071-PICA0097_Pool_3_GGTAGGGGTGCCCGTC,3.553968667984009,1.2560945636682526,-2.8710479631142203,0.0007281414645804763,0.006747809564988026,0.006573064982432782,207.0,CD56_dim CD16+ NK,0.8937198
1686,20250114_WGS_20241218_sc_PICA0071-PICA0097_Pool_3_GGTTCAGGTCCAGAAT,3.3795104026794434,1.844635194733149,4.169704323862716,1.9929180840586706e-05,0.000567405666071155,0.0005461450690568837,303.0,CD56_dim CD16+ NK,0.7293729
1687,20250114_WGS_20241218_sc_PICA0071-PICA0097_Pool_3_GGTTCCCTCCTCGAAA,3.508446216583252,21.190064837257502,1.597538607658035,0.008677668450651356,0.03877657226961214,0.03813279601660088,272.0,CD56_dim CD16+ NK,0.9852941
1689,20250114_WGS_20241218_sc_PICA0071-PICA0097_Pool_3_GGTTTCCGTACATCTT,3.20780086517334,2.8116701578234506,4.37192642921298,0.00033286403906349727,0.0039269983818137864,0.0038144056691952763,546.0,CD56_dim CD16+ NK,0.75091577
1691,20250114_WGS_20241218_sc_PICA0071-PICA0097_Pool_3_GTACATCCAAATGACG,3.369969606399536,1.455729539031651,1.6509979881041927,0.004669145592017008,0.024984113648538593,0.024517566750760455,254.0,CD56_dim CD16+ NK,0.96850395
1693,20250114_WGS_20241218_sc_PICA0071-PICA0097_Pool_3_GTACCTTTCGGGTATC,3.4950098991394043,2.4357236972336085,1.2945924429535343,0.01629709075840784,0.06081160646252865,0.059955251515931965,310.0,CD56_dim CD16+ NK,0.9935484
1694,20250114_WGS_20241218_sc_PICA0071-PICA0097_Pool_3_GTAGACGAGCAAAGTA,3.565969467163086,1.0162220934919823,1.6421545712860648,0.02121357857437047,0.07310050062031029,0.07213817563222742,178.0,CD56_dim CD16+ NK,1.0
1710,20250114_WGS_20241218_sc_PICA0071-PICA0097_Pool_3_GTTAATCAGCGAGTAG,4.040939807891846,1.1536235159014026,2.0331649877566074,0.0006235796869771446,0.006082062867734507,0.005918572095467037,169.0,CD56_dim CD16+ NK,0.8994083
1712,20250114_WGS_20241218_sc_PICA0071-PICA0097_Pool_3_GTTATGTAGCGATGAG,3.3046274185180664,3.1557430638606196,4.059299697018183,0.0004039574281126122,0.004481288991370881,0.0043555822677835455,397.0,CD56_dim CD16+ NK,0.71032745
1713,20250114_WGS_20241218_sc_PICA0071-PICA0097_Pool_3_GTTGCCACACATACCG,4.224942207336426,0.9897307615577897,-1.4351144971852179,0.016048937202974334,0.060204904945354215,0.059351436667634073,158.0,CD56_dim CD16+ NK,0.79113925
1717,20250114_WGS_20241218_sc_PICA0071-PICA0097_Pool_4_AAATGGTCACAACTCG,3.655478000640869,1.612071424109489,-1.3754402688114897,0.022040827028261937,0.0747672820438734,0.07379250834879758,218.0,CD56_dim CD16+ NK,0.9174312
1738,20250114_WGS_20241218_sc_PICA0071-PICA0097_Pool_4_ACGGACGCACTAACTA,3.641606569290161,1.7791957689286693,-1.6482202957170475,0.008836433110265697,0.03935248759910822,0.03870565552118461,346.0,CD56_dim CD16+ NK,0.982659
1739,20250114_WGS_20241218_sc_PICA0071-PICA0097_Pool_4_ACGGATTGTGTGTGCA,3.468205690383911,2.921571456039535,-1.1087501561132733,0.020818667883475913,0.07234028124166533,0.07137080108704237,465.0,CD56_dim CD16+ NK,0.9892473
1740,20250114_WGS_20241218_sc_PICA0071-PICA0097_Pool_4_ACGGCAGCACCATTAA,3.1801259517669678,3.782129337491926,4.177956666853751,0.0004908219756198201,0.005116494478127881,0.004976027405113753,624.0,CD56_dim CD16+ NK,0.70352566
1744,20250114_WGS_20241218_sc_PICA0071-PICA0097_Pool_4_ACGTTTACACTCCGAA,3.705481767654419,1.251413486285055,-1.5268091414187164,0.012275745174653824,0.049459454280374154,0.04871612172579822,160.0,CD56_dim CD16+ NK,0.99375
1746,20250114_WGS_20241218_sc_PICA0071-PICA0097_Pool_4_ACTATCGAGCGTTCCC,3.3399658203125,1.592996141652856,2.1312584541253465,0.00041192574546293265,0.004539016239994798,0.004411449826408179,277.0,CD56_dim CD16+ NK,1.0
1756,20250114_WGS_20241218_sc_PICA0071-PICA0097_Pool_4_AGAGATGGTGTAGCGC,3.2709171772003174,2.8230624959233923,1.619679718244314,0.004948909824249184,0.026098346187729504,0.02561244478158528,470.0,CD56_dim CD16+ NK,0.99787235
1757,20250114_WGS_20241218_sc_PICA0071-PICA0097_Pool_4_AGAGGGACAAATGACG,3.3516151905059814,2.153697905183493,3.771635820596658,0.00027988866173194685,0.0034838267435629592,0.0033824305970901864,287.0,CD56_dim CD16+ NK,0.73519164
1762,20250114_WGS_20241218_sc_PICA0071-PICA0097_Pool_4_AGCGGACAGAACCCCG,3.5414984226226807,1.678034852118667,-1.8429199397126226,0.0023778826969065026,0.015502662109348746,0.015164737079345089,230.0,CD56_dim CD16+ NK,0.9782609
1766,20250114_WGS_20241218_sc_PICA0071-PICA0097_Pool_4_AGCTTACCACTGGAGG,3.361252546310425,2.4648132072487705,-1.3273698463642154,0.00520929489798012,0.027117782330379814,0.026610765497651432,403.0,CD56_dim CD16+ NK,0.9677419
1769,20250114_WGS_20241218_sc_PICA0071-PICA0097_Pool_4_AGGCGCTGTAGCCTCT,3.6310737133026123,1.3198477346122501,-1.9375662661452706,0.0012672056790133707,0.009818115787295464,0.009583148298197966,210.0,CD56_dim CD16+ NK,0.9904762
1780,20250114_WGS_20241218_sc_PICA0071-PICA0097_Pool_4_ATAGTCGTCACGCCTC,3.4427998065948486,2.1821875127590946,-1.3117937329670488,0.01563960008456537,0.05893867652373888,0.0580932782039691,353.0,CD56_dim CD16+ NK,1.0
1781,20250114_WGS_20241218_sc_PICA0071-PICA0097_Pool_4_ATCGAGTGTATTGCGG,3.1457879543304443,2.7677827493521288,1.766782746368797,0.0010226097798462642,0.008486713514124304,0.008273703815030741,507.0,CD56_dim CD16+ NK,0.97633135
1782,20250114_WGS_20241218_sc_PICA0071-PICA0097_Pool_4_ATCGCCACAGCTATCG,3.3252620697021484,1.6719995431576258,-1.6377598472277193,0.016801081192871496,0.06210410912982255,0.06124652874481419,315.0,CD56_dim CD16+ NK,1.0
1783,20250114_WGS_20241218_sc_PICA0071-PICA0097_Pool_4_ATCGTGGGTCTACGGA,3.4939181804656982,1.8037795817923827,1.4361074297847853,0.014887964746536305,0.056801448767672014,0.05597665251157342,273.0,CD56_dim CD16+ NK,0.996337
1789,20250114_WGS_20241218_sc_PICA0071-PICA0097_Pool_4_ATTATCTTCGTGTACA,3.849238157272339,2.866551769927045,2.674273818022323,1.3754066133571547e-05,0.00044217993145486605,0.00042611731033721643,280.0,CD56_dim CD16+ NK,0.9714286
1790,20250114_WGS_20241218_sc_PICA0071-PICA0097_Pool_4_ATTCGATAGCCTAGCG,3.4334073066711426,3.133257400165323,-1.164053421678485,0.019460287259213973,0.06904513042550983,0.06811151776889261,292.0,CD56_dim CD16+ NK,0.99657536
1792,20250114_WGS_20241218_sc_PICA0071-PICA0097_Pool_4_ATTCTAGCAACAATGG,3.40657639503479,2.52727313255358,-2.2640827539011608,0.00010703890153590119,0.001757400365050271,0.0016996331866641098,436.0,CD56_dim CD16+ NK,0.9977064
1795,20250114_WGS_20241218_sc_PICA0071-PICA0097_Pool_4_CAAACGTGTATAGGCT,3.225165367126465,3.6558686259669813,-1.2549481661678448,0.01086688891277318,0.045421260824685304,0.04470555506558217,550.0,CD56_dim CD16+ NK,0.9818182
1796,20250114_WGS_20241218_sc_PICA0071-PICA0097_Pool_4_CAACTCCGTGCAATCG,3.4773924350738525,1.7724979566095505,3.871563850199931,0.002501085504025056,0.016113926291792563,0.01576068491440124,203.0,CD56_dim CD16+ NK,0.7389163
1797,20250114_WGS_20241218_sc_PICA0071-PICA0097_Pool_4_CAAGACCTCCGGCAAT,3.6137869358062744,12.470018313819613,2.3904925870516642,0.0026284890756615212,0.01670531992538171,0.016344016932474517,261.0,CD56_dim CD16+ NK,0.97318006
1800,20250114_WGS_20241218_sc_PICA0071-PICA0097_Pool_4_CAATATGGTGTACTCC,3.547450542449951,1.0553490305264805,1.8702397006959939,0.0026406125654990635,0.016750246231212854,0.016388535786194636,195.0,CD56_dim CD16+ NK,0.9846154
1804,20250114_WGS_20241218_sc_PICA0071-PICA0097_Pool_4_CACGTTCGTAGTCCGA,3.5467898845672607,3.139956780658964,-2.85292335963611,0.00024040594475391801,0.0031284530538584496,0.0030346368263535236,216.0,CD56_dim CD16+ NK,0.9027778
1806,20250114_WGS_20241218_sc_PICA0071-PICA0097_Pool_4_CAGCCCCGTCCGTTGT,3.556516170501709,1.1491073196048198,3.880021345161552,0.008062637710711732,0.03687327952099409,0.03624361567993011,169.0,CD56_dim CD16+ NK,0.7278106
1809,20250114_WGS_20241218_sc_PICA0071-PICA0097_Pool_4_CATCAGGGTGCCATAG,3.46863055229187,2.3918317059237983,-3.36492972035998,4.162212612030077e-06,0.00019223957999323416,0.00018437214744261693,305.0,CD56_dim CD16+ NK,1.0
1816,20250114_WGS_20241218_sc_PICA0071-PICA0097_Pool_4_CCAAGGGCACAGCGAG,4.698869705200195,11.123887268687643,-1.5669713194638732,0.008665232168538194,0.03876530521901442,0.03812346778778599,222.0,CD56_dim CD16+ NK,1.0
1817,20250114_WGS_20241218_sc_PICA0071-PICA0097_Pool_4_CCACATAAGCTCGAAC,3.1780014038085938,22.72288112643884,-1.385125926227717,0.00882083297155439,0.03930795392999325,0.03866107699679884,486.0,CD56_dim CD16+ NK,0.9958848
1818,20250114_WGS_20241218_sc_PICA0071-PICA0097_Pool_4_CCACATTTCGGACGTT,3.7189719676971436,1.1425399753977592,2.6070305249087933,1.300381492956336e-05,0.00042843003635828974,0.00041279915702845674,190.0,CD56_dim CD16+ NK,0.97894734
1819,20250114_WGS_20241218_sc_PICA0071-PICA0097_Pool_4_CCACCAACACTACATA,3.582249879837036,2.139460815373803,-3.3257419137079296,8.864456791213118e-06,0.00032952363717071855,0.00031746455612598163,253.0,CD56_dim CD16+ NK,0.99604744
1821,20250114_WGS_20241218_sc_PICA0071-PICA0097_Pool_4_CCATCGCTCGTTGCTT,3.2710840702056885,1.80802941976038,2.5980632129430346,1.0744238272001351e-07,1.7939235799573784e-05,1.7087982358652544e-05,338.0,CD56_dim CD16+ NK,0.9704142
1823,20250114_WGS_20241218_sc_PICA0071-PICA0097_Pool_4_CCCTAAGCAGGGATTA,3.830564022064209,1.6246753850655815,-2.3459531485226526,0.0011451379182848948,0.00917780168411163,0.008953700707262223,221.0,CD56_dim CD16+ NK,1.0
1830,20250114_WGS_20241218_sc_PICA0071-PICA0097_Pool_4_CCTCGTCAGCTGTATG,3.8652617931365967,1.4251064098824833,-2.3418115397624435,0.001954328317951343,0.013453590677944572,0.013157423443986446,145.0,CD56_dim CD16+ NK,1.0
1831,20250114_WGS_20241218_sc_PICA0071-PICA0097_Pool_4_CCTCTACCAAATTCCA,3.7096266746520996,0.8273913935620532,2.6474071472939116,0.0003132372149991556,0.003740242187826281,0.0036327160162563563,153.0,CD56_dim CD16+ NK,0.98039216
1832,20250114_WGS_20241218_sc_PICA0071-PICA0097_Pool_4_CCTGCGCGTACTCAGG,3.3382701873779297,2.157114500045661,2.2927875502670285,0.011350383591116746,0.046803109567221036,0.04608443236936349,312.0,CD56_dim CD16+ NK,0.6025641
1838,20250114_WGS_20241218_sc_PICA0071-PICA0097_Pool_4_CGAGCGTGTGGTCAAT,3.669142246246338,1.1052019570359817,-1.7944873540775743,0.002098980709710026,0.014157552150894703,0.013847214622250581,189.0,CD56_dim CD16+ NK,0.994709
1842,20250114_WGS_20241218_sc_PICA0071-PICA0097_Pool_4_CGCCATTGTCACTCCG,3.490497350692749,0.9424269369559988,-2.3964171723814527,0.001207150444639271,0.009503869197536173,0.009274708998603005,187.0,CD56_dim CD16+ NK,1.0
1843,20250114_WGS_20241218_sc_PICA0071-PICA0097_Pool_4_CGCGTATAGGTATGTT,3.3591418266296387,2.9450809492668633,1.2364573507635708,0.012303998350885118,0.04953276982205529,0.048787198685405035,481.0,CD56_dim CD16+ NK,0.8794179
1845,20250114_WGS_20241218_sc_PICA0071-PICA0097_Pool_4_CGGGAAATCCTAGTTC,3.4118239879608154,2.1660452067920266,-1.6125275301695665,0.0008656109924332413,0.00764765370982947,0.007450490767491091,326.0,CD56_dim CD16+ NK,0.9785276
1847,20250114_WGS_20241218_sc_PICA0071-PICA0097_Pool_4_CGGGTATTCAAGGGCA,3.289541482925415,3.5617234288314323,-3.14050231692077,6.873123760424127e-07,6.327770295695148e-05,6.020120334198323e-05,459.0,CD56_dim CD16+ NK,0.9259259
1854,20250114_WGS_20241218_sc_PICA0071-PICA0097_Pool_4_CGTTGCTGTGGGATAA,3.401949882507324,11.261175227739862,-2.1612640071872296,0.0007917293824042659,0.007201593856015166,0.007016005534313845,238.0,CD56_dim CD16+ NK,1.0
1855,20250114_WGS_20241218_sc_PICA0071-PICA0097_Pool_4_CTAATTCGTACAGCGC,3.656510353088379,1.152862489639336,-2.4923663269885488,0.00011243745951135858,0.0018217457461289367,0.0017624406842691586,189.0,CD56_dim CD16+ NK,0.8306878
1857,20250114_WGS_20241218_sc_PICA0071-PICA0097_Pool_4_CTAGTTGAGCGCATTA,3.425912857055664,1.7514829452605774,1.5164894146186414,0.005998233081793478,0.02993343165590048,0.029386341535696532,243.0,CD56_dim CD16+ NK,0.8559671
1859,20250114_WGS_20241218_sc_PICA0071-PICA0097_Pool_4_CTATCTTCAAGCATAG,3.4716413021087646,1.7585604235755807,4.627499419945592,0.0030568085036627103,0.01855187634040405,0.018159921061213898,226.0,Mixed,0.54867256
1861,20250114_WGS_20241218_sc_PICA0071-PICA0097_Pool_4_CTCGGCTTCCCAGAAC,3.3238518238067627,1.9528284442415798,2.703857202847095,1.4132866061364205e-05,0.000449106011517738,0.00043274083697539273,255.0,CD56_dim CD16+ NK,0.9764706
1872,20250114_WGS_20241218_sc_PICA0071-PICA0097_Pool_4_GCAATCGGTGTCGGCG,3.2840375900268555,2.855056967758423,-1.8493334087061875,0.0023652465148963062,0.015450957173901535,0.01511375186813017,337.0,CD56_dim CD16+ NK,1.0
1876,20250114_WGS_20241218_sc_PICA0071-PICA0097_Pool_4_GCATAGTGTCTAAGCG,3.3698112964630127,2.057227214728088,4.699245501722156,0.00018067126936289641,0.0025508876191621247,0.0024731402376386934,303.0,Mixed,0.5181518
1884,20250114_WGS_20241218_sc_PICA0071-PICA0097_Pool_4_GCGTCATAGACCCACG,3.6360206604003906,11.660485387117603,-2.676372746298654,0.00026517596220224804,0.003357645763051858,0.0032582850032970003,240.0,CD56_dim CD16+ NK,0.9875
1888,20250114_WGS_20241218_sc_PICA0071-PICA0097_Pool_4_GGACTGAAGATCCCAA,3.6526358127593994,1.7201617748784805,-3.1337931315304375,5.979178026770641e-05,0.0011851284253866718,0.00114394808045356,178.0,CD56_dim CD16+ NK,0.8820225
1889,20250114_WGS_20241218_sc_PICA0071-PICA0097_Pool_4_GGACTGCGTCCATTTG,3.2652249336242676,1.72942610146397,1.5435569106648759,0.005752164379202053,0.02912010410298417,0.028587478950376284,329.0,CD56_dim CD16+ NK,0.99696046
1895,20250114_WGS_20241218_sc_PICA0071-PICA0097_Pool_4_GGCTAGCGTGGTAGTT,3.6033036708831787,1.740436450431656,-2.1565275409977818,0.0010824051048855042,0.008870859141619884,0.008649549581933189,249.0,CD56_dim CD16+ NK,0.99598396
1899,20250114_WGS_20241218_sc_PICA0071-PICA0097_Pool_4_GGGTTCGTCAAGTCGC,4.289947032928467,11.463720351270114,-1.429296241563096,0.015720092034581808,0.059174102649088796,0.05833400506329422,229.0,CD56_dim CD16+ NK,0.8427948
1904,20250114_WGS_20241218_sc_PICA0071-PICA0097_Pool_4_GTAATTGGTCGCACCC,3.378157615661621,12.171409184174943,-2.2294709475813987,0.0002274629249672296,0.0029996482916361165,0.0029090555818771504,346.0,CD56_dim CD16+ NK,0.982659
1905,20250114_WGS_20241218_sc_PICA0071-PICA0097_Pool_4_GTCCAGTAGAAACGCG,3.597367525100708,1.2009312109873955,-1.4259219205737763,0.019042122510545222,0.0680638421086288,0.06713218627467052,197.0,CD56_dim CD16+ NK,0.97461927
1906,20250114_WGS_20241218_sc_PICA0071-PICA0097_Pool_4_GTCCTTAGTCGACTTC,3.6136906147003174,1.3290148541990308,-2.1827139039915897,0.010867467799985925,0.045421260824685304,0.04470555506558217,183.0,CD56_dim CD16+ NK,0.9781421
1912,20250114_WGS_20241218_sc_PICA0071-PICA0097_Pool_4_GTTACCGCAGCGGGTA,3.428475856781006,2.6321903740599026,-1.5088077243759586,0.010418945112756692,0.044215693618655,0.04351027065073255,425.0,CD56_dim CD16+ NK,0.99764705
1914,20250114_WGS_20241218_sc_PICA0071-PICA0097_Pool_4_GTTAGCGGTCTACTAT,3.6426918506622314,2.9403507070217647,-4.1236729035198545,5.0075660637061085e-08,1.065413171372669e-05,1.0183293271624468e-05,309.0,CD56_dim CD16+ NK,1.0
1915,20250114_WGS_20241218_sc_PICA0071-PICA0097_Pool_4_GTTCATCTCAGTTGTG,3.163248062133789,14.64092033585899,1.937935487519198,3.1966968765174104e-05,0.0007892396223201255,0.0007610472273231113,742.0,CD56_dim CD16+ NK,0.9663073
1917,20250114_WGS_20241218_sc_PICA0071-PICA0097_Pool_7_AACAGGTAGCTGATTG,3.748133420944214,1.3542052083317688,-1.5549100261588344,0.010508672827285162,0.044525133772725226,0.043816200022907134,238.0,CD56_dim CD16+ NK,1.0
1918,20250114_WGS_20241218_sc_PICA0071-PICA0097_Pool_7_AACCCCGAGATGGGAT,3.405240774154663,1.9731024247464255,-1.1583951095389886,0.015220534150624902,0.0578239421202491,0.05698447062935919,356.0,CD56_dim CD16+ NK,0.9803371
1927,20250114_WGS_20241218_sc_PICA0071-PICA0097_Pool_7_AAGGCCGCAGTACATC,3.703615427017212,1.4533743774903298,-1.5003115693666,0.009281460691249589,0.040726703176176514,0.040058245100669576,276.0,CD56_dim CD16+ NK,1.0
1928,20250114_WGS_20241218_sc_PICA0071-PICA0097_Pool_7_AAGGCTCTCCATGGCG,3.6047797203063965,1.2573547452435438,-3.028642144627363,2.213876095386486e-05,0.0005991454235069305,0.0005769707781958784,176.0,CD56_dim CD16+ NK,0.9943182
1943,20250114_WGS_20241218_sc_PICA0071-PICA0097_Pool_7_AATTGGGCAGGGTCTC,3.633589744567871,1.773520421126645,-1.1535936889053633,0.027135776657240363,0.08656558803448018,0.08547441964520396,311.0,CD56_dim CD16+ NK,1.0
1948,20250114_WGS_20241218_sc_PICA0071-PICA0097_Pool_7_ACAGAAGGTCCCTTGG,3.5358564853668213,1.8507951559211935,-3.1577007773806622,3.281283043958949e-06,0.00017292483401239072,0.00016574370543487457,261.0,CD56_dim CD16+ NK,0.99616855
1949,20250114_WGS_20241218_sc_PICA0071-PICA0097_Pool_7_ACAGCACTCCTTGTAC,3.415665864944458,3.094581714666442,-1.9200273450749803,0.003218461551903078,0.01929573822302015,0.018894828949478474,370.0,CD56_dim CD16+ NK,1.0
1954,20250114_WGS_20241218_sc_PICA0071-PICA0097_Pool_7_ACAGGGTCAACCATCG,3.371913194656372,2.6152989378360463,-3.2557266266070037,1.4766594709217443e-07,2.0780817782928717e-05,1.977720201860042e-05,404.0,CD56_dim CD16+ NK,1.0
1955,20250114_WGS_20241218_sc_PICA0071-PICA0097_Pool_7_ACATACGTCCACCATT,3.722878932952881,11.852293604857328,-2.145984989191452,0.00041682957596915357,0.004562018453549207,0.004433994544151343,242.0,CD56_dim CD16+ NK,0.9958678
1956,20250114_WGS_20241218_sc_PICA0071-PICA0097_Pool_7_ACATGCCAGGTTATCG,3.9953906536102295,22.872842957926697,2.300249765839882,3.625466602187724e-05,0.0008647571791319919,0.0008338042324854324,267.0,CD56_dim CD16+ KLRC2+ NK,0.9625468
1961,20250114_WGS_20241218_sc_PICA0071-PICA0097_Pool_7_ACCACGAGTGCCTGGG,3.440232038497925,1.5138682927985379,1.5886865110435295,0.004273174690740117,0.02349053787861657,0.023034339270943744,268.0,CD56_dim CD16+ NK,1.0
1965,20250114_WGS_20241218_sc_PICA0071-PICA0097_Pool_7_ACCTTAGAGAAACGCG,3.7893850803375244,0.9889887077633949,-1.722842034952299,0.014722834015234006,0.056317406049162966,0.055499346041991506,172.0,CD56_dim CD16+ NK,0.9883721
1967,20250114_WGS_20241218_sc_PICA0071-PICA0097_Pool_7_ACGCCACCAGGCAATA,4.342721939086914,1.1865626896593313,-1.9704394058979982,0.0019116048664717389,0.013177900307636879,0.012887044924999227,170.0,CD56_dim CD16+ NK,0.9
1970,20250114_WGS_20241218_sc_PICA0071-PICA0097_Pool_7_ACGGCAGCAAACTCAC,3.973571300506592,0.7832694610057207,-1.874438714637599,0.028628663841840297,0.09004500878223778,0.08893986402382302,143.0,CD56_dim CD16+ NK,0.993007
1973,20250114_WGS_20241218_sc_PICA0071-PICA0097_Pool_7_ACTGCAATCGGTATTG,3.263592004776001,2.1135972716610016,-1.5580815773775014,0.003523094060926147,0.020548253164110998,0.020130142575243065,376.0,CD56_dim CD16+ NK,0.9893617
1977,20250114_WGS_20241218_sc_PICA0071-PICA0097_Pool_7_AGAATTGAGCATCGCG,4.190469264984131,0.9190412983178646,-1.8069147650566493,0.0075817076389209995,0.03559933362774583,0.03497650460259977,137.0,CD56_dim CD16+ NK,1.0
1979,20250114_WGS_20241218_sc_PICA0071-PICA0097_Pool_7_AGAGGGTGTATCTCAT,3.707092761993408,6.399945556672757,-1.8833037464227056,0.02135345306777647,0.07330516893651827,0.07234153454153941,191.0,CD56_dim CD16+ NK,0.9947644
1981,20250114_WGS_20241218_sc_PICA0071-PICA0097_Pool_7_AGCTGTGGTGTATCGG,3.7261950969696045,1.1035355098958712,-1.84528184600541,0.0017506293430145012,0.012388972455485526,0.012112332978143795,184.0,CD56_dim CD16+ NK,0.9836956
1985,20250114_WGS_20241218_sc_PICA0071-PICA0097_Pool_7_AGGAGCCAGCGTGAGA,3.42995548248291,2.0210583300819462,-1.1860068406145545,0.0152844186359066,0.05802189132266509,0.057178605456991584,334.0,CD56_dim CD16+ NK,1.0
1987,20250114_WGS_20241218_sc_PICA0071-PICA0097_Pool_7_AGGCTGTTCATTAACA,3.4916224479675293,1.8099335547159647,-1.5779949249965157,0.010353122316408902,0.044055554185289024,0.04335330235285331,325.0,CD56_dim CD16+ NK,0.9938462
1988,20250114_WGS_20241218_sc_PICA0071-PICA0097_Pool_7_AGGGGATGTGTAGCGC,4.013571739196777,1.493046725585758,-1.5886653162943734,0.004658135821584224,0.024952308851781506,0.024487011610126078,229.0,CD56_dim CD16+ NK,0.95633185
1990,20250114_WGS_20241218_sc_PICA0071-PICA0097_Pool_7_AGGGTGCAGATCGACC,3.6061856746673584,2.3663167003143233,-2.099285444874936,0.0013093983995876592,0.010045859528300647,0.009806043768888922,175.0,CD56_dim CD16+ NK,1.0
1992,20250114_WGS_20241218_sc_PICA0071-PICA0097_Pool_7_AGTACGACAACCTCAG,3.1479737758636475,11.749735846476227,-1.419589638513742,0.0046427090374353665,0.024901275216117028,0.024435292078964013,351.0,CD56_dim CD16+ NK,0.9430199
2000,20250114_WGS_20241218_sc_PICA0071-PICA0097_Pool_7_ATACAAGAGAGAAGGA,3.9571375846862793,31.127716762983333,-1.9820347036669794,0.012259086522773865,0.04945301447004314,0.048706868142198635,240.0,CD56_dim CD16+ KLRC2+ NK,0.925
2001,20250114_WGS_20241218_sc_PICA0071-PICA0097_Pool_7_ATACTAGGTGGGGCTT,3.549060821533203,1.3485395714234394,-1.904394482080456,0.0013928281104306716,0.010511276926518865,0.010262662617579828,230.0,CD56_dim CD16+ NK,0.99130434
2002,20250114_WGS_20241218_sc_PICA0071-PICA0097_Pool_7_ATAGGCTGTGCCATAG,3.460508108139038,1.1655882555784634,-1.8325473378206685,0.004269056970509083,0.02349053787861657,0.023034339270943744,214.0,CD56_dim CD16+ NK,0.9953271
2003,20250114_WGS_20241218_sc_PICA0071-PICA0097_Pool_7_ATAGTGTTCCTCCTCT,3.6781439781188965,2.031377944989517,-1.75622004715493,0.013084361766272591,0.05184675033879415,0.05108384287433131,213.0,CD56_dim CD16+ NK,0.9624413
2008,20250114_WGS_20241218_sc_PICA0071-PICA0097_Pool_7_ATCGTACCAATTCATG,3.7611241340637207,1.1626479503057214,-1.7036183595913201,0.01143897849682974,0.0470347696528286,0.046312283567736846,229.0,CD56_dim CD16+ NK,1.0
2011,20250114_WGS_20241218_sc_PICA0071-PICA0097_Pool_7_ATGAAAGTCCGAAACC,3.336390972137451,1.719268235633155,-3.0036536728772525,4.101180409005014e-05,0.000941741916296233,0.0009082795708884078,327.0,CD56_dim CD16+ NK,1.0
2012,20250114_WGS_20241218_sc_PICA0071-PICA0097_Pool_7_ATGAGGTAGCGAAACG,3.4997498989105225,1.0660585340401838,-2.0992673349964712,0.010582097363819775,0.044663342386884575,0.04395584116915403,223.0,CD56_dim CD16+ NK,0.9910314
2015,20250114_WGS_20241218_sc_PICA0071-PICA0097_Pool_7_ATGGAGAGTAAGGAAT,3.47251296043396,1.2188315543390105,-1.586142777005016,0.006470175918748357,0.03178937804268831,0.031211638284734118,223.0,CD56_dim CD16+ NK,0.9910314
2019,20250114_WGS_20241218_sc_PICA0071-PICA0097_Pool_7_ATGTGTCCAGGTTACT,4.51209020614624,11.037821265186192,-1.8062987572687417,0.003867185419730481,0.02190663805046864,0.021472289723065367,192.0,CD56_dim CD16+ NK,0.875
2020,20250114_WGS_20241218_sc_PICA0071-PICA0097_Pool_7_ATGTTCTGTATCAGGT,3.3485734462738037,2.428947850542354,-2.927179882717034,1.928613231309952e-06,0.0001241749604028388,0.00011870395214961889,452.0,CD56_dim CD16+ NK,0.99557525
2022,20250114_WGS_20241218_sc_PICA0071-PICA0097_Pool_7_ATTATCGCAGTCCGTA,3.752798318862915,1.9708527160734932,-1.4743405765715727,0.0038303958405012904,0.021760801283032417,0.02132490151549436,289.0,CD56_dim CD16+ NK,0.9619377
2024,20250114_WGS_20241218_sc_PICA0071-PICA0097_Pool_7_ATTGACCCAAACGCAA,3.6001429557800293,0.8714320524137438,-1.6253317987157272,0.0117336395708639,0.04790223100397028,0.04716833251317547,141.0,CD56_dim CD16+ NK,0.9858156
2025,20250114_WGS_20241218_sc_PICA0071-PICA0097_Pool_7_ATTGCATAGGTTAGGG,3.584324359893799,2.131338868494171,-1.3425236104274794,0.0034281547820743364,0.0202096740036208,0.019800031059471555,322.0,CD56_dim CD16+ NK,0.9409938
2027,20250114_WGS_20241218_sc_PICA0071-PICA0097_Pool_7_ATTGTGGTCCGTAACA,4.01284122467041,1.2117093570643236,-1.740858283417499,0.0029427284120188487,0.0180503222831866,0.017669191766013222,210.0,CD56_dim CD16+ NK,0.9238095
2030,20250114_WGS_20241218_sc_PICA0071-PICA0097_Pool_7_CAAATGTTCATGTGGC,3.4575748443603516,1.5756173598158658,-2.1174605431437565,0.000417254961592512,0.004562018453549207,0.004433994544151343,224.0,CD56_dim CD16+ NK,0.99553573
2031,20250114_WGS_20241218_sc_PICA0071-PICA0097_Pool_7_CAACCGTAGACGATGG,3.524500608444214,1.992406877266698,-1.5235428276264265,0.01705435813912972,0.06282815333903025,0.06196226338649151,250.0,CD56_dim CD16+ NK,1.0
2034,20250114_WGS_20241218_sc_PICA0071-PICA0097_Pool_7_CAACTTACACTAAAGG,3.798163890838623,2.84002468193448,-2.3742077547648663,0.0024066603362887097,0.01564748929479598,0.015307473189253672,166.0,CD56_dim CD16+ NK,1.0
2037,20250114_WGS_20241218_sc_PICA0071-PICA0097_Pool_7_CAATTGGTCCATTCTA,3.5889577865600586,1.0820595487878246,-1.5234540263444352,0.029769798220946327,0.09245343072967914,0.09133864605595717,193.0,CD56_dim CD16+ NK,0.9948186
2038,20250114_WGS_20241218_sc_PICA0071-PICA0097_Pool_7_CACCATTTCATTGCTC,3.6547369956970215,1.5125690615772063,-2.0636068239745895,0.0010982054573117211,0.008970499137626672,0.008747807409591935,222.0,CD56_dim CD16+ NK,0.9954955
2043,20250114_WGS_20241218_sc_PICA0071-PICA0097_Pool_7_CAGGGTAAGAGCTTAT,3.740704298019409,0.9955391546916279,-1.4573535619699003,0.014208355141840717,0.05497506146986367,0.054177708750015,173.0,CD56_dim CD16+ NK,0.90751445
2045,20250114_WGS_20241218_sc_PICA0071-PICA0097_Pool_7_CATAACCCACGCACTA,3.6571810245513916,1.949811816590744,-1.1508565753963351,0.028110298987053688,0.08884990311684147,0.08775844564001775,291.0,CD56_dim CD16+ NK,0.9896907
2051,20250114_WGS_20241218_sc_PICA0071-PICA0097_Pool_7_CATTAGCCAGTGGGAT,4.414851188659668,1.1477868820781514,1.3696268616278036,0.02247393830341134,0.07574093952340236,0.0747650417070112,142.0,CD56_dim CD16+ NK,0.90140843
2065,20250114_WGS_20241218_sc_PICA0071-PICA0097_Pool_7_CCATTTCAGCAGTCCG,3.4728238582611084,1.7162332058920349,-2.43887740504686,3.0452677152381126e-06,0.0001657996363660366,0.00015879856686378674,314.0,CD56_dim CD16+ NK,1.0
2068,20250114_WGS_20241218_sc_PICA0071-PICA0097_Pool_7_CCGTCTGGTGTAAGTC,3.394426107406616,3.0462305016660425,-1.293977290094801,0.004493748891521245,0.02436319225667352,0.023902818580350087,526.0,CD56_dim CD16+ NK,0.9961977
2070,20250114_WGS_20241218_sc_PICA0071-PICA0097_Pool_7_CCGTTTAGTGCACTCT,3.2715981006622314,3.077646342051553,-1.3826595548904044,0.016712235271895904,0.06186855680700735,0.06101368521445174,558.0,CD56_dim CD16+ NK,1.0
2078,20250114_WGS_20241218_sc_PICA0071-PICA0097_Pool_7_CCTTCATAGATCCGAC,3.474236249923706,2.198934274178348,-1.6119616772182888,0.0018042316045333389,0.012668200667325675,0.012386621891787407,401.0,CD56_dim CD16+ NK,0.99501246
2082,20250114_WGS_20241218_sc_PICA0071-PICA0097_Pool_7_CGAAGCAAGCTGATTG,3.0346312522888184,7.291786922411079,-1.7230629754988431,6.396393289248993e-05,0.0012313181775358399,0.0011889733012641918,1086.0,CD56_dim CD16+ NK,1.0
2085,20250114_WGS_20241218_sc_PICA0071-PICA0097_Pool_7_CGATCGGTCCACTCCA,3.3340954780578613,2.1845030309576856,-1.7810589961364651,0.0021945942733602288,0.014617273960021375,0.014297036522713467,294.0,CD56_dim CD16+ NK,1.0
2089,20250114_WGS_20241218_sc_PICA0071-PICA0097_Pool_7_CGCAGTCCAACTGGAA,3.6102828979492188,3.4578854120992712,-1.56766013519566,0.0009271491095152366,0.007990678808254239,0.007789269857239024,363.0,CD56_dim CD16+ NK,0.9834711
2092,20250114_WGS_20241218_sc_PICA0071-PICA0097_Pool_7_CGCTAAATCCCGCACT,4.266696453094482,3.041187861648246,-1.8021803225562076,0.005617577157095985,0.028672928795104947,0.028144876952766934,182.0,CD56_dim CD16+ NK,0.98351645
2093,20250114_WGS_20241218_sc_PICA0071-PICA0097_Pool_7_CGGAATCTCCATCGGG,3.8317205905914307,0.9367547306352648,-1.751264870688727,0.007917344002776732,0.03646271892068891,0.03582789774908374,164.0,CD56_dim CD16+ NK,0.9878049
2094,20250114_WGS_20241218_sc_PICA0071-PICA0097_Pool_7_CGGATAGAGAGGCCAA,3.4100093841552734,2.4343153534504376,-1.3508238149939515,0.023688593366385537,0.07856600083649248,0.07755660672581277,309.0,CD56_dim CD16+ NK,1.0
2095,20250114_WGS_20241218_sc_PICA0071-PICA0097_Pool_7_CGGCGTATCCCACTTG,3.3570914268493652,11.082048146518442,-2.7138129186174953,2.2100062932279032e-05,0.0005991454235069305,0.0005769707781958784,230.0,CD56_dim CD16+ NK,1.0
2098,20250114_WGS_20241218_sc_PICA0071-PICA0097_Pool_7_CGGTTAGGTAACATGC,3.349978446960449,12.546447010313111,1.810309983601583,0.0005997162238304211,0.005925581264747722,0.005764153615630885,448.0,CD56_dim CD16+ NK,0.95535713
2100,20250114_WGS_20241218_sc_PICA0071-PICA0097_Pool_7_CGTTGTAAGACTCGAC,3.3807709217071533,3.009950404107788,-1.0545267497742072,0.02163034612587144,0.07393887655774,0.07296683583472434,453.0,CD56_dim CD16+ NK,0.9977925
2101,20250114_WGS_20241218_sc_PICA0071-PICA0097_Pool_7_CGTTTAGAGCCGACAT,3.5616955757141113,0.9858762084400832,-1.730844462612056,0.013593073505344427,0.05311597267003092,0.052336717697463994,164.0,CD56_dim CD16+ NK,0.98170733
2105,20250114_WGS_20241218_sc_PICA0071-PICA0097_Pool_7_CTAATCTGTCCTGCGC,3.215916872024536,23.236012645143813,-1.2464836856839308,0.0026761091248186856,0.01692063606456282,0.016553671293367118,640.0,CD56_dim CD16+ NK,0.99375
2111,20250114_WGS_20241218_sc_PICA0071-PICA0097_Pool_7_CTATAATCACCGCTAA,3.2597591876983643,1.8958147847087097,1.1505385169621707,0.012123863697302322,0.04898776918873059,0.04824708903685184,317.0,CD56_dim CD16+ NK,0.98107255
2120,20250114_WGS_20241218_sc_PICA0071-PICA0097_Pool_7_CTGGATGGTGGTGCGT,3.4794728755950928,1.0167859892951978,-2.0155357292553604,0.004278040983813544,0.023504172744867383,0.02304774705933539,205.0,CD56_dim CD16+ NK,0.9512195
2127,20250114_WGS_20241218_sc_PICA0071-PICA0097_Pool_7_CTTCTCTGTGGGGTAG,3.749659299850464,0.9446073570944635,-1.9562994303066086,0.007921237775548881,0.036463604358379455,0.035829988037488374,173.0,CD56_dim CD16+ NK,1.0
2129,20250114_WGS_20241218_sc_PICA0071-PICA0097_Pool_7_CTTGTCTAGCCCTAGG,3.4334657192230225,1.3110237996372418,-1.5011551952408337,0.005992590212300559,0.02993343165590048,0.029386341535696532,250.0,CD56_dim CD16+ NK,0.996
2131,20250114_WGS_20241218_sc_PICA0071-PICA0097_Pool_7_GCAACGTTCAGTGGCT,3.3906638622283936,2.494892932981018,-2.0221329476532697,0.00010237459962195671,0.0016977982843028544,0.0016414264316992283,425.0,CD56_dim CD16+ NK,0.96235293
2142,20250114_WGS_20241218_sc_PICA0071-PICA0097_Pool_7_GCTAGTGGTCTGCAAG,3.3392574787139893,3.7123561387844255,-1.6489408326400814,0.0002970045876021349,0.0036120891265044824,0.003506962623530942,546.0,CD56_dim CD16+ NK,1.0
2144,20250114_WGS_20241218_sc_PICA0071-PICA0097_Pool_7_GCTTCTGTCAGCTGTA,3.6289336681365967,1.0949709648335326,-2.0595236944053616,0.0038377938923652376,0.021790263765815537,0.021354322695517847,206.0,CD56_dim CD16+ NK,0.9951456
2145,20250114_WGS_20241218_sc_PICA0071-PICA0097_Pool_7_GGAAGCTCAGTAGTAG,3.700923442840576,1.2199030443658812,-3.0687779977621363,0.00010630968739145147,0.0017515377920725515,0.0016939758565743227,218.0,CD56_dim CD16+ NK,1.0
2146,20250114_WGS_20241218_sc_PICA0071-PICA0097_Pool_7_GGACGCTGTCCGAAAT,3.7480766773223877,1.1721964837768104,-2.566434988459418,0.00036134159976641014,0.004158383293573489,0.0040400815294694995,199.0,CD56_dim CD16+ NK,0.99497485
2148,20250114_WGS_20241218_sc_PICA0071-PICA0097_Pool_7_GGAGATTAGGGACGAC,3.5884859561920166,1.1785009997539517,-1.7146422793624347,0.016444435287617458,0.061222272115767036,0.06036570261444016,227.0,CD56_dim CD16+ NK,0.98678416
2151,20250114_WGS_20241218_sc_PICA0071-PICA0097_Pool_7_GGATTTAGTGGCGATC,3.4026620388031006,2.6270351452194163,1.565391262165533,0.016078619608379936,0.06027194854833465,0.059417410879394186,219.0,CD56_dim CD16+ NK,0.9954338
2157,20250114_WGS_20241218_sc_PICA0071-PICA0097_Pool_7_GGCTAACTCACTCACT,3.444718837738037,1.0597603457093894,-1.8866182984922244,0.006947939083949763,0.033403683707168924,0.03280298558515692,202.0,CD56_dim CD16+ NK,1.0
2159,20250114_WGS_20241218_sc_PICA0071-PICA0097_Pool_7_GGGCAATCACTGCAAT,3.998337745666504,1.5229229711176986,-1.5910197137556417,0.0012078818632946188,0.009503869197536173,0.009274708998603005,250.0,CD56_dim CD16+ NK,0.98
2160,20250114_WGS_20241218_sc_PICA0071-PICA0097_Pool_7_GGGCATTTCAACTCTC,3.9295411109924316,1.4256966982504466,-1.3009720176767887,0.017383711704920358,0.0637553775149555,0.06288045878304002,256.0,CD56_dim CD16+ NK,0.9921875
2163,20250114_WGS_20241218_sc_PICA0071-PICA0097_Pool_7_GGGGATGGTATCTGTT,3.2651736736297607,2.827287942207211,-1.031967357774346,0.0267672235913633,0.08576712573401843,0.08468960059961181,481.0,CD56_dim CD16+ NK,0.987526
2165,20250114_WGS_20241218_sc_PICA0071-PICA0097_Pool_7_GGGGTCTGTACAAGTC,3.5387356281280518,1.4186584505617166,-1.7294262634824216,0.005790918010324166,0.029224556003946394,0.02869208299512653,252.0,CD56_dim CD16+ NK,0.99603176
2168,20250114_WGS_20241218_sc_PICA0071-PICA0097_Pool_7_GGTACTATCATAATGC,3.353288173675537,1.157855307491547,-1.5321776714671511,0.006618278470751372,0.032227711920599,0.03163969536629123,210.0,CD56_dim CD16+ NK,1.0
2170,20250114_WGS_20241218_sc_PICA0071-PICA0097_Pool_7_GGTCAGCGTCAATCGG,3.674128532409668,1.2352635418217253,-1.2565006232659115,0.010961737485708549,0.045678543135243194,0.04496152990239081,211.0,CD56_dim CD16+ NK,0.9620853
2172,20250114_WGS_20241218_sc_PICA0071-PICA0097_Pool_7_GGTTATAGTAATCTTC,3.826514959335327,1.8129400076338538,-2.238579423052116,0.00012009279373347272,0.0019005392567719558,0.0018389500966073267,244.0,CD56_dim CD16+ NK,0.9795082
2173,20250114_WGS_20241218_sc_PICA0071-PICA0097_Pool_7_GGTTCCGAGACGTTAT,4.02907657623291,1.278016695183109,-1.7349023472130012,0.0014865755121317755,0.011013043202621064,0.01075603065266646,199.0,CD56_dim CD16+ NK,0.83919597
2175,20250114_WGS_20241218_sc_PICA0071-PICA0097_Pool_7_GTACTCCGTCCTATTG,3.3050105571746826,2.340487336294439,-1.741844093560351,0.0034708463311157243,0.02038837639106798,0.019975231503815,419.0,CD56_dim CD16+ NK,1.0
2177,20250114_WGS_20241218_sc_PICA0071-PICA0097_Pool_7_GTATACTAGCCCTTGC,4.544065475463867,1.729119784808543,-1.8660363256568084,0.013111434146716752,0.05191347981483389,0.0511543782531554,122.0,CD56_dim CD16+ NK,0.9836066
2180,20250114_WGS_20241218_sc_PICA0071-PICA0097_Pool_7_GTATTAATCGTGTAGC,4.351635932922363,14.145034890097909,-1.0524183041300896,0.030898808178371838,0.09469727623132057,0.09357888096975878,446.0,CD56_dim CD16+ NK,0.9955157
2182,20250114_WGS_20241218_sc_PICA0071-PICA0097_Pool_7_GTCAAGCTCCCTGACC,3.6615488529205322,0.6131111188210157,-2.302149816769853,0.008283452129202158,0.03751063976733305,0.03688374331775069,113.0,CD56_dim CD16+ NK,1.0
2184,20250114_WGS_20241218_sc_PICA0071-PICA0097_Pool_7_GTCCAGTAGACATATC,3.716482639312744,1.0099492233574223,-1.7861097279052618,0.005994467223977428,0.02993343165590048,0.029386341535696532,187.0,CD56_dim CD16+ NK,0.9946524
2185,20250114_WGS_20241218_sc_PICA0071-PICA0097_Pool_7_GTCCATTTCAGTACTG,3.3537070751190186,3.170353030184987,-2.130700457982654,9.132703747161007e-05,0.0015692285279811473,0.0015162747575491987,504.0,CD56_dim CD16+ NK,0.99603176
2187,20250114_WGS_20241218_sc_PICA0071-PICA0097_Pool_7_GTCGCACCACAATACC,3.5685083866119385,3.6581835214650047,-1.5510934233652245,0.017204955202178074,0.06326465610177537,0.06239612872957756,264.0,CD56_dim CD16+ NK,0.9848485
2190,20250114_WGS_20241218_sc_PICA0071-PICA0097_Pool_7_GTCTCTGTCCACCCAC,3.774338722229004,11.073320834012526,-1.9989217272511413,0.0016953528261144327,0.012089520566098532,0.011818407464422984,215.0,CD56_dim CD16+ NK,0.9953488
2191,20250114_WGS_20241218_sc_PICA0071-PICA0097_Pool_7_GTGAACCTCATAGGGG,3.366129159927368,1.2359766089771256,1.7238020850252225,0.009494142751168149,0.04132867885185923,0.04065295946375871,230.0,CD56_dim CD16+ NK,0.9956522
2194,20250114_WGS_20241218_sc_PICA0071-PICA0097_Pool_7_GTGATATTCCTAGCTT,3.236891746520996,12.159513446635499,1.7491080908935577,0.0012561985351837934,0.00975303688590592,0.009519776096205858,373.0,CD56_dim CD16+ NK,0.9946381
2196,20250114_WGS_20241218_sc_PICA0071-PICA0097_Pool_7_GTGGCAGCAAGGGGAA,3.643721103668213,2.66060773234353,-3.260329903587478,3.934090581410005e-07,4.1800786195391856e-05,3.9762968688194874e-05,263.0,CD56_dim CD16+ NK,1.0
2198,20250114_WGS_20241218_sc_PICA0071-PICA0097_Pool_7_GTTCGACAGGCAGTGA,3.7203197479248047,1.267656845703536,-2.557893895330002,2.1309635914971954e-06,0.00013038585304247745,0.00012488427572413728,225.0,CD56_dim CD16+ NK,1.0
2201,20250114_WGS_20241218_sc_PICA0071-PICA0097_Pool_7_GTTGCCGAGGGACAAT,3.510373592376709,1.7353252296959638,-2.000423214027396,0.00023999561429379225,0.0031272444396933164,0.003033334457847098,313.0,CD56_dim CD16+ NK,0.99041533
2202,20250114_WGS_20241218_sc_PICA0071-PICA0097_Pool_7_GTTGGCGTCCTCTCCT,3.4168741703033447,22.65017404585357,-1.5556308006941066,0.014641126646092536,0.056066954449273856,0.05525221311280594,297.0,CD56_dim CD16+ NK,0.996633
2204,20250114_WGS_20241218_sc_PICA0071-PICA0097_Pool_2_AAACGCGAGCTATAGT,3.4377334117889404,1.308481407358942,-2.054428695104007,0.002600164889231426,0.016579305048987154,0.016218550797204488,236.0,CD56_dim CD16+ NK,0.9872881
2206,20250114_WGS_20241218_sc_PICA0071-PICA0097_Pool_2_AAAGCCCTCCGACTCC,3.354635000228882,2.3993358601260857,2.0101720518635404,0.0016415435952427668,0.01185375209107768,0.011583260597553557,319.0,CD56_dim CD16+ NK,0.96238244
2207,20250114_WGS_20241218_sc_PICA0071-PICA0097_Pool_2_AAAGCTAAGCATGGAG,3.5900022983551025,1.6966550097044595,-2.148629012902577,0.0023088787489918897,0.015153074321331849,0.014823578754829408,230.0,CD56_dim CD16+ NK,0.9956522
2213,20250114_WGS_20241218_sc_PICA0071-PICA0097_Pool_2_AACACGCTCACGACAC,3.5091118812561035,1.50234367714857,-1.4010319999095546,0.03355182165307753,0.10091604880104657,0.09974312625336586,213.0,CD56_dim CD16+ NK,0.9906103
2217,20250114_WGS_20241218_sc_PICA0071-PICA0097_Pool_2_AACCGAACAAGGTTCT,3.5478076934814453,1.94685466988624,-1.689956270651625,0.013541754191802752,0.053024847719461525,0.052244873822404996,253.0,CD56_dim CD16+ NK,0.8458498
2218,20250114_WGS_20241218_sc_PICA0071-PICA0097_Pool_2_AACCGTGGTGGTCAGC,3.4245078563690186,1.3405022256942183,-1.6635333708001803,0.03198930006963227,0.09719020062060305,0.09604423533380575,238.0,CD56_dim CD16+ NK,0.7773109
2220,20250114_WGS_20241218_sc_PICA0071-PICA0097_Pool_2_AACGTGGAGACCTTTC,3.118126630783081,4.0200095824139375,1.6761746256618066,0.0003471646750741844,0.004061661774531817,0.003944735634815493,626.0,CD56_dim CD16+ NK,0.9504792
2221,20250114_WGS_20241218_sc_PICA0071-PICA0097_Pool_2_AACTCCTTCGCTGTGG,3.6914796829223633,1.8791639624519463,-2.337252305000984,0.00013004108291534412,0.002020559476023746,0.0019557248039089683,241.0,CD56_dim CD16+ NK,0.86307055
2224,20250114_WGS_20241218_sc_PICA0071-PICA0097_Pool_2_AAGCGTCTCCCTATTA,3.917762279510498,1.7549442916842808,1.5074477858806838,0.02978795853620976,0.09246360356022187,0.09135000534059584,153.0,CD56_dim CD16+ NK,0.8627451
2225,20250114_WGS_20241218_sc_PICA0071-PICA0097_Pool_2_AAGCTAGCAAATTGAA,3.3761284351348877,21.877056018860063,1.9667399182444014,0.0007472208620487868,0.006905133876212569,0.006725776736810161,322.0,CD56_dim CD16+ NK,0.9968944
2226,20250114_WGS_20241218_sc_PICA0071-PICA0097_Pool_2_AAGCTAGCACGTCTAG,3.667224407196045,11.622674838607344,-1.5317029855323008,0.00524767998378828,0.02726524025332191,0.02675657486931531,307.0,CD56_dim CD16+ NK,1.0
2233,20250114_WGS_20241218_sc_PICA0071-PICA0097_Pool_2_AATACAGAGCGGGTTT,3.614025831222534,5.001471204694,-1.4875886470462345,0.020105259321845335,0.07072614293296767,0.06976810673063483,252.0,CD56_dim CD16+ NK,0.96031743
2235,20250114_WGS_20241218_sc_PICA0071-PICA0097_Pool_2_AATCGGCTCAGGCTTA,3.3768908977508545,12.205015059194547,-2.679726883204943,5.488115395078223e-05,0.0011101319251933383,0.00107158951375255,358.0,CD56_dim CD16+ NK,0.9972067
2239,20250114_WGS_20241218_sc_PICA0071-PICA0097_Pool_2_AATGGTCGTGCTCGGG,3.4753921031951904,1.2258939455430231,-2.4464150739608956,0.0001678678416025392,0.002431861922980314,0.0023562977717972813,201.0,CD56_dim CD16+ NK,0.84577113
2240,20250114_WGS_20241218_sc_PICA0071-PICA0097_Pool_2_AATGTAGAGACATGAA,3.3407883644104004,1.7888334416829177,-1.2254763189870523,0.017372660326290923,0.0637385761170547,0.06286126573440523,345.0,CD56_dim CD16+ NK,1.0
2241,20250114_WGS_20241218_sc_PICA0071-PICA0097_Pool_2_AATTATGTCAATGGTT,3.4176151752471924,1.9730077070655,-1.1291640260040516,0.021235715677599788,0.07310050062031029,0.07213817563222742,337.0,CD56_dim CD16+ NK,0.9940653
2245,20250114_WGS_20241218_sc_PICA0071-PICA0097_Pool_2_ACACGGAAGAATCTGT,3.3808276653289795,2.08135628098975,1.6380360572829462,0.015121579216779719,0.05756342125703023,0.056726660192951646,254.0,CD56_dim CD16+ NK,0.988189
2246,20250114_WGS_20241218_sc_PICA0071-PICA0097_Pool_2_ACAGCAGAGCTAATAC,3.6601920127868652,1.0692294297723492,-2.0878405636422372,0.0012728935254765978,0.009839665325952648,0.009605387890062893,187.0,CD56_dim CD16+ NK,0.95721924
2251,20250114_WGS_20241218_sc_PICA0071-PICA0097_Pool_2_ACCCGATAGATTCGAT,3.4548776149749756,2.0940223799163995,1.2604401936889171,0.02081216723077926,0.07234028124166533,0.07137080108704237,320.0,CD56_dim CD16+ NK,0.984375
2252,20250114_WGS_20241218_sc_PICA0071-PICA0097_Pool_2_ACCCGTTGTGGCTAAT,3.8809447288513184,1.5931169811262278,-2.0441743528972736,0.0046008322038188386,0.024793653194649552,0.024327918697033643,175.0,Mixed,0.4857143
2255,20250114_WGS_20241218_sc_PICA0071-PICA0097_Pool_2_ACCTTATGTCGCTCTG,3.313744068145752,11.846240503883195,1.329280737746914,0.023177649778349282,0.07740749128359119,0.07641382732201729,376.0,CD56_dim CD16+ NK,0.93351066
2256,20250114_WGS_20241218_sc_PICA0071-PICA0097_Pool_2_ACCTTTCAGAGGCTGA,3.644117593765259,1.39929792080062,-1.745760287661672,0.01302901845618829,0.05171186978723241,0.05094928324331159,228.0,CD56_dim CD16+ NK,1.0
2258,20250114_WGS_20241218_sc_PICA0071-PICA0097_Pool_2_ACGAGCTTCAGTTTCC,3.813018798828125,1.4114352031444266,-2.046673585442687,0.007951424646283367,0.0365683866435749,0.03593388719546213,141.0,CD56_dim CD16+ NK,0.9929078
2264,20250114_WGS_20241218_sc_PICA0071-PICA0097_Pool_2_ACGTCTCGTGCTCCTG,3.283205509185791,2.488146889729821,-1.1214578824952193,0.031204633237679587,0.09535283811074961,0.09422723394898175,474.0,CD56_dim CD16+ NK,1.0
2272,20250114_WGS_20241218_sc_PICA0071-PICA0097_Pool_2_ACTCTGTTCCAATATA,3.242506980895996,3.8356516353557257,1.9944608369519927,0.0006531446511001057,0.006264973668926136,0.006097888858313923,420.0,CD56_dim CD16+ NK,0.9714286
2275,20250114_WGS_20241218_sc_PICA0071-PICA0097_Pool_2_AGACGACCACTATGAC,3.313791513442993,3.9147041490022962,-3.276473545974416,9.086715994640543e-07,7.522120946487729e-05,7.165822012286268e-05,273.0,CD56_dim CD16+ NK,0.996337
2277,20250114_WGS_20241218_sc_PICA0071-PICA0097_Pool_2_AGAGGCGGTATGCTCC,3.6369376182556152,11.519828030188908,-1.7809231643031667,0.0070847426901302505,0.03386307629329117,0.03325929702908124,205.0,CD56_dim CD16+ NK,0.7804878
2279,20250114_WGS_20241218_sc_PICA0071-PICA0097_Pool_2_AGCAACGAGCGAGTAG,3.216392755508423,4.39887360888604,-1.0523463534906656,0.021761590177218505,0.07420333154578729,0.07322886685569899,432.0,CD56_dim CD16+ NK,0.9884259
2281,20250114_WGS_20241218_sc_PICA0071-PICA0097_Pool_2_AGCATGGAGGGAATCG,3.5622105598449707,1.243502953819611,-1.7747858498097855,0.013627599812318971,0.05320601920051381,0.0524258637429892,211.0,CD56_dim CD16+ NK,1.0
2287,20250114_WGS_20241218_sc_PICA0071-PICA0097_Pool_2_AGCGGCACACCAGAGG,3.6492199897766113,0.898238696672691,-2.00462174909217,0.004563408618290232,0.024640446881218,0.024175367934706225,150.0,CD56_dim CD16+ NK,0.92
2292,20250114_WGS_20241218_sc_PICA0071-PICA0097_Pool_2_AGCTTTACAAATCCGT,3.215745210647583,4.693880522309255,-1.136655526544678,0.03230890379946853,0.09793077271648139,0.09677236147200288,564.0,CD56_dim CD16+ NK,0.9787234
2297,20250114_WGS_20241218_sc_PICA0071-PICA0097_Pool_2_AGGTATAAGGCTAACC,3.5622599124908447,1.091737695129876,-1.7926869148111557,0.004299935296658339,0.023574832961932354,0.02311823286555662,190.0,CD56_dim CD16+ NK,0.99473685
2300,20250114_WGS_20241218_sc_PICA0071-PICA0097_Pool_2_AGGTTCTCACGTCGGT,3.4497196674346924,2.163813258488828,1.3405027689392066,0.0059014456555497126,0.02966278853741918,0.029117943026234067,371.0,CD56_dim CD16+ NK,0.9568733
2302,20250114_WGS_20241218_sc_PICA0071-PICA0097_Pool_2_AGTAATCTCATCGGCG,3.7405030727386475,3.3759737412019115,-2.903777671171241,0.0002487165605905773,0.0032027540370951333,0.003106608216545784,218.0,CD56_dim CD16+ NK,0.9724771
2313,20250114_WGS_20241218_sc_PICA0071-PICA0097_Pool_2_ATAAGTGAGCATAATC,3.3197240829467773,1.687637137543653,1.5719720422635577,0.006394754370156054,0.03152889154174539,0.030959130491117072,207.0,CD56_dim CD16+ NK,0.99033815
2315,20250114_WGS_20241218_sc_PICA0071-PICA0097_Pool_2_ATACGGTGTACAAGGA,3.9687459468841553,1.4148610551487693,-2.8940624929052485,0.0011026912812955203,0.008984790580680043,0.00876368634030426,161.0,CD56_dim CD16+ NK,0.99378884
2323,20250114_WGS_20241218_sc_PICA0071-PICA0097_Pool_2_ATCACCCGTGCTTCTA,3.6225857734680176,1.970068373549444,-2.982693071825803,2.0910790449855385e-06,0.0001287451229509534,0.00012324411289518945,239.0,CD56_dim CD16+ NK,1.0
2327,20250114_WGS_20241218_sc_PICA0071-PICA0097_Pool_2_ATCCGGCCAACTGCCA,3.6887152194976807,4.670106323568847,1.5252674842813874,0.007226945697706413,0.034345723741349976,0.03373245388751002,248.0,CD56_dim CD16+ NK,0.9233871
2328,20250114_WGS_20241218_sc_PICA0071-PICA0097_Pool_2_ATGCCCGAGCCTGTAA,3.7595744132995605,2.282319512124358,-1.4471397499477965,0.00038603954628635894,0.004371121345364278,0.004248557243042465,346.0,CD56_dim CD16+ NK,0.99421966
2334,20250114_WGS_20241218_sc_PICA0071-PICA0097_Pool_2_ATGTAGAAGGGTATCC,3.3153672218322754,2.576391170108516,2.349802018893523,1.6956712842570907e-06,0.00011363304640283401,0.00010853547513640945,425.0,CD56_dim CD16+ NK,0.99764705
2337,20250114_WGS_20241218_sc_PICA0071-PICA0097_Pool_2_ATTAACCAGCGTGAGA,3.5145795345306396,1.8385066150621074,-1.790899262286248,0.0061134529548110585,0.030400618403757563,0.029846808536465586,304.0,CD56_dim CD16+ NK,1.0
2340,20250114_WGS_20241218_sc_PICA0071-PICA0097_Pool_2_ATTCTAGCAGCGACAG,3.292177677154541,2.327910213625219,-1.1782798853690148,0.02601998785290025,0.0841782923937341,0.08313059220278707,369.0,CD56_dim CD16+ NK,0.9918699
2348,20250114_WGS_20241218_sc_PICA0071-PICA0097_Pool_2_CACAGAACACAGCGGA,3.69571590423584,1.2721885906663135,-3.2961927917362095,2.7137652666653376e-05,0.0006998246503120482,0.0006749757377519786,201.0,CD56_dim CD16+ NK,0.9900498
2349,20250114_WGS_20241218_sc_PICA0071-PICA0097_Pool_2_CACGAATGTCCTTGTA,4.0259623527526855,0.9608386381044663,-2.4734370595488935,6.0292095822095834e-05,0.0011926454537017391,0.0011515548027936334,178.0,CD56_dim CD16+ NK,0.98876405
2353,20250114_WGS_20241218_sc_PICA0071-PICA0097_Pool_2_CAGGGTAAGCTTGAAT,3.3298797607421875,2.8426464970646705,2.4724462920494403,0.008983824726166238,0.0397751269112196,0.039128115850685936,400.0,CD56_dim CD16+ NK,0.7125
2360,20250114_WGS_20241218_sc_PICA0071-PICA0097_Pool_2_CATAGGGAGACTATGT,3.8071115016937256,2.0455917354298294,-1.5157616777267815,0.009874270225898492,0.04266291052426581,0.041967071999960734,188.0,CD56_dim CD16+ NK,0.9734042
2362,20250114_WGS_20241218_sc_PICA0071-PICA0097_Pool_2_CATCGCGAGCGGATTC,3.295365810394287,2.2809447481277387,1.7230463856958431,0.000990584236339649,0.008319049712005016,0.008110201089826645,378.0,CD56_dim CD16+ NK,0.98941797
2364,20250114_WGS_20241218_sc_PICA0071-PICA0097_Pool_2_CATCGTTTCGTTGGCG,3.2814972400665283,2.6651886093968904,-1.2261134120559958,0.02943347611668063,0.0918295314470495,0.09071675881894292,364.0,CD56_dim CD16+ NK,0.9807692
2367,20250114_WGS_20241218_sc_PICA0071-PICA0097_Pool_2_CATGCGTAGCCGCTAG,3.5922751426696777,1.6736711551248407,-2.986594353769254,0.0007610428625619488,0.006992554338683834,0.006811482694028776,181.0,CD56_dim CD16+ NK,1.0
2371,20250114_WGS_20241218_sc_PICA0071-PICA0097_Pool_2_CATTCGGCACCGCAGT,3.435934543609619,1.8845112670543682,-2.332820532939414,3.364250221623958e-05,0.000818301948968336,0.0007890841716716851,286.0,CD56_dim CD16+ NK,1.0
2372,20250114_WGS_20241218_sc_PICA0071-PICA0097_Pool_2_CATTGGGGTGGTATGT,3.746105432510376,3.744993302911409,-1.5663040491234992,0.00878928361662517,0.03922559168371605,0.03857781304328084,301.0,CD56_dim CD16+ NK,0.98671097
2373,20250114_WGS_20241218_sc_PICA0071-PICA0097_Pool_2_CATTTGGAGAATCAAG,3.3310062885284424,7.99378497466272,-1.8028177240728873,0.0036303300452332154,0.020901450190293634,0.020481821114665153,445.0,CD56_dim CD16+ NK,0.99101126
2381,20250114_WGS_20241218_sc_PICA0071-PICA0097_Pool_2_CCCAACCTCGCCATAA,3.430490493774414,1.4180546668109137,2.3940924888393287,0.023267147309481973,0.07762001944880283,0.07662190611864214,233.0,CD56_dim CD16+ NK,0.6351931
2384,20250114_WGS_20241218_sc_PICA0071-PICA0097_Pool_2_CCGAAATGTGGAAGTA,3.6701817512512207,0.9450647784507711,-1.4687974742388707,0.017151923603807153,0.06311677229028922,0.06224777791482652,187.0,CD56_dim CD16+ NK,1.0
2385,20250114_WGS_20241218_sc_PICA0071-PICA0097_Pool_2_CCGCATCTCATCCGCC,3.1708250045776367,3.192084835307079,2.443372458194022,2.969348748324199e-07,3.4413005317343155e-05,3.270062241922232e-05,524.0,CD56_dim CD16+ NK,0.980916
2389,20250114_WGS_20241218_sc_PICA0071-PICA0097_Pool_2_CCGGTTCTCACTTAAA,3.3899707794189453,3.7584368234235646,-1.5954154892353087,0.014656680495221978,0.0560928358812866,0.055277106562225765,418.0,CD56_dim CD16+ NK,0.8277512
2390,20250114_WGS_20241218_sc_PICA0071-PICA0097_Pool_2_CCGTAAGGTGGTTCGA,3.566244602203369,2.921306733901966,-1.0839838863570193,0.028355101001547672,0.08935575814659184,0.08825371527461214,390.0,CD56_dim CD16+ NK,0.97179484
2392,20250114_WGS_20241218_sc_PICA0071-PICA0097_Pool_2_CCTAAGCAGCGCCTGA,3.4052298069000244,1.7032045285886135,-2.0086148357068137,0.001494421178813335,0.011040566499103566,0.010782619289506723,258.0,CD56_dim CD16+ NK,0.996124
2396,20250114_WGS_20241218_sc_PICA0071-PICA0097_Pool_2_CCTCAGACAACCTTAA,3.722048044204712,6.113101821603201,-2.366884379723373,0.002311778815637322,0.015162006067139319,0.014833008800203797,249.0,CD56_dim CD16+ NK,1.0
2397,20250114_WGS_20241218_sc_PICA0071-PICA0097_Pool_2_CCTGATCGTAATTGGC,3.4552323818206787,2.440836295277338,3.7596942349902944,1.0479514627911089e-05,0.0003726225966067189,0.0003588658328718164,366.0,Mixed,0.5601093
2407,20250114_WGS_20241218_sc_PICA0071-PICA0097_Pool_2_CGCTACCTCGCGCCTT,3.6366703510284424,11.632200907216362,-2.2378712905454887,0.0006272963560909271,0.006106221742936485,0.005942277528513613,200.0,CD56_dim CD16+ NK,0.79
2412,20250114_WGS_20241218_sc_PICA0071-PICA0097_Pool_2_CGGTCATAGCGCCTAG,3.5740582942962646,0.5637451754703366,1.795934388883576,0.013790140049553144,0.05369433582140238,0.0529094671385641,129.0,CD56_dim CD16+ NK,0.99224806
2416,20250114_WGS_20241218_sc_PICA0071-PICA0097_Pool_2_CGTCGTCTCACTTGCT,3.7312381267547607,1.6384416712270453,-1.939375920135918,0.0004804334627157254,0.005054367505574705,0.004916106664030205,290.0,CD56_dim CD16+ NK,1.0
2419,20250114_WGS_20241218_sc_PICA0071-PICA0097_Pool_2_CGTTCTGTCGTAACGC,3.312983989715576,3.0580252991654024,-1.7631137848739376,0.0011274015897125077,0.009101390857401465,0.008877143019807205,522.0,CD56_dim CD16+ NK,0.99425286
2422,20250114_WGS_20241218_sc_PICA0071-PICA0097_Pool_2_CGTTTGAAGGTGGGTA,3.176696538925171,3.177518859375475,-2.087611247445103,3.362367697824899e-05,0.000818301948968336,0.0007890841716716851,535.0,CD56_dim CD16+ NK,0.8037383
2429,20250114_WGS_20241218_sc_PICA0071-PICA0097_Pool_2_CTATCGAAGGGGTTAG,3.6199419498443604,1.4431152326689785,-2.0023369866899317,0.0033188993049960663,0.019764959050614008,0.019356817854343893,271.0,CD56_dim CD16+ NK,0.98892987
2430,20250114_WGS_20241218_sc_PICA0071-PICA0097_Pool_2_CTCAATACACACAACT,3.8560585975646973,0.887803844011573,-2.600795079735205,0.0027218055992144423,0.017110725563408723,0.01674335446743747,150.0,CD56_dim CD16+ NK,0.66
2436,20250114_WGS_20241218_sc_PICA0071-PICA0097_Pool_2_CTGACCGAGGGAGTTG,3.589110851287842,1.084701721657441,-2.2578464013905166,0.00119238369231541,0.009417323380430258,0.00918834257989101,186.0,CD56_dim CD16+ NK,1.0
2438,20250114_WGS_20241218_sc_PICA0071-PICA0097_Pool_2_CTGGTCGAGAAAGCCG,3.4927215576171875,2.556955319897069,-2.6859369113423583,4.96764101265906e-07,4.7976697662455296e-05,4.5618627498183456e-05,365.0,CD56_dim CD16+ NK,0.89863014
2447,20250114_WGS_20241218_sc_PICA0071-PICA0097_Pool_2_GCAAACCTCAGGGACA,3.412698984146118,2.1152212978633047,2.1240571716091545,0.009282084754369709,0.040726703176176514,0.040058245100669576,307.0,CD56_dim CD16+ NK,0.78827363
2451,20250114_WGS_20241218_sc_PICA0071-PICA0097_Pool_2_GCACACCCACAGCGGA,3.344081163406372,1.5224726834484006,-2.057196145810921,0.0001684351703352905,0.002432925019021916,0.0023571076949231388,259.0,CD56_dim CD16+ NK,0.996139
2454,20250114_WGS_20241218_sc_PICA0071-PICA0097_Pool_2_GCACTAATCGCCTGCT,3.5126068592071533,1.7736308470365336,-1.3344354049447245,0.02043807009163144,0.07154777131224639,0.0705744275954118,269.0,CD56_dim CD16+ NK,0.9888476
2458,20250114_WGS_20241218_sc_PICA0071-PICA0097_Pool_2_GCATACATCCAGTATG,4.464041709899902,12.923854963532627,-1.412391625734621,0.01127523654325543,0.04658870617106118,0.04587523761914426,294.0,CD56_dim CD16+ NK,1.0
2462,20250114_WGS_20241218_sc_PICA0071-PICA0097_Pool_2_GCATTTACAGTTACTA,3.2233333587646484,2.7943132784842444,-1.68438379759427,8.264719777012277e-05,0.0014616832050870366,0.001412154673141998,448.0,CD56_dim CD16+ NK,0.99776787
2467,20250114_WGS_20241218_sc_PICA0071-PICA0097_Pool_2_GCGTAGAAGAGTTGGG,3.3538920879364014,1.8929264936238583,1.3265249479205794,0.024212856488837035,0.07987896013884638,0.07885820380422977,298.0,CD56_dim CD16+ NK,0.96644294
2471,20250114_WGS_20241218_sc_PICA0071-PICA0097_Pool_2_GCTATCGCAATTCATG,3.367506504058838,5.928270621197685,-1.4790620695568601,0.007925555315411491,0.03646643877259159,0.035832231540089715,525.0,CD56_dim CD16+ NK,0.9980952
2474,20250114_WGS_20241218_sc_PICA0071-PICA0097_Pool_2_GCTTATGAGCAAGCTC,3.237769603729248,4.538017493574375,-1.5024111297678773,0.009384729145228385,0.04107017628149481,0.04039309002824589,440.0,CD56_dim CD16+ NK,0.9840909
2477,20250114_WGS_20241218_sc_PICA0071-PICA0097_Pool_2_GGAAATCAGCGCAGTT,3.35011625289917,1.106506832007363,1.6984145540473004,0.010699475240107167,0.044927762399955544,0.04421870287741347,215.0,CD56_dim CD16+ NK,0.9953488
2479,20250114_WGS_20241218_sc_PICA0071-PICA0097_Pool_2_GGACATACAACTGAGA,3.365483283996582,3.188482862190764,-1.79370576181119,7.489980167871013e-05,0.0013765633327182342,0.0013296683067989229,560.0,CD56_dim CD16+ NK,0.9982143
2482,20250114_WGS_20241218_sc_PICA0071-PICA0097_Pool_2_GGACTATGTCACACTC,3.4368042945861816,4.2396915457609,-2.7466848298766062,1.5641125591158675e-08,5.471713695567208e-06,5.1643950038979335e-06,457.0,CD56_dim CD16+ NK,0.9671773
2484,20250114_WGS_20241218_sc_PICA0071-PICA0097_Pool_2_GGAGTTGAGGTCTGCG,3.360388994216919,3.343549110348092,-2.569240728368286,4.353138105397576e-06,0.00019853131239014592,0.00019035411045939893,388.0,CD56_dim CD16+ NK,0.9974227
2492,20250114_WGS_20241218_sc_PICA0071-PICA0097_Pool_2_GGCTTAGGTATTACAG,3.374676465988159,2.13200890472915,-2.36046557760222,2.354677652933903e-06,0.00013999984270541237,0.00013406454775215763,410.0,CD56_dim CD16+ NK,0.99268293
2494,20250114_WGS_20241218_sc_PICA0071-PICA0097_Pool_2_GGGACCTGTAAGTCCG,3.889193058013916,1.5991003863486433,-1.4796909608603677,0.010151387023979505,0.04342999558638445,0.04273117838737647,241.0,CD56_dim CD16+ KLRC2+ NK,0.7095436
2502,20250114_WGS_20241218_sc_PICA0071-PICA0097_Pool_2_GGTATTGTCAGGCTCG,3.3491172790527344,1.6397448811605384,2.0976956366196644,0.00043497015173018947,0.004703502705481994,0.0045720209084529565,242.0,CD56_dim CD16+ NK,0.9586777
2503,20250114_WGS_20241218_sc_PICA0071-PICA0097_Pool_2_GGTCGTCCACAGTCGC,3.448404550552368,1.9247399840857713,2.2229811211724066,4.448665917260353e-05,0.0009800999614654558,0.0009453580939855938,316.0,CD56_dim CD16+ NK,0.9936709
2506,20250114_WGS_20241218_sc_PICA0071-PICA0097_Pool_2_GGTGTCAGTATCTCGC,3.3057990074157715,12.54140794570973,1.4523881449736862,0.008335958267957352,0.03770317947550407,0.03707272761576483,337.0,CD56_dim CD16+ NK,1.0
2507,20250114_WGS_20241218_sc_PICA0071-PICA0097_Pool_2_GGTTACTCAAAAGCGC,3.986285448074341,1.387369552640767,1.6696271967406178,0.00812279505101333,0.037045210207190885,0.03641893519366533,131.0,CD56_dim CD16+ NK,0.9694657
2513,20250114_WGS_20241218_sc_PICA0071-PICA0097_Pool_2_GTAAGTCGTAACTAGC,3.392599582672119,3.960070467340311,-0.9958971062435983,0.028741565962896027,0.09022726778218253,0.08911552277454335,407.0,CD56_dim CD16+ NK,0.96068794
2517,20250114_WGS_20241218_sc_PICA0071-PICA0097_Pool_2_GTAGCACTCGCTTAAG,3.6868820190429688,1.6286891810697215,-2.7542713068602764,4.857566045275483e-06,0.00021458243547986002,0.00020587257631336255,236.0,CD56_dim CD16+ NK,0.9237288
2519,20250114_WGS_20241218_sc_PICA0071-PICA0097_Pool_2_GTAGGTGAGACGCGAA,3.3674569129943848,2.668925163641332,-2.1172062104186997,0.00021071863807269663,0.0028357777372324242,0.0027509549528263737,401.0,CD56_dim CD16+ NK,1.0
2523,20250114_WGS_20241218_sc_PICA0071-PICA0097_Pool_2_GTCAACATCCAGCTCC,3.8429248332977295,1.2592610661805557,-1.967520053049084,0.00149767979527034,0.011049931082713902,0.01079223520603962,158.0,CD56_dim CD16+ NK,0.9746835
2524,20250114_WGS_20241218_sc_PICA0071-PICA0097_Pool_2_GTCAATTAGATCTTGG,3.4256045818328857,0.9525910610285514,1.67691065701814,0.020709979541803716,0.07224292084501005,0.07126877464734142,182.0,CD56_dim CD16+ NK,0.978022
2525,20250114_WGS_20241218_sc_PICA0071-PICA0097_Pool_2_GTCCATGCACATCTCC,3.425126075744629,1.3026240024833633,1.5911259890539367,0.014334518074237789,0.055332812519324634,0.054534529148356006,236.0,CD56_dim CD16+ NK,0.9915254
2526,20250114_WGS_20241218_sc_PICA0071-PICA0097_Pool_2_GTCCTCTCAAATTACT,3.7846429347991943,1.1402800213744415,-1.6533461464140637,0.0026002462999375853,0.016579305048987154,0.016218550797204488,211.0,CD56_dim CD16+ NK,0.98578197
2528,20250114_WGS_20241218_sc_PICA0071-PICA0097_Pool_2_GTCGCTTGTACCATCC,3.752828598022461,11.216093645584216,-1.834314610765764,0.0023720740943934146,0.015480780806924813,0.015143104374492691,221.0,CD56_dim CD16+ NK,0.9909502
2531,20250114_WGS_20241218_sc_PICA0071-PICA0097_Pool_2_GTCTTAACAGCGGACA,3.6922225952148438,2.145037636622667,-2.6788691843884576,0.0004278406828355759,0.004641694456622531,0.004511721382279189,272.0,CD56_dim CD16+ NK,0.9889706
2532,20250114_WGS_20241218_sc_PICA0071-PICA0097_Pool_2_GTCTTCGTCACATTGG,3.2822792530059814,2.060871355495833,-1.0320527557317192,0.026515840563912346,0.08536581454630622,0.08429506302722414,343.0,CD56_dim CD16+ NK,0.9912537
2537,20250114_WGS_20241218_sc_PICA0071-PICA0097_Pool_2_GTGGCCATCATGAATC,3.228782892227173,4.722038008569736,-2.340004690205901,5.420568510035967e-06,0.0002301638810015703,0.00022107644014650825,677.0,CD56_dim CD16+ NK,0.9985229
2538,20250114_WGS_20241218_sc_PICA0071-PICA0097_Pool_2_GTGTATTAGAGTTTAC,3.748704671859741,1.4547016834542388,-2.945642494467817,2.2008019650853813e-05,0.0005991454235069305,0.0005769707781958784,220.0,CD56_dim CD16+ NK,0.6318182
2541,20250114_WGS_20241218_sc_PICA0071-PICA0097_Pool_2_GTTACGGGTCTATTCG,3.6967973709106445,2.920566876108059,-2.241813903759709,0.0008398060317863503,0.0074800445019234515,0.00728916983147517,282.0,Mixed,0.56028366
2543,20250114_WGS_20241218_sc_PICA0071-PICA0097_Pool_2_GTTAGCCAGACAGAAC,3.394252061843872,1.5729003943915831,1.2035855334071242,0.0335601437287817,0.10091604880104657,0.09974312625336586,275.0,CD56_dim CD16+ NK,0.98545456
2556,20250114_WGS_20241218_sc_PICA0071-PICA0097_Pool_1_AACTCGGGTAGTCAGT,3.5750772953033447,1.7900228547287516,-2.4906054873529886,0.011027403556001462,0.045874557614092225,0.045156528405999145,249.0,CD56_dim CD16+ NK,0.99598396
2558,20250114_WGS_20241218_sc_PICA0071-PICA0097_Pool_1_AAGCCACTCGCACCCT,3.192406177520752,2.4075537855388935,1.6614785666807428,0.0024019595411009305,0.01562860200751999,0.015288243639593909,454.0,CD56_dim CD16+ NK,0.98678416
2573,20250114_WGS_20241218_sc_PICA0071-PICA0097_Pool_1_AATTATGTCCGTCGCT,3.80332350730896,21.090902378590222,2.5933794504866365,4.27790573630341e-05,0.0009576466285518312,0.0009238674506346446,208.0,CD56_dim CD16+ NK,0.9855769
2574,20250114_WGS_20241218_sc_PICA0071-PICA0097_Pool_1_AATTCCGAGCGATTCA,3.4516708850860596,1.1585149401146606,-1.4654922270531525,0.019845607891237488,0.06999609142018635,0.06904679052098868,200.0,CD56_dim CD16+ NK,0.885
2575,20250114_WGS_20241218_sc_PICA0071-PICA0097_Pool_1_AATTCGGTCCTACATC,3.3804807662963867,12.340936966310473,-1.478897650927063,0.030013000181336683,0.09292777377864914,0.09180799434158024,360.0,CD56_dim CD16+ NK,0.8055556
2578,20250114_WGS_20241218_sc_PICA0071-PICA0097_Pool_1_AATTGTCAGCCACTAA,3.285682439804077,1.2638951662788416,2.0693039247881626,0.0017392564321652884,0.012332255460948528,0.012057309380010962,246.0,CD56_dim CD16+ NK,0.99593496
2583,20250114_WGS_20241218_sc_PICA0071-PICA0097_Pool_1_ACACGGTTCCAACTTC,4.325326919555664,1.7893991515029404,1.4973443467067449,0.02919964770181438,0.09125816291579106,0.09015297829380058,178.0,Mixed,0.5730337
2591,20250114_WGS_20241218_sc_PICA0071-PICA0097_Pool_1_ACCCAACAGGTTATGT,3.377286434173584,1.313944711154853,-2.3506589960795816,0.00028306460754282597,0.0035143718693163494,0.0034121458412251222,246.0,CD56_dim CD16+ NK,1.0
2592,20250114_WGS_20241218_sc_PICA0071-PICA0097_Pool_1_ACCCTAGCAGGACGCA,3.3738021850585938,2.328861411370905,-2.206126276409191,8.960697927048681e-05,0.0015540816070309252,0.001501696848277943,399.0,CD56_dim CD16+ NK,1.0
2593,20250114_WGS_20241218_sc_PICA0071-PICA0097_Pool_1_ACCTCAGCAAATTGAA,3.957587480545044,32.02216000119361,-2.126724854053745,0.008792011616855652,0.03922559168371605,0.03857781304328084,305.0,CD56_dim CD16+ KLRC2+ NK,0.79016393
2596,20250114_WGS_20241218_sc_PICA0071-PICA0097_Pool_1_ACGCAACTCAGGAAAC,4.285376071929932,10.989045775965561,-2.195445239876998,0.0057656765273034,0.02912701511305938,0.028597042725364934,196.0,CD56_dim CD16+ KLRC2+ NK,0.9438776
2597,20250114_WGS_20241218_sc_PICA0071-PICA0097_Pool_1_ACGCAACTCCATTGCT,3.3109309673309326,2.4864548162615994,-2.5852586659152417,0.0001219498894123954,0.0019190548891397875,0.0018568916137891,370.0,CD56_dim CD16+ NK,0.9864865
2598,20250114_WGS_20241218_sc_PICA0071-PICA0097_Pool_1_ACGCCCTTCACAGGTC,3.5158205032348633,11.080290781992973,2.232084839931431,0.001244775337875772,0.009711247360707654,0.009479038980035324,213.0,CD56_dim CD16+ NK,0.9906103
2599,20250114_WGS_20241218_sc_PICA0071-PICA0097_Pool_1_ACGGATTGTCTTGATT,3.794001340866089,2.8664373534230836,2.0616829888933044,0.003137445780632805,0.018949710843049517,0.01855367509343609,193.0,CD56_dim CD16+ NK,0.91709846
2603,20250114_WGS_20241218_sc_PICA0071-PICA0097_Pool_1_ACTATATCAATTAAAG,3.6037256717681885,0.9177619409459105,2.431784659780081,0.0032489907413239985,0.01943279161674724,0.019030430149025127,157.0,CD56_dim CD16+ NK,0.9745223
2605,20250114_WGS_20241218_sc_PICA0071-PICA0097_Pool_1_ACTCCGACACCAATTA,3.85467267036438,1.3962853344904218,-2.2008231924043544,0.004833088152398738,0.025652344498534464,0.025175832040502954,167.0,CD56_dim CD16+ NK,0.7664671
2609,20250114_WGS_20241218_sc_PICA0071-PICA0097_Pool_1_ACTGCGTAGCACTCAA,3.2646515369415283,1.3270678985609774,2.0347733118751816,0.00032287846481030355,0.0038321394660798796,0.0037220426813384957,233.0,CD56_dim CD16+ NK,0.9656652
2611,20250114_WGS_20241218_sc_PICA0071-PICA0097_Pool_1_ACTTGTGAGCTACAGC,3.4011945724487305,1.5450763056966517,-2.1723200667886204,0.022751617560335013,0.07633725633067447,0.0753527470739179,274.0,CD56_dim CD16+ NK,0.99635035
2619,20250114_WGS_20241218_sc_PICA0071-PICA0097_Pool_1_AGCAGATAGACCCGTG,3.6160662174224854,1.8152641982815354,-1.6656616550331946,0.008939604053209206,0.03964931534526116,0.03900505212116837,299.0,CD56_dim CD16+ NK,0.76254183
2622,20250114_WGS_20241218_sc_PICA0071-PICA0097_Pool_1_AGCCGAAAGGGCTGAA,3.6367039680480957,21.53439840105624,-2.2443836968704103,0.01294068161056991,0.051443071025375306,0.05068425205996687,256.0,CD56_dim CD16+ NK,0.9921875
2624,20250114_WGS_20241218_sc_PICA0071-PICA0097_Pool_1_AGCCGTCCAAGGTTTC,3.2872185707092285,1.9522710294315146,1.9913653728152256,0.0005618935115593382,0.005694663562110124,0.005538768932142357,350.0,CD56_dim CD16+ NK,0.9714286
2625,20250114_WGS_20241218_sc_PICA0071-PICA0097_Pool_1_AGCCGTCCACACTCAG,3.4958786964416504,1.3718145811713491,-1.3023039438612587,0.03310425054373604,0.09978885315371595,0.09863069707668172,199.0,CD56_dim CD16+ NK,0.86934674
2633,20250114_WGS_20241218_sc_PICA0071-PICA0097_Pool_1_AGGAATTCAATCGGGG,3.8440511226654053,2.028585361061201,-1.0730556521481933,0.029033812531488123,0.09079748801513952,0.08968457186802753,256.0,CD56_dim CD16+ NK,0.9921875
2638,20250114_WGS_20241218_sc_PICA0071-PICA0097_Pool_1_AGGCCAAAGCCATGAC,3.6380743980407715,0.6421270799813933,2.695646505569063,0.0001789587032255473,0.0025380395749573215,0.0024607346326802355,127.0,CD56_dim CD16+ NK,0.984252
2643,20250114_WGS_20241218_sc_PICA0071-PICA0097_Pool_1_AGGTATAAGCAAATTC,3.523332357406616,0.784598061958587,1.8988426547206017,0.010153210824834369,0.04342999558638445,0.04273117838737647,144.0,CD56_dim CD16+ NK,0.9652778
2648,20250114_WGS_20241218_sc_PICA0071-PICA0097_Pool_1_AGTACGTGTGGATCGC,3.6939587593078613,1.4817888065528741,-1.9656568875679312,0.004161143395269777,0.02308075652410055,0.022633569242883463,198.0,CD56_dim CD16+ NK,1.0
2659,20250114_WGS_20241218_sc_PICA0071-PICA0097_Pool_1_ATACCCAAGCAAGCCT,3.458724021911621,2.3083152506118516,-1.1915559661579025,0.02121018698972605,0.07310050062031029,0.07213817563222742,391.0,CD56_dim CD16+ NK,1.0
2662,20250114_WGS_20241218_sc_PICA0071-PICA0097_Pool_1_ATAGGGAGTCGCGTCC,3.5769968032836914,2.0495770314140747,-1.2019239658545087,0.006450725779270211,0.03174130851727815,0.0311672766047228,320.0,CD56_dim CD16+ NK,0.95625
2664,20250114_WGS_20241218_sc_PICA0071-PICA0097_Pool_1_ATATTGCAGAGTCGTC,3.280909538269043,2.115493795577131,1.8270508618123564,0.001145944175358573,0.00917780168411163,0.008953700707262223,373.0,CD56_dim CD16+ NK,0.9892761
2667,20250114_WGS_20241218_sc_PICA0071-PICA0097_Pool_1_ATCATCTGTCTGTCCG,3.2527010440826416,2.1030941158868677,2.365282959357346,0.00016431692815744973,0.002398006682363933,0.002323834221541875,357.0,CD56_dim CD16+ NK,1.0
2670,20250114_WGS_20241218_sc_PICA0071-PICA0097_Pool_1_ATCGAAGCACGAGCGA,3.7720699310302734,0.9490969906439533,-1.7613336384735356,0.0029550515709287693,0.018069654267671823,0.017689401688267662,173.0,CD56_dim CD16+ NK,1.0
2674,20250114_WGS_20241218_sc_PICA0071-PICA0097_Pool_1_ATGACCTCACGTGCTA,3.2984163761138916,2.249339476524611,-2.352636949187516,0.0018196170974104562,0.012723873587145744,0.01244143932769395,337.0,CD56_dim CD16+ NK,0.98219585
2683,20250114_WGS_20241218_sc_PICA0071-PICA0097_Pool_1_ATTCGATAGCCGTGAT,3.605741024017334,1.242715317425839,-2.0949910379948893,0.008155999946540322,0.037122032428737246,0.036496149816191446,190.0,CD56_dim CD16+ NK,0.82631576
2685,20250114_WGS_20241218_sc_PICA0071-PICA0097_Pool_1_ATTGCTACAATAAGAC,3.7059426307678223,1.1565681813065278,-2.2644168776854285,0.0005059657469584128,0.005241081570228522,0.00509818536267696,193.0,CD56_dim CD16+ NK,0.9948186
2688,20250114_WGS_20241218_sc_PICA0071-PICA0097_Pool_1_CAACCGTAGCCTAATG,4.183555603027344,0.6565026726312515,1.7112984014385515,0.019334265884900507,0.06881735756619241,0.06788463482256116,102.0,CD56_dim CD16+ NK,0.9019608
2692,20250114_WGS_20241218_sc_PICA0071-PICA0097_Pool_1_CAATCGGGTCCTTAGC,3.092167615890503,3.136852437728038,2.518624575983451,2.609974982620773e-06,0.0001512403738458661,0.0001447301771577269,604.0,CD56_dim CD16+ NK,0.95695364
2701,20250114_WGS_20241218_sc_PICA0071-PICA0097_Pool_1_CACTCCGGTCTACGCT,3.347541332244873,3.680238306551213,-1.65941406288104,0.002855414081973443,0.017646602334705386,0.017272773351066063,498.0,CD56_dim CD16+ NK,0.8212851
2702,20250114_WGS_20241218_sc_PICA0071-PICA0097_Pool_1_CACTGCACAAATTTCG,3.6565582752227783,2.7477600038805448,-1.7661719963352793,0.00043240483906851134,0.004680901175454841,0.004550185483308986,407.0,CD56_dim CD16+ NK,0.985258
2703,20250114_WGS_20241218_sc_PICA0071-PICA0097_Pool_1_CACTTAACAAGAGGGA,3.198137044906616,4.7426711252513885,1.7494135714602301,0.0015942740536440247,0.011564943816235115,0.011301873067208746,451.0,CD56_dim CD16+ NK,0.9955654
2704,20250114_WGS_20241218_sc_PICA0071-PICA0097_Pool_1_CACTTAGAGAGCGGAC,3.4443347454071045,1.539681207787094,2.409198195381213,8.086481810618813e-05,0.0014457337988458426,0.001396931703882508,244.0,CD56_dim CD16+ NK,0.99590164
2710,20250114_WGS_20241218_sc_PICA0071-PICA0097_Pool_1_CATAGCATCCCGTGTC,3.373231887817383,3.851726651816512,-2.5444736569335227,0.00010641890557053347,0.0017515377920725515,0.0016939758565743227,462.0,CD56_dim CD16+ NK,0.90909094
2713,20250114_WGS_20241218_sc_PICA0071-PICA0097_Pool_1_CATCATCTCAAGCCTA,5.251586437225342,0.6941382243732547,-3.5170930924739987,0.0008941460843192739,0.00782759524555211,0.0076288763950820015,91.0,CD56_dim CD16+ KLRC2+ NK,0.8131868
2718,20250114_WGS_20241218_sc_PICA0071-PICA0097_Pool_1_CATGCCCTCCAAGCTA,3.797180652618408,0.8540193442004335,-2.150620237118672,0.02271684646611198,0.0762725475588511,0.07528678937830069,139.0,CD56_dim CD16+ NK,0.8057554
2725,20250114_WGS_20241218_sc_PICA0071-PICA0097_Pool_1_CCAAGGGCACCCTAAG,3.6302523612976074,11.405457050886582,-1.8839280211236806,0.005350853730685512,0.02771359626760409,0.027198732347540264,263.0,CD56_dim CD16+ NK,0.7756654
2726,20250114_WGS_20241218_sc_PICA0071-PICA0097_Pool_1_CCAATAGTCGGCAACT,3.2184488773345947,1.4066520431596297,3.3313582329839044,5.918546834132781e-08,1.1345796906069082e-05,1.0841796245232151e-05,277.0,CD56_dim CD16+ NK,0.9530686
2727,20250114_WGS_20241218_sc_PICA0071-PICA0097_Pool_1_CCAATTCTCGTATGCA,3.535527229309082,10.998929534152628,1.9793959465534323,0.0035668395411632766,0.020680951336079716,0.020265430422321706,213.0,CD56_dim CD16+ NK,0.9906103
2728,20250114_WGS_20241218_sc_PICA0071-PICA0097_Pool_1_CCACACACACACATAC,3.621619939804077,2.009163134933277,1.8411471052863,0.0067985934199368495,0.03291053748393018,0.03231550313566186,198.0,CD56_dim CD16+ NK,1.0
2731,20250114_WGS_20241218_sc_PICA0071-PICA0097_Pool_1_CCACTGACAGGTTGCC,3.511495590209961,1.7926877241273973,-1.6588186550434196,0.017876364896185177,0.06510168968292798,0.06420974365945406,268.0,CD56_dim CD16+ NK,0.9104478
2734,20250114_WGS_20241218_sc_PICA0071-PICA0097_Pool_1_CCATAACCACTTAGCG,3.439448595046997,3.536023415744772,-1.3871016709130697,0.031031720101014335,0.09496535405874253,0.09384188711801432,464.0,CD56_dim CD16+ NK,0.99568963
2743,20250114_WGS_20241218_sc_PICA0071-PICA0097_Pool_1_CCCTTGGGTAACTAGC,3.385364055633545,2.770406245005026,-2.2973875449848506,1.5935876643292357e-05,0.0004905760025408532,0.00047275743435948444,387.0,CD56_dim CD16+ NK,0.82945734
2745,20250114_WGS_20241218_sc_PICA0071-PICA0097_Pool_1_CCGACTCTCAAAGCCC,3.455373525619507,1.3508515969422694,2.2119554347485,0.004010279324992182,0.022522954179303296,0.02208199713722345,220.0,CD56_dim CD16+ NK,0.9590909
2746,20250114_WGS_20241218_sc_PICA0071-PICA0097_Pool_1_CCGATTAAGACCACGT,3.386066436767578,2.0023043428715077,-1.4309720560026862,0.013703135333605197,0.05341910772197077,0.052633509359850596,320.0,CD56_dim CD16+ NK,0.984375
2750,20250114_WGS_20241218_sc_PICA0071-PICA0097_Pool_1_CCGTTAGCACAACGAA,3.1309518814086914,2.590452723372019,2.17747966049975,4.467210259851686e-05,0.0009800999614654558,0.0009453580939855938,491.0,CD56_dim CD16+ NK,0.97352344
2752,20250114_WGS_20241218_sc_PICA0071-PICA0097_Pool_1_CCTAAGCAGAAAGGAG,3.2196221351623535,3.8285257175777394,-1.5718033125831596,0.00027894554145245314,0.0034838267435629592,0.0033824305970901864,743.0,CD56_dim CD16+ NK,0.9932705
2753,20250114_WGS_20241218_sc_PICA0071-PICA0097_Pool_1_CCTAGTAAGGGTCTGT,4.548550605773926,12.086110778722958,-2.0724192433812374,0.0007118606619250206,0.006640404434804089,0.0064673816006131655,269.0,CD56_dim CD16+ NK,1.0
2755,20250114_WGS_20241218_sc_PICA0071-PICA0097_Pool_1_CCTATGCGTACCATGG,3.4356751441955566,1.31607623814873,1.4506244750115265,0.01355447459451788,0.05302884253771281,0.052245496488661315,219.0,CD56_dim CD16+ NK,0.98630136
2759,20250114_WGS_20241218_sc_PICA0071-PICA0097_Pool_1_CCTCTAGTCCGTGTCC,3.648452043533325,21.86779447079301,-1.6020633542544473,0.02440875290969357,0.08031082996439257,0.07929094309517647,204.0,CD56_dim CD16+ NK,0.88235295
2761,20250114_WGS_20241218_sc_PICA0071-PICA0097_Pool_1_CCTTGAGCACCTCATC,3.398620843887329,16.09939815548007,1.6799152020725918,0.020745670627682018,0.07226804673088039,0.07129580065306035,372.0,CD56_dim CD16+ NK,0.98655915
2770,20250114_WGS_20241218_sc_PICA0071-PICA0097_Pool_1_CGATAATTCATGCAGC,4.080320835113525,20.750571718321886,-1.8340241393726717,0.015466870830565735,0.05846667097156679,0.05762589605385682,160.0,CD56_dim CD16+ NK,0.99375
2778,20250114_WGS_20241218_sc_PICA0071-PICA0097_Pool_1_CGCTACCTCCATTGCT,4.425934314727783,0.8649429184256936,-2.404154206516788,0.004250347409309206,0.02344756108506843,0.022992492913114667,159.0,CD56_dim CD16+ KLRC2+ NK,0.9308176
2779,20250114_WGS_20241218_sc_PICA0071-PICA0097_Pool_1_CGCTGCAAGCATTCAG,3.497305154800415,1.7453744816738053,1.570300684741094,0.008216772056819702,0.0372667686610179,0.03664107064259617,292.0,CD56_dim CD16+ NK,0.9246575
2785,20250114_WGS_20241218_sc_PICA0071-PICA0097_Pool_1_CGGGTAGCAAGTCCAT,3.4188711643218994,2.372617289272093,-1.4940317670002636,0.00746725522926226,0.03516823664100634,0.03454607370841218,265.0,CD56_dim CD16+ NK,1.0
2787,20250114_WGS_20241218_sc_PICA0071-PICA0097_Pool_1_CGGTATTCACTCGGGT,3.5581130981445312,1.5841367274714964,-1.4604886725289488,0.009145781994462816,0.04032905032562811,0.039669807154988884,268.0,CD56_dim CD16+ NK,0.99626863
2789,20250114_WGS_20241218_sc_PICA0071-PICA0097_Pool_1_CGGTGTAGTCTCGCTG,3.4453604221343994,3.7069782190576053,-2.0003868667251137,0.001610721620753386,0.011649940298121591,0.011384854976313079,291.0,CD56_dim CD16+ NK,0.9656357
2795,20250114_WGS_20241218_sc_PICA0071-PICA0097_Pool_1_CGTTATACAAATTTCG,3.445507764816284,22.54427350521087,-2.6129465912585603,6.119217020721062e-05,0.0012032017339545546,0.0011620432019254496,301.0,CD56_dim CD16+ NK,0.8372093
2797,20250114_WGS_20241218_sc_PICA0071-PICA0097_Pool_1_CTAATACAGGGGTGTA,3.24889874458313,1.7339526262007925,-1.5753479314859202,0.005677009948307114,0.02884178700400896,0.02830850573683267,317.0,CD56_dim CD16+ NK,1.0
2800,20250114_WGS_20241218_sc_PICA0071-PICA0097_Pool_1_CTAGCTTTCGCACAAC,3.303982734680176,12.553872646911149,-1.656373943991082,0.00556956342090241,0.02850169831652449,0.027974641127331834,433.0,CD56_dim CD16+ NK,1.0
2802,20250114_WGS_20241218_sc_PICA0071-PICA0097_Pool_1_CTATCACTCGGACTTA,3.3379530906677246,11.692263135281506,1.6076793501218056,0.022028173751524188,0.07475009976791759,0.0737744125051025,317.0,CD56_dim CD16+ NK,0.95268136
2806,20250114_WGS_20241218_sc_PICA0071-PICA0097_Pool_1_CTCACGACAACGAGGT,3.629194498062134,11.26892998097729,-1.675087050178409,0.01657877678779966,0.06155956657995267,0.060706757772273384,204.0,CD56_dim CD16+ NK,0.96568626
2807,20250114_WGS_20241218_sc_PICA0071-PICA0097_Pool_1_CTCAGGTAGCCTAATG,3.960151433944702,1.0021411421478665,-1.654054589479255,0.013871491773247832,0.053968430275775824,0.053181498463988466,156.0,CD56_dim CD16+ NK,0.99358976
2812,20250114_WGS_20241218_sc_PICA0071-PICA0097_Pool_1_CTCGGTTGTGGTTATA,3.7029471397399902,0.7394228822020565,-2.2231441149751525,0.0016474945870570054,0.011881016967129255,0.011610467303978772,155.0,CD56_dim CD16+ NK,1.0
2814,20250114_WGS_20241218_sc_PICA0071-PICA0097_Pool_1_CTCGTGGAGCATTACG,3.5197837352752686,1.443233988672721,-1.5219374731317705,0.016684412896320954,0.06178877873746531,0.06093653238315291,270.0,CD56_dim CD16+ NK,0.91851854
2818,20250114_WGS_20241218_sc_PICA0071-PICA0097_Pool_1_CTGATTCTCAGTTGTG,3.7752325534820557,1.8076756006411034,1.4801001332147001,0.03104720365121691,0.09498323079755831,0.09386170749628504,218.0,Mixed,0.58715594
2820,20250114_WGS_20241218_sc_PICA0071-PICA0097_Pool_1_CTGCGTACAGTATTAT,3.1976044178009033,2.27519478908617,-1.822337398573776,0.0002670532952425623,0.003377075752804212,0.0032768299876089497,433.0,CD56_dim CD16+ NK,0.97459584
2829,20250114_WGS_20241218_sc_PICA0071-PICA0097_Pool_1_GCAAACCTCAAAGCCC,3.3264780044555664,1.6803411342518326,1.5096882553430946,0.0076966158535465255,0.035843519017985014,0.035215975181576396,288.0,CD56_dim CD16+ NK,0.9965278
2837,20250114_WGS_20241218_sc_PICA0071-PICA0097_Pool_1_GCATCAATCATTGTAA,3.8177006244659424,0.5607266155552224,-1.6614720476482,0.031578173582744465,0.09621121971346765,0.09507613814143902,102.0,CD56_dim CD16+ NK,1.0
2839,20250114_WGS_20241218_sc_PICA0071-PICA0097_Pool_1_GCATTAGTCAATGTGT,3.3599846363067627,11.32474467667325,1.5917142503720407,0.013439414990017962,0.052745688074369294,0.05196562549293653,263.0,CD56_dim CD16+ NK,0.92775667
2841,20250114_WGS_20241218_sc_PICA0071-PICA0097_Pool_1_GCGAATTGTAAGGGAC,3.14245867729187,12.441186523164484,1.7261861938623395,0.0024428371449215715,0.01584225721831626,0.015496376579018027,469.0,CD56_dim CD16+ NK,1.0
2847,20250114_WGS_20241218_sc_PICA0071-PICA0097_Pool_1_GCTACACAGGGGATTG,3.7198197841644287,2.4808621286131616,1.215264476511306,0.029483772489830876,0.0918295314470495,0.09071675881894292,320.0,CD56_dim CD16+ NK,0.959375
2853,20250114_WGS_20241218_sc_PICA0071-PICA0097_Pool_1_GCTGTTAAGAATTGTC,3.9064865112304688,10.97423724921326,-2.3125202349219283,0.015945385805153738,0.05983923640631218,0.058987031315150776,164.0,CD56_dim CD16+ NK,0.83536583
2859,20250114_WGS_20241218_sc_PICA0071-PICA0097_Pool_1_GGAATGAGTCGTCTTA,3.306824207305908,1.6848582400832899,2.4068638301167726,1.2469234501062876e-05,0.00041780418051010337,0.0004024097165711744,294.0,CD56_dim CD16+ NK,0.9863946
2864,20250114_WGS_20241218_sc_PICA0071-PICA0097_Pool_1_GGCAAGGGTGCAAGCC,3.04193377494812,3.6940143474506693,1.6340219550601431,0.0020997039582232426,0.014157552150894703,0.013847214622250581,684.0,CD56_dim CD16+ NK,0.998538
2865,20250114_WGS_20241218_sc_PICA0071-PICA0097_Pool_1_GGCAATCTCCCTAGGG,3.2859129905700684,12.107025795828442,2.715172098272411,1.1291768904888196e-07,1.828250190185646e-05,1.740493077410796e-05,399.0,CD56_dim CD16+ NK,0.99749374
2869,20250114_WGS_20241218_sc_PICA0071-PICA0097_Pool_1_GGCATTGGTCATTCCA,3.566547393798828,2.2462796916051295,-1.9680796562626286,0.009824576865805333,0.0425228061094237,0.041828508090763675,265.0,CD56_dim CD16+ NK,1.0
2871,20250114_WGS_20241218_sc_PICA0071-PICA0097_Pool_1_GGCGGATAGCGTTACA,3.3108363151550293,1.1678555797604133,2.6468331090050556,2.887988385416031e-05,0.000735131100380706,0.0007091963307189244,221.0,CD56_dim CD16+ NK,0.98190045
2876,20250114_WGS_20241218_sc_PICA0071-PICA0097_Pool_1_GGCTTGTAGAAGCGTG,3.363940715789795,11.445747101755794,1.612318655708545,0.005645773845575194,0.02869789378367453,0.028168273667006232,259.0,CD56_dim CD16+ NK,0.90733594
2877,20250114_WGS_20241218_sc_PICA0071-PICA0097_Pool_1_GGGATTGAGCCTCACC,3.391326904296875,2.3357214452242543,-1.1043201393547968,0.02839516645723618,0.08945340094986684,0.0883492956288867,377.0,CD56_dim CD16+ NK,0.8222812
2878,20250114_WGS_20241218_sc_PICA0071-PICA0097_Pool_1_GGGCTATTCCTGCGTC,3.343182325363159,22.632069072112834,-2.725442262609187,7.477657259490047e-05,0.0013765633327182342,0.0013296683067989229,431.0,CD56_dim CD16+ NK,0.9953596
2879,20250114_WGS_20241218_sc_PICA0071-PICA0097_Pool_1_GGGGTTCGTACGGATT,3.7300186157226562,1.554493274932571,-1.74849656761155,0.009491822699560063,0.04132867885185923,0.04065295946375871,266.0,CD56_dim CD16+ NK,0.7894737
2880,20250114_WGS_20241218_sc_PICA0071-PICA0097_Pool_1_GGGTAGCAGGGGTTTC,3.4109091758728027,3.141954388751766,-1.9212133139668357,0.0016810661456768247,0.012043769164409019,0.011773205295264332,434.0,CD56_dim CD16+ NK,0.88018435
2885,20250114_WGS_20241218_sc_PICA0071-PICA0097_Pool_1_GGTCTAGGTAACTCGG,4.353566646575928,20.48837733140448,-2.952179544414131,0.0056429121659549945,0.02869789378367453,0.028168273667006232,159.0,CD56_dim CD16+ KLRC2+ NK,0.9559748
2886,20250114_WGS_20241218_sc_PICA0071-PICA0097_Pool_1_GGTCTAGGTCGATTGG,3.6358284950256348,1.9318402814966442,-2.7466150601657042,5.398071266917211e-06,0.0002301638810015703,0.00022107644014650825,290.0,CD56_dim CD16+ NK,0.82758623
2889,20250114_WGS_20241218_sc_PICA0071-PICA0097_Pool_1_GGTTGGTTCCTAAACG,3.3607563972473145,2.963997836757231,4.443305105105579,0.00016155741296978315,0.0023789268687075243,0.0023050785739859372,414.0,CD56_dim CD16+ NK,0.8115942
2893,20250114_WGS_20241218_sc_PICA0071-PICA0097_Pool_1_GTAAGACAGGTAAGGT,3.3506991863250732,13.053177012846795,-1.5198293025681908,0.015597711750625383,0.058848356359789605,0.058004950339520286,423.0,CD56_dim CD16+ NK,0.8463357
2895,20250114_WGS_20241218_sc_PICA0071-PICA0097_Pool_1_GTAAGGAGTATCTGCC,3.4753506183624268,3.1784468765792155,-2.888709805242192,1.0212727771076405e-05,0.00036683790739745195,0.00035339088153909777,463.0,CD56_dim CD16+ NK,0.6349892
2901,20250114_WGS_20241218_sc_PICA0071-PICA0097_Pool_1_GTATAGTTCCATTGCT,3.9296276569366455,40.4964528472425,-1.9914599921124048,0.013949472180418606,0.05420759386560303,0.05342215931720289,166.0,CD56_dim CD16+ NK,0.78313255
2904,20250114_WGS_20241218_sc_PICA0071-PICA0097_Pool_1_GTCAACTCACAGTAAG,3.515324354171753,11.133316266228267,-2.4636699937804893,0.00020270217212774839,0.002750439528416597,0.002668085990816813,231.0,CD56_dim CD16+ NK,1.0
2913,20250114_WGS_20241218_sc_PICA0071-PICA0097_Pool_1_GTGCCCAAGAACTTGT,3.418290615081787,1.446597865244561,-1.5868243977088867,0.002546304083506706,0.016351787175113795,0.01599341167099607,277.0,CD56_dim CD16+ NK,0.9927798
2915,20250114_WGS_20241218_sc_PICA0071-PICA0097_Pool_1_GTGCGAGCAAGACGAC,3.5463738441467285,1.6509458359803555,-1.6847969019377553,0.02975784836242313,0.09244546332962164,0.09133002321233585,188.0,CD56_dim CD16+ NK,0.9893617
2919,20250114_WGS_20241218_sc_PICA0071-PICA0097_Pool_1_GTGCTGTAGACGTTAT,3.401230812072754,2.80955723841688,1.3633621380389476,0.019748893736360715,0.0698049344086435,0.06886153087329268,346.0,CD56_dim CD16+ NK,0.9913295
2924,20250114_WGS_20241218_sc_PICA0071-PICA0097_Pool_1_GTTAGTCCAGTGGTAA,3.2602553367614746,12.475590566841937,-1.6115101150196753,0.017307068474121095,0.06354525961184007,0.06267083152732651,377.0,CD56_dim CD16+ NK,1.0
2927,20250114_WGS_20241218_sc_PICA0071-PICA0097_Pool_1_GTTCGTTTCGGCCATG,3.560436725616455,22.453416894623945,1.6382422189297283,0.0031686866576052628,0.0190566131038275,0.018661205699994708,275.0,CD56_dim CD16+ NK,0.9127273
2929,20250114_WGS_20241218_sc_PICA0071-PICA0097_Pool_8_AAATGCTTCGTACATG,3.439199924468994,2.990571843169282,2.8335048464950545,1.0903984366490249e-05,0.00038117428952633305,0.00036715917364990857,380.0,CD56_dim CD16+ NK,0.9868421
2930,20250114_WGS_20241218_sc_PICA0071-PICA0097_Pool_8_AAATGTCTCCTTATGC,3.5034334659576416,1.7185173666897149,-1.4684957140798038,0.006370884934913156,0.03147684351743887,0.030907183278918726,303.0,CD56_dim CD16+ NK,1.0
2931,20250114_WGS_20241218_sc_PICA0071-PICA0097_Pool_8_AACAGAGGTGTGCATG,3.371807813644409,1.8370388466471617,2.04482114574515,0.0076178009016030345,0.03566220176062518,0.03503757518320036,317.0,CD56_dim CD16+ NK,0.76340693
2933,20250114_WGS_20241218_sc_PICA0071-PICA0097_Pool_8_AACCCTTTCATCCGTT,3.499835968017578,1.8170794945532442,1.6616074259900961,0.027057842847809804,0.08637291312176745,0.0852853099256604,239.0,CD56_dim CD16+ NK,0.9707113
2936,20250114_WGS_20241218_sc_PICA0071-PICA0097_Pool_8_AAGCGATAGCTCATAG,3.3096325397491455,4.244015902461675,-1.264946899014247,0.011488451157125478,0.04717496137925931,0.04645031945051337,511.0,CD56_dim CD16+ NK,0.9315069
2941,20250114_WGS_20241218_sc_PICA0071-PICA0097_Pool_8_ACATAGAAGCATGGAG,3.2343058586120605,2.991479338900993,1.1464113393870312,0.011314245987229023,0.046693186937659455,0.0459766867192604,480.0,CD56_dim CD16+ NK,1.0
2965,20250114_WGS_20241218_sc_PICA0071-PICA0097_Pool_8_AGGCCATTCAATCCCT,3.389394760131836,3.403114659798911,-1.5727127694180996,0.00732305153317407,0.03474921996786983,0.03412997676448399,421.0,CD56_dim CD16+ NK,0.9026128
2966,20250114_WGS_20241218_sc_PICA0071-PICA0097_Pool_8_AGGCCGTGTCGATGGC,3.4244296550750732,1.8221696963804743,1.3368579558408151,0.018632186465321384,0.06701192729824058,0.06609199526210897,322.0,CD56_dim CD16+ NK,0.9782609
2970,20250114_WGS_20241218_sc_PICA0071-PICA0097_Pool_8_AGTATCGTCAATATCA,3.6133458614349365,1.7834763005598622,-1.6312631873666357,0.010063085720227571,0.04317810577975625,0.042476076910486604,258.0,CD56_dim CD16+ NK,0.996124
2974,20250114_WGS_20241218_sc_PICA0071-PICA0097_Pool_8_AGTCGATGTACGGATT,3.49003005027771,1.2975712844937328,-1.6799427731229144,0.02156101413554226,0.07382879196535616,0.07285851313666394,229.0,CD56_dim CD16+ NK,1.0
2983,20250114_WGS_20241218_sc_PICA0071-PICA0097_Pool_8_ATAGCCTCAGTCACGC,3.3302066326141357,2.0398420468108345,2.4876028979845337,0.0002898703087845159,0.003564934346861755,0.003461587008012172,337.0,CD56_dim CD16+ NK,0.9703264
2992,20250114_WGS_20241218_sc_PICA0071-PICA0097_Pool_8_ATCTCTTCAGGCTTCA,3.9200611114501953,1.5242994834445744,-1.5796157116265221,0.013883430409904599,0.05399355427081334,0.053208580032308585,229.0,CD56_dim CD16+ NK,0.7991266
2995,20250114_WGS_20241218_sc_PICA0071-PICA0097_Pool_8_ATGAGGAGTAAACGGA,3.598372220993042,1.4382916172301194,1.6576782293404042,0.021252926102660965,0.07310145776442499,0.07213986899953044,211.0,CD56_dim CD16+ NK,0.9905213
3003,20250114_WGS_20241218_sc_PICA0071-PICA0097_Pool_8_ATTGGTTAGAACGGGC,3.3781769275665283,3.3410612158768043,-2.6043668462253335,0.00014909055236128732,0.002233330667752394,0.0021628268440567005,422.0,CD56_dim CD16+ NK,1.0
3005,20250114_WGS_20241218_sc_PICA0071-PICA0097_Pool_8_CAACAGCTCCTCTCGA,3.852933645248413,11.79818527594919,-1.4454612137782212,0.028934768114005072,0.09066043278977862,0.08954363857694352,197.0,CD56_dim CD16+ NK,0.99492383
3008,20250114_WGS_20241218_sc_PICA0071-PICA0097_Pool_8_CAACGTCAGCGTGAAG,3.7050364017486572,1.03289828861362,-1.759885085918021,0.006797623684044787,0.03291053748393018,0.03231550313566186,176.0,CD56_dim CD16+ NK,1.0
3011,20250114_WGS_20241218_sc_PICA0071-PICA0097_Pool_8_CACAAGGAGCTTGTGA,4.369755268096924,2.9673083941721803,-1.6468720915526505,0.004942009390361244,0.026075915642447035,0.025591274939091177,200.0,CD56_dim CD16+ NK,0.94
3012,20250114_WGS_20241218_sc_PICA0071-PICA0097_Pool_8_CACATCTTCCCGAATA,3.5138096809387207,13.211533378757846,3.0392020220720624,0.009621904206505154,0.04173728680681738,0.041052779148332365,271.0,CD56_dim CD16+ NK,0.797048
3013,20250114_WGS_20241218_sc_PICA0071-PICA0097_Pool_8_CACCCATGTCATCAGG,3.789466619491577,1.5933184185938294,-1.8714506195345095,0.0006371337896808933,0.006175670546860879,0.006010896235503094,243.0,CD56_dim CD16+ NK,0.9876543
3014,20250114_WGS_20241218_sc_PICA0071-PICA0097_Pool_8_CACCTATTCATGGTTG,3.495035409927368,1.5766364233755508,-2.040706371314452,0.004609685809864433,0.024814215799439633,0.024348973342535957,229.0,CD56_dim CD16+ NK,1.0
3020,20250114_WGS_20241218_sc_PICA0071-PICA0097_Pool_8_CAGCAGTTCCCACGCT,3.4208462238311768,1.7753245981722001,-2.661465606627727,0.00227874111909923,0.01502316936149248,0.014695385129395867,248.0,CD56_dim CD16+ NK,0.9314516
3025,20250114_WGS_20241218_sc_PICA0071-PICA0097_Pool_8_CATAAGTTCAATATCA,3.208594799041748,4.171830787893511,-1.4332326914775364,0.00562417390253636,0.028686030045515582,0.028155269168563195,500.0,CD56_dim CD16+ NK,0.978
3031,20250114_WGS_20241218_sc_PICA0071-PICA0097_Pool_8_CATTGGGGTGGCATTG,3.4398343563079834,11.347839736176464,-1.3943108566356865,0.020255532488542016,0.07111092321618938,0.07013960078200217,238.0,CD56_dim CD16+ NK,0.99159664
3038,20250114_WGS_20241218_sc_PICA0071-PICA0097_Pool_8_CCCATTGTCGTCCAAA,5.141458511352539,1.5897658951969706,-2.485706231422233,0.004456518256967269,0.024187967685611333,0.02373041106973725,111.0,CD56_dim CD16+ NK,0.7747748
3046,20250114_WGS_20241218_sc_PICA0071-PICA0097_Pool_8_CCGTAACAGCGTTAAT,3.399503231048584,2.193962809632804,-2.109619713523369,0.00013426967211292663,0.002073547003000399,0.002007176155927509,370.0,CD56_dim CD16+ NK,0.9972973
3048,20250114_WGS_20241218_sc_PICA0071-PICA0097_Pool_8_CCGTAATCACTGACGC,3.4898030757904053,1.1036901012884122,-1.6451620590046419,0.004195649863408137,0.023206820215852644,0.02275841096863549,183.0,CD56_dim CD16+ NK,0.93442625
3049,20250114_WGS_20241218_sc_PICA0071-PICA0097_Pool_8_CCGTCAACAACCACAT,3.347928047180176,2.5648411109203377,-1.8267126443496655,0.0003137469980688101,0.0037417937990022374,0.0036341069390429677,463.0,CD56_dim CD16+ NK,0.9892009
3055,20250114_WGS_20241218_sc_PICA0071-PICA0097_Pool_8_CGCAATATCGGTTCGG,3.880889415740967,1.0384388214976,-2.2178068228430314,0.010979657923179486,0.04569523033428015,0.04497951638931471,163.0,CD56_dim CD16+ NK,0.74846625
3056,20250114_WGS_20241218_sc_PICA0071-PICA0097_Pool_8_CGCCTAACAACGTTAC,3.531595230102539,1.9132603435378723,-1.2092774160413355,0.033201892304784014,0.10002196975364751,0.09886064518093025,292.0,CD56_dim CD16+ NK,0.9931507
3057,20250114_WGS_20241218_sc_PICA0071-PICA0097_Pool_8_CGCGTAAGTATCGGGC,3.3390731811523438,1.2880686339261955,2.28162669946561,0.0003891111728201482,0.004380724758230034,0.004257492508361393,246.0,CD56_dim CD16+ NK,0.91463417
3058,20250114_WGS_20241218_sc_PICA0071-PICA0097_Pool_8_CGCTACCTCCTCTCGA,3.289788007736206,4.304576097290577,2.1890264328485047,6.32566792732266e-05,0.0012267945617227434,0.0011849301785795035,470.0,CD56_dim CD16+ NK,0.99787235
3059,20250114_WGS_20241218_sc_PICA0071-PICA0097_Pool_8_CGCTCAACACGACGGA,3.9145522117614746,4.325364489147256,1.9212015235428908,0.021231371232049236,0.07310050062031029,0.07213817563222742,178.0,CD56_dim CD16+ NK,0.96629214
3062,20250114_WGS_20241218_sc_PICA0071-PICA0097_Pool_8_CGGATTCAGCTCTCAT,3.491659164428711,1.3141239752853804,-1.5015803386135338,0.02983620410733683,0.09254116772842737,0.091426526788435,242.0,CD56_dim CD16+ NK,0.9917355
3065,20250114_WGS_20241218_sc_PICA0071-PICA0097_Pool_8_CGGTTCGAGACGTTAT,3.711073398590088,1.5798936623458508,-1.8024254804180655,0.00438434140163481,0.023914810159194083,0.02345554526978312,245.0,CD56_dim CD16+ NK,0.6612245
3069,20250114_WGS_20241218_sc_PICA0071-PICA0097_Pool_8_CGTTGTAAGGGTAGGC,3.8712971210479736,1.0724346955128072,-1.785435952416635,0.009879288341114532,0.042665878758579245,0.041971850422327886,179.0,CD56_dim CD16+ NK,0.65363127
3071,20250114_WGS_20241218_sc_PICA0071-PICA0097_Pool_8_CTAAGTCCACTCATAA,3.3921914100646973,1.5704982563068666,1.5724655285214624,0.004122967215204471,0.022959496911802855,0.022513998861610554,280.0,CD56_dim CD16+ NK,1.0
3075,20250114_WGS_20241218_sc_PICA0071-PICA0097_Pool_8_CTCCTACCAACGCGCT,3.72273325920105,1.1549953236664083,1.421351674424269,0.02682386827962957,0.08585929760557146,0.08478210661258449,197.0,CD56_dim CD16+ NK,0.97969544
3077,20250114_WGS_20241218_sc_PICA0071-PICA0097_Pool_8_CTCGAGTAGGGGTTTC,3.415989875793457,2.03007249891224,2.6803268278673107,3.02064666067798e-06,0.0001657996363660366,0.00015879856686378674,310.0,CD56_dim CD16+ NK,0.97096777
3086,20250114_WGS_20241218_sc_PICA0071-PICA0097_Pool_8_CTTCGTTAGGTCTGGT,3.424112558364868,1.2171753339121063,1.2691567412041187,0.02999669742417074,0.09292777377864914,0.09180799434158024,206.0,CD56_dim CD16+ NK,0.9951456
3088,20250114_WGS_20241218_sc_PICA0071-PICA0097_Pool_8_CTTGTCAGTGTGGCGT,3.34254789352417,2.5614337733087114,-1.3275336967181193,0.01624221061879183,0.06067583893365954,0.05981707811158287,381.0,CD56_dim CD16+ NK,0.9947507
3090,20250114_WGS_20241218_sc_PICA0071-PICA0097_Pool_8_GCATCGCCACGTAACT,3.456361770629883,2.213585250174485,2.280798457577375,0.005969073383634885,0.02990912609470359,0.029359744984127693,245.0,CD56_dim CD16+ NK,1.0
3093,20250114_WGS_20241218_sc_PICA0071-PICA0097_Pool_8_GCCTACCTCCAGCTAA,3.440037965774536,21.96185408969258,-3.06005792086141,1.5556697991047175e-07,2.1175937800207502e-05,2.017028014655117e-05,327.0,CD56_dim CD16+ NK,0.9724771
3095,20250114_WGS_20241218_sc_PICA0071-PICA0097_Pool_8_GCGGAGTAGCATCGCG,3.5348379611968994,1.310999204194164,-2.0546213037858645,0.0015645682790469237,0.01140826211464933,0.011148890580462393,199.0,CD56_dim CD16+ NK,0.8592965
3101,20250114_WGS_20241218_sc_PICA0071-PICA0097_Pool_8_GGAACGGGTCATTAAG,3.1202714443206787,3.012825013363134,-1.343235418402225,0.003598160242524102,0.02076477829473048,0.020346773882376937,576.0,CD56_dim CD16+ NK,0.9930556
3107,20250114_WGS_20241218_sc_PICA0071-PICA0097_Pool_8_GGCTAACTCAACCAAT,3.4006996154785156,3.799116208497094,-2.922948181166115,1.6526824257081497e-05,0.0005021446907529395,0.0004836615808092423,306.0,CD56_dim CD16+ NK,0.996732
3113,20250114_WGS_20241218_sc_PICA0071-PICA0097_Pool_8_GGTAAATCACTAGGCC,4.026317596435547,1.6575177962719634,1.810934014582722,0.0018199104541963612,0.012723873587145744,0.01244143932769395,235.0,CD56_dim CD16+ NK,0.8425532
3126,20250114_WGS_20241218_sc_PICA0071-PICA0097_Pool_8_GTAGGGCAGGGGTAGC,3.1830923557281494,2.989767788566998,-1.1459890247173545,0.02100879865346235,0.07274434992451936,0.07178123694266296,433.0,CD56_dim CD16+ NK,0.9815242
3131,20250114_WGS_20241218_sc_PICA0071-PICA0097_Pool_8_GTCGTAGGTAGTGTAC,3.4577882289886475,12.990349935938994,-1.7052484558170729,0.0037521573603458563,0.02141512291817325,0.020984902545428456,358.0,CD56_dim CD16+ NK,0.98044693
3132,20250114_WGS_20241218_sc_PICA0071-PICA0097_Pool_8_GTCTACAAGCGTAGAG,3.711019515991211,1.5505204923100995,-2.555249137808084,1.1126593727769346e-06,8.768645984980467e-05,8.374085132571337e-05,251.0,CD56_dim CD16+ NK,0.9402391
3137,20250114_WGS_20241218_sc_PICA0071-PICA0097_Pool_8_GTGGGATCAATGCTAC,3.3504767417907715,2.1320896655547656,-1.503240500411951,0.009853313087441988,0.0426097397824368,0.04191305778636654,352.0,CD56_dim CD16+ NK,0.77840906
3145,20250114_WGS_20241218_sc_PICA0071-PICA0097_Pool_5_AAAGCGCCACACAACT,3.6073451042175293,3.084436680586559,-3.7540341258609486,7.4249830655461405e-06,0.00029025201658212317,0.00027933960328442825,292.0,CD56_dim CD16+ NK,0.9931507
3148,20250114_WGS_20241218_sc_PICA0071-PICA0097_Pool_5_AACAGAGGTCTGTGGA,3.7658772468566895,1.592137119623945,-1.6412480872563426,0.019435127668134607,0.0690212660487638,0.06808766373700888,166.0,CD56_dim CD16+ NK,0.82530123
3149,20250114_WGS_20241218_sc_PICA0071-PICA0097_Pool_5_AACATTTCAACTCACG,3.4405202865600586,1.789159450070302,-1.7701678562388832,0.013756378835920713,0.05360525629456287,0.05281664454907341,264.0,CD56_dim CD16+ NK,0.99242425
3153,20250114_WGS_20241218_sc_PICA0071-PICA0097_Pool_5_AACTAAGAGCTCTGAA,3.433830499649048,1.167995370370039,-2.49693090149241,0.002410483934501568,0.015653050256278805,0.015312833170872897,215.0,CD56_dim CD16+ NK,1.0
3158,20250114_WGS_20241218_sc_PICA0071-PICA0097_Pool_5_AATATAGCAAATGAAC,3.278822422027588,11.908216620146806,1.3294111990844908,0.019810042661312192,0.0699451676961794,0.06899825598069427,368.0,CD56_dim CD16+ NK,0.98097825
3160,20250114_WGS_20241218_sc_PICA0071-PICA0097_Pool_5_AATCAGCGTGGAACTT,3.582622766494751,1.2609217158213628,-3.1646785789011638,0.00034784613491890034,0.004061939542875573,0.003945132678781482,208.0,CD56_dim CD16+ NK,0.9951923
3161,20250114_WGS_20241218_sc_PICA0071-PICA0097_Pool_5_AATCTAGGTCAAGGCC,3.4324562549591064,1.800055503598557,-2.1805556287029564,0.0007742451092506138,0.0070883722780927475,0.006905420260523204,292.0,CD56_dim CD16+ NK,0.989726
3162,20250114_WGS_20241218_sc_PICA0071-PICA0097_Pool_5_AATTGAGAGATTACAC,3.532792806625366,1.5146125602308096,-1.4216829204566002,0.01645869232662352,0.061240685711650755,0.06038491085993864,158.0,CD56_dim CD16+ NK,0.9936709
3165,20250114_WGS_20241218_sc_PICA0071-PICA0097_Pool_5_ACAGCACTCAAGTCCA,3.653719186782837,1.3940369874902467,-2.0147121576314477,0.0005804412997966643,0.005799114852228134,0.005640277833104282,204.0,CD56_dim CD16+ NK,0.84313726
3166,20250114_WGS_20241218_sc_PICA0071-PICA0097_Pool_5_ACAGGATAGCCTGCGA,3.4873900413513184,1.8613623408640867,1.5762296077611384,0.0054772709160487215,0.028213972659560594,0.02769087075773472,218.0,CD56_dim CD16+ NK,0.96330273
3167,20250114_WGS_20241218_sc_PICA0071-PICA0097_Pool_5_ACAGGTCTCCGGTTAA,3.5463454723358154,1.6940730017085284,-4.789173577231144,7.827993922719163e-07,6.764348081816357e-05,6.441436992864555e-05,272.0,CD56_dim CD16+ NK,0.9889706
3169,20250114_WGS_20241218_sc_PICA0071-PICA0097_Pool_5_ACATTATCAAAATCCC,4.628551483154297,1.235507563602211,2.560400170706166,0.001529672227650225,0.011245373966106245,0.01098517898899265,105.0,CD56_dim CD16+ NK,0.7904762
3170,20250114_WGS_20241218_sc_PICA0071-PICA0097_Pool_5_ACATTCCTCCGCTACC,3.4222347736358643,10.310862545511515,-1.6508406269063147,0.022521239751723047,0.07582253342249615,0.07484458013008877,377.0,CD56_dim CD16+ NK,1.0
3171,20250114_WGS_20241218_sc_PICA0071-PICA0097_Pool_5_ACATTGGTCCGTATTC,4.4641547203063965,0.8915320434369528,-2.1580134410690612,0.011879083501306585,0.04825602126654482,0.04752385642781381,104.0,CD56_dim CD16+ NK,1.0
3172,20250114_WGS_20241218_sc_PICA0071-PICA0097_Pool_5_ACCAACTCACAACGAA,3.587616205215454,2.8862550487019845,-1.61247680864125,0.017826308869552585,0.06494340557469028,0.06405347978543884,252.0,CD56_dim CD16+ NK,0.9880952
3177,20250114_WGS_20241218_sc_PICA0071-PICA0097_Pool_5_ACCTTTCAGGGTTAGG,3.915553331375122,1.608223956404425,-4.3570773075298135,3.5526023246637283e-06,0.0001796359414639152,0.00017222819923955684,194.0,CD56_dim CD16+ NK,0.9896907
3178,20250114_WGS_20241218_sc_PICA0071-PICA0097_Pool_5_ACCTTTGGTACAATTG,3.771333932876587,11.177659943248198,2.6845579810345725,0.00173127995367932,0.012296206794300634,0.012022211641480048,191.0,CD56_dim CD16+ NK,0.63874346
3182,20250114_WGS_20241218_sc_PICA0071-PICA0097_Pool_5_ACGGGTAAGGTAACCC,3.5469613075256348,6.063381967045458,-2.7470486920210417,0.00022309274401100543,0.00294991492785559,0.0028608698416600787,316.0,CD56_dim CD16+ NK,0.9968355
3184,20250114_WGS_20241218_sc_PICA0071-PICA0097_Pool_5_ACGTTCCGTCGTTAAA,3.3346807956695557,3.0988090323062565,-2.8552291719106107,1.4159786698866902e-07,2.02156606913823e-05,1.9238941756270143e-05,461.0,CD56_dim CD16+ NK,0.9978308
3187,20250114_WGS_20241218_sc_PICA0071-PICA0097_Pool_5_ACTAATCAGCTGCTAA,4.144562721252441,0.613921507690609,-3.5104793007948136,0.008797570540112909,0.03923262444121877,0.03858753254633738,104.0,CD56_dim CD16+ NK,0.97115386
3192,20250114_WGS_20241218_sc_PICA0071-PICA0097_Pool_5_ACTGAAGCACAATTCA,3.363677740097046,1.3941281694998993,1.3345018378956632,0.014726793014175597,0.056317406049162966,0.055499346041991506,258.0,CD56_dim CD16+ NK,0.9728682
3195,20250114_WGS_20241218_sc_PICA0071-PICA0097_Pool_5_ACTTCGGCAGCGCGAA,4.185471057891846,1.7349310642679159,-2.575317657468658,0.010391049780713273,0.044192623436020866,0.043490986510933756,94.0,CD56_dim CD16+ NK,0.9893617
3196,20250114_WGS_20241218_sc_PICA0071-PICA0097_Pool_5_ACTTCGTTCCTGCTAT,4.3414082527160645,2.7018289705927296,-2.389078977431607,0.006637751201182875,0.032258750410879375,0.03167258642572979,125.0,CD56_dim CD16+ NK,0.928
3197,20250114_WGS_20241218_sc_PICA0071-PICA0097_Pool_5_AGAATACCAAGTGTCT,3.3627591133117676,2.512881543512671,-3.6018459688825843,9.812943854178542e-07,7.989033876653952e-05,7.610342552573482e-05,404.0,CD56_dim CD16+ NK,0.99752474
3198,20250114_WGS_20241218_sc_PICA0071-PICA0097_Pool_5_AGAATGGGTACGTCAG,3.075883388519287,3.5134752093216655,-1.567647136286148,0.0007895563197940955,0.00718846516293127,0.007003300500063134,627.0,CD56_dim CD16+ NK,0.79585326
3199,20250114_WGS_20241218_sc_PICA0071-PICA0097_Pool_5_AGACACCTCAATTGTA,3.6729977130889893,2.981596920478278,-2.87217141531303,0.00017570699548555375,0.0025118097051523465,0.0024348254511396173,202.0,CD56_dim CD16+ NK,0.990099
3204,20250114_WGS_20241218_sc_PICA0071-PICA0097_Pool_5_AGCCGTCCAGCTATTA,3.561256170272827,11.151998982056844,-1.9842840866838192,0.003720397338041043,0.021295545715887456,0.020868523436973256,226.0,CD56_dim CD16+ NK,0.9778761
3205,20250114_WGS_20241218_sc_PICA0071-PICA0097_Pool_5_AGCCTGTAGCAATATC,3.3146355152130127,2.1294286575976322,2.5835028552323736,0.0002786676005158526,0.0034838267435629592,0.0033824305970901864,370.0,CD56_dim CD16+ NK,0.9297297
3206,20250114_WGS_20241218_sc_PICA0071-PICA0097_Pool_5_AGCGCAGCACCTTCTA,3.6766560077667236,11.970044321407546,-3.0563831884503156,3.4410452233576453e-06,0.00017747506018479667,0.00017013183583142278,251.0,CD56_dim CD16+ NK,0.9920319
3207,20250114_WGS_20241218_sc_PICA0071-PICA0097_Pool_5_AGCGGGAGTCCTAATT,3.5636069774627686,1.8982453159758341,-4.098014172580116,0.00012999046299315021,0.002020559476023746,0.0019557248039089683,246.0,CD56_dim CD16+ NK,0.94715446
3209,20250114_WGS_20241218_sc_PICA0071-PICA0097_Pool_5_AGCGTTGGTAGCCCTT,4.0703864097595215,0.6898994337930913,-1.8284449937562517,0.007664654532432679,0.035764440267799354,0.03514021284200011,119.0,CD56_dim CD16+ NK,0.9411765
3210,20250114_WGS_20241218_sc_PICA0071-PICA0097_Pool_5_AGGAATTCACATGAAG,3.379976272583008,11.926168227218222,-1.340553278050055,0.013703185992632233,0.05341910772197077,0.052633509359850596,326.0,CD56_dim CD16+ NK,0.9877301
3212,20250114_WGS_20241218_sc_PICA0071-PICA0097_Pool_5_AGGATTAAGGCTTCAA,4.447379112243652,2.958585207064048,-1.5360063427905835,0.027537943594450952,0.08759324583433527,0.0864988195223201,140.0,CD56_dim CD16+ NK,0.87142855
3213,20250114_WGS_20241218_sc_PICA0071-PICA0097_Pool_5_AGGCAGGGTCCTTTGA,3.6971025466918945,0.9459988338182159,-2.4053869583585947,0.006513618585275578,0.03192321228037299,0.03134331648775755,161.0,CD56_dim CD16+ NK,0.99378884
3216,20250114_WGS_20241218_sc_PICA0071-PICA0097_Pool_5_AGGGTCTTCCCCAGCT,3.783068895339966,1.7180997946592051,-2.180704858169082,0.0034311105905324426,0.0202096740036208,0.019800504642088816,169.0,CD56_dim CD16+ NK,0.9881657
3220,20250114_WGS_20241218_sc_PICA0071-PICA0097_Pool_5_AGTCCCGAGGGTAAGT,3.619612455368042,0.9128085669866921,-2.441679229638312,0.0007542391259735167,0.006951479699262737,0.006771414055952752,164.0,CD56_dim CD16+ NK,1.0
3221,20250114_WGS_20241218_sc_PICA0071-PICA0097_Pool_5_AGTGCAACACCCTTTA,3.686629295349121,2.535819590101612,2.1012326353307706,0.0005508120718481987,0.005615125085151167,0.005462233742069922,230.0,CD56_dim CD16+ NK,0.90869564
3222,20250114_WGS_20241218_sc_PICA0071-PICA0097_Pool_5_ATAAGTGAGGTTCAGC,3.4014689922332764,1.9824142764812789,-2.1693324812690147,3.268629866052793e-06,0.00017292483401239072,0.00016574370543487457,374.0,CD56_dim CD16+ NK,0.9946524
3223,20250114_WGS_20241218_sc_PICA0071-PICA0097_Pool_5_ATACAACTCCAGTAAT,3.549649715423584,2.7390163362228654,-1.5830262777807207,0.005645538081374779,0.02869789378367453,0.028168273667006232,327.0,CD56_dim CD16+ NK,1.0
3224,20250114_WGS_20241218_sc_PICA0071-PICA0097_Pool_5_ATACCCTTCCGTGTCC,3.4893336296081543,3.357163621895491,-3.2637812164612887,8.637146095982179e-06,0.0003253937557443938,0.00031332323697892125,321.0,CD56_dim CD16+ NK,1.0
3225,20250114_WGS_20241218_sc_PICA0071-PICA0097_Pool_5_ATACTCCTCAGGCCAT,3.5116684436798096,1.7283143989375465,1.9887351342269657,0.00098899869121856,0.00831857901711448,0.00811006514319983,243.0,CD56_dim CD16+ NK,0.9958848
3227,20250114_WGS_20241218_sc_PICA0071-PICA0097_Pool_5_ATATCTGCAGGACAAC,4.509979248046875,2.3845656326882785,-1.8700107252315792,0.0009292718574549614,0.008001972961353868,0.007801884018901494,268.0,CD56_dim CD16+ NK,1.0
3229,20250114_WGS_20241218_sc_PICA0071-PICA0097_Pool_5_ATCAGAGCAGTGCTCA,3.7148022651672363,2.741247607262753,-3.192770909690915,0.0006646515940867662,0.006350613824780537,0.006182143455836593,180.0,CD56_dim CD16+ NK,0.96666664
3233,20250114_WGS_20241218_sc_PICA0071-PICA0097_Pool_5_ATCGCTTTCACAACTG,3.548949718475342,2.2441438951467534,-1.2971303977531705,0.02050912896054754,0.07164376928735951,0.07067633658849427,324.0,CD56_dim CD16+ NK,1.0
3234,20250114_WGS_20241218_sc_PICA0071-PICA0097_Pool_5_ATCGGACTCAAACCGC,3.779460906982422,1.1156692661033993,-2.575912207355952,0.0036809023706276295,0.02113086786308437,0.020707092461555672,158.0,CD56_dim CD16+ NK,0.98734176
3236,20250114_WGS_20241218_sc_PICA0071-PICA0097_Pool_5_ATCTTAGCACCGGACT,3.5981547832489014,2.5099897813544567,-4.011746380424242,2.9083020764487724e-05,0.0007383939112138365,0.0007124384396875799,247.0,CD56_dim CD16+ NK,1.0
3237,20250114_WGS_20241218_sc_PICA0071-PICA0097_Pool_5_ATGGGTCTCCAATTCC,3.361737012863159,2.396010145506014,-2.722048475627289,1.046700637968796e-05,0.0003726225966067189,0.0003588658328718164,424.0,CD56_dim CD16+ NK,0.9787736
3241,20250114_WGS_20241218_sc_PICA0071-PICA0097_Pool_5_ATTACCACAACTGTCG,3.617452621459961,2.6231851198942433,-1.8555168260767425,0.001445459855845722,0.01078729169692137,0.010532583588063192,235.0,CD56_dim CD16+ NK,0.99148935
3242,20250114_WGS_20241218_sc_PICA0071-PICA0097_Pool_5_ATTATGCAGAACTCAT,3.587766408920288,1.4599272000779528,1.6993065361732833,0.005404504780547863,0.027918078968629786,0.027399147138420413,193.0,CD56_dim CD16+ NK,1.0
3246,20250114_WGS_20241218_sc_PICA0071-PICA0097_Pool_5_CAAACCATCACACATG,3.424506902694702,2.1126445355497454,-1.5998180367946868,0.0008958201103725953,0.007830278533523014,0.00763144480388088,378.0,CD56_dim CD16+ NK,0.9973545
3248,20250114_WGS_20241218_sc_PICA0071-PICA0097_Pool_5_CAAAGCCTCGGTTGTA,3.4156248569488525,2.915585256390658,-2.4576459204592256,3.0599900273606877e-06,0.0001657996363660366,0.00015879856686378674,398.0,CD56_dim CD16+ NK,0.8442211
3250,20250114_WGS_20241218_sc_PICA0071-PICA0097_Pool_5_CAAATGGCAGCTAGCC,3.523970365524292,1.396987226047504,-2.886408204014525,6.13404563874302e-05,0.001203714812495169,0.0011626090650413284,233.0,CD56_dim CD16+ NK,0.77253217
3255,20250114_WGS_20241218_sc_PICA0071-PICA0097_Pool_5_CAAGTATTCCATGGCG,3.4091827869415283,1.7823763718459777,2.29277019736875,0.00013053024737954262,0.0020217821807167837,0.001956934412223614,303.0,CD56_dim CD16+ NK,0.9966997
3256,20250114_WGS_20241218_sc_PICA0071-PICA0097_Pool_5_CAATGGGAGCCAATAT,3.428870916366577,1.3681571199286942,-3.1308743382346993,8.898805181194624e-05,0.00154606930934653,0.001493989704277638,297.0,CD56_dim CD16+ NK,1.0
3257,20250114_WGS_20241218_sc_PICA0071-PICA0097_Pool_5_CAATTCACAATCCGCA,3.6646604537963867,8.460029674428288,-3.4127751669500963,0.00012786296614618673,0.0019993302849302943,0.001934718780557039,338.0,CD56_dim CD16+ NK,0.9970414
3260,20250114_WGS_20241218_sc_PICA0071-PICA0097_Pool_5_CACAATCCAGTAGGGT,3.342367172241211,11.204938783470718,1.3693542728565158,0.017102747432827727,0.06295932920806649,0.062091358729070414,259.0,CD56_dim CD16+ NK,1.0
3261,20250114_WGS_20241218_sc_PICA0071-PICA0097_Pool_5_CACAGCAGTAATGGCT,3.428048849105835,1.5180504056946145,-2.3327693874218114,0.016085164220238736,0.06027194854833465,0.059417410879394186,231.0,CD56_dim CD16+ NK,0.7922078
3262,20250114_WGS_20241218_sc_PICA0071-PICA0097_Pool_5_CACAGCAGTGGAATTC,3.3464481830596924,2.614609974688726,-1.3676845447060693,0.01086209073850668,0.045421260824685304,0.04470555506558217,365.0,CD56_dim CD16+ NK,1.0
3265,20250114_WGS_20241218_sc_PICA0071-PICA0097_Pool_5_CACCCGAAGATGCCAC,3.330980062484741,2.2389876669577333,-3.6055889764877738,7.600990774953977e-07,6.685478582506395e-05,6.362971668786433e-05,419.0,CD56_dim CD16+ NK,1.0
3266,20250114_WGS_20241218_sc_PICA0071-PICA0097_Pool_5_CACCCGCGTGGATTGT,3.3796498775482178,2.932990447316365,-1.731223185155614,0.0013573560345164122,0.010317372141991648,0.010073208649234866,424.0,CD56_dim CD16+ NK,0.9976415
3267,20250114_WGS_20241218_sc_PICA0071-PICA0097_Pool_5_CACGAAGAGGTTAATC,3.5306529998779297,0.7908665345592927,-2.7669617784932927,0.0002917464237292059,0.0035701789070265934,0.003467423723765451,159.0,CD56_dim CD16+ NK,1.0
3268,20250114_WGS_20241218_sc_PICA0071-PICA0097_Pool_5_CACGAGTTCACGCTAA,3.937628984451294,0.5836225055173119,-3.3138403121489026,0.00805597260949808,0.03685990997499563,0.03623010083823044,136.0,CD56_dim CD16+ NK,0.9044118
3270,20250114_WGS_20241218_sc_PICA0071-PICA0097_Pool_5_CACGTCACAGGGTTAA,4.231539726257324,11.133273085006017,-3.174012635394321,0.0059927720228187984,0.02993343165590048,0.029386341535696532,134.0,CD56_dim CD16+ NK,0.97761196
3274,20250114_WGS_20241218_sc_PICA0071-PICA0097_Pool_5_CACTGCGAGCGTGTTA,3.2385435104370117,3.059494650978465,-1.6756042323730447,0.0011930585299743134,0.009417323380430258,0.00918834257989101,545.0,CD56_dim CD16+ NK,0.9926605
3275,20250114_WGS_20241218_sc_PICA0071-PICA0097_Pool_5_CACTTTCAGCAAGCCT,3.621061086654663,0.9338349978392406,-1.6852587862714092,0.007119806608267054,0.033931889162089376,0.0333276681243677,162.0,CD56_dim CD16+ NK,0.99382716
3276,20250114_WGS_20241218_sc_PICA0071-PICA0097_Pool_5_CAGCAGGCACAATAGG,3.2717695236206055,2.9060268899491133,2.144694647895488,1.1344340829104213e-05,0.0003907451101661035,0.0003763115759363596,494.0,CD56_dim CD16+ NK,0.937247
3279,20250114_WGS_20241218_sc_PICA0071-PICA0097_Pool_5_CAGCTGTAGACAACGG,3.38813853263855,2.354807329654702,1.393513200738259,0.005865913097344258,0.02952739393047434,0.028986123233763643,356.0,CD56_dim CD16+ NK,0.9775281
3281,20250114_WGS_20241218_sc_PICA0071-PICA0097_Pool_5_CATAGCGGTATGGTCG,3.7441160678863525,1.2819623609659425,-1.7432362276515567,0.004045105928213972,0.022642322414992623,0.022202042505962225,221.0,CD56_dim CD16+ NK,1.0
3283,20250114_WGS_20241218_sc_PICA0071-PICA0097_Pool_5_CATCATACAACGGACG,3.9296302795410156,0.8194012323287859,-4.42768809855442,1.8824579434536448e-06,0.00012236626560276488,0.00011698265045719359,134.0,CD56_dim CD16+ NK,0.98507464
3284,20250114_WGS_20241218_sc_PICA0071-PICA0097_Pool_5_CATGCACAGGCAGTGA,3.7049732208251953,1.0671439057433845,-3.2021069652305565,0.0016757369035763482,0.012014326227897094,0.011744543036831276,198.0,CD56_dim CD16+ NK,0.9191919
3286,20250114_WGS_20241218_sc_PICA0071-PICA0097_Pool_5_CATTAGCCACCGTTTC,3.477567195892334,0.9632966301090153,1.8968894651856523,0.01332998286266872,0.052481496718559464,0.051706228503135936,183.0,CD56_dim CD16+ NK,0.989071
3287,20250114_WGS_20241218_sc_PICA0071-PICA0097_Pool_5_CATTCGGCACACGTCA,3.377870559692383,1.4236944123036972,-1.8644718109041183,0.0014215384630449442,0.010657693762118557,0.010403973639403293,280.0,CD56_dim CD16+ NK,1.0
3289,20250114_WGS_20241218_sc_PICA0071-PICA0097_Pool_5_CCAACAGGTGGTTTAA,3.2578155994415283,3.672971829773995,-1.9326754844862655,0.00018532142975547105,0.002572756542015998,0.0024947472908103743,564.0,CD56_dim CD16+ NK,0.81028366
3293,20250114_WGS_20241218_sc_PICA0071-PICA0097_Pool_5_CCAGCTACAATTAAAG,3.4952149391174316,3.308634089765432,-3.7522847967097848,8.000131443432729e-07,6.793904728384122e-05,6.477030339475027e-05,347.0,CD56_dim CD16+ NK,0.98559076
3296,20250114_WGS_20241218_sc_PICA0071-PICA0097_Pool_5_CCGACTCTCAGGCACT,3.490431308746338,5.688411031827329,-2.3623847631621557,0.0007018071451978263,0.0066094667183019,0.006436328266385471,236.0,CD56_dim CD16+ NK,0.9745763
3303,20250114_WGS_20241218_sc_PICA0071-PICA0097_Pool_5_CCTATTGGTGTAAGGA,4.143710136413574,0.7292566853307141,2.189885293655667,0.01959788129606621,0.06942061440041289,0.06848531927517194,104.0,CD56_dim CD16+ NK,0.7019231
3305,20250114_WGS_20241218_sc_PICA0071-PICA0097_Pool_5_CCTGATAAGAAGCGGC,3.6832711696624756,1.6768414501167155,-3.1436691908282772,0.00011101679148787068,0.00180466404776735,0.0017456571666417627,157.0,CD56_dim CD16+ NK,0.85350317
3306,20250114_WGS_20241218_sc_PICA0071-PICA0097_Pool_5_CCTGATTTCATGCTTC,3.302253484725952,1.9878707490713114,1.9680450808295171,0.0038987373869531663,0.021996828178050196,0.021562499182011117,350.0,CD56_dim CD16+ NK,0.99142855
3311,20250114_WGS_20241218_sc_PICA0071-PICA0097_Pool_5_CCTTGCCAGCACCATA,3.676257610321045,2.4513203067257603,-3.014991406652726,2.5096067925411164e-05,0.0006575036306734717,0.000633930030047805,276.0,CD56_dim CD16+ NK,1.0
3315,20250114_WGS_20241218_sc_PICA0071-PICA0097_Pool_5_CGACGTAGTCCAGTGA,3.8733978271484375,10.725555536231662,-2.4736213997049625,0.007472045405504645,0.03516823664100634,0.03454607370841218,130.0,CD56_dim CD16+ NK,0.99230766
3316,20250114_WGS_20241218_sc_PICA0071-PICA0097_Pool_5_CGATGGTTCCTAGGGT,3.6138532161712646,4.031458303677393,-1.4200730427112787,0.03056289789937137,0.09405027731608981,0.09293729861433558,220.0,CD56_dim CD16+ NK,0.9727273
3319,20250114_WGS_20241218_sc_PICA0071-PICA0097_Pool_5_CGCCGTTTCATCGCGG,3.449136734008789,11.503275102307814,1.6582794079916041,0.013288533583213063,0.05236213773129275,0.05158660106089354,276.0,CD56_dim CD16+ NK,0.98550725
3320,20250114_WGS_20241218_sc_PICA0071-PICA0097_Pool_5_CGCGATTAGATGGGAT,3.298340320587158,1.6685878904663503,2.0960445839463837,0.00011582050632232264,0.0018642938035640527,0.001803347842869768,306.0,CD56_dim CD16+ NK,0.9836601
3323,20250114_WGS_20241218_sc_PICA0071-PICA0097_Pool_5_CGCTTCATCATCCCGC,3.125717878341675,4.431044781897883,1.390056099626554,0.006455510484811004,0.03174763504825698,0.031170659124220488,695.0,CD56_dim CD16+ NK,0.9913669
3324,20250114_WGS_20241218_sc_PICA0071-PICA0097_Pool_5_CGCTTTCCACGTAACT,4.341014862060547,12.247361083788766,1.8862844285430367,0.010867720207469622,0.045421260824685304,0.04470555506558217,163.0,CD56_dim CD16+ NK,0.6993865
3325,20250114_WGS_20241218_sc_PICA0071-PICA0097_Pool_5_CGGAATGAGGCGCTCA,3.6271328926086426,1.2453510757161552,-1.9173658537697074,0.0035827925252356627,0.02071249364207542,0.02029598593803762,192.0,CD56_dim CD16+ NK,0.9635417
3326,20250114_WGS_20241218_sc_PICA0071-PICA0097_Pool_5_CGGATATGTACGCCGG,3.79948353767395,0.792151262394984,-3.249148492809619,0.00026507427082832213,0.003357645763051858,0.0032582850032970003,169.0,CD56_dim CD16+ NK,1.0
3327,20250114_WGS_20241218_sc_PICA0071-PICA0097_Pool_5_CGGCTTGAGCCTGATA,3.326035976409912,1.5029096686325365,2.381477414681589,4.720634488801709e-05,0.001006676725189605,0.0009712266290514945,303.0,CD56_dim CD16+ NK,0.9669967
3328,20250114_WGS_20241218_sc_PICA0071-PICA0097_Pool_5_CGGGTACGTCTTGTCA,3.5394790172576904,0.8532519836576542,1.9709887820658716,0.0055156249386443265,0.028282862767379607,0.027761633169488622,165.0,CD56_dim CD16+ NK,0.9757576
3329,20250114_WGS_20241218_sc_PICA0071-PICA0097_Pool_5_CGGTCATAGGCCTGAT,4.196435928344727,0.5624520570266313,-2.8332603595740604,0.01426119339656136,0.05515783908501215,0.05436144535041791,118.0,CD56_dim CD16+ NK,0.91525424
3331,20250114_WGS_20241218_sc_PICA0071-PICA0097_Pool_5_CGTACATCAGGGCTCT,3.585604429244995,0.917474123157302,2.113110907152034,0.007111678895170759,0.03392598004664753,0.03332012941037446,150.0,CD56_dim CD16+ NK,0.9866667
3334,20250114_WGS_20241218_sc_PICA0071-PICA0097_Pool_5_CGTCTAAAGGGACACA,3.8062307834625244,2.6419970324330495,-3.554343372006113,5.5110315263023104e-05,0.001112483023885329,0.0010740851386644669,181.0,CD56_dim CD16+ NK,0.9944751
3335,20250114_WGS_20241218_sc_PICA0071-PICA0097_Pool_5_CGTTAGCAGCCGTTAA,3.672851800918579,1.5745838855478596,-2.8477181623121712,0.0006728574584728183,0.006404172776247085,0.006234399101850092,228.0,CD56_dim CD16+ NK,0.99122804
3339,20250114_WGS_20241218_sc_PICA0071-PICA0097_Pool_5_CTAAGGTGTGGGATGG,3.223473310470581,1.9636218161523873,3.5818793206572046,3.946272577577345e-07,4.1800786195391856e-05,3.9762968688194874e-05,375.0,CD56_dim CD16+ NK,0.9813333
3341,20250114_WGS_20241218_sc_PICA0071-PICA0097_Pool_5_CTACAGCAGGGAGAGG,3.988586664199829,11.426262159099206,3.7703869779214925,0.0003512102419833011,0.004079919921907428,0.0039633011443382824,150.0,CD56_dim CD16+ NK,0.78
3343,20250114_WGS_20241218_sc_PICA0071-PICA0097_Pool_5_CTATCGAAGAGACTTT,3.6419825553894043,2.699970993053106,-3.242378115663455,0.0001841352747191886,0.002572756542015998,0.0024947472908103743,264.0,CD56_dim CD16+ NK,0.95454544
3347,20250114_WGS_20241218_sc_PICA0071-PICA0097_Pool_5_CTCGAAATCACCATTC,3.4250431060791016,2.245139363876919,-3.471853721006992,4.173974338458775e-05,0.0009532517958092631,0.0009192945280111435,321.0,CD56_dim CD16+ NK,0.99688476
3348,20250114_WGS_20241218_sc_PICA0071-PICA0097_Pool_5_CTCGAAGGTCATAGTA,3.105081081390381,2.9433747974233855,2.1823356496424897,6.489961635254651e-06,0.0002609494370158921,0.00025094314944077285,483.0,CD56_dim CD16+ NK,0.99378884
3349,20250114_WGS_20241218_sc_PICA0071-PICA0097_Pool_5_CTCTCCGCAACACTAC,3.8059613704681396,1.1791055206878784,-3.319299481183953,3.245633305133391e-06,0.00017292483401239072,0.00016574370543487457,211.0,CD56_dim CD16+ NK,1.0
3350,20250114_WGS_20241218_sc_PICA0071-PICA0097_Pool_5_CTCTCGATCCAATCGA,3.471750497817993,3.6425108487930626,1.466749272061478,0.011556131669435041,0.047413349885716195,0.04668509178309291,311.0,CD56_dim CD16+ NK,0.977492
3352,20250114_WGS_20241218_sc_PICA0071-PICA0097_Pool_5_CTGCAAGGTAAGCCAT,3.727627992630005,0.9715739082274293,-2.140922469370302,0.003296289766047263,0.019656023296205558,0.01924987960590033,178.0,CD56_dim CD16+ NK,0.98876405
3354,20250114_WGS_20241218_sc_PICA0071-PICA0097_Pool_5_CTGTACGCAGCATTTA,3.2133450508117676,3.412218316231385,1.914102145860213,7.8964259122589e-06,0.0003050497712222056,0.0002935797186879461,469.0,CD56_dim CD16+ NK,0.96162045
3355,20250114_WGS_20241218_sc_PICA0071-PICA0097_Pool_5_CTGTAGCAGAGACGCA,3.6660828590393066,1.3027706511824375,-3.597869363734381,7.215835867176689e-06,0.00028433279651023026,0.0002735488215160725,195.0,CD56_dim CD16+ NK,0.95384616
3357,20250114_WGS_20241218_sc_PICA0071-PICA0097_Pool_5_CTGTGGAGTATCTGTT,3.2533860206604004,1.722595118569708,2.3660482570947403,0.0008390101138574799,0.007479718218651616,0.0072884074172224105,300.0,CD56_dim CD16+ NK,0.98333335
3358,20250114_WGS_20241218_sc_PICA0071-PICA0097_Pool_5_CTTGATGAGAACGACG,4.498789310455322,1.0662315449087942,-1.7764770418042608,0.0073832359057223115,0.034866853742699176,0.034249944066375645,153.0,CD56_dim CD16+ NK,0.7058824
3360,20250114_WGS_20241218_sc_PICA0071-PICA0097_Pool_5_GCCAAGGCAGCGGTCT,3.7474260330200195,2.3162180323876145,-3.5607297067950916,0.00031601267875433655,0.003764257434593675,0.0036562913196603445,246.0,CD56_dim CD16+ NK,1.0
3363,20250114_WGS_20241218_sc_PICA0071-PICA0097_Pool_5_GCGGTAGCACTAACCG,3.6948091983795166,0.5047695588678289,-3.0699777029876185,0.010001899381715548,0.04301720159515193,0.04231656526120592,116.0,CD56_dim CD16+ NK,1.0
3364,20250114_WGS_20241218_sc_PICA0071-PICA0097_Pool_5_GCGGTATTCCCGCTTA,3.381524085998535,1.4189251135711949,1.2407994152104296,0.018727029381582733,0.06720581655299508,0.06628567099415458,255.0,CD56_dim CD16+ NK,0.88235295
3365,20250114_WGS_20241218_sc_PICA0071-PICA0097_Pool_5_GCGTGCTCAGTAAACG,3.6617703437805176,1.681398348958735,-1.6839578117589233,0.004911319642968497,0.025969624156136698,0.02548670673685423,234.0,CD56_dim CD16+ NK,1.0
3366,20250114_WGS_20241218_sc_PICA0071-PICA0097_Pool_5_GCGTGTCCAATAGCGA,3.334587574005127,12.215620847877839,-2.584315555501252,0.0007046588732480376,0.0066182439398501675,0.006444463191219864,411.0,CD56_dim CD16+ NK,0.9367397
3369,20250114_WGS_20241218_sc_PICA0071-PICA0097_Pool_5_GCTACATCACGGCTAC,3.3823435306549072,2.2003841616036093,-3.6629512008809404,3.5278161300271795e-05,0.000849694784765226,0.0008193210247544694,383.0,CD56_dim CD16+ NK,0.7859008
3370,20250114_WGS_20241218_sc_PICA0071-PICA0097_Pool_5_GCTAGAGAGATGCTCA,3.888737678527832,1.9947978190250157,1.504766990543883,0.008938470602655516,0.03964931534526116,0.03900505212116837,222.0,CD56_dim CD16+ NK,0.9684685
3372,20250114_WGS_20241218_sc_PICA0071-PICA0097_Pool_5_GCTCAGTAGATTGTGT,3.580594539642334,2.0695717280850587,-3.258218931788424,1.789848883984243e-05,0.0005231988532975898,0.0005034547241572981,237.0,CD56_dim CD16+ NK,0.98734176
3374,20250114_WGS_20241218_sc_PICA0071-PICA0097_Pool_5_GCTGAGTTCGTAACTG,3.329972267150879,11.538310861502119,-2.190357291436762,0.0026590111500600297,0.016834138071491873,0.016469870593843874,284.0,CD56_dim CD16+ NK,0.99647886
3375,20250114_WGS_20241218_sc_PICA0071-PICA0097_Pool_5_GCTGGTTAGACCCACG,3.4641079902648926,1.6921281046293237,1.8098182886234295,0.005988720776987297,0.02993343165590048,0.029386341535696532,257.0,CD56_dim CD16+ NK,0.9922179
3376,20250114_WGS_20241218_sc_PICA0071-PICA0097_Pool_5_GCTTAAGTCCGGCAAT,3.155256748199463,2.5063408983778572,1.7542539754782738,0.004251158763182938,0.02344756108506843,0.022992492913114667,483.0,CD56_dim CD16+ NK,0.98550725
3378,20250114_WGS_20241218_sc_PICA0071-PICA0097_Pool_5_GCTTACTTCACCCTGC,3.3252458572387695,2.101875340187315,1.3535649394519997,0.029484388670225237,0.0918295314470495,0.09071675881894292,309.0,CD56_dim CD16+ NK,1.0
3379,20250114_WGS_20241218_sc_PICA0071-PICA0097_Pool_5_GCTTCGCTCGGCAATC,3.565068483352661,1.4294851169888583,-2.7350777339431507,0.00032760453728695327,0.0038719888147298416,0.0037612948881296537,263.0,CD56_dim CD16+ NK,0.88593155
3386,20250114_WGS_20241218_sc_PICA0071-PICA0097_Pool_5_GGACAATAGCCTAGAC,3.2584853172302246,5.738121378697449,-3.5599225739469706,2.2441192348099943e-08,6.855978569957635e-06,6.500617990493805e-06,616.0,CD56_dim CD16+ NK,1.0
3388,20250114_WGS_20241218_sc_PICA0071-PICA0097_Pool_5_GGACTGAAGAGTGTAA,3.612786054611206,1.3877818074059203,-2.853841430752207,9.729873542787455e-05,0.001632861742248709,0.0015777636375693676,237.0,CD56_dim CD16+ NK,0.9915612
3389,20250114_WGS_20241218_sc_PICA0071-PICA0097_Pool_5_GGAGCGAGTCTCATTG,3.5842056274414062,1.269863299178943,1.3360651611385745,0.017906149339297156,0.06513791622652004,0.06424852574992884,204.0,CD56_dim CD16+ NK,0.98039216
3390,20250114_WGS_20241218_sc_PICA0071-PICA0097_Pool_5_GGAGCTTTCACTAAAC,3.3615918159484863,1.4944480557443969,2.0497322511254663,0.0006205254536435258,0.006058271797663402,0.005894555918575199,241.0,CD56_dim CD16+ NK,0.966805
3393,20250114_WGS_20241218_sc_PICA0071-PICA0097_Pool_5_GGCCTTACAATCACGT,3.534905195236206,0.8091499855768294,-2.0753870714274014,0.00763111746728315,0.03567828104898259,0.035052776898940055,166.0,CD56_dim CD16+ NK,0.9939759
3394,20250114_WGS_20241218_sc_PICA0071-PICA0097_Pool_5_GGCCTTACACATATGC,3.912975311279297,1.2945663549141035,-2.1496179934330493,0.0033734348750680807,0.019994717179946754,0.019586775076137167,194.0,CD56_dim CD16+ NK,0.66494846
3396,20250114_WGS_20241218_sc_PICA0071-PICA0097_Pool_5_GGCGTTCCAATGCGGG,3.428611993789673,1.0106315408791675,1.9327145495266265,0.002756476862920555,0.01722972942679593,0.016864796579948597,190.0,CD56_dim CD16+ NK,0.96842104
3399,20250114_WGS_20241218_sc_PICA0071-PICA0097_Pool_5_GGGCAAATCCTCGCAC,3.803689479827881,4.06599577793507,3.332325315041454,5.070065239867463e-08,1.065413171372669e-05,1.0183293271624468e-05,272.0,CD56_dim CD16+ NK,0.9558824
3400,20250114_WGS_20241218_sc_PICA0071-PICA0097_Pool_5_GGGCATTTCGGACTAC,3.569216012954712,5.197226680794705,-1.5049237248740157,0.021826010335479155,0.07439609349481417,0.073418387573681,340.0,CD56_dim CD16+ NK,0.9470588
3403,20250114_WGS_20241218_sc_PICA0071-PICA0097_Pool_5_GGGTACAAGATTCACG,3.209045648574829,1.57969568139863,1.5622961547272358,0.007103470944554569,0.03390324238120497,0.03329729922155998,325.0,CD56_dim CD16+ NK,0.96615386
3404,20250114_WGS_20241218_sc_PICA0071-PICA0097_Pool_5_GGGTATACACACTCGA,3.5397565364837646,1.834972760922126,-4.363685603580224,1.510610665495384e-08,5.471713695567208e-06,5.1643950038979335e-06,235.0,CD56_dim CD16+ NK,0.9957447
3405,20250114_WGS_20241218_sc_PICA0071-PICA0097_Pool_5_GGGTCAGCACATTCCC,3.6728901863098145,2.1547200144814984,-2.4010207618036254,0.00013766805309533002,0.0021124112010001495,0.0020450708343611556,272.0,CD56_dim CD16+ NK,0.9963235
3408,20250114_WGS_20241218_sc_PICA0071-PICA0097_Pool_5_GGGTTCAGTGGGACTC,3.6306090354919434,0.8368698985303463,-3.139677399866461,2.1012407527655374e-05,0.0005847266286862516,0.0005629562028181715,149.0,CD56_dim CD16+ NK,1.0
3413,20250114_WGS_20241218_sc_PICA0071-PICA0097_Pool_5_GGTTCATCAATTCGAC,3.520411968231201,2.226552689124746,-3.986782359529916,9.104751943951465e-05,0.0015684708762688782,0.001515731727842724,308.0,CD56_dim CD16+ NK,0.8051948
3415,20250114_WGS_20241218_sc_PICA0071-PICA0097_Pool_5_GGTTCGCCAATACGGA,4.1068854331970215,0.9114962951150942,-3.147839303644064,2.4636767762863277e-05,0.0006471914646185763,0.0006238676052634282,152.0,CD56_dim CD16+ NK,0.9934211
3416,20250114_WGS_20241218_sc_PICA0071-PICA0097_Pool_5_GGTTCGGTCGGTATTG,4.1295061111450195,1.139608904247626,-3.2573649139988587,0.00314606022488722,0.018966853901691557,0.01857415544430654,108.0,CD56_dim CD16+ NK,1.0
3419,20250114_WGS_20241218_sc_PICA0071-PICA0097_Pool_5_GTACGTCAGATGGGCA,3.7502267360687256,1.1722199475387758,-1.7735273537192773,0.0077985075679126185,0.03608412308666379,0.03545292183318969,173.0,CD56_dim CD16+ NK,0.95953757
3420,20250114_WGS_20241218_sc_PICA0071-PICA0097_Pool_5_GTAGAACAGAAGCCAG,3.236633777618408,12.89051903894432,1.7569255813319664,0.008670498603643741,0.03877125816817725,0.038128024056648814,453.0,CD56_dim CD16+ NK,0.99558496
3423,20250114_WGS_20241218_sc_PICA0071-PICA0097_Pool_5_GTAGCATGTCTAACCC,3.6046745777130127,1.9634295742122843,-3.526006404337304,0.00020015947969864769,0.002720296044511874,0.0026387588299609994,250.0,CD56_dim CD16+ NK,0.984
3429,20250114_WGS_20241218_sc_PICA0071-PICA0097_Pool_5_GTGCACCCACTGGGAG,3.661151647567749,0.7940114775389805,-2.5970099185728484,0.010978574510661624,0.04569523033428015,0.04497951638931471,158.0,CD56_dim CD16+ NK,0.886076
3430,20250114_WGS_20241218_sc_PICA0071-PICA0097_Pool_5_GTGCGAAAGCACGTCG,3.559918165206909,1.4401403391663246,-1.8219766860019524,0.004082398677595472,0.0228223804277238,0.02237676419520877,240.0,CD56_dim CD16+ NK,0.93333334
3431,20250114_WGS_20241218_sc_PICA0071-PICA0097_Pool_5_GTGCTAATCCCGAAAC,3.8453080654144287,2.237151909266236,-2.16172200577621,0.012377019321139092,0.049739383691843525,0.049002508070289476,187.0,CD56_dim CD16+ NK,0.98395723
3432,20250114_WGS_20241218_sc_PICA0071-PICA0097_Pool_5_GTGGCAGCAGTTACTA,3.437462091445923,1.7377616765449326,-2.401156109676633,0.001124235412329306,0.009092646179684723,0.00886885124350986,261.0,CD56_dim CD16+ NK,0.7816092
3433,20250114_WGS_20241218_sc_PICA0071-PICA0097_Pool_5_GTGGTAACACAAATGG,3.552241325378418,1.5853645488567851,-2.1221119534411685,0.0013355645994484395,0.010191051021817643,0.00995016334698115,281.0,CD56_dim CD16+ NK,0.9857651
3434,20250114_WGS_20241218_sc_PICA0071-PICA0097_Pool_5_GTGGTCAGTATACGGT,3.506462574005127,11.032406248708288,2.8483817426333395,2.0654492623378795e-05,0.0005796792217461666,0.0005580324354812553,184.0,CD56_dim CD16+ NK,0.98913044
3435,20250114_WGS_20241218_sc_PICA0071-PICA0097_Pool_5_GTGGTTATCGCATAAT,3.446500062942505,2.824271078518617,-1.6715297806619895,0.014280581174010152,0.05520083216823141,0.054403859934547556,299.0,CD56_dim CD16+ NK,0.9598662
3436,20250114_WGS_20241218_sc_PICA0071-PICA0097_Pool_5_GTGTGCAGTAGAATGG,3.4032773971557617,1.8870701183176746,3.2446479744274614,0.006204607734789505,0.030770913176549352,0.030212164320658992,288.0,CD56_dim CD16+ NK,0.7048611
3438,20250114_WGS_20241218_sc_PICA0071-PICA0097_Pool_5_GTGTTGGGTCAATATG,3.54963755607605,0.8570515692904754,-2.6290271747868945,0.00258808283362392,0.016544584032465434,0.016184373158590414,185.0,CD56_dim CD16+ NK,0.9837838
3439,20250114_WGS_20241218_sc_PICA0071-PICA0097_Pool_5_GTTAAGCGTATAGCGT,3.6515653133392334,0.8868391107980129,-2.2854663490934626,0.006002551738139925,0.02993981628983109,0.029393335997695818,147.0,CD56_dim CD16+ NK,0.89115644
3440,20250114_WGS_20241218_sc_PICA0071-PICA0097_Pool_5_GTTAGAGCAAAGGCCG,3.6092000007629395,2.155710017863907,-2.167944939774561,0.0003357813179578245,0.003951949537876379,0.0038384496720789813,283.0,CD56_dim CD16+ NK,1.0
3446,20250814_WGS_20250814_sc_PICA0147-PICA0173_Pool_5_AAACTACTCCCAATAG,3.756552219390869,1.0376938387132568,2.163731745309131,0.0012289584477198907,0.009622449529351706,0.009391054422123306,160.0,CD56_dim CD16+ NK,0.9875
3451,20250814_WGS_20250814_sc_PICA0147-PICA0173_Pool_5_AACCATGTCAGTTGGC,3.5143046379089355,1.127507221534794,1.193473427054904,0.021059586479760202,0.07281782604847938,0.07185598025885295,219.0,CD56_dim CD16+ NK,0.9589041
3454,20250814_WGS_20250814_sc_PICA0147-PICA0173_Pool_5_AACCGGGCAACTGAGA,3.4077420234680176,1.9886810098980945,1.5796721815246437,0.016528718578925607,0.06141999499094536,0.060568615143709474,185.0,CD56_dim CD16+ NK,1.0
3456,20250814_WGS_20250814_sc_PICA0147-PICA0173_Pool_5_AACGGATAGGGTTCCG,3.4411489963531494,12.106001228143453,-2.0093250354236534,0.0013724274518361107,0.010407838974624732,0.010162055047565142,369.0,CD56_dim CD16+ NK,0.78590786
3457,20250814_WGS_20250814_sc_PICA0147-PICA0173_Pool_5_AACGTAAAGCTAGTAT,3.7183423042297363,0.9225640448492014,-2.1226409956213184,0.01531071552945884,0.058076957520484807,0.057234688770325046,133.0,CD56_dim CD16+ NK,0.7443609
3458,20250814_WGS_20250814_sc_PICA0147-PICA0173_Pool_5_AACTCGGGTGGTAGTT,3.891024112701416,1.4548513991740601,-2.0167788093053565,0.014876395732815096,0.0567793004122284,0.055954780347629136,221.0,CD56_dim CD16+ KLRC2+ NK,0.9049774
3459,20250814_WGS_20250814_sc_PICA0147-PICA0173_Pool_5_AAGCCACTCGGTTAGC,3.4887588024139404,11.693517140517727,-1.3425661446486319,0.017713427904267998,0.06462393986619974,0.0637408749726595,279.0,CD56_dim CD16+ NK,0.98207885
3460,20250814_WGS_20250814_sc_PICA0147-PICA0173_Pool_5_AAGCCTATCGGCCAAT,3.508344888687134,11.566397852589379,3.8993265511075554,0.001563199524822479,0.01140826211464933,0.011148890580462393,241.0,CD56_dim CD16+ NK,0.7966805
3461,20250814_WGS_20250814_sc_PICA0147-PICA0173_Pool_5_AAGGGCATCCCTAAAG,3.691490650177002,11.399395470660108,1.4322989271054276,0.020322266682603427,0.07127554789858045,0.07030278111835565,233.0,CD56_dim CD16+ NK,0.87982833
3462,20250814_WGS_20250814_sc_PICA0147-PICA0173_Pool_5_AAGGGCCAGCAGGCTT,3.357794761657715,21.946353598547397,-1.5032753427688565,0.00265268869892728,0.016804910850889154,0.016441693172697766,378.0,CD56_dim CD16+ NK,0.962963
3463,20250814_WGS_20250814_sc_PICA0147-PICA0173_Pool_5_AAGGTCTGTGGACTGC,3.4442036151885986,1.668644379734895,4.024139748092974,0.0002244987940758871,0.002964527641342579,0.0028750560380890185,275.0,CD56_dim CD16+ NK,0.64363635
3464,20250814_WGS_20250814_sc_PICA0147-PICA0173_Pool_5_AAGTAGGGTAAGTCTA,3.3758695125579834,11.644582016420717,2.0157782832577325,0.0019001233018594288,0.013117109072611936,0.012825415596209875,311.0,CD56_dim CD16+ NK,0.9903537
3465,20250814_WGS_20250814_sc_PICA0147-PICA0173_Pool_5_AATATCATCCAGCTCC,3.478970527648926,11.624176044543278,5.07504839759234,0.0004314092311743418,0.0046752610960378894,0.004544405690273779,259.0,CD56_dim CD16+ NK,0.7027027
3467,20250814_WGS_20250814_sc_PICA0147-PICA0173_Pool_5_AATGGCACACCAGAGG,3.2840235233306885,2.1338369087120013,1.4752156409129464,0.0058229101835414855,0.02936783046548707,0.028831769897138513,352.0,CD56_dim CD16+ NK,0.99715906
3468,20250814_WGS_20250814_sc_PICA0147-PICA0173_Pool_5_AATGGCGAGGTTCAAT,3.4375433921813965,1.1126664963857045,-1.807671688758643,0.004836646611428223,0.025657407522444494,0.025180664103043652,182.0,CD56_dim CD16+ NK,0.82417583
3469,20250814_WGS_20250814_sc_PICA0147-PICA0173_Pool_5_AATGGTAAGGGTAGGC,3.333033561706543,2.206987406701893,1.6759482878431846,0.0028061607792775737,0.017418708151646742,0.017046617137119822,304.0,CD56_dim CD16+ NK,0.9934211
3471,20250814_WGS_20250814_sc_PICA0147-PICA0173_Pool_5_AATTATGTCGGTATTG,3.374453544616699,1.6657901850419994,1.981376068055725,0.0005604748280100405,0.005691997454357637,0.005536579061952314,281.0,CD56_dim CD16+ NK,0.8790036
3472,20250814_WGS_20250814_sc_PICA0147-PICA0173_Pool_5_ACAATCGTCAGCATCA,3.4132440090179443,0.8048086981122999,1.46248964613428,0.02552497127808604,0.0828965032707208,0.08186100501452315,167.0,CD56_dim CD16+ NK,1.0
3473,20250814_WGS_20250814_sc_PICA0147-PICA0173_Pool_5_ACAATTCAGACAGCAG,4.00351619720459,1.409309990482169,-1.9488953605275818,0.0012450822674422665,0.009711247360707654,0.009479038980035324,134.0,CD56_dim CD16+ NK,0.9477612
3474,20250814_WGS_20250814_sc_PICA0147-PICA0173_Pool_5_ACACGGGCAGTATGGA,3.4468395709991455,2.0794380681280957,-1.4221468694621762,0.0027298266065342693,0.017150205293985386,0.016781939449810674,354.0,CD56_dim CD16+ NK,1.0
3477,20250814_WGS_20250814_sc_PICA0147-PICA0173_Pool_5_ACCCAACAGCAAACCC,4.4156646728515625,1.8420602797050905,-1.719220369593586,0.005478969617068259,0.028213972659560594,0.02769087075773472,166.0,CD56_dim CD16+ NK,0.9939759
3483,20250814_WGS_20250814_sc_PICA0147-PICA0173_Pool_5_ACCTCTCCACCATTCC,3.159938097000122,2.9704913965185558,1.5500687273473197,0.005429402082239539,0.028017307444809687,0.027495442516125023,523.0,CD56_dim CD16+ NK,0.9961759
3485,20250814_WGS_20250814_sc_PICA0147-PICA0173_Pool_5_ACGACACTCCAGCATA,3.4582271575927734,11.981464726999715,-1.3978068852567505,0.02152730278477815,0.0737875642772615,0.07281573079945905,232.0,CD56_dim CD16+ NK,0.98706895
3486,20250814_WGS_20250814_sc_PICA0147-PICA0173_Pool_5_ACGAGACCACCTAGCA,3.638241767883301,3.117236653440308,2.500758293627672,5.5541460799590246e-05,0.0011175260430790115,0.0010790032482797009,208.0,CD56_dim CD16+ NK,0.97596157
3489,20250814_WGS_20250814_sc_PICA0147-PICA0173_Pool_5_ACGCATATCGCTACTT,3.322258234024048,1.679598178542727,2.150466441322385,4.792187589715177e-05,0.0010168350338576285,0.0009809909657016468,313.0,CD56_dim CD16+ NK,0.99041533
3496,20250814_WGS_20250814_sc_PICA0147-PICA0173_Pool_5_ACTTCCGTCATATGTA,4.417206764221191,10.486315926598502,-1.4953712494363576,0.024941175632955025,0.08150982961370169,0.08048982245005246,109.0,CD56_dim CD16+ NK,0.95412844
3500,20250814_WGS_20250814_sc_PICA0147-PICA0173_Pool_5_AGACTTGTCCTCGAAA,3.2435059547424316,12.091490395475283,2.103719451641822,0.00025786579062254755,0.003290461014796264,0.0031923909630746706,399.0,CD56_dim CD16+ NK,0.97243106
3501,20250814_WGS_20250814_sc_PICA0147-PICA0173_Pool_5_AGAGGAAAGCCTTTAC,3.7349205017089844,1.2700584460054292,2.223391365308145,0.00017351832156104244,0.002488106238279227,0.0024116237637504564,205.0,CD56_dim CD16+ NK,0.9756098
3502,20250814_WGS_20250814_sc_PICA0147-PICA0173_Pool_5_AGAGGTAGTCCAACAG,3.277972936630249,3.5766127992522243,4.726711801236981,1.0553416348926463e-05,0.0003726225966067189,0.0003588658328718164,492.0,CD56_dim CD16+ NK,0.6869919
3504,20250814_WGS_20250814_sc_PICA0147-PICA0173_Pool_5_AGAGTGAGTCTTGGAG,3.6437795162200928,2.156226283399663,-3.0879706261742323,6.098696539935423e-06,0.00025030713025839247,0.00024064938929416643,273.0,CD56_dim CD16+ NK,0.71794873
3505,20250814_WGS_20250814_sc_PICA0147-PICA0173_Pool_5_AGCAGCAAGACCTTAG,3.230778694152832,23.413356730029626,6.434098386987223,4.638276060044208e-06,0.00020674958130088457,0.0001983710987784803,510.0,CD56_dim CD16+ NK,0.7294118
3508,20250814_WGS_20250814_sc_PICA0147-PICA0173_Pool_5_AGCGTGAAGGCCTGCA,3.3530542850494385,0.8779702000511446,-2.5681493571114222,0.0005705180808542556,0.00574403996931387,0.005585995214953242,157.0,CD56_dim CD16+ NK,1.0
3509,20250814_WGS_20250814_sc_PICA0147-PICA0173_Pool_5_AGGACGCAGCTCTGGG,3.2924606800079346,12.039106916742593,1.6037588252541186,0.009426726201129816,0.04118078927154315,0.04050511619726086,286.0,CD56_dim CD16+ NK,0.986014
3511,20250814_WGS_20250814_sc_PICA0147-PICA0173_Pool_5_AGGCACAAGCTAACAT,3.590352773666382,11.548357591367875,3.7902719875970745,0.0008886503329079909,0.007788340239747882,0.007588464162537822,255.0,CD56_dim CD16+ NK,0.80784315
3512,20250814_WGS_20250814_sc_PICA0147-PICA0173_Pool_5_AGGCCAAAGCTACATG,3.440086603164673,2.7045959841070344,5.655563580916687,2.035946540805857e-06,0.00012719657826119988,0.00012161536815559361,281.0,CD56_dim CD16+ NK,0.7117438
3513,20250814_WGS_20250814_sc_PICA0147-PICA0173_Pool_5_AGGCTTGGTCATTAAG,3.591667890548706,0.7700197973856338,2.452949861296944,0.0012011597879017142,0.009473678999695586,0.009243615822592997,131.0,CD56_dim CD16+ NK,0.99236643
3516,20250814_WGS_20250814_sc_PICA0147-PICA0173_Pool_5_AGGTAAGGTACAGGCC,3.1588969230651855,14.194359295253722,2.986875433237712,0.0010460386982895256,0.008637491380427591,0.008421525898439055,637.0,CD56_dim CD16+ NK,0.7535322
3518,20250814_WGS_20250814_sc_PICA0147-PICA0173_Pool_5_AGGTTTAGTAAATCCA,3.5554165840148926,2.662423910162396,-2.085744720253105,0.0014722237319974827,0.010953833824703326,0.010696157810738042,239.0,CD56_dim CD16+ NK,0.9916318
3521,20250814_WGS_20250814_sc_PICA0147-PICA0173_Pool_5_AGTGTACGTATTCTGT,3.373589277267456,21.07831865691896,2.2022103435939537,0.0006813493529866144,0.006453819688722249,0.006284160117184811,261.0,CD56_dim CD16+ NK,0.9885057
3523,20250814_WGS_20250814_sc_PICA0147-PICA0173_Pool_5_ATAAGACCAACGCCAC,3.287625312805176,3.0456859914925465,-1.721114248714094,0.0010245820420976784,0.00848877855063434,0.008275481136775837,483.0,CD56_dim CD16+ NK,0.8467909
3524,20250814_WGS_20250814_sc_PICA0147-PICA0173_Pool_5_ATAAGTACACTGCTTC,3.5281317234039307,1.7692555188853858,5.726278877992067,1.5528966598129668e-07,2.1175937800207502e-05,2.017028014655117e-05,233.0,Mixed,0.5450644
3525,20250814_WGS_20250814_sc_PICA0147-PICA0173_Pool_5_ATAAGTACAGGAACCG,3.6646032333374023,10.865712512329013,-2.4655358632247655,0.0011725947964687992,0.009330558432967803,0.009103862266216147,184.0,CD56_dim CD16+ NK,0.90217394
3526,20250814_WGS_20250814_sc_PICA0147-PICA0173_Pool_5_ATAAGTACAGTCATCG,3.2383158206939697,4.415332475397879,1.3545706534622575,0.020389493748656777,0.07142848610171335,0.07045342197770169,484.0,CD56_dim CD16+ NK,0.9793388
3529,20250814_WGS_20250814_sc_PICA0147-PICA0173_Pool_5_ATACGGTGTACTACAA,3.6941680908203125,2.0801277764489865,2.752165483017825,0.004472815074470927,0.02426305137588827,0.02380486615335337,241.0,CD56_dim CD16+ NK,0.75518674
3532,20250814_WGS_20250814_sc_PICA0147-PICA0173_Pool_5_ATATGTTCAACGCGCT,3.5524799823760986,1.002862328576745,4.04714316921083,0.0007205533575130617,0.006690076460755108,0.00651644736139292,170.0,CD56_dim CD16+ NK,0.7058824
3535,20250814_WGS_20250814_sc_PICA0147-PICA0173_Pool_5_ATCCACAAGGTCTATG,3.3505024909973145,1.9661525516967346,5.786554071987997,8.793083199004188e-05,0.0015358273509466357,0.0014841524409350817,306.0,CD56_dim CD16+ NK,0.6797386
3541,20250814_WGS_20250814_sc_PICA0147-PICA0173_Pool_5_ATGGCCAGTAGGAGGT,3.274064064025879,3.7894775439835398,-1.2670232680148998,0.031595096515386036,0.09621121971346765,0.09507613814143902,524.0,CD56_dim CD16+ NK,0.90648854
3542,20250814_WGS_20250814_sc_PICA0147-PICA0173_Pool_5_ATGGTAAAGCCGCCAA,3.515115737915039,2.808179655669382,-2.8840471520150897,2.4402079293809628e-05,0.0006427403292067344,0.0006192960913871055,313.0,CD56_dim CD16+ NK,0.74760383
3543,20250814_WGS_20250814_sc_PICA0147-PICA0173_Pool_5_ATGTCCGCAGCTAGGG,3.300738573074341,23.077564402770502,-2.743141815444115,8.325296278434999e-06,0.0003166505545902053,0.00030475259576876157,545.0,CD56_dim CD16+ NK,0.8678899
3545,20250814_WGS_20250814_sc_PICA0147-PICA0173_Pool_5_ATTGTCCTCAGCATTG,4.003155708312988,1.5758200178333124,2.0397003178140327,0.00510265639948362,0.026708962907180205,0.02621376520916917,127.0,CD56_dim CD16+ NK,0.984252
3546,20250814_WGS_20250814_sc_PICA0147-PICA0173_Pool_5_CAAAGCCTCACAGTTG,3.0508439540863037,4.415664446772997,1.294615019588378,0.005358769167495266,0.02774000791854749,0.027222677415558307,756.0,CD56_dim CD16+ NK,0.9973545
3547,20250814_WGS_20250814_sc_PICA0147-PICA0173_Pool_5_CAAAGCGAGACTGCCG,3.4127449989318848,1.9886293098630043,4.356363995044001,0.0009160178221116007,0.007940888875166757,0.007739707490775515,288.0,CD56_dim CD16+ NK,0.8159722
3548,20250814_WGS_20250814_sc_PICA0147-PICA0173_Pool_5_CAAATGTTCAGACACC,3.3768389225006104,2.1610460503059024,-1.43800618952855,0.031295662887020216,0.09554910739660111,0.0944206341396604,203.0,CD56_dim CD16+ NK,0.9852217
3549,20250814_WGS_20250814_sc_PICA0147-PICA0173_Pool_5_CAACCTCGTCCTAGAG,3.6957364082336426,1.3973395655476728,3.9159413862541084,0.0005772607109679834,0.005779060227383745,0.005620128456912045,172.0,CD56_dim CD16+ NK,0.90697676
3552,20250814_WGS_20250814_sc_PICA0147-PICA0173_Pool_5_CAATATGGTCGGTTAG,3.431626558303833,1.8488532832501599,-1.7475456340439908,0.001363478265919735,0.010347938673016418,0.010103599331999648,328.0,CD56_dim CD16+ NK,0.99390244
3553,20250814_WGS_20250814_sc_PICA0147-PICA0173_Pool_5_CAATCGATCATAGTGT,3.5182371139526367,1.3671111459532925,-1.5151062928115517,0.008920363046688256,0.039648171721155194,0.03899849023213135,260.0,CD56_dim CD16+ NK,0.99615383
3558,20250814_WGS_20250814_sc_PICA0147-PICA0173_Pool_5_CACAGCTAGAGGGTGC,3.2313666343688965,1.7850576031897356,2.4508485566505973,3.2741420288747256e-05,0.0008043285068938884,0.0007756230629696161,310.0,CD56_dim CD16+ NK,1.0
3559,20250814_WGS_20250814_sc_PICA0147-PICA0173_Pool_5_CACCCTGGTACCTGTC,3.3050286769866943,2.03770838320221,1.442266117891997,0.008479650970659978,0.03812553250204082,0.03749317921640822,333.0,CD56_dim CD16+ NK,0.996997
3560,20250814_WGS_20250814_sc_PICA0147-PICA0173_Pool_5_CACGTCGAGGGTTAGG,4.349458694458008,12.086067024149916,-1.4346942881090574,0.020502688066609837,0.07164376928735951,0.07067633658849427,153.0,CD56_dim CD16+ NK,0.9869281
3561,20250814_WGS_20250814_sc_PICA0147-PICA0173_Pool_5_CACTCCGGTCCTAATT,3.513612747192383,3.136668181542511,-2.2147240420186085,0.005489995355491792,0.028226484471268083,0.02770225298992595,258.0,CD56_dim CD16+ NK,0.78294575
3562,20250814_WGS_20250814_sc_PICA0147-PICA0173_Pool_5_CAGGATCTCGTACTTC,3.4317078590393066,2.3866630847536223,-1.8515057702575606,0.0011534474077990928,0.009222898063497454,0.008998042085052794,390.0,CD56_dim CD16+ NK,0.9948718
3563,20250814_WGS_20250814_sc_PICA0147-PICA0173_Pool_5_CAGGTCCCAGGGTATA,3.4081857204437256,11.544488443033014,2.569449623884315,4.3162350532798633e-05,0.0009576466285518312,0.0009238674506346446,232.0,CD56_dim CD16+ NK,0.98706895
3567,20250814_WGS_20250814_sc_PICA0147-PICA0173_Pool_5_CATAGTCCAGTAACCT,3.411832809448242,12.497702646369873,-1.8300608204381825,0.001404165874559305,0.01057525843293862,0.010324620266939184,371.0,CD56_dim CD16+ NK,0.9083558
3569,20250814_WGS_20250814_sc_PICA0147-PICA0173_Pool_5_CATCATTGTCTTCAAT,3.3736493587493896,1.8590093668465713,4.08947726755859,0.0014370234387112721,0.01074975135877186,0.010494932830871674,275.0,CD56_dim CD16+ NK,0.7381818
3574,20250814_WGS_20250814_sc_PICA0147-PICA0173_Pool_5_CCACAACAGAGTATTC,3.4481616020202637,2.775983806466485,-2.2875681643463297,0.0002907515289851644,0.003566809484791926,0.0034640359481691776,253.0,CD56_dim CD16+ NK,0.84189725
3575,20250814_WGS_20250814_sc_PICA0147-PICA0173_Pool_5_CCACACACAACAGAGC,3.540424346923828,11.984941765581876,1.2244181940774768,0.02417763557146478,0.07979024724103838,0.07877096585390826,291.0,CD56_dim CD16+ NK,0.9896907
3576,20250814_WGS_20250814_sc_PICA0147-PICA0173_Pool_5_CCAGAGAAGACTGATT,3.549818277359009,2.116614102562264,1.3912296407248301,0.008502512904502078,0.038176050420350945,0.0375424577656589,351.0,CD56_dim CD16+ NK,0.97151
3578,20250814_WGS_20250814_sc_PICA0147-PICA0173_Pool_5_CCCAATTTCCGACTAA,4.131643295288086,10.600417825176931,-2.6044782919412963,0.001045894096275819,0.008637491380427591,0.008421525898439055,132.0,CD56_dim CD16+ NK,0.67424244
3581,20250814_WGS_20250814_sc_PICA0147-PICA0173_Pool_5_CCGCAGTCAAGTATAA,3.232706308364868,3.4620959959593782,-1.3702290288856191,0.0004669147787958478,0.0049564412563770435,0.004819819243272323,571.0,CD56_dim CD16+ NK,0.98248684
3584,20250814_WGS_20250814_sc_PICA0147-PICA0173_Pool_5_CCTTACCCAGTGTCGC,3.660911798477173,0.8161367541492264,1.6406417351737188,0.018294364242627557,0.06613496592811893,0.06523081890242872,137.0,CD56_dim CD16+ NK,1.0
3595,20250814_WGS_20250814_sc_PICA0147-PICA0173_Pool_5_CGGGTAAAGCCTTATC,3.3232717514038086,22.19085899797831,1.9212235577215193,0.0003952268802265827,0.0044343735730205764,0.004309786397708812,370.0,CD56_dim CD16+ NK,0.9864865
3599,20250814_WGS_20250814_sc_PICA0147-PICA0173_Pool_5_CGTGAGCGTGGTTCGA,3.6398489475250244,1.2115309429246457,3.250905515845429,0.0055473604467990234,0.028402831476828056,0.027878341796374436,200.0,CD56_dim CD16+ NK,0.77
3600,20250814_WGS_20250814_sc_PICA0147-PICA0173_Pool_5_CGTGCCCGTCGTACAG,3.258251905441284,3.093741421041604,2.5658391882810068,0.0001817214270810051,0.0025609982520385997,0.0024827553352662433,476.0,CD56_dim CD16+ NK,0.75630254
3602,20250814_WGS_20250814_sc_PICA0147-PICA0173_Pool_5_CGTTAGGGTATTCAGA,3.148805618286133,3.51682110988215,3.41171108238152,4.1203481786555314e-11,2.029477495396782e-07,1.8248240571748968e-07,581.0,CD56_dim CD16+ NK,0.99139416
3603,20250814_WGS_20250814_sc_PICA0147-PICA0173_Pool_5_CGTTATGAGACCAGAG,3.2810866832733154,3.727912311945045,-3.2215672648910783,5.083181306924723e-08,1.065413171372669e-05,1.0183293271624468e-05,550.0,CD56_dim CD16+ NK,0.84909093
3605,20250814_WGS_20250814_sc_PICA0147-PICA0173_Pool_5_CGTTGACAGACGTCCG,3.2088382244110107,2.1719121532431784,1.3652685697552405,0.011046629081787813,0.045915756575819304,0.04519501095916537,397.0,CD56_dim CD16+ NK,0.98740554
3613,20250814_WGS_20250814_sc_PICA0147-PICA0173_Pool_5_CTAGTGGGTCCAACCT,3.3972747325897217,1.7605042081506328,3.785331204590778,0.001969377365601453,0.013509983585334203,0.013214024226658967,251.0,CD56_dim CD16+ NK,0.689243
3615,20250814_WGS_20250814_sc_PICA0147-PICA0173_Pool_5_CTATAGCCACTAACGT,3.781874179840088,1.0253441005931392,3.5622744797610117,0.0008255342089719903,0.0074130722957130345,0.007223892581452256,137.0,CD56_dim CD16+ NK,0.8321168
3616,20250814_WGS_20250814_sc_PICA0147-PICA0173_Pool_5_CTATTGCTCGTCCTAT,3.878418207168579,1.0810294419334796,-2.287249579099099,0.000602807648506936,0.005938258145441827,0.005777102980162769,174.0,CD56_dim CD16+ NK,0.8045977
3620,20250814_WGS_20250814_sc_PICA0147-PICA0173_Pool_5_CTCGATCGTGGTGGAG,3.384835720062256,3.8245446141104815,-2.4425986434262943,6.377978615634458e-08,1.1854616479738689e-05,1.1328267398550387e-05,664.0,CD56_dim CD16+ NK,1.0
3621,20250814_WGS_20250814_sc_PICA0147-PICA0173_Pool_5_CTCGCCAGTGTGCGTA,3.7236411571502686,11.874107703771681,4.816623740644684,3.292827375648535e-05,0.000806906529291386,0.0007782712602837249,216.0,CD56_dim CD16+ NK,0.7268519
3630,20250814_WGS_20250814_sc_PICA0147-PICA0173_Pool_5_CTTCTAATCAGCCAAC,3.593273639678955,1.2932367520785106,2.860958156155424,1.8376887727552697e-05,0.0005324432970709459,0.0005125425480926416,200.0,CD56_dim CD16+ NK,1.0
3631,20250814_WGS_20250814_sc_PICA0147-PICA0173_Pool_5_CTTCTCACACCCTAGA,3.433861494064331,5.878427165872033,1.9028506759068116,0.006272845068242371,0.03105215917952543,0.03048921410762402,288.0,CD56_dim CD16+ NK,0.9895833
3632,20250814_WGS_20250814_sc_PICA0147-PICA0173_Pool_5_GCAATCTCAGCGTGAG,3.862076759338379,1.2727740660832187,-1.5114699679735988,0.016893399362988237,0.062375141351123355,0.061512641671161224,193.0,CD56_dim CD16+ NK,0.97927463
3633,20250814_WGS_20250814_sc_PICA0147-PICA0173_Pool_5_GCAATGTGTATGCGAT,3.284703016281128,2.8551334075714845,4.978720495367818,1.7031583597048298e-05,0.0005099639210167866,0.000490914093273358,366.0,Mixed,0.57377046
3637,20250814_WGS_20250814_sc_PICA0147-PICA0173_Pool_5_GCGAAGGGTCCGTGTT,3.3593389987945557,1.7095300400016253,3.0051373896263045,0.011407507555768533,0.04697966426917885,0.04625774156973406,279.0,CD56_dim CD16+ NK,0.8064516
3638,20250814_WGS_20250814_sc_PICA0147-PICA0173_Pool_5_GCGCATCCAACATGCT,3.427983283996582,1.6816042877797381,3.113085038939702,0.025841885405029213,0.08368455395297265,0.08264192867277771,267.0,CD56_dim CD16+ NK,0.8651685
3639,20250814_WGS_20250814_sc_PICA0147-PICA0173_Pool_5_GCGGAGTAGCAAAGTA,3.4365642070770264,3.6758244405262848,-3.24303571846012,4.165731010522676e-06,0.00019223957999323416,0.00018437214744261693,325.0,CD56_dim CD16+ NK,0.80615383
3640,20250814_WGS_20250814_sc_PICA0147-PICA0173_Pool_5_GCTAACCAGGTAACCC,3.421637773513794,1.4063820921968575,-2.035754495575627,0.0011039581034101625,0.008987678741069018,0.008766441451229246,254.0,CD56_dim CD16+ NK,0.988189
3645,20250814_WGS_20250814_sc_PICA0147-PICA0173_Pool_5_GCTCGCTTCAGACTTG,3.652561664581299,1.1292478264044379,-1.5104157807029506,0.01627449146264366,0.06075029003353646,0.059894754005474435,182.0,CD56_dim CD16+ NK,0.97252744
3647,20250814_WGS_20250814_sc_PICA0147-PICA0173_Pool_5_GCTTCAGCAATACGGA,3.651784896850586,1.2135389671380334,-1.4779053333787475,0.010682418766994583,0.044927762399955544,0.04421870287741347,200.0,CD56_dim CD16+ NK,0.995
3648,20250814_WGS_20250814_sc_PICA0147-PICA0173_Pool_5_GGAATGGTCGGAATGG,3.6252195835113525,2.5966762604564946,1.6833129093135892,0.0008817452088551901,0.0077347035195302555,0.007535936343341091,383.0,CD56_dim CD16+ NK,0.98694515
3650,20250814_WGS_20250814_sc_PICA0147-PICA0173_Pool_5_GGAGCGTAGAGGTACG,3.522211790084839,12.174327181499045,1.317470018576119,0.030215778974883315,0.09330897764312712,0.09220032639415003,295.0,CD56_dim CD16+ NK,0.9898305
3652,20250814_WGS_20250814_sc_PICA0147-PICA0173_Pool_5_GGAGTTGAGACCAGGA,3.4052822589874268,2.080417649058286,-1.2659569475394463,0.030632972420600327,0.09415457451336469,0.0930403297218606,316.0,CD56_dim CD16+ NK,0.9968355
3655,20250814_WGS_20250814_sc_PICA0147-PICA0173_Pool_5_GGCTATATCCTCCAGC,3.358889579772949,2.7189052772243008,-2.0549385732640713,0.00011267837913870429,0.0018226514169053791,0.0017632617838782905,362.0,CD56_dim CD16+ NK,0.98342544
3656,20250814_WGS_20250814_sc_PICA0147-PICA0173_Pool_5_GGGATAAGTGCCCTAT,3.3146493434906006,2.054774571606455,3.334215768228358,8.772998286117245e-09,3.6843397377755748e-06,3.4391020693274892e-06,349.0,CD56_dim CD16+ NK,0.98567337
3665,20250814_WGS_20250814_sc_PICA0147-PICA0173_Pool_5_GGTTCGCCAAATCGAG,3.4993138313293457,2.1144603138016795,2.21982579270356,0.02665732996878221,0.0854822127351802,0.08441170344468156,355.0,CD56_dim CD16+ NK,0.73521125
3668,20250814_WGS_20250814_sc_PICA0147-PICA0173_Pool_5_GTAGGCTTCGGTCATA,3.7261056900024414,2.8463533655344015,1.6604293888485944,0.02463137201553425,0.08080041482684912,0.0797835316911294,191.0,CD56_dim CD16+ NK,0.9895288
3669,20250814_WGS_20250814_sc_PICA0147-PICA0173_Pool_5_GTATAGTTCCAAGTGC,3.422510862350464,1.388819704633609,2.5087418719640073,5.636162316469927e-06,0.0002342693459052542,0.00022509064793359906,252.0,CD56_dim CD16+ NK,0.99603176
3671,20250814_WGS_20250814_sc_PICA0147-PICA0173_Pool_5_GTATGGGAGCACAGGA,3.8765904903411865,1.7899104748317134,-2.5503264321468833,0.00030748358160545287,0.00368542297615562,0.003579177434815553,150.0,CD56_dim CD16+ NK,0.99333334
3678,20250814_WGS_20250814_sc_PICA0147-PICA0173_Pool_5_GTCCTTAGTACTACAA,3.2476911544799805,1.9031530426306924,1.9754661976358558,0.0006727800647406643,0.006404172776247085,0.006234399101850092,374.0,CD56_dim CD16+ NK,0.9973262
3679,20250814_WGS_20250814_sc_PICA0147-PICA0173_Pool_5_GTCGAGAAGAGTTTAC,3.4440343379974365,1.9629397639762365,-1.535745345447746,0.013526739751022754,0.053003943232826235,0.0522259279329081,212.0,CD56_dim CD16+ NK,0.9811321
3680,20250814_WGS_20250814_sc_PICA0147-PICA0173_Pool_5_GTCGGCGGTAAGTGTC,3.3833205699920654,3.423749313479022,-1.3911124769663064,0.01981696914425304,0.0699451676961794,0.06899825598069427,373.0,CD56_dim CD16+ NK,0.81233245
3684,20250814_WGS_20250814_sc_PICA0147-PICA0173_Pool_5_GTTAATCAGGGACGGT,3.405010938644409,1.5553439687685369,2.8864958131038776,3.1272021502456345e-05,0.000779346416542362,0.0007517647825700854,279.0,CD56_dim CD16+ NK,0.8996416
3689,20250814_WGS_20250814_sc_PICA0147-PICA0173_Pool_4_AACAGACAGGCTACCG,3.3300342559814453,3.7222361035543887,-2.710187299460443,4.914336518558073e-05,0.0010321491221698203,0.0009958441174871139,466.0,CD56_dim CD16+ NK,0.84334767
3693,20250814_WGS_20250814_sc_PICA0147-PICA0173_Pool_4_AAGGCTCTCCCACCTA,3.8931121826171875,1.784081420792078,-3.5101980507272206,4.599738677260953e-06,0.00020605556320143264,0.00019775078307173464,218.0,CD56_dim CD16+ NK,0.98623854
3694,20250814_WGS_20250814_sc_PICA0147-PICA0173_Pool_4_AAGGGCCAGACAGCCT,3.753568172454834,11.929465692148176,-2.069080515062454,0.0011026853384710814,0.008984790580680043,0.00876368634030426,237.0,CD56_dim CD16+ NK,0.9493671
3695,20250814_WGS_20250814_sc_PICA0147-PICA0173_Pool_4_AAGTAGGGTATCCGAG,3.439246892929077,2.1848801461713596,-2.798375692608895,0.00046240332116577373,0.004919152393956844,0.00478367721711578,273.0,CD56_dim CD16+ NK,0.978022
3696,20250814_WGS_20250814_sc_PICA0147-PICA0173_Pool_4_AAGTCGCTCGTCCGCT,3.4843761920928955,11.530355556443231,-1.769935371614948,0.014563871197684894,0.05586787195030914,0.055054520045037934,238.0,CD56_dim CD16+ NK,0.97899157
3697,20250814_WGS_20250814_sc_PICA0147-PICA0173_Pool_4_AATCTATCACACATAC,3.6340911388397217,1.035669269216943,1.6905356080017027,0.016430972014767984,0.06119527611246858,0.060338448520343806,168.0,CD56_dim CD16+ NK,0.96428573
3698,20250814_WGS_20250814_sc_PICA0147-PICA0173_Pool_4_AATGCGCTCACACCTT,3.6362051963806152,1.190676721446913,-3.433780400203751,0.00010773319415614435,0.0017658563987224258,0.0017079789298108656,182.0,CD56_dim CD16+ NK,0.99450547
3701,20250814_WGS_20250814_sc_PICA0147-PICA0173_Pool_4_ACAGCGAAGCGAGTAG,3.7864110469818115,1.3916239303586861,-4.383447761876568,3.086961578979951e-05,0.0007718187440236419,0.0007444946910450799,169.0,CD56_dim CD16+ NK,1.0
3707,20250814_WGS_20250814_sc_PICA0147-PICA0173_Pool_4_ACTTACGAGGTCCAGT,3.40995717048645,3.2713238898408354,-3.158369341404359,1.8827107429744405e-06,0.00012236626560276488,0.00011698265045719359,442.0,CD56_dim CD16+ NK,1.0
3709,20250814_WGS_20250814_sc_PICA0147-PICA0173_Pool_4_AGCGTGCGTACCTGTC,3.501167058944702,13.018273103884807,1.3349786479206103,0.03062014254060674,0.09414451440933738,0.09303116307761458,340.0,CD56_dim CD16+ NK,0.9852941
3715,20250814_WGS_20250814_sc_PICA0147-PICA0173_Pool_4_AGTTATATCGCTCCTA,3.534362316131592,1.6327361371658422,-3.0979062897934537,3.136006409361096e-05,0.000779346416542362,0.0007517647825700854,189.0,CD56_dim CD16+ NK,1.0
3719,20250814_WGS_20250814_sc_PICA0147-PICA0173_Pool_4_ATAATCGGTACCCATC,3.5854008197784424,11.174763904072362,-1.5175496326738236,0.015376015382513188,0.058234958682482664,0.057391468610539585,223.0,CD56_dim CD16+ NK,1.0
3721,20250814_WGS_20250814_sc_PICA0147-PICA0173_Pool_4_ATAGTAGAGGGAGAGG,3.824671983718872,0.7191320922217224,-2.152437568074238,0.0027446983848227347,0.017188826312071685,0.016824701935533475,132.0,CD56_dim CD16+ NK,0.97727275
3725,20250814_WGS_20250814_sc_PICA0147-PICA0173_Pool_4_ATCCTAGAGACGCGAA,3.1762168407440186,3.8257512438852324,0.9836088502102014,0.028122423908061286,0.08884990311684147,0.08775844564001775,653.0,CD56_dim CD16+ NK,0.9739663
3726,20250814_WGS_20250814_sc_PICA0147-PICA0173_Pool_4_ATCTCCGTCGCAGTGT,4.602818489074707,11.025797424182691,-1.353548190356899,0.02657303737452268,0.08537408124127316,0.08430567137027907,162.0,CD56_dim CD16+ KLRC2+ NK,0.6728395
3730,20250814_WGS_20250814_sc_PICA0147-PICA0173_Pool_4_ATGTGCGGTCTGGTGA,3.3877079486846924,2.793746576596709,-1.858239447845196,0.0014216028426985872,0.010657693762118557,0.010403973639403293,317.0,CD56_dim CD16+ NK,0.9589905
3731,20250814_WGS_20250814_sc_PICA0147-PICA0173_Pool_4_ATGTTCTGTACATAGC,3.505673885345459,1.0233549776570154,-1.9051555223129124,0.0024921476901902206,0.016077670191829596,0.0157254658852884,181.0,CD56_dim CD16+ NK,0.9944751
3733,20250814_WGS_20250814_sc_PICA0147-PICA0173_Pool_4_ATTCTGTGTAGGCGCT,3.6137583255767822,1.0813771955820637,-3.4630788220504503,0.0001415628136666237,0.0021520606133177624,0.0020842968027399537,178.0,CD56_dim CD16+ NK,1.0
3740,20250814_WGS_20250814_sc_PICA0147-PICA0173_Pool_4_CAAGACCTCACAACTG,3.3107645511627197,1.5033405538861617,-1.7046990879711754,0.0053769041314172365,0.02781926607068865,0.027299759226610598,221.0,CD56_dim CD16+ NK,0.9909502
3744,20250814_WGS_20250814_sc_PICA0147-PICA0173_Pool_4_CAGCCCTTCCGGAAAG,3.891385078430176,1.0179746624371446,-1.429066266601171,0.0328985235887637,0.09929024383361251,0.09813316856702854,152.0,CD56_dim CD16+ NK,0.9802632
3747,20250814_WGS_20250814_sc_PICA0147-PICA0173_Pool_4_CATCGCTGTATCCCTA,3.904996633529663,0.9518217597884902,-2.039799844529186,0.011927627777133331,0.0484332486531494,0.04770051313543078,120.0,CD56_dim CD16+ NK,1.0
3750,20250814_WGS_20250814_sc_PICA0147-PICA0173_Pool_4_CATGGATGTGGCGTTA,3.348311185836792,3.3835600707823534,2.1617278995179743,0.0013848672581822474,0.010473298637077856,0.010224853701043835,362.0,CD56_dim CD16+ NK,0.980663
3751,20250814_WGS_20250814_sc_PICA0147-PICA0173_Pool_4_CCACACACAATAGGGC,3.600816011428833,2.398863070015949,-2.226719743759417,3.9489306698493514e-05,0.0009218226547081981,0.0008889921385759884,340.0,CD56_dim CD16+ NK,0.7294118
3752,20250814_WGS_20250814_sc_PICA0147-PICA0173_Pool_4_CCACCTATCGCAAGCT,4.039945125579834,1.5245645308505065,-3.057092109399024,4.9244755600427934e-05,0.0010321491221698203,0.0009961042549644973,153.0,CD56_dim CD16+ NK,1.0
3755,20250814_WGS_20250814_sc_PICA0147-PICA0173_Pool_4_CCCATGTGTCTTAGTT,4.090053081512451,0.7536983439304819,-1.6466029914492168,0.01695594331120115,0.0625123493857195,0.06165042633492245,119.0,CD56_dim CD16+ NK,0.94957983
3756,20250814_WGS_20250814_sc_PICA0147-PICA0173_Pool_4_CCGAATTCAGGATGAC,3.5646355152130127,11.525990812225999,-2.067422208447355,0.00028552130005530813,0.003532778462395411,0.0034305229150995843,248.0,CD56_dim CD16+ NK,0.99596775
3757,20250814_WGS_20250814_sc_PICA0147-PICA0173_Pool_4_CCGCTGTTCCAACCTT,3.314688205718994,2.876449370583183,-1.1405453206465022,0.015894836637983422,0.05969634956012991,0.05884424366367599,461.0,CD56_dim CD16+ NK,0.9154013
3759,20250814_WGS_20250814_sc_PICA0147-PICA0173_Pool_4_CCTAGGCCACGTATCG,3.4754693508148193,1.1741287693789517,-1.8781669648699666,0.00092203334805968,0.007961979251946914,0.007761062935352722,205.0,CD56_dim CD16+ NK,0.98536587
3761,20250814_WGS_20250814_sc_PICA0147-PICA0173_Pool_4_CGAGTAGAGCTCAGGT,3.837528944015503,0.9880033914806288,-1.71577734669871,0.028980948062460356,0.09068149320629788,0.08956741319422469,113.0,CD56_dim CD16+ NK,1.0
3762,20250814_WGS_20250814_sc_PICA0147-PICA0173_Pool_4_CGATAATTCGCAATTG,3.966355085372925,31.11264052644675,-3.1078971754622744,0.0006476918507497166,0.006236962289086469,0.006071894302464703,196.0,CD56_dim CD16+ NK,0.9591837
3765,20250814_WGS_20250814_sc_PICA0147-PICA0173_Pool_4_CGCCAATAGGGTATCC,3.4309136867523193,2.9756517742338238,-2.596749400875522,3.789939488383864e-05,0.0008896072205341571,0.0008578988182071532,385.0,CD56_dim CD16+ NK,1.0
3770,20250814_WGS_20250814_sc_PICA0147-PICA0173_Pool_4_CGGTTTAAGGTAGCAG,3.5307302474975586,1.4482545842931243,-3.1031233444460518,9.69957488355378e-05,0.001630554815322326,0.0015753900466601483,214.0,CD56_dim CD16+ NK,0.9953271
3771,20250814_WGS_20250814_sc_PICA0147-PICA0173_Pool_4_CGTAATAGTGTCGAAT,3.4147026538848877,3.1205376578906847,-1.8624094508755036,0.0003599694432867652,0.004147437410313361,0.0040290563409722145,361.0,CD56_dim CD16+ NK,0.966759
3781,20250814_WGS_20250814_sc_PICA0147-PICA0173_Pool_4_CTTAACCTCCAGCAGT,3.842972755432129,2.36041625127341,-2.045542454126482,0.006830844973084698,0.03300536137234793,0.032411434787314904,137.0,CD56_dim CD16+ NK,0.919708
3783,20250814_WGS_20250814_sc_PICA0147-PICA0173_Pool_4_GCAACAGAGAACCCGT,3.2104086875915527,2.19111293794339,1.338323848034147,0.017479989618483342,0.06395827160137293,0.06307920198471796,338.0,CD56_dim CD16+ NK,0.97633135
3785,20250814_WGS_20250814_sc_PICA0147-PICA0173_Pool_4_GCACGTAGTCGAAGTT,3.676689863204956,22.474397391549466,-2.8396361932748175,1.4867595783730561e-05,0.00046792551458635704,0.0004508884625446277,278.0,CD56_dim CD16+ NK,0.97482014
3787,20250814_WGS_20250814_sc_PICA0147-PICA0173_Pool_4_GCCTAAATCAACCTCT,3.0932745933532715,4.5668807383675745,-1.5376270821705205,0.0009154812078175681,0.007940888875166757,0.007739707490775515,720.0,CD56_dim CD16+ NK,0.99722224
3792,20250814_WGS_20250814_sc_PICA0147-PICA0173_Pool_4_GCTACCACAACATCAC,3.5370490550994873,1.5299051167252937,-1.7733549491527616,0.0030575047227723103,0.01855187634040405,0.018159921061213898,254.0,CD56_dim CD16+ NK,0.984252
3793,20250814_WGS_20250814_sc_PICA0147-PICA0173_Pool_4_GCTACCGAGACATCCA,3.600858211517334,0.6452357213667033,-1.9944077288635802,0.012883194222490253,0.051287820843918294,0.05053097827379246,129.0,CD56_dim CD16+ NK,1.0
3795,20250814_WGS_20250814_sc_PICA0147-PICA0173_Pool_4_GGAACGGGTAACGAAG,3.705207347869873,10.989876258457386,-1.7641443115143152,0.00703048743226318,0.03365273648941914,0.033052042429689225,200.0,CD56_dim CD16+ NK,0.965
3798,20250814_WGS_20250814_sc_PICA0147-PICA0173_Pool_4_GGAGCTAAGATACGAA,4.136970520019531,1.73968271877504,-1.7788734418741332,0.002247342848005604,0.014868082199934992,0.014542805568867294,211.0,CD56_dim CD16+ NK,0.96682465
3799,20250814_WGS_20250814_sc_PICA0147-PICA0173_Pool_4_GGATGGTCACCTTTCA,3.6729795932769775,3.1127994016228504,-1.5697570243878982,0.009422931538620182,0.04118078927154315,0.04050511619726086,241.0,CD56_dim CD16+ NK,0.9834025
3800,20250814_WGS_20250814_sc_PICA0147-PICA0173_Pool_4_GGCATAACAGTATTCA,3.562708854675293,3.3104316572081007,-2.719659454009013,1.2163717731320637e-05,0.00041318890817668825,0.000398074450555634,274.0,CD56_dim CD16+ NK,0.8211679
3801,20250814_WGS_20250814_sc_PICA0147-PICA0173_Pool_4_GGGTTAACACGAACGG,3.6307427883148193,1.3914668196060564,-1.8537470121208859,0.0006640879818357501,0.006350613824780537,0.006182143455836593,253.0,CD56_dim CD16+ NK,1.0
3806,20250814_WGS_20250814_sc_PICA0147-PICA0173_Pool_4_GGTAGTGAGAACTTCG,3.2475461959838867,12.91059167805615,-1.0451628524763406,0.02660013610074609,0.0854100197941492,0.08433907655148515,566.0,CD56_dim CD16+ NK,0.99293286
3808,20250814_WGS_20250814_sc_PICA0147-PICA0173_Pool_4_GTAAAGGGTATGCCAG,3.2754836082458496,1.6317732412130697,-1.6895044345622772,0.0029478525318306662,0.018059263240711377,0.017678631766578346,312.0,CD56_dim CD16+ NK,1.0
3809,20250814_WGS_20250814_sc_PICA0147-PICA0173_Pool_4_GTAGAAGGTACAAGAG,3.2467775344848633,3.4079500807114425,-2.4068910595711044,1.1516434451999924e-06,8.93294455013002e-05,8.521497520269423e-05,635.0,CD56_dim CD16+ NK,0.9984252
3810,20250814_WGS_20250814_sc_PICA0147-PICA0173_Pool_4_GTAGGCGCAGTTCGCA,3.6096138954162598,1.120453059499263,-1.321325830339639,0.02772223007429509,0.08797874658347009,0.08688128131307939,176.0,CD56_dim CD16+ NK,0.96590906
3812,20250814_WGS_20250814_sc_PICA0147-PICA0173_Pool_4_GTCAATCCAAGGAGGA,3.3193957805633545,2.5102043202840356,-0.9852260664700097,0.031175398817963978,0.09534580992106897,0.09421844741547478,424.0,CD56_dim CD16+ NK,0.9787736
3813,20250814_WGS_20250814_sc_PICA0147-PICA0173_Pool_4_GTCACGAGTGTAAGCT,3.2253787517547607,2.5532943851163097,-1.5702387706625849,0.0019601467881886,0.013474330618962487,0.013179083534655812,382.0,CD56_dim CD16+ NK,1.0
3815,20250814_WGS_20250814_sc_PICA0147-PICA0173_Pool_4_GTCCAACAGACGGGTA,3.6164534091949463,2.05992620923755,-3.2160323459225704,5.176494184410428e-06,0.00022464160445210185,0.0002157099189583864,248.0,CD56_dim CD16+ NK,1.0
3816,20250814_WGS_20250814_sc_PICA0147-PICA0173_Pool_4_GTCCGATAGAGGATTA,3.340808629989624,2.010855031589455,1.660733637570337,0.024289373570856667,0.08002495620284583,0.0790049752857846,389.0,CD56_dim CD16+ NK,0.99228793
3817,20250814_WGS_20250814_sc_PICA0147-PICA0173_Pool_4_GTGAGTGAGCATGTTG,3.462200403213501,1.8758616852973802,1.1685097213769435,0.022280371480084177,0.07521725135377287,0.07423984097179039,318.0,CD56_dim CD16+ NK,0.9937107
3818,20250814_WGS_20250814_sc_PICA0147-PICA0173_Pool_4_GTGATTCCACACTCTC,3.4522359371185303,1.7836808627976481,-2.432806544192264,0.00046774056527132933,0.004959862549502546,0.0048231639551500295,282.0,CD56_dim CD16+ NK,0.8865248
3820,20250814_WGS_20250814_sc_PICA0147-PICA0173_Pool_4_GTGCGAAAGGTCCACG,3.1540658473968506,4.415520088972169,0.976017795508935,0.02848167364922178,0.08966857370357423,0.08856286962424484,653.0,CD56_dim CD16+ NK,0.9892802
3821,20250814_WGS_20250814_sc_PICA0147-PICA0173_Pool_4_GTGCGGTGTCTTGGAG,4.139176845550537,0.9189761704156382,-2.4060093199685997,0.001486889397978481,0.011013043202621064,0.01075603065266646,146.0,CD56_dim CD16+ NK,0.6369863
3822,20250814_WGS_20250814_sc_PICA0147-PICA0173_Pool_4_GTGGCAGCAACTAAGG,3.2562081813812256,12.726404315485219,1.4016807028525364,0.006971778403372087,0.033452990283301724,0.03285095538707394,406.0,CD56_dim CD16+ NK,0.9950739
3827,20250814_WGS_20250814_sc_PICA0147-PICA0173_Pool_4_GTTGGGTTCGCTTCCA,4.057992935180664,1.7623843494526734,-2.0293550691800615,0.009479212096047076,0.041318459450513156,0.0406414379837386,224.0,CD56_dim CD16+ KLRC2+ NK,0.6339286
3829,20250814_WGS_20250814_sc_PICA0147-PICA0173_Pool_1_AAACCAAAGGTAGACG,3.459502935409546,2.583920236686211,-2.891158104562647,1.7390898720998853e-07,2.2541808329021014e-05,2.146237611523698e-05,377.0,CD56_dim CD16+ NK,0.9973475
3831,20250814_WGS_20250814_sc_PICA0147-PICA0173_Pool_1_AAACCTCCAGCTCTAG,3.68735408782959,2.093575841102427,-2.68533913218416,0.0002494939108967904,0.003208569864548671,0.003112531107953442,327.0,Mixed,0.5963303
3833,20250814_WGS_20250814_sc_PICA0147-PICA0173_Pool_1_AAACGGTAGAATTCGT,3.6240832805633545,1.0496824408760559,-1.6476238646827253,0.019138114204009665,0.0682336456835683,0.06730380397863088,169.0,CD56_dim CD16+ NK,0.99408287
3836,20250814_WGS_20250814_sc_PICA0147-PICA0173_Pool_1_AAAGGAGAGCATGGTC,3.359830141067505,2.3105048858938733,-1.1316403421506438,0.03090566877308858,0.09469727623132057,0.09357888096975878,340.0,CD56_dim CD16+ NK,0.85588235
3837,20250814_WGS_20250814_sc_PICA0147-PICA0173_Pool_1_AAAGGTCAGCAGGGTA,3.6680080890655518,1.717731582851333,-1.4087322504761317,0.009382785822843496,0.04107017628149481,0.04039309002824589,267.0,CD56_dim CD16+ NK,0.8913858
3838,20250814_WGS_20250814_sc_PICA0147-PICA0173_Pool_1_AAAGTGCAGATACAAG,3.555936336517334,2.522266848690432,-1.1906072633096227,0.029604898657898268,0.0920864719542014,0.09097306386454991,323.0,CD56_dim CD16+ NK,1.0
3840,20250814_WGS_20250814_sc_PICA0147-PICA0173_Pool_1_AAATGACCAAAGCTCT,3.449572801589966,1.018374202675823,1.7427235179943752,0.006987917902460243,0.03350508374232615,0.03290251382522149,201.0,CD56_dim CD16+ NK,1.0
3843,20250814_WGS_20250814_sc_PICA0147-PICA0173_Pool_1_AAATTCGGTGTTGTAA,3.373917818069458,1.9579742923196357,1.6488045704861083,0.027359080539863065,0.08713685819534144,0.08603804766086834,225.0,CD56_dim CD16+ NK,0.9866667
3844,20250814_WGS_20250814_sc_PICA0147-PICA0173_Pool_1_AACGAACAGCAAAGCG,3.2733259201049805,2.5302751325118313,-2.025042755388843,0.0004743236442616075,0.005008105272905784,0.00487041168290038,409.0,CD56_dim CD16+ NK,0.9779951
3845,20250814_WGS_20250814_sc_PICA0147-PICA0173_Pool_1_AACGCGGCAAGTACAG,3.411928415298462,1.8886198191968007,4.6566399183126315,0.0009253233744409761,0.007981926936618262,0.007780433837786293,287.0,CD56_dim CD16+ NK,0.6759582
3850,20250814_WGS_20250814_sc_PICA0147-PICA0173_Pool_1_AAGCCGTTCGTTGCAA,3.3415160179138184,1.9331434893666326,-3.394878788598388,8.07841353894204e-06,0.0003096515633156344,0.00029809602173840093,278.0,CD56_dim CD16+ NK,0.99640286
3851,20250814_WGS_20250814_sc_PICA0147-PICA0173_Pool_1_AAGCGTGAGAATGATG,3.6820337772369385,1.1051582646255576,-2.157812204767064,0.0006915089590206167,0.00653748057131679,0.006365823394220976,172.0,CD56_dim CD16+ NK,0.99418604
3853,20250814_WGS_20250814_sc_PICA0147-PICA0173_Pool_1_AAGTACAAGATCCTAG,3.5678906440734863,1.8150107422871582,2.6057135249230803,0.00147903623862146,0.010987955033865343,0.010729798385102095,241.0,CD56_dim CD16+ NK,0.6887967
3854,20250814_WGS_20250814_sc_PICA0147-PICA0173_Pool_1_AAGTCTCCAACCTATA,3.257012128829956,22.251295970856788,-1.7250646166390238,0.0021765305334015784,0.014531470804036268,0.014214225850762839,377.0,CD56_dim CD16+ NK,0.99469495
3856,20250814_WGS_20250814_sc_PICA0147-PICA0173_Pool_1_AATCCCGCAACTGGGG,3.320957899093628,2.907109300628429,-2.937367300473056,4.338374695445801e-07,4.4059102190553186e-05,4.183990089175703e-05,386.0,CD56_dim CD16+ NK,0.97409326
3865,20250814_WGS_20250814_sc_PICA0147-PICA0173_Pool_1_ACAACGCTCCGTTCTG,3.8909947872161865,20.631450990673592,-2.9375270529043775,0.0007131811889171379,0.006640404434804089,0.006467390816185178,147.0,CD56_dim CD16+ NK,0.6938776
3867,20250814_WGS_20250814_sc_PICA0147-PICA0173_Pool_1_ACACATTAGAGACGAT,3.3304169178009033,3.4135019604559327,-1.3501996172757886,0.008557457737039836,0.03835282810171948,0.037713010065981614,379.0,CD56_dim CD16+ NK,0.9894459
3871,20250814_WGS_20250814_sc_PICA0147-PICA0173_Pool_1_ACAGAAGGTAACTCGG,3.3129570484161377,2.1855635299451595,-1.5847122215793084,0.007795359466734138,0.03608412308666379,0.03545292183318969,389.0,CD56_dim CD16+ NK,0.98971725
3873,20250814_WGS_20250814_sc_PICA0147-PICA0173_Pool_1_ACAGGACCACTTCATT,3.428591012954712,11.318322642313277,-2.205514496714233,0.00013578941485689242,0.002090096133992574,0.0020231440127949528,245.0,CD56_dim CD16+ NK,1.0
3878,20250814_WGS_20250814_sc_PICA0147-PICA0173_Pool_1_ACCCATGCACCTATAA,3.341768264770508,11.468069713329239,-1.953598923686841,0.00035948939246159024,0.004146756446298742,0.004028425598253219,305.0,CD56_dim CD16+ NK,1.0
3887,20250814_WGS_20250814_sc_PICA0147-PICA0173_Pool_1_ACGCCATAGAATACAG,3.491731643676758,0.7971752351545944,1.840220969342203,0.014093683545886557,0.05459570452635803,0.05380395192292573,147.0,CD56_dim CD16+ NK,0.99319726
3889,20250814_WGS_20250814_sc_PICA0147-PICA0173_Pool_1_ACGGTTGGTAAATCCA,3.3859570026397705,2.9267432283037578,-2.0226606751989737,0.0001863316499021334,0.002572756542015998,0.0024947472908103743,391.0,CD56_dim CD16+ NK,0.8670077
3892,20250814_WGS_20250814_sc_PICA0147-PICA0173_Pool_1_ACGTTACCAACTATCA,3.3805572986602783,11.998753093094003,2.1963046589830824,0.029321540300165858,0.0915810061816531,0.0904760991541596,302.0,CD56_dim CD16+ NK,0.79801327
3895,20250814_WGS_20250814_sc_PICA0147-PICA0173_Pool_1_ACTCGCTGTATCGCAG,3.3112730979919434,12.088724496384158,3.7448875336430896,0.0011241313778185718,0.009092646179684723,0.00886885124350986,350.0,CD56_dim CD16+ NK,0.76
3897,20250814_WGS_20250814_sc_PICA0147-PICA0173_Pool_1_ACTTCGGCACGTCAAT,3.5884006023406982,12.318128637326545,-2.579125755881801,0.00046426466540932317,0.00493362591040695,0.0047979654041858015,213.0,CD56_dim CD16+ NK,1.0
3900,20250814_WGS_20250814_sc_PICA0147-PICA0173_Pool_1_AGACTCATCGCACAAC,3.539177894592285,3.010722632476918,-2.1681238219400263,0.0002440331222330015,0.0031631187988385495,0.003068062975332495,349.0,CD56_dim CD16+ NK,0.8939828
3907,20250814_WGS_20250814_sc_PICA0147-PICA0173_Pool_1_AGCGTGAAGGGTTCCG,3.6643617153167725,0.6981471323311825,2.2560644181524907,0.0043185253215058195,0.023634329412307684,0.02317726189042937,114.0,CD56_dim CD16+ NK,1.0
3914,20250814_WGS_20250814_sc_PICA0147-PICA0173_Pool_1_AGGCAGCAGCATCTTC,3.8504159450531006,1.408180479329466,-1.5663269401873834,0.02085977222542018,0.07240648914468437,0.07144793354370585,196.0,CD56_dim CD16+ NK,0.7397959
3920,20250814_WGS_20250814_sc_PICA0147-PICA0173_Pool_1_AGTAATCTCCCGGTTC,3.6917459964752197,2.0135619732632173,-1.752146516528775,0.020597014859213503,0.07189978503831049,0.07093188445822393,220.0,CD56_dim CD16+ NK,0.98636365
3921,20250814_WGS_20250814_sc_PICA0147-PICA0173_Pool_1_AGTACAGCACCATTCC,3.419201374053955,2.428005787088532,1.7265297060910714,0.019513619021667136,0.06917188232545626,0.06823622328019643,221.0,CD56_dim CD16+ NK,1.0
3925,20250814_WGS_20250814_sc_PICA0147-PICA0173_Pool_1_AGTGCCCCAAGTGTCT,4.451946258544922,1.482761589306715,-1.468996374711174,0.013785086805447868,0.05369433582140238,0.0529094671385641,144.0,CD56_dim CD16+ NK,0.8611111
3930,20250814_WGS_20250814_sc_PICA0147-PICA0173_Pool_1_ATACGTAGTACTTCGC,3.3636891841888428,22.687020941566303,-2.1972221402779173,0.0004505896603476901,0.004819499179245489,0.004686316428864106,442.0,CD56_dim CD16+ NK,0.97737557
3934,20250814_WGS_20250814_sc_PICA0147-PICA0173_Pool_1_ATATACCAGATTGAAG,3.2226009368896484,11.913820988218763,1.520425276354364,0.0056357200044617264,0.02869789378367453,0.028168273667006232,372.0,CD56_dim CD16+ NK,0.9892473
3938,20250814_WGS_20250814_sc_PICA0147-PICA0173_Pool_1_ATCGATTAGGCTCATA,3.386171340942383,2.9879811171434563,-1.2100699033141231,0.021150047782900767,0.0730538293814901,0.07208827122270309,418.0,CD56_dim CD16+ NK,0.81578946
3946,20250814_WGS_20250814_sc_PICA0147-PICA0173_Pool_1_ATGGCCAGTATGCCGA,3.614668607711792,1.4349761365895035,-2.3355669202206806,2.8469534469858773e-05,0.0007284503482144903,0.0007027491657156277,227.0,CD56_dim CD16+ NK,0.9911894
3948,20250814_WGS_20250814_sc_PICA0147-PICA0173_Pool_1_ATGGGTTGTCGCTCGC,3.416886568069458,1.79256733276986,2.406715208905102,0.022819220177564884,0.0765119598261374,0.0755284701955061,265.0,CD56_dim CD16+ NK,0.75849056
3953,20250814_WGS_20250814_sc_PICA0147-PICA0173_Pool_1_ATGTGCGGTCGCTAAG,3.2426531314849854,1.8917111559375792,1.3451829366846275,0.01961820555493,0.06945142282965942,0.06851351410460016,342.0,CD56_dim CD16+ NK,1.0
3955,20250814_WGS_20250814_sc_PICA0147-PICA0173_Pool_1_ATTACTTTCCGGCTTC,3.7472293376922607,0.7112140764020815,-2.1185069034508768,0.006269551156420908,0.031051457235747797,0.030488703318239416,134.0,CD56_dim CD16+ NK,1.0
3956,20250814_WGS_20250814_sc_PICA0147-PICA0173_Pool_1_ATTATCCGTCGATTCC,3.335597515106201,12.10575190135351,-1.176158686324134,0.021006322500021386,0.07274434992451936,0.07178123694266296,374.0,CD56_dim CD16+ NK,0.93582886
3962,20250814_WGS_20250814_sc_PICA0147-PICA0173_Pool_1_CAACGTGGTCGACGGT,3.6010079383850098,20.815895804410708,1.5397577501715187,0.025576254736293918,0.0829880386716836,0.08195319955155551,187.0,CD56_dim CD16+ NK,0.9946524
3967,20250814_WGS_20250814_sc_PICA0147-PICA0173_Pool_1_CACACCCTCATATGGT,3.4799318313598633,1.5754444465527082,3.1081290770645333,0.0070941345043676746,0.033885053524539986,0.03328077111922146,258.0,CD56_dim CD16+ NK,0.76744187
3969,20250814_WGS_20250814_sc_PICA0147-PICA0173_Pool_1_CACAGCAGTCGAGTCA,3.396855592727661,1.3711895688427562,-2.2061145538821685,0.0008686638555326494,0.007660884190556965,0.00746381063182059,200.0,CD56_dim CD16+ NK,0.925
3970,20250814_WGS_20250814_sc_PICA0147-PICA0173_Pool_1_CACCCATGTGTTCGTC,3.1576850414276123,2.1157952622773872,2.719425915974622,3.8548869879006675e-06,0.00018434219280490037,0.00017680709740086674,452.0,CD56_dim CD16+ NK,0.99336284
3971,20250814_WGS_20250814_sc_PICA0147-PICA0173_Pool_1_CACGAATGTAGAGAAT,3.4236106872558594,1.3012283089561234,2.4908731036269014,4.576609378131487e-05,0.0009960952938164788,0.000960873322409079,224.0,CD56_dim CD16+ NK,0.99553573
3972,20250814_WGS_20250814_sc_PICA0147-PICA0173_Pool_1_CACGGTCCACGTTAGT,3.3333213329315186,2.223392191065056,3.262938504143617,0.0007106675750130897,0.006640404434804089,0.0064673816006131655,369.0,CD56_dim CD16+ NK,0.83739835
3975,20250814_WGS_20250814_sc_PICA0147-PICA0173_Pool_1_CAGCATTCACGATGGG,3.7367711067199707,10.851136784881417,-1.907605919030764,0.0026998109748700436,0.017005011453609206,0.016638977416450856,177.0,CD56_dim CD16+ NK,0.99435025
3978,20250814_WGS_20250814_sc_PICA0147-PICA0173_Pool_1_CAGCGTCCAACGGACG,3.4360580444335938,10.763297212276585,2.680883863097255,0.0017800022111083727,0.012542776667831601,0.01226503515117662,171.0,CD56_dim CD16+ NK,0.99415207
3979,20250814_WGS_20250814_sc_PICA0147-PICA0173_Pool_1_CAGGAGCAGGGGATCA,3.3215606212615967,12.167024800688578,2.278630581297268,3.140803241978659e-05,0.000779346416542362,0.0007517647825700854,391.0,CD56_dim CD16+ NK,0.97442454
3981,20250814_WGS_20250814_sc_PICA0147-PICA0173_Pool_1_CAGGTATGTAGGTTTA,3.388357400894165,2.7851148409438307,-1.9828018712765234,7.729001769313732e-05,0.0014047674617990696,0.0013573963565180218,381.0,CD56_dim CD16+ NK,0.9973753
3986,20250814_WGS_20250814_sc_PICA0147-PICA0173_Pool_1_CAGTTTACACAAGCCC,3.5202765464782715,1.4809005639593886,3.0413928389725324,0.004725211309147283,0.025201979754417913,0.02473286070197472,221.0,CD56_dim CD16+ NK,0.8642534
3987,20250814_WGS_20250814_sc_PICA0147-PICA0173_Pool_1_CATACAAGTGGGTAGG,3.258699893951416,2.2626948881143205,2.9885152676746825,1.758543211739879e-06,0.00011705006201925369,0.00011177126377130873,370.0,CD56_dim CD16+ NK,0.9918919
3993,20250814_WGS_20250814_sc_PICA0147-PICA0173_Pool_1_CATATGGTCACGTAAT,3.6530778408050537,1.5086465363142565,3.210926154651273,0.00023495469844289274,0.003077844061650181,0.0029852469206283917,229.0,CD56_dim CD16+ NK,0.6899563
3997,20250814_WGS_20250814_sc_PICA0147-PICA0173_Pool_1_CATTAGCCAATCGGGG,3.3739216327667236,1.98478428965798,5.053541148634913,6.006791748211159e-06,0.0002475853787097411,0.00023794835316177059,299.0,CD56_dim CD16+ NK,0.638796
3999,20250814_WGS_20250814_sc_PICA0147-PICA0173_Pool_1_CCAATTCTCATGCGGT,3.440131425857544,11.484604848276245,2.7228512069717485,0.004272561174098283,0.02349053787861657,0.023034339270943744,282.0,Mixed,0.5141844
4001,20250814_WGS_20250814_sc_PICA0147-PICA0173_Pool_1_CCCACAGAGATACGAA,3.3364481925964355,2.1486402484568314,1.608209539099115,0.005900295947879881,0.02966278853741918,0.029117943026234067,379.0,CD56_dim CD16+ NK,0.9762533
4008,20250814_WGS_20250814_sc_PICA0147-PICA0173_Pool_1_CCTAGAGGTCAAGTTA,3.314639091491699,13.160659712486648,-1.279142402097451,0.011877429524077245,0.04825602126654482,0.04752385642781381,473.0,CD56_dim CD16+ NK,0.97885835
4009,20250814_WGS_20250814_sc_PICA0147-PICA0173_Pool_1_CCTGATTTCATGGTGC,3.6136891841888428,0.9084771231560302,-1.789864829216509,0.002246385550492219,0.014868082199934992,0.014542805568867294,153.0,CD56_dim CD16+ NK,1.0
4010,20250814_WGS_20250814_sc_PICA0147-PICA0173_Pool_1_CCTTTAGGTATCAGCG,3.2481398582458496,3.487072170662764,2.9178744681663877,0.005488436853328979,0.028226484471268083,0.02770225298992595,538.0,CD56_dim CD16+ NK,0.6710037
4012,20250814_WGS_20250814_sc_PICA0147-PICA0173_Pool_1_CGAAGGTCACACTCGA,3.378847122192383,1.784720098975761,2.107107140470179,0.016329792051347027,0.06088750245943208,0.060030990604232004,285.0,CD56_dim CD16+ NK,0.67017543
4028,20250814_WGS_20250814_sc_PICA0147-PICA0173_Pool_1_CGGCTCCGTAAGCCCA,3.340008497238159,1.5130502432221045,1.9872610852198889,0.0002984505272665366,0.003620734167614103,0.0035152895521492135,285.0,CD56_dim CD16+ NK,0.98245615
4032,20250814_WGS_20250814_sc_PICA0147-PICA0173_Pool_1_CGTACTTTCCTACAAG,3.5181219577789307,2.4134682525183058,-1.8677324567453581,0.0006790845480721059,0.006444760966337491,0.006274869103469462,342.0,CD56_dim CD16+ NK,0.95614034
4035,20250814_WGS_20250814_sc_PICA0147-PICA0173_Pool_1_CGTCTATTCATCGGAC,3.400413751602173,22.58139422924048,-1.3426690935096341,0.007962628831051284,0.03656869772246443,0.0359369183911482,396.0,CD56_dim CD16+ NK,0.99747473
4040,20250814_WGS_20250814_sc_PICA0147-PICA0173_Pool_1_CTACAGCAGCGCATTA,3.454352378845215,2.789025986921567,-1.504555454530373,0.013432412186912098,0.052745688074369294,0.05196562549293653,214.0,CD56_dim CD16+ NK,0.9813084
4042,20250814_WGS_20250814_sc_PICA0147-PICA0173_Pool_1_CTACTTATCAACATTA,3.4725399017333984,2.0035096740937965,-1.44144836037363,0.022124596217777046,0.07491002653210088,0.0739391247874665,246.0,CD56_dim CD16+ NK,1.0
4048,20250814_WGS_20250814_sc_PICA0147-PICA0173_Pool_1_CTCGAAGGTGTGTTGG,3.307762622833252,2.3046493816610556,-1.40387998140952,0.014934720840849893,0.05691370793161017,0.05608735828418021,313.0,CD56_dim CD16+ NK,0.9297125
4053,20250814_WGS_20250814_sc_PICA0147-PICA0173_Pool_1_CTCTAACTCATAAGCT,3.6463377475738525,2.4802231404411077,-2.478431410580966,0.0006081074651949491,0.005978509620394654,0.005816608543048084,302.0,CD56_dim CD16+ NK,0.7086093
4056,20250814_WGS_20250814_sc_PICA0147-PICA0173_Pool_1_CTGCACGAGCAGCGTT,3.5375707149505615,2.1049397986521554,-2.8838576191491074,8.881156046571682e-10,9.245968703434509e-07,8.653504681600773e-07,365.0,CD56_dim CD16+ NK,1.0
4057,20250814_WGS_20250814_sc_PICA0147-PICA0173_Pool_1_CTGCATCGTCGATGGC,3.3435518741607666,1.3414966009808198,-1.660031343066796,0.001979292808945711,0.013549696637195411,0.013252370539481624,206.0,CD56_dim CD16+ NK,1.0
4060,20250814_WGS_20250814_sc_PICA0147-PICA0173_Pool_1_CTGTATTGTATCGGGC,3.289809465408325,3.504192520594909,-2.1133064988898864,0.00017822754361458384,0.0025335058183943225,0.0024562348865351208,365.0,CD56_dim CD16+ NK,0.99452055
4064,20250814_WGS_20250814_sc_PICA0147-PICA0173_Pool_1_CTTGAATAGCGTCTAA,3.4288406372070312,1.1488128132046362,3.015904176702345,8.846909260857994e-05,0.001539768606514348,0.0014878935169535098,215.0,CD56_dim CD16+ NK,0.9953488
4065,20250814_WGS_20250814_sc_PICA0147-PICA0173_Pool_1_GCAAGGGGTATCATGA,3.3618719577789307,1.4264188194880094,2.2283809388082174,0.0033954575777317823,0.02007722244792064,0.01966695542628237,233.0,CD56_dim CD16+ NK,1.0
4067,20250814_WGS_20250814_sc_PICA0147-PICA0173_Pool_1_GCAAGTCTCAGGTTCA,3.4190568923950195,1.8421986430103314,-1.8591310234569414,0.0007469747039806966,0.006905133876212569,0.006725776736810161,287.0,CD56_dim CD16+ NK,0.9512195
4071,20250814_WGS_20250814_sc_PICA0147-PICA0173_Pool_1_GCCAACCCACCTGTAG,3.657491445541382,1.2801142215795627,2.8702494172008883,0.006308388513608955,0.031212423529664395,0.030647345971618938,172.0,CD56_dim CD16+ NK,0.7209302
4073,20250814_WGS_20250814_sc_PICA0147-PICA0173_Pool_1_GCCATATCAACTCGCA,3.4640767574310303,1.7105045247534167,-1.3330376697622917,0.02472410111975657,0.08102365939145775,0.0800085344454155,241.0,CD56_dim CD16+ NK,0.88381743
4081,20250814_WGS_20250814_sc_PICA0147-PICA0173_Pool_1_GCTAGAGAGCGGTCAT,3.503838062286377,1.9809028257441579,-1.4850549036912417,0.011502168641036488,0.047211609701187686,0.04648651655797422,282.0,CD56_dim CD16+ NK,0.9326241
4083,20250814_WGS_20250814_sc_PICA0147-PICA0173_Pool_1_GCTCCACTCCATCGGG,3.2507364749908447,2.2105911655333825,1.441976118688715,0.01030931115257179,0.043907057571977826,0.043207957421957814,401.0,CD56_dim CD16+ NK,0.99750626
4087,20250814_WGS_20250814_sc_PICA0147-PICA0173_Pool_1_GCTTAGTCACACTTAA,3.096064567565918,3.602604569497572,1.9404917470000602,0.004915034473818571,0.02597532435707443,0.025490639638785603,641.0,CD56_dim CD16+ NK,0.60842437
4090,20250814_WGS_20250814_sc_PICA0147-PICA0173_Pool_1_GCTTTACTCCCAGTAA,3.4656341075897217,3.502689098188849,-1.8154509439909006,0.0024921939278168504,0.016077670191829596,0.0157254658852884,345.0,CD56_dim CD16+ NK,1.0
4091,20250814_WGS_20250814_sc_PICA0147-PICA0173_Pool_1_GGAACTACAATAGTAA,3.0687756538391113,5.2043086881229215,-1.3538151367855826,0.002801539592008753,0.017411966259229163,0.017041295289751485,692.0,CD56_dim CD16+ NK,1.0
4092,20250814_WGS_20250814_sc_PICA0147-PICA0173_Pool_1_GGAAGCTCAGGCGGTA,3.5082192420959473,1.748000378520706,-1.5684740892952234,0.0012323965325459036,0.009635189081039441,0.009403605317771385,306.0,CD56_dim CD16+ NK,0.97712415
4093,20250814_WGS_20250814_sc_PICA0147-PICA0173_Pool_1_GGAATGAGTCTGTACC,3.4697601795196533,3.859997255239031,-5.2412225972858755,2.138916866382387e-10,4.214094010146579e-07,3.935068651667395e-07,423.0,CD56_dim CD16+ NK,0.99527186
4095,20250814_WGS_20250814_sc_PICA0147-PICA0173_Pool_1_GGACTGCGTGTCTGAG,3.551654100418091,1.3372713569070518,1.41988406378218,0.0043943142697705434,0.023937408497047362,0.023480097029307735,235.0,CD56_dim CD16+ NK,0.9276596
4096,20250814_WGS_20250814_sc_PICA0147-PICA0173_Pool_1_GGACTGCGTGTTCATT,3.2927255630493164,1.6531111557595355,1.803285849609763,0.023765786818646974,0.07872117214206165,0.07770659135287593,276.0,CD56_dim CD16+ NK,0.9782609
4101,20250814_WGS_20250814_sc_PICA0147-PICA0173_Pool_1_GGATGACCAAACTCAC,3.546689510345459,1.9502466988532667,1.1559494701072355,0.023027191831936862,0.07702609299411887,0.07604056875678075,247.0,CD56_dim CD16+ NK,0.9311741
4104,20250814_WGS_20250814_sc_PICA0147-PICA0173_Pool_1_GGCAATTGTGGGACTC,3.6083502769470215,2.7348996072520597,-1.2891569175528754,0.031787752079715896,0.09667108004645134,0.0955327632291204,256.0,CD56_dim CD16+ NK,0.9296875
4109,20250814_WGS_20250814_sc_PICA0147-PICA0173_Pool_1_GGCGGTACACAATTAT,3.4326303005218506,1.1115006635918538,3.0316789654072025,1.112059057359321e-05,0.00038573569626924897,0.00037158058673469744,193.0,CD56_dim CD16+ NK,0.98445594
4110,20250814_WGS_20250814_sc_PICA0147-PICA0173_Pool_1_GGCTATGGTCGAGGGA,3.646341323852539,0.7383234352206558,-1.5369704436181568,0.018405530658075122,0.06637631552348881,0.06546907393174427,142.0,CD56_dim CD16+ NK,1.0
4111,20250814_WGS_20250814_sc_PICA0147-PICA0173_Pool_1_GGGAGCTAGCGGCATT,3.0996150970458984,14.549268019125048,2.576352381030097,5.5587914782073183e-08,1.1341214568351585e-05,1.082435908124731e-05,712.0,CD56_dim CD16+ NK,0.98455054
4113,20250814_WGS_20250814_sc_PICA0147-PICA0173_Pool_1_GGGCGATAGAACTAAG,3.4622466564178467,1.4246516253548467,-2.6417546367614206,1.825243622665301e-05,0.0005303974904683151,0.0005104946121222714,219.0,CD56_dim CD16+ NK,0.977169
4117,20250814_WGS_20250814_sc_PICA0147-PICA0173_Pool_1_GGGTGTAAGAAGGGCC,3.1840391159057617,4.8286112480524075,1.6211102433088758,0.000439546345946436,0.0047412165839939525,0.004608901296476022,597.0,CD56_dim CD16+ NK,0.9849246
4119,20250814_WGS_20250814_sc_PICA0147-PICA0173_Pool_1_GGTAAATCACACAATC,3.5953667163848877,2.648845068048323,3.9232605109609993,8.403156399135178e-06,0.0003183826680303102,0.0003064820281948282,293.0,CD56_dim CD16+ NK,0.8430034
4123,20250814_WGS_20250814_sc_PICA0147-PICA0173_Pool_1_GGTGAATAGACCCGAT,3.5591585636138916,3.7436626612334205,-1.6101752083951353,0.0190930684311415,0.06816783651058732,0.06723837427799689,262.0,CD56_dim CD16+ NK,0.85877866
4125,20250814_WGS_20250814_sc_PICA0147-PICA0173_Pool_1_GGTTCAATCGTTACTC,3.4032397270202637,2.0821268758095823,-1.5573534447732225,0.01104423703826556,0.045915756575819304,0.04519501095916537,300.0,CD56_dim CD16+ NK,0.9166667
4128,20250814_WGS_20250814_sc_PICA0147-PICA0173_Pool_1_GTAAGTAAGCCACGAT,3.0920310020446777,3.289369494460752,1.4689207286626704,0.0023320584763191323,0.015284835695422338,0.01495198542550971,574.0,CD56_dim CD16+ NK,0.9947735
4131,20250814_WGS_20250814_sc_PICA0147-PICA0173_Pool_1_GTACGGGCACGATAGA,3.643315553665161,0.6556548030450738,1.6584320054475525,0.019387619813245747,0.06894853529974146,0.06801602709791071,116.0,CD56_dim CD16+ NK,1.0
4132,20250814_WGS_20250814_sc_PICA0147-PICA0173_Pool_1_GTAGAACAGAGTATAG,3.7000231742858887,1.392223977883351,-1.7524534329140076,0.011744811414457813,0.047927977317242715,0.047194827039619296,219.0,CD56_dim CD16+ NK,0.7762557
4145,20250814_WGS_20250814_sc_PICA0147-PICA0173_Pool_1_GTGCCGGGTATGTCGG,3.416111707687378,12.211337684614971,1.48588117689067,0.006536380290124383,0.031955276544920745,0.03137429469537211,287.0,CD56_dim CD16+ NK,0.9965157
4147,20250814_WGS_20250814_sc_PICA0147-PICA0173_Pool_1_GTGTACATCCTCTGGC,4.125810146331787,0.8493950728687144,-2.320625075157004,0.0010340276526026489,0.00855983731578882,0.008345904777300758,138.0,CD56_dim CD16+ NK,0.9710145
4149,20250814_WGS_20250814_sc_PICA0147-PICA0173_Pool_1_GTGTCATCACTCTAGG,3.384178400039673,1.904268664158623,2.7831264961918465,0.01799599247747825,0.06534409211044535,0.0644504194763718,259.0,CD56_dim CD16+ NK,0.82239383
4155,20250814_WGS_20250814_sc_PICA0147-PICA0173_Pool_1_GTTATAATCCACGTAA,3.411303997039795,1.889163598786818,3.434065514455103,0.0007002511017623073,0.00660112306551243,0.006428123631569854,305.0,CD56_dim CD16+ NK,0.6819672
4157,20250814_WGS_20250814_sc_PICA0147-PICA0173_Pool_1_GTTCGAGGTCGTACAG,3.6224029064178467,1.4814142978873488,1.810887890347245,0.002935380497463432,0.018038947773245332,0.017655303577956666,197.0,CD56_dim CD16+ NK,0.9898477
4163,20250814_WGS_20250814_sc_PICA0147-PICA0173_Pool_1_GTTGTCTTCACAGCTA,3.260394334793091,1.7571808027693667,-1.6272232029278235,0.02632070668184045,0.0849280319432723,0.08386886132904683,392.0,CD56_dim CD16+ NK,0.8903061
4171,20250814_WGS_20250814_sc_PICA0147-PICA0173_Pool_2_AAAGCCCTCACTGACA,3.9525022506713867,1.328022059588343,-1.464019123770994,0.010690288439273955,0.044927762399955544,0.04421870287741347,174.0,CD56_dim CD16+ NK,1.0
4179,20250814_WGS_20250814_sc_PICA0147-PICA0173_Pool_2_AACATTTCAATTAATC,3.381180763244629,1.072476535059252,-1.5414006685983683,0.019458128289683112,0.06904513042550983,0.06811151776889261,212.0,CD56_dim CD16+ NK,0.995283
4180,20250814_WGS_20250814_sc_PICA0147-PICA0173_Pool_2_AACCAATTCGTACCTT,3.784273862838745,1.4939532313676607,2.0819963493280573,0.0004720580986905866,0.004989532543134086,0.004852615823791779,183.0,CD56_dim CD16+ NK,0.91803277
4190,20250814_WGS_20250814_sc_PICA0147-PICA0173_Pool_2_AAGCTCATCCTCTAAC,3.1853482723236084,2.866860738376607,-0.9831480792062717,0.028819899119332203,0.09038676415935738,0.08927186785959651,505.0,CD56_dim CD16+ NK,0.9980198
4192,20250814_WGS_20250814_sc_PICA0147-PICA0173_Pool_2_AAGGTAATCGGCTTGG,3.58060884475708,1.292612239985938,-1.9109025011027125,0.0026994554407685084,0.017005011453609206,0.016638977416450856,248.0,CD56_dim CD16+ NK,0.98790324
4196,20250814_WGS_20250814_sc_PICA0147-PICA0173_Pool_2_AAGTCTCCAAGCCGTC,3.400864362716675,2.532704392349789,3.966697295774858,6.822778098758501e-05,0.0012826562414288167,0.0012386998702663442,392.0,CD56_dim CD16+ NK,0.7602041
4199,20250814_WGS_20250814_sc_PICA0147-PICA0173_Pool_2_AATCCTCTCCAGCTAA,4.283029556274414,2.788706605482899,-1.6327480426446173,0.0033302648564735174,0.019810651631111485,0.019403805049691206,222.0,CD56_dim CD16+ NK,0.9504505
4205,20250814_WGS_20250814_sc_PICA0147-PICA0173_Pool_2_ACAAGATCAAGGGTTA,3.230860948562622,1.9200163224083684,2.6198962568327495,3.5806743740521513e-06,0.0001796359414639152,0.00017222819923955684,352.0,CD56_dim CD16+ NK,0.98295456
4210,20250814_WGS_20250814_sc_PICA0147-PICA0173_Pool_2_ACATGAAAGATCGCGT,3.516017436981201,11.768815600047098,-2.319517653803083,0.008660720877889027,0.038762726655195284,0.03811643751461583,219.0,CD56_dim CD16+ NK,0.98630136
4212,20250814_WGS_20250814_sc_PICA0147-PICA0173_Pool_2_ACCACTCGTGCTACCT,3.335460662841797,21.71295610983265,1.3537631178520326,0.014379675729054544,0.05546365920396097,0.05466455580630908,365.0,CD56_dim CD16+ NK,0.9890411
4218,20250814_WGS_20250814_sc_PICA0147-PICA0173_Pool_2_ACCTTGCGTGCATCAG,3.5528950691223145,2.8269840180291808,-1.5075042020724903,0.0031609874529889424,0.01903354975513085,0.018639430971822427,423.0,CD56_dim CD16+ NK,0.9905437
4220,20250814_WGS_20250814_sc_PICA0147-PICA0173_Pool_2_ACGCATGGTCGTCTTA,3.465547800064087,1.6810964466948335,-1.4025955037004392,0.026551090955875253,0.08537408124127316,0.08430567137027907,284.0,CD56_dim CD16+ NK,0.9753521
4227,20250814_WGS_20250814_sc_PICA0147-PICA0173_Pool_2_ACTGGGCGTAAGCCGC,3.451063632965088,1.2347774739891655,3.545976292332878,5.6412497599150104e-08,1.1341214568351585e-05,1.082435908124731e-05,219.0,CD56_dim CD16+ NK,0.977169
4228,20250814_WGS_20250814_sc_PICA0147-PICA0173_Pool_2_ACTTAATCAAAATTTC,3.2967355251312256,32.44926563070907,3.0832961850918674,0.0054596691971637,0.028144009032579593,0.027619054647716672,406.0,CD56_dim CD16+ NK,0.8226601
4231,20250814_WGS_20250814_sc_PICA0147-PICA0173_Pool_2_AGAATAGTCAAGTCCA,3.148940324783325,3.115987251039123,3.2889255324200373,1.7482070451428572e-05,0.0005171647928439125,0.0004976022944789046,490.0,CD56_dim CD16+ NK,0.98367345
4233,20250814_WGS_20250814_sc_PICA0147-PICA0173_Pool_2_AGACGACCACCAACAT,3.4130358695983887,1.8726446249343773,-1.6101261733592207,0.014899688662030614,0.056824170735448536,0.05599857726937178,295.0,CD56_dim CD16+ NK,0.9050847
4238,20250814_WGS_20250814_sc_PICA0147-PICA0173_Pool_2_AGAGGCGGTCGATAGT,3.410860538482666,1.313814025037374,2.707406785603859,3.0121984224919367e-05,0.0007589045181577511,0.000732093699685739,222.0,CD56_dim CD16+ NK,0.9864865
4241,20250814_WGS_20250814_sc_PICA0147-PICA0173_Pool_2_AGCCATATCCCTTAAC,3.859072685241699,2.246811715787574,-1.6250901533173032,0.0016581943594951335,0.01194061108961369,0.011669697075528552,232.0,CD56_dim CD16+ NK,0.9784483
4247,20250814_WGS_20250814_sc_PICA0147-PICA0173_Pool_2_AGGAGTAGTCGACGGT,3.155256509780884,23.150091242745933,-1.526293715005855,0.0031673481204895705,0.0190566131038275,0.018661205699994708,569.0,CD56_dim CD16+ NK,0.94551843
4249,20250814_WGS_20250814_sc_PICA0147-PICA0173_Pool_2_AGGGCAATCCATCGTT,3.3367857933044434,3.1514426946463345,-1.7963477424142404,0.0025245254751308263,0.016246012980879968,0.015889756197263186,325.0,CD56_dim CD16+ NK,0.9876923
4252,20250814_WGS_20250814_sc_PICA0147-PICA0173_Pool_2_AGTAAACCAACCTCAG,3.2023160457611084,1.879837595399712,2.0368400783477263,0.00023386055772864236,0.003073854592906412,0.00298082679532522,349.0,CD56_dim CD16+ NK,0.9885387
4253,20250814_WGS_20250814_sc_PICA0147-PICA0173_Pool_2_AGTCAGCTCGGACACT,3.2577338218688965,32.7978694915358,4.155754672024708,0.0009195605759617559,0.00795571189454696,0.007753892047145092,456.0,CD56_dim CD16+ NK,0.8004386
4257,20250814_WGS_20250814_sc_PICA0147-PICA0173_Pool_2_AGTCGGGCACGAATCT,3.458881139755249,1.5155143247504284,1.3940344627259396,0.01895925259010648,0.06786613272715805,0.06693861269645271,263.0,CD56_dim CD16+ NK,0.98859316
4258,20250814_WGS_20250814_sc_PICA0147-PICA0173_Pool_2_AGTCTCGCAACACGGG,3.2151660919189453,2.1884405605141093,1.5388188029569423,0.004828608979968822,0.025642386556157883,0.025164713207384976,379.0,CD56_dim CD16+ NK,0.9894459
4261,20250814_WGS_20250814_sc_PICA0147-PICA0173_Pool_2_AGTGCGAAGACTGCAC,3.6852290630340576,40.65359949655944,-2.483346777545519,0.0011392582717730422,0.009154023846032821,0.008929466418614574,198.0,CD56_dim CD16+ NK,0.8030303
4264,20250814_WGS_20250814_sc_PICA0147-PICA0173_Pool_2_AGTTATATCGGAGGTA,3.393432855606079,1.2496010190933347,1.7087695321126146,0.003548773461728613,0.020629240253344658,0.0202115212252531,227.0,CD56_dim CD16+ NK,0.9339207
4269,20250814_WGS_20250814_sc_PICA0147-PICA0173_Pool_2_ATAAGACCAGTGATTC,3.55853533744812,4.59296829248229,-1.9579268883958985,0.0007254795873875389,0.006729472142518499,0.006555015531035215,332.0,CD56_dim CD16+ NK,0.98493975
4275,20250814_WGS_20250814_sc_PICA0147-PICA0173_Pool_2_ATAGGGGTCGCTCTCA,3.6879677772521973,2.205028209367483,-1.6725972116415975,0.0006178052410660881,0.006049701222407589,0.005886608759477289,301.0,CD56_dim CD16+ NK,0.99335545
4284,20250814_WGS_20250814_sc_PICA0147-PICA0173_Pool_2_ATGAGCTGTCAGGCGT,3.3064770698547363,1.6333293686231904,1.9012984548554668,0.01312858538390017,0.051959697319327744,0.051196937543254085,309.0,CD56_dim CD16+ NK,0.987055
4288,20250814_WGS_20250814_sc_PICA0147-PICA0173_Pool_2_ATGCGGTTCGCTCTAT,3.6599979400634766,3.1564489576174743,2.589655726871388,5.782897912270744e-06,0.00023935851820915588,0.00023004926108859664,354.0,CD56_dim CD16+ NK,0.98870057
4290,20250814_WGS_20250814_sc_PICA0147-PICA0173_Pool_2_ATGGACCTCGTAGTCA,3.229426383972168,4.025060978638124,0.8932117916511142,0.030568198072977566,0.09405027731608981,0.09293729861433558,515.0,CD56_dim CD16+ NK,0.93203884
4292,20250814_WGS_20250814_sc_PICA0147-PICA0173_Pool_2_ATGGTCATCGGCATTA,3.609503746032715,2.9984108495654223,-1.6109649547694063,0.010238385235947106,0.04369945102223351,0.043003696257966594,373.0,CD56_dim CD16+ NK,0.97319037
4297,20250814_WGS_20250814_sc_PICA0147-PICA0173_Pool_2_ATTATCCGTGGTCAGC,3.287102222442627,2.6355113388797906,1.7704107922724666,0.002178761788403367,0.014531470804036268,0.014214225850762839,448.0,CD56_dim CD16+ NK,0.99553573
4298,20250814_WGS_20250814_sc_PICA0147-PICA0173_Pool_2_ATTGCGGGTACCTTTG,3.455848217010498,1.8556205436994972,-1.7689438380661773,0.005485739048186875,0.028226484471268083,0.02770225298992595,259.0,CD56_dim CD16+ NK,0.996139
4304,20250814_WGS_20250814_sc_PICA0147-PICA0173_Pool_2_CAACCCTGTCCCTAGT,3.2250192165374756,21.775249839749023,-1.81937100439436,0.0018796409334172672,0.013021338140009494,0.012732112511564706,387.0,CD56_dim CD16+ NK,0.997416
4307,20250814_WGS_20250814_sc_PICA0147-PICA0173_Pool_2_CAAGGTTGTCGACTAG,3.4302895069122314,0.9586935238497301,1.7584975086732726,0.017484481313825736,0.06395827160137293,0.06307920198471796,180.0,CD56_dim CD16+ NK,0.9777778
4309,20250814_WGS_20250814_sc_PICA0147-PICA0173_Pool_2_CAATCAGTCCAACTTC,3.3999099731445312,11.251714556991212,2.0912783056007567,0.000974740944865066,0.008235139835219353,0.008027633814940715,254.0,CD56_dim CD16+ NK,0.996063
4311,20250814_WGS_20250814_sc_PICA0147-PICA0173_Pool_2_CACAAGACAATCCGGC,3.4423646926879883,2.378636013585273,-1.5594472231540548,0.013632320826524906,0.05320601920051381,0.0524258637429892,335.0,CD56_dim CD16+ NK,0.98507464
4316,20250814_WGS_20250814_sc_PICA0147-PICA0173_Pool_2_CACGTACAGGGTTTCA,3.395045280456543,12.06293574446518,2.1649667376265653,0.0003890845897632177,0.004380724758230034,0.004257492508361393,258.0,CD56_dim CD16+ NK,0.99224806
4318,20250814_WGS_20250814_sc_PICA0147-PICA0173_Pool_2_CACTAGGGTGCGTAGC,3.4759140014648438,11.045554222793916,-1.1937891361517,0.025071835557617224,0.08177386518113383,0.08074994095153587,209.0,CD56_dim CD16+ NK,0.8516746
4323,20250814_WGS_20250814_sc_PICA0147-PICA0173_Pool_2_CAGGGTCGTGGACGCT,3.7328853607177734,1.2678824519100471,1.451986786768025,0.010555313877806284,0.044639619659382665,0.043930128418168714,215.0,CD56_dim CD16+ NK,0.94418603
4324,20250814_WGS_20250814_sc_PICA0147-PICA0173_Pool_2_CAGGTTATCACTCGGG,3.504617691040039,1.8688109061818587,-1.8729629622300623,0.0035009836315789983,0.020480023502610523,0.020064841529911344,253.0,CD56_dim CD16+ NK,0.78656125
4325,20250814_WGS_20250814_sc_PICA0147-PICA0173_Pool_2_CAGTTTACAGTACGAA,3.2907376289367676,23.817671236152542,-1.8428849597020593,0.0002480407464330646,0.0032024238441836425,0.0031059055569164634,606.0,CD56_dim CD16+ NK,0.8712871
4327,20250814_WGS_20250814_sc_PICA0147-PICA0173_Pool_2_CATAAGCGTCCATTTG,3.388117790222168,1.7526996006581805,1.6609552799016787,0.0009165354432102936,0.007940888875166757,0.007739707490775515,300.0,CD56_dim CD16+ NK,0.98333335
4328,20250814_WGS_20250814_sc_PICA0147-PICA0173_Pool_2_CATACATAGCATGTTG,3.3540236949920654,3.5331964918393837,-1.9723632462852263,0.0008594803496554641,0.0076003060363159574,0.00740443181783866,427.0,CD56_dim CD16+ NK,0.83138174
4339,20250814_WGS_20250814_sc_PICA0147-PICA0173_Pool_2_CCATCGGAGCGAAGCA,3.3440515995025635,1.298028791874122,2.430130227344162,0.00011878078958930492,0.0018951247654981184,0.0018331908599671237,254.0,CD56_dim CD16+ NK,0.992126
4343,20250814_WGS_20250814_sc_PICA0147-PICA0173_Pool_2_CCGACTACAGTTGCCA,3.6534500122070312,2.000046579833523,-1.6980388756599956,0.0004031595355365889,0.004479166009010405,0.00435371801631886,354.0,CD56_dim CD16+ NK,0.96892655
4345,20250814_WGS_20250814_sc_PICA0147-PICA0173_Pool_2_CCGATACAGACCCAAC,3.4574568271636963,11.06756299425616,-1.7764291789527222,0.02334553210434585,0.07780001243569384,0.07679872059309015,185.0,CD56_dim CD16+ NK,1.0
4346,20250814_WGS_20250814_sc_PICA0147-PICA0173_Pool_2_CCGTCAACAGTTCAGT,3.2814600467681885,2.81414647154046,1.3215433906832745,0.028176236493492123,0.08896285439018939,0.0878676733378412,390.0,CD56_dim CD16+ NK,1.0
4349,20250814_WGS_20250814_sc_PICA0147-PICA0173_Pool_2_CCTTAACTCGTTCGTT,3.5183982849121094,1.8931771159169615,4.087523965304649,0.004429524197107771,0.024094557076592298,0.02363410976592781,318.0,CD56_dim CD16+ NK,0.7327044
4360,20250814_WGS_20250814_sc_PICA0147-PICA0173_Pool_2_CGCATTAAGAATGCGG,3.4645137786865234,1.7610170752767658,-1.2194009389249907,0.025087784649049823,0.0817802007206452,0.08075597225688838,317.0,CD56_dim CD16+ NK,0.8170347
4361,20250814_WGS_20250814_sc_PICA0147-PICA0173_Pool_2_CGCCGTCGTAGAGAAT,3.3053951263427734,2.091525808391282,-1.4716968967683792,0.002305052833933314,0.015138050311384717,0.014808526795993027,382.0,CD56_dim CD16+ NK,0.986911
4362,20250814_WGS_20250814_sc_PICA0147-PICA0173_Pool_2_CGCGCATCACATATCA,3.3884103298187256,1.1955330020512775,1.6041905431633279,0.00212053980584494,0.014239562118185755,0.013929220757224473,205.0,CD56_dim CD16+ NK,0.96585363
4364,20250814_WGS_20250814_sc_PICA0147-PICA0173_Pool_2_CGCGTCCGTCATTGGG,3.4396374225616455,1.3643883591661004,1.3363609801894867,0.033256145643964334,0.10015478163824293,0.09899141126022026,230.0,CD56_dim CD16+ NK,0.9826087
4367,20250814_WGS_20250814_sc_PICA0147-PICA0173_Pool_2_CGGATTCAGCTGGTTA,3.047070026397705,4.623861542670896,1.4464023133312942,0.003457280386029381,0.020320804941990112,0.01990960895736103,731.0,CD56_dim CD16+ NK,0.99589604
4371,20250814_WGS_20250814_sc_PICA0147-PICA0173_Pool_2_CGTACACAGAAGTACA,4.058566093444824,1.028104933166819,-1.2261899333262223,0.02470186074746195,0.08097771388460821,0.07996339172096198,165.0,CD56_dim CD16+ NK,1.0
4377,20250814_WGS_20250814_sc_PICA0147-PICA0173_Pool_2_CGTTGTAAGCTATCGA,3.15909481048584,51.69053597122222,1.5140010678004714,0.018858631577403452,0.06757962156020422,0.06665131869643962,432.0,CD56_dim CD16+ NK,0.9907407
4378,20250814_WGS_20250814_sc_PICA0147-PICA0173_Pool_2_CTAAATCAGCTTGTGA,3.56478214263916,11.816887631483482,-1.297038020785227,0.02638071179384012,0.08501026885218156,0.08394701761023307,245.0,CD56_dim CD16+ NK,1.0
4381,20250814_WGS_20250814_sc_PICA0147-PICA0173_Pool_2_CTAATCTGTACAGTTA,3.4503374099731445,11.141417809614873,-1.7682905901172368,0.0048415264585091764,0.025669471013333636,0.025192417397680203,237.0,CD56_dim CD16+ NK,1.0
4386,20250814_WGS_20250814_sc_PICA0147-PICA0173_Pool_2_CTAGCTAAGGGGCTAA,3.640678882598877,1.3994572230382123,2.9628266120053643,3.5497860888740566e-07,3.9306396935148764e-05,3.736791088544948e-05,246.0,CD56_dim CD16+ NK,0.9918699
4392,20250814_WGS_20250814_sc_PICA0147-PICA0173_Pool_2_CTGACGTAGAAACTAG,3.308190107345581,2.4834978742066838,2.3553437092511413,1.1332831994449041e-05,0.0003907451101661035,0.0003763115759363596,292.0,CD56_dim CD16+ NK,0.9623288
4399,20250814_WGS_20250814_sc_PICA0147-PICA0173_Pool_2_CTTAATCGTCAATGCG,3.480879068374634,7.6374074562174785,-2.0299986661074425,0.021289839736556786,0.07317732423057254,0.07221395749807101,282.0,CD56_dim CD16+ NK,0.9326241
4403,20250814_WGS_20250814_sc_PICA0147-PICA0173_Pool_2_CTTCATATCAAGCCAC,3.3010499477386475,2.3267747827234477,3.8001178763161314,0.0018945677835502227,0.013087929337835376,0.012797106524179303,363.0,CD56_dim CD16+ NK,0.7245179
4405,20250814_WGS_20250814_sc_PICA0147-PICA0173_Pool_2_GCAAGGGGTAACATTG,3.3840630054473877,1.2964774281406617,1.3672981383941758,0.022921304850129304,0.07677584973771634,0.0757923360131295,221.0,CD56_dim CD16+ NK,0.9683258
4408,20250814_WGS_20250814_sc_PICA0147-PICA0173_Pool_2_GCACACCCAAAATCAA,3.900810480117798,8.504947335781786,2.547095934365886,0.002572822727398456,0.01647470620743231,0.016114943366838358,176.0,CD56_dim CD16+ NK,0.92045456
4414,20250814_WGS_20250814_sc_PICA0147-PICA0173_Pool_2_GCGAAAGTCACAATCG,3.2800486087799072,2.0834921535109867,1.5635827451928053,0.010404036169441922,0.04419584316738783,0.04349300152032896,379.0,CD56_dim CD16+ NK,0.97097623
4415,20250814_WGS_20250814_sc_PICA0147-PICA0173_Pool_2_GCGGATAAGCAATTCG,3.1596338748931885,3.0073684431764955,1.6624653108358596,0.004117399193701601,0.022959496911802855,0.022513998861610554,540.0,CD56_dim CD16+ NK,0.99444443
4417,20250814_WGS_20250814_sc_PICA0147-PICA0173_Pool_2_GCGTTAGGTGCGATGC,3.46224308013916,1.5219727199745594,2.905027629553241,0.0226295455301878,0.07610913384017755,0.07512498860635475,225.0,CD56_dim CD16+ NK,0.88
4426,20250814_WGS_20250814_sc_PICA0147-PICA0173_Pool_2_GCTTGTAAGGTTGGTC,3.163975954055786,11.783470906497604,1.5086725648725121,0.004890566164070578,0.025901595313042616,0.025418865085634228,346.0,CD56_dim CD16+ NK,0.9913295
4433,20250814_WGS_20250814_sc_PICA0147-PICA0173_Pool_2_GGACGTTTCCATTCCG,3.629497528076172,1.7451863285485376,1.6184921336906295,0.01293066557759603,0.051425105613604555,0.050667047216550194,199.0,CD56_dim CD16+ NK,0.92462313
4434,20250814_WGS_20250814_sc_PICA0147-PICA0173_Pool_2_GGAGCAGGTCTGTATT,4.087957859039307,11.814207818928793,-1.3328561771412828,0.028423187989267174,0.08951305143295106,0.0884123144786086,222.0,CD56_dim CD16+ NK,0.9504505
4437,20250814_WGS_20250814_sc_PICA0147-PICA0173_Pool_2_GGATGTTGTCGGGTAC,3.9216535091400146,10.716472873282541,2.154618107859896,0.001981729659445781,0.01355054807206116,0.013253621764520648,130.0,CD56_dim CD16+ NK,0.96153843
4440,20250814_WGS_20250814_sc_PICA0147-PICA0173_Pool_2_GGCAACTTCGCTATCT,3.3840341567993164,21.951197982329465,1.8367489949779663,0.004500319380402819,0.024385393958387333,0.023924262106018605,324.0,CD56_dim CD16+ NK,0.9722222
4450,20250814_WGS_20250814_sc_PICA0147-PICA0173_Pool_2_GGGTTCCCAAGTCGGG,3.5685160160064697,1.2759313715220328,-1.745673198675507,0.033655077878731315,0.10117063539315904,0.09999536665088136,204.0,CD56_dim CD16+ NK,0.9754902
4452,20250814_WGS_20250814_sc_PICA0147-PICA0173_Pool_2_GGTATTGTCCGCTACC,3.713071584701538,1.601592662805869,-2.1368956186351413,9.234922284998592e-05,0.001576658915589621,0.0015236102470497102,297.0,CD56_dim CD16+ NK,0.97979796
4456,20250814_WGS_20250814_sc_PICA0147-PICA0173_Pool_2_GTAAAGTCAGGTGCGA,3.3834080696105957,4.349662303473526,-2.417524714158964,0.001691884107516924,0.012086113374292398,0.011813687164768808,381.0,CD56_dim CD16+ NK,1.0
4457,20250814_WGS_20250814_sc_PICA0147-PICA0173_Pool_2_GTAAGCGAGCAAGCTC,3.269613742828369,2.6090031956555375,2.411489883885883,3.168779943961239e-06,0.00017057732911454735,0.0001633420401319723,403.0,CD56_dim CD16+ NK,0.9975186
4459,20250814_WGS_20250814_sc_PICA0147-PICA0173_Pool_2_GTAATTGGTAGCGTGC,3.1350250244140625,2.3898903466409944,2.7834664649604024,1.9445970120289897e-07,2.4878214500646203e-05,2.366400894817359e-05,422.0,CD56_dim CD16+ NK,0.9810427
4460,20250814_WGS_20250814_sc_PICA0147-PICA0173_Pool_2_GTACATGTCAGTACGC,3.1678102016448975,2.0768663294980163,2.5929557271104033,1.770694977071492e-05,0.0005206623702733239,0.0005009406214577253,391.0,CD56_dim CD16+ NK,0.9974425
4461,20250814_WGS_20250814_sc_PICA0147-PICA0173_Pool_2_GTACGAACAGGCGTTC,3.3867037296295166,2.2481883714215902,-2.118487314536411,4.3144563068159094e-05,0.0009576466285518312,0.0009238674506346446,361.0,CD56_dim CD16+ NK,1.0
4462,20250814_WGS_20250814_sc_PICA0147-PICA0173_Pool_2_GTAGCGGCACATCACG,3.2199058532714844,23.480889233990858,-2.1491512533560337,1.9829033382368277e-05,0.0005661907473904635,0.0005449877770546016,632.0,CD56_dim CD16+ NK,0.9541139
4463,20250814_WGS_20250814_sc_PICA0147-PICA0173_Pool_2_GTAGGATAGAGTCAGG,3.3110837936401367,2.563115808905018,4.606338352684966,0.0010499628498753682,0.008655384128972595,0.008438826630216638,390.0,CD56_dim CD16+ NK,0.7948718
4469,20250814_WGS_20250814_sc_PICA0147-PICA0173_Pool_2_GTATCTTGTAGAGATG,3.456482172012329,1.8359311787231132,1.7121510697198108,0.0010219496900823006,0.008486713514124304,0.008273703815030741,295.0,CD56_dim CD16+ NK,0.9898305
4472,20250814_WGS_20250814_sc_PICA0147-PICA0173_Pool_2_GTCACCCTCCAGGATC,3.525498390197754,11.223587793556646,1.6078079895483444,0.0018266337654475047,0.012757711599328096,0.012474453490657688,219.0,CD56_dim CD16+ NK,0.9589041
4474,20250814_WGS_20250814_sc_PICA0147-PICA0173_Pool_2_GTCCAAATCCAAGTAT,3.7932872772216797,22.08951190593809,-3.082591602307405,3.6661123548739864e-06,0.00017967598411872457,0.00017243840517377573,345.0,Mixed,0.5797101
4481,20250814_WGS_20250814_sc_PICA0147-PICA0173_Pool_2_GTGGCGACACATGAAG,3.3541808128356934,1.5409103289668433,1.8212355472534487,0.004992198386490337,0.026256351471071172,0.02576758337665143,279.0,CD56_dim CD16+ NK,0.9677419
4482,20250814_WGS_20250814_sc_PICA0147-PICA0173_Pool_2_GTGGTAACAATATCAT,3.429006338119507,1.8548202662780826,3.7566822918453484,0.001997367479876495,0.013616655393953878,0.013317509300580958,287.0,CD56_dim CD16+ NK,0.67247385
4486,20250814_WGS_20250814_sc_PICA0147-PICA0173_Pool_2_GTTCGCACAGTCTGCA,3.417069435119629,1.386025370508858,1.9315587741640938,0.006748544894775297,0.032716493975606026,0.03212232215744084,223.0,CD56_dim CD16+ NK,0.9955157
4487,20250814_WGS_20250814_sc_PICA0147-PICA0173_Pool_2_GTTGACATCGGAAAGT,3.4426708221435547,2.1176019782578113,-1.2319558324263338,0.010589650204749008,0.04467607887236937,0.04396816117694184,414.0,CD56_dim CD16+ NK,0.9951691
4489,20250814_WGS_20250814_sc_PICA0147-PICA0173_Pool_2_GTTGTATAGCTAAGGG,3.3439102172851562,1.722278051347574,-1.899860990016078,0.0030168620444020614,0.018390537128344497,0.01800355659325121,284.0,CD56_dim CD16+ NK,0.8415493
4490,20250814_WGS_20250814_sc_PICA0147-PICA0173_Pool_2_GTTGTCCGTATGAGTC,3.958951234817505,11.745359461558083,1.786218785200168,0.002939867581118959,0.0180503222831866,0.017669191766013222,214.0,CD56_dim CD16+ NK,0.9626168
4492,20250814_WGS_20250814_sc_PICA0147-PICA0173_Pool_3_AAACCGCTCGGCGATT,3.245459794998169,5.195023712318792,1.1543633117274101,0.02354633765132209,0.07825053049597011,0.07724601252887305,475.0,CD56_dim CD16+ NK,0.97894734
4502,20250814_WGS_20250814_sc_PICA0147-PICA0173_Pool_3_AAGTGTAAGCAGCGTT,3.23372483253479,13.950327875578077,-1.3828670060411765,0.002207972743267876,0.014676612344083568,0.014354025985677771,566.0,CD56_dim CD16+ NK,0.97879857
4503,20250814_WGS_20250814_sc_PICA0147-PICA0173_Pool_3_AATATCTCAGTTAGTC,3.3113861083984375,1.9346426887968602,1.586383181055744,0.003486471150361245,0.020455763729725206,0.02004082319387934,374.0,CD56_dim CD16+ NK,0.9946524
4508,20250814_WGS_20250814_sc_PICA0147-PICA0173_Pool_3_ACAACCATCGCGGAAA,3.5676627159118652,1.950834447619871,-1.5046957857779593,0.0041606795096750335,0.02308075652410055,0.022633569242883463,328.0,CD56_dim CD16+ NK,0.89634144
4511,20250814_WGS_20250814_sc_PICA0147-PICA0173_Pool_3_ACACCCTGTCCGTCCA,3.4530656337738037,1.528618199778292,-1.2816373476945029,0.02389296250075345,0.07900959167335422,0.07799101918528374,250.0,CD56_dim CD16+ NK,0.888
4512,20250814_WGS_20250814_sc_PICA0147-PICA0173_Pool_3_ACACCTTTCGTCACCC,3.562807321548462,1.2917608363258497,-2.402707633561116,0.0005225045808441625,0.005384092704911971,0.005237177297079252,168.0,CD56_dim CD16+ NK,0.9880952
4516,20250814_WGS_20250814_sc_PICA0147-PICA0173_Pool_3_ACATATTCAACCCTAG,3.1781415939331055,2.929658274023299,-1.4245030341594824,0.0030280574559146227,0.0184268565255456,0.01803749445042171,544.0,CD56_dim CD16+ NK,1.0
4518,20250814_WGS_20250814_sc_PICA0147-PICA0173_Pool_3_ACGAAAGGTGTAAGTC,3.8192732334136963,2.7614615099084934,-1.7861866571875025,0.024457765859286315,0.08036472697792846,0.0793524137927592,164.0,CD56_dim CD16+ NK,1.0
4519,20250814_WGS_20250814_sc_PICA0147-PICA0173_Pool_3_ACGAAATCAATAGCGA,3.49360990524292,1.3687778179989127,-1.7329738535081394,0.011304794796374282,0.04667373576658971,0.045959019190489704,221.0,CD56_dim CD16+ NK,0.8597285
4525,20250814_WGS_20250814_sc_PICA0147-PICA0173_Pool_3_ACGGTTATCAAGGCTC,3.571621894836426,1.0668647228895822,-2.4280557261825235,0.0036197596770217453,0.020864981028871396,0.020445157064532607,204.0,CD56_dim CD16+ NK,0.99509805
4528,20250814_WGS_20250814_sc_PICA0147-PICA0173_Pool_3_ACTATCCTCCAAGCTA,3.0763516426086426,14.31736857130242,-1.2046228443194444,0.008527947801074623,0.03825537968505743,0.037618903194387814,791.0,CD56_dim CD16+ NK,0.9949431
4530,20250814_WGS_20250814_sc_PICA0147-PICA0173_Pool_3_ACTCATACACACACGC,3.6370458602905273,0.739549719095975,-2.0435127979928627,0.00944305856775132,0.04123385192859852,0.040558084885614895,136.0,CD56_dim CD16+ NK,0.99264705
4532,20250814_WGS_20250814_sc_PICA0147-PICA0173_Pool_3_ACTCGTTTCAACTCTC,3.442621946334839,2.9538994037416093,-1.5306291778139722,0.0008149344481053961,0.007357732017682716,0.007168864273102513,372.0,CD56_dim CD16+ NK,0.99731183
4534,20250814_WGS_20250814_sc_PICA0147-PICA0173_Pool_3_ACTGGGGCAGCAGCGA,3.3462650775909424,2.1922813035199225,1.369578435751098,0.01042217445767099,0.044215693618655,0.04351027065073255,319.0,CD56_dim CD16+ NK,0.9937304
4537,20250814_WGS_20250814_sc_PICA0147-PICA0173_Pool_3_ACTTCAGAGCACTAGC,3.3550732135772705,2.6458773952372443,-1.3116928702505368,0.014549624260123765,0.055834962441168375,0.055022102496830996,350.0,CD56_dim CD16+ NK,0.94285715
4546,20250814_WGS_20250814_sc_PICA0147-PICA0173_Pool_3_AGCGAATAGACGCGAA,4.2603888511657715,11.326242730723592,2.5931968483777825,0.0007840054970707572,0.007151146436707435,0.006967937903514906,141.0,CD56_dim CD16+ KLRC2+ NK,0.9929078
4548,20250814_WGS_20250814_sc_PICA0147-PICA0173_Pool_3_AGCGGTAAGGTCATCA,3.5235373973846436,2.542064312487837,-1.3742839680976728,0.015623840441546473,0.05890181867189984,0.05805723573263926,343.0,CD56_dim CD16+ NK,1.0
4554,20250814_WGS_20250814_sc_PICA0147-PICA0173_Pool_3_AGGACACCAGTAGTAG,3.333503246307373,1.5658845891230546,-2.2083588428245964,0.000502188334700749,0.005207428721196924,0.005065069614627427,272.0,CD56_dim CD16+ NK,1.0
4557,20250814_WGS_20250814_sc_PICA0147-PICA0173_Pool_3_AGGATATCACGCGAAG,3.64180588722229,0.9114000770012989,1.7289402544730095,0.011627314452361232,0.04761123664979633,0.04688247782741047,157.0,CD56_dim CD16+ NK,1.0
4559,20250814_WGS_20250814_sc_PICA0147-PICA0173_Pool_3_AGGCTGAAGAACGGCA,4.6475419998168945,2.9894152927714783,-1.4139194131572606,0.023940206989233513,0.07913925471508032,0.07812552697400126,170.0,CD56_dim CD16+ NK,0.9764706
4562,20250814_WGS_20250814_sc_PICA0147-PICA0173_Pool_3_AGGGGATGTGGCCCCT,3.3805110454559326,2.7557658858518037,1.052299517928616,0.01663423562874508,0.06169572860646378,0.06084007672935574,436.0,CD56_dim CD16+ NK,0.98623854
4563,20250814_WGS_20250814_sc_PICA0147-PICA0173_Pool_3_AGGGGCAGTATAGTCA,3.385280132293701,1.7646138187910423,-2.0946601132926537,0.0002412065157566226,0.0031347300616338908,0.0030406703850904345,323.0,CD56_dim CD16+ NK,1.0
4564,20250814_WGS_20250814_sc_PICA0147-PICA0173_Pool_3_AGTAAACCACTCAATA,3.4705963134765625,1.5500280573128065,1.7379417981503988,0.0007684811954569045,0.007042147215298572,0.0068604146760767705,263.0,CD56_dim CD16+ NK,0.8973384
4566,20250814_WGS_20250814_sc_PICA0147-PICA0173_Pool_3_AGTATTATCAAGGGGC,3.5098092555999756,1.245058555926402,1.8705709374993567,0.00456489854412982,0.024640446881218,0.024175367934706225,203.0,CD56_dim CD16+ NK,0.91133004
4567,20250814_WGS_20250814_sc_PICA0147-PICA0173_Pool_3_AGTCGCAGTGCGGAGA,3.5115432739257812,1.2965231048371093,1.5552091191340585,0.006330358452008864,0.03130540216402576,0.030738806629226633,241.0,CD56_dim CD16+ NK,0.98755187
4570,20250814_WGS_20250814_sc_PICA0147-PICA0173_Pool_3_ATACGCTCAGTGCAGG,3.3658602237701416,1.8930028767855684,1.9291899612234766,0.00014467715890806933,0.002196016475197829,0.002126809480887059,319.0,CD56_dim CD16+ NK,0.95924765
4577,20250814_WGS_20250814_sc_PICA0147-PICA0173_Pool_3_ATCCTAGAGAAACGTA,3.7337870597839355,2.9920937332353574,3.004282454579546,1.020413325509604e-05,0.00036683790739745195,0.00035339088153909777,267.0,CD56_dim CD16+ NK,0.6217228
4578,20250814_WGS_20250814_sc_PICA0147-PICA0173_Pool_3_ATCGCGCCAGTATTCA,3.477966070175171,1.7282275484236824,1.5083940551691113,0.018800252899286874,0.06741947262864033,0.0664944684761273,259.0,CD56_dim CD16+ NK,0.996139
4580,20250814_WGS_20250814_sc_PICA0147-PICA0173_Pool_3_ATGAATCTCGTAGTGC,3.2672698497772217,1.9812959867040678,1.5006856005919815,0.01412417820259689,0.054692326837178444,0.05389775036982743,380.0,CD56_dim CD16+ NK,1.0
4587,20250814_WGS_20250814_sc_PICA0147-PICA0173_Pool_3_ATGTGTCCAACCACAT,3.2361690998077393,3.62937609169487,3.336324442243962,1.2881469116375994e-10,3.172383806635498e-07,2.927310944762901e-07,640.0,CD56_dim CD16+ NK,0.9875
4592,20250814_WGS_20250814_sc_PICA0147-PICA0173_Pool_3_CAACAGACAACGAAGC,3.241870641708374,2.381466020051469,-2.487003543862921,3.566490979532901e-06,0.0001796359414639152,0.00017222819923955684,365.0,CD56_dim CD16+ NK,0.99452055
4595,20250814_WGS_20250814_sc_PICA0147-PICA0173_Pool_3_CAAGACGAGCGTACCG,3.5001542568206787,11.402973448332162,-1.1921469127636317,0.0326327876601411,0.09866961057091772,0.09750904327690986,262.0,CD56_dim CD16+ NK,0.9389313
4596,20250814_WGS_20250814_sc_PICA0147-PICA0173_Pool_3_CAAGCTATCAACTATA,3.244894504547119,4.125519024638921,1.5708196203834377,0.0013002735246319627,0.009999215059445328,0.00976076957273698,402.0,CD56_dim CD16+ NK,0.9925373
4598,20250814_WGS_20250814_sc_PICA0147-PICA0173_Pool_3_CAATATATCAACGTAT,3.341949939727783,1.542193606577682,2.0695826475446344,0.0004230834272744676,0.004610392524425641,0.004480393594120328,271.0,CD56_dim CD16+ NK,1.0
4600,20250814_WGS_20250814_sc_PICA0147-PICA0173_Pool_3_CACAGCAGTGTCCGCC,3.7746622562408447,0.7825250963785086,-1.4028452829797888,0.019276703744065135,0.06866404786118015,0.06772894915391185,148.0,CD56_dim CD16+ NK,0.972973
4602,20250814_WGS_20250814_sc_PICA0147-PICA0173_Pool_3_CACCCGAAGGGGTAAT,3.2480876445770264,2.0333640380673192,2.3685376660978945,3.175494517963699e-07,3.595608792696597e-05,3.416520181617023e-05,388.0,CD56_dim CD16+ NK,0.9381443
4606,20250814_WGS_20250814_sc_PICA0147-PICA0173_Pool_3_CACGTCACAATGCTAC,3.2202298641204834,1.5540380793112207,1.9265779641600456,0.00021647292578215577,0.002885622181163757,0.0027988455985525555,279.0,CD56_dim CD16+ NK,0.97849464
4613,20250814_WGS_20250814_sc_PICA0147-PICA0173_Pool_3_CAGTAGTGTACAGAAG,3.2339224815368652,4.045530086720044,-1.522770781431099,0.003887019727549782,0.02194328443329106,0.021510631807533816,389.0,CD56_dim CD16+ NK,1.0
4616,20250814_WGS_20250814_sc_PICA0147-PICA0173_Pool_3_CATAGCCAGAGGTACG,3.2063066959381104,3.557921292204753,1.3334749873658707,0.0028057639824992024,0.017418708151646742,0.017046617137119822,556.0,CD56_dim CD16+ NK,0.8417266
4617,20250814_WGS_20250814_sc_PICA0147-PICA0173_Pool_3_CATGTCCGTGGATGTT,3.509556770324707,1.5258039649526114,-2.1700454542162757,0.001764230355307767,0.01245837507536689,0.012181308244324746,262.0,CD56_dim CD16+ NK,1.0
4620,20250814_WGS_20250814_sc_PICA0147-PICA0173_Pool_3_CCAAGGGCAACTTCAA,3.382289171218872,1.313282852704475,1.610330946335988,0.017279754363730897,0.06349230146852408,0.0626203446485197,241.0,CD56_dim CD16+ NK,1.0
4621,20250814_WGS_20250814_sc_PICA0147-PICA0173_Pool_3_CCAATATAGATAACGA,3.580845832824707,2.7743193310179253,-1.6590045008449246,0.017639886068022484,0.06440715999113769,0.0635263256095495,216.0,CD56_dim CD16+ NK,0.9722222
4624,20250814_WGS_20250814_sc_PICA0147-PICA0173_Pool_3_CCAGAGGCACAGTCAT,3.40200138092041,1.4292787371810285,-2.618343766730723,0.00015187529946207928,0.0022634244705006705,0.002192070240316475,264.0,CD56_dim CD16+ NK,1.0
4626,20250814_WGS_20250814_sc_PICA0147-PICA0173_Pool_3_CCAGATTCACGCGAAG,3.3862693309783936,2.5319103735584254,-2.1726492416920022,0.0007047546333268527,0.0066182439398501675,0.006444463191219864,296.0,CD56_dim CD16+ NK,0.9831081
4633,20250814_WGS_20250814_sc_PICA0147-PICA0173_Pool_3_CCGCAATAGCTGTAAT,3.3408524990081787,2.4116703757289484,2.684655477252234,4.049117560203678e-07,4.215832109875755e-05,4.00679480019025e-05,416.0,CD56_dim CD16+ NK,1.0
4636,20250814_WGS_20250814_sc_PICA0147-PICA0173_Pool_3_CCGTGATAGAGCAGAT,3.931438446044922,2.4531849107780497,-1.8748976567186741,0.0004776504635019491,0.005037831601667773,0.004899975568926928,219.0,CD56_dim CD16+ NK,0.99086756
4640,20250814_WGS_20250814_sc_PICA0147-PICA0173_Pool_3_CCTCTACCACAGCATT,3.322575569152832,2.0631049389488343,1.387064839668814,0.0035889278584293237,0.02073579374392215,0.020318300118844026,373.0,CD56_dim CD16+ NK,0.98659515
4644,20250814_WGS_20250814_sc_PICA0147-PICA0173_Pool_3_CGACGTTAGAACTTCG,3.197246551513672,2.437653165687623,-2.4277364360765485,1.8489756809500497e-05,0.0005325806851765772,0.0005126882167685111,458.0,CD56_dim CD16+ NK,0.9847162
4647,20250814_WGS_20250814_sc_PICA0147-PICA0173_Pool_3_CGATTGCAGGTATTCG,3.8618178367614746,2.0086479029750266,-2.455992058769555,0.0038455458603460116,0.02181733534323736,0.021382046134796644,152.0,CD56_dim CD16+ NK,1.0
4649,20250814_WGS_20250814_sc_PICA0147-PICA0173_Pool_3_CGCTGTGAGCGACAGA,3.6104867458343506,1.7262136062542415,1.7374280104487712,0.0013935364598552063,0.010511276926518865,0.010262662617579828,281.0,CD56_dim CD16+ NK,0.97153026
4656,20250814_WGS_20250814_sc_PICA0147-PICA0173_Pool_3_CGTTAGGGTAATTGGC,3.413618564605713,3.0806906788572475,-3.0771480900720123,3.763388515333533e-06,0.0001826263067219243,0.00017525698186106597,393.0,CD56_dim CD16+ NK,1.0
4657,20250814_WGS_20250814_sc_PICA0147-PICA0173_Pool_3_CGTTGGTAGGTGCCAT,3.6991097927093506,6.5685161088384785,1.79505721789173,0.007682817949173272,0.0358180026584505,0.03519384395643963,154.0,CD56_dim CD16+ NK,0.9935065
4660,20250814_WGS_20250814_sc_PICA0147-PICA0173_Pool_3_CTAAAGGCACAACCCA,3.4414374828338623,4.910502862208027,-1.4959392824822446,0.025856171625170607,0.08370330157067225,0.08266002867353008,269.0,CD56_dim CD16+ NK,0.9962825
4663,20250814_WGS_20250814_sc_PICA0147-PICA0173_Pool_3_CTAACTTGTACTCTAT,3.300670623779297,2.2191387316069404,2.281555541815734,0.00016834785220934222,0.002432925019021916,0.0023571076949231388,283.0,CD56_dim CD16+ NK,1.0
4668,20250814_WGS_20250814_sc_PICA0147-PICA0173_Pool_3_CTCCGGTTCCTCTGAT,3.8233911991119385,3.082849409889337,-2.1821766878666273,0.0006799615337430539,0.006446873021080677,0.006277523895188268,200.0,CD56_dim CD16+ NK,0.96
4679,20250814_WGS_20250814_sc_PICA0147-PICA0173_Pool_3_GCAATGTGTAACGAAG,3.58254337310791,2.981072439051531,-1.3203496501130207,0.03059757142983734,0.09410448834072047,0.09299156860717671,252.0,CD56_dim CD16+ NK,0.9880952
4680,20250814_WGS_20250814_sc_PICA0147-PICA0173_Pool_3_GCAATTTAGCGATTGC,3.400590658187866,2.665163792321964,-1.3417644174541041,0.032187027615215434,0.09762143135390616,0.09646777637670378,346.0,CD56_dim CD16+ NK,0.9884393
4690,20250814_WGS_20250814_sc_PICA0147-PICA0173_Pool_3_GCGAGAGGTCCAAAGT,3.5245180130004883,1.7828087497034106,1.6639228583719377,0.009707348730912934,0.04207087212856283,0.0413822745810505,207.0,CD56_dim CD16+ NK,1.0
4692,20250814_WGS_20250814_sc_PICA0147-PICA0173_Pool_3_GCGCTCAAGCGTATAT,3.751781702041626,2.0692588595137478,-2.112573161035063,0.002576539702388085,0.016481488706639624,0.01612238996260233,180.0,CD56_dim CD16+ NK,1.0
4695,20250814_WGS_20250814_sc_PICA0147-PICA0173_Pool_3_GCTGTTAAGATGGAGT,3.254887580871582,3.786142182151093,-2.624637159013658,5.851856900472837e-05,0.0011645786328597558,0.00112397252550521,444.0,CD56_dim CD16+ NK,0.9977477
4696,20250814_WGS_20250814_sc_PICA0147-PICA0173_Pool_3_GCTTACGCAACACTTA,3.2561607360839844,4.269558079169787,1.352479961252027,0.0116568063116792,0.04766757948374919,0.04693478935945109,319.0,CD56_dim CD16+ NK,0.984326
4697,20250814_WGS_20250814_sc_PICA0147-PICA0173_Pool_3_GCTTCGTGTACCTTGC,3.73771595954895,2.0723783267578852,-2.2680223155756134,0.00027805333005937767,0.0034838267435629592,0.0033824305970901864,188.0,CD56_dim CD16+ NK,0.9734042
4698,20250814_WGS_20250814_sc_PICA0147-PICA0173_Pool_3_GCTTCTAGTGTATCCC,3.813593864440918,1.880691817409605,-2.355691050902622,0.0038784812481888354,0.02193512989705813,0.021501673887913412,177.0,CD56_dim CD16+ NK,0.99435025
4699,20250814_WGS_20250814_sc_PICA0147-PICA0173_Pool_3_GCTTGCGAGCTGTGGT,3.752892255783081,1.7539408233424685,-1.685844035516224,0.0034076081641836137,0.02010080720082202,0.01969275642469037,230.0,CD56_dim CD16+ NK,1.0
4712,20250814_WGS_20250814_sc_PICA0147-PICA0173_Pool_3_GGGCGTACAGGGTCTC,3.417133092880249,2.112641981661084,1.4694607527237007,0.02152004662421234,0.0737875642772615,0.07281573079945905,232.0,CD56_dim CD16+ NK,1.0
4720,20250814_WGS_20250814_sc_PICA0147-PICA0173_Pool_3_GTAAGTAAGCTTAGTG,3.3317110538482666,2.042828061723762,-1.4361760361583629,0.00322020034906559,0.01929573822302015,0.018894828949478474,318.0,CD56_dim CD16+ NK,1.0
4723,20250814_WGS_20250814_sc_PICA0147-PICA0173_Pool_3_GTATGCATCCAATGCA,3.3256118297576904,1.628751802064869,-1.3164048224728215,0.011628528614293978,0.04761123664979633,0.04688247782741047,223.0,CD56_dim CD16+ NK,0.9147982
4727,20250814_WGS_20250814_sc_PICA0147-PICA0173_Pool_3_GTCAAGACAATGAATA,3.4682881832122803,1.6657035843870074,-3.2415178208354094,3.122826996693866e-07,3.577089388887358e-05,3.400306832504502e-05,286.0,CD56_dim CD16+ NK,1.0
4730,20250814_WGS_20250814_sc_PICA0147-PICA0173_Pool_3_GTCATTCTCGGAGGTA,3.3208751678466797,2.466865566584105,-1.6929405898837941,0.0016215440406952572,0.011719611404907541,0.01145259516228986,424.0,CD56_dim CD16+ NK,0.9976415
4733,20250814_WGS_20250814_sc_PICA0147-PICA0173_Pool_3_GTCGCTCTCCATCACT,3.497188091278076,3.403585791134252,1.2534343034909612,0.02415392685832445,0.0797387176546093,0.078719739496108,325.0,CD56_dim CD16+ NK,0.97846156
4734,20250814_WGS_20250814_sc_PICA0147-PICA0173_Pool_3_GTCGTACAGCTAATCG,3.3550326824188232,1.8283366888209527,1.0684631540514617,0.030206603375947123,0.09330897764312712,0.09220032639415003,323.0,CD56_dim CD16+ NK,0.996904
4735,20250814_WGS_20250814_sc_PICA0147-PICA0173_Pool_3_GTCTGGTAGACGGAGC,3.4578282833099365,1.1663156722450068,1.5331455512926973,0.014480960270246089,0.05570165545575721,0.05489642210497728,211.0,CD56_dim CD16+ NK,0.9905213
4742,20250814_WGS_20250814_sc_PICA0147-PICA0173_Pool_3_GTGTATAGTCAACCTC,3.421562671661377,1.5173978585099792,2.1227707497289443,0.0003949447065065544,0.0044343735730205764,0.004309786397708812,249.0,CD56_dim CD16+ NK,0.9718875
4745,20250814_WGS_20250814_sc_PICA0147-PICA0173_Pool_3_GTTAAGTTCCGATGTA,3.417677879333496,1.845607043677865,-1.6316806673067894,0.012706697161945115,0.050759802815215464,0.050012204733922434,322.0,CD56_dim CD16+ NK,0.9875776
4750,20250814_WGS_20250814_sc_PICA0147-PICA0173_Pool_3_GTTCAATAGCTCAGGT,3.426384449005127,2.0288791271438886,-2.1308631285460895,7.903050476433422e-05,0.0014284944998779016,0.0013803505154377203,361.0,CD56_dim CD16+ NK,0.9695291
4751,20250814_WGS_20250814_sc_PICA0147-PICA0173_Pool_3_GTTGCTTTCACCCTAT,3.3492257595062256,3.764304185730283,1.2338540159316482,0.005628879918585079,0.028686030045515582,0.028155269168563195,511.0,CD56_dim CD16+ NK,0.9510763
4754,20250324_WGS_20250324_sc_PICA0098-PICA0118_Pool_3_AAACCAAAGATTAAGG,3.356999158859253,1.3418791638149385,-1.4191359248700848,0.007773122567721614,0.03601741788082108,0.03538644411954252,235.0,CD56_dim CD16+ NK,1.0
4759,20250324_WGS_20250324_sc_PICA0098-PICA0118_Pool_3_AACTTCGAGGTTGTGC,3.4717142581939697,1.7661417158039223,-1.5641674483919676,0.0014943623755921467,0.011040566499103566,0.010782619289506723,277.0,CD56_dim CD16+ NK,0.96750903
4760,20250324_WGS_20250324_sc_PICA0098-PICA0118_Pool_3_AACTTGTAGATCTTGG,3.3206899166107178,1.9314040841350306,-2.2469754093125425,8.002549668829524e-05,0.0014385605253218912,0.0013901282233501789,343.0,CD56_dim CD16+ NK,0.941691
4767,20250324_WGS_20250324_sc_PICA0098-PICA0118_Pool_3_ACAGCATGTCGCGGAT,3.3312125205993652,1.509205837755089,1.0511112750479787,0.026752506680511007,0.08575949993807808,0.08468417423418509,254.0,CD56_dim CD16+ NK,0.988189
4773,20250324_WGS_20250324_sc_PICA0098-PICA0118_Pool_3_ACGCCGGGTCATTTCG,3.532676935195923,2.1087462523195892,-1.8158356746961741,0.013932982949016452,0.054164883595406894,0.05337769364771472,237.0,CD56_dim CD16+ NK,0.835443
4779,20250324_WGS_20250324_sc_PICA0098-PICA0118_Pool_3_ACTATATCAACACTTA,3.373426675796509,1.2871733286947178,-1.8193513573792612,0.007471291614095746,0.03516823664100634,0.03454607370841218,241.0,CD56_dim CD16+ NK,0.97510374
4780,20250324_WGS_20250324_sc_PICA0098-PICA0118_Pool_3_ACTCATTGTGGCGAAG,3.3383138179779053,11.884550387156839,-1.2797580746579698,0.008050148818954864,0.03685990997499563,0.03623010083823044,332.0,CD56_dim CD16+ NK,1.0
4783,20250324_WGS_20250324_sc_PICA0098-PICA0118_Pool_3_ACTGTGGGTAAAGCCT,3.3897154331207275,2.125314395946771,1.3253175906864494,0.015622874834105347,0.05890181867189984,0.05805723573263926,319.0,CD56_dim CD16+ NK,0.9811912
4784,20250324_WGS_20250324_sc_PICA0098-PICA0118_Pool_3_ACTGTGGGTGCGCTGG,3.511611223220825,1.5776247033031396,-1.7840064593988105,0.001813392908375189,0.012711772423277971,0.012428517189805833,300.0,CD56_dim CD16+ NK,1.0
4785,20250324_WGS_20250324_sc_PICA0098-PICA0118_Pool_3_ACTTAAGGTCTGGTGA,3.3632209300994873,11.605608735667793,2.2693998344551494,0.0007963812128690763,0.0072305542193302035,0.007043859236571103,278.0,CD56_dim CD16+ NK,0.9928058
4786,20250324_WGS_20250324_sc_PICA0098-PICA0118_Pool_3_AGCAATCGTGTCATGG,3.3215115070343018,12.311857043126565,1.8985418599601236,0.000816345415206314,0.007357732017682716,0.007168864273102513,346.0,CD56_dim CD16+ NK,0.9884393
4787,20250324_WGS_20250324_sc_PICA0098-PICA0118_Pool_3_AGCACGTTCGGAGTCT,3.4564733505249023,1.2428632339535723,-2.2296724117761246,0.0004441544115343476,0.004771390521292103,0.0046387670976815315,216.0,CD56_dim CD16+ NK,1.0
4788,20250324_WGS_20250324_sc_PICA0098-PICA0118_Pool_3_AGCATATTCCCTGCTA,3.140657663345337,12.980154974727359,-1.4024093642298316,0.0040836488789611535,0.0228223804277238,0.02237676419520877,536.0,CD56_dim CD16+ NK,0.98880595
4789,20250324_WGS_20250324_sc_PICA0098-PICA0118_Pool_3_AGCCATATCAAAGCCC,3.6110620498657227,1.9187834438951732,-2.365159309895223,5.3965580196136506e-05,0.0010938578817122238,0.001055905092826647,216.0,CD56_dim CD16+ NK,1.0
4794,20250324_WGS_20250324_sc_PICA0098-PICA0118_Pool_3_AGGAAATGTGGGTAGG,3.5620124340057373,1.2940794315586546,-1.9072630193012163,0.0008351147825451751,0.007465259276635681,0.007275167759192469,242.0,CD56_dim CD16+ NK,0.9917355
4796,20250324_WGS_20250324_sc_PICA0098-PICA0118_Pool_3_AGGATTAAGATCCTGA,3.4682705402374268,1.5830599729963555,1.3532881914629689,0.011649907114779923,0.04765915074239909,0.04692785132995688,228.0,CD56_dim CD16+ NK,0.9780702
4797,20250324_WGS_20250324_sc_PICA0098-PICA0118_Pool_3_AGGGTCTTCGGTTATG,3.0235118865966797,4.626894691804815,1.125656756971784,0.014735686864077929,0.056329550367881905,0.05550801501221951,849.0,CD56_dim CD16+ NK,0.99882215
4798,20250324_WGS_20250324_sc_PICA0098-PICA0118_Pool_3_AGGGTTCTCACAACCA,3.3294849395751953,2.8503042994073886,-2.656310751107891,1.519901046749356e-06,0.00010694675151091361,0.00010207159198201464,393.0,CD56_dim CD16+ NK,0.9720102
4800,20250324_WGS_20250324_sc_PICA0098-PICA0118_Pool_3_AGTCAGGAGATAATCC,3.482290506362915,2.7619269357642935,-1.2834212655013224,0.013435020691826722,0.052745688074369294,0.05196562549293653,296.0,CD56_dim CD16+ NK,0.9831081
4801,20250324_WGS_20250324_sc_PICA0098-PICA0118_Pool_3_AGTTAGAAGGGTATCC,3.35016131401062,2.1766993889187773,-1.5195507039363116,0.0065777021084946746,0.032109486358167016,0.03152536501680077,345.0,CD56_dim CD16+ NK,0.9826087
4802,20250324_WGS_20250324_sc_PICA0098-PICA0118_Pool_3_ATACCTCTCCCGGCAA,3.46944522857666,3.407608423181187,1.5406795775942872,0.0127723972914633,0.05093273836628669,0.050181714103918085,282.0,CD56_dim CD16+ NK,0.93971634
4804,20250324_WGS_20250324_sc_PICA0098-PICA0118_Pool_3_ATATGTATCCGGAAAG,3.607607364654541,1.8856141547735912,-1.9843991339632947,0.001271361348339901,0.00983831943636792,0.009603191096814059,188.0,CD56_dim CD16+ NK,0.95212764
4805,20250324_WGS_20250324_sc_PICA0098-PICA0118_Pool_3_ATCAATGGTACGCCGG,3.771791934967041,1.607087898239639,2.7306008526742467,1.8880999260603248e-06,0.00012236626560276488,0.00011698265045719359,197.0,CD56_dim CD16+ NK,1.0
4812,20250324_WGS_20250324_sc_PICA0098-PICA0118_Pool_3_ATCTCTGGTGGGGATG,3.8010222911834717,0.8572523720139137,-2.2345427758828174,0.00025858581594956776,0.0032944494976749035,0.0031965470451882495,149.0,CD56_dim CD16+ NK,1.0
4814,20250324_WGS_20250324_sc_PICA0098-PICA0118_Pool_3_ATGAGCTGTCTTAGGG,3.41068434715271,1.3712888875630938,1.5110374761648533,0.012188641920474952,0.04920914408139292,0.048463511466585625,254.0,CD56_dim CD16+ NK,1.0
4817,20250324_WGS_20250324_sc_PICA0098-PICA0118_Pool_3_ATGGGCGCAATCAGGA,3.319234609603882,1.6471415944238184,3.693188424850153,8.545499128337211e-08,1.5032448555937474e-05,1.4349456718541878e-05,271.0,CD56_dim CD16+ NK,0.99261993
4820,20250324_WGS_20250324_sc_PICA0098-PICA0118_Pool_3_ATTGCATAGCATCAAT,3.555405855178833,1.3705391560919327,-2.816375677273407,2.2728296074589264e-05,0.0006117389197562263,0.0005892011260562588,227.0,CD56_dim CD16+ NK,0.9911894
4822,20250324_WGS_20250324_sc_PICA0098-PICA0118_Pool_3_CAAGACCTCGTAGTGC,3.4960432052612305,1.5543102838303648,1.2387231580947686,0.03287888239682484,0.09926627846774133,0.0981064333226555,248.0,CD56_dim CD16+ NK,0.983871
4823,20250324_WGS_20250324_sc_PICA0098-PICA0118_Pool_3_CAAGCCTAGCTACGCG,3.418153762817383,2.2728324763632637,-1.237091941486267,0.021243164085466604,0.07310050062031029,0.07213817563222742,290.0,CD56_dim CD16+ NK,0.7827586
4826,20250324_WGS_20250324_sc_PICA0098-PICA0118_Pool_3_CAAGTATTCATCTTCA,3.3848867416381836,2.184105428757716,-1.832759109893424,0.0005556893601822413,0.005655057734664524,0.005500983806081136,354.0,CD56_dim CD16+ NK,0.99435025
4827,20250324_WGS_20250324_sc_PICA0098-PICA0118_Pool_3_CAATCAGTCATGGGTC,3.291210889816284,2.402657815588496,-1.3285234214558819,0.028291354798873042,0.08921195138402635,0.08811145940444096,401.0,CD56_dim CD16+ NK,0.8778055
4828,20250324_WGS_20250324_sc_PICA0098-PICA0118_Pool_3_CAATTAATCGGCTTGG,3.4784319400787354,11.099337193046898,1.6574088545412389,0.016357650544760596,0.06096829947651783,0.06011058715142003,166.0,CD56_dim CD16+ NK,0.94578314
4836,20250324_WGS_20250324_sc_PICA0098-PICA0118_Pool_3_CAGCGAAAGCAGGAGC,3.3898417949676514,12.054623959389595,-2.347038329413342,4.984027661859074e-06,0.00021918596650434704,0.00021028799777601592,373.0,CD56_dim CD16+ NK,0.9946381
4837,20250324_WGS_20250324_sc_PICA0098-PICA0118_Pool_3_CAGCGCATCAATCATA,3.395266056060791,12.902076406497685,1.8862585671759828,0.00023272513589283808,0.0030649402589309465,0.0029723336950574167,384.0,CD56_dim CD16+ NK,0.9635417
4838,20250324_WGS_20250324_sc_PICA0098-PICA0118_Pool_3_CATAGGGAGGCCACAT,3.6074576377868652,2.1649192996042452,1.9983098657197909,0.009116717184797781,0.04025494441391436,0.03959644920035753,129.0,CD56_dim CD16+ NK,0.90697676
4839,20250324_WGS_20250324_sc_PICA0098-PICA0118_Pool_3_CATCGCGAGAGCGATG,3.299328327178955,1.950381386180706,-1.6077687858934697,0.0013174269298687805,0.010083894861023587,0.009843604929712575,354.0,CD56_dim CD16+ NK,1.0
4840,20250324_WGS_20250324_sc_PICA0098-PICA0118_Pool_3_CATGTCAAGGTCCACG,3.4274516105651855,11.505054419739293,-1.157959393532711,0.025661636641835968,0.08321026417337923,0.08217378646467365,281.0,CD56_dim CD16+ NK,0.9608541
4845,20250324_WGS_20250324_sc_PICA0098-PICA0118_Pool_3_CCATGGTAGACTGCGT,3.780146360397339,1.1064846830470547,-3.6036853742382613,1.812149336414722e-08,5.950494371007142e-06,5.63820471666057e-06,200.0,CD56_dim CD16+ NK,1.0
4847,20250324_WGS_20250324_sc_PICA0098-PICA0118_Pool_3_CCGATACAGGTCCATA,3.132526397705078,2.3283405569112667,1.5318529941544736,0.0017991526959837444,0.012643236885854748,0.012362175161640532,425.0,CD56_dim CD16+ NK,0.9811765
4850,20250324_WGS_20250324_sc_PICA0098-PICA0118_Pool_3_CCGTTAGCAATACGCT,3.5846164226531982,1.5738486369481413,3.627582555605103,9.195294779635366e-10,9.245968703434509e-07,8.653504681600773e-07,229.0,CD56_dim CD16+ NK,0.98689955
4853,20250324_WGS_20250324_sc_PICA0098-PICA0118_Pool_3_CCTTATCAGCGATTTG,3.953160524368286,21.185319188065595,2.158054246169386,0.0022831642753978476,0.015034392564802272,0.01470758798246286,130.0,CD56_dim CD16+ NK,0.9307692
4856,20250324_WGS_20250324_sc_PICA0098-PICA0118_Pool_3_CGAATGGAGAGTTAAG,3.478195905685425,2.2350192968232636,-1.8571677118556946,0.0010853689387207797,0.008880373268553489,0.008659483604793594,312.0,CD56_dim CD16+ NK,0.94871795
4861,20250324_WGS_20250324_sc_PICA0098-PICA0118_Pool_3_CGGGTCATCATGATGT,3.5208630561828613,2.618854220210158,-1.282515218867512,0.01109761436794865,0.046069363311699175,0.0453506923885065,370.0,CD56_dim CD16+ NK,0.9945946
4867,20250324_WGS_20250324_sc_PICA0098-PICA0118_Pool_3_CTAATCTGTGCCACTT,2.969210147857666,4.828420727366457,1.5193335320272672,0.0005096053327849801,0.005273237534942058,0.005128607686869051,877.0,CD56_dim CD16+ NK,0.9920182
4868,20250324_WGS_20250324_sc_PICA0098-PICA0118_Pool_3_CTACATGAGCAATGGG,3.376009941101074,3.6198218901884713,1.9730608719860347,0.001439282693744828,0.010757491514476707,0.010502305179623864,297.0,CD56_dim CD16+ NK,0.95286196
4870,20250324_WGS_20250324_sc_PICA0098-PICA0118_Pool_3_CTACTTATCAGGTGTC,3.368654489517212,22.16907657425238,-1.4926812409438561,0.004189136299894742,0.02318380993835006,0.022735771396754673,421.0,CD56_dim CD16+ NK,0.98574823
4872,20250324_WGS_20250324_sc_PICA0098-PICA0118_Pool_3_CTAGCAATCACTCACT,3.372901439666748,3.327002796385071,-2.294020502263779,0.0011722543941709107,0.009330558432967803,0.009103862266216147,278.0,CD56_dim CD16+ NK,0.9928058
4876,20250324_WGS_20250324_sc_PICA0098-PICA0118_Pool_3_CTATTGGAGCATAACT,3.4218835830688477,11.368968053967299,2.2662507417092916,0.001377569680380895,0.010438799170332459,0.01019220955807789,304.0,CD56_dim CD16+ NK,0.92105263
4879,20250324_WGS_20250324_sc_PICA0098-PICA0118_Pool_3_CTCCGGAAGCTATAAC,3.4661428928375244,1.997846885059635,-2.5314656489351943,2.4200400760430428e-05,0.0006391371257131372,0.0006157744431477414,289.0,CD56_dim CD16+ NK,0.93079585
4881,20250324_WGS_20250324_sc_PICA0098-PICA0118_Pool_3_CTGGATGGTCCCAAAG,3.408613681793213,2.272506598165212,-2.5797101492410976,0.00014577366586757332,0.002209255973017638,0.0021396144910608896,334.0,CD56_dim CD16+ NK,0.9251497
4882,20250324_WGS_20250324_sc_PICA0098-PICA0118_Pool_3_CTGTAGCAGCTACAGC,3.7648799419403076,1.3950823226243907,-2.192767953512315,8.38961317664429e-05,0.001481112534106145,0.0014311618966180845,239.0,CD56_dim CD16+ NK,0.9832636
4883,20250324_WGS_20250324_sc_PICA0098-PICA0118_Pool_3_CTGTGAGGTACTTGCC,3.105375289916992,2.8709379418957433,1.4895359850800272,0.005525181715044958,0.028303985998392032,0.027780657957536634,484.0,CD56_dim CD16+ NK,0.9958678
4887,20250324_WGS_20250324_sc_PICA0098-PICA0118_Pool_3_GCATCAGGTCCGTAAG,3.270840883255005,2.726982200726107,2.1053646875372447,3.6240765903219e-05,0.0008647571791319919,0.0008338042324854324,374.0,CD56_dim CD16+ NK,0.9812834
4888,20250324_WGS_20250324_sc_PICA0098-PICA0118_Pool_3_GCATGCCCACAAGGCG,3.7334060668945312,0.9747821121184423,1.6082312712203615,0.03310259800881995,0.09978885315371595,0.09863069707668172,130.0,CD56_dim CD16+ NK,0.88461536
4891,20250324_WGS_20250324_sc_PICA0098-PICA0118_Pool_3_GCGAATACAGGAATCA,3.3401806354522705,1.43646012962305,1.990363136717943,0.0006893244743688942,0.006523088757932735,0.0063514168219274076,248.0,CD56_dim CD16+ NK,0.99596775
4892,20250324_WGS_20250324_sc_PICA0098-PICA0118_Pool_3_GCGCATTAGCTTGTCT,3.4917492866516113,6.378958182342031,2.325417274127719,0.001122514010205178,0.009092646179684723,0.00886885124350986,234.0,CD56_dim CD16+ NK,0.97008544
4895,20250324_WGS_20250324_sc_PICA0098-PICA0118_Pool_3_GCTCATTTCCCGGCTT,3.376690149307251,21.993978132110126,-1.505760443012687,0.020751495240534806,0.07226804673088039,0.07129580065306035,320.0,CD56_dim CD16+ NK,0.99375
4898,20250324_WGS_20250324_sc_PICA0098-PICA0118_Pool_3_GCTTCGCTCCTCTCCT,3.3913252353668213,21.533036374509585,-1.7039136568221371,0.0022692997605888343,0.014983158137775206,0.014654398564570372,300.0,CD56_dim CD16+ NK,0.82
4899,20250324_WGS_20250324_sc_PICA0098-PICA0118_Pool_3_GCTTTCGTCCTCCAAT,3.511706829071045,4.873446950887965,-1.046006576966538,0.016242227922856584,0.06067583893365954,0.05981707811158287,513.0,CD56_dim CD16+ NK,0.9883041
4900,20250324_WGS_20250324_sc_PICA0098-PICA0118_Pool_3_GGAAAGCGTAATCAGC,3.452927350997925,21.080701193908332,-1.578309996616567,0.012752679953477961,0.050902208355636705,0.05015180859650207,247.0,CD56_dim CD16+ NK,0.81781375
4901,20250324_WGS_20250324_sc_PICA0098-PICA0118_Pool_3_GGAAGCTCAAGACAAT,3.366806745529175,1.7248219013262571,-2.0834383486407373,0.0009029554341562298,0.007850850822482807,0.007652754712074586,277.0,CD56_dim CD16+ NK,0.9927798
4906,20250324_WGS_20250324_sc_PICA0098-PICA0118_Pool_3_GGATAGCCAGGATCAA,3.4768266677856445,2.6515047455903296,-1.4562671131949965,0.004038810597288632,0.022631583159209507,0.022191173841555736,348.0,CD56_dim CD16+ NK,1.0
4915,20250324_WGS_20250324_sc_PICA0098-PICA0118_Pool_3_GGGTACAAGATTATGC,3.4651622772216797,2.1899152140569558,-1.8151883119787418,0.004718949355839355,0.025182215657840453,0.024713281345868737,296.0,CD56_dim CD16+ NK,1.0
4917,20250324_WGS_20250324_sc_PICA0098-PICA0118_Pool_3_GGTAGTGAGGGACAAT,3.235593557357788,1.6962655489561658,1.39732908966873,0.022075441366302306,0.07485149790637621,0.07387584199294885,281.0,CD56_dim CD16+ NK,0.99288255
4919,20250324_WGS_20250324_sc_PICA0098-PICA0118_Pool_3_GGTGAATAGAAGGCAT,3.3443994522094727,11.863335477039366,1.5839579440228064,0.0033563807604767015,0.019929901670558157,0.01952036045548047,322.0,CD56_dim CD16+ NK,0.99378884
4920,20250324_WGS_20250324_sc_PICA0098-PICA0118_Pool_3_GGTGATACACGGTGCT,3.8976078033447266,0.8874127384166597,-2.289084254376141,0.00015443080468125083,0.002294566903340878,0.002223071350242079,159.0,CD56_dim CD16+ NK,1.0
4925,20250324_WGS_20250324_sc_PICA0098-PICA0118_Pool_3_GTCCTAGCACAATTCA,3.8398702144622803,1.5880247602990036,1.8299850104601258,0.010897125833579144,0.045505547514450254,0.04478918220742966,139.0,CD56_dim CD16+ NK,0.9856115
4929,20250324_WGS_20250324_sc_PICA0098-PICA0118_Pool_3_GTGGTTATCGGCTAAC,3.5472257137298584,2.991546508969198,-2.353602536481311,0.0002204600731082538,0.0029224298259709863,0.0028340900480014622,229.0,CD56_dim CD16+ NK,0.9781659
4934,20250324_WGS_20250324_sc_PICA0098-PICA0118_Pool_3_GTTGCGAGTCCATGCT,3.3639352321624756,1.5507432370725116,1.8857283821856887,0.0024625740810223233,0.015928310749934935,0.015580139931496359,253.0,CD56_dim CD16+ NK,0.9920949
4943,20250324_WGS_20250324_sc_PICA0098-PICA0118_Pool_5_AAGCTAGCAACAGCGG,3.356138229370117,12.308808298431103,-1.3133254792933275,0.012035971941812223,0.04869255014324115,0.0479608052654377,322.0,CD56_dim CD16+ NK,0.9875776
4944,20250324_WGS_20250324_sc_PICA0098-PICA0118_Pool_5_AAGGGAGCACTGCAAT,4.136565208435059,0.769991058471495,2.949690162455898,0.023552210224398677,0.07825053049597011,0.07724601252887305,107.0,CD56_dim CD16+ NK,0.6728972
4945,20250324_WGS_20250324_sc_PICA0098-PICA0118_Pool_5_AAGGGCCAGATTAACC,3.739121913909912,0.9617268135265244,4.144354605879642,0.010118762302611075,0.04335795017095333,0.04265470787114714,154.0,Mixed,0.5779221
4947,20250324_WGS_20250324_sc_PICA0098-PICA0118_Pool_5_AAGGTTCGTACTAAGC,3.573303461074829,1.2177797942319604,3.2014621952074984,0.00840482935209327,0.03794499264320385,0.0373142764792536,204.0,CD56_dim CD16+ NK,0.61764705
4949,20250324_WGS_20250324_sc_PICA0098-PICA0118_Pool_5_AATGCGCTCGTATCAG,3.7308123111724854,16.757103891465384,2.078963860258287,0.002020705068886468,0.01372825216110386,0.013426039091598892,271.0,CD56_dim CD16+ NK,0.96678966
4950,20250324_WGS_20250324_sc_PICA0098-PICA0118_Pool_5_AATGGTAAGCACATCA,3.4990875720977783,1.490076079552248,3.996217498132063,0.000876482375551405,0.007709132037104367,0.007510808879804368,219.0,CD56_dim CD16+ NK,0.7305936
4953,20250324_WGS_20250324_sc_PICA0098-PICA0118_Pool_5_ACAATCGTCAGGAAAC,3.4350738525390625,1.7726028682390553,2.4535548285936035,6.28516854707507e-05,0.0012236204616054647,0.001181962759544782,238.0,CD56_dim CD16+ NK,0.97899157
4955,20250324_WGS_20250324_sc_PICA0098-PICA0118_Pool_5_ACACCGTAGACCCAAC,3.3632516860961914,1.6529389598253634,2.773044257353538,9.329094334470832e-07,7.658409024072681e-05,7.29552552410107e-05,260.0,CD56_dim CD16+ NK,0.97307694
4957,20250324_WGS_20250324_sc_PICA0098-PICA0118_Pool_5_ACAGGCCGTAAACTGC,3.723982334136963,1.0996388255086234,2.195431086365971,0.012608771839091143,0.05045045141628224,0.049706961547029284,175.0,CD56_dim CD16+ NK,0.6571429
4962,20250324_WGS_20250324_sc_PICA0098-PICA0118_Pool_5_ACGTCCACAGCATTCG,3.3660295009613037,1.068635518955221,2.439154182515495,0.00013524654236560495,0.00208499794811201,0.0020182054979563306,189.0,CD56_dim CD16+ NK,0.98941797
4965,20250324_WGS_20250324_sc_PICA0098-PICA0118_Pool_5_ACTATTCGTGGAACCC,3.4871585369110107,1.9469333483594446,4.3359551934557965,0.0001288580471589946,0.00201169670770722,0.0019467417617228715,225.0,CD56_dim CD16+ NK,0.63555557
4968,20250324_WGS_20250324_sc_PICA0098-PICA0118_Pool_5_ACTCCTGTCCTGTTCG,3.52532696723938,2.626336526965067,2.5655000784640705,0.00012071404716738086,0.0019056956388555592,0.001844024889135876,228.0,CD56_dim CD16+ NK,0.99561405
4969,20250324_WGS_20250324_sc_PICA0098-PICA0118_Pool_5_ACTCGACAGACGGCAA,3.2887766361236572,2.2474194948236046,3.8647499299059973,0.00016297420068438396,0.002386774085129177,0.00231319543673484,354.0,Mixed,0.59322035
4970,20250324_WGS_20250324_sc_PICA0098-PICA0118_Pool_5_ACTCGTTTCAGACACC,3.433936357498169,2.857869899894835,3.81486206102616,0.0025564593259911716,0.0164063067233479,0.016046655676270543,437.0,CD56_dim CD16+ NK,0.85583526
4972,20250324_WGS_20250324_sc_PICA0098-PICA0118_Pool_5_AGAAGCCCAATTAAGA,3.477741241455078,5.641809942657202,3.7184105804930314,8.060073318658672e-11,2.646659408736886e-07,2.449387088538412e-07,301.0,CD56_dim CD16+ NK,0.96345514
4973,20250324_WGS_20250324_sc_PICA0098-PICA0118_Pool_5_AGAATACCAAGCTGGG,3.1122546195983887,13.279727091932969,5.98428897600991,2.6587552570537765e-06,0.00015227556998393462,0.000145721826330227,539.0,CD56_dim CD16+ NK,0.6011132
4974,20250324_WGS_20250324_sc_PICA0098-PICA0118_Pool_5_AGACTTGTCCATTGCT,3.5305116176605225,1.3657708315489998,3.445049254408422,1.378262446116423e-06,0.00010222965018333233,9.753415008203308e-05,212.0,CD56_dim CD16+ NK,0.9858491
4975,20250324_WGS_20250324_sc_PICA0098-PICA0118_Pool_5_AGAGAACTCCGGTCGA,3.762740135192871,32.402818836163576,-2.0801101382425404,0.0010853221951978198,0.008880373268553489,0.008659483604793594,422.0,CD56_dim CD16+ KLRC2+ NK,0.8933649
4976,20250324_WGS_20250324_sc_PICA0098-PICA0118_Pool_5_AGCATTGTCGGCCCTT,3.3502042293548584,2.7718066839834097,3.295061816087186,0.0007079536245032652,0.0066293261929483505,0.006455558571758559,407.0,CD56_dim CD16+ NK,0.75921375
4982,20250324_WGS_20250324_sc_PICA0098-PICA0118_Pool_5_AGGACTCTCAGGCTCG,3.3382725715637207,1.553432102128068,1.3457393822106547,0.014067455083796483,0.05453699332171553,0.05374612366418016,298.0,CD56_dim CD16+ NK,0.9697987
4983,20250324_WGS_20250324_sc_PICA0098-PICA0118_Pool_5_AGGCGTAAGAGAATCA,3.628959894180298,1.5076317290604597,4.6928563461732296,0.0001201944936523123,0.0019005392567719558,0.0018389500966073267,169.0,CD56_dim CD16+ NK,0.6863905
4984,20250324_WGS_20250324_sc_PICA0098-PICA0118_Pool_5_AGGCTCAGTGGATATC,3.2817540168762207,12.200478403595111,-1.1504047583192782,0.02490516925874607,0.08145445629744606,0.08043237670657649,399.0,CD56_dim CD16+ NK,0.82205516
4988,20250324_WGS_20250324_sc_PICA0098-PICA0118_Pool_5_AGTGGGTCAGGTCATT,3.9804325103759766,1.618691245743792,-2.6179483734041193,0.0004033113643277057,0.004479166009010405,0.00435371801631886,233.0,CD56_dim CD16+ KLRC2+ NK,0.9227468
4990,20250324_WGS_20250324_sc_PICA0098-PICA0118_Pool_5_AGTTATATCCTCTGGC,3.952895402908325,1.1826400253124203,2.352933338207631,0.000596355438585185,0.005898290587854074,0.005737763943748262,168.0,CD56_dim CD16+ NK,0.71428573
4994,20250324_WGS_20250324_sc_PICA0098-PICA0118_Pool_5_ATAGCGGAGAAGGCTG,3.5755693912506104,1.4008274916431334,2.3312167716256162,0.010183995479093651,0.04354276886482273,0.04284262865252017,217.0,CD56_dim CD16+ NK,0.7419355
4997,20250324_WGS_20250324_sc_PICA0098-PICA0118_Pool_5_ATCACTCTCAAGTCGC,3.535759925842285,1.8441311396787965,4.349362701025567,8.507171261443668e-05,0.0014965025731514567,0.0014462520856273035,247.0,Mixed,0.5951417
5003,20250324_WGS_20250324_sc_PICA0098-PICA0118_Pool_5_ATCGTTGAGAGCTTGC,3.388526678085327,2.2788099533132433,1.031759222149708,0.02681898292641099,0.08585929760557146,0.08478210661258449,339.0,CD56_dim CD16+ NK,0.9498525
5004,20250324_WGS_20250324_sc_PICA0098-PICA0118_Pool_5_ATCTCGCGTGCACTAG,3.5851035118103027,1.143189940969611,1.8734735333669261,0.0009018907803330012,0.007848521269487981,0.007650648333105394,198.0,CD56_dim CD16+ NK,0.9444444
5006,20250324_WGS_20250324_sc_PICA0098-PICA0118_Pool_5_ATGACGACACACAGAA,3.30951189994812,1.9686645373434017,1.7290621311691614,0.005972813306928533,0.029912650679488045,0.02936246748061226,250.0,CD56_dim CD16+ NK,0.972
5007,20250324_WGS_20250324_sc_PICA0098-PICA0118_Pool_5_ATGATGTTCGTAGGTC,3.620481014251709,11.739192972796053,-1.880829086887063,0.0008998334617871184,0.007844477373508763,0.007646280992992262,306.0,CD56_dim CD16+ NK,0.92156863
5010,20250324_WGS_20250324_sc_PICA0098-PICA0118_Pool_5_ATTCAGTAGAATTGAG,3.323889970779419,2.3249363933490113,2.557014025738435,8.819676859456178e-05,0.0015377457830531471,0.0014859311241378467,321.0,CD56_dim CD16+ NK,0.9844237
5013,20250324_WGS_20250324_sc_PICA0098-PICA0118_Pool_5_CAACGAACAACATATT,3.3515987396240234,2.177516147565883,4.175953196663283,0.00048004743703649813,0.005054367505574705,0.004916106664030205,283.0,Mixed,0.590106
5014,20250324_WGS_20250324_sc_PICA0098-PICA0118_Pool_5_CAAGCCTAGCCATTGA,3.5443358421325684,2.184843187666989,-2.078085549950343,0.0002832617261432526,0.0035143718693163494,0.0034121458412251222,235.0,CD56_dim CD16+ NK,1.0
5015,20250324_WGS_20250324_sc_PICA0098-PICA0118_Pool_5_CAATGCATCAGCATAT,3.255877733230591,2.7354495259939524,1.0153850589001676,0.0265704695422703,0.08537408124127316,0.08430567137027907,477.0,CD56_dim CD16+ NK,0.9853249
5019,20250324_WGS_20250324_sc_PICA0098-PICA0118_Pool_5_CACACCCTCATCAATA,3.846355438232422,1.3098332482760457,2.719405859568973,0.004019672303817305,0.02256284436746682,0.022122343989748366,164.0,CD56_dim CD16+ NK,0.81707317
5021,20250324_WGS_20250324_sc_PICA0098-PICA0118_Pool_5_CACGGAAAGGGAGTAT,3.5528600215911865,1.3539824658341182,2.8248442662741455,0.007736926857384827,0.0359342133296077,0.03530620270406199,209.0,CD56_dim CD16+ NK,0.76076555
5022,20250324_WGS_20250324_sc_PICA0098-PICA0118_Pool_5_CACTACTTCGGTCAAC,4.301442623138428,0.932486396171139,1.6649018762198895,0.030833217446632324,0.0945855474008455,0.09346393386687951,126.0,CD56_dim CD16+ NK,0.61904764
5025,20250324_WGS_20250324_sc_PICA0098-PICA0118_Pool_5_CACTGTAAGAACCCAC,3.407813310623169,1.7577228144371753,4.6795434621012575,0.0021436637047326963,0.014365463370967205,0.014052452612930087,252.0,Mixed,0.5873016
5026,20250324_WGS_20250324_sc_PICA0098-PICA0118_Pool_5_CACTTTCAGCTGTTGA,3.6417782306671143,2.978781648443405,-1.613381559741811,0.0001832362157462968,0.002572756542015998,0.0024947472908103743,407.0,CD56_dim CD16+ NK,0.985258
5028,20250324_WGS_20250324_sc_PICA0098-PICA0118_Pool_5_CAGTCATCAACGACCC,3.355283498764038,12.148796387829327,-1.0672103451346229,0.028538382441128052,0.08981840428995286,0.08870967800465554,406.0,CD56_dim CD16+ NK,0.9359606
5030,20250324_WGS_20250324_sc_PICA0098-PICA0118_Pool_5_CAGTTACCACTAGCAT,3.2146339416503906,13.139972806154638,4.601889320956153,0.0007128784432204139,0.006640404434804089,0.006467390816185178,462.0,CD56_dim CD16+ NK,0.6948052
5037,20250324_WGS_20250324_sc_PICA0098-PICA0118_Pool_5_CATTCTATCACGCGTG,3.1882424354553223,4.287736750306188,3.124227902811598,0.006523623136494526,0.0319293944795335,0.03134914536057767,709.0,CD56_dim CD16+ NK,0.8349788
5039,20250324_WGS_20250324_sc_PICA0098-PICA0118_Pool_5_CCACTAGCACACATAC,3.6272995471954346,0.8471167271288538,1.6992182248200765,0.007280495361453762,0.034580597784802804,0.03396382255741543,162.0,CD56_dim CD16+ NK,0.9444444
5040,20250324_WGS_20250324_sc_PICA0098-PICA0118_Pool_5_CCAGGGACAAGAAGCC,3.5276334285736084,1.6816385671641532,3.6378241283072743,0.00018314205459566552,0.002572756542015998,0.0024947472908103743,244.0,Mixed,0.51229507
5041,20250324_WGS_20250324_sc_PICA0098-PICA0118_Pool_5_CCATACTTCGCATTAG,3.519157886505127,2.6961205775914125,3.1924539554899245,0.0012130246546416014,0.009536716578511106,0.00930690469928756,327.0,CD56_dim CD16+ NK,0.7155963
5042,20250324_WGS_20250324_sc_PICA0098-PICA0118_Pool_5_CCATGCACACATTCAA,3.379328489303589,2.3112651405737967,4.893246336679098,5.335466550208799e-05,0.001083704762600142,0.0010459872828860507,341.0,CD56_dim CD16+ NK,0.71260995
5044,20250324_WGS_20250324_sc_PICA0098-PICA0118_Pool_5_CCGAAATGTATCCTGC,3.373164415359497,2.018554550082432,4.837029237681251,5.1595706715437334e-05,0.001064394107909509,0.0010272781009220253,265.0,CD56_dim CD16+ NK,0.61509436
5046,20250324_WGS_20250324_sc_PICA0098-PICA0118_Pool_5_CCGCTGAAGAAGCCAG,3.888153314590454,1.1872093091434643,1.3845004342320384,0.024456891692645512,0.08036472697792846,0.0793524137927592,182.0,CD56_dim CD16+ NK,0.989011
5051,20250324_WGS_20250324_sc_PICA0098-PICA0118_Pool_5_CGAGTCAGTAATTGGC,3.2976577281951904,4.10571226640066,4.661536451956033,0.0002149777340991243,0.0028734676507604796,0.0027872504564193943,438.0,CD56_dim CD16+ NK,0.8127854
5052,20250324_WGS_20250324_sc_PICA0098-PICA0118_Pool_5_CGATAATTCGGACGTT,3.484166145324707,1.9347193587020706,4.553197232178734,9.618837047035897e-05,0.0016253029802804568,0.0015705433502465837,247.0,CD56_dim CD16+ NK,0.7368421
5053,20250324_WGS_20250324_sc_PICA0098-PICA0118_Pool_5_CGATCAATCGGTAGCT,3.25974178314209,4.2785080337841315,3.0197654113624717,4.001051993146557e-09,2.377703421061228e-06,2.2221291607561067e-06,579.0,CD56_dim CD16+ NK,0.9499136
5055,20250324_WGS_20250324_sc_PICA0098-PICA0118_Pool_5_CGCGGATGTCCTAGTC,3.277400493621826,1.7520469456012335,3.9038199774028963,0.0015180507939865262,0.011176620606548034,0.01091611489652574,309.0,CD56_dim CD16+ NK,0.6537217
5057,20250324_WGS_20250324_sc_PICA0098-PICA0118_Pool_5_CGGATATGTGGAAATG,3.153139114379883,3.3218592239431946,-2.285563442161266,5.1878474279035716e-05,0.00106469760442246,0.0010274659936087363,571.0,CD56_dim CD16+ NK,0.9964974
5059,20250324_WGS_20250324_sc_PICA0098-PICA0118_Pool_5_CGGTATGGTCAAAGGA,3.3612911701202393,2.7216847921230602,2.6267903030987307,0.00041037580495544213,0.004537162799793559,0.004409879995099906,424.0,CD56_dim CD16+ NK,0.6415094
5061,20250324_WGS_20250324_sc_PICA0098-PICA0118_Pool_5_CGTTAGGGTATCTTCG,4.009864807128906,1.2246819711300778,2.0258034341112228,0.021990619017986466,0.07470751934279797,0.07373247618472285,184.0,Mixed,0.47826087
5064,20250324_WGS_20250324_sc_PICA0098-PICA0118_Pool_5_CTAACTTGTGTCCATC,3.3366684913635254,1.226877433617875,3.402791564959304,1.5774367173592117e-06,0.00010791200765767775,0.00010302098490086141,235.0,CD56_dim CD16+ NK,0.9957447
5065,20250324_WGS_20250324_sc_PICA0098-PICA0118_Pool_5_CTACATACACCAGGCT,3.715627908706665,1.1161462121063885,1.778327903629234,0.020761199091299514,0.07226804673088039,0.07129580065306035,143.0,CD56_dim CD16+ NK,0.993007
5067,20250324_WGS_20250324_sc_PICA0098-PICA0118_Pool_5_CTAGTTCTCCCAAGTA,3.4975481033325195,1.5641486795959074,3.895421159081539,0.000645140944078784,0.0062184769472799425,0.006053118682885283,284.0,CD56_dim CD16+ NK,0.74647886
5069,20250324_WGS_20250324_sc_PICA0098-PICA0118_Pool_5_CTATCCAGTGGCTAAT,3.5663905143737793,2.141988010055525,-1.9562951098687842,0.0005511954073029315,0.005615125085151167,0.005462233742069922,245.0,CD56_dim CD16+ NK,1.0
5076,20250324_WGS_20250324_sc_PICA0098-PICA0118_Pool_5_CTCTAGAAGAGGTAAC,3.375664472579956,2.8467949125526655,5.509034471293725,3.5051710870333686e-06,0.00017890901750448556,0.00017147613974158256,365.0,Mixed,0.56438357
5078,20250324_WGS_20250324_sc_PICA0098-PICA0118_Pool_5_CTGCGATAGCTCTCCA,3.2968881130218506,2.927195269794894,2.6967322852264344,0.01080648797037765,0.04528060952624,0.044566041805782226,396.0,CD56_dim CD16+ NK,0.6111111
5081,20250324_WGS_20250324_sc_PICA0098-PICA0118_Pool_5_CTTATCATCCATCTGT,3.176023244857788,3.514913593474878,-1.6519462969577958,0.000997805051611989,0.008356250116139906,0.0081457825590471,516.0,CD56_dim CD16+ NK,0.998062
5086,20250324_WGS_20250324_sc_PICA0098-PICA0118_Pool_5_GCACCCAAGCTGACAC,3.554844379425049,1.6049417103679335,2.1883900031823393,0.024269755253614595,0.0800138417012575,0.07899293285887853,264.0,Mixed,0.5833333
5096,20250324_WGS_20250324_sc_PICA0098-PICA0118_Pool_5_GCGTGAGCAACGAAGC,3.4046709537506104,1.7257073540423176,1.2357528778843656,0.022890965656362727,0.07670030703429566,0.07571858743619977,291.0,CD56_dim CD16+ NK,0.8900344
5103,20250324_WGS_20250324_sc_PICA0098-PICA0118_Pool_5_GCTTTAGAGCAATGCC,3.4625627994537354,1.3417772692577854,-2.8972265263963033,2.8794656052034008e-06,0.0001593573914430264,0.00015252815633294865,238.0,CD56_dim CD16+ NK,1.0
5105,20250324_WGS_20250324_sc_PICA0098-PICA0118_Pool_5_GGAACTACAGCTTTAA,3.44183611869812,1.5016557839425904,4.813953691660703,7.666240343010123e-05,0.0013959359264139135,0.0013488849377872288,240.0,CD56_dim CD16+ NK,0.65
5106,20250324_WGS_20250324_sc_PICA0098-PICA0118_Pool_5_GGAATATCACTAACCG,3.4660744667053223,1.7042294236959405,5.050191883357846,4.954571248043572e-05,0.001034056808569433,0.0009979237459964948,268.0,Mixed,0.57462686
5107,20250324_WGS_20250324_sc_PICA0098-PICA0118_Pool_5_GGAGCCACAGCTTATA,3.350996732711792,1.670145758149922,1.2613713388107257,0.021887046509385045,0.07452792781332598,0.07354709343001006,273.0,CD56_dim CD16+ NK,0.96336997
5109,20250324_WGS_20250324_sc_PICA0098-PICA0118_Pool_5_GGCGAACAGAAGCCGA,3.9712536334991455,1.5787304176205377,1.5332112609411255,0.002734431045591909,0.017168183703075778,0.01680090494938203,245.0,CD56_dim CD16+ NK,0.89387757
5111,20250324_WGS_20250324_sc_PICA0098-PICA0118_Pool_5_GGGATCAAGCTGACCG,3.4110500812530518,1.6224279127919465,3.4775860734028066,0.005029439690865323,0.026385232007169454,0.02589270230341911,269.0,Mixed,0.5204461
5114,20250324_WGS_20250324_sc_PICA0098-PICA0118_Pool_5_GGGTCTCCACGCCATA,3.4510834217071533,2.6239651942427447,-3.3906737383319223,4.18297537695278e-08,1.0438978321411081e-05,9.9071650209359e-06,337.0,CD56_dim CD16+ NK,0.9940653
5115,20250324_WGS_20250324_sc_PICA0098-PICA0118_Pool_5_GGTAACACACCGCAGT,3.286907911300659,2.1876775418059604,2.3072091379510566,3.577024398314745e-05,0.0008594455450682575,0.000828646616333071,410.0,CD56_dim CD16+ NK,0.99512196
5116,20250324_WGS_20250324_sc_PICA0098-PICA0118_Pool_5_GGTAGCCGTCTCATAT,3.4457523822784424,1.1870531213383833,2.421743015550246,0.019620679091964487,0.06945142282965942,0.06851351410460016,186.0,CD56_dim CD16+ NK,0.66129035
5119,20250324_WGS_20250324_sc_PICA0098-PICA0118_Pool_5_GGTCATATCCTCTGGC,3.7251954078674316,1.2231920120055086,2.9809741355535406,0.007116875275962209,0.033931889162089376,0.0333276681243677,208.0,CD56_dim CD16+ NK,0.7067308
5120,20250324_WGS_20250324_sc_PICA0098-PICA0118_Pool_5_GGTCTGTAGAGACTTT,3.442476511001587,11.827882440429242,2.335491244386186,1.6576483526257372e-05,0.0005021446907529395,0.0004836615808092423,320.0,CD56_dim CD16+ NK,0.984375
5126,20250324_WGS_20250324_sc_PICA0098-PICA0118_Pool_5_GTCAATTAGGTAGGAT,3.7103095054626465,1.9502061623470393,-1.4358481535065049,0.021753218139230684,0.07420046810580383,0.07322820987488411,209.0,CD56_dim CD16+ NK,0.9904306
5127,20250324_WGS_20250324_sc_PICA0098-PICA0118_Pool_5_GTCCAACAGATCGGTC,3.783590793609619,1.5301969626651026,2.493418049037853,0.0013154715736019963,0.010076757753929445,0.009836995715347435,226.0,CD56_dim CD16+ NK,0.6858407
5130,20250324_WGS_20250324_sc_PICA0098-PICA0118_Pool_5_GTCTTCCCACTGGCAC,3.320988655090332,1.6217251874561005,4.5709765322893094,0.0027594515378523074,0.017237385605189018,0.016871832984532008,328.0,CD56_dim CD16+ NK,0.652439
5131,20250324_WGS_20250324_sc_PICA0098-PICA0118_Pool_5_GTGAGCGCAGCTACCA,3.3219048976898193,1.6499151816611919,1.6602761771302479,0.009954351609821771,0.042896026994030736,0.042196504848648154,270.0,CD56_dim CD16+ NK,0.9814815
5132,20250324_WGS_20250324_sc_PICA0098-PICA0118_Pool_5_GTGAGGTCACTCACCT,3.3878326416015625,1.9145833242798684,5.459770933044058,2.1521229236678406e-05,0.0005958751844414688,0.0005736037540512884,267.0,Mixed,0.5730337
5138,20250324_WGS_20250324_sc_PICA0098-PICA0118_Pool_5_GTTACTCTCAAGCCTA,3.3846559524536133,1.7513540861146355,-1.497665549430729,0.02411076909105653,0.07962292534897683,0.07860539353600751,201.0,CD56_dim CD16+ NK,1.0
5139,20250324_WGS_20250324_sc_PICA0098-PICA0118_Pool_5_GTTAGGTGTGCCTTTA,3.7285561561584473,3.2237529220694827,2.2183084427102413,7.843676869838079e-05,0.0014229845459442893,0.0013752096224414771,319.0,CD56_dim CD16+ NK,0.9216301
5140,20250324_WGS_20250324_sc_PICA0098-PICA0118_Pool_5_GTTCAATAGGGCCATT,3.3208372592926025,2.6508135401973947,3.5984321646512543,0.0005950424228847902,0.005897145782533268,0.0057359728530469506,467.0,CD56_dim CD16+ NK,0.70877945
5141,20250324_WGS_20250324_sc_PICA0098-PICA0118_Pool_5_GTTCGCTGTAACTTCT,3.4044923782348633,2.8401969366081246,3.254364367991492,0.0023016991132931994,0.015136206919259884,0.014806936738664905,459.0,CD56_dim CD16+ NK,0.6187364
5142,20250324_WGS_20250324_sc_PICA0098-PICA0118_Pool_5_GTTCTAGAGCCGCGTA,3.468426465988159,1.106599952598338,1.7650274708636258,0.0025301578715906077,0.01626931148370697,0.01591256786098058,185.0,CD56_dim CD16+ NK,0.94054055
5145,20250324_WGS_20250324_sc_PICA0098-PICA0118_Pool_2_AAACCGGAGGGCGAAC,3.3841214179992676,1.0811742946676617,-1.9346670790434146,0.0022335260105947707,0.014816474565905109,0.014490140790882193,204.0,CD56_dim CD16+ NK,0.9852941
5146,20250324_WGS_20250324_sc_PICA0098-PICA0118_Pool_2_AAACCGTGTCCGTTGT,3.514704942703247,0.6306391959438568,1.6652706156782475,0.02984501978207428,0.09254116772842737,0.091426526788435,119.0,CD56_dim CD16+ NK,0.9747899
5148,20250324_WGS_20250324_sc_PICA0098-PICA0118_Pool_2_AAAGCCTGTAGTTAGC,3.4228503704071045,2.4557937529329603,-1.3071173909891065,0.02953228696595516,0.09194771141012145,0.09083290072653227,291.0,CD56_dim CD16+ NK,0.9415808
5150,20250324_WGS_20250324_sc_PICA0098-PICA0118_Pool_2_AAATCAACAACATGGA,3.397861957550049,2.7221965143587914,-2.2431810629790525,6.220831741140688e-05,0.0012134933362767705,0.0011721685493255817,378.0,CD56_dim CD16+ NK,0.9973545
5156,20250324_WGS_20250324_sc_PICA0098-PICA0118_Pool_2_AACGCGGCACCTGCTT,3.1657676696777344,2.1245123166875532,2.9962790638538648,2.464663857549073e-06,0.00014366511041843737,0.0001375582549713874,397.0,CD56_dim CD16+ NK,0.9949622
5158,20250324_WGS_20250324_sc_PICA0098-PICA0118_Pool_2_AAGCATTTCGGCGTTG,3.6620943546295166,0.9381213891302442,-3.2254213167559485,4.686779091863641e-05,0.001006676725189605,0.0009712266290514945,162.0,CD56_dim CD16+ NK,0.91358024
5161,20250324_WGS_20250324_sc_PICA0098-PICA0118_Pool_2_AAGCGTACACATGGTT,4.303887844085693,10.687305742811619,-1.385050933171043,0.02283921825119487,0.07655295644522649,0.07557378760945006,143.0,CD56_dim CD16+ NK,0.986014
5165,20250324_WGS_20250324_sc_PICA0098-PICA0118_Pool_2_AAGTATACAATAGGGC,3.27752947807312,11.71687765286718,1.8858013850134532,0.0013826366149049091,0.010469141655210039,0.010221411310631093,290.0,CD56_dim CD16+ NK,0.962069
5167,20250324_WGS_20250324_sc_PICA0098-PICA0118_Pool_2_AATCGAGCAATGAAAC,3.392076253890991,1.7173213554387186,-2.165284380475486,7.372299596848013e-05,0.0013676934713474534,0.0013213463626600987,279.0,CD56_dim CD16+ NK,0.98566306
5171,20250324_WGS_20250324_sc_PICA0098-PICA0118_Pool_2_ACAAGACAGACCAATT,3.1800734996795654,2.618314110664235,1.6554804383639472,0.0011722278351761206,0.009330558432967803,0.009103862266216147,484.0,CD56_dim CD16+ NK,0.9628099
5173,20250324_WGS_20250324_sc_PICA0098-PICA0118_Pool_2_ACATGCCAGGGTTTCA,3.4225404262542725,2.3269298635130586,-3.073095539742567,3.594554564371296e-08,9.570258652330172e-06,9.101021881087911e-06,381.0,CD56_dim CD16+ NK,0.9973753
5180,20250324_WGS_20250324_sc_PICA0098-PICA0118_Pool_2_ACGATATTCCTGTCAT,3.550750970840454,1.7501208074293313,-1.535362321559229,0.031030680028609602,0.09496535405874253,0.09384188711801432,203.0,CD56_dim CD16+ NK,0.84236455
5181,20250324_WGS_20250324_sc_PICA0098-PICA0118_Pool_2_ACGCGAAAGCATTAAC,3.412259578704834,3.447727118278713,-2.7720191707318014,6.753028645398279e-05,0.0012793093304965088,0.001235447572721539,269.0,CD56_dim CD16+ NK,0.99256504
5182,20250324_WGS_20250324_sc_PICA0098-PICA0118_Pool_2_ACGCTCACAAAGTGCA,3.7663018703460693,1.0613325966972609,-1.7238862102033181,0.002571977528526473,0.01647470620743231,0.016114943366838358,175.0,CD56_dim CD16+ NK,0.96
5188,20250324_WGS_20250324_sc_PICA0098-PICA0118_Pool_2_ACTCTCGTCAGGGCTT,3.526364803314209,1.0867805560029904,2.7914857280767285,0.021130372020349,0.07303694553419579,0.07207245730376428,180.0,CD56_dim CD16+ NK,0.6611111
5190,20250324_WGS_20250324_sc_PICA0098-PICA0118_Pool_2_ACTGCAGGTGCCCGAG,3.534313440322876,2.1613419756766232,1.2718912699271658,0.014466367781731777,0.05570165545575721,0.05489642210497728,330.0,CD56_dim CD16+ NK,0.91818184
5192,20250324_WGS_20250324_sc_PICA0098-PICA0118_Pool_2_ACTTACCTCAACAGCC,3.552750587463379,1.9310621169781017,-3.2026954270761236,2.8756542932726073e-08,8.093734412293844e-06,7.673475419490545e-06,275.0,CD56_dim CD16+ NK,0.9927273
5196,20250324_WGS_20250324_sc_PICA0098-PICA0118_Pool_2_AGCATTCCAAAGGGAG,3.438328981399536,1.2755959800175525,2.7767356200070057,4.88504031789276e-07,4.7976697662455296e-05,4.5618627498183456e-05,216.0,CD56_dim CD16+ NK,0.8842593
5198,20250324_WGS_20250324_sc_PICA0098-PICA0118_Pool_2_AGCGAGTCAAGGGACT,3.438831329345703,0.9703386589825997,1.812032266908731,0.01200203599755341,0.048615154856866225,0.04788413270245495,199.0,CD56_dim CD16+ NK,1.0
5200,20250324_WGS_20250324_sc_PICA0098-PICA0118_Pool_2_AGCGTAGAGGTCGACT,3.245211124420166,2.1659163126375613,1.3855241751569596,0.006458457074074407,0.03174763504825698,0.031170659124220488,398.0,CD56_dim CD16+ NK,0.99497485
5202,20250324_WGS_20250324_sc_PICA0098-PICA0118_Pool_2_AGCTTCGCACGATAAG,3.419578790664673,4.751205749354919,-1.4199008650509626,0.007347021891580799,0.03476858881920321,0.03415017924294146,469.0,CD56_dim CD16+ NK,0.86993605
5203,20250324_WGS_20250324_sc_PICA0098-PICA0118_Pool_2_AGGACACCACGCCTAA,3.3837392330169678,1.565946452666717,-1.1572883793138988,0.028032346802973652,0.08870032159414407,0.08761322300612495,274.0,CD56_dim CD16+ NK,0.9671533
5204,20250324_WGS_20250324_sc_PICA0098-PICA0118_Pool_2_AGGACCGCACTAGTCG,4.2295074462890625,1.3677555561114956,-1.5772775658475184,0.027929655825399805,0.08843942125876357,0.08735442705648729,110.0,CD56_dim CD16+ NK,0.9
5208,20250324_WGS_20250324_sc_PICA0098-PICA0118_Pool_2_AGGGGCAGTCAAAGCT,3.4071733951568604,1.5003418528129409,3.4735243926181045,0.004662482910645345,0.024962021278677877,0.02449628962856273,273.0,CD56_dim CD16+ NK,0.63736266
5210,20250324_WGS_20250324_sc_PICA0098-PICA0118_Pool_2_AGGTATCGTACTACGG,3.27927565574646,1.6107622401753714,2.5830623173517813,4.190011446405552e-05,0.0009532517958092631,0.0009192945280111435,308.0,CD56_dim CD16+ NK,0.98376626
5213,20250324_WGS_20250324_sc_PICA0098-PICA0118_Pool_2_AGTCCAGGTCTTGTGC,3.3456919193267822,11.481421959751044,1.9966268749791911,0.0009486773373442528,0.008102365844379759,0.007898518561772025,307.0,CD56_dim CD16+ NK,0.990228
5215,20250324_WGS_20250324_sc_PICA0098-PICA0118_Pool_2_AGTGCTATCGCTAATG,3.481743812561035,5.326647425846038,-1.6669546027393778,0.003543995199618726,0.020629240253344658,0.0202115212252531,358.0,CD56_dim CD16+ NK,0.9357542
5217,20250324_WGS_20250324_sc_PICA0098-PICA0118_Pool_2_ATAACGTTCAGTACGC,3.401242733001709,1.57248701733673,-1.5528528632909473,0.013977929037888671,0.05425397121837719,0.05346853885066001,259.0,CD56_dim CD16+ NK,0.992278
5218,20250324_WGS_20250324_sc_PICA0098-PICA0118_Pool_2_ATAAGCTTCCCTATGT,3.3525853157043457,2.033312133987265,2.10040590475018,0.0007092593835920157,0.00663524614222692,0.006461153778567244,347.0,CD56_dim CD16+ NK,1.0
5219,20250324_WGS_20250324_sc_PICA0098-PICA0118_Pool_2_ATAGCATTCGTGTTGA,3.343379259109497,31.97228872126344,-1.6141915173956356,0.009153388103260756,0.04034082853347864,0.03967839670766853,368.0,CD56_dim CD16+ NK,0.72282606
5224,20250324_WGS_20250324_sc_PICA0098-PICA0118_Pool_2_ATCCCGACAATTATCG,3.321861505508423,2.089944621670213,3.1067715796856197,2.38756278749649e-09,1.8092216168944556e-06,1.6940189112123125e-06,376.0,CD56_dim CD16+ NK,0.9840425
5226,20250324_WGS_20250324_sc_PICA0098-PICA0118_Pool_2_ATCCTGAAGACTTTGG,3.3136374950408936,2.377767745282233,-1.781679121407711,0.005146749326006542,0.026896884674000237,0.026397717120081824,368.0,CD56_dim CD16+ NK,0.76086956
5227,20250324_WGS_20250324_sc_PICA0098-PICA0118_Pool_2_ATCGAGACACTTCGTC,3.500194787979126,1.4716682620653918,1.8266847497505379,0.002116061652182602,0.014228889648908404,0.013917176812086601,232.0,CD56_dim CD16+ NK,0.98706895
5228,20250324_WGS_20250324_sc_PICA0098-PICA0118_Pool_2_ATCGAGTGTAGTCTCC,3.6410160064697266,1.363866133592687,-2.4971529682827023,0.000825326073684061,0.0074130722957130345,0.007223892581452256,180.0,CD56_dim CD16+ NK,0.78333336
5229,20250324_WGS_20250324_sc_PICA0098-PICA0118_Pool_2_ATCGGACTCGGTTGGT,3.155993700027466,2.797845415246664,-1.6934708278856447,0.0007592485634231637,0.006990053830169707,0.0068084036331288135,473.0,CD56_dim CD16+ NK,0.99577165
5234,20250324_WGS_20250324_sc_PICA0098-PICA0118_Pool_2_ATGATGCGTCAGTCAG,3.170513391494751,13.592406517540384,-1.2380664131783978,0.007691374863324872,0.03584093367011036,0.03521476866634996,593.0,CD56_dim CD16+ NK,0.99325466
5237,20250324_WGS_20250324_sc_PICA0098-PICA0118_Pool_2_ATGCCCACACAGTTAC,3.46817684173584,1.3950912928827248,-2.527651128947329,8.16425328369043e-05,0.0014491181819393589,0.001400152925257263,242.0,CD56_dim CD16+ NK,1.0
5240,20250324_WGS_20250324_sc_PICA0098-PICA0118_Pool_2_ATTAAGGAGCTACGAC,3.4563148021698,1.6727569097659722,-2.3458857856484747,0.0004703561066758294,0.004976882928961972,0.0048398416076655066,294.0,CD56_dim CD16+ NK,0.7653061
5241,20250324_WGS_20250324_sc_PICA0098-PICA0118_Pool_2_ATTACAGGTCGTACCT,3.625805139541626,1.274113449999891,-2.2247137738586473,0.0004956647201827968,0.005150625694642121,0.005009737273720422,186.0,CD56_dim CD16+ NK,0.9731183
5246,20250324_WGS_20250324_sc_PICA0098-PICA0118_Pool_2_CAACCCTGTATCTCAT,3.546828508377075,12.504774330378783,-1.7517123603798712,0.00682088965408776,0.032986050065006635,0.032390208138372206,331.0,CD56_dim CD16+ NK,0.70996976
5247,20250324_WGS_20250324_sc_PICA0098-PICA0118_Pool_2_CAATACCCACCTGCTT,3.275268077850342,2.0756495276510902,1.675523439470925,0.0003982061124982266,0.004457645925250034,0.004332360029043182,390.0,CD56_dim CD16+ NK,0.9692308
5248,20250324_WGS_20250324_sc_PICA0098-PICA0118_Pool_2_CAATACGTCCGACTCC,3.412088394165039,2.7122776071627586,-2.201662001485405,0.0003719920767423239,0.00424622705444801,0.004126384748850387,293.0,CD56_dim CD16+ NK,0.99658704
5249,20250324_WGS_20250324_sc_PICA0098-PICA0118_Pool_2_CAATACGTCGCATACA,3.3353183269500732,2.2777998776724737,2.4903818556927293,1.243112379818673e-05,0.00041780418051010337,0.0004024097165711744,287.0,CD56_dim CD16+ NK,0.9965157
5250,20250324_WGS_20250324_sc_PICA0098-PICA0118_Pool_2_CAATTCGAGACGGGTA,3.8069119453430176,1.2982334481357678,-2.5016444504327393,0.0015774620843260552,0.011468323979849425,0.011208750644082348,175.0,CD56_dim CD16+ NK,0.9257143
5253,20250324_WGS_20250324_sc_PICA0098-PICA0118_Pool_2_CACCCAGAGAATTACC,3.2628355026245117,1.426197902626828,3.295700691976388,3.808298086850078e-08,9.872511698305294e-06,9.380763202743828e-06,269.0,CD56_dim CD16+ NK,0.99256504
5256,20250324_WGS_20250324_sc_PICA0098-PICA0118_Pool_2_CACTTCGTCATGGTTG,3.338412284851074,2.7624570778052417,1.1232764075901458,0.016935669705435686,0.06246669292553282,0.06160201120282652,480.0,CD56_dim CD16+ NK,0.99791664
5260,20250324_WGS_20250324_sc_PICA0098-PICA0118_Pool_2_CAGTAAGCAGTACGCC,3.3456990718841553,1.5637229199208207,1.4642979119187234,0.007133772763148477,0.03398200942445631,0.033376272298183796,270.0,CD56_dim CD16+ NK,0.9925926
5261,20250324_WGS_20250324_sc_PICA0098-PICA0118_Pool_2_CAGTAGCTCCCTAAAG,3.230361223220825,2.98777183961752,-1.9851229259019987,0.0002968863035199804,0.0036120891265044824,0.003506962623530942,386.0,CD56_dim CD16+ NK,0.9715026
5268,20250324_WGS_20250324_sc_PICA0098-PICA0118_Pool_2_CATTCAGAGAAGGCGC,3.3112504482269287,2.2750393375825126,-2.5186731514270946,4.616584479131121e-05,0.001001717482465213,0.000966231395928928,374.0,CD56_dim CD16+ NK,0.8128342
5272,20250324_WGS_20250324_sc_PICA0098-PICA0118_Pool_2_CCAATAGTCAGCTTAG,3.3617446422576904,1.1242654933080671,1.846420188480731,0.0035010008708147517,0.020480023502610523,0.020064841529911344,227.0,CD56_dim CD16+ NK,0.92070484
5276,20250324_WGS_20250324_sc_PICA0098-PICA0118_Pool_2_CCCAGTACAAACGGCG,3.7036030292510986,1.256251433746328,-2.4113451868798976,0.0028108508804498876,0.01742586030416101,0.017055024290663523,189.0,CD56_dim CD16+ NK,0.7089947
5277,20250324_WGS_20250324_sc_PICA0098-PICA0118_Pool_2_CCCTGGAAGGCATACC,3.53300142288208,1.460134337740902,2.019677414512487,0.001973242260400568,0.01352707690132637,0.013230717170516942,148.0,CD56_dim CD16+ NK,0.9797297
5279,20250324_WGS_20250324_sc_PICA0098-PICA0118_Pool_2_CCGGTTCTCAACTCTC,3.443676471710205,2.2500457297583494,-1.3911823454400472,0.021191076388015834,0.07310050062031029,0.07213817563222742,332.0,CD56_dim CD16+ NK,0.813253
5280,20250324_WGS_20250324_sc_PICA0098-PICA0118_Pool_2_CCGTAAATCGTGCGCA,3.6296801567077637,3.484528642778972,-1.581556965480063,0.012250969355479202,0.049440515821722916,0.04869217600358464,291.0,CD56_dim CD16+ NK,0.96219933
5283,20250324_WGS_20250324_sc_PICA0098-PICA0118_Pool_2_CCTAAAGTCAAGGCTC,3.603095293045044,1.6397397653179542,-1.4722509801169603,0.010214827524685584,0.043640111960163985,0.04294464255117267,238.0,CD56_dim CD16+ NK,0.9831933
5288,20250324_WGS_20250324_sc_PICA0098-PICA0118_Pool_2_CCTGTACGTGCAAGGG,3.5968058109283447,1.4564280635437963,-2.4863610995082825,8.654264948231771e-06,0.0003253937557443938,0.00031332323697892125,263.0,CD56_dim CD16+ NK,0.9961977
5293,20250324_WGS_20250324_sc_PICA0098-PICA0118_Pool_2_CGAACAGAGGGTTCCG,3.4815239906311035,11.614889712024578,-1.2670422032851583,0.022509939088626103,0.07582253342249615,0.07484458013008877,314.0,CD56_dim CD16+ NK,1.0
5294,20250324_WGS_20250324_sc_PICA0098-PICA0118_Pool_2_CGAAGCAAGGGGATCA,3.240546703338623,1.2489816763120016,3.219749245278637,1.607148171166811e-05,0.0004916775352224923,0.0004737240302962093,263.0,CD56_dim CD16+ NK,0.9961977
5297,20250324_WGS_20250324_sc_PICA0098-PICA0118_Pool_2_CGAGTGTTCCATCATC,4.376102447509766,3.7559379744263497,-1.609109357986662,0.017638852603277883,0.06440715999113769,0.0635263256095495,179.0,CD56_dim CD16+ NK,0.98324025
5298,20250324_WGS_20250324_sc_PICA0098-PICA0118_Pool_2_CGATGAGAGATATTGC,3.441959857940674,7.171426255580254,-2.2741628241298777,0.000350980171932365,0.004079919921907428,0.0039633011443382824,318.0,CD56_dim CD16+ NK,0.9779874
5302,20250324_WGS_20250324_sc_PICA0098-PICA0118_Pool_2_CGCGGTATCCGATGTA,3.3351330757141113,1.2514490537292176,2.887664523207545,1.4557153098018964e-05,0.0004611013349472181,0.00044426739693069706,227.0,CD56_dim CD16+ NK,0.9911894
5303,20250324_WGS_20250324_sc_PICA0098-PICA0118_Pool_2_CGGACCTCAGGAACTA,3.438417434692383,1.8865170759619514,-2.6431688433399807,8.18676287381697e-05,0.0014505000192440824,0.0014015027268272674,318.0,CD56_dim CD16+ NK,0.6540881
5306,20250324_WGS_20250324_sc_PICA0098-PICA0118_Pool_2_CGGGTACGTGGGGCTT,3.5537025928497314,11.744298814898151,-2.9218237257658943,1.5663024643525292e-06,0.00010789961941494242,0.00010301799908317214,301.0,CD56_dim CD16+ NK,0.77408636
5307,20250324_WGS_20250324_sc_PICA0098-PICA0118_Pool_2_CGGTTACAGAGTCCCG,3.5083224773406982,11.79723545387661,1.449470713714091,0.020080488582881556,0.07067270204714764,0.06971655835994764,299.0,CD56_dim CD16+ NK,0.97324413
5312,20250324_WGS_20250324_sc_PICA0098-PICA0118_Pool_2_CGTCGGGGTAGTTAGC,3.3487935066223145,12.349109614401392,-2.0160393292972194,0.0001863130146891472,0.002572756542015998,0.0024947472908103743,361.0,CD56_dim CD16+ NK,0.88088644
5313,20250324_WGS_20250324_sc_PICA0098-PICA0118_Pool_2_CGTTAAAGTGCACGTA,3.3593192100524902,1.4698292484887272,3.0269932208434063,1.9575243368673716e-05,0.0005622032723755241,0.0005411825253351904,276.0,CD56_dim CD16+ NK,0.9927536
5320,20250324_WGS_20250324_sc_PICA0098-PICA0118_Pool_2_CTACGTAAGAACTAAG,3.167541265487671,2.2972005284004298,1.9461495630755772,0.00026136141869523825,0.003322156562021667,0.003223082413614279,427.0,CD56_dim CD16+ NK,0.9601874
5321,20250324_WGS_20250324_sc_PICA0098-PICA0118_Pool_2_CTAGCTTTCCTTAGCT,3.7485690116882324,1.119455334359948,-3.1813944922828825,4.601789047235325e-06,0.00020605556320143264,0.00019775078307173464,218.0,CD56_dim CD16+ NK,1.0
5331,20250324_WGS_20250324_sc_PICA0098-PICA0118_Pool_2_CTTCTAATCGCTGTGG,3.5546998977661133,1.724523330732307,-1.587180116135934,0.0167500400717069,0.06194409060317068,0.0610898498510417,240.0,CD56_dim CD16+ NK,0.7916667
5332,20250324_WGS_20250324_sc_PICA0098-PICA0118_Pool_2_CTTCTCTGTATTATCC,3.2410850524902344,2.4331944108975425,0.9178450251869523,0.03070537889030078,0.09428884939926364,0.09316872269416475,399.0,CD56_dim CD16+ NK,0.87218046
5333,20250324_WGS_20250324_sc_PICA0098-PICA0118_Pool_2_GCAACAGAGGGAGTAT,3.701082706451416,11.36323273757943,-2.9187056335276256,2.6502625356376744e-05,0.0006870456904885981,0.0006625181587239654,234.0,CD56_dim CD16+ NK,0.7307692
5338,20250324_WGS_20250324_sc_PICA0098-PICA0118_Pool_2_GCATCGGTCACTCCAT,3.2829413414001465,11.312168957576423,2.4313323464989622,5.6094604032088347e-05,0.0011254336951529579,0.0010865486121513022,300.0,CD56_dim CD16+ NK,0.99333334
5340,20250324_WGS_20250324_sc_PICA0098-PICA0118_Pool_2_GCATTGGGTAGTGTGT,3.928161144256592,13.518144225232948,-2.3125184669049834,0.0014361299476469119,0.01074975135877186,0.010494932830871674,206.0,CD56_dim CD16+ NK,0.99029124
5342,20250324_WGS_20250324_sc_PICA0098-PICA0118_Pool_2_GCGGGATAGATTACCG,3.2903599739074707,1.8020115572495807,-1.26324058776901,0.018097350903269825,0.06566372145418455,0.06476520939523782,345.0,CD56_dim CD16+ NK,0.98550725
5344,20250324_WGS_20250324_sc_PICA0098-PICA0118_Pool_2_GCGTATGGTGCTCCTG,4.5419230461120605,1.3739043762492151,-1.4457122632102202,0.016522531915513877,0.06141999499094536,0.060568615143709474,154.0,CD56_dim CD16+ NK,0.9285714
5345,20250324_WGS_20250324_sc_PICA0098-PICA0118_Pool_2_GCGTGTTAGATGTGAA,3.618612051010132,1.2454155098747606,-1.9690145008759068,0.005949617392082859,0.029826809633286638,0.029279012204689592,202.0,CD56_dim CD16+ NK,0.7029703
5348,20250324_WGS_20250324_sc_PICA0098-PICA0118_Pool_2_GCTACCTGTCCTAGTC,3.4888291358947754,1.48411998570073,-2.4339163785411495,0.0006189149129005338,0.0060545489642335245,0.005891403346044186,273.0,CD56_dim CD16+ NK,0.992674
5351,20250324_WGS_20250324_sc_PICA0098-PICA0118_Pool_2_GCTCTGTGTGGGGATG,3.7236766815185547,0.8416868787094212,-1.6279165775411895,0.02173765534378644,0.07417306643285078,0.07319967276156245,148.0,CD56_dim CD16+ NK,0.7905405
5352,20250324_WGS_20250324_sc_PICA0098-PICA0118_Pool_2_GCTGTATCACCAAGCC,3.265166759490967,1.8111590671498967,1.798148469961955,0.0023729549303072245,0.015480780806924813,0.015143104374492691,336.0,CD56_dim CD16+ NK,0.92261904
5353,20250324_WGS_20250324_sc_PICA0098-PICA0118_Pool_2_GCTGTATCACCTCACT,3.638509511947632,1.364540377062851,-1.850090349395755,0.0032091331052002915,0.019252844226143772,0.018853447703919446,211.0,CD56_dim CD16+ NK,1.0
5360,20250324_WGS_20250324_sc_PICA0098-PICA0118_Pool_2_GGAGTGGGTCTATCCA,3.5901472568511963,1.2099272627901776,1.6219815030621978,0.007724047727529626,0.03589131800183696,0.035263697856936393,169.0,CD56_dim CD16+ NK,0.98224854
5364,20250324_WGS_20250324_sc_PICA0098-PICA0118_Pool_2_GGCGTAAAGCGGTGTT,3.3251447677612305,2.5129788331577547,-2.001779803049166,0.0008739317999994391,0.007700449160817955,0.007502111979848517,391.0,CD56_dim CD16+ NK,0.7877238
5365,20250324_WGS_20250324_sc_PICA0098-PICA0118_Pool_2_GGCTAGAAGAAGGCGC,3.3386917114257812,2.8076246092737387,-2.3188150146444393,0.00021026776431364906,0.0028335810482267533,0.002748896208824181,338.0,CD56_dim CD16+ NK,0.9852071
5366,20250324_WGS_20250324_sc_PICA0098-PICA0118_Pool_2_GGCTATATCAGGCTTA,3.4207308292388916,2.822845565789763,-2.685875704818771,1.7151226319313397e-05,0.0005117759345479411,0.0004926276281175851,374.0,CD56_dim CD16+ NK,0.9946524
5367,20250324_WGS_20250324_sc_PICA0098-PICA0118_Pool_2_GGCTATATCGGCTTAA,3.671633720397949,0.7571994908043805,-1.6593225920135863,0.030248848898486776,0.09338182716985058,0.0922736941104405,129.0,CD56_dim CD16+ NK,0.76744187
5369,20250324_WGS_20250324_sc_PICA0098-PICA0118_Pool_2_GGCTCTACAACTGCCA,3.375147819519043,1.3211948068118033,-2.6030438345398994,5.071527195863938e-05,0.001051781355925382,0.0010151525075384837,244.0,CD56_dim CD16+ NK,1.0
5371,20250324_WGS_20250324_sc_PICA0098-PICA0118_Pool_2_GGGCTAAAGCTTGATG,3.2323269844055176,1.6406501249797767,2.5634362609951835,6.610420827005312e-05,0.0012571284858461259,0.0012139079450284905,312.0,CD56_dim CD16+ NK,0.9967949
5376,20250324_WGS_20250324_sc_PICA0098-PICA0118_Pool_2_GGGTCTCCAGTACTCG,3.770139455795288,1.2532601533669037,-1.4375303833723403,0.007605759663938892,0.03566220176062518,0.03503757518320036,163.0,CD56_dim CD16+ NK,0.9325153
5377,20250324_WGS_20250324_sc_PICA0098-PICA0118_Pool_2_GGGTTACTCGTAGCGT,3.3327574729919434,1.5686179459125467,1.82225543253751,0.00021325139431935502,0.0028612948373854525,0.002775596307259356,299.0,CD56_dim CD16+ NK,0.9966555
5379,20250324_WGS_20250324_sc_PICA0098-PICA0118_Pool_2_GTAAGGAGTGCAAGCC,3.4236271381378174,2.384444040413539,-3.3271628722757267,4.042345042289045e-06,0.00019008339452473064,0.00018226092843145152,354.0,CD56_dim CD16+ NK,0.70903957
5380,20250324_WGS_20250324_sc_PICA0098-PICA0118_Pool_2_GTACGCCCAGTCGGAG,3.3383567333221436,3.4636231388542766,-3.7974255004399384,4.491313565163593e-08,1.0456358149875621e-05,9.959854474391573e-06,389.0,CD56_dim CD16+ NK,1.0
5381,20250324_WGS_20250324_sc_PICA0098-PICA0118_Pool_2_GTAGCTATCGCTGTAA,3.3971941471099854,3.2495153377332886,-2.862875257255024,3.3970131901805086e-09,2.230931795764546e-06,2.0876739519724493e-06,452.0,CD56_dim CD16+ NK,0.9977876
5382,20250324_WGS_20250324_sc_PICA0098-PICA0118_Pool_2_GTAGGTTGTAGAGATG,3.786783218383789,1.2027162702328515,-1.646953705237996,0.004808094892911139,0.025574807122066757,0.025098776952176955,215.0,CD56_dim CD16+ NK,0.9860465
5385,20250324_WGS_20250324_sc_PICA0098-PICA0118_Pool_2_GTCAAATTCCCTTTGG,4.236955165863037,2.7322497092808273,-1.339734600741453,0.011053671366599972,0.04592565020344847,0.04520814476665761,246.0,CD56_dim CD16+ NK,0.97154474
5387,20250324_WGS_20250324_sc_PICA0098-PICA0118_Pool_2_GTCAATGTCAGACAGG,3.445244789123535,1.9920605532806648,-1.97253583823026,0.001129302168211391,0.009101390857401465,0.008877143019807205,332.0,CD56_dim CD16+ NK,0.7981928
5389,20250324_WGS_20250324_sc_PICA0098-PICA0118_Pool_2_GTCCTATTCAGCGTAC,3.3348019123077393,12.975893044222751,1.7606375135105858,0.0007872747094591127,0.007174322999890581,0.006990302489699624,482.0,CD56_dim CD16+ NK,0.98755187
5390,20250324_WGS_20250324_sc_PICA0098-PICA0118_Pool_2_GTCGCATAGCTATAGT,3.7757434844970703,12.424872989732043,-1.5858376095259314,0.010615612136282395,0.044766436281899774,0.04405855458045691,273.0,Mixed,0.47985348
5391,20250324_WGS_20250324_sc_PICA0098-PICA0118_Pool_2_GTCGCCAAGGCTTGTA,3.5455093383789062,1.3515888104352731,-2.7878754690321546,7.369504112204172e-05,0.0013676934713474534,0.0013213463626600987,242.0,CD56_dim CD16+ NK,1.0
5394,20250324_WGS_20250324_sc_PICA0098-PICA0118_Pool_2_GTGAACCTCCATAAGT,3.5603599548339844,1.576901701294844,-2.231427818535555,0.0011410361933111956,0.009160837441164292,0.008936336203367262,271.0,CD56_dim CD16+ NK,0.98892987
5399,20250324_WGS_20250324_sc_PICA0098-PICA0118_Pool_2_GTGTATGTCCAATCAG,3.4536075592041016,0.9855001156657892,2.289884025677431,0.0004010258997944075,0.004468898347143336,0.004342657235673878,171.0,CD56_dim CD16+ NK,0.9707602
5400,20250324_WGS_20250324_sc_PICA0098-PICA0118_Pool_2_GTGTGATGTAAGGTTC,3.2822906970977783,1.2317363142710405,1.2671511738577403,0.024584332059448252,0.08072547396959258,0.07970478842270988,251.0,CD56_dim CD16+ NK,0.9800797
5401,20250324_WGS_20250324_sc_PICA0098-PICA0118_Pool_2_GTTAAGGCAAAGCTCT,3.5931289196014404,21.54198144196952,2.6972845753062407,0.0077819929318088295,0.03604156670016397,0.035410712621010525,259.0,CD56_dim CD16+ NK,0.8841699
5404,20250324_WGS_20250324_sc_PICA0098-PICA0118_Pool_2_GTTCGACAGACAACGG,3.2099642753601074,2.33182834659298,2.177650949068897,0.0005358035525822855,0.005492404574909567,0.005342409953795741,392.0,CD56_dim CD16+ NK,0.99234694
5409,20250324_WGS_20250324_sc_PICA0098-PICA0118_Pool_4_AAATCCAGTACCACCT,3.3764712810516357,1.013937457083319,-1.6181478559191178,0.009032181999148577,0.039935379207187,0.03928468538644784,202.0,CD56_dim CD16+ NK,0.980198
5411,20250324_WGS_20250324_sc_PICA0098-PICA0118_Pool_4_AAATTCGGTAAATCTG,3.1859724521636963,13.39010981445787,-1.5077312363355202,0.005592467714839798,0.02860404956328497,0.028073788564522986,613.0,CD56_dim CD16+ NK,0.61337686
5412,20250324_WGS_20250324_sc_PICA0098-PICA0118_Pool_4_AAATTGCTCATCAGCA,3.456202507019043,2.1331755524229754,-2.6380817961170484,1.1076287822967483e-05,0.00038555657718746526,0.0003713986781198596,297.0,CD56_dim CD16+ NK,0.7104377
5422,20250324_WGS_20250324_sc_PICA0098-PICA0118_Pool_4_AAGTCTCCACCGCTAA,3.710455894470215,2.51128367380297,-2.698520819990218,1.2788983054106626e-05,0.0004258985618980017,0.0004103300647009112,245.0,CD56_dim CD16+ NK,0.9755102
5423,20250324_WGS_20250324_sc_PICA0098-PICA0118_Pool_4_AAGTGAGGTGTGCATG,3.4587137699127197,3.2094541586850305,-2.0805991976781244,0.0016965648908317458,0.012089520566098532,0.011818407464422984,476.0,CD56_dim CD16+ NK,0.6785714
5425,20250324_WGS_20250324_sc_PICA0098-PICA0118_Pool_4_AATATCTCAGCAGGAT,3.580465078353882,2.3279303118273234,-3.901867418795673,3.6374780420089003e-06,0.00017967598411872457,0.00017243840517377573,250.0,CD56_dim CD16+ NK,0.856
5426,20250324_WGS_20250324_sc_PICA0098-PICA0118_Pool_4_AATATTGTCATGCGTA,3.522951602935791,11.464433718228117,3.2486258596663395,0.0010069612553390474,0.008406419768088945,0.008195344830679708,234.0,CD56_dim CD16+ NK,0.78205127
5428,20250324_WGS_20250324_sc_PICA0098-PICA0118_Pool_4_AATGCAAAGAATACGA,3.4181954860687256,2.2712637628341703,-1.5125023340491912,0.022196084867702588,0.07506132235899012,0.07409024830899887,350.0,CD56_dim CD16+ NK,0.77428573
5429,20250324_WGS_20250324_sc_PICA0098-PICA0118_Pool_4_AATGGAGGTGGAAAGC,3.4053215980529785,11.182845389336379,-1.7726844059027336,0.028987516202074105,0.09068149320629788,0.08956741319422469,255.0,Mixed,0.5568628
5431,20250324_WGS_20250324_sc_PICA0098-PICA0118_Pool_4_AATTCGGTCGTCATTC,3.677351951599121,1.242101752805379,-2.1768796379924904,0.0015664674980577574,0.011413662221425272,0.011154661093681307,176.0,CD56_dim CD16+ NK,1.0
5435,20250324_WGS_20250324_sc_PICA0098-PICA0118_Pool_4_ACAGAATCAATTAAAG,3.6365039348602295,11.001335502600542,-1.754460421249355,0.002770868004386941,0.017275835893174527,0.01690889405618334,186.0,CD56_dim CD16+ NK,0.9731183
5438,20250324_WGS_20250324_sc_PICA0098-PICA0118_Pool_4_ACAGAGCCACGCTTTC,3.769618034362793,1.1111280898634548,2.915269468176223,0.008943333539454907,0.03964931534526116,0.03900511012142515,169.0,CD56_dim CD16+ NK,0.75147927
5439,20250324_WGS_20250324_sc_PICA0098-PICA0118_Pool_4_ACAGCAGAGGTTGCCG,3.4552879333496094,2.0067433939254515,-2.407901886095,0.0003780590150688988,0.004305502147333783,0.0041847495530428795,346.0,CD56_dim CD16+ NK,0.6473988
5442,20250324_WGS_20250324_sc_PICA0098-PICA0118_Pool_4_ACCAACTCACCTGCAA,3.2464752197265625,2.825417139301967,3.0045605470003767,2.0711607942041147e-07,2.615769869705735e-05,2.4869377003722808e-05,445.0,CD56_dim CD16+ NK,0.9977528
5443,20250324_WGS_20250324_sc_PICA0098-PICA0118_Pool_4_ACCAGAGAGAGGTTGG,3.2852649688720703,11.415296618795086,1.5694266121120837,0.007227559163112222,0.034345723741349976,0.03373245388751002,278.0,CD56_dim CD16+ NK,0.8489209
5444,20250324_WGS_20250324_sc_PICA0098-PICA0118_Pool_4_ACCATGGGTGTTGTCC,3.5001182556152344,50.70209152078137,-1.872180739926248,0.010100957307350946,0.043319342810062764,0.04261512183979127,246.0,CD56_dim CD16+ NK,0.86178863
5445,20250324_WGS_20250324_sc_PICA0098-PICA0118_Pool_4_ACCCAAATCACGTGGT,3.2915525436401367,2.0045226946767962,1.5368314798589648,0.010885491002438423,0.045476239128507595,0.04475856751538252,365.0,CD56_dim CD16+ NK,0.98630136
5451,20250324_WGS_20250324_sc_PICA0098-PICA0118_Pool_4_ACGCCATAGCGCTTGG,3.297785520553589,2.8276325201281725,1.2548611634244669,0.014051315646320436,0.054517333766011276,0.05372687617562442,368.0,CD56_dim CD16+ NK,0.9945652
5452,20250324_WGS_20250324_sc_PICA0098-PICA0118_Pool_4_ACGGACGCAATGCATC,3.1857500076293945,3.589062290496358,-1.9161871092052687,0.0035495444350237735,0.020629240253344658,0.0202115212252531,535.0,CD56_dim CD16+ NK,0.7009346
5453,20250324_WGS_20250324_sc_PICA0098-PICA0118_Pool_4_ACGGTCGTCAGTGGTC,3.7042243480682373,0.6017386769293581,1.9493409551710907,0.01057904518319315,0.044663342386884575,0.04395584116915403,108.0,CD56_dim CD16+ NK,1.0
5459,20250324_WGS_20250324_sc_PICA0098-PICA0118_Pool_4_ACTATGTAGAATGCCC,3.4681010246276855,3.1861358023558224,-1.2863168479429177,0.015462088473686906,0.05846667097156679,0.05762589605385682,330.0,CD56_dim CD16+ NK,0.9878788
5465,20250324_WGS_20250324_sc_PICA0098-PICA0118_Pool_4_ACTGGATGTGCATAGT,3.6204636096954346,1.4935805744261685,1.3983128067530934,0.026373205662994243,0.08501026885218156,0.08394701761023307,249.0,CD56_dim CD16+ NK,0.9799197
5470,20250324_WGS_20250324_sc_PICA0098-PICA0118_Pool_4_AGCATAGCAGCAGCCT,3.2004151344299316,2.4703458782245207,2.0363679481885226,0.005207053866150136,0.027117782330379814,0.026610765497651432,426.0,CD56_dim CD16+ NK,0.9953052
5471,20250324_WGS_20250324_sc_PICA0098-PICA0118_Pool_4_AGCGATGAGAGCCGAA,3.62666392326355,1.350546669474845,-2.2244164079335365,0.0010217220157328099,0.008486713514124304,0.008273703815030741,229.0,CD56_dim CD16+ NK,0.7510917
5474,20250324_WGS_20250324_sc_PICA0098-PICA0118_Pool_4_AGCTGTATCCGCTAAA,3.3947434425354004,2.4576184563523427,-1.771914356951456,0.010913192097526486,0.04553403445689683,0.04481705111706908,376.0,CD56_dim CD16+ NK,0.6968085
5479,20250324_WGS_20250324_sc_PICA0098-PICA0118_Pool_4_AGGTATCGTCCCAATC,3.2637526988983154,12.12894573447561,1.824650833256701,0.00011900375716696136,0.0018951247654981184,0.0018331908599671237,364.0,CD56_dim CD16+ NK,0.978022
5481,20250324_WGS_20250324_sc_PICA0098-PICA0118_Pool_4_AGGTGATAGACAACCC,3.279489040374756,1.600663668973136,2.5783912328675154,4.763470840491265e-05,0.0010134978671637032,0.000977721348655282,281.0,CD56_dim CD16+ NK,0.98932385
5482,20250324_WGS_20250324_sc_PICA0098-PICA0118_Pool_4_AGTACTCCACCAGCTA,3.3854055404663086,1.0029718225539819,2.553226522939238,9.63764866960131e-05,0.0016256931000726456,0.0015708938153865795,186.0,CD56_dim CD16+ NK,1.0
5486,20250324_WGS_20250324_sc_PICA0098-PICA0118_Pool_4_AGTGGGCAGCGACCAT,3.535329818725586,3.0377268426446165,-2.0357152662784577,0.0013929114741575124,0.010511276926518865,0.010262662617579828,391.0,CD56_dim CD16+ NK,0.6956522
5489,20250324_WGS_20250324_sc_PICA0098-PICA0118_Pool_4_ATACGGTGTATGAGGA,3.3916208744049072,2.2258938657662215,-2.331392704049929,5.4612603916021275e-06,0.00023083340759811623,0.00022170813726007458,365.0,CD56_dim CD16+ NK,0.9972603
5494,20250324_WGS_20250324_sc_PICA0098-PICA0118_Pool_4_ATATACCAGAACGTAA,3.3267173767089844,1.5956809843716533,1.1908190418282365,0.01993747455651679,0.07026978957289692,0.0693166182110295,272.0,CD56_dim CD16+ NK,0.9485294
5497,20250324_WGS_20250324_sc_PICA0098-PICA0118_Pool_4_ATCAAGGCAGGGACAT,3.4803285598754883,1.9117648974316728,1.2907996212743948,0.03179517808856992,0.09667108004645134,0.0955327632291204,239.0,CD56_dim CD16+ NK,1.0
5498,20250324_WGS_20250324_sc_PICA0098-PICA0118_Pool_4_ATCATCGAGAATTGTC,3.1779253482818604,4.528218092028239,-1.138546862251948,0.013542840002250046,0.053024847719461525,0.052244873822404996,816.0,CD56_dim CD16+ NK,1.0
5499,20250324_WGS_20250324_sc_PICA0098-PICA0118_Pool_4_ATCATCGAGCAATCCA,3.3841419219970703,21.81669757659232,1.9668872864855051,0.00036837070646777753,0.004214657177019834,0.004095104449975243,359.0,CD56_dim CD16+ NK,1.0
5500,20250324_WGS_20250324_sc_PICA0098-PICA0118_Pool_4_ATCATTGCACACTCTC,3.2823545932769775,2.4301662312531302,3.244427075330764,0.0007825698545099692,0.007144666947894074,0.0069603933411932625,393.0,CD56_dim CD16+ NK,0.7913486
5503,20250324_WGS_20250324_sc_PICA0098-PICA0118_Pool_4_ATCTCATGTGCTTCCG,3.776618480682373,1.1902109754271841,-2.5590887383553764,0.0030884715096145257,0.018722789440746273,0.01832815914345044,145.0,CD56_dim CD16+ NK,0.99310344
5505,20250324_WGS_20250324_sc_PICA0098-PICA0118_Pool_4_ATGACCATCACCTTAC,3.1705210208892822,2.898572712265082,2.7931530493314236,1.0324399120676033e-09,9.245968703434509e-07,8.653504681600773e-07,520.0,CD56_dim CD16+ NK,0.99230766
5515,20250324_WGS_20250324_sc_PICA0098-PICA0118_Pool_4_CAAACTTAGACCTACA,3.244786262512207,4.28383919166941,1.2617631332417247,0.009102031472758601,0.04020812199019954,0.039549766564847176,396.0,CD56_dim CD16+ NK,0.9848485
5518,20250324_WGS_20250324_sc_PICA0098-PICA0118_Pool_4_CAAGACACACGTACGC,3.419362783432007,1.5718450358418274,-2.5919360716763555,0.0004062906774471435,0.004502102883612835,0.00437578442520533,213.0,CD56_dim CD16+ NK,0.9201878
5523,20250324_WGS_20250324_sc_PICA0098-PICA0118_Pool_4_CAATACGTCCATATGG,3.561962366104126,1.4531355699148274,2.1039569239767757,0.02773531051758545,0.08797874658347009,0.08688128131307939,250.0,CD56_dim CD16+ NK,0.708
5524,20250324_WGS_20250324_sc_PICA0098-PICA0118_Pool_4_CAATCCGCAATCGAGA,3.289764642715454,2.56372793525735,-1.9336502406705194,0.012146848431215855,0.049060518202504046,0.048317565569568226,384.0,CD56_dim CD16+ NK,0.9869792
5531,20250324_WGS_20250324_sc_PICA0098-PICA0118_Pool_4_CACGCGGGTATGAGTC,3.216681718826294,12.813426815295296,-1.9770480042580127,0.0028915943564608664,0.017825466836981222,0.01744710294192022,510.0,CD56_dim CD16+ NK,0.65686274
5534,20250324_WGS_20250324_sc_PICA0098-PICA0118_Pool_4_CACTCCATCCTACGCC,3.4566972255706787,1.9457367308666913,1.6778085651500698,0.002662360966436093,0.01684452015437505,0.016480013575386133,305.0,CD56_dim CD16+ NK,0.9639344
5535,20250324_WGS_20250324_sc_PICA0098-PICA0118_Pool_4_CACTCTCCACTGAAAG,3.3898611068725586,1.0203301292752829,2.84451252894594,0.007640050799764085,0.035703102670055026,0.03507674079067558,207.0,CD56_dim CD16+ NK,0.7294686
5537,20250324_WGS_20250324_sc_PICA0098-PICA0118_Pool_4_CAGTCTCGTGGCCTGG,3.449213981628418,1.6849923593688978,-2.970195867734136,3.282605213716076e-06,0.00017292483401239072,0.00016574370543487457,274.0,CD56_dim CD16+ NK,1.0
5538,20250324_WGS_20250324_sc_PICA0098-PICA0118_Pool_4_CAGTTGGGTCTAAATG,3.4844319820404053,2.0312363209445876,2.1881586166995666,2.2559807793698216e-05,0.00060886757965951,0.0005863687987694624,319.0,CD56_dim CD16+ NK,0.984326
5542,20250324_WGS_20250324_sc_PICA0098-PICA0118_Pool_4_CATCTACTCCGATACA,3.8151450157165527,0.8728462551294534,-1.822898372722704,0.007713102062471781,0.03585737065474729,0.03522981601559477,150.0,CD56_dim CD16+ NK,1.0
5544,20250324_WGS_20250324_sc_PICA0098-PICA0118_Pool_4_CATGGTTCAGCCCAAC,3.231994390487671,12.488973742611012,1.5220203156457368,0.0020003955743659063,0.013627867775296364,0.013327824425330094,425.0,CD56_dim CD16+ NK,0.9952941
5545,20250324_WGS_20250324_sc_PICA0098-PICA0118_Pool_4_CATTCAGAGCGAATGG,3.738180160522461,1.7617530417191865,-1.7103503365517836,0.0021137888827694935,0.014228889648908404,0.013917176812086601,227.0,CD56_dim CD16+ NK,0.969163
5549,20250324_WGS_20250324_sc_PICA0098-PICA0118_Pool_4_CCACAACAGAGGGACC,3.2840638160705566,4.589297952043279,-1.7591360321480625,0.0009548702973412577,0.008130014951692938,0.007924330932931309,521.0,CD56_dim CD16+ NK,0.86564296
5553,20250324_WGS_20250324_sc_PICA0098-PICA0118_Pool_4_CCAGTACAGGGGGTTA,4.232166290283203,1.176268872891551,-1.2850659231682062,0.024451832596660884,0.08036472697792846,0.0793524137927592,178.0,CD56_dim CD16+ NK,0.9101124
5557,20250324_WGS_20250324_sc_PICA0098-PICA0118_Pool_4_CCATTACTCGGTCTAA,3.3438940048217773,21.906798288434448,-1.463526844133428,0.021693515171360235,0.07407376705479018,0.0730982135744255,320.0,CD56_dim CD16+ NK,0.74375
5560,20250324_WGS_20250324_sc_PICA0098-PICA0118_Pool_4_CCCTAGGAGACATAAG,3.7134718894958496,3.186515811478192,1.6038917734548315,0.008922951650167604,0.039648171721155194,0.03899849023213135,260.0,CD56_dim CD16+ NK,0.9423077
5561,20250324_WGS_20250324_sc_PICA0098-PICA0118_Pool_4_CCCTTTACACCAGAGG,3.674440383911133,13.985828174562847,-1.7917485238191362,0.021498822134419674,0.07376694421670785,0.07279850222704738,214.0,CD56_dim CD16+ NK,0.8785047
5564,20250324_WGS_20250324_sc_PICA0098-PICA0118_Pool_4_CCGGGTATCACTTCCG,3.2246994972229004,1.810737433004004,2.4405617938272983,0.00038691042957103084,0.004372193135201795,0.004249441329039717,344.0,CD56_dim CD16+ NK,0.95348835
5565,20250324_WGS_20250324_sc_PICA0098-PICA0118_Pool_4_CCGTAAGGTACTCGAG,3.3163561820983887,2.0917790245198793,2.4553755461073483,0.02194858972401231,0.0746600681530543,0.07368128061076079,287.0,CD56_dim CD16+ NK,0.6480836
5568,20250324_WGS_20250324_sc_PICA0098-PICA0118_Pool_4_CCTATTATCAACGTTG,3.4933111667633057,30.95315509709323,2.50985679301103,4.675261471761812e-05,0.001006676725189605,0.0009712266290514945,239.0,CD56_dim CD16+ NK,0.9665272
5570,20250324_WGS_20250324_sc_PICA0098-PICA0118_Pool_4_CCTCGAACACGGTGCT,3.524799108505249,1.1646411983053957,3.1724048355939236,0.005132952365667274,0.026853273369191882,0.02635560824668177,193.0,CD56_dim CD16+ NK,0.6373057
5580,20250324_WGS_20250324_sc_PICA0098-PICA0118_Pool_4_CGAAGATAGGGGTAGC,3.4525296688079834,2.5015501457992464,-2.3932802757207154,0.0038293894891061066,0.021760801283032417,0.02132490151549436,387.0,CD56_dim CD16+ NK,0.68217057
5582,20250324_WGS_20250324_sc_PICA0098-PICA0118_Pool_4_CGCATTCGTATAATCG,3.635171413421631,1.6388748491813707,-1.7017042433829355,0.007885281719824269,0.036383096122711414,0.03574711161698138,226.0,CD56_dim CD16+ NK,1.0
5585,20250324_WGS_20250324_sc_PICA0098-PICA0118_Pool_4_CGCGATTAGATCGGAG,3.028594493865967,3.7240413367930842,-1.0215677662150828,0.02308645260133477,0.0771715794284862,0.07617881135946306,721.0,CD56_dim CD16+ NK,0.99861306
5586,20250324_WGS_20250324_sc_PICA0098-PICA0118_Pool_4_CGCGATTAGCAATATC,3.4000654220581055,2.762807210981773,2.237555345501392,0.00017509869398654485,0.0025071180733451355,0.002430020905983881,273.0,CD56_dim CD16+ NK,0.978022
5587,20250324_WGS_20250324_sc_PICA0098-PICA0118_Pool_4_CGCGTCAAGGGACGAC,3.552549362182617,3.901036042231242,-1.6539119170607428,0.02202514409947013,0.07475009976791759,0.0737744125051025,265.0,CD56_dim CD16+ NK,0.99622643
5591,20250324_WGS_20250324_sc_PICA0098-PICA0118_Pool_4_CGGCCTTTCCATAAGT,3.6597092151641846,11.01326645296291,-1.9187851829138818,0.01866775617431201,0.06705501193379865,0.06613770096576607,163.0,CD56_dim CD16+ NK,0.71779144
5592,20250324_WGS_20250324_sc_PICA0098-PICA0118_Pool_4_CGGCTGGGTCGCATAG,3.559370994567871,1.4773267759829727,-2.7641627271858216,0.0005714302273807322,0.00574403996931387,0.005585995214953242,215.0,CD56_dim CD16+ NK,0.6465116
5598,20250324_WGS_20250324_sc_PICA0098-PICA0118_Pool_4_CGTGAGAAGGTCGAGA,3.1709799766540527,3.501369291685964,-1.824961148736873,0.004305260836312689,0.023574832961932354,0.02311823286555662,529.0,CD56_dim CD16+ NK,0.7088847
5600,20250324_WGS_20250324_sc_PICA0098-PICA0118_Pool_4_CGTTAATAGAAGGTGT,3.7177512645721436,3.248507650935513,-2.182414540383793,0.0008262667120792723,0.0074130722957130345,0.007224195517827403,256.0,CD56_dim CD16+ NK,0.7421875
5607,20250324_WGS_20250324_sc_PICA0098-PICA0118_Pool_4_CTACAGGGTACCACTC,3.1782071590423584,3.3809394695046997,-1.3647459680077016,0.024801046584378775,0.08122177855808355,0.08020170524704011,547.0,CD56_dim CD16+ NK,1.0
5609,20250324_WGS_20250324_sc_PICA0098-PICA0118_Pool_4_CTAGCAATCCTAAACG,3.3729660511016846,11.220847591969331,2.1345339323966503,0.0012249120062919753,0.009599529175801312,0.009368134841381968,227.0,CD56_dim CD16+ NK,1.0
5612,20250324_WGS_20250324_sc_PICA0098-PICA0118_Pool_4_CTAGTTACAACACTAC,3.2733354568481445,2.5362387156007022,2.3290950891190456,3.7318774974474395e-05,0.0008816001253562284,0.0008499484022243851,412.0,CD56_dim CD16+ NK,0.94902915
5613,20250324_WGS_20250324_sc_PICA0098-PICA0118_Pool_4_CTCAGCGAGACTTAAC,3.7503662109375,11.864103996878518,2.1076701305705305,0.0004128112277690435,0.0045436909550311145,0.004416403445791933,207.0,CD56_dim CD16+ NK,0.93719804
5614,20250324_WGS_20250324_sc_PICA0098-PICA0118_Pool_4_CTCCGCAGTGCGCTCC,3.4568724632263184,2.6020626340944286,-2.479635636981073,5.1508003654800965e-05,0.001064394107909509,0.0010272781009220253,416.0,CD56_dim CD16+ NK,0.8125
5615,20250324_WGS_20250324_sc_PICA0098-PICA0118_Pool_4_CTCGAAATCCTGCGTC,3.3211328983306885,1.6059568914815276,1.5031454998495604,0.007211024706957067,0.034316813714122735,0.03370382530378943,281.0,CD56_dim CD16+ NK,0.9786477
5617,20250324_WGS_20250324_sc_PICA0098-PICA0118_Pool_4_CTCGTAAAGGGGCTAA,3.32859468460083,1.7345712330681522,3.2251888046730066,0.006152107096118818,0.030577400102858972,0.030019710332354576,278.0,CD56_dim CD16+ NK,0.6079137
5619,20250324_WGS_20250324_sc_PICA0098-PICA0118_Pool_4_CTCTGCATCACCTCAT,3.4344072341918945,1.6689317845098848,3.706856914801854,0.0018417588409012139,0.012822025683192833,0.012538124375798546,304.0,CD56_dim CD16+ NK,0.82236844
5620,20250324_WGS_20250324_sc_PICA0098-PICA0118_Pool_4_CTGACTCGTAGTCCAG,3.300802707672119,12.077569600647923,2.9423164894339098,0.002961643523190729,0.018098728503071877,0.01771732228278995,325.0,CD56_dim CD16+ NK,0.8153846
5624,20250324_WGS_20250324_sc_PICA0098-PICA0118_Pool_4_CTTAGCGCACTTATCT,3.3438234329223633,2.143470164374223,2.295345668435348,0.0002870650689898357,0.003539271582752029,0.0034369315783791027,258.0,CD56_dim CD16+ NK,0.96899223
5625,20250324_WGS_20250324_sc_PICA0098-PICA0118_Pool_4_CTTCAACTCGCAAGCT,3.254534959793091,2.6529140942416882,4.083365437009396,0.004643553199878894,0.024901275216117028,0.024435292078964013,409.0,CD56_dim CD16+ NK,0.71149147
5630,20250324_WGS_20250324_sc_PICA0098-PICA0118_Pool_4_GCACGGACACGCGCAT,3.382648468017578,21.24999708678022,1.6017962708237463,0.007576320164231078,0.03559100140097298,0.03496547554345877,258.0,CD56_dim CD16+ NK,0.9767442
5632,20250324_WGS_20250324_sc_PICA0098-PICA0118_Pool_4_GCAGCCTCAACTGAGA,3.613687515258789,1.110207988992904,1.9731430229999112,0.02945507312447608,0.0918295314470495,0.09071675881894292,168.0,CD56_dim CD16+ NK,0.7380952
5634,20250324_WGS_20250324_sc_PICA0098-PICA0118_Pool_4_GCATGAACACGTTAGT,3.377197504043579,1.8255128495601478,2.6815527860763653,0.02242834106222771,0.07561313750992647,0.07463354950112983,307.0,CD56_dim CD16+ NK,0.72638434
5641,20250324_WGS_20250324_sc_PICA0098-PICA0118_Pool_4_GCCTTTAGTAGCTGGC,3.2707271575927734,3.922296844570432,-1.663522121269089,0.018492231548179798,0.06662399425558109,0.06571065621662482,467.0,CD56_dim CD16+ NK,0.9828694
5642,20250324_WGS_20250324_sc_PICA0098-PICA0118_Pool_4_GCGAAACCAGCAAGAC,3.241422176361084,1.7537463831637583,1.4760471520401486,0.0187869875926249,0.06739643655314927,0.06647182825414891,345.0,CD56_dim CD16+ NK,0.98550725
5643,20250324_WGS_20250324_sc_PICA0098-PICA0118_Pool_4_GCGCTACCACATACCG,3.310962677001953,1.5067110354283395,-1.8725889435121608,0.0017989958172739812,0.012643236885854748,0.012362175161640532,296.0,CD56_dim CD16+ NK,0.9966216
5644,20250324_WGS_20250324_sc_PICA0098-PICA0118_Pool_4_GCGGATTTCACACATG,3.3577933311462402,1.893640772395222,-1.7954106409947423,0.010961112214483777,0.045678543135243194,0.04496152990239081,245.0,CD56_dim CD16+ NK,0.86530614
5646,20250324_WGS_20250324_sc_PICA0098-PICA0118_Pool_4_GCGGTCTCAGTTGATC,3.2012364864349365,2.995847166575441,-1.092291159297602,0.024941381021618,0.08150982961370169,0.08048982245005246,469.0,CD56_dim CD16+ NK,0.9978678
5650,20250324_WGS_20250324_sc_PICA0098-PICA0118_Pool_4_GCTACCACACCCAGTA,3.509601593017578,11.577674898580534,-1.7124753666112111,0.002688669644705324,0.016978259403841123,0.016611198593886024,280.0,CD56_dim CD16+ NK,0.7892857
5652,20250324_WGS_20250324_sc_PICA0098-PICA0118_Pool_4_GCTCAATCACTACATA,3.2912118434906006,3.1949469128120023,-1.2159948623233543,0.01583708449095074,0.05953619988851407,0.05868676206184742,478.0,CD56_dim CD16+ NK,0.85146445
5657,20250324_WGS_20250324_sc_PICA0098-PICA0118_Pool_4_GCTTCGACAATGACAG,3.926732301712036,1.221688989739841,-1.833667361861071,0.0035925876065436005,0.020744771695229196,0.02032849318314802,199.0,CD56_dim CD16+ NK,0.9296482
5658,20250324_WGS_20250324_sc_PICA0098-PICA0118_Pool_4_GCTTCTAGTGTTAGTA,3.406999349594116,10.895902259009965,1.576760857461357,0.019005687011249946,0.06795826597017177,0.06702732604300397,182.0,CD56_dim CD16+ NK,0.989011
5661,20250324_WGS_20250324_sc_PICA0098-PICA0118_Pool_4_GGAAATCAGAGCTTGC,3.4225106239318848,1.596674115668741,2.4357781926693742,0.005203938806671378,0.027117782330379814,0.026610765497651432,279.0,CD56_dim CD16+ NK,0.61648744
5662,20250324_WGS_20250324_sc_PICA0098-PICA0118_Pool_4_GGAAATGGTATCGCAG,3.7825798988342285,11.859846749158462,-1.3206189447688437,0.012771722568512677,0.05093273836628669,0.050181714103918085,333.0,CD56_dim CD16+ NK,0.8678679
5663,20250324_WGS_20250324_sc_PICA0098-PICA0118_Pool_4_GGAAGCCAGGGGGTTA,3.3929784297943115,23.01334891327995,-1.8965371081495699,0.0021471070249256654,0.014368988656618701,0.014056422731219218,525.0,CD56_dim CD16+ NK,0.70857143
5669,20250324_WGS_20250324_sc_PICA0098-PICA0118_Pool_4_GGCCCTTTCGTTCGTT,3.926254987716675,0.929004615006192,1.40433609848531,0.022394715809651956,0.07552562322522473,0.0745480375819846,153.0,CD56_dim CD16+ NK,1.0
5673,20250324_WGS_20250324_sc_PICA0098-PICA0118_Pool_4_GGCTTAATCAGCATAT,3.3714396953582764,2.8183263647490184,-2.2273218417652405,8.149765340991725e-05,0.0014491181819393589,0.001400152925257263,398.0,CD56_dim CD16+ NK,1.0
5677,20250324_WGS_20250324_sc_PICA0098-PICA0118_Pool_4_GGTATGTGTATTCTGT,3.369847059249878,2.127352874684423,-1.2527539212399441,0.015358788723107326,0.05821447776503665,0.05736850318515676,361.0,CD56_dim CD16+ NK,0.74515235
5678,20250324_WGS_20250324_sc_PICA0098-PICA0118_Pool_4_GGTATTCCAGGGTGCA,3.4768574237823486,2.0900615707073134,-1.789470090192789,0.00702982435434677,0.03365273648941914,0.033052042429689225,343.0,CD56_dim CD16+ NK,0.74927115
5683,20250324_WGS_20250324_sc_PICA0098-PICA0118_Pool_4_GTAAATGAGATCCAAT,3.7574217319488525,2.5307765588136877,1.26609853247368,0.024220734335065896,0.07987896013884638,0.07885931171329552,298.0,CD56_dim CD16+ NK,0.96644294
5687,20250324_WGS_20250324_sc_PICA0098-PICA0118_Pool_4_GTAATTCAGACGGGTA,3.3720409870147705,1.732075459805203,3.4745704151594827,0.02302729102301087,0.07702609299411887,0.07604056875678075,268.0,CD56_dim CD16+ NK,0.6828358
5692,20250324_WGS_20250324_sc_PICA0098-PICA0118_Pool_4_GTAGAAGGTCTCTAAT,3.4523367881774902,1.785719203615161,3.172204623460983,0.0007536475870326632,0.006951479699262737,0.006771414055952752,258.0,CD56_dim CD16+ NK,0.751938
5693,20250324_WGS_20250324_sc_PICA0098-PICA0118_Pool_4_GTAGACGAGATATTGC,3.5809998512268066,0.8048420447071076,1.8782582558048861,0.0017090234826991704,0.0121556608866928,0.011884083111391027,147.0,CD56_dim CD16+ NK,0.9591837
5694,20250324_WGS_20250324_sc_PICA0098-PICA0118_Pool_4_GTAGCATGTAGAGGCG,3.429157018661499,1.2641715678087662,2.4655762374693637,0.007391912861943895,0.03489110378677974,0.03427354371220379,226.0,Mixed,0.5707965
5696,20250324_WGS_20250324_sc_PICA0098-PICA0118_Pool_4_GTATCGGGTCTACGGA,3.2579569816589355,2.7641707749851694,-1.6079660549085846,0.00029532804192375134,0.0036050514758251234,0.003500914442743146,479.0,CD56_dim CD16+ NK,0.99582464
5715,20250324_WGS_20250324_sc_PICA0098-PICA0118_Pool_4_GTGCTCACAGCCATAT,3.1280558109283447,3.122199504844136,2.679286499417386,4.065618215797348e-07,4.215832109875755e-05,4.00679480019025e-05,568.0,CD56_dim CD16+ NK,0.99823946
5723,20250324_WGS_20250324_sc_PICA0098-PICA0118_Pool_4_GTTCTAGAGCAATGCC,3.2222228050231934,2.7700471265280426,-1.424552599937644,0.007039532754138819,0.03367966836377927,0.03307723422638369,390.0,CD56_dim CD16+ NK,0.8871795
5725,20250324_WGS_20250324_sc_PICA0098-PICA0118_Pool_4_GTTCTCCCAACACTAC,3.564321994781494,1.7379723630755493,2.7413532294808856,0.018497271778399584,0.06662399425558109,0.06571065621662482,262.0,CD56_dim CD16+ NK,0.79389316
5727,20250324_WGS_20250324_sc_PICA0098-PICA0118_Pool_1_AAAGCCGAGCGAATTT,3.404621124267578,1.6402028489899922,-1.4698397265511542,0.02122327302028401,0.07310050062031029,0.07213817563222742,261.0,CD56_dim CD16+ NK,0.99616855
5736,20250324_WGS_20250324_sc_PICA0098-PICA0118_Pool_1_AAGCGTGAGCTACAGC,3.246236562728882,6.481389222664127,1.6959273566419006,0.0012677538606679353,0.009818115787295464,0.009583148298197966,435.0,CD56_dim CD16+ NK,0.9655172
5737,20250324_WGS_20250324_sc_PICA0098-PICA0118_Pool_1_AAGCTTCCAGGCAATA,3.3061225414276123,11.83932264330198,2.1817544432101643,0.0021024314197854426,0.014166246180784128,0.013855275788977444,316.0,CD56_dim CD16+ NK,0.9936709
5743,20250324_WGS_20250324_sc_PICA0098-PICA0118_Pool_1_AATTGAACACTCGAGC,3.153775930404663,2.185642479747135,1.9775532510584806,0.0003338407362660865,0.003933809919805285,0.003820612168863564,376.0,CD56_dim CD16+ NK,0.99202126
5744,20250324_WGS_20250324_sc_PICA0098-PICA0118_Pool_1_AATTGTCAGAACTCAT,3.193509101867676,3.8162733406326543,1.4804130554021775,0.0037613522332568335,0.02143035329659518,0.020998412701190353,624.0,CD56_dim CD16+ NK,0.99358976
5750,20250324_WGS_20250324_sc_PICA0098-PICA0118_Pool_1_ACCAGAGAGGGACACA,3.772460460662842,40.58936923113895,2.2697514917961445,0.005265639744410877,0.02734413132429707,0.026835120932128004,168.0,CD56_dim CD16+ NK,0.98214287
5753,20250324_WGS_20250324_sc_PICA0098-PICA0118_Pool_1_ACCCTGCTCCTCAGGG,3.424245595932007,11.064088123188938,2.5041327666107813,0.0001857544820025845,0.002572756542015998,0.0024947472908103743,218.0,CD56_dim CD16+ NK,0.9954128
5759,20250324_WGS_20250324_sc_PICA0098-PICA0118_Pool_1_ACGTCAATCGTATGTG,3.475288152694702,1.8221391287696533,-1.7687387810154354,0.011127673661102195,0.04611641280417237,0.04540344912549271,203.0,CD56_dim CD16+ NK,1.0
5762,20250324_WGS_20250324_sc_PICA0098-PICA0118_Pool_1_ACGTGGGCACTAATCA,3.481628894805908,11.933893486328609,3.2071093686642005,8.717219674370544e-07,7.277400933239342e-05,6.933697208693111e-05,280.0,CD56_dim CD16+ NK,0.8964286
5763,20250324_WGS_20250324_sc_PICA0098-PICA0118_Pool_1_ACGTTACCACAATGGA,3.232940912246704,2.7694944910932158,2.4277903913784646,4.27868340033498e-06,0.00019604330314744133,0.00018797686781272009,459.0,CD56_dim CD16+ NK,0.99782133
5766,20250324_WGS_20250324_sc_PICA0098-PICA0118_Pool_1_ACTCATCTCGTGATAT,3.5055997371673584,22.027104263320922,2.633873151099081,5.585918862115092e-06,0.00023415696472636494,0.00022492965645189787,349.0,CD56_dim CD16+ NK,0.9398281
5767,20250324_WGS_20250324_sc_PICA0098-PICA0118_Pool_1_ACTGCACAGGCTCGTG,3.856440782546997,1.72704165088396,-1.1515785415682511,0.01971447735083058,0.06970829733777174,0.06876684518383676,279.0,CD56_dim CD16+ NK,0.9677419
5770,20250324_WGS_20250324_sc_PICA0098-PICA0118_Pool_1_ACTTCAGAGCGTTTGA,4.078155040740967,1.157630854042093,-2.2686574694230104,0.010220052613145703,0.043640111960163985,0.04294464255117267,122.0,CD56_dim CD16+ NK,0.8114754
5771,20250324_WGS_20250324_sc_PICA0098-PICA0118_Pool_1_ACTTTCATCGTCAAAT,3.4892873764038086,3.119448491100667,2.239564010699125,3.400890193191782e-06,0.00017726015499011768,0.00016991913800573405,380.0,CD56_dim CD16+ NK,0.8710526
5774,20250324_WGS_20250324_sc_PICA0098-PICA0118_Pool_1_AGCCAGCGTAGCGTTG,3.1876440048217773,3.2946451397053718,1.2304662942083977,0.004437713811241639,0.02412578297711997,0.02366358068101371,484.0,CD56_dim CD16+ NK,1.0
5775,20250324_WGS_20250324_sc_PICA0098-PICA0118_Pool_1_AGCGAACCACACTCAG,3.374054431915283,1.3798611852218343,1.9724054499986534,0.003739365233474631,0.02137127840322341,0.02094185818342999,220.0,CD56_dim CD16+ NK,1.0
5780,20250324_WGS_20250324_sc_PICA0098-PICA0118_Pool_1_AGGCGCACAACGTACT,3.459660291671753,4.367655628713784,2.9713983288489447,5.309267230580729e-06,0.00022839122920720857,0.00021938221326593885,320.0,CD56_dim CD16+ NK,0.98125
5785,20250324_WGS_20250324_sc_PICA0098-PICA0118_Pool_1_AGTCAGGAGCATGTCA,3.364431619644165,1.6832266097508688,2.863589692373111,5.483201439240605e-06,0.00023083340759811623,0.00022170813726007458,260.0,CD56_dim CD16+ NK,0.97307694
5789,20250324_WGS_20250324_sc_PICA0098-PICA0118_Pool_1_AGTTGAAAGAATTCGT,3.3382978439331055,2.153147961114845,1.373472168352223,0.020613678275865552,0.07193246358326304,0.07096297817482404,279.0,CD56_dim CD16+ NK,0.9928315
5795,20250324_WGS_20250324_sc_PICA0098-PICA0118_Pool_1_ATATGAGAGAATCAAG,3.2858099937438965,13.111113809687168,2.1153052609940137,0.001485978305408238,0.011013043202621064,0.01075603065266646,493.0,CD56_dim CD16+ NK,0.9939148
5799,20250324_WGS_20250324_sc_PICA0098-PICA0118_Pool_1_ATCAGCTCAAGTTGAG,3.154714584350586,4.5887502888382015,-1.526247201028156,0.00029647216009814984,0.0036120891265044824,0.003506962623530942,665.0,CD56_dim CD16+ NK,0.99849623
5801,20250324_WGS_20250324_sc_PICA0098-PICA0118_Pool_1_ATCCTTATCCTAACTC,3.548964262008667,33.648843738363276,-1.956916373456188,0.00023402608310626425,0.003073854592906412,0.00298082679532522,459.0,CD56_dim CD16+ NK,0.9782135
5804,20250324_WGS_20250324_sc_PICA0098-PICA0118_Pool_1_ATGACGACACGTTTCC,3.623647689819336,0.9505257259494118,1.3797398723111896,0.026580276841638897,0.08537408124127316,0.08430567137027907,157.0,CD56_dim CD16+ NK,0.9745223
5806,20250324_WGS_20250324_sc_PICA0098-PICA0118_Pool_1_ATGCAGCTCAAAGGTA,3.2336676120758057,12.412055030203284,1.477801772726552,0.007710643080871576,0.03585737065474729,0.03522981601559477,397.0,CD56_dim CD16+ NK,0.9622166
5808,20250324_WGS_20250324_sc_PICA0098-PICA0118_Pool_1_ATGCCGCCACTTAGCG,3.4757072925567627,0.9449708835406153,-1.8007359794824267,0.02196865338804791,0.0747025214103072,0.07372306102238822,161.0,CD56_dim CD16+ NK,1.0
5811,20250324_WGS_20250324_sc_PICA0098-PICA0118_Pool_1_ATTACAATCATACCCT,3.5859291553497314,1.35062264578289,-2.571068225793795,0.000977546406753156,0.008251764912532425,0.00804410352754611,162.0,CD56_dim CD16+ NK,0.9444444
5814,20250324_WGS_20250324_sc_PICA0098-PICA0118_Pool_1_CAAAGCTGTCACTCCG,3.176492691040039,2.84579513530171,1.0960927599609238,0.017995535319332095,0.06534409211044535,0.0644504194763718,492.0,CD56_dim CD16+ NK,0.9756098
5817,20250324_WGS_20250324_sc_PICA0098-PICA0118_Pool_1_CAAGACACAAGCCATT,3.9673919677734375,1.0506492217446135,-1.4099760211071932,0.02769903837159674,0.08796364506724678,0.08686580098619474,145.0,CD56_dim CD16+ NK,0.8965517
5819,20250324_WGS_20250324_sc_PICA0098-PICA0118_Pool_1_CAATACTAGCATGTCA,3.348104953765869,11.86574873262564,2.752036303953114,0.02650925063090459,0.08536581454630622,0.08429506302722414,317.0,CD56_dim CD16+ NK,0.74763405
5824,20250324_WGS_20250324_sc_PICA0098-PICA0118_Pool_1_CAGCTAATCAGCCCTC,3.526163339614868,11.337474388302653,-1.3166440846846184,0.019100184460674286,0.06816783651058732,0.06723837427799689,241.0,CD56_dim CD16+ NK,0.84232366
5827,20250324_WGS_20250324_sc_PICA0098-PICA0118_Pool_1_CAGTACATCAGTAATC,3.742621421813965,0.6988992509973799,1.6756618617684775,0.010245354426457368,0.0437102583174671,0.043015630551944566,117.0,CD56_dim CD16+ NK,1.0
5835,20250324_WGS_20250324_sc_PICA0098-PICA0118_Pool_1_CATGGGGCACATTCAA,3.223944664001465,2.8511196204425904,1.835160630048208,0.0009896837486608639,0.00831857901711448,0.00811006514319983,441.0,CD56_dim CD16+ NK,0.95238096
5836,20250324_WGS_20250324_sc_PICA0098-PICA0118_Pool_1_CATGGTTCACCAGGGA,3.3496530055999756,1.418314605000305,2.4918146677498174,5.808673794614566e-05,0.001158324808719597,0.0011180478199921831,258.0,CD56_dim CD16+ NK,0.9844961
5843,20250324_WGS_20250324_sc_PICA0098-PICA0118_Pool_1_CCAAGTATCCTAGCTT,3.5419623851776123,1.2777616583320082,-2.0894693170463294,0.010903546572046409,0.04551306664458863,0.04479690283274689,190.0,CD56_dim CD16+ NK,0.7894737
5845,20250324_WGS_20250324_sc_PICA0098-PICA0118_Pool_1_CCAGACCCACTAACTA,3.407335042953491,1.1780264508583285,2.1722274101458274,0.0006508774764774534,0.006255408800760385,0.0060892680637853235,207.0,CD56_dim CD16+ NK,1.0
5847,20250324_WGS_20250324_sc_PICA0098-PICA0118_Pool_1_CCATCATTCCTGATTC,3.8496875762939453,1.0674159928035067,-1.495035886980926,0.016507350873646503,0.06138690579701461,0.06053123137852824,167.0,CD56_dim CD16+ NK,0.92814374
5850,20250324_WGS_20250324_sc_PICA0098-PICA0118_Pool_1_CCGAAATGTATATTGG,3.4133450984954834,0.9872094535510411,1.9062797412587715,0.0027626087785993492,0.01724617178579353,0.016880277400489474,191.0,CD56_dim CD16+ NK,0.9947644
5852,20250324_WGS_20250324_sc_PICA0098-PICA0118_Pool_1_CCTACGGAGATGCCAC,3.4484570026397705,1.257677338017043,2.9974845998428488,0.010866209251045162,0.045421260824685304,0.04470555506558217,225.0,Mixed,0.59555554
5855,20250324_WGS_20250324_sc_PICA0098-PICA0118_Pool_1_CCTGATAAGCGCCTGA,3.210906982421875,2.2224381754034246,2.7606517635816576,2.1186904959362911e-07,2.6419265918314436e-05,2.5102938787675206e-05,421.0,CD56_dim CD16+ NK,0.9952494
5856,20250324_WGS_20250324_sc_PICA0098-PICA0118_Pool_1_CCTGTCGGTCTGACTC,3.4571969509124756,1.7734348396800752,1.7967395929576417,0.008928224156684834,0.03964931534526116,0.03900382505507642,291.0,CD56_dim CD16+ NK,0.9896907
5857,20250324_WGS_20250324_sc_PICA0098-PICA0118_Pool_1_CCTTAGTTCAATGTAC,3.2561514377593994,3.2283335487261007,1.6061912187635583,0.012111576266632909,0.04895820180656577,0.04821933272851323,434.0,CD56_dim CD16+ NK,0.9953917
5859,20250324_WGS_20250324_sc_PICA0098-PICA0118_Pool_1_CGAAACCTCGTAATCG,3.550508975982666,12.331574266833064,2.9344422602127755,0.008844516373554275,0.03937068721006921,0.03872390437625125,343.0,CD56_dim CD16+ NK,0.7259475
5860,20250324_WGS_20250324_sc_PICA0098-PICA0118_Pool_1_CGAACAGAGGCTTTGA,3.728273630142212,1.2657657006767526,1.964409780204054,0.0002779137141271681,0.0034838267435629592,0.0033824305970901864,198.0,CD56_dim CD16+ NK,0.8939394
5864,20250324_WGS_20250324_sc_PICA0098-PICA0118_Pool_1_CGCCTAGAGAATGTTC,3.7166476249694824,11.251054851293164,4.155738612668717,2.6306083201191207e-06,0.0001515445763830027,0.00014509684611194027,177.0,CD56_dim CD16+ NK,0.9717514
5867,20250324_WGS_20250324_sc_PICA0098-PICA0118_Pool_1_CGGAAAGTCAGCCGTG,3.5670406818389893,11.256339842621193,-1.6359935730005066,0.0041670652062794035,0.02308760368226007,0.022640544578562054,242.0,CD56_dim CD16+ NK,1.0
5868,20250324_WGS_20250324_sc_PICA0098-PICA0118_Pool_1_CGGACATTCAATTGGT,3.4032182693481445,1.9284326401731418,2.200630556038812,5.896620129858721e-05,0.0011711210665169003,0.0011302792110056234,357.0,CD56_dim CD16+ NK,0.99159664
5869,20250324_WGS_20250324_sc_PICA0098-PICA0118_Pool_1_CGGCTTGAGATCGATT,3.455523729324341,31.326169675799058,1.6034938618333152,0.013158253529298251,0.05197413584712224,0.05120592123064335,302.0,CD56_dim CD16+ NK,0.9437086
5874,20250324_WGS_20250324_sc_PICA0098-PICA0118_Pool_1_CTAACCCGTCCCTGAT,3.4525296688079834,1.5900485268629683,2.074387528679069,0.0021386075929025424,0.014351105856732252,0.014038310391042806,240.0,CD56_dim CD16+ NK,0.96666664
5875,20250324_WGS_20250324_sc_PICA0098-PICA0118_Pool_1_CTACATGAGACGACAG,3.5509142875671387,1.2216923341304406,1.6849789249845606,0.02359739333316754,0.07837421501181167,0.07736853799340834,167.0,CD56_dim CD16+ NK,0.98802394
5878,20250324_WGS_20250324_sc_PICA0098-PICA0118_Pool_1_CTAGGGTTCGTACATG,3.8949501514434814,1.1842241588644722,-1.3161787297128078,0.020776638927756625,0.07227071683521558,0.07130343183119194,183.0,CD56_dim CD16+ NK,0.9726776
5879,20250324_WGS_20250324_sc_PICA0098-PICA0118_Pool_1_CTAGTTGAGCCAACCG,3.616300582885742,10.966850969819712,1.6594867625046177,0.031300067969630675,0.09554910739660111,0.0944206341396604,162.0,CD56_dim CD16+ NK,0.7160494
5883,20250324_WGS_20250324_sc_PICA0098-PICA0118_Pool_1_CTCATAACAATCCGCA,3.458818197250366,11.403338405572871,2.8840291776967537,6.3670356131812884e-06,0.00025834962369187305,0.00024852156049209135,201.0,CD56_dim CD16+ NK,0.9800995
5884,20250324_WGS_20250324_sc_PICA0098-PICA0118_Pool_1_CTCATGAAGAGGCACA,3.361826181411743,1.748707756549119,1.5666778937936505,0.007468237149036164,0.03516823664100634,0.03454607370841218,326.0,CD56_dim CD16+ NK,0.9877301
5886,20250324_WGS_20250324_sc_PICA0098-PICA0118_Pool_1_CTCGGCAAGAAGCCGA,3.9295191764831543,10.74397001933176,-2.3905043397650183,0.0020473922644194597,0.013890400273275549,0.013586027424676229,147.0,CD56_dim CD16+ NK,0.61904764
5889,20250324_WGS_20250324_sc_PICA0098-PICA0118_Pool_1_CTGTGAGGTCATTATC,3.402263641357422,1.7812476714125867,1.8141513848587805,0.02036671818568143,0.07137408069980355,0.07040170327239931,271.0,CD56_dim CD16+ NK,1.0
5891,20250324_WGS_20250324_sc_PICA0098-PICA0118_Pool_1_CTTAATTTCGGTTATG,4.057260036468506,15.633938267770867,-1.4701654465847882,0.012450892622200784,0.04994044919434036,0.04920355128074675,302.0,CD56_dim CD16+ NK,0.9139073
5893,20250324_WGS_20250324_sc_PICA0098-PICA0118_Pool_1_CTTCTACAGCAAGAGT,3.4430789947509766,1.2181015996347822,1.7883960477169032,0.004369469883565406,0.023846896300832584,0.02338809402263526,206.0,CD56_dim CD16+ NK,0.97572815
5894,20250324_WGS_20250324_sc_PICA0098-PICA0118_Pool_1_CTTGGTCGTCAATTTC,3.538329601287842,1.7195627315193216,-1.8765670497708904,0.004897730858467757,0.02591167920878941,0.025429132217123198,272.0,CD56_dim CD16+ NK,0.7316176
5901,20250324_WGS_20250324_sc_PICA0098-PICA0118_Pool_1_GCATCGCCACAATGTC,3.3036065101623535,1.6319279397862907,2.0126958449226606,0.00020790993660430485,0.0028094935329067315,0.002725431834987477,287.0,CD56_dim CD16+ NK,0.9756098
5910,20250324_WGS_20250324_sc_PICA0098-PICA0118_Pool_1_GCTCCAACACCTAACG,3.1106677055358887,13.350219252227614,2.439521571607152,7.453035500775876e-05,0.0013749036089539916,0.001328158774162905,598.0,CD56_dim CD16+ NK,0.9882943
5920,20250324_WGS_20250324_sc_PICA0098-PICA0118_Pool_1_GGCATTGGTAGTTTAG,4.053158283233643,0.9111639573979873,-1.3115076075757872,0.021356799801827978,0.07330516893651827,0.07234153454153941,142.0,CD56_dim CD16+ NK,0.90140843
5921,20250324_WGS_20250324_sc_PICA0098-PICA0118_Pool_1_GGCGACACAATGGTAG,3.33675479888916,11.9698714683897,2.0163377736656236,0.0008037211428984478,0.007290476039311795,0.0071020185345691475,255.0,CD56_dim CD16+ NK,0.98039216
5922,20250324_WGS_20250324_sc_PICA0098-PICA0118_Pool_1_GGCGTAGCAGTCGGTC,3.439694881439209,1.1296897945541038,1.7675737789526305,0.006022415879768073,0.030008507249163017,0.02946349606042251,201.0,CD56_dim CD16+ NK,0.9800995
5926,20250324_WGS_20250324_sc_PICA0098-PICA0118_Pool_1_GGTATTCCAACTGTCG,3.7900617122650146,1.99868763208348,3.12760500685373,0.0007670797638185918,0.007035849863479466,0.00685423583888439,192.0,CD56_dim CD16+ NK,0.7864583
5927,20250324_WGS_20250324_sc_PICA0098-PICA0118_Pool_1_GGTGTATGTAACGAAG,3.5617992877960205,1.9145717268632496,-2.2500822797872493,0.00045448291086928487,0.004855868931641351,0.00472185597021475,286.0,CD56_dim CD16+ NK,0.97902095
5928,20250324_WGS_20250324_sc_PICA0098-PICA0118_Pool_1_GGTGTATGTGGGACCT,3.1494944095611572,3.287762025467167,-2.439268241840612,4.123440306289263e-07,4.231251089297451e-05,4.018617533746165e-05,584.0,CD56_dim CD16+ NK,0.91952056
5930,20250324_WGS_20250324_sc_PICA0098-PICA0118_Pool_1_GGTTTCAAGGGAGCGT,3.6069207191467285,1.1440359190587612,-2.052896900301995,0.003541891597094439,0.020629240253344658,0.0202115212252531,167.0,CD56_dim CD16+ NK,0.8562874
5932,20250324_WGS_20250324_sc_PICA0098-PICA0118_Pool_1_GTAACGTGTAATCCGG,3.343365430831909,2.434381019898586,1.4083689813617435,0.010531401765781568,0.04460225227631738,0.043891310217661635,310.0,CD56_dim CD16+ NK,0.9903226
5935,20250324_WGS_20250324_sc_PICA0098-PICA0118_Pool_1_GTAGCCCCAAGTGTTC,3.4757401943206787,11.401712150591461,1.5102990784081403,0.0035075907172222413,0.020506395344425103,0.020090711307674786,252.0,CD56_dim CD16+ NK,0.99603176
5936,20250324_WGS_20250324_sc_PICA0098-PICA0118_Pool_1_GTATCAGTCCCACAGG,3.5697429180145264,40.98992837418462,-1.9780359588168726,0.01672215865177088,0.06188203789579074,0.061027498017172596,229.0,CD56_dim CD16+ NK,0.9694323
5940,20250324_WGS_20250324_sc_PICA0098-PICA0118_Pool_1_GTCCTTAGTCAGCAAT,3.3617184162139893,1.6488183082687575,-1.3160652474433325,0.015057802214704803,0.05736056056344045,0.056526910873453844,268.0,CD56_dim CD16+ NK,0.99626863
5941,20250324_WGS_20250324_sc_PICA0098-PICA0118_Pool_1_GTCGTAATCAGTGGCT,3.7511467933654785,20.799818604626346,2.03728608311537,0.009900813100955703,0.04274010072634296,0.042046194819269266,158.0,CD56_dim CD16+ NK,0.9936709
5944,20250324_WGS_20250324_sc_PICA0098-PICA0118_Pool_1_GTGATTCCACCACTAG,3.2101211547851562,2.4740012650035172,2.218038709007697,5.3257169962009556e-05,0.001083704762600142,0.0010459872828860507,414.0,CD56_dim CD16+ NK,0.92995167
5947,20250324_WGS_20250324_sc_PICA0098-PICA0118_Pool_1_GTTCAATAGGGGATTG,3.4356307983398438,2.081436829343261,-1.547418874676272,0.0192797438213404,0.06866404786118015,0.06772894915391185,340.0,CD56_dim CD16+ NK,0.7794118
5948,20250324_WGS_20250324_sc_PICA0098-PICA0118_Pool_1_GTTCAGCAGAAGCGTG,3.497286558151245,1.4838656457557473,1.8421318072476216,0.002953270361963249,0.018069654267671823,0.017688820968116543,250.0,CD56_dim CD16+ NK,1.0
5958,20250612_WGS_20250612_sc_PICA0119-PICA0146_Pool_1_AAGTTCCCAGTTAGTC,3.433818817138672,2.9361386344059444,1.711917515565021,0.0009349470575690174,0.008029785060254917,0.00782776637840128,289.0,CD56_dim CD16+ NK,0.98615915
5959,20250612_WGS_20250612_sc_PICA0119-PICA0146_Pool_1_AATGGTAAGCAAGACG,3.623134136199951,21.54692591738613,-1.549822655388868,0.012544662194386044,0.05023474279548656,0.04949291387531577,267.0,CD56_dim CD16+ NK,0.670412
5962,20250612_WGS_20250612_sc_PICA0119-PICA0146_Pool_1_ACATGCCAGAGCCGTT,3.4319980144500732,31.04946012372637,-1.4538955026805849,0.023483164647889177,0.07812652987043442,0.07712011172335471,222.0,CD56_dim CD16+ NK,0.9369369
5965,20250612_WGS_20250612_sc_PICA0119-PICA0146_Pool_1_ACGGTTGGTAAGCGCC,4.090035438537598,7.306985243170402,1.3923055794184573,0.022191068986526164,0.07506132235899012,0.07409024830899887,247.0,CD56_dim CD16+ NK,0.85020244
5972,20250612_WGS_20250612_sc_PICA0119-PICA0146_Pool_1_AGCTTAGTCAGTTGGC,3.1509790420532227,24.565047512456207,-2.435716504159294,5.075539230825864e-09,2.4999568481432794e-06,2.3278861266834803e-06,828.0,CD56_dim CD16+ NK,0.98550725
5974,20250612_WGS_20250612_sc_PICA0119-PICA0146_Pool_1_AGGGGTATCGGCTCCT,3.614191770553589,2.0585543435070828,-1.6638192551866395,0.015895190833034287,0.05969634956012991,0.05884424366367599,272.0,CD56_dim CD16+ NK,0.93014705
5978,20250612_WGS_20250612_sc_PICA0119-PICA0146_Pool_1_ATCATCACAACATATT,3.550967216491699,12.286170024670703,1.578792499800819,0.002524885379527686,0.016246012980879968,0.015889756197263186,343.0,CD56_dim CD16+ NK,0.8075802
5979,20250612_WGS_20250612_sc_PICA0119-PICA0146_Pool_1_ATCCTAGAGCGGCATT,3.6012163162231445,1.366211504031602,-2.4826935797831027,0.0019037393785482273,0.013132868780167077,0.0128411792270084,186.0,CD56_dim CD16+ NK,0.78494626
5982,20250612_WGS_20250612_sc_PICA0119-PICA0146_Pool_1_ATGTAGAAGGTACGTC,4.301436901092529,31.628371932991,2.099318842762742,0.0060066526113428,0.02994510874207385,0.02940139615702,170.0,CD56_dim CD16+ KLRC2+ NK,0.9764706
5986,20250612_WGS_20250612_sc_PICA0119-PICA0146_Pool_1_CACTCAGCAACGTGCC,4.380372524261475,0.804790766675711,-3.061694495085261,0.0005946369111511158,0.005897145782533268,0.0057359728530469506,121.0,Mixed,0.57024795
5990,20250612_WGS_20250612_sc_PICA0119-PICA0146_Pool_1_CATATGCCAGTGCTCA,3.916146755218506,1.6539901069470853,-2.4061728159840117,0.004359771596354264,0.023807156316899034,0.023349219453204013,175.0,Mixed,0.58285713
5991,20250612_WGS_20250612_sc_PICA0119-PICA0146_Pool_1_CATCAATAGGCGCTCA,3.7213809490203857,1.1316596015701288,-2.1208146146777795,0.009742677827238172,0.0422054174477235,0.041515801597061086,180.0,CD56_dim CD16+ NK,0.9444444
5993,20250612_WGS_20250612_sc_PICA0119-PICA0146_Pool_1_CCAACATCAACGTCCA,3.699646472930908,11.625656236577447,-3.9003522183293953,1.0419156743749864e-06,8.413042055957371e-05,8.020104848427561e-05,280.0,CD56_dim CD16+ NK,0.65
5994,20250612_WGS_20250612_sc_PICA0119-PICA0146_Pool_1_CCACAATCAATCGGGG,3.3127241134643555,2.4745645852962452,1.6382027704802624,0.0008387266427681219,0.007479718218651616,0.0072884074172224105,359.0,CD56_dim CD16+ NK,0.9972145
5995,20250612_WGS_20250612_sc_PICA0119-PICA0146_Pool_1_CCATACAAGGGCGAAC,3.38897967338562,3.095431427789554,-2.883602834317825,1.5170437935777764e-06,0.00010694675151091361,0.00010207159198201464,357.0,CD56_dim CD16+ NK,0.99439776
6001,20250612_WGS_20250612_sc_PICA0119-PICA0146_Pool_1_CCTTATGGTGTATCCC,3.4330902099609375,2.199346916775939,-2.0548513968580586,0.004121395430220811,0.022959496911802855,0.022513998861610554,282.0,CD56_dim CD16+ NK,0.9929078
6002,20250612_WGS_20250612_sc_PICA0119-PICA0146_Pool_1_CGATGGTTCGGTGCAT,3.5414674282073975,1.1588123970107418,-1.6316521398675905,0.03071494444444595,0.09428884939926364,0.09316907788308491,191.0,CD56_dim CD16+ NK,0.973822
6004,20250612_WGS_20250612_sc_PICA0119-PICA0146_Pool_1_CGCTTGTGTATTCGGG,3.3609421253204346,1.785779230489204,-1.814773037169634,0.010627591275255886,0.04477414724054041,0.04406389552153549,301.0,CD56_dim CD16+ NK,0.9833887
6005,20250612_WGS_20250612_sc_PICA0119-PICA0146_Pool_1_CGCTTTAGTCGCTCGC,3.3677315711975098,2.642252905149894,-2.263880575493556,0.0001109565983245332,0.00180466404776735,0.0017456571666417627,350.0,CD56_dim CD16+ NK,1.0
6007,20250612_WGS_20250612_sc_PICA0119-PICA0146_Pool_1_CGGGAAATCCAGGGTT,3.712557792663574,2.3389604274008127,-1.852255882236405,0.006773581977816326,0.03282171965738742,0.032226656600974436,219.0,CD56_dim CD16+ NK,0.69863015
6010,20250612_WGS_20250612_sc_PICA0119-PICA0146_Pool_1_CGTACGTAGGCTGTCG,3.628801107406616,11.289634571961946,-2.207715997104957,0.000285821179020317,0.003532778462395411,0.0034305229150995843,239.0,CD56_dim CD16+ NK,0.9456067
6013,20250612_WGS_20250612_sc_PICA0119-PICA0146_Pool_1_CGTGGTTAGGTTCAAT,4.202812194824219,0.7624647234726848,-2.5139846956263288,0.001957208570325137,0.013464009515553719,0.013169238116672916,104.0,CD56_dim CD16+ NK,0.6730769
6016,20250612_WGS_20250612_sc_PICA0119-PICA0146_Pool_1_CTCCTTACAGTAGCCC,3.4516148567199707,2.4522350553923364,-2.0245813453145476,0.00017593632083596784,0.0025118097051523465,0.0024348254511396173,351.0,CD56_dim CD16+ NK,0.994302
6019,20250612_WGS_20250612_sc_PICA0119-PICA0146_Pool_1_CTTCATATCAGTCCTT,4.083090305328369,1.2208079363238034,-1.7360960645337238,0.008379551623423475,0.03784821780941983,0.037218660645983906,148.0,CD56_dim CD16+ NK,1.0
6026,20250612_WGS_20250612_sc_PICA0119-PICA0146_Pool_1_GGGGTTCGTCGGGTAC,3.5460386276245117,1.4612007443133204,-1.831128543521535,0.004524421925920944,0.02447955480775445,0.024016281863856626,198.0,CD56_dim CD16+ NK,0.9191919
6027,20250612_WGS_20250612_sc_PICA0119-PICA0146_Pool_1_GGTGGAGGTAAGTGTC,3.7523722648620605,0.9563891057682952,-2.1769376482154335,0.0028321290618740017,0.017524688058116075,0.01715392690197474,152.0,CD56_dim CD16+ NK,0.7368421
6028,20250612_WGS_20250612_sc_PICA0119-PICA0146_Pool_1_GGTTAGACAAGCGAAC,3.796538829803467,1.3612006773200669,-2.118216055224358,0.00010612752392035851,0.0017515377920725515,0.0016939758565743227,227.0,CD56_dim CD16+ NK,0.9779736
6029,20250612_WGS_20250612_sc_PICA0119-PICA0146_Pool_1_GTACGTGGTATATTCC,4.421935081481934,3.707720986897961,-1.52555776993923,0.022104925152901123,0.07488157416823554,0.07391087212914481,172.0,CD56_dim CD16+ NK,0.8604651
6031,20250612_WGS_20250612_sc_PICA0119-PICA0146_Pool_1_GTATCAGTCAGGAAAC,3.4742612838745117,3.3347122550234927,-3.0396741975913533,0.00023534691304693699,0.003078887703088149,0.0029863079394376745,258.0,CD56_dim CD16+ NK,0.9302326
6032,20250612_WGS_20250612_sc_PICA0119-PICA0146_Pool_1_GTCAATCCAACATGCT,4.4264817237854,1.9160911551503808,-1.803238210857298,0.018676917877795022,0.06705501193379865,0.06613770096576607,188.0,CD56_dim CD16+ KLRC2+ NK,0.85106385
6033,20250612_WGS_20250612_sc_PICA0119-PICA0146_Pool_1_GTCGAACTCCGTTCGC,3.524562120437622,5.5661650193063315,-2.4885415176954426,0.007215985084393668,0.03432383827443845,0.033710954321497795,215.0,CD56_dim CD16+ NK,0.98139536
6035,20250612_WGS_20250612_sc_PICA0119-PICA0146_Pool_7_AAAGCCTGTATTCTGT,3.381861448287964,1.2872622634415454,1.4504647820544267,0.018938907895645264,0.06781795044711068,0.06689130500166388,216.0,CD56_dim CD16+ NK,0.9861111
6040,20250612_WGS_20250612_sc_PICA0119-PICA0146_Pool_7_AACCGCAGTAGAGATG,3.5733258724212646,1.2749536034789588,-2.880982235249409,6.8392441845947195e-06,0.00027166691315501037,0.00026130297369122356,218.0,CD56_dim CD16+ NK,1.0
6041,20250612_WGS_20250612_sc_PICA0119-PICA0146_Pool_7_AACGGATAGCGATGAG,3.4378044605255127,1.0710934240165622,1.7231004043241185,0.007586649323662357,0.03560556573958927,0.03498244215398857,177.0,CD56_dim CD16+ NK,0.920904
6043,20250612_WGS_20250612_sc_PICA0119-PICA0146_Pool_7_AAGTCGCTCCATAGCA,3.4922678470611572,1.8585105463385934,1.8071300075954129,0.0012213943872213188,0.009579582888946824,0.00934884528787517,245.0,CD56_dim CD16+ NK,1.0
6044,20250612_WGS_20250612_sc_PICA0119-PICA0146_Pool_7_AAGTTCCCAACTTTAG,3.4833314418792725,10.880204521787633,2.650567863779111,0.00011426129953113084,0.0018422063202637804,0.0017820920518783567,192.0,CD56_dim CD16+ NK,1.0
6045,20250612_WGS_20250612_sc_PICA0119-PICA0146_Pool_7_AATCGAGCACCTAGCA,3.3641693592071533,1.1751353382951137,2.0748468961695883,0.008285773234566715,0.03751063976733305,0.03688374331775069,210.0,CD56_dim CD16+ NK,1.0
6052,20250612_WGS_20250612_sc_PICA0119-PICA0146_Pool_7_ACCCTTAGTACGCATG,3.394428253173828,1.440151752869066,-1.4352422543628138,0.007868160469774623,0.03632111002237573,0.0356854774224169,264.0,CD56_dim CD16+ NK,0.9962121
6058,20250612_WGS_20250612_sc_PICA0119-PICA0146_Pool_7_ACTGCGTAGACTATCG,4.446517467498779,21.01387158021572,2.825229338847172,0.000300388379173106,0.0036308293536616775,0.003525826030621257,127.0,CD56_dim CD16+ KLRC2+ NK,0.97637796
6067,20250612_WGS_20250612_sc_PICA0119-PICA0146_Pool_7_AGTCCATCACGATAGA,3.364356279373169,12.183630459407787,1.787941472717609,0.009582662438028874,0.04162204924030972,0.040941217450975,309.0,CD56_dim CD16+ NK,1.0
6078,20250612_WGS_20250612_sc_PICA0119-PICA0146_Pool_7_ATCTTCCAGGCCTGAT,3.2537288665771484,4.853456644035132,-1.8720349496622932,0.00034140246192741877,0.004003756729103574,0.0038884734280359907,732.0,CD56_dim CD16+ NK,0.99863386
6079,20250612_WGS_20250612_sc_PICA0119-PICA0146_Pool_7_ATCTTGTGTCGATGGC,3.491683006286621,2.2836807059206965,-1.66208506539626,0.023702896690505078,0.07856600083649248,0.07755660672581277,294.0,CD56_dim CD16+ NK,1.0
6080,20250612_WGS_20250612_sc_PICA0119-PICA0146_Pool_7_ATGACCATCGTCGAAC,4.261637210845947,2.6740254495399522,1.6598905185854915,0.029270992595115616,0.09145212434331873,0.09034974475536928,121.0,CD56_dim CD16+ NK,0.9752066
6095,20250612_WGS_20250612_sc_PICA0119-PICA0146_Pool_7_CACCCATGTGTATCTT,3.230815887451172,23.539704673822506,1.1236717511097887,0.018279888284144747,0.06611481475904256,0.0652098230284721,503.0,CD56_dim CD16+ NK,0.9900596
6096,20250612_WGS_20250612_sc_PICA0119-PICA0146_Pool_7_CACCCGAAGAATATCC,4.302670955657959,0.8651917502977384,-2.26348041504803,0.0014665976444683494,0.010928482144975575,0.010671696853213739,137.0,CD56_dim CD16+ NK,0.649635
6099,20250612_WGS_20250612_sc_PICA0119-PICA0146_Pool_7_CACCGGGGTCACCGGG,3.4109489917755127,11.803404119360508,-1.4677413976441835,0.01317878025020277,0.05197413584712224,0.05120592123064335,303.0,CD56_dim CD16+ NK,0.83828384
6104,20250612_WGS_20250612_sc_PICA0119-PICA0146_Pool_7_CACTCGACACACCCAA,3.403899908065796,2.883217670195882,-2.9237071480281633,2.531824459895834e-05,0.0006615650597993067,0.0006378422529331226,271.0,CD56_dim CD16+ NK,0.9335793
6107,20250612_WGS_20250612_sc_PICA0119-PICA0146_Pool_7_CAGTTCCGTACGGTCA,3.3937108516693115,1.4814435832479027,1.9886510869958671,0.0016425105678937197,0.01185375209107768,0.011583260597553557,207.0,CD56_dim CD16+ NK,1.0
6110,20250612_WGS_20250612_sc_PICA0119-PICA0146_Pool_7_CATGCTTTCGTATTCC,3.315544843673706,2.2939447657803975,-1.4852936302318456,0.009597295052330724,0.04166723383010575,0.04098476644654729,302.0,CD56_dim CD16+ NK,0.9966887
6111,20250612_WGS_20250612_sc_PICA0119-PICA0146_Pool_7_CATGTCAAGCCATGGT,5.83713436126709,10.934342145294126,-1.6956109240318369,0.02782638390860816,0.08819746070904086,0.0871065544247843,122.0,CD56_dim CD16+ NK,0.93442625
6112,20250612_WGS_20250612_sc_PICA0119-PICA0146_Pool_7_CCAACAGGTATCTTCG,3.3157358169555664,4.118183807995699,-1.8785019142329151,8.967925778860752e-06,0.0003308727971818624,0.0003188023078126415,538.0,CD56_dim CD16+ NK,0.98141265
6113,20250612_WGS_20250612_sc_PICA0119-PICA0146_Pool_7_CCACTATTCAGCCTCC,3.6970348358154297,11.260533780941552,1.2669740966934477,0.03235408185224085,0.09803754547106262,0.09687949067947213,186.0,CD56_dim CD16+ NK,1.0
6114,20250612_WGS_20250612_sc_PICA0119-PICA0146_Pool_7_CCACTGACAGCGACAG,3.6628684997558594,1.9677331923823567,-4.103489569777213,7.85846432622102e-06,0.0003047784727464696,0.0002933874927937353,251.0,CD56_dim CD16+ NK,0.93227094
6117,20250612_WGS_20250612_sc_PICA0119-PICA0146_Pool_7_CCATAATAGCCATATG,3.4263722896575928,1.5354962085156845,-1.679036899046649,0.03298322753697388,0.09951539799899838,0.09835508022218768,248.0,CD56_dim CD16+ NK,0.99596775
6118,20250612_WGS_20250612_sc_PICA0119-PICA0146_Pool_7_CCATAGGGTATCACGG,3.4668805599212646,9.192186354866818,-1.5033364576589596,0.02981842771071898,0.0925169547648166,0.09140247749701567,399.0,CD56_dim CD16+ NK,1.0
6119,20250612_WGS_20250612_sc_PICA0119-PICA0146_Pool_7_CCGACATAGAGTCTTG,3.1975057125091553,2.1724690335522254,-1.2418086005990507,0.004924363918358983,0.026010675045444687,0.02552415600998888,336.0,CD56_dim CD16+ NK,1.0
6120,20250612_WGS_20250612_sc_PICA0119-PICA0146_Pool_7_CCGGCAATCAGTTATA,3.3522002696990967,1.1828997001663897,1.4904065241950009,0.018677312636625986,0.06705501193379865,0.06613770096576607,218.0,CD56_dim CD16+ NK,0.9954128
6124,20250612_WGS_20250612_sc_PICA0119-PICA0146_Pool_7_CCTTTACAGAGGCGAC,3.318915605545044,2.121612914933519,-1.511545357438992,0.013651478272533046,0.05325968810404873,0.05247769881445326,307.0,CD56_dim CD16+ NK,0.98697066
6127,20250612_WGS_20250612_sc_PICA0119-PICA0146_Pool_7_CGAGTCTAGCTCTAGA,3.9708845615386963,1.5748835138831945,-1.9066967277843188,0.01238735814578008,0.049739383691843525,0.049002508070289476,150.0,CD56_dim CD16+ NK,0.97333336
6131,20250612_WGS_20250612_sc_PICA0119-PICA0146_Pool_7_CGGCTTACAAGCATAG,3.3026654720306396,2.016374331923241,-1.6644072234261371,0.000480757522355446,0.005054367505574705,0.004916106664030205,371.0,CD56_dim CD16+ NK,0.9946092
6151,20250612_WGS_20250612_sc_PICA0119-PICA0146_Pool_7_GCCAACCCAAGCTTAC,3.4710216522216797,2.867899754210269,-2.3323778720668,0.00012114087367227969,0.0019093739944730035,0.0018476246995708958,407.0,CD56_dim CD16+ NK,0.93611795
6154,20250612_WGS_20250612_sc_PICA0119-PICA0146_Pool_7_GCTAACATCACTCGGG,3.489690065383911,1.7522055787553352,-2.0850401497932665,9.994295157076488e-05,0.0016698425090994778,0.0016141923528173062,296.0,CD56_dim CD16+ NK,0.9966216
6156,20250612_WGS_20250612_sc_PICA0119-PICA0146_Pool_7_GCTACCACAAGCACAA,3.827549695968628,1.42812864074752,-1.4288488561206754,0.018282078510164647,0.06611481475904256,0.0652098230284721,220.0,CD56_dim CD16+ NK,0.9818182
6158,20250612_WGS_20250612_sc_PICA0119-PICA0146_Pool_7_GCTTTACTCCCACTAT,4.014503479003906,10.507278736876396,-1.9639994524887945,0.007849208306123241,0.036267613050478445,0.03563205263860058,115.0,CD56_dim CD16+ NK,0.9391304
6165,20250612_WGS_20250612_sc_PICA0119-PICA0146_Pool_7_GGGTCTAGTACTACAA,3.2540624141693115,4.011177009630511,1.8235698552959205,0.0016895785818230576,0.012078402474266284,0.011806339528900317,348.0,CD56_dim CD16+ NK,0.9913793
6168,20250612_WGS_20250612_sc_PICA0119-PICA0146_Pool_7_GGTTCAATCAGGCTGT,3.5231237411499023,11.687638488375505,-1.6941416686737805,0.0099302701159463,0.04281098070555229,0.0421137241206291,293.0,CD56_dim CD16+ NK,0.78156996
6172,20250612_WGS_20250612_sc_PICA0119-PICA0146_Pool_7_GTCTGCGAGGGAGATT,3.365586280822754,1.3765821047259177,1.5394412324363722,0.028986336238794708,0.09068149320629788,0.08956741319422469,259.0,CD56_dim CD16+ NK,0.88030887
6173,20250612_WGS_20250612_sc_PICA0119-PICA0146_Pool_7_GTGAGTGAGGGTGTTC,3.712027072906494,1.0404903234442937,-2.6724255276040543,0.0006738478003753,0.00640740799372305,0.006237983022649813,131.0,CD56_dim CD16+ NK,1.0
6178,20250612_WGS_20250612_sc_PICA0119-PICA0146_Pool_6_AAACGCGAGACCCTTT,3.5387210845947266,1.9592738681149302,-1.3995982708321264,0.007982198951986945,0.03662442565254932,0.035992623800043005,250.0,CD56_dim CD16+ NK,1.0
6180,20250612_WGS_20250612_sc_PICA0119-PICA0146_Pool_6_AAACGTAAGGCATCCG,3.5737125873565674,2.949258459880351,-2.0963972657904484,0.0007079200215630688,0.0066293261929483505,0.006455558571758559,310.0,CD56_dim CD16+ NK,1.0
6182,20250612_WGS_20250612_sc_PICA0119-PICA0146_Pool_6_AAAGCATCAACTGCAT,3.283906936645508,7.548874639286307,2.187685368926717,8.212829267554135e-06,0.00031358364773130147,0.000301837893010185,597.0,CD56_dim CD16+ NK,1.0
6191,20250612_WGS_20250612_sc_PICA0119-PICA0146_Pool_6_AACGCGAAGGGTAGTG,3.444164991378784,2.209622416424242,-1.972676857629527,0.005825270604970231,0.02936783046548707,0.028831769897138513,170.0,CD56_dim CD16+ NK,0.9882353
6192,20250612_WGS_20250612_sc_PICA0119-PICA0146_Pool_6_AACGGTACAGTGCACC,3.6188199520111084,1.0550738255563141,-2.364414403641311,0.002094356434899196,0.014150552290941002,0.013840240209592571,176.0,CD56_dim CD16+ NK,0.83522725
6193,20250612_WGS_20250612_sc_PICA0119-PICA0146_Pool_6_AAGCCAACACAGTAAG,3.266313314437866,2.928608530716084,-1.7277764226700663,0.0035709908979789456,0.020692841962347407,0.020276349726130596,399.0,CD56_dim CD16+ NK,0.98746866
6196,20250612_WGS_20250612_sc_PICA0119-PICA0146_Pool_6_AAGTGCACAAACTACC,3.7020981311798096,1.1788615512423266,-2.4055033206442977,0.002991762093803978,0.01827144971237631,0.01788711858505078,181.0,CD56_dim CD16+ NK,0.65745854
6201,20250612_WGS_20250612_sc_PICA0119-PICA0146_Pool_6_AATGTAGAGATACGGG,3.6206932067871094,1.490070429692892,-1.8967323662470872,0.013027645922414437,0.05171186978723241,0.05094928324331159,193.0,CD56_dim CD16+ NK,1.0
6203,20250612_WGS_20250612_sc_PICA0119-PICA0146_Pool_6_AATTCCGAGACTGATT,3.38700532913208,1.4628873344663755,-2.8025393902004487,2.7473247168130116e-05,0.0007047889527428379,0.0006798238905574889,262.0,CD56_dim CD16+ NK,0.9885496
6205,20250612_WGS_20250612_sc_PICA0119-PICA0146_Pool_6_ACAAGAGGTCTTAATC,3.249603271484375,3.7455924336327207,-1.888898881784351,9.14361156289898e-05,0.0015692285279811473,0.0015162747575491987,553.0,CD56_dim CD16+ NK,0.98372513
6208,20250612_WGS_20250612_sc_PICA0119-PICA0146_Pool_6_ACACTACCACAGTCCA,3.6340489387512207,1.7722386015606508,-1.7578798212999263,0.010025886828881156,0.043091191601792436,0.04239013239848892,203.0,CD56_dim CD16+ NK,0.8719212
6210,20250612_WGS_20250612_sc_PICA0119-PICA0146_Pool_6_ACAGCGAAGGCTAACC,3.5252699851989746,10.5665389873215,1.9306586001435928,0.00680720131241098,0.03293602167414566,0.03234075755884102,135.0,CD56_dim CD16+ NK,1.0
6214,20250612_WGS_20250612_sc_PICA0119-PICA0146_Pool_6_ACGCCACCACTCACTC,3.396584987640381,3.9019752367745335,-1.5245068984589267,0.02127594814432689,0.073155101280895,0.07219210323792932,319.0,CD56_dim CD16+ NK,0.96238244
6216,20250612_WGS_20250612_sc_PICA0119-PICA0146_Pool_6_ACGGGTCGTATAGGCT,3.4239401817321777,2.6689461633498284,-2.166639494020072,0.0016972700175529663,0.012089520566098532,0.011818407464422984,380.0,CD56_dim CD16+ NK,0.78157896
6217,20250612_WGS_20250612_sc_PICA0119-PICA0146_Pool_6_ACGTGGGCAACTGCGC,3.445711374282837,2.392321883638583,-1.4629360986134996,0.004164950638123935,0.02308760368226007,0.022640544578562054,344.0,CD56_dim CD16+ NK,1.0
6218,20250612_WGS_20250612_sc_PICA0119-PICA0146_Pool_6_ACGTTGGGTGGCCCCT,3.7814133167266846,11.19226583554097,-1.711831704928768,0.00538939277108548,0.027854621294838965,0.02733640705018604,183.0,CD56_dim CD16+ NK,0.9726776
6219,20250612_WGS_20250612_sc_PICA0119-PICA0146_Pool_6_ACTAAGGCACATGTCG,3.3667051792144775,1.9124330096366573,1.4667890763193008,0.003320577325019407,0.019764959050614008,0.019356817854343893,348.0,CD56_dim CD16+ NK,1.0
6222,20250612_WGS_20250612_sc_PICA0119-PICA0146_Pool_6_ACTCTATGTAATGTCA,3.376030206680298,2.195706455882771,-2.919762444986991,8.082171838828205e-09,3.6189761265589384e-06,3.3718590866230125e-06,394.0,CD56_dim CD16+ NK,1.0
6223,20250612_WGS_20250612_sc_PICA0119-PICA0146_Pool_6_ACTCTCGTCCATGGGT,3.3115808963775635,2.2453558943527083,-1.4292493154982586,0.014823306669149891,0.056598602324726965,0.05577445931567562,424.0,CD56_dim CD16+ NK,1.0
6224,20250612_WGS_20250612_sc_PICA0119-PICA0146_Pool_6_ACTGCACAGGTATATC,3.4334311485290527,11.733822948153364,-2.880665282370928,4.462764903486899e-05,0.0009800999614654558,0.0009453580939855938,349.0,CD56_dim CD16+ NK,1.0
6225,20250612_WGS_20250612_sc_PICA0119-PICA0146_Pool_6_AGACGTACAACCACAT,3.5308098793029785,2.724526580918229,-1.5806131814767084,0.013345848489109502,0.05249758274985878,0.05172373041979283,367.0,CD56_dim CD16+ NK,0.96730244
6226,20250612_WGS_20250612_sc_PICA0119-PICA0146_Pool_6_AGAGGTTAGAAGCGGC,3.326927661895752,2.3250709562300536,-3.141342704466864,2.567853704343477e-07,3.0477020290948907e-05,2.8984217513466537e-05,361.0,CD56_dim CD16+ NK,0.99168974
6231,20250612_WGS_20250612_sc_PICA0119-PICA0146_Pool_6_AGCCTCTGTCAATGCG,3.6711673736572266,1.4910575402623454,-1.3656922517000933,0.030300035846689388,0.09345974003362195,0.09235277589005458,214.0,CD56_dim CD16+ NK,0.9953271
6234,20250612_WGS_20250612_sc_PICA0119-PICA0146_Pool_6_AGCGGGAGTATATCAG,3.5470545291900635,1.5326175765343781,2.22015359779928,0.00023777050126411398,0.0031023539178182606,0.0030091020977401502,225.0,CD56_dim CD16+ NK,0.9777778
6241,20250612_WGS_20250612_sc_PICA0119-PICA0146_Pool_6_AGTAAAGTCAGCTATG,3.4779419898986816,2.144819341636428,-1.7699836679879353,0.0015583934056075757,0.011405448319940734,0.011144387092224288,370.0,CD56_dim CD16+ NK,1.0
6246,20250612_WGS_20250612_sc_PICA0119-PICA0146_Pool_6_AGTCAATTCATCGGGT,3.531507730484009,3.1138914062044787,-3.620994143940049,1.0518286065883879e-08,4.144625441400884e-06,3.878812333164347e-06,451.0,CD56_dim CD16+ NK,0.7161862
6249,20250612_WGS_20250612_sc_PICA0119-PICA0146_Pool_6_ATAAGTCTCCGACTAA,3.519434690475464,2.0059861629030156,-1.6469608565062974,0.0068640798850720715,0.03309282797287741,0.032497580092112024,316.0,CD56_dim CD16+ NK,0.9968355
6250,20250612_WGS_20250612_sc_PICA0119-PICA0146_Pool_6_ATAATTCCAGTCCATG,3.503912925720215,3.2875822808870128,-1.8258890482428347,0.0034860561489390876,0.020455763729725206,0.02004082319387934,271.0,CD56_dim CD16+ NK,0.99261993
6251,20250612_WGS_20250612_sc_PICA0119-PICA0146_Pool_6_ATCAGCATCCCTGTCA,3.468745231628418,3.821005367296075,-2.334023926268528,4.18630565423338e-05,0.0009532517958092631,0.0009192945280111435,343.0,CD56_dim CD16+ NK,0.97959185
6252,20250612_WGS_20250612_sc_PICA0119-PICA0146_Pool_6_ATCAGTCCACTCGGAC,3.489091396331787,1.746187334848943,1.4028006586313486,0.006426055168571664,0.031667368417008235,0.03109517205522109,291.0,CD56_dim CD16+ NK,0.96219933
6265,20250612_WGS_20250612_sc_PICA0119-PICA0146_Pool_6_ATGTATCAGAGTAATG,3.4424326419830322,1.4463942603644455,-2.4951163336439417,2.299962920402421e-05,0.0006173551697243665,0.0005946268435882896,277.0,CD56_dim CD16+ NK,0.99638987
6268,20250612_WGS_20250612_sc_PICA0119-PICA0146_Pool_6_ATTATCTTCCTGGGTG,3.666290521621704,0.8135461475375473,-2.089570846653374,0.008358567615691084,0.03778809067561857,0.037157090961268145,152.0,CD56_dim CD16+ NK,0.9868421
6269,20250612_WGS_20250612_sc_PICA0119-PICA0146_Pool_6_ATTGGTTAGATTGTGT,3.508936882019043,0.9713256438583184,-1.5644219807411288,0.012425436985146813,0.04985864755221233,0.049120138375368966,194.0,CD56_dim CD16+ NK,0.9896907
6270,20250612_WGS_20250612_sc_PICA0119-PICA0146_Pool_6_ATTGTAGGTAGGGAGT,3.3300323486328125,3.081189836143638,-1.4776715919189742,0.00864162866124116,0.03869485633722121,0.03804951662779389,382.0,CD56_dim CD16+ NK,0.9528796
6273,20250612_WGS_20250612_sc_PICA0119-PICA0146_Pool_6_CAATCCGCACATCTCC,3.885831117630005,11.351247739295191,-1.7185381521109064,0.005714737611443764,0.029003544673020357,0.028468886577503696,192.0,CD56_dim CD16+ NK,0.9947917
6278,20250612_WGS_20250612_sc_PICA0119-PICA0146_Pool_6_CACTATACAAACCAGA,3.777639865875244,1.269386190315092,-1.5347103784266005,0.027943818983419407,0.08845583573446805,0.08737274399719502,194.0,CD56_dim CD16+ NK,1.0
6281,20250612_WGS_20250612_sc_PICA0119-PICA0146_Pool_6_CAGCAACTCGTAGCTA,3.399135112762451,2.6708859034084487,1.3296196805040144,0.0009871919018852894,0.00831181831236922,0.008103834999893015,406.0,CD56_dim CD16+ NK,0.9950739
6284,20250612_WGS_20250612_sc_PICA0119-PICA0146_Pool_6_CATACCCGTGTGGGCT,3.615701675415039,31.079475410588323,1.4741544576745,0.01735520718815608,0.06369826602478597,0.062822550808841,207.0,CD56_dim CD16+ NK,0.98550725
6287,20250612_WGS_20250612_sc_PICA0119-PICA0146_Pool_6_CATCGCTGTACTAATG,3.3936045169830322,2.5239665542907836,-1.352608419448256,0.014570421023603439,0.05587124075652685,0.055057253372511085,265.0,CD56_dim CD16+ NK,0.9283019
6291,20250612_WGS_20250612_sc_PICA0119-PICA0146_Pool_6_CCAACGCCAGTATCAC,3.7617671489715576,22.622002198089266,-1.0379546178709078,0.02105223988298222,0.07281782604847938,0.07185596937292589,415.0,CD56_dim CD16+ NK,0.93012047
6293,20250612_WGS_20250612_sc_PICA0119-PICA0146_Pool_6_CCATGCGAGATTCGAT,3.400507688522339,2.5055076006779107,-1.0216219605482981,0.017477472751749094,0.06395827160137293,0.06307920198471796,380.0,CD56_dim CD16+ NK,0.9657895
6307,20250612_WGS_20250612_sc_PICA0119-PICA0146_Pool_6_CGAGTCAGTCGCTTGT,3.689234495162964,2.0236041971797665,-2.4214141596218797,0.004717622924140133,0.025182215657840453,0.024713281345868737,185.0,CD56_dim CD16+ NK,0.8378378
6309,20250612_WGS_20250612_sc_PICA0119-PICA0146_Pool_6_CGCATCTGTAGTGTAC,3.676710605621338,0.9406505735833763,-2.1920106660279974,0.004287486413343751,0.02354293682154364,0.02308648443922046,157.0,CD56_dim CD16+ NK,0.9872612
6313,20250612_WGS_20250612_sc_PICA0119-PICA0146_Pool_6_CGGGGATAGATGTGTT,3.5847580432891846,1.397010439358569,-2.0109380105286716,0.005349677713543101,0.02771359626760409,0.027198732347540264,199.0,CD56_dim CD16+ NK,1.0
6322,20250612_WGS_20250612_sc_PICA0119-PICA0146_Pool_6_CTAATCACAACAGGAC,3.8835387229919434,11.44493560185612,-1.380636924678268,0.019996988035170565,0.0704291487788578,0.06947561138149025,259.0,CD56_dim CD16+ NK,0.7567568
6332,20250612_WGS_20250612_sc_PICA0119-PICA0146_Pool_6_CTGATATAGGGGGCAT,3.165513515472412,2.3754053121995726,2.502377257313382,2.769619070965583e-06,0.00015590581410332546,0.0001491184987876965,454.0,CD56_dim CD16+ NK,0.99559474
6339,20250612_WGS_20250612_sc_PICA0119-PICA0146_Pool_6_CTTAGCGCAATCGCAT,3.286182403564453,2.325277286595801,1.5638635127133682,0.014504601056579849,0.05572731084569739,0.054919514658840186,318.0,CD56_dim CD16+ NK,0.9968553
6342,20250612_WGS_20250612_sc_PICA0119-PICA0146_Pool_6_GCACTCCTCCAATGCA,3.4840281009674072,2.905440193339728,-1.3332256430985256,0.005913526920263826,0.029706350684099412,0.029160752149667905,348.0,CD56_dim CD16+ NK,0.99712646
6343,20250612_WGS_20250612_sc_PICA0119-PICA0146_Pool_6_GCAGCGACACCCTAGA,3.484891414642334,2.6745066032434393,-1.4565672321501355,0.0041608652884170955,0.02308075652410055,0.022633569242883463,389.0,CD56_dim CD16+ NK,0.9305913
6344,20250612_WGS_20250612_sc_PICA0119-PICA0146_Pool_6_GCAGGATCACTCCATC,3.5791642665863037,21.43850265859117,-2.3583787000529597,1.3161666014746784e-05,0.00043074940834309156,0.0004149889551595531,304.0,CD56_dim CD16+ NK,0.9934211
6350,20250612_WGS_20250612_sc_PICA0119-PICA0146_Pool_6_GCGGTTGTCCGAGTGT,3.437452793121338,11.102114457109446,-1.3845703925873578,0.023660733765694646,0.07855810189614357,0.07754964616458142,201.0,CD56_dim CD16+ NK,0.9900498
6351,20250612_WGS_20250612_sc_PICA0119-PICA0146_Pool_6_GCGTATTCAGTTGGTT,3.4388840198516846,1.3294308709413483,3.471817551434755,3.636069731410387e-07,3.9361453762773326e-05,3.74292701413071e-05,248.0,CD56_dim CD16+ NK,1.0
6352,20250612_WGS_20250612_sc_PICA0119-PICA0146_Pool_6_GCGTTAATCCGTTCTG,3.3605599403381348,2.386468174436295,-1.3479403331043704,0.008426441565112977,0.037978344715082844,0.037348460463526315,345.0,CD56_dim CD16+ NK,1.0
6354,20250612_WGS_20250612_sc_PICA0119-PICA0146_Pool_6_GCTACAGGTACAGTTA,3.7267167568206787,1.3328855819557388,-2.722272926479728,6.080123388117122e-05,0.0011979059099268355,0.001156909355028894,215.0,CD56_dim CD16+ NK,0.76744187
6359,20250612_WGS_20250612_sc_PICA0119-PICA0146_Pool_6_GCTGTCTGTCAATGCG,3.731431722640991,1.5198618956167613,-1.838880564379425,0.012342362751096545,0.049646637591282995,0.0488995044414986,241.0,Mixed,0.593361
6361,20250612_WGS_20250612_sc_PICA0119-PICA0146_Pool_6_GCTTCCGGTCGCAGTA,3.1668756008148193,12.51038704039486,1.3843938262552404,0.004253312602281387,0.02344756108506843,0.022992492913114667,472.0,CD56_dim CD16+ NK,0.99364406
6362,20250612_WGS_20250612_sc_PICA0119-PICA0146_Pool_6_GCTTTAGAGCAGCCAT,3.58320689201355,0.7133518889580858,-1.7216745280520573,0.022003836863978127,0.0747189923981553,0.07374444799227034,140.0,CD56_dim CD16+ NK,1.0
6364,20250612_WGS_20250612_sc_PICA0119-PICA0146_Pool_6_GGACGTAAGCATGTAT,3.794212818145752,1.9078026625017057,-1.6183497890690828,0.011480495486228572,0.04716195205789728,0.04643852804585074,185.0,CD56_dim CD16+ NK,1.0
6365,20250612_WGS_20250612_sc_PICA0119-PICA0146_Pool_6_GGACGTTTCGTATCAG,3.4320709705352783,1.6710327511825969,-1.6043272394138957,0.010001524818715088,0.04301720159515193,0.04231656526120592,280.0,CD56_dim CD16+ NK,0.99642855
6367,20250612_WGS_20250612_sc_PICA0119-PICA0146_Pool_6_GGATTAGCAGCACGGA,3.5758965015411377,1.400467632462985,2.8540734859609858,7.424957601642636e-05,0.0013722937586075348,0.0013258831762665878,171.0,CD56_dim CD16+ NK,1.0
6368,20250612_WGS_20250612_sc_PICA0119-PICA0146_Pool_6_GGCCCTTTCCCGGCTT,3.3087804317474365,21.97190786438964,1.2093640372940944,0.02431242515309655,0.08007412242833638,0.07905204430856701,349.0,CD56_dim CD16+ NK,0.982808
6370,20250612_WGS_20250612_sc_PICA0119-PICA0146_Pool_6_GGGCGATAGACTCAGC,3.836958885192871,3.2044753072891523,-1.3806306943576903,0.005997321325870713,0.02993343165590048,0.029386341535696532,284.0,CD56_dim CD16+ NK,0.9859155
6376,20250612_WGS_20250612_sc_PICA0119-PICA0146_Pool_6_GGTCAACTCCGAATCA,3.473825216293335,2.250022032925886,1.7149641080323748,0.002064107666224326,0.013965332843389997,0.013658042930469032,239.0,CD56_dim CD16+ NK,0.9916318
6378,20250612_WGS_20250612_sc_PICA0119-PICA0146_Pool_6_GGTCATATCACGACTA,3.7067267894744873,1.4496783006079794,-2.5813041324985204,0.0002687600738328942,0.0033943019068305652,0.0032938566971853545,166.0,CD56_dim CD16+ NK,0.90361446
6385,20250612_WGS_20250612_sc_PICA0119-PICA0146_Pool_6_GGTTTCGCAAAACCAG,3.3539159297943115,2.132430820942627,-2.3360626721682647,1.2428579971259305e-05,0.00041780418051010337,0.0004024097165711744,372.0,CD56_dim CD16+ NK,1.0
6390,20250612_WGS_20250612_sc_PICA0119-PICA0146_Pool_6_GTACGGTTCAGTCAGC,3.5473384857177734,10.948168076248454,-1.2942667071749754,0.02686298164128,0.08591793251566535,0.08483746503940699,192.0,CD56_dim CD16+ NK,1.0
6392,20250612_WGS_20250612_sc_PICA0119-PICA0146_Pool_6_GTAGGGTCACCAGGCT,3.3459725379943848,1.6328673686703048,-3.380178277053908,7.400799138387126e-07,6.570236352011194e-05,6.253903057162897e-05,284.0,CD56_dim CD16+ NK,1.0
6394,20250612_WGS_20250612_sc_PICA0119-PICA0146_Pool_6_GTATGGACACACTCAG,3.6828677654266357,1.8418885379627585,1.5750161238431586,0.008611363308446024,0.038576871283084034,0.037934270821339405,205.0,CD56_dim CD16+ NK,1.0
6395,20250612_WGS_20250612_sc_PICA0119-PICA0146_Pool_6_GTATTCACACCGACAC,3.566420078277588,1.4903640652449244,-1.9435172803004586,0.004982863010340613,0.026235266443006618,0.02574808564066373,239.0,CD56_dim CD16+ NK,0.8117155
6401,20250612_WGS_20250612_sc_PICA0119-PICA0146_Pool_6_GTCGTAATCGCTTAAG,3.364427089691162,1.4607211351845315,-1.6786059818972718,0.008158481393586046,0.037122032428737246,0.036496149816191446,278.0,CD56_dim CD16+ NK,0.98920864
6403,20250612_WGS_20250612_sc_PICA0119-PICA0146_Pool_6_GTCTTAACACAGCGAG,3.519510269165039,1.2916364823271245,-2.3940353969341674,0.000778159269296817,0.007110989760522211,0.006927906567939275,207.0,CD56_dim CD16+ NK,0.73913044
6413,20250612_WGS_20250612_sc_PICA0119-PICA0146_Pool_3_AAAGCGCCAAACCGAA,3.422778844833374,1.7295552237305831,1.653435841736862,0.0036194940153958795,0.020864981028871396,0.020445157064532607,320.0,CD56_dim CD16+ NK,0.978125
6415,20250612_WGS_20250612_sc_PICA0119-PICA0146_Pool_3_AAATGGCAGCCATGGT,3.3307900428771973,2.105363414936297,4.267489203954308,4.9495317089708867e-05,0.001034056808569433,0.0009979237459964948,349.0,CD56_dim CD16+ NK,0.6704871
6420,20250612_WGS_20250612_sc_PICA0119-PICA0146_Pool_3_AACGAGCCAACACCCA,3.394381046295166,1.6481844694021315,3.8389570225031893,7.424890971375063e-05,0.0013722937586075348,0.0013258831762665878,251.0,CD56_dim CD16+ NK,0.685259
6421,20250612_WGS_20250612_sc_PICA0119-PICA0146_Pool_3_AACGTATTCAATCGCA,3.468158483505249,1.738887318907686,1.6058150798846946,0.019522486672016972,0.06917842309569755,0.06824252016303628,196.0,CD56_dim CD16+ NK,1.0
6424,20250612_WGS_20250612_sc_PICA0119-PICA0146_Pool_3_AAGCTCTCACGATGGG,3.564678907394409,1.6198297229345175,-1.8205152155167326,0.0025372705233178278,0.016304404386956243,0.015947195597743456,266.0,CD56_dim CD16+ NK,0.84210527
6427,20250612_WGS_20250612_sc_PICA0119-PICA0146_Pool_3_AATCAAGAGAGGCAGC,3.5338149070739746,2.0067322061495965,2.2041990393688122,0.0022187181915877107,0.014738093665091394,0.014414358422973539,231.0,CD56_dim CD16+ NK,0.8181818
6429,20250612_WGS_20250612_sc_PICA0119-PICA0146_Pool_3_AATGGGTAGAAAGTGC,3.181180000305176,3.435067482592257,1.5842294661171776,0.00041085561522282186,0.0045373751856054014,0.004409879995099906,613.0,CD56_dim CD16+ NK,0.98694944
6430,20250612_WGS_20250612_sc_PICA0119-PICA0146_Pool_3_AATTATGTCCGTATTC,3.6894848346710205,1.9926550236352658,4.135960524139601,3.990427344849868e-05,0.0009227629054956821,0.0008900465615491328,203.0,CD56_dim CD16+ NK,0.8374384
6432,20250612_WGS_20250612_sc_PICA0119-PICA0146_Pool_3_ACAACGCTCAGTTGCA,3.460005521774292,11.260547352930542,1.585361813117584,0.004672463191949807,0.02498829256454807,0.02452162184654634,247.0,CD56_dim CD16+ NK,0.98785424
6434,20250612_WGS_20250612_sc_PICA0119-PICA0146_Pool_3_ACACCTTTCAACCAAT,3.483860731124878,0.7017152492051687,2.5261014543298357,0.0026136510757347377,0.016632478518774484,0.01627236692293285,116.0,CD56_dim CD16+ NK,1.0
6438,20250612_WGS_20250612_sc_PICA0119-PICA0146_Pool_3_ACATCCGCAAGTCATC,3.1868433952331543,3.5398553239758357,2.0530008991855078,1.6912155502798423e-05,0.0005079318410306929,0.000489012891577119,534.0,CD56_dim CD16+ NK,0.9812734
6440,20250612_WGS_20250612_sc_PICA0119-PICA0146_Pool_3_ACATTCGAGAGGTACG,3.7128686904907227,0.8730968591295918,-1.4767568472478472,0.03288050620650086,0.09926627846774133,0.0981064333226555,154.0,CD56_dim CD16+ NK,0.96103895
6441,20250612_WGS_20250612_sc_PICA0119-PICA0146_Pool_3_ACCAACTCAGTGCACC,3.4310061931610107,4.276444126167183,1.9066625929754948,0.0008584577552917741,0.007598083870062234,0.007402450877170884,311.0,CD56_dim CD16+ NK,0.9678457
6445,20250612_WGS_20250612_sc_PICA0119-PICA0146_Pool_3_ACCATGCAGCCGTTAA,3.5868887901306152,1.9925842714442377,4.328009210974691,2.0390549690657568e-05,0.0005739065857219077,0.0005524300785064885,265.0,CD56_dim CD16+ NK,0.8264151
6446,20250612_WGS_20250612_sc_PICA0119-PICA0146_Pool_3_ACCCAACAGAGGCACA,3.5721988677978516,1.6886705107198514,2.045211420868972,0.00035597515226777697,0.004111548792141665,0.003994356085574146,237.0,CD56_dim CD16+ NK,1.0
6450,20250612_WGS_20250612_sc_PICA0119-PICA0146_Pool_3_ACCTACGCAACATACC,3.547480583190918,2.57222713787406,1.7224993868570644,0.0032281443606533,0.019331580605954805,0.0189301959320226,222.0,CD56_dim CD16+ NK,0.9369369
6453,20250612_WGS_20250612_sc_PICA0119-PICA0146_Pool_3_ACGGCAGCAAGGAATT,3.4235999584198,1.5480733285250117,2.233869629760284,1.1511171113152033e-05,0.0003951099185911522,0.0003805214732416951,278.0,CD56_dim CD16+ NK,0.9676259
6454,20250612_WGS_20250612_sc_PICA0119-PICA0146_Pool_3_ACGGGTCGTGGCGAAG,3.5327889919281006,0.6869317323634934,1.90246149541024,0.009453984274093045,0.041255815652323995,0.04057850288969157,126.0,CD56_dim CD16+ NK,0.9444444
6459,20250612_WGS_20250612_sc_PICA0119-PICA0146_Pool_3_ACTAATATCAATTATG,3.7262790203094482,1.8244557717479828,3.289187012815581,0.0006295028127375703,0.006121650748546697,0.005957669090453073,177.0,CD56_dim CD16+ NK,0.89830506
6461,20250612_WGS_20250612_sc_PICA0119-PICA0146_Pool_3_ACTACTCTCCCTACCA,3.498183012008667,1.4626911864200391,2.476116163366337,4.2575118502078957e-05,0.0009576466285518312,0.0009238674506346446,263.0,CD56_dim CD16+ NK,0.9771863
6462,20250612_WGS_20250612_sc_PICA0119-PICA0146_Pool_3_ACTCCAAAGAGTTAAG,3.389803171157837,12.035610134954899,1.6430790610440504,0.0003480130924969022,0.004061939542875573,0.003945132678781482,373.0,CD56_dim CD16+ NK,0.9946381
6463,20250612_WGS_20250612_sc_PICA0119-PICA0146_Pool_3_ACTGAGACAGCATGCC,3.2824904918670654,3.29820552925178,2.841907197304798,2.0728132510671353e-05,0.0005800932765983622,0.0005583714118519649,365.0,CD56_dim CD16+ NK,0.95342463
6465,20250612_WGS_20250612_sc_PICA0119-PICA0146_Pool_3_ACTGGGGCACATTAGC,3.4255261421203613,2.4663174514274657,4.3570401710545505,1.999603142170081e-06,0.00012626981124049658,0.00012070637954927752,320.0,CD56_dim CD16+ NK,0.64375
6466,20250612_WGS_20250612_sc_PICA0119-PICA0146_Pool_3_ACTTATCGTCATATTC,3.5451009273529053,1.59540531623213,1.4775755982251824,0.004395774233190404,0.023937408497047362,0.023480097029307735,268.0,CD56_dim CD16+ NK,0.99626863
6469,20250612_WGS_20250612_sc_PICA0119-PICA0146_Pool_3_AGACTTTAGGGAATTA,3.382375478744507,2.39593137433144,2.0461747980565335,0.0009449154790866489,0.008087195816231607,0.007884004821420343,291.0,CD56_dim CD16+ NK,0.99656355
6470,20250612_WGS_20250612_sc_PICA0119-PICA0146_Pool_3_AGCATATTCGCATAAT,3.5598347187042236,1.3850957266115673,1.5856280274347052,0.006560291074701879,0.032040370538863765,0.03145808123442717,246.0,CD56_dim CD16+ NK,0.95528454
6479,20250612_WGS_20250612_sc_PICA0119-PICA0146_Pool_3_AGGTGATAGCCAGCAT,3.7087597846984863,1.5554943708093272,1.4501338542881772,0.01882233746093144,0.0674741071061265,0.06654978553967196,168.0,CD56_dim CD16+ NK,0.99404764
6480,20250612_WGS_20250612_sc_PICA0119-PICA0146_Pool_3_AGTACGACAAATTGGG,3.4628279209136963,2.177930927706438,3.6231710148422573,2.0857972571304217e-05,0.0005820733365436765,0.0005603036090127599,309.0,CD56_dim CD16+ NK,0.6893204
6482,20250612_WGS_20250612_sc_PICA0119-PICA0146_Pool_3_AGTCCACAGAACGCGA,3.581749200820923,1.2467571920293055,1.599538341536967,0.007336191121239851,0.03476858881920321,0.03415017924294146,216.0,CD56_dim CD16+ NK,0.9907407
6483,20250612_WGS_20250612_sc_PICA0119-PICA0146_Pool_3_AGTCCGCCACCAGGCT,3.5620524883270264,1.2249171123847382,2.455399693566082,0.0009445619974659406,0.008087195816231607,0.007884004821420343,160.0,CD56_dim CD16+ NK,0.975
6484,20250612_WGS_20250612_sc_PICA0119-PICA0146_Pool_3_AGTCGAACACGTCGTA,3.500094175338745,1.2520414122735515,2.401408536202224,0.0011760455185536756,0.009342922905864725,0.009117227561997666,205.0,CD56_dim CD16+ NK,0.60487807
6489,20250612_WGS_20250612_sc_PICA0119-PICA0146_Pool_3_ATAAGTCTCATGAGTT,3.5328822135925293,1.4712330102682882,-1.8747260886126973,0.000915565316186126,0.007940888875166757,0.007739707490775515,221.0,CD56_dim CD16+ NK,0.9909502
6491,20250612_WGS_20250612_sc_PICA0119-PICA0146_Pool_3_ATAGGCACAGCTGTAT,3.332350730895996,2.077592576623842,1.9875638892164282,0.00015666610022862674,0.002317293923952255,0.0022453154209049033,347.0,CD56_dim CD16+ NK,0.89048994
6492,20250612_WGS_20250612_sc_PICA0119-PICA0146_Pool_3_ATAGTGCGTCAACTCC,4.2507853507995605,0.7545039035078756,2.3946119194529363,0.008268696299338907,0.03746776782188941,0.03684131992778414,119.0,Mixed,0.57983196
6495,20250612_WGS_20250612_sc_PICA0119-PICA0146_Pool_3_ATGCAATTCGTGCTAA,3.560149669647217,1.043551374195883,1.6131002523143352,0.01028311288278557,0.04383338165656454,0.04313636613111021,176.0,CD56_dim CD16+ NK,0.9943182
6496,20250612_WGS_20250612_sc_PICA0119-PICA0146_Pool_3_ATGCCCGAGCCTTTAC,3.733569622039795,0.8188387793636465,1.4781047490605526,0.03134598736125511,0.09565964110772121,0.09453172435282647,151.0,CD56_dim CD16+ NK,0.98675495
6497,20250612_WGS_20250612_sc_PICA0119-PICA0146_Pool_3_ATGGACCTCAATTCGG,3.3974204063415527,1.8043885566793971,3.367372135453751,1.3190452552626553e-07,1.9393902700884205e-05,1.846175316591057e-05,302.0,CD56_dim CD16+ NK,0.9966887
6507,20250612_WGS_20250612_sc_PICA0119-PICA0146_Pool_3_CAATACTAGCAATGGG,3.5714476108551025,2.6312994951480073,2.60004118470079,7.044325733171336e-07,6.425338221988039e-05,6.116202973630102e-05,270.0,CD56_dim CD16+ NK,0.96666664
6510,20250612_WGS_20250612_sc_PICA0119-PICA0146_Pool_3_CAATTGTAGAGTGCAG,3.47062611579895,10.910318452253401,-2.199815268860628,0.00035307953135059553,0.00409680384373936,0.003979748090033056,187.0,CD56_dim CD16+ NK,0.98395723
6511,20250612_WGS_20250612_sc_PICA0119-PICA0146_Pool_3_CACCCAGAGCCATATG,3.4747185707092285,2.813427986286723,1.8619825788123556,0.027671834240673175,0.08791497349825482,0.08681439511674678,267.0,CD56_dim CD16+ NK,0.85393256
6512,20250612_WGS_20250612_sc_PICA0119-PICA0146_Pool_3_CACGCGGGTGTTAGGT,3.487993001937866,1.7579521192652392,3.8870065595331766,0.00021743405019033414,0.0028945173357094343,0.0028075346211087855,222.0,CD56_dim CD16+ NK,0.7522523
6513,20250612_WGS_20250612_sc_PICA0119-PICA0146_Pool_3_CACGTAGGTGGGATAA,3.5080151557922363,1.4023631240714174,2.8106655122003428,0.013303694923323362,0.05240091910822008,0.05162494010902113,201.0,CD56_dim CD16+ NK,0.66169155
6516,20250612_WGS_20250612_sc_PICA0119-PICA0146_Pool_3_CAGGGTCGTCACTCCG,3.71352219581604,1.0885747422342906,2.3174578549891223,0.0006997240909695022,0.00660112306551243,0.006428123631569854,182.0,CD56_dim CD16+ NK,0.99450547
6518,20250612_WGS_20250612_sc_PICA0119-PICA0146_Pool_3_CATACCGCAACTCGCA,3.317251443862915,1.6433756790343448,2.4330810075871443,0.00016455715331215295,0.002398006682363933,0.002323834221541875,305.0,CD56_dim CD16+ NK,0.9901639
6526,20250612_WGS_20250612_sc_PICA0119-PICA0146_Pool_3_CATTCGGCACTGCGTA,3.302666187286377,1.8067972357634465,1.9373121062704324,0.0076309628973933235,0.03567828104898259,0.035052776898940055,242.0,CD56_dim CD16+ NK,0.9958678
6527,20250612_WGS_20250612_sc_PICA0119-PICA0146_Pool_3_CCAACGAGTGGTGTCA,3.5304691791534424,31.705914444200737,3.5664353342750528,0.00018411377930393138,0.002572756542015998,0.0024947472908103743,298.0,CD56_dim CD16+ NK,0.88590604
6534,20250612_WGS_20250612_sc_PICA0119-PICA0146_Pool_3_CCGCTAACACCCAAGC,3.9140429496765137,1.4816251999486532,2.9672141819690285,0.0047182514505324045,0.025182215657840453,0.024713281345868737,117.0,CD56_dim CD16+ NK,0.82905984
6535,20250612_WGS_20250612_sc_PICA0119-PICA0146_Pool_3_CCGGCTTTCGTTGACA,3.5906944274902344,1.2768880475237379,3.5094627147292488,0.0066249534335062225,0.03224427681495543,0.031656468855085884,214.0,CD56_dim CD16+ NK,0.8130841
6537,20250612_WGS_20250612_sc_PICA0119-PICA0146_Pool_3_CCGTCGAAGAAAGCCG,3.6840322017669678,0.7857324187224504,1.452549951551215,0.030261165901561724,0.09339058436600393,0.09228382308914855,131.0,CD56_dim CD16+ NK,0.99236643
6538,20250612_WGS_20250612_sc_PICA0119-PICA0146_Pool_3_CCTAACGCAGGGTTAA,3.208639621734619,2.0022464582333384,1.9278984947650701,0.001186142525384115,0.009398659483823998,0.009170555725041362,377.0,CD56_dim CD16+ NK,0.98673743
6539,20250612_WGS_20250612_sc_PICA0119-PICA0146_Pool_3_CCTAGTAAGGTAGCTC,3.47464919090271,1.862257794504794,4.31047502102591,0.00189290783492743,0.013085638653943939,0.012795297348101944,225.0,CD56_dim CD16+ NK,0.63555557
6540,20250612_WGS_20250612_sc_PICA0119-PICA0146_Pool_3_CCTCATAGTATTGAGC,3.790472984313965,0.8664910339311039,3.193019678965769,0.025343323215902974,0.08242227698905916,0.08139548745803017,154.0,CD56_dim CD16+ NK,0.7077922
6542,20250612_WGS_20250612_sc_PICA0119-PICA0146_Pool_3_CCTGACACAACAACCT,3.2392427921295166,3.160610338822196,1.918207716468526,0.00039939463030386245,0.004465875712966344,0.004340055425985676,445.0,CD56_dim CD16+ NK,0.9932584
6545,20250612_WGS_20250612_sc_PICA0119-PICA0146_Pool_3_CCTTTAATCGCCCTTA,3.340393304824829,3.3597294428238116,1.5925914211519285,0.0002588472146178434,0.0032944494976749035,0.0031965470451882495,549.0,CD56_dim CD16+ NK,0.9672131
6546,20250612_WGS_20250612_sc_PICA0119-PICA0146_Pool_3_CGAATGGAGCCCACAG,3.5752716064453125,1.8805598965648296,-1.5708757519744665,0.004091352631543111,0.022848024247920172,0.02240228518006722,277.0,CD56_dim CD16+ NK,0.84476537
6548,20250612_WGS_20250612_sc_PICA0119-PICA0146_Pool_3_CGACCATAGGTCAATT,3.41432523727417,1.0966450238479208,2.579564137134429,0.00044699216802258825,0.0047914252961811935,0.004658419319728381,209.0,CD56_dim CD16+ NK,0.9952153
6550,20250612_WGS_20250612_sc_PICA0119-PICA0146_Pool_3_CGATAAGCACAGTTCG,3.4680519104003906,1.6260210980299659,4.326487018585562,8.132855010488355e-05,0.0014491181819393589,0.001400152925257263,258.0,Mixed,0.57751936
6552,20250612_WGS_20250612_sc_PICA0119-PICA0146_Pool_3_CGCATCACACCACTAG,3.285479784011841,2.222186752485428,2.3506140418984067,8.542740580586776e-05,0.0015000808816285262,0.0014496050930282302,288.0,CD56_dim CD16+ NK,0.9791667
6555,20250612_WGS_20250612_sc_PICA0119-PICA0146_Pool_3_CGCTAAATCATCATCC,3.3651010990142822,2.974785788684051,3.906727965985582,0.00014703831177868877,0.002221586517380158,0.0021514237124955968,388.0,CD56_dim CD16+ NK,0.8556701
6556,20250612_WGS_20250612_sc_PICA0119-PICA0146_Pool_3_CGCTGCAAGGCCATAC,3.4679698944091797,1.3733217147360293,2.8465412060066297,6.410912865023396e-06,0.00025882746980879294,0.0002490002343678133,217.0,CD56_dim CD16+ NK,0.97235024
6557,20250612_WGS_20250612_sc_PICA0119-PICA0146_Pool_3_CGCTGGGGTCGAGGGA,3.5096819400787354,1.120025866424355,2.0986753909647597,0.00046946131467257485,0.004972756355741435,0.004835804948286038,188.0,CD56_dim CD16+ NK,0.9840425
6558,20250612_WGS_20250612_sc_PICA0119-PICA0146_Pool_3_CGGCATGTCAGTCCTT,3.621750593185425,20.92822330003694,1.4024231578034072,0.025027934042135574,0.08166617364990976,0.08064539767064238,189.0,CD56_dim CD16+ NK,0.984127
6559,20250612_WGS_20250612_sc_PICA0119-PICA0146_Pool_3_CGGCATGTCGGCAACT,3.802638292312622,1.162065763928929,3.008962732440678,0.0013535046396072714,0.010303252860514303,0.010059594959725944,157.0,CD56_dim CD16+ NK,0.86624205
6561,20250612_WGS_20250612_sc_PICA0119-PICA0146_Pool_3_CGGTTCTGTCCACGTT,4.017658233642578,2.2676267676519015,2.5881296869616457,0.003548482535229254,0.020629240253344658,0.0202115212252531,156.0,CD56_dim CD16+ NK,0.8397436
6563,20250612_WGS_20250612_sc_PICA0119-PICA0146_Pool_3_CGTATAGTCAGACGCT,3.597102642059326,1.240716023045474,2.7408602180970645,4.799799926340445e-05,0.0010168350338576285,0.0009809909657016468,213.0,CD56_dim CD16+ NK,0.9624413
6565,20250612_WGS_20250612_sc_PICA0119-PICA0146_Pool_3_CGTCGTACAGTCGGAG,3.4938132762908936,0.711971165670451,2.338473205386279,0.005186975321022481,0.02706403277933923,0.02656086967779456,143.0,CD56_dim CD16+ NK,0.993007
6566,20250612_WGS_20250612_sc_PICA0119-PICA0146_Pool_3_CGTTCGCTCCCAACCC,3.7951033115386963,10.728085954568545,1.9418789032357044,0.0016953890623864695,0.012089520566098532,0.011818407464422984,144.0,CD56_dim CD16+ NK,0.9930556
6570,20250612_WGS_20250612_sc_PICA0119-PICA0146_Pool_3_CTAACCGCAACCTAGT,3.4556241035461426,30.63049837334257,-1.7649473948519125,0.0065240062402816285,0.0319293944795335,0.03134914536057767,196.0,CD56_dim CD16+ NK,0.9591837
6573,20250612_WGS_20250612_sc_PICA0119-PICA0146_Pool_3_CTACTGAAGGCCTGAT,3.5017361640930176,2.8581498756125265,4.214629466961075,2.1814355255188173e-05,0.0005985510799683893,0.0005762164861376515,278.0,CD56_dim CD16+ NK,0.73021585
6577,20250612_WGS_20250612_sc_PICA0119-PICA0146_Pool_3_CTCCTACCAATAGTAA,3.881756544113159,0.7196785984375705,1.7564838523094486,0.010940812861916577,0.04562995237203226,0.044913415639727304,121.0,CD56_dim CD16+ NK,1.0
6579,20250612_WGS_20250612_sc_PICA0119-PICA0146_Pool_3_CTCTGAAAGGTCCGAT,4.124310493469238,0.9707172610169639,-1.9604952715501645,0.02083089882418143,0.07234067910087714,0.0713806469992481,151.0,CD56_dim CD16+ KLRC2+ NK,0.7086093
6583,20250612_WGS_20250612_sc_PICA0119-PICA0146_Pool_3_CTGTAACCACCTAGGC,3.587693452835083,1.0241156963698295,3.2804517826710695,6.059767288109047e-07,5.745971219735976e-05,5.464620598521067e-05,157.0,CD56_dim CD16+ NK,0.9936306
6584,20250612_WGS_20250612_sc_PICA0119-PICA0146_Pool_3_CTGTCGGAGAACTAGA,3.3404533863067627,15.642544459620895,2.310485001521404,1.3991093168751904e-07,2.02156606913823e-05,1.9238941756270143e-05,468.0,CD56_dim CD16+ NK,0.9722222
6585,20250612_WGS_20250612_sc_PICA0119-PICA0146_Pool_3_CTGTCTAGTAGGCATT,3.941279411315918,0.7329354344844099,2.595448463271599,0.0015469818882190554,0.011347221579185343,0.011086095043103247,116.0,CD56_dim CD16+ NK,0.9913793
6586,20250612_WGS_20250612_sc_PICA0119-PICA0146_Pool_3_CTGTTCGTCCAGTATG,3.3015520572662354,1.4001323428154828,2.068037111547285,0.004987455792226392,0.026245420410909288,0.025757339569565413,243.0,CD56_dim CD16+ NK,0.9958848
6587,20250612_WGS_20250612_sc_PICA0119-PICA0146_Pool_3_CTTAAGTAGAGTCAGG,3.6089839935302734,1.1499795164316717,3.0056385811182094,2.1714173333014346e-05,0.0005985510799683893,0.0005762164861376515,195.0,CD56_dim CD16+ NK,0.9897436
6592,20250612_WGS_20250612_sc_PICA0119-PICA0146_Pool_3_CTTGTGCGTCAATTTC,4.048954010009766,12.448481314384972,2.033644688723701,0.0009222026521643924,0.007961979251946914,0.007761062935352722,222.0,CD56_dim CD16+ NK,0.8513514
6594,20250612_WGS_20250612_sc_PICA0119-PICA0146_Pool_3_GCCCGTTTCGCAATAT,3.6130454540252686,0.7482669002220819,2.02957828291241,0.0027469461822706783,0.0171919738510473,0.016828226724755473,142.0,CD56_dim CD16+ NK,0.97887325
6597,20250612_WGS_20250612_sc_PICA0119-PICA0146_Pool_3_GCGCTTACAAGGCGCA,3.428913116455078,1.8320725451093374,3.218068055097231,0.007902852419955073,0.036413002427024055,0.03577749494559684,232.0,CD56_dim CD16+ NK,0.8534483
6600,20250612_WGS_20250612_sc_PICA0119-PICA0146_Pool_3_GCGTGAAAGCATGTAT,4.103701114654541,11.833528934242286,-1.760877614328377,0.007347340725953938,0.03476858881920321,0.03415017924294146,265.0,CD56_dim CD16+ KLRC2+ NK,0.7509434
6601,20250612_WGS_20250612_sc_PICA0119-PICA0146_Pool_3_GCGTGCATCGGTTGTA,3.17730450630188,4.502395026615694,1.33316653045924,0.008485738932983346,0.03813549919197945,0.03750135454235922,731.0,CD56_dim CD16+ NK,0.9876881
6603,20250612_WGS_20250612_sc_PICA0119-PICA0146_Pool_3_GCTAAGTGTAGACGGG,3.4227664470672607,1.5945957434773248,-1.9019909003469406,0.0006424989881524183,0.006199076917031805,0.006034143862129431,297.0,CD56_dim CD16+ NK,1.0
6606,20250612_WGS_20250612_sc_PICA0119-PICA0146_Pool_3_GCTATCGCACCACAAT,3.6125879287719727,1.2339670503452758,1.78291040004409,0.00041410326269054534,0.004547749432290482,0.004420422159637137,221.0,CD56_dim CD16+ NK,0.95475113
6607,20250612_WGS_20250612_sc_PICA0119-PICA0146_Pool_3_GCTCCACTCGGCGTAT,3.20219087600708,3.7063244082853712,-1.085730603504641,0.01865501521259735,0.06705501193379865,0.06613770096576607,569.0,CD56_dim CD16+ NK,0.8101933
6608,20250612_WGS_20250612_sc_PICA0119-PICA0146_Pool_3_GCTGAGTTCCCGAATA,3.3588385581970215,1.738329720855289,-1.7332681186415695,0.00551595295279047,0.028282862767379607,0.027761633169488622,243.0,CD56_dim CD16+ NK,0.8683128
6609,20250612_WGS_20250612_sc_PICA0119-PICA0146_Pool_3_GCTTGCTGTGCAATCG,3.3276920318603516,11.352121438163168,1.9373387628396295,0.0005652146235557576,0.005710696673484891,0.005554136641220162,242.0,CD56_dim CD16+ NK,0.9876033
6610,20250612_WGS_20250612_sc_PICA0119-PICA0146_Pool_3_GCTTGCTGTGGCTATG,3.708134889602661,1.9090110211882965,0.9986238221182201,0.029465787468679287,0.0918295314470495,0.09071675881894292,314.0,CD56_dim CD16+ NK,0.98407644
6615,20250612_WGS_20250612_sc_PICA0119-PICA0146_Pool_3_GGATCCGTCGCAAGCT,3.7247889041900635,1.1264981884342913,2.5068733725770715,0.001203337133975205,0.009483259285431795,0.009253505500102724,185.0,CD56_dim CD16+ NK,0.96216214
6618,20250612_WGS_20250612_sc_PICA0119-PICA0146_Pool_3_GGCATATGTCTCGCTG,3.5653679370880127,1.8073090606825428,3.4107895756377804,0.0001508619460092937,0.002255145720997803,0.002184082508682091,258.0,CD56_dim CD16+ NK,0.7403101
6619,20250612_WGS_20250612_sc_PICA0119-PICA0146_Pool_3_GGCTAAGAGGTAGCAG,3.2413809299468994,2.7875091404762666,3.2923604587430346,0.00041999953553499916,0.004586935060482569,0.004457911077852352,427.0,CD56_dim CD16+ NK,0.73067915
6621,20250612_WGS_20250612_sc_PICA0119-PICA0146_Pool_3_GGGATTGAGCGTTGAC,3.404448986053467,2.2458920811980634,1.8046230158285355,0.0035617216858981043,0.02066343953344065,0.02024803895787792,274.0,CD56_dim CD16+ NK,0.89416057
6624,20250612_WGS_20250612_sc_PICA0119-PICA0146_Pool_3_GGGTATTGTGGGTATT,3.6543657779693604,1.817849881409087,-1.4056090205071912,0.015204659478766674,0.05780822096693574,0.05696992613003036,290.0,CD56_dim CD16+ NK,0.8896552
6632,20250612_WGS_20250612_sc_PICA0119-PICA0146_Pool_3_GTATGTGTCGGAATGG,3.316823720932007,1.6088525307004051,1.98700467822612,0.0006025428828133826,0.005938258145441827,0.005777102980162769,301.0,CD56_dim CD16+ NK,0.9302326
6634,20250612_WGS_20250612_sc_PICA0119-PICA0146_Pool_3_GTCACGTAGAGGACAT,3.6342785358428955,1.5416095474190104,2.2750034112534565,0.00021377657093855378,0.0028612948373854525,0.002775596307259356,241.0,CD56_dim CD16+ NK,0.90041494
6642,20250612_WGS_20250612_sc_PICA0119-PICA0146_Pool_3_GTGCGGTGTAATGTTG,3.2870471477508545,3.106563895003122,2.9543709405419265,1.217496931147011e-07,1.871718008292266e-05,1.7815212991932357e-05,396.0,CD56_dim CD16+ NK,0.99242425
6646,20250612_WGS_20250612_sc_PICA0119-PICA0146_Pool_3_GTTCAGTCAACCACAT,3.2266104221343994,3.800893009898366,4.257880392875171,4.052127992101658e-06,0.00019008339452473064,0.00018226092843145152,537.0,CD56_dim CD16+ NK,0.7821229
6648,20250612_WGS_20250612_sc_PICA0119-PICA0146_Pool_3_GTTCTCCCAGTTCACG,3.59029483795166,4.028112997031395,-2.483529818343683,0.0004879251624045367,0.005107917932887451,0.004968237127898799,271.0,CD56_dim CD16+ NK,0.99261993
6650,20250612_WGS_20250612_sc_PICA0119-PICA0146_Pool_2_AAACCTGTCCAAGCGT,4.558850288391113,3.3946338409109456,-1.5888296992331512,0.018902642965558727,0.06771270394680692,0.06678827049700295,179.0,CD56_dim CD16+ NK,0.89944136
6652,20250612_WGS_20250612_sc_PICA0119-PICA0146_Pool_2_AAATCTGGTAGTGATC,3.6159417629241943,3.115411616186842,-2.3996833196064795,4.545724814141787e-05,0.0009929032182729655,0.0009577599839849461,336.0,CD56_dim CD16+ NK,0.8779762
6654,20250612_WGS_20250612_sc_PICA0119-PICA0146_Pool_2_AACCGCAGTAACTCCC,3.4984192848205566,11.828980340031539,1.6634235633201575,0.00870658796802267,0.03887969087624267,0.03823429767507296,220.0,CD56_dim CD16+ NK,1.0
6657,20250612_WGS_20250612_sc_PICA0119-PICA0146_Pool_2_AACGCACTCAAGCCAC,3.333641767501831,1.8229928884963322,-1.2167019934159171,0.022553749765071844,0.07588011917203645,0.07489915676943282,307.0,CD56_dim CD16+ NK,0.8957655
6660,20250612_WGS_20250612_sc_PICA0119-PICA0146_Pool_2_AACGCTGGTCAAGGTT,3.25221586227417,13.3765812023067,-1.105304765001047,0.014461529726763471,0.05570165545575721,0.05489642210497728,576.0,CD56_dim CD16+ NK,0.8784722
6662,20250612_WGS_20250612_sc_PICA0119-PICA0146_Pool_2_AACTAAGAGCACCTTT,3.4124398231506348,2.899380219695913,2.436712689401219,0.006060701964588978,0.03017357761443009,0.029625402495086665,309.0,CD56_dim CD16+ NK,0.789644
6663,20250612_WGS_20250612_sc_PICA0119-PICA0146_Pool_2_AACTGCGGTGGCTTGA,4.456666469573975,0.6883095806814444,-1.9300109984031677,0.02193094309802017,0.07462923775065015,0.0736521986837526,94.0,CD56_dim CD16+ NK,1.0
6664,20250612_WGS_20250612_sc_PICA0119-PICA0146_Pool_2_AAGCCGCGTCCATCCG,3.5609145164489746,12.343845390270719,-1.3957069088845129,0.015433049957564438,0.05840606036571928,0.05756159781777959,298.0,CD56_dim CD16+ NK,0.9966443
6667,20250612_WGS_20250612_sc_PICA0119-PICA0146_Pool_2_AAGGAATGTAGTGTAC,3.3859663009643555,11.746013666145181,-2.448018878830674,2.544729830160192e-05,0.0006631781364261389,0.0006393849283006028,315.0,CD56_dim CD16+ NK,0.84444445
6668,20250612_WGS_20250612_sc_PICA0119-PICA0146_Pool_2_AAGTCTAGTCAGGTAT,3.7600982189178467,1.547005172237225,-3.465393028274804,8.043748331063158e-06,0.00030952720628634053,0.00029799874925874755,154.0,CD56_dim CD16+ NK,0.9935065
6672,20250612_WGS_20250612_sc_PICA0119-PICA0146_Pool_2_AATGGTAAGCCGGATT,3.7421281337738037,1.9496102189477484,-2.489983350740933,0.0013589645071497881,0.010321634047750626,0.010077967460427075,167.0,CD56_dim CD16+ NK,0.98802394
6676,20250612_WGS_20250612_sc_PICA0119-PICA0146_Pool_2_ACAAGTAAGCACGTCG,3.343682289123535,11.797377528424793,-1.8347605626834975,0.0027436358685641107,0.017188826312071685,0.016824701935533475,283.0,CD56_dim CD16+ NK,0.83038867
6677,20250612_WGS_20250612_sc_PICA0119-PICA0146_Pool_2_ACAGAACAGACTATCG,3.7543818950653076,1.3254316305091867,-2.306007359549452,0.0007144282766517911,0.006645734611233989,0.006473084527588919,180.0,CD56_dim CD16+ NK,0.9722222
6685,20250612_WGS_20250612_sc_PICA0119-PICA0146_Pool_2_ACGAACGAGGGTTCCG,4.133962154388428,11.158845415012411,-1.7196636167014827,0.011992059983646497,0.04859472764249348,0.04786427568581011,153.0,CD56_dim CD16+ NK,0.6797386
6686,20250612_WGS_20250612_sc_PICA0119-PICA0146_Pool_2_ACGCAATGTGCGAAGG,3.595663547515869,11.216227330178379,-3.0090925377513993,0.0007078977703075753,0.0066293261929483505,0.006455558571758559,209.0,CD56_dim CD16+ NK,0.9952153
6687,20250612_WGS_20250612_sc_PICA0119-PICA0146_Pool_2_ACGCATATCCCGGCAA,3.468947172164917,21.707376878794193,-2.4472485656654053,0.0009683576732387467,0.00820231422104462,0.007995550650320997,272.0,CD56_dim CD16+ NK,0.89705884
6689,20250612_WGS_20250612_sc_PICA0119-PICA0146_Pool_2_ACGGCAAAGATGTAGA,3.264521598815918,2.5569930180111458,-1.4993555214924343,0.0030284317038735483,0.0184268565255456,0.01803749445042171,462.0,CD56_dim CD16+ NK,0.987013
6692,20250612_WGS_20250612_sc_PICA0119-PICA0146_Pool_2_ACGTGTCAGACACCGT,3.389378547668457,2.842078853782234,-2.2487478238313727,0.0019361183752726091,0.01333755392644089,0.013042985023067197,383.0,CD56_dim CD16+ NK,0.79373366
6693,20250612_WGS_20250612_sc_PICA0119-PICA0146_Pool_2_ACGTTTACAATATCTG,3.32285737991333,2.0499155005287224,4.442197864554731,0.0009390836783917248,0.008051273555993804,0.00784890317723241,344.0,CD56_dim CD16+ NK,0.7383721
6708,20250612_WGS_20250612_sc_PICA0119-PICA0146_Pool_2_AGGGTAAGTCACTATT,3.176191806793213,2.6417844008960065,-1.8768301476104992,9.057826315133274e-05,0.0015654148601820682,0.001512549596321832,431.0,CD56_dim CD16+ NK,0.95591646
6711,20250612_WGS_20250612_sc_PICA0119-PICA0146_Pool_2_AGTAAGGGTACGTTCC,3.6072490215301514,2.1284967611918706,-1.9901694210958152,0.006837340879709984,0.03300536137234793,0.03241205218175959,209.0,CD56_dim CD16+ NK,0.9952153
6712,20250612_WGS_20250612_sc_PICA0119-PICA0146_Pool_2_AGTACGGAGAGGTACG,3.200093984603882,2.680290273598863,1.6790084209990879,0.010630582521525456,0.04477414724054041,0.04406389552153549,474.0,CD56_dim CD16+ NK,0.9978903
6713,20250612_WGS_20250612_sc_PICA0119-PICA0146_Pool_2_AGTATAACAAATGACG,3.4589505195617676,2.102065248033262,-2.787548965007684,1.194129356561635e-07,1.871718008292266e-05,1.7815212991932357e-05,295.0,CD56_dim CD16+ NK,1.0
6714,20250612_WGS_20250612_sc_PICA0119-PICA0146_Pool_2_AGTATAACACTTCATT,3.492751121520996,2.209537176293019,-1.804797833334566,0.0032999953536694128,0.019666215504535622,0.01925995423025248,284.0,CD56_dim CD16+ NK,0.9366197
6720,20250612_WGS_20250612_sc_PICA0119-PICA0146_Pool_2_AGTGTACGTGTCTAGG,3.5890204906463623,2.40814416698403,-1.8124003885743107,0.013510417698916722,0.052982135649692924,0.05220366556390363,237.0,CD56_dim CD16+ NK,0.8101266
6721,20250612_WGS_20250612_sc_PICA0119-PICA0146_Pool_2_ATAACAGAGGTAAGAC,3.3442790508270264,12.190472182955512,-2.421655477982204,0.0007937355777206432,0.007213181896795254,0.0070270962245867616,367.0,CD56_dim CD16+ NK,0.7983651
6722,20250612_WGS_20250612_sc_PICA0119-PICA0146_Pool_2_ATAGTCAGTCGTATGG,3.2972571849823,2.3690236345567213,2.493115229632225,0.00016576911456874912,0.002408542105629421,0.002333797844585575,396.0,CD56_dim CD16+ NK,0.989899
6723,20250612_WGS_20250612_sc_PICA0119-PICA0146_Pool_2_ATATGGTTCAGAGAAC,3.4566166400909424,11.127242248476351,1.935716530992583,0.002996925420775977,0.018291643320981505,0.01790686516788357,235.0,CD56_dim CD16+ NK,0.98723406
6728,20250612_WGS_20250612_sc_PICA0119-PICA0146_Pool_2_ATCCTAACAGTTGGGG,3.4533779621124268,1.9317930168567052,2.725273201606844,0.006371416706301197,0.03147684351743887,0.030907183278918726,254.0,CD56_dim CD16+ NK,0.81496066
6731,20250612_WGS_20250612_sc_PICA0119-PICA0146_Pool_2_ATCTGCCGTACTATTC,3.5847854614257812,1.6037068009803632,-2.0236277253999377,0.008888479110946885,0.03953065811374165,0.038881607795135886,227.0,CD56_dim CD16+ NK,0.76651984
6737,20250612_WGS_20250612_sc_PICA0119-PICA0146_Pool_2_CAAGACACACGTAGAA,3.372128486633301,1.8937435177635171,2.763810764983687,0.019188629660305094,0.06838899811275885,0.0674561880355036,290.0,CD56_dim CD16+ NK,0.73103446
6752,20250612_WGS_20250612_sc_PICA0119-PICA0146_Pool_2_CATAAGCGTGTCCGGG,3.503521203994751,2.890040384026782,2.4533002585870802,0.030660605253907784,0.09421011302440599,0.09309472394947158,336.0,CD56_dim CD16+ NK,0.85714287
6754,20250612_WGS_20250612_sc_PICA0119-PICA0146_Pool_2_CATAGCATCCCGACTC,3.5388059616088867,1.8235190604305067,-1.9782876778244929,0.023802363018607168,0.07878934075816506,0.07777447245168305,227.0,CD56_dim CD16+ NK,0.75770926
6755,20250612_WGS_20250612_sc_PICA0119-PICA0146_Pool_2_CATAGTAGTGCTCTGT,3.3566019535064697,2.1372974815667396,-2.008864540517425,0.00027192817947712923,0.0034278671375676866,0.0033263155551654985,304.0,CD56_dim CD16+ NK,0.99671054
6757,20250612_WGS_20250612_sc_PICA0119-PICA0146_Pool_2_CATCATCTCATAAGTC,3.4824838638305664,2.12363278163952,1.2655757401594094,0.006732312748413989,0.03266995708602276,0.03207684105081304,374.0,CD56_dim CD16+ NK,0.9759358
6759,20250612_WGS_20250612_sc_PICA0119-PICA0146_Pool_2_CATCTAGAGACCTGCG,3.267333507537842,13.026049506935735,3.513897540595215,0.0006525330684999052,0.006264973668926136,0.006097888858313923,466.0,CD56_dim CD16+ NK,0.7854077
6760,20250612_WGS_20250612_sc_PICA0119-PICA0146_Pool_2_CATGCAGGTAGTCTCC,3.1709344387054443,23.338283025324667,-1.3376547008293638,0.004998917270152321,0.026277659566846592,0.025787187834207567,569.0,CD56_dim CD16+ NK,0.8295255
6763,20250612_WGS_20250612_sc_PICA0119-PICA0146_Pool_2_CCAACATCAAGTCTTA,3.362170934677124,11.66503419381695,-1.9918302545089206,0.001418614981264078,0.010651506235085696,0.010398265938104678,299.0,CD56_dim CD16+ NK,0.75250834
6766,20250612_WGS_20250612_sc_PICA0119-PICA0146_Pool_2_CCACTAAAGAGGTTGG,3.282809019088745,4.619989282445102,3.3353102249464532,0.0013948843725624296,0.010513393997025626,0.010264319383190338,578.0,CD56_dim CD16+ NK,0.76297575
6771,20250612_WGS_20250612_sc_PICA0119-PICA0146_Pool_2_CCCAACACAACCTACG,3.526867389678955,2.1949604592361007,-1.726594259179878,0.01362302149516815,0.05320601920051381,0.0524258637429892,241.0,CD56_dim CD16+ NK,1.0
6774,20250612_WGS_20250612_sc_PICA0119-PICA0146_Pool_2_CCGCTTGGTCACGCTT,3.429267644882202,2.3177992308460817,-2.0588072507549735,0.0032901999652098393,0.019635653325533346,0.019229109541588307,326.0,CD56_dim CD16+ NK,0.8558282
6785,20250612_WGS_20250612_sc_PICA0119-PICA0146_Pool_2_CGCTGACCAGTCTGCA,3.4362986087799072,2.524408992878225,2.045284564165701,0.021690612826280986,0.07407376705479018,0.0730982135744255,376.0,CD56_dim CD16+ NK,0.85638297
6787,20250612_WGS_20250612_sc_PICA0119-PICA0146_Pool_2_CGGGTCATCAGGGCTT,3.3893868923187256,3.704952337941533,-1.451837230251796,0.0007035640122776202,0.0066182439398501675,0.006444463191219864,554.0,CD56_dim CD16+ NK,0.99458486
6802,20250612_WGS_20250612_sc_PICA0119-PICA0146_Pool_2_CTATTGTGTATCCGTC,3.3190793991088867,2.0688211807139014,-1.4004405823332784,0.028246863341354556,0.0891001763610899,0.08800280227596936,348.0,CD56_dim CD16+ NK,0.8333333
6803,20250612_WGS_20250612_sc_PICA0119-PICA0146_Pool_2_CTCATAGAGCAACATT,3.6485328674316406,3.5889521588147537,-2.554537287248411,0.00017350943404142782,0.002488106238279227,0.0024116237637504564,264.0,CD56_dim CD16+ NK,0.8636364
6804,20250612_WGS_20250612_sc_PICA0119-PICA0146_Pool_2_CTCCGCAGTACTTCAT,3.709048271179199,20.933802525604722,-2.034963909107624,0.002069676214071348,0.013993397656017056,0.013686120626115007,174.0,CD56_dim CD16+ NK,0.86206895
6807,20250612_WGS_20250612_sc_PICA0119-PICA0146_Pool_2_CTCCTTCTCGTTAAGT,4.0095648765563965,1.3311965116336615,1.9351896651504918,0.016671504127927676,0.061770135181455,0.06091794673487873,166.0,CD56_dim CD16+ NK,0.8192771
6812,20250612_WGS_20250612_sc_PICA0119-PICA0146_Pool_2_CTCGCCAGTCTGGATG,3.7645554542541504,1.9078176660895072,-1.4863655338419035,0.030513509528192668,0.09402207768602627,0.09290920894286478,248.0,CD56_dim CD16+ NK,0.7822581
6814,20250612_WGS_20250612_sc_PICA0119-PICA0146_Pool_2_CTGATTGAGCCATTGA,3.2815163135528564,32.63037837351649,3.7672647805083628,0.0012499082336675505,0.009726156278003786,0.009492951208591243,473.0,CD56_dim CD16+ NK,0.7209302
6816,20250612_WGS_20250612_sc_PICA0119-PICA0146_Pool_2_CTGTTGAAGGGGTTAG,4.140100955963135,2.567544973213045,-1.1333269770158922,0.02576330391449593,0.08346664445564657,0.0824272552593174,270.0,CD56_dim CD16+ NK,0.7925926
6817,20250612_WGS_20250612_sc_PICA0119-PICA0146_Pool_2_CTTCATTCACTCATAA,3.275259494781494,13.121289948035477,5.758101486232436,9.431191711779164e-06,0.00034537795372764515,0.0003327187115484731,449.0,CD56_dim CD16+ NK,0.7884187
6819,20250612_WGS_20250612_sc_PICA0119-PICA0146_Pool_2_GCAACGTTCCCAAAGC,3.7899749279022217,3.734376615747811,-2.0374654656316085,0.011961835388640986,0.04851216155352094,0.047778890504969536,188.0,CD56_dim CD16+ NK,0.9893617
6821,20250612_WGS_20250612_sc_PICA0119-PICA0146_Pool_2_GCACACCCACCAAATC,3.723825216293335,11.094257303377317,2.698181571139957,0.001514904927706669,0.011161801378338367,0.01090208420826824,174.0,CD56_dim CD16+ NK,0.7241379
6825,20250612_WGS_20250612_sc_PICA0119-PICA0146_Pool_2_GCCACTACAATGTCCG,3.673058032989502,1.8978327450516037,-2.9309933217017665,0.00014868340630271788,0.002233330667752394,0.0021628268440567005,240.0,CD56_dim CD16+ NK,1.0
6826,20250612_WGS_20250612_sc_PICA0119-PICA0146_Pool_2_GCCATGTAGATTACCG,3.3142809867858887,12.310192335270235,2.288315238807079,0.008085704835119509,0.036924772222791225,0.03629679431895538,367.0,CD56_dim CD16+ NK,0.65122616
6835,20250612_WGS_20250612_sc_PICA0119-PICA0146_Pool_2_GCTATCCGTCGATCAG,3.2880616188049316,3.7724413691850476,1.6416412831747935,0.0010739606186393226,0.008808980894434609,0.008588910226482152,409.0,CD56_dim CD16+ NK,0.90953547
6836,20250612_WGS_20250612_sc_PICA0119-PICA0146_Pool_2_GCTATGGGTATGAGGA,3.5154595375061035,1.595952172492106,-1.197006232855094,0.01950578657875774,0.06916900777082163,0.06823389702960225,265.0,CD56_dim CD16+ NK,0.8603774
6837,20250612_WGS_20250612_sc_PICA0119-PICA0146_Pool_2_GCTCAGTAGCTGATAT,3.434694528579712,12.046636632651836,2.675676889394977,0.0012737682293619552,0.009839665325952648,0.009605387890062893,289.0,CD56_dim CD16+ NK,0.8027682
6839,20250612_WGS_20250612_sc_PICA0119-PICA0146_Pool_2_GCTTAGGGTGGCGAGA,4.615753650665283,1.393242433682572,-1.1850255621401486,0.030178992542226137,0.09328310496814235,0.09217514168904509,233.0,CD56_dim CD16+ NK,1.0
6843,20250612_WGS_20250612_sc_PICA0119-PICA0146_Pool_2_GGAATGGTCACCTTCG,3.8144969940185547,1.195595317607387,-1.2696078959172423,0.017179003313844705,0.06319281614812702,0.06232475911376912,208.0,CD56_dim CD16+ NK,0.9951923
6847,20250612_WGS_20250612_sc_PICA0119-PICA0146_Pool_2_GGCCATTAGCATTGCA,3.927833318710327,1.9007396816267481,-2.179961274918194,0.002461097997719402,0.015928310749934935,0.015580139931496359,208.0,CD56_dim CD16+ NK,0.9951923
6848,20250612_WGS_20250612_sc_PICA0119-PICA0146_Pool_2_GGCGCTATCATGTCAG,3.524641513824463,3.021312135451341,-1.7810719818340424,0.022084810204133377,0.07485149790637621,0.07387584199294885,321.0,CD56_dim CD16+ NK,1.0
6856,20250612_WGS_20250612_sc_PICA0119-PICA0146_Pool_2_GGTACTATCCGAGTGT,3.447369337081909,21.89287387885191,-2.053262338770032,0.00808889031131697,0.036924772222791225,0.03629679431895538,316.0,CD56_dim CD16+ NK,0.8164557
6862,20250612_WGS_20250612_sc_PICA0119-PICA0146_Pool_2_GTAAGACAGAGGTGAT,3.4798059463500977,1.2720822538896912,2.6196702707753077,0.023702989999599598,0.07856600083649248,0.07755660672581277,193.0,CD56_dim CD16+ NK,0.61139894
6869,20250612_WGS_20250612_sc_PICA0119-PICA0146_Pool_2_GTAGCTCAGATCGGAG,3.3504087924957275,31.741537975317268,1.0543486856531576,0.03166835087187921,0.09634494269267514,0.0952096882512528,361.0,CD56_dim CD16+ NK,0.9695291
6875,20250612_WGS_20250612_sc_PICA0119-PICA0146_Pool_2_GTGGGATCAAATGACG,3.2748324871063232,3.1586409832778957,-2.138587627979232,1.4861880095363807e-05,0.00046792551458635704,0.0004508884625446277,499.0,CD56_dim CD16+ NK,0.85370743
6876,20250612_WGS_20250612_sc_PICA0119-PICA0146_Pool_2_GTGTCATCAGGTAACA,3.2678544521331787,2.6212164864599843,3.4085788306745326,0.0005413132679892301,0.00553735929694902,0.005386216998442738,427.0,CD56_dim CD16+ NK,0.7002342
6883,20250612_WGS_20250612_sc_PICA0119-PICA0146_Pool_5_AAACGATCAATCGACT,3.4497199058532715,1.4003005554606636,3.3760549051172823,0.008859586736374632,0.039419958870834014,0.03877221364504005,200.0,CD56_dim CD16+ NK,0.875
6887,20250612_WGS_20250612_sc_PICA0119-PICA0146_Pool_5_AACGTTGTCATTGGCA,3.498133420944214,3.0731482030776953,-1.5781246502669992,0.0275523306049698,0.08761071942852082,0.0865161096489162,254.0,CD56_dim CD16+ NK,0.996063
6893,20250612_WGS_20250612_sc_PICA0119-PICA0146_Pool_5_AATATAGCAAAGTAAC,3.3636465072631836,12.31897597851906,3.113221754675763,0.0018466286944966886,0.012846849766586779,0.01256214564202289,367.0,CD56_dim CD16+ NK,0.79564035
6894,20250612_WGS_20250612_sc_PICA0119-PICA0146_Pool_5_AATCCGGGTACGAAAG,3.4992434978485107,1.415976488546523,3.050982821117592,0.0003078979910035606,0.00368542297615562,0.003579177434815553,197.0,CD56_dim CD16+ NK,0.84771574
6901,20250612_WGS_20250612_sc_PICA0119-PICA0146_Pool_5_ACAATTGGTATGTCGG,3.616209030151367,11.16696886486481,2.6303766772127486,0.03006122006959532,0.0930066202592913,0.09188685531215961,168.0,CD56_dim CD16+ NK,0.8333333
6904,20250612_WGS_20250612_sc_PICA0119-PICA0146_Pool_5_ACCCTGCTCAAGCATT,3.328000068664551,2.1703397340828205,2.747670563528834,0.0294595694729499,0.0918295314470495,0.09071675881894292,368.0,CD56_dim CD16+ NK,0.72282606
6907,20250612_WGS_20250612_sc_PICA0119-PICA0146_Pool_5_ACGTCCACAGCCCAAC,3.3756375312805176,1.241871584710398,-2.281301533305782,0.0006263414666366751,0.006102957257999888,0.00593878783405906,207.0,CD56_dim CD16+ NK,0.9710145
6909,20250612_WGS_20250612_sc_PICA0119-PICA0146_Pool_5_ACTCGGCCAATCCCGA,3.476206064224243,22.450773638557788,2.3576784331596445,0.026893766768884032,0.08596899123024575,0.08488733748868948,363.0,CD56_dim CD16+ NK,0.91460055
6914,20250612_WGS_20250612_sc_PICA0119-PICA0146_Pool_5_AGAGGTTAGAGTTTCG,3.2573277950286865,2.5049322874730193,2.1546766858575435,9.392842840152401e-05,0.0015980810849454455,0.0015440122575759397,413.0,CD56_dim CD16+ NK,0.9467312
6920,20250612_WGS_20250612_sc_PICA0119-PICA0146_Pool_5_AGGACGGGTCTATCGC,4.449228286743164,13.459262417073413,-1.757662709141006,0.007020241921926254,0.033636382866194324,0.0330349722297444,210.0,CD56_dim CD16+ NK,0.9142857
6922,20250612_WGS_20250612_sc_PICA0119-PICA0146_Pool_5_AGGATATCACCTCTTA,3.3907954692840576,0.9954566988471373,1.8768296235854016,0.012890076664113206,0.051287820843918294,0.05053097827379246,181.0,CD56_dim CD16+ NK,1.0
6924,20250612_WGS_20250612_sc_PICA0119-PICA0146_Pool_5_AGGCGCACACTAAGTC,3.3465237617492676,2.491109040012991,3.3814649057691413,0.0077028453721525,0.035843519017985014,0.035215975181576396,391.0,CD56_dim CD16+ NK,0.73657286
6927,20250612_WGS_20250612_sc_PICA0119-PICA0146_Pool_5_AGGGTCGCACGCGCAT,3.3680930137634277,1.9389172415079217,2.7608551913443393,0.00011908255302439705,0.0018951247654981184,0.0018331908599671237,271.0,CD56_dim CD16+ NK,0.98523986
6928,20250612_WGS_20250612_sc_PICA0119-PICA0146_Pool_5_AGTCCGGTCAATTATG,3.4953181743621826,2.5481570523889308,1.6333929362268922,0.006383926579532512,0.031507044456400186,0.03093827405259576,295.0,CD56_dim CD16+ NK,0.8745763
6931,20250612_WGS_20250612_sc_PICA0119-PICA0146_Pool_5_ATACCATAGGTACGTC,3.4158873558044434,1.6589862676035811,3.844512043797518,0.0016637106103270253,0.01196292935936608,0.01169196705198996,233.0,CD56_dim CD16+ NK,0.8497854
6932,20250612_WGS_20250612_sc_PICA0119-PICA0146_Pool_5_ATCATTCGTGGCGAAG,3.6343648433685303,1.1858391147235903,-1.3025006498058032,0.027218361643907993,0.08680093251995391,0.08570787395370252,219.0,CD56_dim CD16+ NK,0.9954338
6937,20250612_WGS_20250612_sc_PICA0119-PICA0146_Pool_5_ATCGTTGAGGTAATTC,3.4294252395629883,1.3032003333668118,-1.3261597597669703,0.029586442762413533,0.09205813254975859,0.0909445764318247,206.0,CD56_dim CD16+ NK,0.907767
6944,20250612_WGS_20250612_sc_PICA0119-PICA0146_Pool_5_ATTCGTACAGCAGCCT,3.7491683959960938,1.8131227914427885,1.272720878118158,0.010573543180098061,0.044663342386884575,0.04395584116915403,242.0,CD56_dim CD16+ NK,0.91322315
6954,20250612_WGS_20250612_sc_PICA0119-PICA0146_Pool_5_CACTATGAGACGGGGT,3.4519917964935303,31.73923061879675,-1.491038190810516,0.028353651629641558,0.08935575814659184,0.08825371527461214,300.0,CD56_dim CD16+ NK,0.81333333
6957,20250612_WGS_20250612_sc_PICA0119-PICA0146_Pool_5_CATATGGTCGTCAACA,3.399120807647705,21.512884350041375,2.4691851127988866,0.015493677258068331,0.05854553688884969,0.057703054990484455,288.0,CD56_dim CD16+ NK,0.8472222
6958,20250612_WGS_20250612_sc_PICA0119-PICA0146_Pool_5_CATGTTGAGGCGTCCA,3.290674924850464,1.5809927653534896,3.2808738226881635,0.020192740139613776,0.07094104248050474,0.06997550359862664,303.0,CD56_dim CD16+ NK,0.77557755
6962,20250612_WGS_20250612_sc_PICA0119-PICA0146_Pool_5_CCAACCGAGGCAACGA,3.43229603767395,2.139035587759561,-1.6481983614402382,0.02269874176051857,0.07627195474292665,0.07528414295104202,328.0,CD56_dim CD16+ NK,0.94207317
6965,20250612_WGS_20250612_sc_PICA0119-PICA0146_Pool_5_CCAGAATGTACTCGAG,3.591491222381592,1.9198389256977295,-1.8332566670284862,0.0017993927635740895,0.012643236885854748,0.012362175161640532,212.0,CD56_dim CD16+ NK,0.995283
6970,20250612_WGS_20250612_sc_PICA0119-PICA0146_Pool_5_CCGCTTATCAGGGTCT,3.7271697521209717,1.5532511865524157,1.7450859275621993,0.011114290099298298,0.046106194245925616,0.045390275847001026,151.0,CD56_dim CD16+ NK,1.0
6978,20250612_WGS_20250612_sc_PICA0119-PICA0146_Pool_5_CGCAGTCCAACACTAC,3.5105080604553223,1.664665126770859,2.111941886449374,0.02773951749956939,0.08797874658347009,0.08688128131307939,251.0,CD56_dim CD16+ NK,0.78884465
6980,20250612_WGS_20250612_sc_PICA0119-PICA0146_Pool_5_CGCATTCGTACCACCT,4.071949005126953,1.067883407053627,-1.63653402031197,0.016254740995580354,0.060699565408438995,0.05984372258720595,176.0,CD56_dim CD16+ NK,0.97727275
6985,20250612_WGS_20250612_sc_PICA0119-PICA0146_Pool_5_CGGAATGAGGGGAATT,3.4149818420410156,1.6729438876050255,4.048727958595784,0.0032739678513412818,0.019558433780207985,0.01915429057013256,295.0,CD56_dim CD16+ NK,0.60677963
6987,20250612_WGS_20250612_sc_PICA0119-PICA0146_Pool_5_CGGGCATGTCTGATAA,3.6528170108795166,0.9451097458282095,-2.2512197021491853,0.005008812019591265,0.02631563050932989,0.025825132084008644,164.0,CD56_dim CD16+ NK,0.99390244
7000,20250612_WGS_20250612_sc_PICA0119-PICA0146_Pool_5_CTATGTTGTCAAGGCC,3.4431917667388916,1.638792039983898,-1.7637715215480207,0.006544507017017445,0.03197913622253912,0.03139758281821124,293.0,CD56_dim CD16+ NK,0.9931741
7002,20250612_WGS_20250612_sc_PICA0119-PICA0146_Pool_5_CTCGGACCAGTTAAGG,4.061373233795166,3.6613035202835786,1.572460208131709,0.007480545085048737,0.035191427713856305,0.03457123658795759,228.0,CD56_dim CD16+ NK,0.7368421
7006,20250612_WGS_20250612_sc_PICA0119-PICA0146_Pool_5_CTTGATGAGAGACATA,3.244565725326538,2.6339844791113523,2.8350639359710867,0.0014686493151029932,0.010935498415026142,0.010678025189271464,428.0,Mixed,0.5911215
7008,20250612_WGS_20250612_sc_PICA0119-PICA0146_Pool_5_CTTGTCAGTGCTTGTC,3.330869197845459,12.149431312253137,1.824162047402714,0.0003824459777959674,0.004345415602385322,0.004223145175203718,383.0,CD56_dim CD16+ NK,0.9921671
7010,20250612_WGS_20250612_sc_PICA0119-PICA0146_Pool_5_GCAACTTCAGCAATAG,3.505247116088867,1.3373145802939554,3.5347491883165123,0.009868162626145531,0.042655230377428535,0.041957936543706525,215.0,CD56_dim CD16+ NK,0.82790697
7014,20250612_WGS_20250612_sc_PICA0119-PICA0146_Pool_5_GCACAAGAGAACGAAC,3.0890579223632812,14.606442864761167,4.3056684430829755,9.680466634867223e-05,0.0016301243900867866,0.0015748884392263406,758.0,CD56_dim CD16+ NK,0.6912929
7024,20250612_WGS_20250612_sc_PICA0119-PICA0146_Pool_5_GCTTTCGTCCCACTAT,4.211981296539307,13.980706302594434,1.2270910064492326,0.021548591123181606,0.07382879196535616,0.07285851313666394,284.0,CD56_dim CD16+ NK,0.83450705
7026,20250612_WGS_20250612_sc_PICA0119-PICA0146_Pool_5_GGACGACAGCTTGAAT,3.496331214904785,11.584559184045931,-1.1471539382161708,0.030002400746369166,0.09292777377864914,0.09180799434158024,278.0,CD56_dim CD16+ NK,0.9928058
7031,20250612_WGS_20250612_sc_PICA0119-PICA0146_Pool_5_GGCTCTACAATGCAGA,3.522075891494751,1.549525587505138,3.695710116829111,0.00042359710031841677,0.004610889541698037,0.004480994493361942,218.0,CD56_dim CD16+ NK,0.6880734
7032,20250612_WGS_20250612_sc_PICA0119-PICA0146_Pool_5_GGCTGTAGTGCCTTGT,3.2429957389831543,13.527963809520362,3.7736194513777104,0.0008117344887581567,0.0073496290889307,0.007158933758919146,576.0,CD56_dim CD16+ NK,0.7708333
7040,20250612_WGS_20250612_sc_PICA0119-PICA0146_Pool_5_GGTATCTCAACAGGAC,3.333367109298706,3.5489496952004806,-2.2441757912741647,0.0004907941751304965,0.005116494478127881,0.004976027405113753,439.0,CD56_dim CD16+ NK,0.97722095
7042,20250612_WGS_20250612_sc_PICA0119-PICA0146_Pool_5_GGTTCCGAGATGTTCG,4.1284403800964355,0.8228769408498162,1.6677886743842587,0.01788423220433095,0.06510627178302447,0.06421793583274393,116.0,CD56_dim CD16+ NK,0.69827586
7047,20250612_WGS_20250612_sc_PICA0119-PICA0146_Pool_5_GTAGTAAAGACAGTTT,3.5723249912261963,1.543619617973763,4.2645369659472845,0.00096721921892235,0.008199721622722951,0.007992983430649693,199.0,CD56_dim CD16+ NK,0.8241206
7054,20250612_WGS_20250612_sc_PICA0119-PICA0146_Pool_5_GTGAGGTCAGGTGATA,3.5258545875549316,1.116674010912753,2.410734522606136,0.02380053348333567,0.07878934075816506,0.07777447245168305,179.0,CD56_dim CD16+ NK,0.82122904
7059,20250612_WGS_20250612_sc_PICA0119-PICA0146_Pool_5_GTGTTAAGTCCGTCCA,3.437701940536499,1.5353277293814371,-2.6454546517769484,0.00014039778213502336,0.00213799561289973,0.002070508913606767,236.0,CD56_dim CD16+ NK,0.9957627
7065,20250612_WGS_20250612_sc_PICA0119-PICA0146_Pool_5_GTTCAGGGTATGTTCT,3.509251356124878,1.890956888316622,2.8019450290456924,0.018408292966213727,0.06637631552348881,0.06546907393174427,300.0,CD56_dim CD16+ NK,0.7866667
7069,20250612_WGS_20250612_sc_PICA0119-PICA0146_Pool_4_AAACCATTCATGGGCT,3.210571765899658,2.921087571903648,2.1778491007534173,1.7376537170759298e-05,0.0005155911676781622,0.000496209323014069,462.0,CD56_dim CD16+ NK,0.97619045
7082,20250612_WGS_20250612_sc_PICA0119-PICA0146_Pool_4_AACGTTCCAATGACCT,3.3230366706848145,2.278013599041529,3.9412115005496164,0.0011861223385627618,0.009398659483823998,0.009170555725041362,418.0,CD56_dim CD16+ NK,0.8014354
7087,20250612_WGS_20250612_sc_PICA0119-PICA0146_Pool_4_AAGCTGGAGAACTAGA,3.357912063598633,2.1625523323901206,3.8236125667130496,0.0001722174968165283,0.0024766635929045554,0.002400035469821423,391.0,CD56_dim CD16+ NK,0.67774934
7088,20250612_WGS_20250612_sc_PICA0119-PICA0146_Pool_4_AAGCTTGTCAACGCAC,3.7607319355010986,0.6255976120184457,1.6722487261496863,0.01632748132024774,0.06088750245943208,0.060030990604232004,119.0,CD56_dim CD16+ NK,0.89915967
7090,20250612_WGS_20250612_sc_PICA0119-PICA0146_Pool_4_AAGGGACGTCCGTAAG,3.435387134552002,11.238960944926095,3.224537631604722,0.025201530687486578,0.08204239220172845,0.08101470736013978,251.0,CD56_dim CD16+ NK,0.7450199
7093,20250612_WGS_20250612_sc_PICA0119-PICA0146_Pool_4_AAGTAGCAGCAGTCTA,3.339733362197876,0.9926743995274502,1.9352320244438852,0.004160851540633555,0.02308075652410055,0.022633569242883463,196.0,CD56_dim CD16+ NK,0.97959185
7094,20250612_WGS_20250612_sc_PICA0119-PICA0146_Pool_4_AAGTGCTGTAACTGCG,3.2768478393554688,1.9688511351398197,4.238719210860517,0.0003798921988481933,0.004321383430546827,0.004199945814491754,365.0,CD56_dim CD16+ NK,0.8657534
7096,20250612_WGS_20250612_sc_PICA0119-PICA0146_Pool_4_AATATCTCAGGGACAT,3.1713685989379883,2.6181263810564683,1.2235087289391335,0.011163497529591683,0.0461871542057991,0.04547316539069548,458.0,CD56_dim CD16+ NK,0.98253274
7103,20250612_WGS_20250612_sc_PICA0119-PICA0146_Pool_4_AATCTAGGTGGGCAAG,3.3614187240600586,11.419524971939417,2.5072278636333385,0.01899418796930193,0.06794181034335268,0.06701168509721221,268.0,CD56_dim CD16+ NK,0.7164179
7110,20250612_WGS_20250612_sc_PICA0119-PICA0146_Pool_4_AATGTTGGTCGTCAGA,3.4092915058135986,1.0926831295823054,2.32257595203736,0.001283673198955481,0.009886993497193465,0.009651416634128392,211.0,CD56_dim CD16+ NK,1.0
7114,20250612_WGS_20250612_sc_PICA0119-PICA0146_Pool_4_AATTCGCCACTATGAC,3.5269410610198975,11.372390070178556,3.9424233182531356,0.0009619402526012505,0.008176077159943847,0.007969378430650924,235.0,CD56_dim CD16+ NK,0.6255319
7115,20250612_WGS_20250612_sc_PICA0119-PICA0146_Pool_4_AATTGTATCACGAGCT,3.0443124771118164,35.42685682999647,2.2428323485283244,0.013554626485632004,0.05302884253771281,0.052245496488661315,1006.0,CD56_dim CD16+ NK,0.7375746
7116,20250612_WGS_20250612_sc_PICA0119-PICA0146_Pool_4_ACAAGATCACCAGGGA,3.402488946914673,2.5002779403793705,-2.3403271192869557,0.008419270160825757,0.03797630007182292,0.03734499378728108,311.0,CD56_dim CD16+ NK,0.8971061
7117,20250612_WGS_20250612_sc_PICA0119-PICA0146_Pool_4_ACAATAGAGGCTATTG,3.4967427253723145,11.27165324238147,3.0948561146156957,0.0025661174784678675,0.016457567239835262,0.01609690136022514,240.0,CD56_dim CD16+ NK,0.65416664
7123,20250612_WGS_20250612_sc_PICA0119-PICA0146_Pool_4_ACAGAACAGCGGTTTA,3.3544816970825195,1.8831691367535837,2.3699879248723272,0.009916000048395199,0.04278691041469168,0.04209155173251575,366.0,CD56_dim CD16+ NK,0.8169399
7125,20250612_WGS_20250612_sc_PICA0119-PICA0146_Pool_4_ACAGACCTCGTAAATC,3.3382673263549805,2.3693819342774614,2.7217913030630196,1.1321009197170277e-07,1.828250190185646e-05,1.740493077410796e-05,415.0,CD56_dim CD16+ NK,0.9951807
7135,20250612_WGS_20250612_sc_PICA0119-PICA0146_Pool_4_ACATTATCAAGCATAG,3.2560064792633057,12.579000588387913,3.325562414219086,0.0040844438832684056,0.0228223804277238,0.02237676419520877,425.0,CD56_dim CD16+ NK,0.6752941
7137,20250612_WGS_20250612_sc_PICA0119-PICA0146_Pool_4_ACCACGTAGCATTAAC,3.190370559692383,14.025545580845822,2.2459700974228176,0.007820033318665364,0.03616673625454108,0.03553259593611417,702.0,CD56_dim CD16+ NK,0.6396011
7138,20250612_WGS_20250612_sc_PICA0119-PICA0146_Pool_4_ACCACGTAGCTTGAAT,3.262345552444458,1.9325877292559956,1.6305591925558194,0.001605499029291939,0.011620698705036656,0.011356308076714066,353.0,CD56_dim CD16+ NK,0.9688385
7139,20250612_WGS_20250612_sc_PICA0119-PICA0146_Pool_4_ACCAGAGAGGCTCTAA,3.254357099533081,2.4749423268430903,3.9906904344418024,0.0034912717419717906,0.020459558554529512,0.020044092807845183,417.0,CD56_dim CD16+ NK,0.6642686
7142,20250612_WGS_20250612_sc_PICA0119-PICA0146_Pool_4_ACCCGACCAAGTGCCC,3.746164560317993,1.2875860040856248,2.8441181634881563,0.005757735127257934,0.02912010410298417,0.028587478950376284,181.0,CD56_dim CD16+ NK,0.73480666
7145,20250612_WGS_20250612_sc_PICA0119-PICA0146_Pool_4_ACCTAGGGTCAATTTC,3.3684561252593994,2.4720365446372634,4.941453574232123,4.573135703884256e-06,0.00020605556320143264,0.00019775078307173464,399.0,CD56_dim CD16+ NK,0.68421054
7148,20250612_WGS_20250612_sc_PICA0119-PICA0146_Pool_4_ACGATAGCAGGATGGT,3.4326512813568115,1.3943651088547468,4.027612009983522,0.005728181148267957,0.02902690971789488,0.02849032112243784,207.0,CD56_dim CD16+ NK,0.68115944
7149,20250612_WGS_20250612_sc_PICA0119-PICA0146_Pool_4_ACGATATTCACTATAA,3.18632435798645,3.116466335403068,3.0729294922432064,0.0027697390339955366,0.017275835893174527,0.01690889405618334,636.0,CD56_dim CD16+ NK,0.6965409
7153,20250612_WGS_20250612_sc_PICA0119-PICA0146_Pool_4_ACGCTCCTCAGCACTA,3.6792683601379395,1.2408895405299976,2.5174397158593207,0.005517999176180692,0.028282862767379607,0.027761633169488622,223.0,CD56_dim CD16+ NK,0.793722
7154,20250612_WGS_20250612_sc_PICA0119-PICA0146_Pool_4_ACGGCAGCAGCTAGGG,3.5425500869750977,3.4033993208333024,-2.568719497146022,0.0010679201427285974,0.008774046143469069,0.008555074135857741,275.0,CD56_dim CD16+ NK,1.0
7155,20250612_WGS_20250612_sc_PICA0119-PICA0146_Pool_4_ACGGCCATCCGAATTG,3.43853759765625,11.380896232657886,3.0832180199399093,0.008465651355988599,0.03807996872504278,0.037449272793486234,271.0,CD56_dim CD16+ NK,0.73800737
7156,20250612_WGS_20250612_sc_PICA0119-PICA0146_Pool_4_ACGGTCGTCCCGTCTA,3.641309976577759,1.173217273033455,2.8761245253349426,0.027310730271276253,0.08703914716995871,0.08594344959761961,181.0,CD56_dim CD16+ NK,0.86187845
7157,20250612_WGS_20250612_sc_PICA0119-PICA0146_Pool_4_ACGTATTAGCGGGATA,3.4265928268432617,1.8596821748120518,1.3532156009640945,0.033461739613649316,0.10071237303209882,0.09954234186168572,243.0,CD56_dim CD16+ NK,1.0
7160,20250612_WGS_20250612_sc_PICA0119-PICA0146_Pool_4_ACGTCCGAGAGAATCA,3.340888738632202,2.2801503753034242,3.1684546802477445,0.0022070017885142314,0.014676612344083568,0.014354025985677771,338.0,Mixed,0.5532544
7161,20250612_WGS_20250612_sc_PICA0119-PICA0146_Pool_4_ACTAATATCAGCACGT,3.298246145248413,2.2512203020882047,4.071039055364285,0.0008076439423464006,0.007319319665183434,0.007129821695041327,355.0,CD56_dim CD16+ NK,0.7605634
7166,20250612_WGS_20250612_sc_PICA0119-PICA0146_Pool_4_ACTCACGCACCCTAGA,3.3976874351501465,2.021533413036079,2.324568334742498,0.015246811191125392,0.05790144064910418,0.05706026836790866,370.0,CD56_dim CD16+ NK,0.68108106
7172,20250612_WGS_20250612_sc_PICA0119-PICA0146_Pool_4_ACTTACGAGCGGGTTT,4.172421455383301,1.6679858494659663,-1.7841492396191359,0.011121280940089445,0.04610931756768565,0.04539650749151472,151.0,CD56_dim CD16+ NK,0.9403973
7173,20250612_WGS_20250612_sc_PICA0119-PICA0146_Pool_4_ACTTATCGTAGGACTT,3.219447612762451,4.762611743456184,-1.2601117888497437,0.009456464495274347,0.041255815652323995,0.04057850288969157,650.0,CD56_dim CD16+ NK,0.9938462
7174,20250612_WGS_20250612_sc_PICA0119-PICA0146_Pool_4_ACTTGCCGTATAGGCT,3.456772565841675,1.5674837045691412,2.6044180253240587,4.7073865531180895e-05,0.001006676725189605,0.0009712266290514945,267.0,CD56_dim CD16+ NK,0.96629214
7175,20250612_WGS_20250612_sc_PICA0119-PICA0146_Pool_4_ACTTGCTTCCGGTTAA,3.395354986190796,1.7229081314509327,3.4900995747472083,0.0021153014112375574,0.014228889648908404,0.013917176812086601,269.0,CD56_dim CD16+ NK,0.7211896
7178,20250612_WGS_20250612_sc_PICA0119-PICA0146_Pool_4_AGACTGCTCATAATGC,3.2403972148895264,2.539477234166104,1.2797206041967748,0.013425207086422829,0.052745688074369294,0.05196562549293653,451.0,CD56_dim CD16+ NK,1.0
7182,20250612_WGS_20250612_sc_PICA0119-PICA0146_Pool_4_AGCAGCAAGAGTGTAA,3.407346487045288,1.384068810354285,4.277601064720232,0.0022372094968583713,0.014830922445189647,0.014504119487902093,244.0,CD56_dim CD16+ NK,0.7418033
7187,20250612_WGS_20250612_sc_PICA0119-PICA0146_Pool_4_AGCGGGTAGACTCGAC,3.5353188514709473,1.0236023107192997,2.706904803751735,0.014283516515767118,0.05520083216823141,0.054403859934547556,207.0,CD56_dim CD16+ NK,0.79710144
7188,20250612_WGS_20250612_sc_PICA0119-PICA0146_Pool_4_AGCTAATTCAGGTGTC,3.8201606273651123,0.9104087806677711,-1.7655190683140078,0.002097599816940884,0.014157552150894703,0.013847214622250581,164.0,CD56_dim CD16+ NK,0.98170733
7191,20250612_WGS_20250612_sc_PICA0119-PICA0146_Pool_4_AGCTTTGAGCAAACCC,3.439814329147339,1.686745156920963,3.184429954412471,0.021931950389618537,0.07462923775065015,0.0736521986837526,212.0,CD56_dim CD16+ NK,0.759434
7193,20250612_WGS_20250612_sc_PICA0119-PICA0146_Pool_4_AGGAATGGTCCATTCA,3.5420589447021484,1.8253088005498954,-1.5339397961606505,0.0027105041576909,0.017050559679063253,0.016683391685308743,313.0,CD56_dim CD16+ NK,0.99680513
7194,20250612_WGS_20250612_sc_PICA0119-PICA0146_Pool_4_AGGACATAGATGGCGA,3.4574949741363525,2.1403389737796235,4.353051029531597,1.3619606117746505e-05,0.0004413379600852659,0.00042518141644459735,371.0,CD56_dim CD16+ NK,0.606469
7195,20250612_WGS_20250612_sc_PICA0119-PICA0146_Pool_4_AGGACCAAGCACCTTT,3.4834773540496826,11.566897214453133,2.740056489466294,0.02320817511627961,0.07747330839392425,0.07647873200805223,234.0,CD56_dim CD16+ NK,0.71794873
7205,20250612_WGS_20250612_sc_PICA0119-PICA0146_Pool_4_AGGTACGAGGCATAGG,3.4807050228118896,1.0521516430672835,-2.1222214958097565,0.001883231165737169,0.013037041611860051,0.01274752204605095,191.0,CD56_dim CD16+ NK,0.8900524
7209,20250612_WGS_20250612_sc_PICA0119-PICA0146_Pool_4_AGTCTCGCAATTACCA,3.1921255588531494,1.8813823206868532,2.6816287422150786,1.215507835892243e-06,9.282145497189524e-05,8.847123359521487e-05,370.0,CD56_dim CD16+ NK,0.9972973
7211,20250612_WGS_20250612_sc_PICA0119-PICA0146_Pool_4_AGTGCTATCCGATAGC,3.2093710899353027,12.011952169646964,1.3820476618296054,0.02156181448424827,0.07382879196535616,0.07285851313666394,396.0,CD56_dim CD16+ NK,0.92676765
7217,20250612_WGS_20250612_sc_PICA0119-PICA0146_Pool_4_ATAACAGAGGGGTATG,3.474161148071289,1.199491827218821,2.8835033109737935,0.01728910664681507,0.06350297896263059,0.06263077317961517,211.0,CD56_dim CD16+ NK,0.7488152
7218,20250612_WGS_20250612_sc_PICA0119-PICA0146_Pool_4_ATAACCCCACGTCAGC,3.508608818054199,1.6244849198696012,1.5212615963642815,0.010483891062162073,0.04443924735514569,0.043730343216284495,280.0,CD56_dim CD16+ NK,0.99285716
7225,20250612_WGS_20250612_sc_PICA0119-PICA0146_Pool_4_ATACCTCTCGCATACA,3.3289623260498047,1.531071971186573,1.6970343434342767,0.0019746376133911604,0.013527228880053074,0.013230717170516942,282.0,CD56_dim CD16+ NK,0.9858156
7227,20250612_WGS_20250612_sc_PICA0119-PICA0146_Pool_4_ATAGCGCTCACCCATT,3.6504669189453125,14.506748616248277,-1.6952898660620281,0.01317139724606698,0.05197413584712224,0.05120592123064335,370.0,CD56_dim CD16+ NK,0.9972973
7228,20250612_WGS_20250612_sc_PICA0119-PICA0146_Pool_4_ATAGCGGAGAATTACC,3.4490766525268555,1.216505092598484,2.3710429314526795,0.021021193473249437,0.07276169251756157,0.07179804232802464,208.0,Mixed,0.59615386
7229,20250612_WGS_20250612_sc_PICA0119-PICA0146_Pool_4_ATATCAGGTCATTTCG,3.392796039581299,1.8008992859933959,2.9253916957968293,0.006592997940945573,0.03215698987168871,0.03157146444012799,339.0,CD56_dim CD16+ NK,0.73156345
7232,20250612_WGS_20250612_sc_PICA0119-PICA0146_Pool_4_ATCAATATCCAGGTTA,3.4590067863464355,11.10008397721996,3.241375414341163,0.026568735790499152,0.08537408124127316,0.08430567137027907,221.0,CD56_dim CD16+ NK,0.8552036
7233,20250612_WGS_20250612_sc_PICA0119-PICA0146_Pool_4_ATCACGGGTGGTTGGC,4.109259128570557,11.282419485215835,-2.831253336051791,0.0002800924556798156,0.0034838267435629592,0.0033824305970901864,230.0,CD56_dim CD16+ KLRC2+ NK,0.8826087
7235,20250612_WGS_20250612_sc_PICA0119-PICA0146_Pool_4_ATCAGAGCAAGGACTA,3.198019504547119,3.5559754862302633,2.2486616622880584,0.021522747758816897,0.0737875642772615,0.07281573079945905,567.0,CD56_dim CD16+ NK,0.7407407
7238,20250612_WGS_20250612_sc_PICA0119-PICA0146_Pool_4_ATCATCACAGGTTAGA,3.175982713699341,3.6318151305971274,-1.640964614168133,0.0010408441731511314,0.008609031024107303,0.008393261986109731,663.0,CD56_dim CD16+ NK,1.0
7246,20250612_WGS_20250612_sc_PICA0119-PICA0146_Pool_4_ATCGCATCACCTCGAA,3.353416919708252,11.64783952084847,-1.7822312975361574,0.0005198959640791704,0.005362822138370583,0.005216301060028507,312.0,CD56_dim CD16+ NK,1.0
7249,20250612_WGS_20250612_sc_PICA0119-PICA0146_Pool_4_ATCGTCGCAACCTTAA,3.6249399185180664,1.646848297847864,2.5385831334870232,3.7029081200030926e-05,0.000876859324282463,0.0008454632508970488,191.0,CD56_dim CD16+ NK,1.0
7252,20250612_WGS_20250612_sc_PICA0119-PICA0146_Pool_4_ATGAAGCAGCGTAATT,3.6577818393707275,1.053792658113903,2.9156651586541273,0.009493915911507885,0.04132867885185923,0.04065295946375871,183.0,CD56_dim CD16+ NK,0.6010929
7259,20250612_WGS_20250612_sc_PICA0119-PICA0146_Pool_4_ATGCTCGCAATAAGTA,3.1402230262756348,2.6686228021362997,2.5952655691371627,0.021178582877964168,0.07310050062031029,0.07213532672473362,635.0,CD56_dim CD16+ NK,0.73700786
7263,20250612_WGS_20250612_sc_PICA0119-PICA0146_Pool_4_ATGTCAGTCAGGCCAT,3.349679470062256,3.484233408965715,-1.6858202606410428,0.008155156047106057,0.037122032428737246,0.036496149816191446,419.0,CD56_dim CD16+ NK,0.98329353
7267,20250612_WGS_20250612_sc_PICA0119-PICA0146_Pool_4_ATGTTGAGTGGACCGT,3.335639238357544,2.3282861204287695,2.6944342033879387,0.00926919927399403,0.04070926529117931,0.04004086063325646,408.0,CD56_dim CD16+ NK,0.8872549
7269,20250612_WGS_20250612_sc_PICA0119-PICA0146_Pool_4_ATTAAGACACCCTAGA,3.3669180870056152,1.677802600837664,3.904789827807689,0.0004150574195293997,0.004553152160115943,0.00442556823635638,348.0,CD56_dim CD16+ NK,0.77011496
7271,20250612_WGS_20250612_sc_PICA0119-PICA0146_Pool_4_ATTATCGCAAATTAAG,3.2163565158843994,1.9628725968644187,2.0825497408018334,0.030548819317257735,0.09405027731608981,0.09293729861433558,367.0,Mixed,0.59128064
7272,20250612_WGS_20250612_sc_PICA0119-PICA0146_Pool_4_ATTCAAATCCGGACCA,3.4268906116485596,1.445044264352525,2.3099983034329346,0.00021372093438667877,0.0028612948373854525,0.002775596307259356,236.0,CD56_dim CD16+ NK,0.9830508
7274,20250612_WGS_20250612_sc_PICA0119-PICA0146_Pool_4_ATTCGTGAGATCGTTG,3.2138330936431885,12.743578055613384,4.015625052669223,0.0029184030599517176,0.01797948001474945,0.017596994246407923,530.0,CD56_dim CD16+ NK,0.7735849
7281,20250612_WGS_20250612_sc_PICA0119-PICA0146_Pool_4_CAACGGGCAGCATGAA,3.387636184692383,2.078482059126983,2.8269698310629914,0.0012480681413498018,0.009726156278003786,0.009492951208591243,369.0,CD56_dim CD16+ NK,0.8075881
7282,20250612_WGS_20250612_sc_PICA0119-PICA0146_Pool_4_CAAGCTCAGCTCCTCA,3.6466972827911377,10.81764195935952,2.8281500676883304,0.005089989523364708,0.02665682445224122,0.026160749377204275,154.0,Mixed,0.512987
7283,20250612_WGS_20250612_sc_PICA0119-PICA0146_Pool_4_CAAGTCTCAAGTATCC,3.3507227897644043,2.0891478741127854,5.15730679265212,0.00023761507731615903,0.0031023539178182606,0.0030091020977401502,337.0,CD56_dim CD16+ NK,0.7537092
7286,20250612_WGS_20250612_sc_PICA0119-PICA0146_Pool_4_CAATATCAGACATCCA,3.265049457550049,3.2153162675441838,1.6176963128804858,0.02779251926053007,0.08811847674138454,0.08701730594344108,542.0,CD56_dim CD16+ NK,0.65313655
7290,20250612_WGS_20250612_sc_PICA0119-PICA0146_Pool_4_CAATGTAGTGGTAGGG,3.3098669052124023,2.0967205315614703,3.8931912358184446,0.0014149017320272187,0.010631729185507347,0.010379174984296477,358.0,CD56_dim CD16+ NK,0.7039106
7292,20250612_WGS_20250612_sc_PICA0119-PICA0146_Pool_4_CACAACATCGCGAGTT,3.2536017894744873,1.7906640558518885,1.8989942569868716,0.0005446737354709872,0.005565955361125203,0.005413708377778724,319.0,CD56_dim CD16+ NK,0.8369906
7293,20250612_WGS_20250612_sc_PICA0119-PICA0146_Pool_4_CACAGAACAGCATCCA,3.343437433242798,1.1568157256671574,1.462406726770315,0.018604206725750767,0.06696019015541498,0.06603913335354195,223.0,CD56_dim CD16+ NK,0.9955157
7303,20250612_WGS_20250612_sc_PICA0119-PICA0146_Pool_4_CACTATTGTGCGAGAG,3.365046739578247,2.110792774237532,3.9467943918766943,0.0011106194557814328,0.00901954844097518,0.008797949014789763,314.0,CD56_dim CD16+ NK,0.6624204
7308,20250612_WGS_20250612_sc_PICA0119-PICA0146_Pool_4_CACTTTCAGAGTCCAC,3.721468925476074,0.9278716727541607,2.7224924008100584,0.00023453899891188147,0.0030764895849280218,0.0029836922481699616,145.0,CD56_dim CD16+ NK,0.8137931
7315,20250612_WGS_20250612_sc_PICA0119-PICA0146_Pool_4_CAGTATAGTAGTCTCC,3.399277687072754,1.5702002007643916,2.8360323004647205,0.006439944951213232,0.03170409680879638,0.03113028984947714,283.0,CD56_dim CD16+ NK,0.8551237
7321,20250612_WGS_20250612_sc_PICA0119-PICA0146_Pool_4_CATACGGGTCAGGATT,3.1306445598602295,3.047799429535372,1.9016173623371828,0.00021785305562218142,0.002896181445255208,0.002808784266469395,556.0,CD56_dim CD16+ NK,0.97482014
7324,20250612_WGS_20250612_sc_PICA0119-PICA0146_Pool_4_CATATCGAGAGGCCAA,3.41457200050354,2.0882709074296635,3.518556882594405,0.0006929935984349456,0.006545234840060066,0.006373319470367607,289.0,CD56_dim CD16+ NK,0.67128026
7326,20250612_WGS_20250612_sc_PICA0119-PICA0146_Pool_4_CATCGCGAGCAGTATT,3.825106382369995,30.933497505323185,-2.879258482219296,0.00013950558239919083,0.0021372775928684743,0.002069481019896453,191.0,CD56_dim CD16+ NK,0.65445024
7331,20250612_WGS_20250612_sc_PICA0119-PICA0146_Pool_4_CATTATCGTAGGCGGA,3.373324155807495,2.7379804027810626,4.1552515027188495,8.05255064569388e-05,0.0014422850256496438,0.0013935803751643524,356.0,CD56_dim CD16+ NK,0.66853935
7333,20250612_WGS_20250612_sc_PICA0119-PICA0146_Pool_4_CCAAAGGAGAAATTGG,3.611220359802246,0.8199642043456709,-1.698429973700811,0.020455557708904417,0.0715649523491334,0.0705954917108104,127.0,CD56_dim CD16+ NK,0.9133858
7335,20250612_WGS_20250612_sc_PICA0119-PICA0146_Pool_4_CCAACAGGTGCGCTGG,3.3750576972961426,2.041031428103019,4.136892397912513,0.0027499144164666125,0.017199623439119113,0.016835435573026768,357.0,CD56_dim CD16+ NK,0.7086835
7337,20250612_WGS_20250612_sc_PICA0119-PICA0146_Pool_4_CCACCGTTCCAAGCTA,3.538578510284424,1.5516027693971464,1.8165953165658608,0.003370775172557982,0.019994717179946754,0.019586775076137167,235.0,CD56_dim CD16+ NK,0.98723406
7338,20250612_WGS_20250612_sc_PICA0119-PICA0146_Pool_4_CCACTGACACGGGTCT,3.9446349143981934,21.633592087523077,-1.8788512520823055,0.004569588773990571,0.02465225575716381,0.02418854381421788,239.0,CD56_dim CD16+ KLRC2+ NK,0.8284519
7341,20250612_WGS_20250612_sc_PICA0119-PICA0146_Pool_4_CCAGATTCAAGCGTTT,3.124234914779663,3.596152818246621,2.3918509657995584,0.00607727397241764,0.03023597267792231,0.029684987024422172,603.0,CD56_dim CD16+ NK,0.67330015
7343,20250612_WGS_20250612_sc_PICA0119-PICA0146_Pool_4_CCAGGGACAATGGACA,3.154768943786621,2.325753285430519,1.1197327660111593,0.02685019542889573,0.08590492860345951,0.08482420638637375,446.0,CD56_dim CD16+ NK,0.97309417
7345,20250612_WGS_20250612_sc_PICA0119-PICA0146_Pool_4_CCAGTGAGTATCATCT,3.3603131771087646,1.517756721661033,2.043826549622987,0.0015641258450581493,0.01140826211464933,0.011148890580462393,279.0,CD56_dim CD16+ NK,0.9749104
7347,20250612_WGS_20250612_sc_PICA0119-PICA0146_Pool_4_CCATACAAGGCCATAC,3.241877555847168,11.71558696976902,3.2763419833518297,0.0022238168512123575,0.014762007952353728,0.014437092078488638,351.0,CD56_dim CD16+ NK,0.73789173
7349,20250612_WGS_20250612_sc_PICA0119-PICA0146_Pool_4_CCATCATTCCTTATCA,3.4636032581329346,11.516114145940772,3.3396011995088073,0.0039780932519143395,0.02240605867616247,0.021965914991396773,269.0,CD56_dim CD16+ NK,0.7769517
7350,20250612_WGS_20250612_sc_PICA0119-PICA0146_Pool_4_CCATCGCTCCTATCCG,3.265944242477417,2.167417308620931,1.552665068743725,0.006608133298504088,0.03219422409671799,0.031607378557130306,380.0,CD56_dim CD16+ NK,0.9894737
7351,20250612_WGS_20250612_sc_PICA0119-PICA0146_Pool_4_CCCACGAAGGCTGGTT,3.4108314514160156,0.9252386154337671,1.5408941929069357,0.028664309977652912,0.09009959080723001,0.08899291109095737,173.0,CD56_dim CD16+ NK,0.9884393
7352,20250612_WGS_20250612_sc_PICA0119-PICA0146_Pool_4_CCCACTATCACAATAC,3.2901899814605713,3.1001327922694797,-1.047555696632278,0.02979184627958017,0.09246360356022187,0.09135000534059584,427.0,CD56_dim CD16+ NK,0.9976581
7360,20250612_WGS_20250612_sc_PICA0119-PICA0146_Pool_4_CCGATACAGCTTGGCG,4.2327375411987305,43.60286255716948,3.0338930426921666,0.0002795046390351598,0.0034838267435629592,0.0033824305970901864,179.0,CD56_dim CD16+ KLRC2+ NK,0.99441344
7363,20250612_WGS_20250612_sc_PICA0119-PICA0146_Pool_4_CCGTGATAGCAACAGG,3.1222126483917236,23.415055972155812,1.3035087096413627,0.00784644921844977,0.036267613050478445,0.03563205263860058,654.0,CD56_dim CD16+ NK,0.9785933
7367,20250612_WGS_20250612_sc_PICA0119-PICA0146_Pool_4_CCTACGACACCCTAAG,3.660155773162842,1.030971028456932,3.1738567976509313,0.004001222470036935,0.022484907331622273,0.022044743695349485,163.0,CD56_dim CD16+ NK,0.76687115
7377,20250612_WGS_20250612_sc_PICA0119-PICA0146_Pool_4_CCTTCCGCAGCTACCA,3.8241817951202393,0.7660335631855351,-1.6505513452340095,0.016669316363092247,0.061770135181455,0.06091794673487873,149.0,CD56_dim CD16+ NK,1.0
7379,20250612_WGS_20250612_sc_PICA0119-PICA0146_Pool_4_CGAAGGGGTCAATTAG,3.260277271270752,2.156849149815605,2.5874183533344,1.575742792544169e-05,0.00048660320530885916,0.0004689394022543216,378.0,CD56_dim CD16+ NK,0.86243385
7380,20250612_WGS_20250612_sc_PICA0119-PICA0146_Pool_4_CGAAGTACACCTCTCG,3.256319284439087,2.4057699276733553,4.937554559518337,6.433677914005751e-05,0.0012351192304613373,0.0011924407212283202,389.0,CD56_dim CD16+ NK,0.7249357
7381,20250612_WGS_20250612_sc_PICA0119-PICA0146_Pool_4_CGAAGTTGTACGAAAG,3.1038670539855957,3.0327559547744256,1.9668618854280688,0.02023384070178344,0.07106009438619203,0.07008982807698415,547.0,Mixed,0.5776965
7382,20250612_WGS_20250612_sc_PICA0119-PICA0146_Pool_4_CGACGCATCACTAAAC,3.7719225883483887,1.1186587880755312,-1.5161584854019,0.021701944586715875,0.07407687322374847,0.07310316283247792,177.0,CD56_dim CD16+ NK,0.86440676
7384,20250612_WGS_20250612_sc_PICA0119-PICA0146_Pool_4_CGATAAGCAATCCGGC,3.365149974822998,11.55006641598558,1.2433824657372032,0.012685247521664656,0.05070709444974642,0.049960677035913954,314.0,CD56_dim CD16+ NK,0.9936306
7388,20250612_WGS_20250612_sc_PICA0119-PICA0146_Pool_4_CGCATACAGGCCTGCA,3.2358627319335938,3.3708553714203804,3.216244004233844,0.003512376195181484,0.02051315715251631,0.020096308458814927,562.0,CD56_dim CD16+ NK,0.7953737
7393,20250612_WGS_20250612_sc_PICA0119-PICA0146_Pool_4_CGCCATTGTAACTTTC,3.3874528408050537,1.8966362805331258,4.468817378136916,0.00011761214385606488,0.0018838979335383662,0.0018223723503101408,330.0,CD56_dim CD16+ NK,0.8272727
7394,20250612_WGS_20250612_sc_PICA0119-PICA0146_Pool_4_CGCCCAAAGGTAAGTA,3.4690816402435303,21.801976533706117,-3.144234708447447,4.601561109482528e-07,4.578785706011352e-05,4.348327333090782e-05,322.0,CD56_dim CD16+ NK,0.99378884
7395,20250612_WGS_20250612_sc_PICA0119-PICA0146_Pool_4_CGCCGTTTCGCATACA,3.5174074172973633,1.0796561818321035,3.030267618356647,0.0247894262747658,0.08121072106176186,0.0801934326262345,189.0,CD56_dim CD16+ NK,0.75132275
7397,20250612_WGS_20250612_sc_PICA0119-PICA0146_Pool_4_CGCGCATCAGTGATTC,3.6394217014312744,1.3984948655187448,2.7122205267911492,0.01906646867026819,0.06812614540109246,0.06719464045381286,205.0,CD56_dim CD16+ NK,0.6682927
7403,20250612_WGS_20250612_sc_PICA0119-PICA0146_Pool_4_CGCTCTGGTAGCGTTG,3.533114433288574,11.32804278979067,2.891045114375682,0.012388468985333415,0.049739383691843525,0.049002508070289476,256.0,CD56_dim CD16+ NK,0.7421875
7405,20250612_WGS_20250612_sc_PICA0119-PICA0146_Pool_4_CGCTTTCCAAAACCTC,3.5888264179229736,0.8752282475605533,3.94654019601399,0.0033325861644717893,0.01981249626204683,0.01940601486056505,152.0,CD56_dim CD16+ NK,0.7105263
7406,20250612_WGS_20250612_sc_PICA0119-PICA0146_Pool_4_CGGATTCAGCACTTTC,3.4752442836761475,1.2969065529255985,3.76703156719954,0.010668433618622025,0.04489309678643553,0.04418175583672959,259.0,CD56_dim CD16+ NK,0.73745173
7408,20250612_WGS_20250612_sc_PICA0119-PICA0146_Pool_4_CGGCAATTCAGAATAG,3.2920713424682617,11.781267634224744,2.9048616084816787,0.0027827066048681593,0.017327713504776382,0.01696032637029016,383.0,CD56_dim CD16+ NK,0.6762402
7413,20250612_WGS_20250612_sc_PICA0119-PICA0146_Pool_4_CGGTATGGTCAAAGCT,3.2173497676849365,2.7781200243558994,4.443492457111574,9.25935597964573e-05,0.0015780954282956763,0.0015248331351090346,411.0,Mixed,0.5328467
7418,20250612_WGS_20250612_sc_PICA0119-PICA0146_Pool_4_CGTACGCCAGTGGCAG,3.4297564029693604,1.5048309578795065,3.4555758311440594,0.00913737867506705,0.04032809916132864,0.039668146412567294,249.0,CD56_dim CD16+ NK,0.7630522
7425,20250612_WGS_20250612_sc_PICA0119-PICA0146_Pool_4_CGTGGGTGTACTAATG,3.4993507862091064,1.8635002520348027,1.590686305022912,0.003749724400377146,0.02141364351774798,0.020983484906296913,254.0,CD56_dim CD16+ NK,0.87401575
7426,20250612_WGS_20250612_sc_PICA0119-PICA0146_Pool_4_CGTTAATAGCATCGAC,3.8557324409484863,21.499212191604403,-1.6840270412261378,0.020354057092690846,0.0713550948114226,0.07038362028137111,266.0,CD56_dim CD16+ KLRC2+ NK,0.7406015
7427,20250612_WGS_20250612_sc_PICA0119-PICA0146_Pool_4_CGTTAATAGCTTGAAT,3.215651512145996,2.8735819338814466,4.3900971784851235,0.0001974340955465942,0.002700338339249337,0.002619189820504662,534.0,CD56_dim CD16+ NK,0.747191
7433,20250612_WGS_20250612_sc_PICA0119-PICA0146_Pool_4_CTAACGTCAAAGTGCA,3.3061208724975586,2.330227839458487,3.8083332401171015,8.141923479015578e-05,0.0014491181819393589,0.001400152925257263,360.0,CD56_dim CD16+ NK,0.60555553
7440,20250612_WGS_20250612_sc_PICA0119-PICA0146_Pool_4_CTACTGCGTGCCTCTG,3.3145925998687744,11.50936468201702,3.3102142548083027,0.004045324073737389,0.022642322414992623,0.022202042505962225,337.0,CD56_dim CD16+ NK,0.8011869
7447,20250612_WGS_20250612_sc_PICA0119-PICA0146_Pool_4_CTATACACAACGACCC,3.1887688636779785,13.920688683494863,4.417449519738763,2.369802194369482e-06,0.00013999984270541237,0.00013406454775215763,582.0,CD56_dim CD16+ NK,0.6993127
7448,20250612_WGS_20250612_sc_PICA0119-PICA0146_Pool_4_CTATCGCGTCCGTAAG,3.391453742980957,1.364874991685729,2.0670236938669864,0.019948088543959856,0.07028205302094011,0.06932799495990728,217.0,CD56_dim CD16+ NK,0.77880186
7456,20250612_WGS_20250612_sc_PICA0119-PICA0146_Pool_4_CTCGGTACAACAGAGC,3.2610549926757812,2.1192059329303836,3.665458004130603,0.0005748798915940175,0.005761080175068837,0.005602249551257353,337.0,CD56_dim CD16+ KLRC2+ NK,0.6439169
7460,20250612_WGS_20250612_sc_PICA0119-PICA0146_Pool_4_CTCTCGATCCTGACAA,3.5514976978302,1.3461572280488516,3.0781903040866303,0.002304241672528254,0.015138050311384717,0.014808526795993027,240.0,CD56_dim CD16+ NK,0.76666665
7462,20250612_WGS_20250612_sc_PICA0119-PICA0146_Pool_4_CTGCACACAAATTCCA,3.2175049781799316,2.0696889690717404,1.3990167755270742,0.014518441395748316,0.05575873925517219,0.054948695250589694,375.0,CD56_dim CD16+ NK,0.9813333
7466,20250612_WGS_20250612_sc_PICA0119-PICA0146_Pool_4_CTGTAATAGCCATTAG,3.3134055137634277,1.7914761370030816,1.3823403168320367,0.028856096005048463,0.09047148368737505,0.08935398952096577,353.0,CD56_dim CD16+ NK,0.8611898
7467,20250612_WGS_20250612_sc_PICA0119-PICA0146_Pool_4_CTGTACCGTCTCATTG,3.435899019241333,1.6814693555970857,3.801168742212926,0.0012653021362576825,0.009814560113601913,0.009579789565248025,277.0,CD56_dim CD16+ NK,0.8267148
7468,20250612_WGS_20250612_sc_PICA0119-PICA0146_Pool_4_CTGTGAGGTCGCATTC,3.799501657485962,2.2954546625454046,-2.0406297514838236,0.0009820698551869845,0.008275765734343016,0.008068786706661222,236.0,CD56_dim CD16+ NK,0.6822034
7469,20250612_WGS_20250612_sc_PICA0119-PICA0146_Pool_4_CTGTTGCGTACAAGGA,3.571990966796875,1.2149563764873286,3.512586513914427,0.0011136187745019442,0.009036456793755067,0.00881468779186976,186.0,CD56_dim CD16+ NK,0.6935484
7472,20250612_WGS_20250612_sc_PICA0119-PICA0146_Pool_4_CTTCGTTAGGCCATAC,3.3822786808013916,1.8491571208336954,3.692408013516131,0.007369856664307795,0.034820363549206756,0.03420054493942631,252.0,Mixed,0.5793651
7474,20250612_WGS_20250612_sc_PICA0119-PICA0146_Pool_4_GCAAAGGTCGCACTCC,3.6329197883605957,0.9037965026648302,1.7126935315510037,0.007620437996763373,0.03566220176062518,0.03503757518320036,170.0,CD56_dim CD16+ NK,0.9117647
7479,20250612_WGS_20250612_sc_PICA0119-PICA0146_Pool_4_GCAATCTCACGACGGA,4.012065887451172,55.336767595532066,1.7687870592284378,0.013334807256781479,0.052481496718559464,0.051706987743833366,298.0,CD56_dim CD16+ KLRC2+ NK,0.9932886
7480,20250612_WGS_20250612_sc_PICA0119-PICA0146_Pool_4_GCACAACTCCGGACCA,3.432220458984375,2.0407642129604886,3.90031731881751,0.00018668662848838095,0.002572756542015998,0.0024947472908103743,316.0,CD56_dim CD16+ NK,0.7468355
7482,20250612_WGS_20250612_sc_PICA0119-PICA0146_Pool_4_GCAGGATCAACTAACC,3.29733943939209,2.3829379909079957,4.630702504659543,6.926183002624577e-05,0.0012971450334383025,0.001252882967553506,356.0,CD56_dim CD16+ NK,0.60955054
7483,20250612_WGS_20250612_sc_PICA0119-PICA0146_Pool_4_GCAGTGAAGATCACAT,3.28196120262146,2.479455469175098,4.148231519653284,4.0443291295337995e-05,0.0009330371488299171,0.0008998726896689768,448.0,CD56_dim CD16+ NK,0.74553573
7484,20250612_WGS_20250612_sc_PICA0119-PICA0146_Pool_4_GCCAAGGCACATAGCT,3.4372763633728027,1.0411189215795105,1.9380589339481038,0.0028781618447667368,0.017764894945361605,0.017388262132173163,184.0,CD56_dim CD16+ NK,0.9945652
7491,20250612_WGS_20250612_sc_PICA0119-PICA0146_Pool_4_GCGAATACACGTAATC,3.3180575370788574,2.8724246423493973,5.465681808515378,2.4379768270228995e-07,2.9650012003706893e-05,2.8184234846347755e-05,437.0,CD56_dim CD16+ NK,0.65675056
7498,20250612_WGS_20250612_sc_PICA0119-PICA0146_Pool_4_GCGTAACTCATTCATT,3.2630245685577393,12.44989705281623,1.9704846028421896,0.00030007965162214114,0.0036308293536616775,0.0035255447205159015,413.0,CD56_dim CD16+ NK,0.98789346
7501,20250612_WGS_20250612_sc_PICA0119-PICA0146_Pool_4_GCGTAGGCACGGAAAC,3.4472782611846924,11.43532282783761,3.304445882294599,0.0009573185421750426,0.00814382120808838,0.007937785542445642,240.0,CD56_dim CD16+ NK,0.75416666
7507,20250612_WGS_20250612_sc_PICA0119-PICA0146_Pool_4_GCTACCACACAAGGGT,3.3736493587493896,1.8223570929983384,3.776227261588878,0.0021604303503654975,0.014448336307841491,0.014133795874776063,323.0,CD56_dim CD16+ NK,0.7306501
7520,20250612_WGS_20250612_sc_PICA0119-PICA0146_Pool_4_GGACCCATCGGTCCCT,3.342841386795044,1.758930174061542,3.3093769644097644,0.0013051266927613275,0.010020890920024814,0.009781348450607333,277.0,CD56_dim CD16+ NK,0.66064984
7523,20250612_WGS_20250612_sc_PICA0119-PICA0146_Pool_4_GGACTATGTCTTGGTC,3.3608977794647217,1.419115370335101,1.3021940289967473,0.020324130955954978,0.07127554789858045,0.07030278111835565,268.0,CD56_dim CD16+ NK,0.9925373
7533,20250612_WGS_20250612_sc_PICA0119-PICA0146_Pool_4_GGATTTAGTCGTGGGT,3.4854207038879395,2.0410136945221433,2.989084753495805,0.005692677589249415,0.028906477799843292,0.028372054389067286,279.0,CD56_dim CD16+ NK,0.65232974
7538,20250612_WGS_20250612_sc_PICA0119-PICA0146_Pool_4_GGCTAACTCCTACTTA,3.499852418899536,1.335922679347767,2.988742411724025,0.004527636672391494,0.02447955480775445,0.024016281863856626,221.0,CD56_dim CD16+ NK,0.7692308
7539,20250612_WGS_20250612_sc_PICA0119-PICA0146_Pool_4_GGCTAACTCGCGACAT,3.448599338531494,11.0984889400549,1.8848760604385284,0.0031072092999324084,0.018806730533765238,0.018413307429936077,189.0,CD56_dim CD16+ NK,0.994709
7542,20250612_WGS_20250612_sc_PICA0119-PICA0146_Pool_4_GGCTGAAAGATGCGAG,3.1387243270874023,2.4854313277118116,1.255172536554318,0.009070981982691136,0.040088938318299856,0.03943381703722325,502.0,CD56_dim CD16+ NK,0.99800795
7544,20250612_WGS_20250612_sc_PICA0119-PICA0146_Pool_4_GGGAGTGGTATTGCCC,3.519747257232666,1.481028300436411,-1.3450417373372812,0.024946922777922098,0.08150982961370169,0.08048982245005246,284.0,CD56_dim CD16+ NK,0.9894366
7547,20250612_WGS_20250612_sc_PICA0119-PICA0146_Pool_4_GGGTATGAGCCTAGAC,3.2999799251556396,1.8876671436912338,1.5319462462697586,0.004253455655163667,0.02344756108506843,0.022992492913114667,362.0,CD56_dim CD16+ NK,0.99723756
7559,20250612_WGS_20250612_sc_PICA0119-PICA0146_Pool_4_GGTAATTTCACAAGCC,3.298509359359741,12.076345056959177,-1.7314998257684744,0.005722815669419389,0.02902690971789488,0.02849032112243784,363.0,CD56_dim CD16+ NK,0.9972452
7563,20250612_WGS_20250612_sc_PICA0119-PICA0146_Pool_4_GGTAGGGGTCCAGTTC,3.1280152797698975,4.499324034358487,4.514119478724833,1.4685539203126392e-06,0.00010483133818115804,0.00010006026202766664,768.0,Mixed,0.59765625
7564,20250612_WGS_20250612_sc_PICA0119-PICA0146_Pool_4_GGTAGTGAGCTATAAC,3.2020046710968018,4.976809254132695,1.7003905421629828,0.00048427653536373496,0.005080519861414433,0.004940635154792753,502.0,CD56_dim CD16+ NK,0.9721116
7573,20250612_WGS_20250612_sc_PICA0119-PICA0146_Pool_4_GTAATTATCCTGGGTG,3.3612966537475586,12.078190182001936,3.596919999233695,4.244103163867122e-05,0.0009576466285518312,0.0009238674506346446,353.0,CD56_dim CD16+ NK,0.8385269
7576,20250612_WGS_20250612_sc_PICA0119-PICA0146_Pool_4_GTACGTCAGCGGGTAA,3.3875744342803955,1.3601109628475418,3.657420144781262,0.001522891600680876,0.011203887347503591,0.010942582216152597,305.0,CD56_dim CD16+ NK,0.60655737
7579,20250612_WGS_20250612_sc_PICA0119-PICA0146_Pool_4_GTATAGTTCGCAAACC,3.3030498027801514,2.9411817600115584,4.067559439660354,0.0005338822979245702,0.005480286378429821,0.005331022993432995,452.0,CD56_dim CD16+ NK,0.71902657
7581,20250612_WGS_20250612_sc_PICA0119-PICA0146_Pool_4_GTCATACCAATAGGCA,3.267817974090576,2.211102201225355,3.71546789427209,0.00011364456312874001,0.001835266543247898,0.0017753279245264913,357.0,CD56_dim CD16+ NK,0.6582633
7582,20250612_WGS_20250612_sc_PICA0119-PICA0146_Pool_4_GTCATGGGTGTAATTG,3.211987257003784,2.0760020561000783,4.460854322535928,0.0036762098866216834,0.021116235331259593,0.02069175597469503,433.0,CD56_dim CD16+ NK,0.74364895
7586,20250612_WGS_20250612_sc_PICA0119-PICA0146_Pool_4_GTCGCACCACATCATA,3.6582560539245605,1.430125566791904,-1.3758471277533686,0.011145540428612528,0.046171033962263255,0.045458140194966246,252.0,CD56_dim CD16+ NK,0.99206346
7587,20250612_WGS_20250612_sc_PICA0119-PICA0146_Pool_4_GTCGCGGGTCACGCCC,3.8425493240356445,2.508920794905216,1.5894272749037048,0.008096592364687927,0.036942812128087435,0.03631612410555461,219.0,CD56_dim CD16+ NK,1.0
7589,20250612_WGS_20250612_sc_PICA0119-PICA0146_Pool_4_GTCGTCTGTGTCGATG,3.443274974822998,2.2202728129663454,-1.3832510649159988,0.022707749344651734,0.07627195474292665,0.07528414295104202,227.0,CD56_dim CD16+ NK,0.99559474
7590,20250612_WGS_20250612_sc_PICA0119-PICA0146_Pool_4_GTCGTGAGTCTAAGTA,3.4574711322784424,4.1351832754896805,1.5941063123262524,0.01055835080767045,0.044639619659382665,0.043930128418168714,295.0,CD56_dim CD16+ NK,1.0
7591,20250612_WGS_20250612_sc_PICA0119-PICA0146_Pool_4_GTCTAACCACACCTCT,3.497213840484619,1.4850574970412604,3.381801394029705,0.004812105956411567,0.02558232907534287,0.02510625611975383,276.0,CD56_dim CD16+ NK,0.79347825
7597,20250612_WGS_20250612_sc_PICA0119-PICA0146_Pool_4_GTGAGTTGTGGTGATT,3.481598138809204,1.8318023062218456,2.006758594053841,0.00021645201496888465,0.002885622181163757,0.0027988455985525555,301.0,CD56_dim CD16+ NK,0.9900332
7598,20250612_WGS_20250612_sc_PICA0119-PICA0146_Pool_4_GTGCAATGTCGCTGCC,3.6748366355895996,0.85034954186739,1.5302470148916556,0.025130483323691912,0.08187148850961351,0.08084757878070292,160.0,CD56_dim CD16+ NK,1.0
7600,20250612_WGS_20250612_sc_PICA0119-PICA0146_Pool_4_GTGCCATAGGCTTGAC,3.4238808155059814,1.1476011210157357,3.00461080465557,0.01610807422298736,0.060334843791121105,0.05947899211763312,232.0,CD56_dim CD16+ NK,0.8189655
7604,20250612_WGS_20250612_sc_PICA0119-PICA0146_Pool_4_GTGGTTATCACAGATT,3.4321365356445312,1.1946261651368197,1.460594717021507,0.016557113764349908,0.06150231059299056,0.060649411285784924,214.0,CD56_dim CD16+ NK,1.0
7609,20250612_WGS_20250612_sc_PICA0119-PICA0146_Pool_4_GTTAAGTTCAGGCACT,3.4784135818481445,1.0259267581086327,3.329808083281762,0.026647132167005663,0.0854822127351802,0.08441170344468156,206.0,CD56_dim CD16+ NK,0.815534
7618,20250612_WGS_20250612_sc_PICA0119-PICA0146_Pool_4_GTTGAAGCACCTTACC,3.4830074310302734,1.525671374413919,2.3169805475026632,0.011712415746803966,0.04787510685550451,0.04713912319429983,271.0,CD56_dim CD16+ NK,0.71955717
7626,20241106_WGS_20241106_sc_PICA0033-PICA0069_Pool_3_AAGTAGCAGCAAGCTC,3.635887861251831,2.649474689027664,-2.37473770868634,0.0008805233707949332,0.007730869630749453,0.007531871063594293,220.0,CD56_dim CD16+ NK,0.9727273
7628,20241106_WGS_20241106_sc_PICA0033-PICA0069_Pool_3_AATTCAGGTACAAGTC,3.251366138458252,1.6941630381650254,1.1225983929780994,0.02572087450073905,0.08337490447738742,0.08233435500775038,313.0,CD56_dim CD16+ NK,0.98083067
7639,20241106_WGS_20241106_sc_PICA0033-PICA0069_Pool_3_AGACAATCAAGGGCAT,3.5703859329223633,1.0992756584667416,-2.260040255552281,0.0016686456069377746,0.011973560686564914,0.011704125860804404,177.0,CD56_dim CD16+ NK,0.96045196
7641,20241106_WGS_20241106_sc_PICA0033-PICA0069_Pool_3_AGGGCATCAACAGACA,3.436406135559082,1.9317455597861395,-1.4828537957383463,0.006831776117734944,0.03300536137234793,0.032411434787314904,270.0,CD56_dim CD16+ NK,0.9962963
7642,20241106_WGS_20241106_sc_PICA0033-PICA0069_Pool_3_AGTACGACAAGGTTAG,3.5878241062164307,1.9537241269499042,-3.4225620031971236,5.055349919814066e-05,0.0010506382291157882,0.0010140742999599972,230.0,CD56_dim CD16+ NK,0.9826087
7643,20241106_WGS_20241106_sc_PICA0033-PICA0069_Pool_3_AGTCGAACAAGTCGGG,3.638481378555298,1.915403878637617,-1.8291192318137721,0.0029292064536550395,0.018023493301034227,0.01763942353745022,299.0,CD56_dim CD16+ NK,0.99331105
7644,20241106_WGS_20241106_sc_PICA0033-PICA0069_Pool_3_AGTGATCGTCCAAGAT,3.406208038330078,1.6513363312307605,-1.6501229799667805,0.03030254894603477,0.09345974003362195,0.09235277589005458,271.0,CD56_dim CD16+ NK,1.0
7645,20241106_WGS_20241106_sc_PICA0033-PICA0069_Pool_3_ATAAGCTTCATAGTCG,3.387868881225586,1.3244861246130388,1.7244073960489708,0.008259465939160528,0.037443165654243146,0.0368140524129863,229.0,CD56_dim CD16+ NK,0.9781659
7647,20241106_WGS_20241106_sc_PICA0033-PICA0069_Pool_3_ATGAAGGGTCGGTGTA,3.5911660194396973,11.197057394122158,-1.50671359242326,0.016620811527654072,0.06169239425731735,0.06083839774538043,215.0,CD56_dim CD16+ NK,0.82325584
7652,20241106_WGS_20241106_sc_PICA0033-PICA0069_Pool_3_CAATCGATCATAATGC,3.167715072631836,1.948668603533608,1.8030732440440795,0.0026955876476726175,0.017005011453609206,0.016638977416450856,384.0,CD56_dim CD16+ NK,0.9791667
7659,20241106_WGS_20241106_sc_PICA0033-PICA0069_Pool_3_CCAGATGGTCTAGTGG,3.470179557800293,2.4298971175693653,-1.6124336098234853,0.0321795196140819,0.09762143135390616,0.09646777637670378,292.0,CD56_dim CD16+ NK,0.9794521
7663,20241106_WGS_20241106_sc_PICA0033-PICA0069_Pool_3_CCTTCAGTCACGCGCA,3.7512171268463135,1.2108458952766945,-2.2269438700149142,0.0016688355316875063,0.011973560686564914,0.011704125860804404,218.0,CD56_dim CD16+ NK,0.9954128
7665,20241106_WGS_20241106_sc_PICA0033-PICA0069_Pool_3_CGCACATAGCGGTTTA,3.8611512184143066,2.50131712326509,-2.025709681260659,0.011238469697842795,0.04647781905686372,0.0457612170766052,174.0,CD56_dim CD16+ NK,0.99425286
7666,20241106_WGS_20241106_sc_PICA0033-PICA0069_Pool_3_CGGCAATTCGGCTCTC,4.0045247077941895,1.125832403826151,-2.3903406350933096,0.0004485275844501416,0.004802657863498201,0.004670055976336559,195.0,CD56_dim CD16+ NK,0.9948718
7667,20241106_WGS_20241106_sc_PICA0033-PICA0069_Pool_3_CGGCTACCAGGAAGCT,3.6900527477264404,1.3674270820829053,-2.290932597839554,0.0005398973481700942,0.005528616192124323,0.005378009433621479,210.0,CD56_dim CD16+ NK,0.9285714
7668,20241106_WGS_20241106_sc_PICA0033-PICA0069_Pool_3_CGGGATTTCAGCGTGT,3.7683210372924805,2.105045081618598,-3.8036837842208975,0.0006400473873480024,0.006186058196731761,0.006021507866895436,150.0,CD56_dim CD16+ NK,0.99333334
7670,20241106_WGS_20241106_sc_PICA0033-PICA0069_Pool_3_CGTATAGTCACCATCT,3.969294309616089,1.2032410073289739,-2.0751539753747363,0.0015603726996197126,0.01140826211464933,0.011148890580462393,158.0,CD56_dim CD16+ NK,0.93037975
7671,20241106_WGS_20241106_sc_PICA0033-PICA0069_Pool_3_CTAAATGGTGTAAAGG,3.450747489929199,3.5210504286184268,-3.425210328348142,2.2966936636747736e-08,6.855978569957635e-06,6.500617990493805e-06,311.0,CD56_dim CD16+ NK,0.99678457
7672,20241106_WGS_20241106_sc_PICA0033-PICA0069_Pool_3_CTAACCCGTGGCGCAT,3.696378469467163,0.8565122783264584,-1.5405504735243507,0.024968194862911672,0.08152525276584119,0.080505367594069,151.0,CD56_dim CD16+ NK,0.9072848
7674,20241106_WGS_20241106_sc_PICA0033-PICA0069_Pool_3_CTGACTCGTGGCTTTC,3.7858481407165527,12.487188519817039,-1.715533105510681,0.013044019946835392,0.05175056000655475,0.05098903043825384,345.0,CD56_dim CD16+ KLRC2+ NK,0.95652175
7675,20241106_WGS_20241106_sc_PICA0033-PICA0069_Pool_3_GCCCAATAGAAGCGTG,3.5957512855529785,1.3010142830035074,-1.8144202985655633,0.008315575204761639,0.037628264282088604,0.036999954612704306,203.0,CD56_dim CD16+ NK,0.8374384
7681,20241106_WGS_20241106_sc_PICA0033-PICA0069_Pool_3_GGATTGTGTGGTTGTG,3.41603422164917,11.263626206718946,-1.4890871585005987,0.015901918760085645,0.05969885735731848,0.05884624668233502,246.0,CD56_dim CD16+ NK,0.99593496
7688,20241106_WGS_20241106_sc_PICA0033-PICA0069_Pool_3_GGTTCCGAGGTTAGTT,3.786297082901001,11.410810308708156,-1.6556491808083582,0.014933608016715588,0.05691370793161017,0.05608735828418021,188.0,CD56_dim CD16+ NK,0.61170214
7689,20241106_WGS_20241106_sc_PICA0033-PICA0069_Pool_3_GTAACCTCAGTCAAGA,3.5720295906066895,2.0662225281173074,-2.3453221534454354,4.304719098070911e-05,0.0009576466285518312,0.0009238674506346446,293.0,CD56_dim CD16+ NK,0.7542662
7690,20241106_WGS_20241106_sc_PICA0033-PICA0069_Pool_3_GTAATTATCAATATTG,3.4053943157196045,1.7422915844760747,-1.5575861809593579,0.003582422276623975,0.02071249364207542,0.02029598593803762,309.0,CD56_dim CD16+ NK,0.8996764
7691,20241106_WGS_20241106_sc_PICA0033-PICA0069_Pool_3_GTATAGTTCCGTTTCG,3.4328339099884033,3.534340768310371,-2.0077939448545616,0.0005914703123511239,0.005885428330273658,0.005723583745705501,306.0,CD56_dim CD16+ NK,0.97712415
7692,20241106_WGS_20241106_sc_PICA0033-PICA0069_Pool_3_GTCATCGCAGTGCGTC,4.178897857666016,10.936307388323225,-2.585106677994975,0.0034516693106313354,0.020308834332494283,0.01989951543796133,158.0,CD56_dim CD16+ KLRC2+ NK,0.9556962
7694,20241106_WGS_20241106_sc_PICA0033-PICA0069_Pool_3_GTGAGCTTCACCTTCG,3.9184837341308594,1.0515410176028315,1.7719083357014374,0.0076508933216598764,0.035719881569512536,0.035094649004618,149.0,CD56_dim CD16+ NK,1.0
7697,20241106_WGS_20241106_sc_PICA0033-PICA0069_Pool_3_GTTGAAGCAACAATCC,3.0661818981170654,5.532086101668501,1.656046975263121,0.00036788725977615784,0.00421402022797085,0.004094560798512053,835.0,CD56_dim CD16+ NK,0.9772455
7698,20241106_WGS_20241106_sc_PICA0033-PICA0069_Pool_3_GTTGCCACACGTAATC,4.856873035430908,0.6615264710343931,-2.5557603716862474,0.0035616536561345383,0.02066343953344065,0.02024803895787792,94.0,CD56_dim CD16+ KLRC2+ NK,0.87234044
7699,20241106_WGS_20241106_sc_PICA0033-PICA0069_Pool_2_AAAGCAATCGCAGTGT,3.559873342514038,10.900180387774892,2.7283316465785243,2.733029618502412e-05,0.0007029523439129833,0.0006780657428385972,179.0,CD56_dim CD16+ NK,0.9888268
7706,20241106_WGS_20241106_sc_PICA0033-PICA0069_Pool_2_AACGCTATCCCGCTGT,3.5918309688568115,1.284895302216463,-1.829588350985877,0.004559178597906197,0.024636570690057022,0.024170772208475626,170.0,CD56_dim CD16+ NK,0.9470588
7707,20241106_WGS_20241106_sc_PICA0033-PICA0069_Pool_2_AACGCTGGTGGCACGT,3.3989806175231934,1.6119997545572904,-1.6999821798124137,0.015755881505438284,0.05926353138987115,0.058421140369155224,264.0,CD56_dim CD16+ NK,1.0
7708,20241106_WGS_20241106_sc_PICA0033-PICA0069_Pool_2_AACGTTGTCCAGCAGT,3.431411027908325,1.293085580703424,1.8054633739197457,0.004656948873656133,0.024952308851781506,0.024487011610126078,217.0,CD56_dim CD16+ NK,1.0
7715,20241106_WGS_20241106_sc_PICA0033-PICA0069_Pool_2_AAGGTAATCGCAACGT,3.316141128540039,2.319436981440283,-1.4567098389793205,0.014492294823028237,0.055723495824219815,0.054916843453324364,305.0,CD56_dim CD16+ NK,0.7704918
7716,20241106_WGS_20241106_sc_PICA0033-PICA0069_Pool_2_AAGGTAGGTCAATCCC,3.331817626953125,1.6700362330838603,-1.47311157643488,0.022278500183255053,0.07521725135377287,0.07423984097179039,280.0,CD56_dim CD16+ NK,0.7821429
7717,20241106_WGS_20241106_sc_PICA0033-PICA0069_Pool_2_AAGTGAGGTGGTGGAG,3.2348451614379883,3.070328630719631,2.4816413744956223,1.0240627807765637e-05,0.00036683790739745195,0.00035339088153909777,444.0,CD56_dim CD16+ NK,1.0
7720,20241106_WGS_20241106_sc_PICA0033-PICA0069_Pool_2_AATCGTGTCCATCGGG,3.557520866394043,1.176944870068094,2.842699964109921,0.008197797538293337,0.0372477481096243,0.03662318674601205,191.0,Mixed,0.56020945
7722,20241106_WGS_20241106_sc_PICA0033-PICA0069_Pool_2_AATGCAAAGGGAGTTG,3.2579212188720703,2.495652360571798,2.8507161760921402,0.011800929769422609,0.04809002689885457,0.04735649189215514,363.0,CD56_dim CD16+ NK,0.71625346
7725,20241106_WGS_20241106_sc_PICA0033-PICA0069_Pool_2_ACAATAGAGGCCCCAA,3.6427323818206787,14.577481379155783,2.0740832880093065,0.010653749719550907,0.044850465165511104,0.04413983591673196,294.0,CD56_dim CD16+ NK,0.97619045
7726,20241106_WGS_20241106_sc_PICA0033-PICA0069_Pool_2_ACAATCGTCGCTACTT,3.3826241493225098,1.7520373142916044,4.99588904610479,2.6230234034108876e-05,0.0006817784577045027,0.000657303347205419,264.0,CD56_dim CD16+ NK,0.7234849
7727,20241106_WGS_20241106_sc_PICA0033-PICA0069_Pool_2_ACACAATTCGTGATAT,3.7075212001800537,1.4500616225501384,-1.6569705634185512,0.011277438091595095,0.04658870617106118,0.04587523761914426,239.0,CD56_dim CD16+ NK,0.8995816
7728,20241106_WGS_20241106_sc_PICA0033-PICA0069_Pool_2_ACACTACCAGTCGGAG,3.952472686767578,0.6767962976149647,2.1202776810780795,0.02898665921142608,0.09068149320629788,0.08956741319422469,114.0,CD56_dim CD16+ NK,0.7368421
7730,20241106_WGS_20241106_sc_PICA0033-PICA0069_Pool_2_ACAGACGAGGCTGGAA,3.6306569576263428,1.8919633173094956,-3.1314347789067183,1.610797859825896e-08,5.471713695567208e-06,5.1643950038979335e-06,333.0,CD56_dim CD16+ NK,1.0
7732,20241106_WGS_20241106_sc_PICA0033-PICA0069_Pool_2_ACATAGCGTCAGCCTT,3.8504672050476074,22.175188683719607,-3.1786279730964013,1.413835139917081e-06,0.00010306386689676914,9.840032888980189e-05,388.0,CD56_dim CD16+ KLRC2+ NK,0.83505154
7733,20241106_WGS_20241106_sc_PICA0033-PICA0069_Pool_2_ACATCACCAATGCTTA,3.2049002647399902,12.074340543438502,1.3686417614932378,0.021300143623042923,0.0731872043357502,0.07222145567288864,405.0,CD56_dim CD16+ NK,0.908642
7734,20241106_WGS_20241106_sc_PICA0033-PICA0069_Pool_2_ACATCATAGGTCCAGT,3.242446184158325,2.3376869581898063,5.6144476473566804,9.467084769127398e-06,0.0003454083409654593,0.0003327187115484731,362.0,Mixed,0.50276244
7737,20241106_WGS_20241106_sc_PICA0033-PICA0069_Pool_2_ACCAACATCCTCGAAA,3.3464407920837402,1.3743442528105483,1.4172188786103295,0.007667698492091386,0.035764440267799354,0.03514021284200011,248.0,CD56_dim CD16+ NK,0.9758065
7739,20241106_WGS_20241106_sc_PICA0033-PICA0069_Pool_2_ACCATGCAGAACGAAC,3.386275291442871,2.1577448865215856,1.444127845444664,0.009552855413833659,0.04152920506693529,0.040849719589148945,295.0,CD56_dim CD16+ NK,0.99661016
7740,20241106_WGS_20241106_sc_PICA0033-PICA0069_Pool_2_ACCATTCTCGCGTAGT,3.241926908493042,2.7868634160088686,1.1872514373923302,0.023480178782261708,0.07812652987043442,0.07712011172335471,484.0,CD56_dim CD16+ NK,0.9793388
7743,20241106_WGS_20241106_sc_PICA0033-PICA0069_Pool_2_ACCCCGTTCAGTTGCA,4.145572185516357,10.930333933787333,-2.2432488307277234,0.0003638727695036246,0.004175909281559832,0.004058102606322506,168.0,CD56_dim CD16+ NK,0.61904764
7744,20241106_WGS_20241106_sc_PICA0033-PICA0069_Pool_2_ACCCGTACACAAGCCC,4.11500883102417,20.520477022390622,-3.144690428662841,0.0017799263299343995,0.012542776667831601,0.01226503515117662,150.0,Mixed,0.52666664
7747,20241106_WGS_20241106_sc_PICA0033-PICA0069_Pool_2_ACCTACAAGCCCAGCA,3.5509746074676514,1.8931618240333943,-2.8471621882194666,5.989051254853236e-08,1.1345796906069082e-05,1.0841796245232151e-05,323.0,CD56_dim CD16+ NK,1.0
7749,20241106_WGS_20241106_sc_PICA0033-PICA0069_Pool_2_ACGAAAGGTCGCTCTG,3.9362127780914307,20.889375292222784,-2.2695887241540524,0.008453215274844623,0.038076188236165695,0.03744666879717231,193.0,Mixed,0.59067357
7750,20241106_WGS_20241106_sc_PICA0033-PICA0069_Pool_2_ACGCAATGTGGGGCTT,3.4647934436798096,11.21206665977553,2.3960986184872386,0.0005340650617493278,0.005480286378429821,0.005331022993432995,233.0,CD56_dim CD16+ NK,0.9828326
7751,20241106_WGS_20241106_sc_PICA0033-PICA0069_Pool_2_ACGCAGGCAACATAGG,3.8510782718658447,0.9911703021016327,-2.0328592919074318,0.004189008270917041,0.02318380993835006,0.022735771396754673,173.0,CD56_dim CD16+ NK,0.9884393
7752,20241106_WGS_20241106_sc_PICA0033-PICA0069_Pool_2_ACGCAGGCAACTGTCG,3.3793835639953613,2.1501377083340567,2.70193155751983,7.403271089973023e-07,6.570236352011194e-05,6.253903057162897e-05,287.0,CD56_dim CD16+ NK,0.989547
7755,20241106_WGS_20241106_sc_PICA0033-PICA0069_Pool_2_ACGCCCAAGCAGTATT,3.2830677032470703,2.1781538233939592,1.755201428215171,0.026371887664153264,0.08501026885218156,0.08394701761023307,315.0,CD56_dim CD16+ NK,0.7936508
7757,20241106_WGS_20241106_sc_PICA0033-PICA0069_Pool_2_ACGGTGTTCCGTATAG,3.4422318935394287,1.1927609924655864,-1.327170500941232,0.02653212622856968,0.08537408124127316,0.08430304259405784,214.0,CD56_dim CD16+ NK,0.9859813
7759,20241106_WGS_20241106_sc_PICA0033-PICA0069_Pool_2_ACGTCCACAAGTGCCC,3.305638313293457,1.2258795851348716,1.9993379113318055,0.000495109254392844,0.005150286446698951,0.005009137989494825,246.0,CD56_dim CD16+ NK,0.99593496
7761,20241106_WGS_20241106_sc_PICA0033-PICA0069_Pool_2_ACGTGGGCAATCGGCC,3.3250701427459717,1.0405348761832305,1.5960916080290821,0.010836502631783753,0.04538706948371673,0.04466992457159933,199.0,CD56_dim CD16+ NK,0.9849246
7768,20241106_WGS_20241106_sc_PICA0033-PICA0069_Pool_2_ACTCTCCCACAACGAA,3.202737808227539,33.03668479012294,1.1338745710411398,0.012071887652393459,0.048817801832400635,0.048082436332145095,595.0,CD56_dim CD16+ NK,0.99159664
7773,20241106_WGS_20241106_sc_PICA0033-PICA0069_Pool_2_AGACTCATCCAATCGA,3.3686039447784424,1.0582855184141513,2.240376313575639,0.0018273404798144293,0.012757711599328096,0.012474453490657688,211.0,CD56_dim CD16+ NK,1.0
7774,20241106_WGS_20241106_sc_PICA0033-PICA0069_Pool_2_AGAGTAATCCACATCT,3.262916326522827,3.6687051100241765,2.346598968221024,5.7244324928544285e-05,0.0011461663513640035,0.0011064596056028079,403.0,CD56_dim CD16+ NK,0.99007446
7780,20241106_WGS_20241106_sc_PICA0033-PICA0069_Pool_2_AGGCCCATCGTAGTGC,3.3120949268341064,2.4318724595335444,-1.1309146149934877,0.026941571978425227,0.08608544455383292,0.08500081589105292,394.0,CD56_dim CD16+ NK,0.9137056
7784,20241106_WGS_20241106_sc_PICA0033-PICA0069_Pool_2_AGGGGCTAGCAAGTAA,3.457548141479492,1.2996751756605627,1.9893876674918571,0.00015864638985363952,0.0023430668462491797,0.0022703168109437116,232.0,CD56_dim CD16+ NK,0.9698276
7787,20241106_WGS_20241106_sc_PICA0033-PICA0069_Pool_2_AGTAACGCACTGGGCT,3.386786699295044,1.767563207201937,3.027388623338605,0.012507630001046958,0.05014760404571167,0.04940706176283765,264.0,CD56_dim CD16+ NK,0.8484849
7790,20241106_WGS_20241106_sc_PICA0033-PICA0069_Pool_2_AGTCCAGGTACCACGA,3.3550190925598145,2.2148370341591264,1.8900024042266808,0.01308931764212578,0.05184675033879415,0.05108384287433131,320.0,CD56_dim CD16+ NK,0.85625
7791,20241106_WGS_20241106_sc_PICA0033-PICA0069_Pool_2_AGTCGCCCACAGTTTA,3.423492670059204,1.0451862879886646,-1.6523433507392924,0.021600550856712114,0.073884384197733,0.07291460990752756,177.0,CD56_dim CD16+ NK,0.78531075
7792,20241106_WGS_20241106_sc_PICA0033-PICA0069_Pool_2_AGTCGGCGTGCTTGCT,3.4829742908477783,1.5345498251356724,1.3083798395723254,0.03044178361575711,0.09385128594655097,0.09273836946448544,181.0,CD56_dim CD16+ NK,1.0
7797,20241106_WGS_20241106_sc_PICA0033-PICA0069_Pool_2_AGTTTCCTCAGCTGTA,3.1530230045318604,2.8854575396029882,4.518928713396356,4.239591071231962e-05,0.0009576466285518312,0.0009238674506346446,459.0,Mixed,0.59477127
7799,20241106_WGS_20241106_sc_PICA0033-PICA0069_Pool_2_ATAATCGGTAGCTTGG,3.627004384994507,1.224684487983472,-2.2044767354064536,0.0007760223257016263,0.007098046360711904,0.006915163917034953,220.0,CD56_dim CD16+ NK,1.0
7801,20241106_WGS_20241106_sc_PICA0033-PICA0069_Pool_2_ATACAACTCCGATGTA,3.3017585277557373,1.6493179951994996,-2.0723993486637613,4.437193961613307e-05,0.0009800627290549929,0.0009453580939855938,284.0,CD56_dim CD16+ NK,0.8309859
7807,20241106_WGS_20241106_sc_PICA0033-PICA0069_Pool_2_ATATACCAGCTCAGGT,3.0870566368103027,2.3838057244086053,1.6855452698679319,0.0024571186442025918,0.015913922264325926,0.015565142914122476,487.0,CD56_dim CD16+ NK,0.9753593
7808,20241106_WGS_20241106_sc_PICA0033-PICA0069_Pool_2_ATATCCTGTGTGGTCA,3.305562973022461,3.327080811599858,-1.72596330475909,0.0003641362372205762,0.004175909281559832,0.004058102606322506,417.0,CD56_dim CD16+ NK,0.9976019
7811,20241106_WGS_20241106_sc_PICA0033-PICA0069_Pool_2_ATCAGTCCACAACTCG,3.4285786151885986,3.124487638559015,4.906980791185825,1.981431630589581e-06,0.0001260516757276436,0.00012048799819266759,334.0,CD56_dim CD16+ NK,0.6886228
7813,20241106_WGS_20241106_sc_PICA0033-PICA0069_Pool_2_ATCCGCACAAGTCGAA,3.9586315155029297,31.00863812555652,-1.33074566862393,0.015689751449947015,0.05908247000513305,0.058239510273244595,236.0,CD56_dim CD16+ NK,0.9618644
7814,20241106_WGS_20241106_sc_PICA0033-PICA0069_Pool_2_ATCCTGCGTAAGTTGC,3.6911263465881348,1.703196049626191,-2.385220237370459,0.0009366236376765209,0.008037177225393212,0.007835420354383522,224.0,CD56_dim CD16+ NK,0.81696427
7815,20241106_WGS_20241106_sc_PICA0033-PICA0069_Pool_2_ATCGCCACACAAGTAG,3.783121347427368,12.089467747649914,-2.282269164810572,0.0018625304890024627,0.012948332990235187,0.012662144106424624,328.0,CD56_dim CD16+ KLRC2+ NK,0.9207317
7818,20241106_WGS_20241106_sc_PICA0033-PICA0069_Pool_2_ATCGGGTTCCATCACT,3.2950990200042725,1.8258929818064078,2.5315758561126205,1.983352932472313e-06,0.0001260516757276436,0.00012048799819266759,303.0,CD56_dim CD16+ NK,0.9669967
7822,20241106_WGS_20241106_sc_PICA0033-PICA0069_Pool_2_ATGAGGAGTGGTCTCT,3.313645839691162,1.3609113340454904,1.6619642724279273,0.014468938470469612,0.05570165545575721,0.05489642210497728,234.0,CD56_dim CD16+ NK,1.0
7823,20241106_WGS_20241106_sc_PICA0033-PICA0069_Pool_2_ATGCACTCAAGTAACG,3.2300751209259033,1.69718191936046,4.182395587196721,5.051794533472608e-09,2.4999568481432794e-06,2.3278861266834803e-06,344.0,CD56_dim CD16+ NK,0.9883721
7826,20241106_WGS_20241106_sc_PICA0033-PICA0069_Pool_2_ATGGACCTCGTTACTC,3.3988475799560547,2.510393371173891,3.068643008959423,3.591082858758897e-07,3.9306396935148764e-05,3.736791088544948e-05,246.0,CD56_dim CD16+ NK,0.9918699
7828,20241106_WGS_20241106_sc_PICA0033-PICA0069_Pool_2_ATGGCGAAGCCAAACC,3.4899649620056152,2.407464501962279,1.0907921700765362,0.019088738466158824,0.06816783651058732,0.06723837427799689,299.0,CD56_dim CD16+ NK,0.9598662
7833,20241106_WGS_20241106_sc_PICA0033-PICA0069_Pool_2_ATTATCTTCGGAGGTA,3.5481913089752197,1.7027748519898265,-1.0663125889686949,0.03333882092358564,0.10037308218772681,0.0992076145908492,299.0,CD56_dim CD16+ NK,0.9832776
7834,20241106_WGS_20241106_sc_PICA0033-PICA0069_Pool_2_ATTCATGCACGCTCAA,3.218104839324951,1.9418835464974,2.3854834834180063,2.1873757871142032e-05,0.0005985510799683893,0.0005762164861376515,354.0,CD56_dim CD16+ NK,0.96045196
7836,20241106_WGS_20241106_sc_PICA0033-PICA0069_Pool_2_ATTGGTTAGGTAGGGC,3.4873158931732178,1.3688245778098218,-1.3029939906202903,0.027503055655986295,0.08753880493283392,0.0864345398118538,250.0,CD56_dim CD16+ NK,1.0
7844,20241106_WGS_20241106_sc_PICA0033-PICA0069_Pool_2_CAACCTCGTACGTCAG,3.548593044281006,3.276264762541041,-2.9488362593117596,0.00013652419310252725,0.0020981276540608363,0.0020310289360395807,240.0,CD56_dim CD16+ NK,1.0
7845,20241106_WGS_20241106_sc_PICA0033-PICA0069_Pool_2_CAAGACGAGATTGCAT,3.179666757583618,2.2288512210873934,2.9678549868599453,1.2290286255559448e-07,1.871718008292266e-05,1.7815212991932357e-05,379.0,CD56_dim CD16+ NK,0.99208444
7852,20241106_WGS_20241106_sc_PICA0033-PICA0069_Pool_2_CAATGCGGTGTCGGCG,3.5201733112335205,11.364758468540083,2.533699616975208,0.00020020451043255595,0.002720296044511874,0.0026387588299609994,253.0,CD56_dim CD16+ NK,1.0
7853,20241106_WGS_20241106_sc_PICA0033-PICA0069_Pool_2_CACACCTGTACTAAGC,3.4544990062713623,1.277905524578872,3.1265315631732595,0.0006074990952225201,0.0059784950919451,0.005816269053274003,215.0,Mixed,0.5627907
7854,20241106_WGS_20241106_sc_PICA0033-PICA0069_Pool_2_CACAGAACAGGACGCA,3.7350666522979736,1.416614944588331,-2.226705501974821,0.000969990192271861,0.008209083663290465,0.008002676404317557,207.0,CD56_dim CD16+ NK,0.99033815
7856,20241106_WGS_20241106_sc_PICA0033-PICA0069_Pool_2_CACGCCCGTCGGTATG,3.2694942951202393,2.3187653841462796,1.615083350200026,0.010419017095115344,0.044215693618655,0.04351027065073255,391.0,CD56_dim CD16+ NK,0.9488491
7857,20241106_WGS_20241106_sc_PICA0033-PICA0069_Pool_2_CACGGTTAGGCTTATG,3.3718526363372803,2.6681487869279277,-1.3403872275698816,0.02896126659677322,0.09068149320629788,0.08956741319422469,407.0,CD56_dim CD16+ NK,0.8574939
7858,20241106_WGS_20241106_sc_PICA0033-PICA0069_Pool_2_CACTCGACACCTGCAA,3.3632473945617676,1.28896634833754,-1.5155444372504272,0.005837705044949323,0.029415464142095032,0.02887805034320131,231.0,CD56_dim CD16+ NK,0.94372296
7859,20241106_WGS_20241106_sc_PICA0033-PICA0069_Pool_2_CAGCAACTCATTGTGG,3.442758560180664,1.1288311367513444,2.383281454567292,0.00019858129091380718,0.00270945193461484,0.0026280412838612997,202.0,CD56_dim CD16+ NK,0.96039605
7862,20241106_WGS_20241106_sc_PICA0033-PICA0069_Pool_2_CAGTCCGAGCCTGTGG,3.2278714179992676,11.88656861505832,1.28674921692406,0.02011003211402319,0.07072614293296767,0.06976810673063483,361.0,CD56_dim CD16+ NK,0.9639889
7865,20241106_WGS_20241106_sc_PICA0033-PICA0069_Pool_2_CAGTGCAGTCTAGCTC,3.256746530532837,11.881222721869888,2.286188780136625,0.006839894546662743,0.03300536137234793,0.03241205218175959,335.0,CD56_dim CD16+ NK,0.99701494
7870,20241106_WGS_20241106_sc_PICA0033-PICA0069_Pool_2_CATATGGTCCGTCAAA,3.3761205673217773,1.862892320408938,5.130694991973292,3.972555315847907e-05,0.0009227629054956821,0.0008900465615491328,301.0,CD56_dim CD16+ NK,0.62458473
7871,20241106_WGS_20241106_sc_PICA0033-PICA0069_Pool_2_CATCACGCAGTCTTCC,3.5198709964752197,2.0796692111349575,4.337746105707787,0.000546574454390187,0.005579590621966562,0.005427096372170905,271.0,CD56_dim CD16+ NK,0.7527675
7873,20241106_WGS_20241106_sc_PICA0033-PICA0069_Pool_2_CATGCGCCACTCTCCG,3.8114335536956787,2.4125926113137015,-1.1501610404638838,0.024336540269751208,0.0801267574188901,0.07910621767211849,301.0,CD56_dim CD16+ NK,0.9667774
7874,20241106_WGS_20241106_sc_PICA0033-PICA0069_Pool_2_CATGGCGTCCCTTAGT,3.414280891418457,1.8497952194637612,1.6071299897458922,0.009540940071559244,0.04149571772403096,0.04081727938631547,308.0,CD56_dim CD16+ NK,0.99025977
7875,20241106_WGS_20241106_sc_PICA0033-PICA0069_Pool_2_CATGGGGCAAGCATAG,3.6884267330169678,1.54601057407322,3.03311839672296,1.6746230427253081e-06,0.00011299117530059597,0.00010793664555164989,163.0,CD56_dim CD16+ NK,0.993865
7878,20241106_WGS_20241106_sc_PICA0033-PICA0069_Pool_2_CCAACGAGTATCACCC,3.340104818344116,1.284155028453128,2.0637039084502224,0.006166973240819585,0.030635831263395728,0.030076470303364286,225.0,CD56_dim CD16+ NK,0.96444446
7881,20241106_WGS_20241106_sc_PICA0033-PICA0069_Pool_2_CCATAGCAGCAGCTAC,3.3589930534362793,1.7052942700038223,4.593579146170472,0.0011895666707794261,0.009406033082177493,0.009177530670419968,255.0,CD56_dim CD16+ NK,0.6901961
7884,20241106_WGS_20241106_sc_PICA0033-PICA0069_Pool_2_CCGAATTCACCCTATC,3.4943230152130127,1.2293241852915886,1.672145592298369,0.0043330278816571905,0.023687379390790776,0.02323039663435567,206.0,CD56_dim CD16+ NK,0.86893207
7886,20241106_WGS_20241106_sc_PICA0033-PICA0069_Pool_2_CCGCTAACAGCTACCA,3.8031222820281982,4.717854871181589,-1.8475310606027129,0.00637676203277961,0.03148746004256238,0.03091894911748125,365.0,CD56_dim CD16+ KLRC2+ NK,0.830137
7890,20241106_WGS_20241106_sc_PICA0033-PICA0069_Pool_2_CCTAAAGTCCTAATGG,3.134162425994873,3.1119958970055377,1.9821140559372297,0.0004815647412547383,0.005057456573667832,0.004918597546084824,540.0,CD56_dim CD16+ NK,0.9907407
7892,20241106_WGS_20241106_sc_PICA0033-PICA0069_Pool_2_CCTAGATCACCCTCAT,3.259045362472534,1.6587325760634455,1.9872735240982518,0.0006198271060795268,0.006057457164672042,0.0058939037940564576,306.0,CD56_dim CD16+ NK,0.996732
7894,20241106_WGS_20241106_sc_PICA0033-PICA0069_Pool_2_CCTGATCGTCCGTCCA,3.8444130420684814,1.350806439261627,1.3076112594019063,0.024067099871988067,0.0795053658078318,0.07849017701563224,176.0,CD56_dim CD16+ NK,0.9488636
7902,20241106_WGS_20241106_sc_PICA0033-PICA0069_Pool_2_CGACACCCAACCAACT,3.317141532897949,1.7293563333551578,1.3127107621054677,0.019632291067646388,0.06946756440638814,0.06852815355574562,306.0,CD56_dim CD16+ NK,0.99346405
7904,20241106_WGS_20241106_sc_PICA0033-PICA0069_Pool_2_CGACGGACAGTCTTCC,3.5469367504119873,0.9342482397138681,2.33744208313298,0.0007543530401494128,0.006951479699262737,0.006771414055952752,156.0,CD56_dim CD16+ NK,0.96794873
7905,20241106_WGS_20241106_sc_PICA0033-PICA0069_Pool_2_CGAGTAACACCCTTCG,3.3280138969421387,1.9552138933488326,2.9985048489306023,3.6931455002348273e-06,0.0001801048332812539,0.00017283264030703633,339.0,CD56_dim CD16+ NK,0.99705017
7906,20241106_WGS_20241106_sc_PICA0033-PICA0069_Pool_2_CGATGAGAGACCCGTG,3.26304030418396,1.9871089604839847,1.3705486076806717,0.00821273449964381,0.03726561379824559,0.036639844763339355,340.0,CD56_dim CD16+ NK,0.9794118
7908,20241106_WGS_20241106_sc_PICA0033-PICA0069_Pool_2_CGCGTACCAATAGGGC,4.049514293670654,1.2588163389420508,2.1988394982271444,0.01638417552938447,0.061044066996961584,0.06018844416720941,181.0,CD56_dim CD16+ NK,0.7292818
7912,20241106_WGS_20241106_sc_PICA0033-PICA0069_Pool_2_CGTAGCCCACTAAGCT,3.7405765056610107,0.7933959636379879,1.5528572874137405,0.031623015795705645,0.0962367403779723,0.0951040401099392,134.0,CD56_dim CD16+ NK,0.9925373
7913,20241106_WGS_20241106_sc_PICA0033-PICA0069_Pool_2_CGTAGGGCACCCTATC,3.5909154415130615,1.3933766867206088,-1.7383477473373103,0.0028834945326102414,0.017786665398086092,0.0174099594786309,264.0,CD56_dim CD16+ NK,0.9962121
7915,20241106_WGS_20241106_sc_PICA0033-PICA0069_Pool_2_CGTCAATCAGTTCGCA,3.3508052825927734,1.7805009394101075,2.841039380304526,0.014540527600929045,0.05582179945313797,0.0550099707013796,276.0,CD56_dim CD16+ NK,0.692029
7916,20241106_WGS_20241106_sc_PICA0033-PICA0069_Pool_2_CGTGAGTTCATATGTA,3.6286373138427734,1.2161012998270708,1.4400146052003353,0.01798199255979519,0.06534142704040666,0.0644504194763718,161.0,CD56_dim CD16+ NK,1.0
7920,20241106_WGS_20241106_sc_PICA0033-PICA0069_Pool_2_CGTTACAAGCTCCTCA,3.3389244079589844,1.5912566555573635,1.7502520542956579,0.003653124769735801,0.021008133162094208,0.020586200219072245,264.0,CD56_dim CD16+ NK,0.99242425
7921,20241106_WGS_20241106_sc_PICA0033-PICA0069_Pool_2_CTAACGTCAAATCACC,3.3277182579040527,1.8961015797736056,1.1726142110692879,0.024427451544112258,0.08034551758298827,0.07932387438342588,303.0,CD56_dim CD16+ NK,0.9207921
7923,20241106_WGS_20241106_sc_PICA0033-PICA0069_Pool_2_CTAATGGTCCTGGTCC,3.143031597137451,3.383676404221238,4.359209754065221,3.606242804589725e-05,0.000864357612360423,0.0008332096943731739,553.0,CD56_dim CD16+ NK,0.6509946
7924,20241106_WGS_20241106_sc_PICA0033-PICA0069_Pool_2_CTACAAGTCCACCATT,3.345548152923584,1.5673721064186448,-1.8753414591054411,0.0006584159258235412,0.006303260724283483,0.006135305609318111,305.0,CD56_dim CD16+ NK,1.0
7928,20241106_WGS_20241106_sc_PICA0033-PICA0069_Pool_2_CTAGGAGAGATCTTCC,3.6251845359802246,1.235107732882402,2.9571941046769394,8.94440865776448e-06,0.0003308727971818624,0.0003188023078126415,192.0,CD56_dim CD16+ NK,0.9791667
7929,20241106_WGS_20241106_sc_PICA0033-PICA0069_Pool_2_CTAGTCTTCAAACCGC,3.40344500541687,2.4570789499844246,-1.4120889930573945,0.011593986858090164,0.04752907388224977,0.04679930231135784,419.0,CD56_dim CD16+ NK,0.86634845
7934,20241106_WGS_20241106_sc_PICA0033-PICA0069_Pool_2_CTATGCTTCAGCATTG,3.282383441925049,11.493674762073603,2.5844267410944552,1.6617517935789086e-05,0.0005021446907529395,0.0004836615808092423,347.0,CD56_dim CD16+ NK,0.98270893
7937,20241106_WGS_20241106_sc_PICA0033-PICA0069_Pool_2_CTCGAAGGTGCTAGGC,3.2133536338806152,1.7991053595079247,2.3930322101638692,6.358614852299654e-05,0.0012282100962745862,0.001186107722221659,354.0,CD56_dim CD16+ NK,1.0
7938,20241106_WGS_20241106_sc_PICA0033-PICA0069_Pool_2_CTCGATCGTGTGGATT,3.631915330886841,0.8472123428336027,3.1743589109926447,0.01936037268626283,0.06887650102288737,0.06794393532229757,155.0,Mixed,0.57419354
7939,20241106_WGS_20241106_sc_PICA0033-PICA0069_Pool_2_CTCGGCAAGCAGTCTA,3.752565860748291,0.7228107014850303,-2.266547959902255,0.0006136764150160639,0.006015250113754473,0.005852698944655076,134.0,CD56_dim CD16+ NK,1.0
7941,20241106_WGS_20241106_sc_PICA0033-PICA0069_Pool_2_CTCGGTACACCGGTTA,3.232512950897217,3.170861660450479,3.626363961423301,0.0018694589968420866,0.012969042660486898,0.01268175107987255,472.0,CD56_dim CD16+ NK,0.75635594
7943,20241106_WGS_20241106_sc_PICA0033-PICA0069_Pool_2_CTGGATGGTATCTGTT,3.4785518646240234,3.281639208995101,4.153824924504942,9.164934041985188e-06,0.0003368797210731197,0.0003246143461418429,376.0,CD56_dim CD16+ NK,0.7898936
7945,20241106_WGS_20241106_sc_PICA0033-PICA0069_Pool_2_CTGGTTAAGAAACGTA,3.1309120655059814,2.2052415371868688,3.425705066976265,4.238748683955367e-08,1.0438978321411081e-05,9.9071650209359e-06,413.0,CD56_dim CD16+ NK,0.98547214
7946,20241106_WGS_20241106_sc_PICA0033-PICA0069_Pool_2_CTGTTATGTGGTGTGC,3.3290855884552,1.9240387138866075,-1.9931812824712924,0.004513602319867582,0.024443923283680898,0.023981122357433708,286.0,CD56_dim CD16+ NK,0.9965035
7951,20241106_WGS_20241106_sc_PICA0033-PICA0069_Pool_2_CTTCTAGGTCGACTCT,3.1285159587860107,2.9986068744127037,2.2022937466077805,3.0386240577523757e-05,0.0007636093263499656,0.0007364614682915947,598.0,CD56_dim CD16+ NK,0.99331105
7952,20241106_WGS_20241106_sc_PICA0033-PICA0069_Pool_2_CTTGTGAAGCCTGGTG,3.9996893405914307,1.6685219499448118,-2.6847777805190143,0.0004856886872902114,0.005089914104782843,0.00495050696253236,247.0,CD56_dim CD16+ KLRC2+ NK,0.77327937
7953,20241106_WGS_20241106_sc_PICA0033-PICA0069_Pool_2_CTTGTGAAGGTATTGT,4.3690924644470215,1.33123711981179,-2.2100709110981542,0.005493900423438015,0.028231827371563843,0.02771046381254757,113.0,CD56_dim CD16+ NK,0.7522124
7958,20241106_WGS_20241106_sc_PICA0033-PICA0069_Pool_2_GCAGGATCAACTGCGC,3.6021785736083984,1.4878354084409866,-2.6405729907980797,5.216748430897105e-06,0.0002253955648805587,0.00021648790571607938,280.0,CD56_dim CD16+ NK,0.99642855
7959,20241106_WGS_20241106_sc_PICA0033-PICA0069_Pool_2_GCAGTACTCGGCGAAA,3.402104139328003,11.605803489752718,2.845464592088483,0.005644824964088567,0.02869789378367453,0.028168273667006232,279.0,Mixed,0.5232975
7960,20241106_WGS_20241106_sc_PICA0033-PICA0069_Pool_2_GCATAGGAGGCTTAAT,3.555551052093506,1.526516914178464,-2.0190216800181124,0.0001232855896289439,0.0019369798140904727,0.0018743470380020652,283.0,CD56_dim CD16+ NK,1.0
7963,20241106_WGS_20241106_sc_PICA0033-PICA0069_Pool_2_GCCCATTGTAGGACTT,3.466135263442993,1.5313760566841927,-1.9719774381466733,0.0016529785954065108,0.011911845020738507,0.011640614796797889,238.0,CD56_dim CD16+ NK,0.7941176
7968,20241106_WGS_20241106_sc_PICA0033-PICA0069_Pool_2_GCGTGCATCAGCGGTT,3.29099702835083,2.20828962535999,-1.2235387706535414,0.02157739199476635,0.07383080532839295,0.07286223729001438,324.0,CD56_dim CD16+ NK,1.0
7970,20241106_WGS_20241106_sc_PICA0033-PICA0069_Pool_2_GCGTTTAAGAGGACGC,3.767439126968384,1.069376905123032,-2.0242152730774094,0.004323364397116294,0.023647675000551146,0.023191367554895613,158.0,CD56_dim CD16+ NK,0.96202534
7971,20241106_WGS_20241106_sc_PICA0033-PICA0069_Pool_2_GCTAAGGAGCACCCGA,3.3013107776641846,2.1097136274168458,1.1346059141632188,0.03138596552595568,0.09575198092170623,0.09462124498994226,383.0,CD56_dim CD16+ NK,0.9007833
7981,20241106_WGS_20241106_sc_PICA0033-PICA0069_Pool_2_GGAAGCTCAGGTTTCG,4.013411521911621,11.082935201700918,-3.674318623849906,7.140952832955878e-05,0.001332301635557734,0.00128719987753834,202.0,CD56_dim CD16+ KLRC2+ NK,0.9405941
7984,20241106_WGS_20241106_sc_PICA0033-PICA0069_Pool_2_GGACTATGTCGATAGT,3.374547243118286,1.7805824808973423,3.1372823023958163,0.0005739231451255425,0.005761080175068837,0.005602249551257353,297.0,CD56_dim CD16+ NK,0.63973063
7992,20241106_WGS_20241106_sc_PICA0033-PICA0069_Pool_2_GGCTAACTCCCGTCTA,3.4629993438720703,1.4116006184829064,2.951080530295455,1.2922431519821414e-05,0.00042839377458979785,0.00041264876284899827,250.0,CD56_dim CD16+ NK,0.98
7997,20241106_WGS_20241106_sc_PICA0033-PICA0069_Pool_2_GGGTATACACCATTCC,3.7706661224365234,1.7387072549591958,2.6984870677965045,0.0004915178749679979,0.005118332543667809,0.004978275321129016,167.0,CD56_dim CD16+ NK,0.9700599
7999,20241106_WGS_20241106_sc_PICA0033-PICA0069_Pool_2_GGGTGTCGTCACCCGC,3.354135274887085,2.538445368118011,-1.8504356155690074,0.006866484659076381,0.03309282797287741,0.032497580092112024,391.0,CD56_dim CD16+ NK,0.7314578
8000,20241106_WGS_20241106_sc_PICA0033-PICA0069_Pool_2_GGTACTATCATGGTGC,3.3449478149414062,4.646138933848668,-1.9204791920972746,6.148952050008048e-05,0.0012042410863743395,0.0011630674533098107,505.0,CD56_dim CD16+ NK,0.9920792
8001,20241106_WGS_20241106_sc_PICA0033-PICA0069_Pool_2_GGTAGTGAGCTGCAGT,3.5720109939575195,0.8476548341061654,2.491402341679537,0.026249140961903,0.08475263442009388,0.0836975429808577,155.0,CD56_dim CD16+ NK,0.6451613
8003,20241106_WGS_20241106_sc_PICA0033-PICA0069_Pool_2_GGTCATTCACTCGGAC,3.3644466400146484,3.649498686118222,1.0748694448483405,0.020967167993119765,0.0726512739712356,0.07169300949788714,464.0,CD56_dim CD16+ NK,0.79525864
8004,20241106_WGS_20241106_sc_PICA0033-PICA0069_Pool_2_GGTTCCGAGATTACCG,3.2688848972320557,2.143776638622036,2.707711575391981,0.013280235790094262,0.05235038125979135,0.05157523672587722,384.0,CD56_dim CD16+ NK,0.7083333
8009,20241106_WGS_20241106_sc_PICA0033-PICA0069_Pool_2_GTAGCGCGTATGGTTA,3.8482131958007812,1.802599452883936,-2.600297342943078,0.0026052003227069343,0.016590486320107144,0.01623121617233053,282.0,CD56_dim CD16+ KLRC2+ NK,0.9716312
8011,20241106_WGS_20241106_sc_PICA0033-PICA0069_Pool_2_GTATAACTCAACTCTC,3.127742290496826,2.352761159014083,1.8579490003722434,0.002925093134167014,0.018009432790424534,0.017625130097368737,451.0,CD56_dim CD16+ NK,0.9778271
8015,20241106_WGS_20241106_sc_PICA0033-PICA0069_Pool_2_GTATTAATCAAAGGGT,3.5302343368530273,3.951819988583931,1.764090181362733,0.00282639534718178,0.01750020148654162,0.017129128464668207,287.0,CD56_dim CD16+ NK,0.9547038
8016,20241106_WGS_20241106_sc_PICA0033-PICA0069_Pool_2_GTCCCGAAGCTACAAT,3.268266201019287,2.3562758846212057,2.873190451026566,1.6952418781620105e-07,2.2541808329021014e-05,2.146237611523698e-05,384.0,CD56_dim CD16+ NK,0.984375
8017,20241106_WGS_20241106_sc_PICA0033-PICA0069_Pool_2_GTCCCTGGTGGTTCGA,3.3618366718292236,11.43755280820415,1.1168147419384216,0.023537905316234137,0.07825053049597011,0.07724601252887305,282.0,CD56_dim CD16+ NK,0.86170214
8020,20241106_WGS_20241106_sc_PICA0033-PICA0069_Pool_2_GTCGTAGGTGTGCCTT,3.3048887252807617,2.6648496436534312,1.8895075622744941,0.00014879467443047194,0.002233330667752394,0.0021628268440567005,391.0,CD56_dim CD16+ NK,0.9897698
8024,20241106_WGS_20241106_sc_PICA0033-PICA0069_Pool_2_GTCTCGACAGCGTGTC,3.4292807579040527,3.25114749124894,3.1789409142868963,8.97616015700069e-09,3.6843397377755748e-06,3.4391020693274892e-06,348.0,CD56_dim CD16+ NK,1.0
8026,20241106_WGS_20241106_sc_PICA0033-PICA0069_Pool_2_GTCTTAACACATCACG,4.598321437835693,1.0830602544611554,-1.6161858588320344,0.006176885567960121,0.030669606718737474,0.030113342286997122,156.0,CD56_dim CD16+ NK,0.8076923
8029,20241106_WGS_20241106_sc_PICA0033-PICA0069_Pool_2_GTGAGGTCAGCAATAG,3.711336851119995,1.8343352529378418,-1.489333563500186,0.014644226352449665,0.056066954449273856,0.05525221311280594,283.0,CD56_dim CD16+ NK,0.97879857
8030,20241106_WGS_20241106_sc_PICA0033-PICA0069_Pool_2_GTGCGCGGTACCATGG,3.322232246398926,1.8771684674052334,-1.3727005132368382,0.013174038975926419,0.05197413584712224,0.05120592123064335,358.0,CD56_dim CD16+ NK,0.9916201
8032,20241106_WGS_20241106_sc_PICA0033-PICA0069_Pool_2_GTGGGCTGTCTGTATT,3.3852882385253906,1.4476018885205457,1.7955971472402963,0.0076119494651543836,0.03566220176062518,0.03503757518320036,263.0,CD56_dim CD16+ NK,0.98859316
8033,20241106_WGS_20241106_sc_PICA0033-PICA0069_Pool_2_GTGTCAATCCGATACA,3.484694242477417,2.897263975689844,4.792039846830788,0.0013342196726246949,0.01019096579883582,0.009949867572780702,242.0,CD56_dim CD16+ NK,0.7892562
8037,20241106_WGS_20241106_sc_PICA0033-PICA0069_Pool_2_GTTGGCGTCAGCATAT,3.5080511569976807,1.5250508897001342,1.3356151645916539,0.030848005736828558,0.0945855474008455,0.09346393386687951,206.0,CD56_dim CD16+ NK,0.98058254
8041,20241106_WGS_20241106_sc_PICA0033-PICA0069_Pool_8_AAAGCGAGTCAGTGCA,3.935056447982788,1.6202370484884197,-1.7594335514988573,0.002945381638036344,0.018055354397197278,0.01767543634023749,163.0,CD56_dim CD16+ NK,0.9815951
8044,20241106_WGS_20241106_sc_PICA0033-PICA0069_Pool_8_AAAGTTCTCGGAAAGT,3.2920546531677246,12.757341440997743,1.787033189495327,0.00016707809303060097,0.002423985706103756,0.002348619159651316,470.0,CD56_dim CD16+ NK,0.9787234
8047,20241106_WGS_20241106_sc_PICA0033-PICA0069_Pool_8_AACATTGGTCCTATGC,3.7769775390625,1.7176794153111885,-1.953043229946385,0.0008178577362057226,0.007357732017682716,0.007168864273102513,269.0,CD56_dim CD16+ NK,0.8289963
8058,20241106_WGS_20241106_sc_PICA0033-PICA0069_Pool_8_AATCTCCTCATAACAC,3.5718164443969727,1.9482360590734422,1.4020085891482095,0.012688355275466951,0.05070709444974642,0.049960677035913954,233.0,CD56_dim CD16+ NK,0.99141634
8065,20241106_WGS_20241106_sc_PICA0033-PICA0069_Pool_8_AATTGTGGTACGTCTC,3.5385138988494873,11.09241880651764,1.7604085659443103,0.012890939438589148,0.051287820843918294,0.05053097827379246,207.0,CD56_dim CD16+ NK,0.9516908
8067,20241106_WGS_20241106_sc_PICA0033-PICA0069_Pool_8_ACACCTTTCGTGCTAA,3.58264422416687,2.2825132002987045,1.472126848117027,0.03002302339625693,0.09292777377864914,0.09180799434158024,190.0,CD56_dim CD16+ NK,0.9263158
8068,20241106_WGS_20241106_sc_PICA0033-PICA0069_Pool_8_ACACGGGCAATGGGGT,3.33803391456604,2.385113359778956,1.6490727703041153,0.020166268402892547,0.07087331788686924,0.06991021015089766,365.0,CD56_dim CD16+ NK,0.9808219
8073,20241106_WGS_20241106_sc_PICA0033-PICA0069_Pool_8_ACCCGACCAGCATAGA,3.5015981197357178,12.345133704632346,2.442127311356393,0.00010018037994901953,0.0016698425090994778,0.001614218206059244,255.0,CD56_dim CD16+ NK,0.79607844
8074,20241106_WGS_20241106_sc_PICA0033-PICA0069_Pool_8_ACCTAACCACGCACTA,3.4828879833221436,3.8358227808522827,-1.2855332475655892,0.032370549072951775,0.09805728133999014,0.09689887970126826,393.0,CD56_dim CD16+ NK,0.9974555
8078,20241106_WGS_20241106_sc_PICA0033-PICA0069_Pool_8_ACGCGAGCAAGGTTAG,3.585367202758789,0.9088312745251553,-1.3617222330771697,0.015178735217130394,0.057731938464846144,0.056893741773349465,177.0,CD56_dim CD16+ NK,0.98870057
8081,20241106_WGS_20241106_sc_PICA0033-PICA0069_Pool_8_ACGTCAGGTCACTTAT,3.4292168617248535,1.5309418491176716,1.3952106154374628,0.02296075971769214,0.07687136790356,0.07588835355342166,264.0,CD56_dim CD16+ NK,1.0
8087,20241106_WGS_20241106_sc_PICA0033-PICA0069_Pool_8_ACTGTCGCAAACACCT,3.167206048965454,2.448222543987441,2.90460673780745,2.6755146397705226e-08,7.751910210699829e-06,7.3373436149681934e-06,467.0,CD56_dim CD16+ NK,0.97858673
8089,20241106_WGS_20241106_sc_PICA0033-PICA0069_Pool_8_ACTTGCTTCCGGACCA,3.4998819828033447,3.464539734031227,2.058092048634368,0.0010132627320170442,0.008451863821422441,0.008239748995833504,257.0,CD56_dim CD16+ NK,0.96498054
8091,20241106_WGS_20241106_sc_PICA0033-PICA0069_Pool_8_AGAATAGTCCATCGGG,3.7012665271759033,1.3956071011898503,-2.4114950106641206,6.204581059217573e-05,0.0012127247621895301,0.0011714395741793217,264.0,CD56_dim CD16+ NK,1.0
8092,20241106_WGS_20241106_sc_PICA0033-PICA0069_Pool_8_AGACACCTCGCGGCTA,3.7609312534332275,2.573127951202478,-1.5991434629624361,0.007863731264318718,0.03631768245888593,0.03568251213188376,293.0,CD56_dim CD16+ NK,0.9897611
8093,20241106_WGS_20241106_sc_PICA0033-PICA0069_Pool_8_AGACGCAAGGGGGTTA,3.455000400543213,3.233318558511787,-2.9821967226262065,4.023817375946124e-06,0.00019008339452473064,0.00018226092843145152,363.0,CD56_dim CD16+ NK,1.0
8094,20241106_WGS_20241106_sc_PICA0033-PICA0069_Pool_8_AGACGGGGTGCGCCTC,3.9897565841674805,13.724646018903249,1.8398287243406908,0.008014062127644205,0.0367364011258367,0.03610571196017292,251.0,CD56_dim CD16+ KLRC2+ NK,0.98804784
8096,20241106_WGS_20241106_sc_PICA0033-PICA0069_Pool_8_AGCAAGTAGACCCGCA,3.228341817855835,3.442462953554133,2.65780589984866,6.066196394808056e-07,5.745971219735976e-05,5.464620598521067e-05,371.0,CD56_dim CD16+ NK,0.97574127
8098,20241106_WGS_20241106_sc_PICA0033-PICA0069_Pool_8_AGCCAACTCGGCCAAT,4.220061779022217,1.1519141987455621,-3.025535539332342,0.0008145784591552666,0.007357732017682716,0.007168864273102513,161.0,CD56_dim CD16+ KLRC2+ NK,0.9751553
8100,20241106_WGS_20241106_sc_PICA0033-PICA0069_Pool_8_AGCGCATTCGCAAACC,3.368687629699707,12.409557792863799,1.9868599839635657,0.0006701059760678237,0.006396525164965244,0.006226701751130225,394.0,CD56_dim CD16+ NK,0.9923858
8104,20241106_WGS_20241106_sc_PICA0033-PICA0069_Pool_8_AGGCTCAGTCTAACGG,3.4011070728302,2.198077353472383,-1.7239961593115565,0.000596059191850057,0.005898290587854074,0.005737763943748262,319.0,CD56_dim CD16+ NK,0.9184953
8105,20241106_WGS_20241106_sc_PICA0033-PICA0069_Pool_8_AGGGACATCAACAGGG,3.7246432304382324,11.631956055673452,-2.894092606361964,0.00015600791555727352,0.002314509000232984,0.002242661315747681,269.0,CD56_dim CD16+ NK,0.60966545
8108,20241106_WGS_20241106_sc_PICA0033-PICA0069_Pool_8_AGTACGACACCAGATT,3.294682741165161,12.035552759208858,3.0588260531172007,3.4681636337970303e-06,0.00017794208310695074,0.0001705534088146056,346.0,CD56_dim CD16+ NK,0.7716763
8110,20241106_WGS_20241106_sc_PICA0033-PICA0069_Pool_8_AGTGATTTCATCAATA,3.394141912460327,1.71673517407831,-1.3604849026371408,0.013859572449254046,0.05394336159525942,0.05315428285596227,278.0,CD56_dim CD16+ NK,0.9928058
8113,20241106_WGS_20241106_sc_PICA0033-PICA0069_Pool_8_ATAATGCTCGCTTACT,3.543013572692871,1.30549772745137,2.0605835865872244,0.00014756247871300121,0.002224744260648715,0.0021546249064707383,240.0,CD56_dim CD16+ NK,0.9875
8114,20241106_WGS_20241106_sc_PICA0033-PICA0069_Pool_8_ATACCCAAGACAACGG,4.0441389083862305,40.448578760102144,-2.5630453412136776,0.003881768570180228,0.021938784959750674,0.02150701440159728,175.0,CD56_dim CD16+ KLRC2+ NK,0.6
8115,20241106_WGS_20241106_sc_PICA0033-PICA0069_Pool_8_ATACTAGGTCTGTATT,3.5637917518615723,11.334703470690023,-2.420043686332033,0.010536146088191317,0.04460316936603896,0.04389264782543645,208.0,CD56_dim CD16+ NK,0.9951923
8116,20241106_WGS_20241106_sc_PICA0033-PICA0069_Pool_8_ATAGCGGAGCAAGACG,3.5218563079833984,2.295140171415756,-1.5399165678428621,0.008205227599579997,0.03724870833339288,0.03662433793134496,317.0,CD56_dim CD16+ NK,1.0
8118,20241106_WGS_20241106_sc_PICA0033-PICA0069_Pool_8_ATAGGGAGTGGTTCAG,3.389425039291382,2.0795915518833263,-1.7253836114793446,0.0044036017929152925,0.02396678522762903,0.023508602311246282,256.0,CD56_dim CD16+ NK,0.96875
8120,20241106_WGS_20241106_sc_PICA0033-PICA0069_Pool_8_ATATCCTGTGCCTGCC,3.0854036808013916,3.8533881373025003,1.2097962248597984,0.009156643244427798,0.04034082853347864,0.03967839670766853,731.0,CD56_dim CD16+ NK,0.9849521
8121,20241106_WGS_20241106_sc_PICA0033-PICA0069_Pool_8_ATATGTGGTCAGGTAT,3.1808087825775146,4.890076186411721,-1.279430540623345,0.013148678590954081,0.05197413584712224,0.05120592123064335,636.0,CD56_dim CD16+ NK,0.9984277
8126,20241106_WGS_20241106_sc_PICA0033-PICA0069_Pool_8_ATCGCCACACAAGTAG,3.613396644592285,0.8799331277907845,1.5704768136201448,0.030006646418863112,0.09292777377864914,0.09180799434158024,138.0,CD56_dim CD16+ NK,0.9492754
8129,20241106_WGS_20241106_sc_PICA0033-PICA0069_Pool_8_ATCTTGGAGATATTGC,3.6785295009613037,2.2894738016194935,-2.5457152159607106,1.8449924416431375e-05,0.0005325806851765772,0.0005126882167685111,376.0,CD56_dim CD16+ NK,0.7712766
8130,20241106_WGS_20241106_sc_PICA0033-PICA0069_Pool_8_ATGCCCACAGTACATC,3.7656118869781494,1.459886111202155,-2.0314236595532367,0.0017582855341975489,0.012434221677946916,0.01215728249744199,213.0,CD56_dim CD16+ NK,0.9906103
8134,20241106_WGS_20241106_sc_PICA0033-PICA0069_Pool_8_ATTAAGGAGCTAGATT,3.665168046951294,4.668767960937391,3.8044596521012704,3.247106566797943e-05,0.0007996811697381635,0.0007712491902944826,147.0,CD56_dim CD16+ NK,1.0
8142,20241106_WGS_20241106_sc_PICA0033-PICA0069_Pool_8_CAAGCGGCACCAGATT,3.470237970352173,1.1737838990808047,2.8727043511619406,2.369387899374279e-05,0.0006291331589416717,0.0006060732306865573,186.0,CD56_dim CD16+ NK,0.9677419
8146,20241106_WGS_20241106_sc_PICA0033-PICA0069_Pool_8_CAATTAATCCCTCGGT,3.811666250228882,11.21932035317578,4.2748549145504,5.136326755947295e-06,0.00022388475607449914,0.0002149255340807953,179.0,CD56_dim CD16+ NK,0.6480447
8154,20241106_WGS_20241106_sc_PICA0033-PICA0069_Pool_8_CATAGTCCACGTCGGT,3.5480105876922607,0.8952326206567346,-1.566247961944044,0.01193274836220703,0.04843407668566191,0.04770168075731633,156.0,CD56_dim CD16+ NK,0.99358976
8165,20241106_WGS_20241106_sc_PICA0033-PICA0069_Pool_8_CCAGACCCACACTCAG,3.2708077430725098,1.7980035528810467,-1.2614408304311604,0.012945627151751637,0.051443071025375306,0.05068425205996687,298.0,CD56_dim CD16+ NK,0.9362416
8166,20241106_WGS_20241106_sc_PICA0033-PICA0069_Pool_8_CCATATCTCATCTCCG,3.489043712615967,1.3559459531297717,-2.1870260396754198,0.0004903060913260514,0.005116494478127881,0.004976027405113753,221.0,CD56_dim CD16+ NK,0.8597285
8169,20241106_WGS_20241106_sc_PICA0033-PICA0069_Pool_8_CCATTCCCAAGGACTA,3.3440499305725098,1.854507164713638,1.9091012406682089,0.006429577775794877,0.03166888533467767,0.031096057157505807,247.0,CD56_dim CD16+ NK,0.9919028
8175,20241106_WGS_20241106_sc_PICA0033-PICA0069_Pool_8_CCGTGTCTCCAATCGA,3.3458712100982666,2.1517876440911077,1.4426776064869486,0.025171449381454252,0.08197155301048127,0.08094520937460814,349.0,CD56_dim CD16+ NK,0.7851003
8178,20241106_WGS_20241106_sc_PICA0033-PICA0069_Pool_8_CCTATGAAGAACTAAG,3.497898578643799,12.05835481674096,-1.2048550799519602,0.011767223734360463,0.04799955321208485,0.04726538663652888,355.0,CD56_dim CD16+ NK,1.0
8180,20241106_WGS_20241106_sc_PICA0033-PICA0069_Pool_8_CCTTACCCAGGTACAA,3.7428767681121826,1.665699834862076,-1.9035504244619075,0.000868566288447517,0.007660884190556965,0.00746381063182059,231.0,CD56_dim CD16+ NK,0.97402596
8181,20241106_WGS_20241106_sc_PICA0033-PICA0069_Pool_8_CCTTGTAGTAACAGAG,3.7203402519226074,3.8266283887119648,-1.7513913116148925,0.006943747377987006,0.03339983174831543,0.032799340653603334,294.0,CD56_dim CD16+ NK,1.0
8184,20241106_WGS_20241106_sc_PICA0033-PICA0069_Pool_8_CGAGGGAGTATACTTC,3.4411115646362305,2.432744797069632,2.4172421375022513,0.0006405217095387672,0.006186058196731761,0.006021507866895436,227.0,CD56_dim CD16+ NK,0.98237884
8188,20241106_WGS_20241106_sc_PICA0033-PICA0069_Pool_8_CGCAGTTAGCGCACAT,3.5160863399505615,1.341924164203896,1.548400635506358,0.018390270385785727,0.06637631552348881,0.06546907393174427,169.0,CD56_dim CD16+ NK,0.8994083
8196,20241106_WGS_20241106_sc_PICA0033-PICA0069_Pool_8_CGTACAATCCTAAACG,3.302790880203247,3.252487906531713,1.2319846053756438,0.017468768046845138,0.06395827160137293,0.06307920198471796,340.0,CD56_dim CD16+ NK,0.9735294
8197,20241106_WGS_20241106_sc_PICA0033-PICA0069_Pool_8_CGTAGCTAGAATATCC,3.386840581893921,21.931013314917426,3.515482717539403,4.670386342447745e-08,1.0456358149875621e-05,9.959854474391573e-06,368.0,CD56_dim CD16+ NK,0.9836956
8198,20241106_WGS_20241106_sc_PICA0033-PICA0069_Pool_8_CGTCAATCAAACCAGA,3.5093135833740234,1.9780310759947055,-1.3823302584422825,0.01867820046151086,0.06705501193379865,0.06613770096576607,282.0,CD56_dim CD16+ NK,0.9858156
8204,20241106_WGS_20241106_sc_PICA0033-PICA0069_Pool_8_CTAGCATCACCCTTTA,3.904900312423706,41.319093052126,-1.9546975688507704,0.016235055991312263,0.06067583893365954,0.05981707811158287,288.0,CD56_dim CD16+ KLRC2+ NK,0.9270833
8208,20241106_WGS_20241106_sc_PICA0033-PICA0069_Pool_8_CTATCCAGTCGTTCCG,3.571528434753418,1.587196294691343,1.851964761757029,0.002045553334205648,0.013887488556347234,0.013582062135787002,200.0,CD56_dim CD16+ NK,0.955
8210,20241106_WGS_20241106_sc_PICA0033-PICA0069_Pool_8_CTCATGAAGCCGTAAC,3.9182257652282715,1.5349995121464115,-1.1870642607113016,0.02124522721306957,0.07310050062031029,0.07213817563222742,232.0,CD56_dim CD16+ NK,0.74568963
8211,20241106_WGS_20241106_sc_PICA0033-PICA0069_Pool_8_CTCGAACAGCAGCTGT,3.6151769161224365,1.2389884988954718,-2.9392538589695634,1.813654549075599e-05,0.0005285890817438972,0.0005087292686386642,205.0,CD56_dim CD16+ NK,0.99512196
8212,20241106_WGS_20241106_sc_PICA0033-PICA0069_Pool_8_CTCGTCGGTGGTTTGG,3.2483067512512207,1.655624849673853,2.1484816856320816,0.00021961631918936502,0.002915687817162311,0.0028274874367728753,284.0,CD56_dim CD16+ NK,0.9753521
8213,20241106_WGS_20241106_sc_PICA0033-PICA0069_Pool_8_CTGATTGAGCATATGT,3.6222612857818604,1.3595013392585273,1.50377700201324,0.008524238460931581,0.03825537968505743,0.037618903194387814,212.0,CD56_dim CD16+ NK,0.9481132
8215,20241106_WGS_20241106_sc_PICA0033-PICA0069_Pool_8_GCAATCTCAAACTAGG,3.733591079711914,3.77206901762357,2.121973673856933,0.00036274101438230294,0.004169616957619681,0.004051370738066667,324.0,CD56_dim CD16+ NK,0.60493827
8221,20241106_WGS_20241106_sc_PICA0033-PICA0069_Pool_8_GCCAATTCACGCATAT,3.2200613021850586,2.315390554768456,1.3479830097888514,0.005989410378631949,0.02993343165590048,0.029386341535696532,453.0,CD56_dim CD16+ NK,0.9977925
8228,20241106_WGS_20241106_sc_PICA0033-PICA0069_Pool_8_GCGCTTACAACTTAAT,3.1715939044952393,2.783298849242601,1.46817091889026,0.003178513255239268,0.019092398827659774,0.01869513126754094,522.0,CD56_dim CD16+ NK,0.9980843
8229,20241106_WGS_20241106_sc_PICA0033-PICA0069_Pool_8_GCGGAGAGTGTTGTGG,3.695441484451294,0.7089959993697372,1.4267329721176472,0.025214834200407682,0.08205858331952959,0.08103215740756038,128.0,CD56_dim CD16+ NK,0.9921875
8234,20241106_WGS_20241106_sc_PICA0033-PICA0069_Pool_8_GGACACAAGCACTAGC,3.5688183307647705,1.0458837781651464,-1.4149884972872806,0.016937218232067622,0.06246669292553282,0.06160201120282652,208.0,CD56_dim CD16+ NK,0.9951923
8235,20241106_WGS_20241106_sc_PICA0033-PICA0069_Pool_8_GGACCCATCGGCGTAT,3.5838589668273926,1.523788849560874,1.4468844622553758,0.016174439123673924,0.060537385945027285,0.05967934566100951,245.0,CD56_dim CD16+ NK,0.9959184
8236,20241106_WGS_20241106_sc_PICA0033-PICA0069_Pool_8_GGAGATTAGGGGCATA,3.3676838874816895,1.970205361456495,1.1002653233755126,0.02326788320295551,0.07762001944880283,0.07662190611864214,350.0,CD56_dim CD16+ NK,0.98285717
8241,20241106_WGS_20241106_sc_PICA0033-PICA0069_Pool_8_GGGAGATGTACTTCAT,3.2941946983337402,2.569526246993511,1.396631609796037,0.0024406393675041583,0.015838431099659725,0.015493667728216282,411.0,CD56_dim CD16+ NK,0.9270073
8242,20241106_WGS_20241106_sc_PICA0033-PICA0069_Pool_8_GGGATATAGATGGGTG,3.7858808040618896,12.300571501740569,-1.535669948387903,0.0043018193462289606,0.023574832961932354,0.02311823286555662,270.0,Mixed,0.5703704
8243,20241106_WGS_20241106_sc_PICA0033-PICA0069_Pool_8_GGGATATAGCCGCTAG,3.461606979370117,2.365893236201141,-1.8856046174978263,9.533021252351801e-05,0.0016163475448694939,0.001561647056684675,314.0,CD56_dim CD16+ NK,0.9936306
8245,20241106_WGS_20241106_sc_PICA0033-PICA0069_Pool_8_GGGGATGGTAAGCGTT,3.338078737258911,1.921708250325644,1.6564669334821611,0.0027987716153865016,0.017405744433820976,0.017036586381400008,323.0,CD56_dim CD16+ NK,0.9876161
8247,20241106_WGS_20241106_sc_PICA0033-PICA0069_Pool_8_GGTAAGTAGCGCCAAT,3.2560231685638428,12.835754572275281,2.09500686990621,0.00021208088841486532,0.0028502166872780878,0.002764757986355253,460.0,CD56_dim CD16+ NK,0.9695652
8252,20241106_WGS_20241106_sc_PICA0033-PICA0069_Pool_8_GGTGCGACAACAGACA,3.4832050800323486,4.6071371926373255,1.841837335400132,0.0015696216835766727,0.011428191577911162,0.011168921220748959,401.0,CD56_dim CD16+ NK,0.9501247
8255,20241106_WGS_20241106_sc_PICA0033-PICA0069_Pool_8_GTAGCGTTCACCAAAT,3.7178337574005127,42.623041209233065,1.1099270237085077,0.028818783592394367,0.09038676415935738,0.08927186785959651,419.0,CD56_dim CD16+ NK,0.8257757
8256,20241106_WGS_20241106_sc_PICA0033-PICA0069_Pool_8_GTATTCCTCCATAAGT,3.7711634635925293,7.451640875161221,1.8679569971910912,0.01072861951062993,0.045030946228894524,0.044321705569269294,252.0,CD56_dim CD16+ NK,0.8452381
8262,20241106_WGS_20241106_sc_PICA0033-PICA0069_Pool_8_GTGTATTAGGGTTTCA,3.5935218334198,1.6940371327420405,-2.321106204520725,0.0011050076000252654,0.008988794275680338,0.008767816911862967,186.0,CD56_dim CD16+ NK,1.0
8268,20241106_WGS_20241106_sc_PICA0033-PICA0069_Pool_7_AAACCAGCACCGCTAA,3.299898386001587,1.8878534213765545,1.2222967474151103,0.019833657540528755,0.0699789972893083,0.0690302027009814,333.0,CD56_dim CD16+ NK,0.9249249
8269,20241106_WGS_20241106_sc_PICA0033-PICA0069_Pool_7_AAATCCAGTACGTCAG,3.2899160385131836,12.657770224184866,2.1330214299722536,0.0020588374836536145,0.013948836349017715,0.013642958758080071,464.0,CD56_dim CD16+ NK,0.98706895
8271,20241106_WGS_20241106_sc_PICA0033-PICA0069_Pool_7_AACACCTCAATATTAC,3.4381816387176514,1.3576613457342788,3.3013721470502455,1.3239356457267182e-06,0.00010032376958503002,9.563606719511346e-05,239.0,CD56_dim CD16+ NK,0.9916318
8272,20241106_WGS_20241106_sc_PICA0033-PICA0069_Pool_7_AACTACCCAAGTCCGC,3.3997883796691895,1.3012775313020666,1.510822691206678,0.018982009924704803,0.06792291310144098,0.06699397407057564,238.0,CD56_dim CD16+ NK,0.9831933
8275,20241106_WGS_20241106_sc_PICA0033-PICA0069_Pool_7_AATATCTCAAACATTT,3.6810972690582275,1.7092840661171522,1.1749086764426147,0.03221922100187867,0.09768899541074386,0.09653603472031298,244.0,CD56_dim CD16+ NK,0.9303279
8277,20241106_WGS_20241106_sc_PICA0033-PICA0069_Pool_7_AATGGTAAGGTCCAGT,3.549250841140747,1.23912976534507,1.625273283011862,0.0029341518129374147,0.018038947773245332,0.017655303577956666,235.0,CD56_dim CD16+ NK,0.9787234
8281,20241106_WGS_20241106_sc_PICA0033-PICA0069_Pool_7_ACAGAAGGTCCCAATC,3.8999381065368652,1.1979525761409655,-1.1560840262573788,0.0286210984503578,0.09004500878223778,0.08893986402382302,214.0,CD56_dim CD16+ NK,0.96728975
8283,20241106_WGS_20241106_sc_PICA0033-PICA0069_Pool_7_ACATCTTGTGCCACTT,3.909557819366455,0.7800759891029512,-1.3758414445486193,0.03286279961108779,0.09926627846774133,0.0981064333226555,136.0,CD56_dim CD16+ NK,1.0
8285,20241106_WGS_20241106_sc_PICA0033-PICA0069_Pool_7_ACCCCGTTCAGGCCAT,3.403796672821045,2.393927206972447,2.3995452533174846,0.00030675050564589067,0.003685121013558133,0.0035784634027653467,344.0,CD56_dim CD16+ NK,0.99418604
8289,20241106_WGS_20241106_sc_PICA0033-PICA0069_Pool_7_ACGACGAAGCAAACTT,4.006857395172119,0.8278804492273918,-1.658979066394166,0.008970568807388106,0.03973429555826449,0.03908874328206204,141.0,CD56_dim CD16+ NK,1.0
8292,20241106_WGS_20241106_sc_PICA0033-PICA0069_Pool_7_ACGTGCCCACTAACTA,3.462745428085327,11.460605485807793,-1.7862918088758835,0.0004405053496722796,0.004742533551499045,0.004610215717535727,293.0,CD56_dim CD16+ NK,0.9556314
8295,20241106_WGS_20241106_sc_PICA0033-PICA0069_Pool_7_ACTGTGGGTGTCATCC,3.417790651321411,1.7163271220415304,-1.7094204398625787,0.012292183467244196,0.04950543717736001,0.048761022695171054,246.0,CD56_dim CD16+ NK,1.0
8298,20241106_WGS_20241106_sc_PICA0033-PICA0069_Pool_7_AGCCCATAGCGTAGCT,3.697190523147583,2.352743264151869,-3.493099652128201,6.12364413686657e-06,0.00025030713025839247,0.0002407111307333778,251.0,CD56_dim CD16+ NK,0.9721116
8300,20241106_WGS_20241106_sc_PICA0033-PICA0069_Pool_7_AGCGTCAGTGCAGTCA,3.8184237480163574,1.3022075183091781,-1.1508666890917545,0.022965428458042544,0.07687136790356,0.07588835355342166,224.0,CD56_dim CD16+ NK,0.9910714
8302,20241106_WGS_20241106_sc_PICA0033-PICA0069_Pool_7_AGCTTTGAGCAACGAG,3.276319980621338,2.051015256015456,2.6365045268666734,3.899853094630811e-06,0.00018559155959037738,0.0001779746827624898,321.0,CD56_dim CD16+ NK,0.88161993
8304,20241106_WGS_20241106_sc_PICA0033-PICA0069_Pool_7_AGGTGATAGATGTATC,3.396367073059082,1.6233866485542487,-1.9072567745760705,0.0026318890710017627,0.01671614393193963,0.016354404770227537,287.0,CD56_dim CD16+ NK,0.9825784
8306,20241106_WGS_20241106_sc_PICA0033-PICA0069_Pool_7_AGTGAAATCACGCTCC,3.2987637519836426,2.2550723440410447,1.9938528355955447,0.00012568386630480507,0.0019715155524978258,0.0019076511252338136,328.0,CD56_dim CD16+ NK,0.972561
8310,20241106_WGS_20241106_sc_PICA0033-PICA0069_Pool_7_ATACAGCGTCAATTCT,3.5061824321746826,11.502361896868297,3.8631018486239386,1.2144385450045204e-08,4.601320810322896e-06,4.315454395787469e-06,245.0,CD56_dim CD16+ NK,0.9918367
8315,20241106_WGS_20241106_sc_PICA0033-PICA0069_Pool_7_ATAGTGTTCGTATCGA,3.6823203563690186,0.8134080297201396,1.699794044325027,0.008183866229873724,0.03720819275592455,0.036584690626788555,141.0,CD56_dim CD16+ NK,1.0
8318,20241106_WGS_20241106_sc_PICA0033-PICA0069_Pool_7_ATCATCTGTGCAGTCA,3.0857961177825928,2.8209081753495955,1.684967545604918,0.0017485246375153138,0.012382973547205862,0.01210584388872177,511.0,CD56_dim CD16+ NK,0.9784736
8329,20241106_WGS_20241106_sc_PICA0033-PICA0069_Pool_7_ATTCTGTGTGTTCTAT,3.2263870239257812,12.434545006366953,2.0544534479153915,3.153309989503352e-05,0.0007804838368491839,0.000752752694616,436.0,CD56_dim CD16+ NK,1.0
8333,20241106_WGS_20241106_sc_PICA0033-PICA0069_Pool_7_CAATTCGAGACGCGTT,3.562225103378296,1.5566003886799649,3.0392811909556587,2.856742596087255e-06,0.00015899305827150027,0.00015216051572074522,203.0,CD56_dim CD16+ NK,0.9950739
8337,20241106_WGS_20241106_sc_PICA0033-PICA0069_Pool_7_CACTCTCCAAATTTCG,3.280445098876953,1.4588111492358802,2.6396495178264754,3.821471639010425e-05,0.0008941880550093039,0.0008622343268627923,257.0,CD56_dim CD16+ NK,1.0
8341,20241106_WGS_20241106_sc_PICA0033-PICA0069_Pool_7_CAGGCCGGTGTCATCC,3.3562610149383545,1.377110616709059,2.579401049364652,6.495670271959563e-05,0.001240093950563443,0.001197213474801899,261.0,CD56_dim CD16+ NK,0.9808429
8342,20241106_WGS_20241106_sc_PICA0033-PICA0069_Pool_7_CAGTCCACAGGTAAGC,3.3858842849731445,1.394738778859979,2.2225616046765038,0.0010216552966657987,0.008486713514124304,0.008273703815030741,256.0,CD56_dim CD16+ NK,0.98828125
8344,20241106_WGS_20241106_sc_PICA0033-PICA0069_Pool_7_CATAAGTTCGCAACGT,3.99350905418396,1.0403356328683506,1.4566940558656079,0.020726356761785993,0.07224888197464749,0.07127747060345423,186.0,CD56_dim CD16+ NK,0.9892473
8354,20241106_WGS_20241106_sc_PICA0033-PICA0069_Pool_7_CCACGATAGCTCATGA,3.734966516494751,0.8260281568043126,-2.0916679332016535,0.002277937051414109,0.01502316936149248,0.014695385129395867,157.0,CD56_dim CD16+ NK,0.9745223
8355,20241106_WGS_20241106_sc_PICA0033-PICA0069_Pool_7_CCACTCATCCAAATCG,3.6822636127471924,13.173933536016131,2.325771079226319,0.0004086527727026436,0.004523189285273867,0.004396605942110732,220.0,CD56_dim CD16+ NK,0.97727275
8358,20241106_WGS_20241106_sc_PICA0033-PICA0069_Pool_7_CCATGGTAGAAACGGT,3.64692759513855,1.552457377667518,-1.5831041044903507,0.032448726050662104,0.0982035024040161,0.09704431954210914,210.0,CD56_dim CD16+ NK,0.99523807
8360,20241106_WGS_20241106_sc_PICA0033-PICA0069_Pool_7_CCTAGAGGTAGGCATT,3.2154715061187744,2.202128898529265,1.3454864369800552,0.018587635943430367,0.06692500061357184,0.06600548038257256,356.0,CD56_dim CD16+ NK,0.994382
8361,20241106_WGS_20241106_sc_PICA0033-PICA0069_Pool_7_CCTAGTCGTGGTATGT,3.364823818206787,12.185113538215003,1.7645701362919983,0.002500284679258322,0.016113926291792563,0.01576068491440124,326.0,CD56_dim CD16+ NK,0.993865
8364,20241106_WGS_20241106_sc_PICA0033-PICA0069_Pool_7_CCTTGCCAGCAATACT,3.976322889328003,0.7945652582900495,1.867192470480284,0.006841635156058722,0.03300536137234793,0.03241205218175959,127.0,CD56_dim CD16+ NK,1.0
8365,20241106_WGS_20241106_sc_PICA0033-PICA0069_Pool_7_CCTTTAGGTCGAGGCT,3.484027862548828,1.861596604027386,3.5123903086082464,0.0001635580678001566,0.002390520068099915,0.002316880326742503,231.0,CD56_dim CD16+ NK,0.7532467
8366,20241106_WGS_20241106_sc_PICA0033-PICA0069_Pool_7_CGAGGAGGTAATTTCC,3.494375705718994,1.2990350471183678,2.974941338713614,6.376725560071874e-07,5.926143725685664e-05,5.639256334277421e-05,244.0,CD56_dim CD16+ NK,0.97540987
8367,20241106_WGS_20241106_sc_PICA0033-PICA0069_Pool_7_CGATACATCACTCGTT,3.281097888946533,2.0093942221458936,1.9101677356710471,0.0009971070996131366,0.008356250116139906,0.0081457825590471,347.0,CD56_dim CD16+ NK,0.9971182
8373,20241106_WGS_20241106_sc_PICA0033-PICA0069_Pool_7_CGCTTTCCACGCAGCT,3.319221019744873,3.3538513264849525,1.260917484665516,0.023821988641190145,0.07882781662894327,0.07781108901055632,364.0,CD56_dim CD16+ NK,0.93406594
8376,20241106_WGS_20241106_sc_PICA0033-PICA0069_Pool_7_CGTACATCAACGCCAC,3.3261306285858154,1.8073508819237671,1.1271465721631762,0.021833225692164022,0.07439609349481417,0.073418387573681,332.0,CD56_dim CD16+ NK,0.9909639
8378,20241106_WGS_20241106_sc_PICA0033-PICA0069_Pool_7_CGTGAGTTCATGGGCT,3.1832051277160645,12.155284089711092,1.5037199301903041,0.007348310011326878,0.03476858881920321,0.03415017924294146,429.0,CD56_dim CD16+ NK,1.0
8381,20241106_WGS_20241106_sc_PICA0033-PICA0069_Pool_7_CTAAAGCGTGGCTAGC,3.6702346801757812,2.4751429406752905,-1.7055009232696163,0.00800814899278799,0.036726385348209725,0.03609370956829458,256.0,CD56_dim CD16+ NK,1.0
8394,20241106_WGS_20241106_sc_PICA0033-PICA0069_Pool_7_CTGGTCGAGCCCACGA,3.3436203002929688,1.6829358316310516,1.3088503295874179,0.01979025377579237,0.06992603656575704,0.0689799120266858,273.0,CD56_dim CD16+ NK,0.978022
8399,20241106_WGS_20241106_sc_PICA0033-PICA0069_Pool_7_GCAATATTCAGCCGCA,3.411390542984009,2.4808445769717373,2.5293358865000286,0.00010899318900281522,0.0017805835901604193,0.0017221891591363491,205.0,CD56_dim CD16+ NK,0.99512196
8402,20241106_WGS_20241106_sc_PICA0033-PICA0069_Pool_7_GCGATGTTCCTAAACG,3.1732242107391357,42.37664284391445,1.1312123598842732,0.03085000140076303,0.0945855474008455,0.09346393386687951,562.0,CD56_dim CD16+ NK,0.9039146
8410,20241106_WGS_20241106_sc_PICA0033-PICA0069_Pool_7_GCTTTCGTCCGGTGCA,3.6052281856536865,1.4150851698776765,4.306739966824475,4.386157486603622e-08,1.0456358149875621e-05,9.959854474391573e-06,179.0,CD56_dim CD16+ NK,0.99441344
8414,20241106_WGS_20241106_sc_PICA0033-PICA0069_Pool_7_GGGGAATGTCCGAAAT,3.588066339492798,1.105821524090172,1.9783919983758194,0.0047454087740302475,0.025268660450255116,0.024798119814901144,172.0,CD56_dim CD16+ NK,0.98255813
8416,20241106_WGS_20241106_sc_PICA0033-PICA0069_Pool_7_GGGTATCTCCACCTCA,3.199702262878418,3.813802432690446,1.4130096313184186,0.009202911159631715,0.040462405787901695,0.03979882193955652,653.0,CD56_dim CD16+ NK,0.9954058
8419,20241106_WGS_20241106_sc_PICA0033-PICA0069_Pool_7_GGTCAATGTACCCGTT,3.560971736907959,2.1390189521909795,2.6695128127741934,0.0011299361505026893,0.009101390857401465,0.008877143019807205,184.0,CD56_dim CD16+ NK,0.9945652
8420,20241106_WGS_20241106_sc_PICA0033-PICA0069_Pool_7_GGTCAATGTAGAGGCG,3.6703128814697266,2.385139948882393,1.6566244080361783,0.0011671529049932154,0.009309816410597704,0.009083999007875126,305.0,CD56_dim CD16+ NK,0.9934426
8425,20241106_WGS_20241106_sc_PICA0033-PICA0069_Pool_7_GTACCCGAGCAATACT,3.44162917137146,3.1145808939773953,1.838031006189224,0.0023338618095120616,0.015286484498339971,0.0149535425719049,329.0,CD56_dim CD16+ NK,0.99696046
8427,20241106_WGS_20241106_sc_PICA0033-PICA0069_Pool_7_GTAGCCCCAACAGGAC,3.4642837047576904,12.136688401898528,3.295074138852017,0.004850986392144857,0.025705791796137165,0.02522803208492742,280.0,CD56_dim CD16+ NK,0.85
8428,20241106_WGS_20241106_sc_PICA0033-PICA0069_Pool_7_GTAGCGGCAATCACGT,3.870934247970581,14.044557508262837,2.7344524094614755,2.068054326396422e-06,0.00012812832181969278,0.0001226034783042616,288.0,CD56_dim CD16+ KLRC2+ NK,0.9791667
8429,20241106_WGS_20241106_sc_PICA0033-PICA0069_Pool_7_GTAGTAGCAACTGCAT,3.3342080116271973,1.5316229176392695,1.8082202882054488,0.0008295431484567624,0.0074356956828458285,0.007246017805252017,273.0,CD56_dim CD16+ NK,0.996337
8432,20241106_WGS_20241106_sc_PICA0033-PICA0069_Pool_7_GTCAAATTCGGCGTCA,3.2495083808898926,2.3068608313157544,1.2711276270352827,0.028115336187682416,0.08884990311684147,0.08775844564001775,427.0,CD56_dim CD16+ NK,0.9906323
8434,20241106_WGS_20241106_sc_PICA0033-PICA0069_Pool_7_GTCTGCACAGTTCTCC,3.5171761512756348,11.153511025217801,1.4717015271225957,0.018123117216984286,0.0656936009864795,0.0647929458257126,214.0,CD56_dim CD16+ NK,1.0
8441,20241106_WGS_20241106_sc_PICA0033-PICA0069_Pool_7_GTGTAAGCAGTACGAA,3.323125123977661,4.062223072348168,-1.8039888749904713,0.00042117312406856906,0.004594658300331643,0.004465245461132593,516.0,CD56_dim CD16+ NK,0.996124
8451,20241106_WGS_20241106_sc_PICA0033-PICA0069_Pool_4_AAGCCACTCGCTTACT,3.435039520263672,12.547226884222052,-2.9327385598939353,1.2797276857355448e-05,0.0004258985618980017,0.0004103300647009112,355.0,CD56_dim CD16+ NK,0.85070425
8452,20241106_WGS_20241106_sc_PICA0033-PICA0069_Pool_4_AAGTGAGGTCACTAGG,3.4527523517608643,2.227488993928503,-2.34282911088415,4.866050984094644e-05,0.0010286581168308226,0.0009924216386478755,387.0,CD56_dim CD16+ NK,1.0
8455,20241106_WGS_20241106_sc_PICA0033-PICA0069_Pool_4_ACAAGCGAGCTACGTA,3.4967212677001953,1.738521338328602,-1.874390537959897,0.0038865823277139163,0.02194328443329106,0.021510631807533816,242.0,CD56_dim CD16+ NK,0.8016529
8456,20241106_WGS_20241106_sc_PICA0033-PICA0069_Pool_4_ACACATTAGGGAATAC,3.477997303009033,2.019854341957848,-2.4967584222740205,0.00020466995018877306,0.0027695105485022026,0.002686788728018641,253.0,CD56_dim CD16+ NK,1.0
8457,20241106_WGS_20241106_sc_PICA0033-PICA0069_Pool_4_ACAGAAGGTATTACAG,3.4529898166656494,3.120989311446732,-3.1908483435794137,4.265312863344867e-05,0.0009576466285518312,0.0009238674506346446,289.0,CD56_dim CD16+ NK,0.98615915
8458,20241106_WGS_20241106_sc_PICA0033-PICA0069_Pool_4_ACAGGTTGTCGACGTA,3.3222978115081787,2.106135327600835,-1.4795978573018869,0.003386825578068948,0.02003820947120553,0.019629103672679997,387.0,CD56_dim CD16+ NK,0.99483204
8463,20241106_WGS_20241106_sc_PICA0033-PICA0069_Pool_4_ACCCACACAGTCACGC,3.596930742263794,3.0301874438275513,-3.0343721098871304,4.948602039697246e-07,4.7976697662455296e-05,4.5618627498183456e-05,347.0,CD56_dim CD16+ NK,0.96253604
8466,20241106_WGS_20241106_sc_PICA0033-PICA0069_Pool_4_ACGAGCTTCGCTCTCA,3.270800828933716,33.633588932943425,-1.90175589002688,0.0007115847209179989,0.006640404434804089,0.0064673816006131655,627.0,CD56_dim CD16+ NK,0.79585326
8467,20241106_WGS_20241106_sc_PICA0033-PICA0069_Pool_4_ACGAGTTGTGGCAATT,3.485079050064087,2.6751582673320122,-1.912156810605251,2.391793770834517e-05,0.0006333752805508287,0.0006101960042500545,428.0,CD56_dim CD16+ NK,0.99766356
8469,20241106_WGS_20241106_sc_PICA0033-PICA0069_Pool_4_ACGCAGGCAGCATCGC,3.5613670349121094,1.8606652020037473,-1.8804966098137077,0.0034013534334591615,0.020082522200585907,0.019673941956660442,228.0,CD56_dim CD16+ NK,0.9649123
8471,20241106_WGS_20241106_sc_PICA0033-PICA0069_Pool_4_ACGGGTTTCAGTATTA,3.8521926403045654,11.212036397263157,-2.283140882182407,0.001444760480320695,0.01078729169692137,0.010532583588063192,197.0,CD56_dim CD16+ NK,0.7766498
8474,20241106_WGS_20241106_sc_PICA0033-PICA0069_Pool_4_ACTGCATCACTCGAGC,3.505289077758789,2.304155137371399,-2.518552649403799,0.0003051107504421403,0.003674383866265922,0.003568110344631565,244.0,CD56_dim CD16+ NK,0.9918033
8475,20241106_WGS_20241106_sc_PICA0033-PICA0069_Pool_4_AGACAGCCACAACATC,4.031798362731934,11.097915392054716,-3.1065208570931384,0.00010189704222531197,0.0016955874374350475,0.0016395257092553187,180.0,CD56_dim CD16+ KLRC2+ NK,0.9777778
8476,20241106_WGS_20241106_sc_PICA0033-PICA0069_Pool_4_AGACGATAGGTCCGAT,3.7260162830352783,0.8784266091684094,-1.9038737741435403,0.004034993210735415,0.022623060966963333,0.022182789518529367,147.0,CD56_dim CD16+ NK,0.9863946
8477,20241106_WGS_20241106_sc_PICA0033-PICA0069_Pool_4_AGCCGAAAGATAGTGA,3.302976131439209,2.4454717862461637,-1.16392817521756,0.028199857520070138,0.08898039603786385,0.08788598414164941,429.0,CD56_dim CD16+ NK,0.997669
8479,20241106_WGS_20241106_sc_PICA0033-PICA0069_Pool_4_AGGATCACAACATCAC,3.660822868347168,0.7534592820940842,-2.560002587181348,0.0010063799812014436,0.008406419768088945,0.008195344830679708,152.0,CD56_dim CD16+ NK,0.9934211
8480,20241106_WGS_20241106_sc_PICA0033-PICA0069_Pool_4_AGGATTAAGCAGGCTT,3.503683090209961,1.5442618186535237,-2.023680116273813,0.0008174785454798698,0.007357732017682716,0.007168864273102513,282.0,CD56_dim CD16+ NK,0.9822695
8481,20241106_WGS_20241106_sc_PICA0033-PICA0069_Pool_4_AGGATTAAGGCATCAC,3.553628921508789,1.6916451562163293,-1.263598659813957,0.011838905568388096,0.048192173038921954,0.04745615240690243,277.0,CD56_dim CD16+ NK,0.99638987
8487,20241106_WGS_20241106_sc_PICA0033-PICA0069_Pool_4_AGTCGGCGTGTTCTAT,3.955890417098999,1.2093195113950947,-1.354432434976375,0.008427637960325966,0.037978344715082844,0.037348460463526315,187.0,CD56_dim CD16+ NK,0.96256685
8490,20241106_WGS_20241106_sc_PICA0033-PICA0069_Pool_4_AGTTAGAAGACACGGA,3.590245485305786,1.7413253742750627,-2.2550853372650703,9.988348753221928e-06,0.0003617471454705486,0.00034841901695299244,275.0,CD56_dim CD16+ NK,0.92727274
8491,20241106_WGS_20241106_sc_PICA0033-PICA0069_Pool_4_ATACAACTCCACCTCA,3.5016746520996094,1.0091105211341134,-2.089085929281861,0.0015902192907380072,0.011544031122372962,0.01128211031262755,171.0,CD56_dim CD16+ NK,0.9766082
8492,20241106_WGS_20241106_sc_PICA0033-PICA0069_Pool_4_ATACCATAGACACATT,3.5675132274627686,3.8142103267067746,-2.874040492021947,2.3907167766051514e-06,0.0001401842319424842,0.00013428134385317755,322.0,CD56_dim CD16+ NK,0.84782606
8499,20241106_WGS_20241106_sc_PICA0033-PICA0069_Pool_4_ATCGTCGCACATTGGT,3.974099636077881,20.579221737845163,-3.149487538737009,0.00029110900677826703,0.003566809484791926,0.0034640359481691776,142.0,CD56_dim CD16+ NK,0.6971831
8501,20241106_WGS_20241106_sc_PICA0033-PICA0069_Pool_4_ATGACCTCAAGCTATC,3.256664514541626,2.015024920798858,2.089612564604652,0.010970723106424064,0.04569523033428015,0.0449780407724181,334.0,CD56_dim CD16+ NK,0.9491018
8503,20241106_WGS_20241106_sc_PICA0033-PICA0069_Pool_4_ATGGCGTTCAGCACTA,3.5871453285217285,1.4738319834371691,-3.0040676771467485,8.769715780093664e-06,0.0003275786074877049,0.00031553273448132335,237.0,CD56_dim CD16+ NK,0.9957806
8505,20241106_WGS_20241106_sc_PICA0033-PICA0069_Pool_4_ATGGTAGCAACCCCAA,4.0805535316467285,31.478494113707566,-3.047969794691644,6.535153050346865e-05,0.0012452184274461696,0.0012025397721289073,189.0,Mixed,0.5026455
8506,20241106_WGS_20241106_sc_PICA0033-PICA0069_Pool_4_ATGTAGTTCCAATAGT,3.5223734378814697,1.479455065348496,-1.7322152118846084,0.012871688466577803,0.051287820843918294,0.05053097827379246,229.0,CD56_dim CD16+ NK,0.768559
8509,20241106_WGS_20241106_sc_PICA0033-PICA0069_Pool_4_ATTACCACAATGGCGG,3.4418771266937256,1.3628530293072343,-1.5730179549839511,0.0100477032024119,0.043165371566914676,0.04246274844318212,249.0,CD56_dim CD16+ NK,0.81526107
8514,20241106_WGS_20241106_sc_PICA0033-PICA0069_Pool_4_ATTGTGGTCATCAATA,3.701295852661133,1.2489992671662287,-2.353545539300405,0.00039097642772876285,0.00439669953145667,0.004273364334086786,196.0,CD56_dim CD16+ NK,0.79591835
8518,20241106_WGS_20241106_sc_PICA0033-PICA0069_Pool_4_CAACGCCCACATGATC,3.5600297451019287,1.6683733226416546,-3.621193714146655,1.2540187650724756e-07,1.871718008292266e-05,1.7815212991932357e-05,298.0,CD56_dim CD16+ NK,0.98657715
8519,20241106_WGS_20241106_sc_PICA0033-PICA0069_Pool_4_CAAGACCTCATGCAGC,3.2385964393615723,12.238132314778266,-1.2847870901982354,0.01775476229000346,0.06473063039186679,0.06384427610893964,446.0,CD56_dim CD16+ NK,0.99775785
8521,20241106_WGS_20241106_sc_PICA0033-PICA0069_Pool_4_CACAGAACAACCACAT,3.5470967292785645,1.346687809892268,-1.7465044457144976,0.012390665676559132,0.049739383691843525,0.049002508070289476,224.0,CD56_dim CD16+ NK,0.66071427
8524,20241106_WGS_20241106_sc_PICA0033-PICA0069_Pool_4_CACATGGGTGTTAAGC,3.9471399784088135,0.5820113318779885,-1.6608630046924104,0.03307289401348635,0.0997553824025885,0.09859571138161871,99.0,CD56_dim CD16+ NK,0.9292929
8526,20241106_WGS_20241106_sc_PICA0033-PICA0069_Pool_4_CACGGTTAGCGATGAG,3.4929380416870117,11.97290304851617,-1.2142308998363505,0.03214344993873126,0.0975493300512759,0.09639758411711165,342.0,CD56_dim CD16+ NK,0.877193
8528,20241106_WGS_20241106_sc_PICA0033-PICA0069_Pool_4_CAGGTATGTGCGCTCC,3.4097790718078613,2.00453826287106,-3.2443573743477794,2.6735773698144073e-05,0.0006912706212609377,0.0006665912909028395,250.0,CD56_dim CD16+ NK,1.0
8530,20241106_WGS_20241106_sc_PICA0033-PICA0069_Pool_4_CATAAGCGTCCCTAGT,3.500483274459839,11.790401712917317,-1.8106884871227271,0.0008346050277125881,0.007465259276635681,0.007275167759192469,336.0,CD56_dim CD16+ NK,0.9970238
8533,20241106_WGS_20241106_sc_PICA0033-PICA0069_Pool_4_CATGTCAAGATCGTAT,4.118314266204834,1.4384545469767218,-1.59373054038074,0.010217628962574776,0.043640111960163985,0.04294464255117267,182.0,CD56_dim CD16+ NK,0.83516484
8534,20241106_WGS_20241106_sc_PICA0033-PICA0069_Pool_4_CATGTGGGTGTGTCAG,3.4416024684906006,2.2666942812228967,2.0408527848225777,0.0006397632153766556,0.006186058196731761,0.006021507866895436,302.0,CD56_dim CD16+ NK,0.9933775
8536,20241106_WGS_20241106_sc_PICA0033-PICA0069_Pool_4_CCACGGTCACGTATCG,3.5254878997802734,1.7551106976696178,-2.577902226600713,1.4602061434411468e-06,0.00010483133818115804,0.00010006026202766664,330.0,CD56_dim CD16+ NK,0.9909091
8537,20241106_WGS_20241106_sc_PICA0033-PICA0069_Pool_4_CCACGTACACTCCTAC,3.1792707443237305,2.612580149697894,-1.1512138850599904,0.019428430439654813,0.0690212660487638,0.06808766373700888,509.0,CD56_dim CD16+ NK,1.0
8538,20241106_WGS_20241106_sc_PICA0033-PICA0069_Pool_4_CCAGAACTCACTCGGG,3.2995450496673584,1.6641189583910696,-1.8614347927185098,0.0013853119606245504,0.010473298637077856,0.010224853701043835,332.0,CD56_dim CD16+ NK,0.99698794
8543,20241106_WGS_20241106_sc_PICA0033-PICA0069_Pool_4_CCCTAAGCACCGCTAA,3.837430238723755,2.7833540152530922,-1.642555561930004,0.03254788044487456,0.09847333239019021,0.09731362204494845,168.0,CD56_dim CD16+ NK,1.0
8544,20241106_WGS_20241106_sc_PICA0033-PICA0069_Pool_4_CCGCTGAAGCTTCGTT,3.7315833568573,2.0289111183870636,-1.3972496953437825,0.0007611511492211257,0.006992554338683834,0.006811482694028776,337.0,CD56_dim CD16+ NK,0.9169139
8545,20241106_WGS_20241106_sc_PICA0033-PICA0069_Pool_4_CCTGATAAGCCTAAGC,3.319117784500122,2.9430878494723784,-2.2452745873008446,2.3495187920325976e-05,0.0006272387430979165,0.000604201441137534,490.0,CD56_dim CD16+ NK,0.9918367
8546,20241106_WGS_20241106_sc_PICA0033-PICA0069_Pool_4_CCTGCTTCACAATTCA,3.667279005050659,0.8739011718406504,-2.129137112870495,0.005761352441043158,0.02912010410298417,0.028587478950376284,143.0,CD56_dim CD16+ NK,0.72727275
8547,20241106_WGS_20241106_sc_PICA0033-PICA0069_Pool_4_CGACCATAGCACGGTT,4.260381698608398,1.4206962385436928,-2.1207993162451553,9.982263251305973e-05,0.0016698425090994778,0.0016141923528173062,210.0,CD56_dim CD16+ NK,0.63809526
8549,20241106_WGS_20241106_sc_PICA0033-PICA0069_Pool_4_CGATGATGTCAGGCGT,3.469453811645508,2.7971192201580055,-3.1930020909378958,0.00013029680046737428,0.0020213445376442585,0.0019565246437652497,288.0,CD56_dim CD16+ NK,0.7118056
8550,20241106_WGS_20241106_sc_PICA0033-PICA0069_Pool_4_CGATTTACAAATATAG,3.5108985900878906,1.125887278727951,-2.0615360752757925,0.0010693719729911785,0.008778652754946749,0.008559690166944137,229.0,CD56_dim CD16+ NK,1.0
8555,20241106_WGS_20241106_sc_PICA0033-PICA0069_Pool_4_CGCTGCAAGCTCGAGT,3.377467393875122,1.4385295759941736,-2.3350453565618197,0.00022071746934548917,0.0029224298259709863,0.0028340900480014622,294.0,CD56_dim CD16+ NK,0.99659866
8558,20241106_WGS_20241106_sc_PICA0033-PICA0069_Pool_4_CGGTTTAAGCAGCTAC,3.3757150173187256,2.031953641443115,-2.6620781313270916,0.0001195821015501564,0.0018969457043004681,0.0018349942000181424,295.0,CD56_dim CD16+ NK,0.70508474
8567,20241106_WGS_20241106_sc_PICA0033-PICA0069_Pool_4_CTATCCCCAGCTACAT,3.446124792098999,2.127971702620432,-1.5768128951084124,0.0070962202234418825,0.033885053524539986,0.03328077111922146,283.0,CD56_dim CD16+ NK,1.0
8571,20241106_WGS_20241106_sc_PICA0033-PICA0069_Pool_4_CTCATGAAGATGCATT,3.285489320755005,2.50191157951408,-1.80413866608266,0.004248837774807924,0.02344756108506843,0.022992492913114667,422.0,CD56_dim CD16+ NK,0.99526066
8572,20241106_WGS_20241106_sc_PICA0033-PICA0069_Pool_4_CTCATTTCAACGGGAT,3.4414572715759277,8.057971479593949,-2.3895607315292904,0.0023373512636303733,0.015292686567334532,0.01495909944430674,270.0,CD56_dim CD16+ NK,1.0
8573,20241106_WGS_20241106_sc_PICA0033-PICA0069_Pool_4_CTCGTAAAGGGGCTTT,3.3449769020080566,12.366425469146124,1.6325202960318073,0.006633368111141834,0.032258750410879375,0.03167258642572979,443.0,CD56_dim CD16+ NK,0.9887133
8574,20241106_WGS_20241106_sc_PICA0033-PICA0069_Pool_4_CTCTAATGTCAGGGTC,3.413679361343384,1.489768704395694,1.5612453906070871,0.005610160772530146,0.028649919009950474,0.0281195786097264,251.0,CD56_dim CD16+ NK,0.98406374
8575,20241106_WGS_20241106_sc_PICA0033-PICA0069_Pool_4_CTGGCCCGTCAGTCTC,3.444823741912842,12.686723932141492,-2.234579228730514,1.3780249614926795e-05,0.00044217993145486605,0.00042611731033721643,403.0,CD56_dim CD16+ NK,0.84863526
8579,20241106_WGS_20241106_sc_PICA0033-PICA0069_Pool_4_CTTGGGTAGCAACAGG,3.496857166290283,2.5501538402165593,-1.9789012945451605,0.0005313471194758339,0.005463779200372066,0.005315161031885385,262.0,CD56_dim CD16+ NK,0.8816794
8580,20241106_WGS_20241106_sc_PICA0033-PICA0069_Pool_4_CTTGTATGTCAGTCTC,3.990151882171631,10.997438721403233,-1.863193777032082,0.011730857877449766,0.04790223100397028,0.04716833251317547,160.0,CD56_dim CD16+ KLRC2+ NK,0.78125
8581,20241106_WGS_20241106_sc_PICA0033-PICA0069_Pool_4_CTTGTCTAGGCCCACA,3.5917880535125732,0.968509960434628,-3.47899552491564,3.984819037226597e-05,0.0009227629054956821,0.0008900465615491328,161.0,CD56_dim CD16+ NK,0.98136646
8584,20241106_WGS_20241106_sc_PICA0033-PICA0069_Pool_4_GCAAGGCAGCTTAGTG,3.3978610038757324,2.344686130629248,-2.9649622588627413,1.5899753283662095e-06,0.00010801963420507262,0.00010312797083589195,335.0,CD56_dim CD16+ NK,0.9940299
8585,20241106_WGS_20241106_sc_PICA0033-PICA0069_Pool_4_GCAATCGGTCTTGGTC,3.5325281620025635,0.9219231344146743,2.0427771866900093,0.005166009266263203,0.0269689227779326,0.0264674411364801,169.0,CD56_dim CD16+ NK,0.9881657
8586,20241106_WGS_20241106_sc_PICA0033-PICA0069_Pool_4_GCAGTGAAGACCATGC,3.5896899700164795,2.0577919966761327,-2.417848993476515,0.0004457803952021176,0.004783641256139499,0.004650889101110878,232.0,CD56_dim CD16+ NK,0.83189654
8587,20241106_WGS_20241106_sc_PICA0033-PICA0069_Pool_4_GCATTAGTCATCTCCG,3.4201066493988037,1.6312284848337684,-1.8349971052340337,0.0012810633601303765,0.009874612801756133,0.009639429121366365,306.0,CD56_dim CD16+ NK,1.0
8588,20241106_WGS_20241106_sc_PICA0033-PICA0069_Pool_4_GCCATAATCATTAAGC,3.503253936767578,1.5670854017798588,-1.5273168288546997,0.01006364134304338,0.04317810577975625,0.042476076910486604,256.0,CD56_dim CD16+ NK,1.0
8592,20241106_WGS_20241106_sc_PICA0033-PICA0069_Pool_4_GCGAAACCACATTTAG,3.2970733642578125,2.6281200605810078,-1.5443469835666386,0.004257168749780032,0.023454904560449158,0.022999021923245048,393.0,CD56_dim CD16+ NK,0.9974555
8594,20241106_WGS_20241106_sc_PICA0033-PICA0069_Pool_4_GCGGTTTAGCGAATGG,3.283581495285034,21.437844217437533,-1.7551683595971292,0.0031295632547599177,0.0189253085467403,0.018528780044224685,321.0,CD56_dim CD16+ NK,0.99376947
8596,20241106_WGS_20241106_sc_PICA0033-PICA0069_Pool_4_GCTCATAAGACGCGTT,3.2236459255218506,21.620269818692478,1.9419148568089513,0.0008785156826136891,0.0077201230949397424,0.007521052420233717,354.0,CD56_dim CD16+ NK,0.9745763
8597,20241106_WGS_20241106_sc_PICA0033-PICA0069_Pool_4_GCTGAGTTCCGGAAAG,3.9022738933563232,0.9724984607586421,-2.3102287143338844,0.004635042486827732,0.024901275216117028,0.024435292078964013,134.0,CD56_dim CD16+ NK,0.7761194
8600,20241106_WGS_20241106_sc_PICA0033-PICA0069_Pool_4_GGACGGTAGAGTCTTG,3.5275473594665527,51.450791197692794,-1.5351802135367878,0.031587855800950575,0.09621121971346765,0.09507613814143902,255.0,CD56_dim CD16+ NK,0.9764706
8601,20241106_WGS_20241106_sc_PICA0033-PICA0069_Pool_4_GGACGTTTCACGACAC,3.610243320465088,12.284523509990354,-2.0144400615609364,0.0010539247056708485,0.008673527381423164,0.008457198091888031,350.0,CD56_dim CD16+ NK,0.8314286
8603,20241106_WGS_20241106_sc_PICA0033-PICA0069_Pool_4_GGCATTATCGGTTACA,3.6332192420959473,1.453595526620738,-2.033621945694579,0.004816992231423173,0.02559449324258343,0.02511879461761677,219.0,CD56_dim CD16+ NK,0.7853881
8604,20241106_WGS_20241106_sc_PICA0033-PICA0069_Pool_4_GGCGAGTAGAGTATTC,3.6634371280670166,1.6266021874658614,-2.756490679336727,6.399704668544818e-05,0.0012313181775358399,0.0011889733012641918,171.0,CD56_dim CD16+ NK,0.9883041
8607,20241106_WGS_20241106_sc_PICA0033-PICA0069_Pool_4_GGGGCTTGTCACAGCA,3.9262590408325195,0.763960519439561,-2.2038530213603185,0.003144027497470493,0.01896620629368146,0.018571690411655486,144.0,CD56_dim CD16+ NK,0.9930556
8608,20241106_WGS_20241106_sc_PICA0033-PICA0069_Pool_4_GGGTACAAGCTTGTAG,3.8009252548217773,0.8910788505720735,-2.1209856729157552,0.004971106711882054,0.02618736482286102,0.025700710731009706,150.0,CD56_dim CD16+ NK,0.9866667
8609,20241106_WGS_20241106_sc_PICA0033-PICA0069_Pool_4_GGGTACAAGGGGATAT,3.9973201751708984,1.2124805552610591,-1.6469780365917488,0.020420165285081986,0.0715105041675587,0.0705375049203532,140.0,CD56_dim CD16+ NK,1.0
8610,20241106_WGS_20241106_sc_PICA0033-PICA0069_Pool_4_GGTAAATCAGCTAATC,3.6037533283233643,21.65665987967413,-2.1412353402532265,0.0023987944446584968,0.015618323909009156,0.0152790387720651,281.0,CD56_dim CD16+ NK,0.83985764
8611,20241106_WGS_20241106_sc_PICA0033-PICA0069_Pool_4_GGTAGCGCAAAACCTC,3.4605658054351807,1.8000912544735883,-1.574944151398412,0.00522659585520827,0.027184369466555794,0.026676061846282465,278.0,CD56_dim CD16+ NK,0.83093524
8612,20241106_WGS_20241106_sc_PICA0033-PICA0069_Pool_4_GGTATTGTCACCACTT,3.449789047241211,4.674541563139623,-3.0761155129751723,6.353647632787061e-07,5.926143725685664e-05,5.639256334277421e-05,346.0,CD56_dim CD16+ NK,0.9884393
8614,20241106_WGS_20241106_sc_PICA0033-PICA0069_Pool_4_GTAAGACAGGCTCGAT,3.6976938247680664,1.169664897919884,-3.025507954037725,0.002605368220201579,0.016590486320107144,0.01623121617233053,151.0,CD56_dim CD16+ NK,0.70198673
8615,20241106_WGS_20241106_sc_PICA0033-PICA0069_Pool_4_GTAAGCTGTGTGGTGC,3.696657657623291,1.4390473318519914,-3.7982784529265925,3.4115701726840984e-08,9.335382714197515e-06,8.873482320604147e-06,227.0,CD56_dim CD16+ NK,0.78854626
8617,20241106_WGS_20241106_sc_PICA0033-PICA0069_Pool_4_GTAGATTTCGTACTTC,3.6971168518066406,12.00499460195282,-2.7114908158960374,0.0005304375074060151,0.005460125272159514,0.0053115190070660255,234.0,CD56_dim CD16+ NK,0.78205127
8618,20241106_WGS_20241106_sc_PICA0033-PICA0069_Pool_4_GTAGCAGAGGGTTTCA,3.7871291637420654,1.4268816549857313,-1.6438756881698635,0.0032696213901065737,0.019544320578847002,0.019140638652372997,197.0,CD56_dim CD16+ NK,0.97969544
8619,20241106_WGS_20241106_sc_PICA0033-PICA0069_Pool_4_GTATCAGTCGCTCCGT,3.4679417610168457,1.2853745887719787,-1.4595993919680883,0.014196132018526743,0.054949350300395654,0.05415092545994627,207.0,CD56_dim CD16+ NK,0.8309179
8620,20241106_WGS_20241106_sc_PICA0033-PICA0069_Pool_4_GTCAAGCTCCTGCGTC,3.633678674697876,1.543422707906021,-1.295708328449159,0.017541031530414343,0.06411751451061659,0.0632370608744173,231.0,CD56_dim CD16+ NK,0.8701299
8621,20241106_WGS_20241106_sc_PICA0033-PICA0069_Pool_4_GTCATGGGTCGGTTAG,3.4748942852020264,1.6081270003902097,-1.495729996936218,0.019436097047941404,0.0690212660487638,0.06808766373700888,236.0,CD56_dim CD16+ NK,0.720339
8623,20241106_WGS_20241106_sc_PICA0033-PICA0069_Pool_4_GTCCGATAGAGGTACG,4.273922443389893,1.070162604537405,-2.5940241256114596,0.0021195902995308677,0.014239562118185755,0.013929220757224473,196.0,CD56_dim CD16+ KLRC2+ NK,0.84183675
8624,20241106_WGS_20241106_sc_PICA0033-PICA0069_Pool_4_GTCGAGAAGAATTCGT,3.67695951461792,1.617921309816277,-2.1986270487917174,0.003877679995131242,0.02193512989705813,0.021501673887913412,180.0,CD56_dim CD16+ NK,0.98333335
8625,20241106_WGS_20241106_sc_PICA0033-PICA0069_Pool_4_GTCGATGGTCTATAAG,3.4805245399475098,2.1148518699622034,-2.333286896830683,0.0002981567177682428,0.003620734167614103,0.0035152895521492135,322.0,CD56_dim CD16+ NK,1.0
8626,20241106_WGS_20241106_sc_PICA0033-PICA0069_Pool_4_GTCTTAACACATGCCA,3.6907525062561035,2.0582037354790357,-2.936254751069606,0.00025641139927520037,0.003287680400467281,0.0031896939637682214,195.0,CD56_dim CD16+ NK,0.7692308
8627,20241106_WGS_20241106_sc_PICA0033-PICA0069_Pool_4_GTGCGAAAGATAGCGG,3.543652057647705,1.44044374781662,-2.4530138753649964,0.00043658437615568706,0.004715781457795694,0.004584104760350736,214.0,CD56_dim CD16+ NK,0.9813084
8631,20241106_WGS_20241106_sc_PICA0033-PICA0069_Pool_4_GTGTTACCAGTAGCCC,3.75771164894104,1.061694692007629,-2.629282710191506,0.00018910623689684524,0.002598166721995568,0.002519692826721099,185.0,CD56_dim CD16+ NK,0.9891892
8632,20241106_WGS_20241106_sc_PICA0033-PICA0069_Pool_4_GTTAAGGCACGTCGTA,3.2464401721954346,2.250612112606774,-1.3467826523976174,0.010775970229047187,0.04521042705551271,0.04449698303161056,368.0,CD56_dim CD16+ NK,1.0
8633,20241106_WGS_20241106_sc_PICA0033-PICA0069_Pool_4_GTTAGCGGTACCATGG,3.417285203933716,1.97577676555707,-1.8258883095078984,0.0019934523828773615,0.013600661849287668,0.0133019510445938,300.0,CD56_dim CD16+ NK,0.83
8635,20241106_WGS_20241106_sc_PICA0033-PICA0069_Pool_4_GTTATCGAGCCTGACG,3.822737693786621,11.705803844973856,-1.9168261467091534,0.0026841613516581796,0.016960662909034464,0.016593836592860244,296.0,CD56_dim CD16+ KLRC2+ NK,0.6013514
8636,20241106_WGS_20241106_sc_PICA0033-PICA0069_Pool_4_GTTATGAGTAAGTGAG,3.677133798599243,1.7203346452167876,-1.7980820344217332,0.016183994069411605,0.06055014264252705,0.0596930887131352,182.0,CD56_dim CD16+ NK,1.0
8638,20241106_WGS_20241106_sc_PICA0033-PICA0069_Pool_4_GTTCTATGTCTCTCGG,3.3879194259643555,2.1807103357066766,-1.1907804216311406,0.009013736055818799,0.03987171705696946,0.03922260225062711,365.0,CD56_dim CD16+ NK,0.9972603
8639,20241106_WGS_20241106_sc_PICA0033-PICA0069_Pool_4_GTTGGGTTCCAGTAAT,3.6387085914611816,1.657375331428062,-2.0548550745302023,0.0010536129072958632,0.008673527381423164,0.008457198091888031,222.0,CD56_dim CD16+ NK,0.8828829
8640,20241106_WGS_20241106_sc_PICA0033-PICA0069_Pool_6_AAACCAGCAACTTACA,3.3113443851470947,2.7290745143591564,-1.8275059741618742,0.0005566803519675777,0.005659296333573384,0.005504883490249427,335.0,CD56_dim CD16+ NK,0.9940299
8647,20241106_WGS_20241106_sc_PICA0033-PICA0069_Pool_6_AACACTCCAAAGGACC,3.4122183322906494,1.1610016171940933,2.268971023476682,0.0018723722743566877,0.012980112086339007,0.012692451268320111,229.0,CD56_dim CD16+ NK,0.99126637
8650,20241106_WGS_20241106_sc_PICA0033-PICA0069_Pool_6_AACCATGTCCCTTCGA,3.418104648590088,6.5247356011608275,-2.051149527570085,0.0034531821649505553,0.020308834332494283,0.01989951543796133,366.0,CD56_dim CD16+ NK,0.8661202
8652,20241106_WGS_20241106_sc_PICA0033-PICA0069_Pool_6_AACCCGTAGCCTGCGA,3.2726547718048096,3.852207201655527,-1.545464411964898,0.0032908804832459198,0.019635653325533346,0.019229109541588307,527.0,CD56_dim CD16+ NK,0.9924099
8655,20241106_WGS_20241106_sc_PICA0033-PICA0069_Pool_6_AAGCCAGAGAATACGA,3.906125783920288,0.7927660264702875,-2.241485289498123,0.003375415152801893,0.019994717179946754,0.019586775076137167,138.0,CD56_dim CD16+ NK,0.884058
8658,20241106_WGS_20241106_sc_PICA0033-PICA0069_Pool_6_AAGGCATAGCACCCGA,3.771566867828369,1.3848632103273943,-1.2000522375942857,0.019802135776030363,0.06994293278224278,0.06899825598069427,223.0,CD56_dim CD16+ NK,0.97309417
8661,20241106_WGS_20241106_sc_PICA0033-PICA0069_Pool_6_AAGTAGGGTACAGGCC,3.441871404647827,1.475590714536311,-1.63293480912307,0.02124394411674605,0.07310050062031029,0.07213817563222742,209.0,CD56_dim CD16+ NK,1.0
8664,20241106_WGS_20241106_sc_PICA0033-PICA0069_Pool_6_AAGTTGCGTATCGAGT,3.5418529510498047,2.055963692795859,2.4532740409146845,0.028879962168740798,0.09051750153492383,0.08939982107930998,300.0,CD56_dim CD16+ NK,0.63
8665,20241106_WGS_20241106_sc_PICA0033-PICA0069_Pool_6_AATACAGAGCCATTTC,3.3407797813415527,1.4494773005959531,2.5278508920783156,5.164758741049084e-05,0.001064394107909509,0.0010272781009220253,296.0,CD56_dim CD16+ NK,0.9932432
8670,20241106_WGS_20241106_sc_PICA0033-PICA0069_Pool_6_AATCGCGGTGCCTCGC,3.5517024993896484,1.6608046152748543,1.8856415038697425,0.002999098934854833,0.018293574989012358,0.01790903143778418,240.0,CD56_dim CD16+ NK,0.95
8674,20241106_WGS_20241106_sc_PICA0033-PICA0069_Pool_6_AATTCCCTCCAGCCCT,3.4582717418670654,1.3291668137879535,1.4554137840681824,0.02963102873740307,0.09211009448662076,0.09099806589536093,240.0,CD56_dim CD16+ NK,0.99583334
8678,20241106_WGS_20241106_sc_PICA0033-PICA0069_Pool_6_ACAACAGCAGCATCAT,3.371619939804077,1.654097347675287,1.2926034801051138,0.01835211719218858,0.06631940809253473,0.0654118998311619,288.0,CD56_dim CD16+ NK,0.9895833
8685,20241106_WGS_20241106_sc_PICA0033-PICA0069_Pool_6_ACAGCCCCAACGAGGT,3.4160258769989014,21.683726042382236,1.3941331806181452,0.009200993735138777,0.040462405787901695,0.03979882193955652,376.0,CD56_dim CD16+ NK,0.98670214
8688,20241106_WGS_20241106_sc_PICA0033-PICA0069_Pool_6_ACATATATCCGGCTTC,3.2291548252105713,2.1455403650246234,1.1712885563817088,0.02653772543330192,0.08537408124127316,0.08430304259405784,360.0,CD56_dim CD16+ NK,0.96666664
8690,20241106_WGS_20241106_sc_PICA0033-PICA0069_Pool_6_ACATTCGAGCTAGCGT,3.3455276489257812,1.4677484512536378,2.6775890389926804,4.1497145161772955e-05,0.000950670644159594,0.0009168485093204829,252.0,CD56_dim CD16+ NK,1.0
8691,20241106_WGS_20241106_sc_PICA0033-PICA0069_Pool_6_ACATTTCGTCAGGTGC,3.526381015777588,1.112003560413711,3.7808561963345504,0.012591200386126902,0.05040061560493137,0.049656569820183086,180.0,CD56_dim CD16+ NK,0.64444447
8694,20241106_WGS_20241106_sc_PICA0033-PICA0069_Pool_6_ACCAGAGAGCACCATA,3.3371689319610596,2.037113901175719,3.402864788503506,1.237378876902699e-07,1.871718008292266e-05,1.7815212991932357e-05,343.0,CD56_dim CD16+ NK,0.9912537
8695,20241106_WGS_20241106_sc_PICA0033-PICA0069_Pool_6_ACCAGGAAGAACAGAC,3.542332410812378,1.6636597753095081,3.9226619057843197,6.068971564306648e-05,0.0011979059099268355,0.0011569088712686038,276.0,Mixed,0.5869565
8696,20241106_WGS_20241106_sc_PICA0033-PICA0069_Pool_6_ACCCATTTCCACAACA,3.48242449760437,2.0172253797626034,4.249691708852497,0.00015646465561254303,0.002317293923952255,0.0022453154209049033,283.0,CD56_dim CD16+ NK,0.6784452
8697,20241106_WGS_20241106_sc_PICA0033-PICA0069_Pool_6_ACCCTAAAGCAAGATA,3.813525915145874,0.939223558336859,2.294497855852002,0.00018693555272114915,0.002572756542015998,0.0024947472908103743,168.0,CD56_dim CD16+ NK,0.99404764
8699,20241106_WGS_20241106_sc_PICA0033-PICA0069_Pool_6_ACCTTATGTCTGTTGC,3.5246682167053223,1.7174989848549753,5.075743664136315,0.000411770263031099,0.004539016239994798,0.004411449826408179,289.0,CD56_dim CD16+ NK,0.75778544
8703,20241106_WGS_20241106_sc_PICA0033-PICA0069_Pool_6_ACGACGAAGGGGTAGC,3.319850206375122,12.499505821881458,-1.2489529225259055,0.025523642153827478,0.0828965032707208,0.08186100501452315,418.0,CD56_dim CD16+ NK,0.99760765
8704,20241106_WGS_20241106_sc_PICA0033-PICA0069_Pool_6_ACGCAGTTCCAGTCCC,3.4702413082122803,1.0793362252035628,1.7384156672468107,0.008991133554874471,0.039789603166697406,0.039142305042618425,202.0,CD56_dim CD16+ NK,0.9950495
8709,20241106_WGS_20241106_sc_PICA0033-PICA0069_Pool_6_ACGGTTGGTCCAGCTT,3.5548086166381836,1.6018000165457542,1.6245871388387918,0.005424925662389797,0.02800887982190875,0.027488594975155104,265.0,CD56_dim CD16+ NK,1.0
8713,20241106_WGS_20241106_sc_PICA0033-PICA0069_Pool_6_ACGTTCGCAGGTACAA,3.220242977142334,1.9783664529337281,2.2846507879060582,3.652646194458768e-05,0.0008670413894364656,0.0008358781386411461,392.0,CD56_dim CD16+ NK,0.99489796
8717,20241106_WGS_20241106_sc_PICA0033-PICA0069_Pool_6_ACTCCAAAGAGAAGGA,3.350275754928589,12.075512587942086,1.1145511568389592,0.013179513891595914,0.05197413584712224,0.05120592123064335,400.0,CD56_dim CD16+ NK,0.9875
8718,20241106_WGS_20241106_sc_PICA0033-PICA0069_Pool_6_ACTCCCTCACAATGGA,3.513943672180176,1.6276650750344932,1.4184572628396188,0.0226973353102952,0.07627195474292665,0.07528414295104202,247.0,CD56_dim CD16+ NK,0.9919028
8719,20241106_WGS_20241106_sc_PICA0033-PICA0069_Pool_6_ACTCCGACAAGGATAT,3.383119583129883,1.528210965081477,4.760735907028834,0.0019934041197335454,0.013600661849287668,0.0133019510445938,229.0,Mixed,0.59825325
8720,20241106_WGS_20241106_sc_PICA0033-PICA0069_Pool_6_ACTCTGTTCAAGCTAT,3.720850706100464,1.3644612321289038,-1.9944258729566493,0.0011655190192152328,0.009304317551287892,0.009078196257128709,181.0,CD56_dim CD16+ NK,0.9944751
8722,20241106_WGS_20241106_sc_PICA0033-PICA0069_Pool_6_ACTGCGCCAAGGGCAT,3.3916778564453125,1.7976249011784844,2.8007224088513896,1.558658913256278e-06,0.00010789961941494242,0.00010301799908317214,335.0,CD56_dim CD16+ NK,0.99701494
8724,20241106_WGS_20241106_sc_PICA0033-PICA0069_Pool_6_ACTGGAACAGTGAAGC,3.4592783451080322,1.5540399747176112,1.7394920415166015,0.0035814814101444016,0.02071249364207542,0.02029598593803762,294.0,CD56_dim CD16+ NK,0.9863946
8726,20241106_WGS_20241106_sc_PICA0033-PICA0069_Pool_6_ACTTAAGGTCTGCAAG,3.2771408557891846,2.730180643458344,3.7511231732405337,0.0018143083978407093,0.012711772423277971,0.012428517189805833,396.0,CD56_dim CD16+ NK,0.68434346
8736,20241106_WGS_20241106_sc_PICA0033-PICA0069_Pool_6_AGACTTTAGCCTAATG,3.201305389404297,2.4662641192554977,1.3115155925997124,0.01164416381694184,0.047655445683711696,0.046924289763281196,430.0,CD56_dim CD16+ NK,0.88139534
8737,20241106_WGS_20241106_sc_PICA0033-PICA0069_Pool_6_AGAGTTAAGCACAGGA,3.285090446472168,32.51135201040502,-1.9025754727886668,0.0005710776564706527,0.00574403996931387,0.005585995214953242,507.0,CD56_dim CD16+ NK,0.9881657
8738,20241106_WGS_20241106_sc_PICA0033-PICA0069_Pool_6_AGAGTTAAGCTCGTTT,3.646261215209961,11.087596640468307,-1.8001152755507965,0.01116203848191046,0.0461871542057991,0.04547316539069548,218.0,CD56_dim CD16+ NK,1.0
8740,20241106_WGS_20241106_sc_PICA0033-PICA0069_Pool_6_AGCAATTTCATTAACA,3.8168556690216064,1.0415349457662764,-1.7257957000827833,0.006958201603295185,0.03343670438734677,0.032836849832509375,182.0,CD56_dim CD16+ NK,1.0
8743,20241106_WGS_20241106_sc_PICA0033-PICA0069_Pool_6_AGCCCATAGGTCGTAC,3.3322534561157227,3.3614260174203525,-2.2498640771618743,3.329326054380012e-05,0.0008138260784540321,0.000784898395941641,366.0,CD56_dim CD16+ NK,0.9918033
8746,20241106_WGS_20241106_sc_PICA0033-PICA0069_Pool_6_AGCTTACCACTATGGT,3.937359094619751,21.587007515649272,-2.9693611217326152,0.0001537723021835874,0.00228823406164731,0.0022165321865662718,244.0,CD56_dim CD16+ KLRC2+ NK,0.6147541
8748,20241106_WGS_20241106_sc_PICA0033-PICA0069_Pool_6_AGGACATAGATTACCG,3.3044943809509277,1.6220664652081318,-1.8583316393005824,0.0013389628161707464,0.010209073298837478,0.009967409785967588,290.0,CD56_dim CD16+ NK,1.0
8756,20241106_WGS_20241106_sc_PICA0033-PICA0069_Pool_6_AGGTTTAGTATCATCT,3.530033588409424,1.9259033434077728,-2.3218215922740293,0.0002576649404535097,0.003290461014796264,0.0031923909630746706,266.0,CD56_dim CD16+ NK,1.0
8757,20241106_WGS_20241106_sc_PICA0033-PICA0069_Pool_6_AGGTTTAGTGCAAGCC,3.61428165435791,1.2915956131617654,2.511863749850685,0.00049926657192297,0.005182586933628216,0.005041078644148592,216.0,CD56_dim CD16+ NK,0.9953704
8758,20241106_WGS_20241106_sc_PICA0033-PICA0069_Pool_6_AGTACTCCACTGCTCT,3.3303563594818115,2.202936941806561,-1.8243363879271828,0.0006301813475880738,0.006121659956911221,0.005957669090453073,378.0,CD56_dim CD16+ NK,0.91534394
8761,20241106_WGS_20241106_sc_PICA0033-PICA0069_Pool_6_AGTCATGTCCGGCTTC,3.4189212322235107,1.30894713789875,2.046038344053992,0.015533335341600157,0.058627925842951394,0.0577885814299711,202.0,CD56_dim CD16+ NK,0.9851485
8763,20241106_WGS_20241106_sc_PICA0033-PICA0069_Pool_6_AGTCCGGTCAATTGGT,3.7644248008728027,1.5137125324361596,1.5700374028506925,0.018261171721141854,0.06608773057493329,0.06518291256016627,229.0,CD56_dim CD16+ NK,0.95633185
8775,20241106_WGS_20241106_sc_PICA0033-PICA0069_Pool_6_ATCACTCTCGGTTCCC,3.704822540283203,2.050548714280306,1.1585353290398026,0.027016674539159277,0.0862694524749621,0.0851831014496275,283.0,CD56_dim CD16+ NK,0.9399293
8776,20241106_WGS_20241106_sc_PICA0033-PICA0069_Pool_6_ATCAGAGCACAAGCGG,3.102614641189575,22.821822264771754,1.7828960242121423,0.008137472029663832,0.03709497314401593,0.03646581433390888,625.0,CD56_dim CD16+ NK,0.9856
8777,20241106_WGS_20241106_sc_PICA0033-PICA0069_Pool_6_ATCAGAGCACCGTTTC,3.871490001678467,21.461029184787634,1.884997292751979,0.004626697864207802,0.024892190420705108,0.024426863858098193,233.0,CD56_dim CD16+ NK,0.76824033
8780,20241106_WGS_20241106_sc_PICA0033-PICA0069_Pool_6_ATCATGAGTATCGCAG,3.594834327697754,1.380872240246265,-1.6579874220305633,0.0023438678454520464,0.015321461277735973,0.014987617300707053,247.0,CD56_dim CD16+ NK,1.0
8781,20241106_WGS_20241106_sc_PICA0033-PICA0069_Pool_6_ATCGAGTGTGCTACCT,3.6280088424682617,1.5496634498430928,-1.3975520945076452,0.025561516633042746,0.08296754542079213,0.08193215854796651,213.0,CD56_dim CD16+ NK,0.9530516
8784,20241106_WGS_20241106_sc_PICA0033-PICA0069_Pool_6_ATCGTTGAGCTAAACT,3.7014710903167725,2.354507943611197,-2.6679056669206567,7.577713860133625e-05,0.0013859228947832513,0.0013390800733688688,203.0,CD56_dim CD16+ NK,1.0
8788,20241106_WGS_20241106_sc_PICA0033-PICA0069_Pool_6_ATGATCCCACTGACCA,3.552441358566284,1.1519425909613397,3.6140579503030343,0.002140405449480583,0.014353392840594434,0.014040793936027137,184.0,CD56_dim CD16+ NK,0.6467391
8789,20241106_WGS_20241106_sc_PICA0033-PICA0069_Pool_6_ATGCGAACAAGGGTTA,3.2900807857513428,2.356060633694801,1.0710273946479107,0.023730307844913853,0.07863009168524937,0.0776182677608317,404.0,CD56_dim CD16+ NK,0.990099
8790,20241106_WGS_20241106_sc_PICA0033-PICA0069_Pool_6_ATGCGAGAGAACGGCA,3.163670063018799,12.121732878111185,2.042601757263308,0.0009547425355062458,0.008130014951692938,0.007924330932931309,403.0,CD56_dim CD16+ NK,0.9801489
8794,20241106_WGS_20241106_sc_PICA0033-PICA0069_Pool_6_ATGGTGGAGCCACTTT,3.3257784843444824,3.107598112796123,-1.4701429373321686,0.005318093272793151,0.027587433823215025,0.027074062264145358,527.0,CD56_dim CD16+ NK,0.9867173
8795,20241106_WGS_20241106_sc_PICA0033-PICA0069_Pool_6_ATGTCGGGTAATTCAG,3.7691762447357178,1.4318941150781503,2.1937150209100884,0.0001626678049181188,0.002386774085129177,0.00231319543673484,236.0,CD56_dim CD16+ NK,0.9661017
8797,20241106_WGS_20241106_sc_PICA0033-PICA0069_Pool_6_ATTAATCCACGCATCA,3.391878604888916,1.145904950196126,2.8064160005123133,0.00010869880197900874,0.0017787240835468688,0.0017203994762530037,207.0,CD56_dim CD16+ NK,0.9951691
8802,20241106_WGS_20241106_sc_PICA0033-PICA0069_Pool_6_ATTCGGTCAGGAATAT,3.5531439781188965,0.921935044062893,2.052923486907822,0.0019648459339433413,0.013488290798101642,0.013192977668118673,156.0,CD56_dim CD16+ NK,1.0
8804,20241106_WGS_20241106_sc_PICA0033-PICA0069_Pool_6_ATTCGTGAGCTTAAGT,3.5446927547454834,1.417655991676424,-1.878299608156528,0.004927181716022611,0.026011611513686358,0.02552535627495596,237.0,CD56_dim CD16+ NK,0.98312235
8807,20241106_WGS_20241106_sc_PICA0033-PICA0069_Pool_6_ATTGGGCTCGGACTTA,3.3649697303771973,1.1318469725123292,3.1740011355103923,3.0010309545997845e-05,0.0007580296393272431,0.000731250894897351,223.0,CD56_dim CD16+ NK,0.9865471
8809,20241106_WGS_20241106_sc_PICA0033-PICA0069_Pool_6_CAACAGGAGGGTTTCA,3.3591678142547607,1.7751905996484283,-2.3105626143926354,9.423056806488364e-05,0.0016004574586330495,0.0015462613241760215,346.0,CD56_dim CD16+ NK,1.0
8814,20241106_WGS_20241106_sc_PICA0033-PICA0069_Pool_6_CAAGCGGCAATTAAAG,3.1886329650878906,2.374148274141664,2.0257406604281205,0.0005835444057369074,0.005818315729670319,0.005658374402498751,426.0,CD56_dim CD16+ NK,0.9953052
8823,20241106_WGS_20241106_sc_PICA0033-PICA0069_Pool_6_CACCTAAAGACAACCC,3.4087915420532227,1.6915961385135196,2.224085746677602,0.000897677144320817,0.007836498336961241,0.007638182333790012,281.0,CD56_dim CD16+ NK,1.0
8826,20241106_WGS_20241106_sc_PICA0033-PICA0069_Pool_6_CACGTCGAGGTTCTAG,3.2083916664123535,2.321135025312696,2.482627518657804,1.1686113450970063e-06,8.993742469180164e-05,8.576015558228538e-05,439.0,CD56_dim CD16+ NK,0.99088836
8831,20241106_WGS_20241106_sc_PICA0033-PICA0069_Pool_6_CAGCCTTGTAGCTTGG,3.7567498683929443,1.150361333034692,3.529495367934011,0.005085581886242709,0.026647908064562194,0.02615133304263388,157.0,CD56_dim CD16+ NK,0.7324841
8836,20241106_WGS_20241106_sc_PICA0033-PICA0069_Pool_6_CAGTAATTCGCAAAGG,3.0981101989746094,3.3621984952371644,1.4805440426840981,0.0008560878999034775,0.007590748786632904,0.007395229668822917,659.0,CD56_dim CD16+ NK,0.9908953
8838,20241106_WGS_20241106_sc_PICA0033-PICA0069_Pool_6_CAGTCCACACCTGCTT,3.462590456008911,1.688751539901399,-2.757453441480094,0.0001476989895913369,0.002224744260648715,0.0021546249064707383,257.0,CD56_dim CD16+ NK,1.0
8840,20241106_WGS_20241106_sc_PICA0033-PICA0069_Pool_6_CATAATCAGCCACAAC,3.4670233726501465,31.237015055829335,1.6161824199665957,0.006260013449486362,0.031019815136262653,0.030456517003471812,312.0,CD56_dim CD16+ NK,1.0
8842,20241106_WGS_20241106_sc_PICA0033-PICA0069_Pool_6_CATATCACAACTTACA,3.7516963481903076,1.2949217515136757,1.5417786566252007,0.023379569220988442,0.07788709380992802,0.07688647803760491,163.0,CD56_dim CD16+ NK,0.9754601
8843,20241106_WGS_20241106_sc_PICA0033-PICA0069_Pool_6_CATATGCCAACGTCGC,3.3564493656158447,1.7282476749302034,2.145680947739502,6.351418550371034e-05,0.0012282100962745862,0.001186107722221659,299.0,CD56_dim CD16+ NK,0.99331105
8847,20241106_WGS_20241106_sc_PICA0033-PICA0069_Pool_6_CATCTGTTCCATGGGT,3.367717981338501,11.761640780521859,-2.8930362011238655,1.6000268459103522e-05,0.0004910238149240773,0.00047317070782982153,310.0,CD56_dim CD16+ NK,0.83548385
8850,20241106_WGS_20241106_sc_PICA0033-PICA0069_Pool_6_CATTCCGTCAATGTTA,3.8351454734802246,4.058106343963672,-1.2178332710623492,0.030550121126287966,0.09405027731608981,0.09293729861433558,375.0,CD56_dim CD16+ NK,0.9866667
8854,20241106_WGS_20241106_sc_PICA0033-PICA0069_Pool_6_CCACAACAGATTATGC,3.502537488937378,1.6731096436529085,3.1812985722909706,0.0008578710916765478,0.007598083870062234,0.007402450877170884,262.0,CD56_dim CD16+ NK,0.65267175
8855,20241106_WGS_20241106_sc_PICA0033-PICA0069_Pool_6_CCACAACAGGCTCATA,3.6235737800598145,12.34584112717343,-1.2727865852413747,0.010004305030402302,0.04301720159515193,0.04231656526120592,366.0,Mixed,0.4918033
8856,20241106_WGS_20241106_sc_PICA0033-PICA0069_Pool_6_CCACACACACAGTTCG,3.2868199348449707,2.087750619859227,1.1514019402805868,0.025371597532718317,0.08248699910719741,0.08145770955008586,371.0,CD56_dim CD16+ NK,0.9865229
8861,20241106_WGS_20241106_sc_PICA0033-PICA0069_Pool_6_CCAGAGGCAATTATCG,3.4161081314086914,1.4678668152541245,1.6112723131805946,0.016673108257789955,0.061770135181455,0.06091794673487873,289.0,CD56_dim CD16+ NK,0.9930796
8864,20241106_WGS_20241106_sc_PICA0033-PICA0069_Pool_6_CCAGTAGGTAGGGGAT,3.6427299976348877,2.677700021923764,-1.9008367288875665,0.0036563795551804034,0.02101458284602226,0.02059310024896881,301.0,CD56_dim CD16+ NK,0.99335545
8865,20241106_WGS_20241106_sc_PICA0033-PICA0069_Pool_6_CCAGTGAGTAGGCATT,3.6277527809143066,1.2402197888151223,3.758405009359793,0.00021004581023641272,0.0028335810482267533,0.002748896208824181,174.0,CD56_dim CD16+ NK,0.6896552
8868,20241106_WGS_20241106_sc_PICA0033-PICA0069_Pool_6_CCCACAACAGGATGGT,3.1471452713012695,2.2679237677425856,1.521066482270879,0.016827238429404794,0.062162306872629344,0.061300530152782896,424.0,CD56_dim CD16+ NK,0.995283
8869,20241106_WGS_20241106_sc_PICA0033-PICA0069_Pool_6_CCCATGGAGCAAGCGA,3.9529201984405518,1.2195636883083418,1.3527108364538165,0.02462247798373707,0.08079814477608058,0.07977963082728254,152.0,CD56_dim CD16+ NK,0.9868421
8871,20241106_WGS_20241106_sc_PICA0033-PICA0069_Pool_6_CCGCTGAAGACGAACG,3.449136972427368,1.1699844318352395,2.441967297467549,0.0038469913197851278,0.02181733534323736,0.021382046134796644,219.0,Mixed,0.51598173
8874,20241106_WGS_20241106_sc_PICA0033-PICA0069_Pool_6_CCGTACACACCATCGA,3.4504613876342773,31.785347544270202,-1.765822513529998,0.01078935095074771,0.04522804094290029,0.044515367190261994,307.0,CD56_dim CD16+ NK,0.98697066
8881,20241106_WGS_20241106_sc_PICA0033-PICA0069_Pool_6_CCTACGGAGGTAGAGT,3.4754106998443604,1.4665176992819582,4.753351369957115,0.0011256362240005648,0.009096507336037377,0.008872668714022583,236.0,CD56_dim CD16+ NK,0.6398305
8888,20241106_WGS_20241106_sc_PICA0033-PICA0069_Pool_6_CCTCTTACACACCGTA,3.4135406017303467,2.009632283354279,3.004385590282602,0.008463152950849448,0.03807996872504278,0.037449272793486234,302.0,CD56_dim CD16+ NK,0.6357616
8889,20241106_WGS_20241106_sc_PICA0033-PICA0069_Pool_6_CCTGACCTCCACAACA,3.4057657718658447,1.7303008315298491,5.229322188634303,6.326379427014046e-05,0.0012267945617227434,0.0011849301785795035,310.0,CD56_dim CD16+ NK,0.66774195
8892,20241106_WGS_20241106_sc_PICA0033-PICA0069_Pool_6_CGACACCCAGTCTGCA,3.4103477001190186,2.3657970826140353,2.6528546475474375,4.706209897736697e-05,0.001006676725189605,0.0009712266290514945,383.0,CD56_dim CD16+ NK,0.98694515
8901,20241106_WGS_20241106_sc_PICA0033-PICA0069_Pool_6_CGCCAACCAACCACAT,3.3841004371643066,0.98910911243115,1.9275384403838638,0.011460130200676313,0.04709793183431888,0.04637390655127818,194.0,CD56_dim CD16+ NK,0.9948454
8904,20241106_WGS_20241106_sc_PICA0033-PICA0069_Pool_6_CGCTTGGAGATAATCC,3.3630313873291016,2.0218768959878535,1.4656214701026968,0.008679559623844764,0.03877657226961214,0.03813279601660088,338.0,CD56_dim CD16+ NK,0.9674556
8907,20241106_WGS_20241106_sc_PICA0033-PICA0069_Pool_6_CGGACCATCACAACTG,3.5418031215667725,1.7595514559675216,-2.7261295196807755,8.778880557989453e-06,0.0003275786074877049,0.00031553273448132335,305.0,CD56_dim CD16+ NK,0.9934426
8918,20241106_WGS_20241106_sc_PICA0033-PICA0069_Pool_6_CGTTAAAGTGCTAGAT,3.3842389583587646,11.704217503457471,-1.1699538285130882,0.027349822745186853,0.08713554458694557,0.08603773568268513,306.0,CD56_dim CD16+ NK,0.98039216
8919,20241106_WGS_20241106_sc_PICA0033-PICA0069_Pool_6_CGTTACTTCCGACTCC,3.573080539703369,2.5287624542938274,4.496034729390111,5.6097765074620045e-06,0.0002341606287076619,0.0002249797402430844,310.0,CD56_dim CD16+ NK,0.7225807
8924,20241106_WGS_20241106_sc_PICA0033-PICA0069_Pool_6_CTAACTCTCCTGTATC,3.659000873565674,0.6869665850158708,2.1181520786876216,0.0042993556642801495,0.023574832961932354,0.02311823286555662,131.0,CD56_dim CD16+ NK,0.97709924
8927,20241106_WGS_20241106_sc_PICA0033-PICA0069_Pool_6_CTACTAACAGCTCCAA,3.369962692260742,1.817365177950438,4.091526213582421,0.0008548240793367463,0.007586371176167827,0.007391714394743034,308.0,CD56_dim CD16+ NK,0.6363636
8934,20241106_WGS_20241106_sc_PICA0033-PICA0069_Pool_6_CTAGCTCGTCCTATTG,3.662360191345215,1.0124372747965897,1.8224651032359684,0.027920779203507665,0.08843942125876357,0.08735442705648729,167.0,CD56_dim CD16+ NK,0.994012
8938,20241106_WGS_20241106_sc_PICA0033-PICA0069_Pool_6_CTATGTGAGGGCTCAT,3.5125749111175537,1.7801349781205102,-1.2608549865396201,0.0251324110499514,0.08187148850961351,0.08084757878070292,293.0,CD56_dim CD16+ NK,0.9761092
8939,20241106_WGS_20241106_sc_PICA0033-PICA0069_Pool_6_CTATGTTGTGTGCATG,3.456108331680298,1.6089111342655875,5.890845629183273,0.00014007215801041675,0.00213799561289973,0.002070508913606767,260.0,CD56_dim CD16+ NK,0.63461536
8941,20241106_WGS_20241106_sc_PICA0033-PICA0069_Pool_6_CTCAGCGAGATACGGG,3.4607808589935303,1.2923284135281503,2.2443666058964973,0.0017176544606901374,0.012208235275799815,0.011935487510991466,235.0,CD56_dim CD16+ NK,0.99148935
8945,20241106_WGS_20241106_sc_PICA0033-PICA0069_Pool_6_CTCCTACCACGTAAAG,3.4290053844451904,1.275564871836072,4.293246577914689,0.0002799339666519119,0.0034838267435629592,0.0033824305970901864,212.0,Mixed,0.5660377
8950,20241106_WGS_20241106_sc_PICA0033-PICA0069_Pool_6_CTGCAATCAAACACTC,3.189732074737549,2.278704482971329,1.3067639477351625,0.005211040701594659,0.027117782330379814,0.026610765497651432,440.0,CD56_dim CD16+ NK,1.0
8951,20241106_WGS_20241106_sc_PICA0033-PICA0069_Pool_6_CTGGGCTCAAACCTTA,3.46165132522583,1.6905270972819673,3.8426266933549207,0.0003276670289601705,0.0038719888147298416,0.0037612948881296537,285.0,CD56_dim CD16+ NK,0.6175439
8953,20241106_WGS_20241106_sc_PICA0033-PICA0069_Pool_6_CTGTATCTCCGAGTGT,3.36683988571167,1.1809869795061925,2.129416545864717,0.001687832658142525,0.012074683743908507,0.011803242504048789,226.0,CD56_dim CD16+ NK,1.0
8955,20241106_WGS_20241106_sc_PICA0033-PICA0069_Pool_6_CTGTGGAGTACACTCC,3.290168523788452,2.55716257514318,2.400358492152264,6.444536437489873e-05,0.0012351192304613373,0.0011924407212283202,354.0,CD56_dim CD16+ NK,0.97740114
8956,20241106_WGS_20241106_sc_PICA0033-PICA0069_Pool_6_CTGTTGCGTCACGAAT,3.308831214904785,1.4029305783087755,2.9855794325514693,2.169258518045835e-06,0.00013190966457573777,0.00012632497076882322,273.0,CD56_dim CD16+ NK,1.0
8957,20241106_WGS_20241106_sc_PICA0033-PICA0069_Pool_6_CTTAATCGTGTGTTGG,3.669034481048584,0.6247780889091676,2.613722168708872,0.008497568315234849,0.03817124736588167,0.037537394170816585,121.0,CD56_dim CD16+ NK,0.9586777
8964,20241106_WGS_20241106_sc_PICA0033-PICA0069_Pool_6_GCAAGCTTCCATATGG,3.1549110412597656,3.760285944691428,2.1659704950129406,1.6835811514920364e-05,0.0005071852575947416,0.0004883969182691599,647.0,CD56_dim CD16+ NK,0.9938176
8965,20241106_WGS_20241106_sc_PICA0033-PICA0069_Pool_6_GCAATCTCAACGCGAG,3.290040969848633,1.8922595029444589,2.2855472426737626,1.0541222009357161e-05,0.0003726225966067189,0.0003588658328718164,350.0,CD56_dim CD16+ NK,0.98571426
8972,20241106_WGS_20241106_sc_PICA0033-PICA0069_Pool_6_GCATTCAAGACCCGTG,3.575859546661377,1.2270104422897001,-2.0035832635792614,0.001762525685784888,0.012455265803921759,0.012178142995208346,193.0,CD56_dim CD16+ NK,0.9948186
8973,20241106_WGS_20241106_sc_PICA0033-PICA0069_Pool_6_GCCCTTATCCCTTGTG,3.096369504928589,4.080019980143321,2.6134195815906502,6.439676923538456e-10,9.245968703434509e-07,8.653504681600773e-07,749.0,CD56_dim CD16+ NK,0.9919893
8976,20241106_WGS_20241106_sc_PICA0033-PICA0069_Pool_6_GCGAATTGTATATGTG,3.497633457183838,1.3508530064007775,-2.0046250720021845,0.00034955007264665547,0.004075050610227459,0.003957948945156318,223.0,CD56_dim CD16+ NK,1.0
8977,20241106_WGS_20241106_sc_PICA0033-PICA0069_Pool_6_GCGCATTAGCCAGTAC,3.3994598388671875,2.7099420454556187,1.3300183322886532,0.027267056667212866,0.0869280825982893,0.08583265510688497,298.0,CD56_dim CD16+ NK,0.97651005
8981,20241106_WGS_20241106_sc_PICA0033-PICA0069_Pool_6_GCGTGCATCACAACAT,3.167099714279175,2.4717556951388007,1.6636209015867338,0.0006504057005041747,0.006255408800760385,0.0060892680637853235,441.0,CD56_dim CD16+ NK,0.99319726
8984,20241106_WGS_20241106_sc_PICA0033-PICA0069_Pool_6_GCTAGGGCAGTGGTAA,3.1558594703674316,3.242501873904097,5.598604332887689,1.3078867180468248e-05,0.00042946640198264236,0.00041368714860879865,474.0,CD56_dim CD16+ NK,0.60548526
8985,20241106_WGS_20241106_sc_PICA0033-PICA0069_Pool_6_GCTCAACAGCGATTAT,3.244410514831543,1.8513394511464385,3.4134081004380477,0.004226477932990358,0.023364216676704835,0.022911873713730928,340.0,Mixed,0.5088235
8989,20241106_WGS_20241106_sc_PICA0033-PICA0069_Pool_6_GCTCGATAGATCACAT,3.4415924549102783,1.7855497619107934,3.15778770503151,0.011374805100396884,0.04687706054027813,0.04615742862661374,291.0,CD56_dim CD16+ NK,0.67697597
8990,20241106_WGS_20241106_sc_PICA0033-PICA0069_Pool_6_GCTGGCATCACGCTCC,3.4252374172210693,1.8000081589503423,4.298979363045121,9.232996004146656e-05,0.001576658915589621,0.0015236102470497102,276.0,CD56_dim CD16+ NK,0.6123188
8991,20241106_WGS_20241106_sc_PICA0033-PICA0069_Pool_6_GCTGTGGTCCTCGTTG,3.2290000915527344,2.2784534652075794,3.293833530300628,3.586365106716393e-07,3.9306396935148764e-05,3.736791088544948e-05,382.0,CD56_dim CD16+ NK,0.6492147
8996,20241106_WGS_20241106_sc_PICA0033-PICA0069_Pool_6_GGAAGCTCAATTATCG,3.3046774864196777,1.6765052274126424,1.835082419605095,0.0030522177406111777,0.018548671784553186,0.01815552394764705,282.0,CD56_dim CD16+ NK,0.9893617
8997,20241106_WGS_20241106_sc_PICA0033-PICA0069_Pool_6_GGACAACCAACTTACA,3.284804105758667,21.76256883042052,2.4965252127256856,0.0009745758121741837,0.008235139835219353,0.008027633814940715,356.0,CD56_dim CD16+ NK,0.98876405
9002,20241106_WGS_20241106_sc_PICA0033-PICA0069_Pool_6_GGAGTCTTCCTTCGTG,3.376703977584839,1.4412518482221546,1.373326617849121,0.029418711240923063,0.09182627516930705,0.09071629800939544,242.0,CD56_dim CD16+ NK,0.96694213
9007,20241106_WGS_20241106_sc_PICA0033-PICA0069_Pool_6_GGCATTGGTGTCTTAT,3.646756649017334,1.07647751337708,2.3536475352732387,0.004272496769375053,0.02349053787861657,0.023034339270943744,174.0,CD56_dim CD16+ NK,0.9770115
9008,20241106_WGS_20241106_sc_PICA0033-PICA0069_Pool_6_GGCCATTAGCAACATT,3.3461713790893555,1.398288912619952,3.8520804840766805,0.005726277546680636,0.02902690971789488,0.02849032112243784,254.0,CD56_dim CD16+ NK,0.71259844
9009,20241106_WGS_20241106_sc_PICA0033-PICA0069_Pool_6_GGCGAAGGTATATCCT,3.6160926818847656,1.2463280657885676,4.156315420534202,0.000511183482724622,0.005284017301490296,0.005139353013194077,202.0,CD56_dim CD16+ NK,0.65841585
9011,20241106_WGS_20241106_sc_PICA0033-PICA0069_Pool_6_GGCTTAATCCGTCGTC,3.906724452972412,0.709438725633371,-1.9209094537383153,0.011115847257544751,0.046106194245925616,0.045390275847001026,100.0,CD56_dim CD16+ NK,0.92
9012,20241106_WGS_20241106_sc_PICA0033-PICA0069_Pool_6_GGCTTAATCGGACACT,3.370891571044922,1.5413035461192721,4.477714380452751,0.0003998786448152473,0.004466218288066895,0.004340289951929696,237.0,Mixed,0.5907173
9013,20241106_WGS_20241106_sc_PICA0033-PICA0069_Pool_6_GGGACCTGTCTAAGCG,3.4666571617126465,2.2970014153672977,-1.8171641497223703,0.005145505333598244,0.026896884674000237,0.026397717120081824,244.0,CD56_dim CD16+ NK,0.9672131
9014,20241106_WGS_20241106_sc_PICA0033-PICA0069_Pool_6_GGGACCTGTCTATGTT,3.538652181625366,1.188016521596621,3.4711481883731157,0.0015450799920413098,0.011341716096571492,0.011079700864378749,201.0,Mixed,0.5671642
9015,20241106_WGS_20241106_sc_PICA0033-PICA0069_Pool_6_GGGAGCAGTACCCTTA,3.476846933364868,1.1192471067974836,3.2525523459278824,3.8098154597293002e-06,0.0001830755711892358,0.00017565620051925482,185.0,CD56_dim CD16+ NK,1.0
9016,20241106_WGS_20241106_sc_PICA0033-PICA0069_Pool_6_GGGAGCAGTGGCACGT,3.8213276863098145,1.2528630089156303,-2.5190087729164863,0.011875725282833784,0.04825602126654482,0.04752385642781381,146.0,CD56_dim CD16+ NK,0.80136985
9020,20241106_WGS_20241106_sc_PICA0033-PICA0069_Pool_6_GGGGTAATCACGGCCA,3.0551397800445557,3.6690794921866288,3.048779497794374,8.317915173602526e-07,7.003400203004998e-05,6.670823560112318e-05,716.0,CD56_dim CD16+ NK,0.9972067
9022,20241106_WGS_20241106_sc_PICA0033-PICA0069_Pool_6_GGGTTGAAGAACTAGA,3.4391090869903564,21.787146716655307,1.8818032529906419,0.0003240395344051371,0.0038412917610409214,0.0037309356643274684,310.0,CD56_dim CD16+ NK,0.9612903
9023,20241106_WGS_20241106_sc_PICA0033-PICA0069_Pool_6_GGTAAAGGTCGCCATT,3.4509220123291016,1.6878593394722492,4.007569031308669,0.0009476938061016198,0.008102365844379759,0.007898518561772025,257.0,Mixed,0.54474705
9024,20241106_WGS_20241106_sc_PICA0033-PICA0069_Pool_6_GGTACTGGTGTATGCG,3.4599292278289795,1.5618339941390627,-1.9284558720874463,0.002178753109312603,0.014531470804036268,0.014214225850762839,217.0,CD56_dim CD16+ NK,0.8894009
9025,20241106_WGS_20241106_sc_PICA0033-PICA0069_Pool_6_GGTAGGGGTGCTCCGC,3.431267499923706,1.3012273228063054,-2.217861532607847,0.00018699560289142772,0.002572756542015998,0.0024947472908103743,241.0,CD56_dim CD16+ NK,0.9792531
9027,20241106_WGS_20241106_sc_PICA0033-PICA0069_Pool_6_GGTATTCCAGCGCTAC,3.4274215698242188,1.9448625668751918,-2.2942390059908653,0.0004889367419404169,0.0051130741452813655,0.0049732310795209365,315.0,CD56_dim CD16+ NK,0.7968254
9029,20241106_WGS_20241106_sc_PICA0033-PICA0069_Pool_6_GGTGCGACACAACGGG,3.3926851749420166,1.0141603019530412,1.6160542652457226,0.018404228964625513,0.06637631552348881,0.06546907393174427,187.0,CD56_dim CD16+ NK,0.973262
9031,20241106_WGS_20241106_sc_PICA0033-PICA0069_Pool_6_GGTGTATGTCCAGCCC,3.7454495429992676,1.1596478965673482,1.5418427833260426,0.01013631996396561,0.04341429911522836,0.0427114560664598,193.0,CD56_dim CD16+ NK,0.96891195
9033,20241106_WGS_20241106_sc_PICA0033-PICA0069_Pool_6_GTAATAGAGACTTACG,3.2356762886047363,12.099759425389607,1.0781896010852887,0.029485007407067058,0.0918295314470495,0.09071675881894292,396.0,CD56_dim CD16+ NK,1.0
9036,20241106_WGS_20241106_sc_PICA0033-PICA0069_Pool_6_GTAGAGTAGCTTAGTG,3.638150215148926,1.422622961935942,1.3365990794561327,0.014296603625453414,0.055229742084055525,0.05443323994468436,249.0,CD56_dim CD16+ NK,0.9839357
9041,20241106_WGS_20241106_sc_PICA0033-PICA0069_Pool_6_GTATCTTGTAAGGCCC,3.471259355545044,2.5663268201659504,-1.673124398319427,0.009987934947469744,0.043003123762029916,0.04230117288335827,352.0,CD56_dim CD16+ NK,0.97159094
9042,20241106_WGS_20241106_sc_PICA0033-PICA0069_Pool_6_GTATTGGTCACACATG,3.205265522003174,12.747654823947126,2.776485621426338,3.2889484431558276e-09,2.230931795764546e-06,2.0876739519724493e-06,480.0,CD56_dim CD16+ NK,0.9916667
9043,20241106_WGS_20241106_sc_PICA0033-PICA0069_Pool_6_GTCCATCGTGTCTTAT,3.3386521339416504,4.935243731591424,-1.2325381377563092,0.005012657223407741,0.026321794407137344,0.025830631035409522,542.0,CD56_dim CD16+ NK,1.0
9044,20241106_WGS_20241106_sc_PICA0033-PICA0069_Pool_6_GTCGAATGTCCCTGTG,3.932119607925415,1.3972038011093035,-2.1052022703468536,0.0036280817280681197,0.0209007211129819,0.02048159546874847,144.0,CD56_dim CD16+ NK,0.9930556
9045,20241106_WGS_20241106_sc_PICA0033-PICA0069_Pool_6_GTCGCATAGGTATGTT,3.214827060699463,1.6961056796168332,2.1290452863788234,4.721192234672597e-05,0.001006676725189605,0.0009712266290514945,342.0,CD56_dim CD16+ NK,0.99122804
9048,20241106_WGS_20241106_sc_PICA0033-PICA0069_Pool_6_GTGCGGTGTATGCCTC,3.288478374481201,1.933316048711708,2.854429298887417,3.080122278861817e-05,0.0007718187440236419,0.0007444946910450799,318.0,CD56_dim CD16+ NK,0.9937107
9063,20241106_WGS_20241106_sc_PICA0033-PICA0069_Pool_5_AAACCTCCACGGCTTA,3.451634407043457,1.0059891228375712,2.209805909755787,0.027436709802382265,0.08735585916718412,0.08625395000533204,168.0,CD56_dim CD16+ KLRC2+ NK,0.64880955
9064,20241106_WGS_20241106_sc_PICA0033-PICA0069_Pool_5_AAAGCCGAGATTAACC,3.5711686611175537,11.706804563986175,3.572219037489823,0.0018189454385825362,0.012723873587145744,0.01244143932769395,220.0,CD56_dim CD16+ NK,0.78636366
9065,20241106_WGS_20241106_sc_PICA0033-PICA0069_Pool_5_AACGAAGGTATCCGTC,3.9257333278656006,1.2340105127622738,3.1121039943129385,0.00018041591400950758,0.0025508876191621247,0.0024731402376386934,130.0,CD56_dim CD16+ NK,0.9846154
9074,20241106_WGS_20241106_sc_PICA0033-PICA0069_Pool_5_ACTATCCTCACGCCTC,3.6098852157592773,1.5109374680949061,3.2672823659601673,0.0011072496262245501,0.008999600716120498,0.008778676497164793,209.0,Mixed,0.54545456
9079,20241106_WGS_20241106_sc_PICA0033-PICA0069_Pool_5_AGAGGAAAGCTACAGC,3.3305399417877197,1.1352770387056443,1.8557496576656443,0.00369037007345251,0.021148246418604234,0.020724021594461704,217.0,CD56_dim CD16+ NK,0.9677419
9080,20241106_WGS_20241106_sc_PICA0033-PICA0069_Pool_5_AGCAATTTCCACCTAT,3.470508337020874,1.333359358118891,3.2126182123342204,0.017520718065711684,0.0640670355105144,0.06318634369463662,223.0,CD56_dim CD16+ NK,0.79820627
9082,20241106_WGS_20241106_sc_PICA0033-PICA0069_Pool_5_AGCGATACACTCGTTC,3.5569465160369873,1.0710132587592676,-1.7981937463864002,0.007358981073236641,0.03478566341288587,0.034166911903031255,190.0,CD56_dim CD16+ NK,1.0
9084,20241106_WGS_20241106_sc_PICA0033-PICA0069_Pool_5_AGGGACTCAAGCACAA,3.295483112335205,2.181332586466816,2.7416752800494693,0.012882093412403666,0.051287820843918294,0.05053097827379246,322.0,CD56_dim CD16+ NK,0.72670805
9085,20241106_WGS_20241106_sc_PICA0033-PICA0069_Pool_5_AGGGCAATCACATCTC,3.6596858501434326,1.7571209695630994,-1.5217814165805676,0.015404979552381674,0.05832223426998919,0.0574785240657937,196.0,CD56_dim CD16+ NK,1.0
9086,20241106_WGS_20241106_sc_PICA0033-PICA0069_Pool_5_AGGTACGAGCAGTCCG,3.430460214614868,1.690487323925888,3.237749320990643,0.002299344182704085,0.01513082133855574,0.014801832452962767,268.0,CD56_dim CD16+ KLRC2+ NK,0.6977612
9089,20241106_WGS_20241106_sc_PICA0033-PICA0069_Pool_5_AGTGATCGTCGTAGGC,3.2599282264709473,1.915250242427916,2.0773994465044723,7.938369582705988e-05,0.0014296321528196835,0.0013815751117516038,355.0,CD56_dim CD16+ NK,0.9971831
9090,20241106_WGS_20241106_sc_PICA0033-PICA0069_Pool_5_AGTGGCGCACAATTCA,3.4667327404022217,1.4592015932718079,-1.3540363284766208,0.007759241466983913,0.03600390376413497,0.03537454125517945,277.0,CD56_dim CD16+ NK,1.0
9091,20241106_WGS_20241106_sc_PICA0033-PICA0069_Pool_5_AGTGGCTTCGCCCGTT,3.4019320011138916,11.495700964221202,3.3237786854753204,3.5190931694539593e-05,0.0008496712453992881,0.0008193156382350122,264.0,CD56_dim CD16+ NK,0.61742425
9095,20241106_WGS_20241106_sc_PICA0033-PICA0069_Pool_5_ATCCCATTCGCGTTAA,3.6106884479522705,20.927504163636193,-1.6917929348828191,0.01739728987304933,0.06378143004816113,0.06290694009318046,222.0,CD56_dim CD16+ NK,0.9864865
9098,20241106_WGS_20241106_sc_PICA0033-PICA0069_Pool_5_ATCTCCGTCGGTACGT,3.7045488357543945,0.9377681145875192,-1.577572957175472,0.030570397722679887,0.09405027731608981,0.09293729861433558,158.0,CD56_dim CD16+ NK,1.0
9101,20241106_WGS_20241106_sc_PICA0033-PICA0069_Pool_5_ATGCACTCAACACAAG,3.542081832885742,1.1877185533745838,4.3247536639539526,0.010117632904510907,0.04335795017095333,0.04265470787114714,172.0,CD56_dim CD16+ KLRC2+ NK,0.7267442
9103,20241106_WGS_20241106_sc_PICA0033-PICA0069_Pool_5_ATGTATCAGCAAGCCT,3.3212220668792725,1.9968722899565599,1.8199501298548577,0.02133002089343644,0.0732643081664025,0.07229625129136819,319.0,Mixed,0.5047022
9104,20241106_WGS_20241106_sc_PICA0033-PICA0069_Pool_5_CAAATCGTCACGAACC,3.3460841178894043,1.7336009079848202,2.520278723292679,4.53751544256275e-06,0.00020598647292481868,0.00019748964816463554,298.0,CD56_dim CD16+ NK,0.8724832
9105,20241106_WGS_20241106_sc_PICA0033-PICA0069_Pool_5_CAAATTATCACCACTT,3.5022034645080566,1.1869547000048137,3.545832426114742,0.006392188764750798,0.03152889154174539,0.030959130491117072,223.0,CD56_dim CD16+ NK,0.6143498
9109,20241106_WGS_20241106_sc_PICA0033-PICA0069_Pool_5_CACCCGAAGGGCATAG,3.5277998447418213,1.5823374191425774,2.8504778730488693,0.0004028674852851493,0.004479166009010405,0.00435371801631886,246.0,Mixed,0.56504065
9113,20241106_WGS_20241106_sc_PICA0033-PICA0069_Pool_5_CAGTATTAGCCGTCGA,3.1742312908172607,13.211379671252487,2.5537296802879155,0.0011829567487449677,0.00939025538427613,0.009162769360760914,546.0,Mixed,0.5989011
9115,20241106_WGS_20241106_sc_PICA0033-PICA0069_Pool_5_CATAGTAGTAGGAAAT,3.4155921936035156,11.138687082679775,3.870000534403681,0.00025664665800013595,0.003287680400467281,0.0031896939637682214,207.0,CD56_dim CD16+ KLRC2+ NK,0.647343
9116,20241106_WGS_20241106_sc_PICA0033-PICA0069_Pool_5_CATCACAAGGCGTTTA,3.555105209350586,1.3544333925281933,3.382585607798797,0.00060105882400419,0.005932896267800877,0.005771453994123464,183.0,Mixed,0.5191257
9118,20241106_WGS_20241106_sc_PICA0033-PICA0069_Pool_5_CATCGCTGTCAGCTCT,3.4899742603302,2.371863392106808,-2.3869455407519147,0.00027777332365195944,0.0034838267435629592,0.0033824305970901864,273.0,CD56_dim CD16+ NK,0.996337
9119,20241106_WGS_20241106_sc_PICA0033-PICA0069_Pool_5_CATTCAGAGGCATCCG,3.5598862171173096,1.4992636464408318,3.677679820583355,0.0020518197307438806,0.01391085765145077,0.013606298107118333,207.0,CD56_dim CD16+ KLRC2+ NK,0.6425121
9124,20241106_WGS_20241106_sc_PICA0033-PICA0069_Pool_5_CCCAACACAGGGCTCT,3.3096578121185303,1.2810175473233323,2.477967173037083,0.002337913508314466,0.015292686567334532,0.01495909944430674,218.0,Mixed,0.5
9125,20241106_WGS_20241106_sc_PICA0033-PICA0069_Pool_5_CCCAATCGTGCAAGCC,3.4630231857299805,1.7446444898696634,-1.938072363751526,0.0008345669862223573,0.007465259276635681,0.007275167759192469,295.0,CD56_dim CD16+ NK,0.93559325
9128,20241106_WGS_20241106_sc_PICA0033-PICA0069_Pool_5_CCGTCCAGTAACGCAT,3.2629125118255615,2.1039056936282114,-2.145729776180717,0.00010650402369824975,0.0017515377920725515,0.0016939758565743227,387.0,CD56_dim CD16+ NK,1.0
9129,20241106_WGS_20241106_sc_PICA0033-PICA0069_Pool_5_CCTAAAGTCCCTATAC,3.470496654510498,1.5262276695656138,2.2456939205701514,0.010476444663050902,0.0444267999895456,0.043717949187936554,239.0,CD56_dim CD16+ NK,0.6150628
9131,20241106_WGS_20241106_sc_PICA0033-PICA0069_Pool_5_CCTCTCCGTACGGTTG,3.821434259414673,2.007706284405767,-1.3058337771539852,0.02428421579345691,0.08002495620284583,0.0790049752857846,266.0,CD56_dim CD16+ NK,0.9962406
9136,20241106_WGS_20241106_sc_PICA0033-PICA0069_Pool_5_CGACTCTGTCCTTGCG,3.4200146198272705,11.330714744369729,4.659917033200159,0.00015167809582373632,0.0022634244705006705,0.002192070240316475,224.0,CD56_dim CD16+ KLRC2+ NK,0.65625
9137,20241106_WGS_20241106_sc_PICA0033-PICA0069_Pool_5_CGCTCAACACTCTCCG,3.3510541915893555,11.463305999100394,4.236368768710611,0.0025970086407530717,0.016579305048987154,0.016218524650748762,249.0,Mixed,0.51004016
9140,20241106_WGS_20241106_sc_PICA0033-PICA0069_Pool_5_CGGTAACTCCAGGTGT,3.5562925338745117,1.057959986697538,3.0639680060874,0.006726943851014261,0.032659992053396494,0.03206701725490125,166.0,CD56_dim CD16+ KLRC2+ NK,0.62650603
9141,20241106_WGS_20241106_sc_PICA0033-PICA0069_Pool_5_CGGTCGATCCAGCAGT,4.170358180999756,11.632432928160105,-1.1511103463282195,0.027512909314847078,0.08754188296529669,0.08644211164257018,250.0,CD56_dim CD16+ NK,0.992
9146,20241106_WGS_20241106_sc_PICA0033-PICA0069_Pool_5_CTAAGTCCAACAATTT,3.6050283908843994,0.8523254923133228,3.3408103142353034,0.0073465481064185845,0.03476858881920321,0.03415017924294146,144.0,Mixed,0.5416667
9149,20241106_WGS_20241106_sc_PICA0033-PICA0069_Pool_5_CTATTGCTCGTACATG,3.1694085597991943,4.319285455928544,2.0695362950343683,3.4203500412387183e-06,0.00017733614871706638,0.0001699293270006961,630.0,CD56_dim CD16+ NK,0.86031747
9150,20241106_WGS_20241106_sc_PICA0033-PICA0069_Pool_5_CTCAGGTAGGTCCAAC,3.700812578201294,0.9849905979488814,3.6294346218228286,0.0008177309398229125,0.007357732017682716,0.007168864273102513,145.0,Mixed,0.59310347
9151,20241106_WGS_20241106_sc_PICA0033-PICA0069_Pool_5_CTCGAGCCAATCTCTT,3.39920973777771,2.4450449323328893,2.599252283953556,0.01314082098240969,0.05196717282124362,0.051203778258290596,325.0,CD56_dim CD16+ NK,0.60923076
9152,20241106_WGS_20241106_sc_PICA0033-PICA0069_Pool_5_CTGCAAATCGCGCCTT,3.2275214195251465,2.602786083037087,2.1754542498307687,0.0019821682846249246,0.01355054807206116,0.013253621764520648,410.0,Mixed,0.56585366
9154,20241106_WGS_20241106_sc_PICA0033-PICA0069_Pool_5_CTTCAACTCGGCTTAA,3.292102813720703,2.426943961663343,2.198506323366197,0.01233232107255062,0.04962650934873209,0.04887835902059902,357.0,CD56_dim CD16+ KLRC2+ NK,0.6834734
9155,20241106_WGS_20241106_sc_PICA0033-PICA0069_Pool_5_CTTCATATCGTCTCAT,3.314354419708252,2.929222061013654,3.5149225371871275,2.2277389594066536e-06,0.00013463470238720825,0.00012891701998229106,456.0,CD56_dim CD16+ NK,0.71710527
9157,20241106_WGS_20241106_sc_PICA0033-PICA0069_Pool_5_GCAACGTTCCTAGCAA,3.420464277267456,1.3905014929594484,-1.7965505603366168,0.0024691800252931643,0.015960559336721105,0.01561156329674643,256.0,CD56_dim CD16+ NK,0.94921875
9162,20241106_WGS_20241106_sc_PICA0033-PICA0069_Pool_5_GCCCAATAGCGTTATG,3.336519956588745,11.646096602472959,2.042231178927355,0.0002887687645499455,0.0035558263744768915,0.003452879419432031,259.0,CD56_dim CD16+ NK,0.98841697
9163,20241106_WGS_20241106_sc_PICA0033-PICA0069_Pool_5_GCTACACAGATGTGAA,3.3380908966064453,1.5283495560108835,2.6912667619390063,0.0027090927870434783,0.017050559679063253,0.016683391685308743,257.0,Mixed,0.5252918
9165,20241106_WGS_20241106_sc_PICA0033-PICA0069_Pool_5_GCTCGCTTCAATCCCT,3.5679588317871094,1.0081451034744493,-1.3131287531290592,0.021992874438545744,0.07470751934279797,0.07373247618472285,192.0,CD56_dim CD16+ NK,0.9895833
9167,20241106_WGS_20241106_sc_PICA0033-PICA0069_Pool_5_GGACGCACAATGGCGG,3.388249397277832,2.2345358096302252,3.145455906750336,0.0003194215034229228,0.0038002671862550873,0.003691204763129945,312.0,CD56_dim CD16+ NK,0.6025641
9168,20241106_WGS_20241106_sc_PICA0033-PICA0069_Pool_5_GGAGCAGGTGCCCCTA,3.4039852619171143,1.376268047250648,2.4875489816857983,0.00018451785746811597,0.002572756542015998,0.0024947472908103743,255.0,CD56_dim CD16+ NK,0.8901961
9171,20241106_WGS_20241106_sc_PICA0033-PICA0069_Pool_5_GGCGTTGTCGTTGGCG,3.7577526569366455,20.76391595929458,2.9183583705388436,0.007048647228032033,0.03370690477832212,0.03310519401858295,155.0,CD56_dim CD16+ NK,0.7612903
9175,20241106_WGS_20241106_sc_PICA0033-PICA0069_Pool_5_GGTATTGTCCATAGCA,3.6260807514190674,1.6011010825061893,3.5043144101218955,2.3357878753161207e-05,0.0006252675641233452,0.0006023465062365785,237.0,Mixed,0.556962
9176,20241106_WGS_20241106_sc_PICA0033-PICA0069_Pool_5_GGTATTGTCCCTGATT,3.880459785461426,1.219306159046698,2.4535683763748715,0.0008981226903288236,0.007836498336961241,0.007638182333790012,193.0,CD56_dim CD16+ NK,0.7150259
9178,20241106_WGS_20241106_sc_PICA0033-PICA0069_Pool_5_GGTCTAATCGCCTGCT,3.4287800788879395,1.8743406998136687,3.5793417490684396,0.0024479307373845714,0.015864845851299613,0.01551837691019482,264.0,Mixed,0.5151515
9182,20241106_WGS_20241106_sc_PICA0033-PICA0069_Pool_5_GTACGTGGTCAATCGG,3.692901134490967,11.164417079802252,2.3886261520320624,0.01474301780038046,0.05633571309214427,0.055515292175047845,204.0,CD56_dim CD16+ NK,0.6127451
9190,20241106_WGS_20241106_sc_PICA0033-PICA0069_Pool_5_GTCCTATTCATCTCTA,3.6706702709198,1.489525488817028,-1.1913733022557622,0.032623881654201506,0.09866961057091772,0.09750904327690986,232.0,CD56_dim CD16+ NK,0.98706895
9191,20241106_WGS_20241106_sc_PICA0033-PICA0069_Pool_5_GTCCTCTCAATTCGGT,3.6912059783935547,1.3743657850377469,-2.0330237592988873,0.0011455134598167109,0.00917780168411163,0.008953700707262223,226.0,CD56_dim CD16+ NK,0.920354
9196,20241106_WGS_20241106_sc_PICA0033-PICA0069_Pool_5_GTGCACCCAGCATCGC,3.286115884780884,1.7837912748452451,2.142232496155288,0.00960895983457095,0.04169949926447508,0.041015437216139136,296.0,Mixed,0.5101351
9197,20241106_WGS_20241106_sc_PICA0033-PICA0069_Pool_5_GTGCCCCGTGCATTGG,3.332036256790161,1.6600430851830263,-1.8263576531357137,0.010352681520102578,0.044055554185289024,0.04335330235285331,286.0,CD56_dim CD16+ NK,0.993007
9198,20241106_WGS_20241106_sc_PICA0033-PICA0069_Pool_5_GTGCGCGGTCTAAGGT,3.3154327869415283,12.09716651848485,-2.217740886019134,0.0014842445474771548,0.011013043202621064,0.01075603065266646,311.0,CD56_dim CD16+ NK,0.8424437
9199,20241106_WGS_20241106_sc_PICA0033-PICA0069_Pool_5_GTGCGGACAACACGAA,3.9753856658935547,52.00815344430142,1.9358771980178464,0.002737887595742482,0.017178936755196935,0.01681281014083884,257.0,CD56_dim CD16+ KLRC2+ NK,0.9922179
9202,20241106_WGS_20241106_sc_PICA0033-PICA0069_Pool_5_GTTGGGGCAAATGAAC,3.5445873737335205,1.579681887434551,3.111763178550411,0.008419474099772738,0.03797630007182292,0.03734499378728108,233.0,Mixed,0.57939917
9203,20241106_WGS_20241106_sc_PICA0033-PICA0069_Pool_1_AAACCGACACCGACAC,3.5802018642425537,1.1667028634078895,2.3162536909295732,0.005497181946331469,0.028233962123728522,0.027712993254617437,176.0,CD56_dim CD16+ NK,0.625
9207,20241106_WGS_20241106_sc_PICA0033-PICA0069_Pool_1_AAACGATCAAATACCC,3.3524909019470215,11.1943915544608,2.0972959480152347,0.0008362700459477739,0.007468808905377625,0.007278439239654213,229.0,CD56_dim CD16+ NK,1.0
9208,20241106_WGS_20241106_sc_PICA0033-PICA0069_Pool_1_AAATCACTCCAAATTA,3.626096248626709,0.9123236458275022,1.621089937311814,0.014059798844151815,0.05452877102903131,0.05373896108688136,162.0,CD56_dim CD16+ NK,0.97530866
9210,20241106_WGS_20241106_sc_PICA0033-PICA0069_Pool_1_AACATTATCAGTTTCC,3.393880844116211,11.357642941742817,4.3249176348350735,0.002015209425215438,0.013700364422220345,0.01339809430808765,260.0,CD56_dim CD16+ NK,0.70384616
9211,20241106_WGS_20241106_sc_PICA0033-PICA0069_Pool_1_AACGAAGGTACTTAAG,3.904470920562744,1.140901836992228,2.9757920693680497,0.0027748751945191295,0.01728987700266157,0.01692384774867803,144.0,CD56_dim CD16+ NK,0.7708333
9212,20241106_WGS_20241106_sc_PICA0033-PICA0069_Pool_1_AACGCGGCAGTTGGAA,3.581094264984131,1.4037044272821437,2.25001881875117,7.657747363490917e-05,0.0013959359264139135,0.0013488849377872288,244.0,CD56_dim CD16+ NK,0.9467213
9214,20241106_WGS_20241106_sc_PICA0033-PICA0069_Pool_1_AACTTCGAGCCTTAGA,3.507343053817749,2.996123550741869,-2.5878600599996604,0.0005744705019965622,0.005761080175068837,0.005602249551257353,190.0,CD56_dim CD16+ NK,1.0
9217,20241106_WGS_20241106_sc_PICA0033-PICA0069_Pool_1_AAGCCAACACCGCAGT,3.1243913173675537,3.442595773314329,1.995240812944659,6.62250024112857e-06,0.0002651961377047055,0.0002549348266070921,587.0,CD56_dim CD16+ NK,0.9693356
9223,20241106_WGS_20241106_sc_PICA0033-PICA0069_Pool_1_AATACAACAACGTGGG,3.2611501216888428,3.246101052500313,1.9379220200844747,0.00014917587852817738,0.002233330667752394,0.0021628268440567005,519.0,CD56_dim CD16+ NK,0.98458576
9229,20241106_WGS_20241106_sc_PICA0033-PICA0069_Pool_1_AATCACCCACTACATA,3.9143381118774414,1.1990043353380884,2.6823988896949573,1.571096143153755e-05,0.00048660320530885916,0.0004689394022543216,190.0,CD56_dim CD16+ NK,0.8578947
9231,20241106_WGS_20241106_sc_PICA0033-PICA0069_Pool_1_AATGAACCAGTCAATC,3.3558919429779053,6.095811867160219,1.9928306469473012,7.013950227734622e-06,0.00027748764535507535,0.00026688660224784543,425.0,CD56_dim CD16+ NK,0.98588234
9232,20241106_WGS_20241106_sc_PICA0033-PICA0069_Pool_1_AATGCAAAGGCACCCA,3.496006488800049,1.3751995755439714,2.6415573005370883,1.5694694310577625e-05,0.00048660320530885916,0.0004689394022543216,206.0,CD56_dim CD16+ NK,0.99029124
9234,20241106_WGS_20241106_sc_PICA0033-PICA0069_Pool_1_AATTCCTGTGCATCAG,3.361020565032959,1.5807076468428765,2.1016703670964882,0.0005617455771917886,0.005694663562110124,0.005538768932142357,286.0,CD56_dim CD16+ NK,0.97902095
9239,20241106_WGS_20241106_sc_PICA0033-PICA0069_Pool_1_ACACAAGCACATGGGG,3.2493507862091064,2.2121425729437147,1.5069400243104103,0.004687768820332277,0.02505654403097844,0.024587684944963988,399.0,CD56_dim CD16+ NK,0.98746866
9242,20241106_WGS_20241106_sc_PICA0033-PICA0069_Pool_1_ACACCCGAGATCCTAG,3.3565568923950195,1.7213493250472833,4.783718294438562,4.696912081258465e-05,0.001006676725189605,0.0009712266290514945,278.0,Mixed,0.5539568
9243,20241106_WGS_20241106_sc_PICA0033-PICA0069_Pool_1_ACACTTCTCGCAAGTC,3.5246763229370117,10.926247101757548,2.6734255102080784,0.0010476476163469447,0.008643531548269474,0.008427565562087245,170.0,CD56_dim CD16+ NK,0.9705882
9244,20241106_WGS_20241106_sc_PICA0033-PICA0069_Pool_1_ACAGATTTCACCTCCA,3.7457664012908936,2.2403299581636618,3.1166267707589825,6.706196046883009e-06,0.0002674604747281155,0.00025720737297902534,143.0,CD56_dim CD16+ NK,0.95804197
9246,20241106_WGS_20241106_sc_PICA0033-PICA0069_Pool_1_ACAGGATAGACAACCC,3.6116697788238525,0.9595716303426706,1.8770680785389076,0.011439986609296246,0.0470347696528286,0.046312283567736846,159.0,CD56_dim CD16+ NK,0.9937107
9248,20241106_WGS_20241106_sc_PICA0033-PICA0069_Pool_1_ACATGTTAGAAGGCTG,3.069303512573242,3.3725804055266075,2.293852629089963,1.1499098588398014e-06,8.93294455013002e-05,8.521497520269423e-05,665.0,CD56_dim CD16+ NK,0.9954887
9250,20241106_WGS_20241106_sc_PICA0033-PICA0069_Pool_1_ACCCATCGTGCATGGC,4.05760383605957,11.237500265170821,-1.8922576604918757,0.00037587892740824954,0.004285628835530864,0.004165410529757168,188.0,CD56_dim CD16+ NK,0.9787234
9252,20241106_WGS_20241106_sc_PICA0033-PICA0069_Pool_1_ACCTCAGCAAGTCCAT,3.1018171310424805,3.6404689267913266,2.3687746704069776,4.712648277041781e-06,0.000209118460257381,0.00020055870609672022,467.0,CD56_dim CD16+ NK,0.98072803
9261,20241106_WGS_20241106_sc_PICA0033-PICA0069_Pool_1_ACTCATCTCCAACACA,3.2822163105010986,1.462500198217956,1.875228329798379,0.00459744911756637,0.024788982625695847,0.024321931422757886,274.0,CD56_dim CD16+ NK,0.9708029
9266,20241106_WGS_20241106_sc_PICA0033-PICA0069_Pool_1_ACTTACGAGGTCTATG,3.2694003582000732,2.066540459133111,1.3967573836948541,0.010398547105046145,0.044192623436020866,0.043490986510933756,364.0,CD56_dim CD16+ NK,0.99725276
9267,20241106_WGS_20241106_sc_PICA0033-PICA0069_Pool_1_ACTTGGGGTGTTAGGT,3.3961236476898193,1.2013836764759898,2.6478425205241147,3.65018257481686e-05,0.0008670413894364656,0.0008358781386411461,206.0,CD56_dim CD16+ NK,0.98058254
9273,20241106_WGS_20241106_sc_PICA0033-PICA0069_Pool_1_AGAGACCCACACCGTA,3.449584484100342,1.7196129243717388,2.8096131576312358,1.4022582925417796e-05,0.00044704357410450064,0.00043078928898445713,288.0,CD56_dim CD16+ NK,0.9826389
9275,20241106_WGS_20241106_sc_PICA0033-PICA0069_Pool_1_AGAGTAGGTGGTGTAT,3.4699485301971436,1.3846192208114951,2.9353022792053105,6.806410847916131e-05,0.0012820258750061533,0.0012381021480080971,201.0,CD56_dim CD16+ NK,0.71144277
9276,20241106_WGS_20241106_sc_PICA0033-PICA0069_Pool_1_AGCAGGGGTGGTATGT,3.214271068572998,4.488090739125175,3.4051929828660814,1.5439698964719146e-12,1.5209647450144832e-08,1.3818064495130001e-08,541.0,CD56_dim CD16+ NK,0.987061
9277,20241106_WGS_20241106_sc_PICA0033-PICA0069_Pool_1_AGCATGGAGCAGTCTA,3.2681972980499268,1.6613503159232423,2.387362917392675,3.989635861285942e-05,0.0009227629054956821,0.0008900465615491328,289.0,CD56_dim CD16+ NK,0.9757785
9278,20241106_WGS_20241106_sc_PICA0033-PICA0069_Pool_1_AGCCCATAGGCTTACA,3.2618844509124756,2.6325438136421258,1.9499966400844493,0.0007408340286893652,0.00685898121862682,0.006681002581277158,369.0,CD56_dim CD16+ NK,0.99728996
9279,20241106_WGS_20241106_sc_PICA0033-PICA0069_Pool_1_AGCGCCTCACAGGACG,3.503364086151123,10.733598787579158,2.2374735906234737,0.0010032566906009303,0.008389712783624588,0.008178510415856328,161.0,CD56_dim CD16+ NK,0.9875776
9282,20241106_WGS_20241106_sc_PICA0033-PICA0069_Pool_1_AGCTTTGAGCTAAACT,3.4524667263031006,1.3631432714301868,2.1723824551838535,0.010051909691858924,0.043165371566914676,0.04246274844318212,231.0,CD56_dim CD16+ NK,0.62770563
9287,20241106_WGS_20241106_sc_PICA0033-PICA0069_Pool_1_AGGTAAATCATCGGAC,3.1706953048706055,1.961173866305573,2.3421839792716903,0.026347637560224645,0.08498709155395316,0.08392438363909602,370.0,Mixed,0.5108108
9291,20241106_WGS_20241106_sc_PICA0033-PICA0069_Pool_1_AGTAAAGTCCTGGCTC,3.250486373901367,1.9911665141184758,2.8322130352776105,3.456556263726735e-05,0.0008386831466495582,0.0008086389001601638,307.0,CD56_dim CD16+ NK,1.0
9292,20241106_WGS_20241106_sc_PICA0033-PICA0069_Pool_1_AGTATTCAGCATAGGG,3.4942963123321533,12.45661610917937,1.6565970859324113,0.0035776278220513605,0.02071249364207542,0.02029598593803762,315.0,CD56_dim CD16+ NK,0.9809524
9295,20241106_WGS_20241106_sc_PICA0033-PICA0069_Pool_1_AGTCTGGGTCTACGGA,3.334768533706665,2.4830120968051257,-1.6994077963498853,0.003983350688434537,0.02241004433567597,0.02197115219707629,380.0,CD56_dim CD16+ NK,0.99473685
9300,20241106_WGS_20241106_sc_PICA0033-PICA0069_Pool_1_AGTGGCTTCGCACTCC,3.416511297225952,1.900114971866432,-2.400523806718695,0.0003096102370583458,0.0037014204432788407,0.0035946888613773275,314.0,CD56_dim CD16+ NK,0.7070064
9302,20241106_WGS_20241106_sc_PICA0033-PICA0069_Pool_1_AGTGTTCCAAGTTAGG,3.8572702407836914,1.1387819219703823,-1.9707250922591293,0.014596495758378372,0.05594944736022776,0.05513638318367234,97.0,CD56_dim CD16+ NK,0.97938144
9303,20241106_WGS_20241106_sc_PICA0033-PICA0069_Pool_1_AGTTAGTTCAAATGTC,3.563091993331909,0.9372874722791058,1.7455888354811286,0.0177120219363574,0.06462393986619974,0.0637408749726595,170.0,CD56_dim CD16+ NK,0.9941176
9308,20241106_WGS_20241106_sc_PICA0033-PICA0069_Pool_1_ATACTCCTCAGTTTGG,3.2654311656951904,12.809478138439195,3.67587143676684,9.094404498894454e-10,9.245968703434509e-07,8.653504681600773e-07,511.0,CD56_dim CD16+ NK,1.0
9314,20241106_WGS_20241106_sc_PICA0033-PICA0069_Pool_1_ATATGGTTCGTCTCGC,3.4402427673339844,1.8570812916897614,2.350125435220489,0.0013414927608101609,0.010220452580619408,0.009978488341676476,268.0,CD56_dim CD16+ NK,0.98507464
9315,20241106_WGS_20241106_sc_PICA0033-PICA0069_Pool_1_ATCACCCGTATCTCGC,3.436849355697632,2.1900370638751934,2.5151801210205305,0.0046312165252441855,0.024901275216117028,0.024435292078964013,320.0,Mixed,0.528125
9317,20241106_WGS_20241106_sc_PICA0033-PICA0069_Pool_1_ATCCAACCACAACGGG,3.1818368434906006,1.924320299969119,1.462975496380168,0.00992310051014159,0.042798801718653585,0.042101519695129985,395.0,CD56_dim CD16+ NK,1.0
9322,20241106_WGS_20241106_sc_PICA0033-PICA0069_Pool_1_ATCTCGCGTAACCGGC,3.1807119846343994,2.627986644176774,1.2377335991302982,0.004128824189915692,0.022979122652462984,0.022532088699830352,526.0,CD56_dim CD16+ NK,0.9904943
9331,20241106_WGS_20241106_sc_PICA0033-PICA0069_Pool_1_ATGCCGAGTCGTTGGA,3.4331555366516113,1.210088681408315,1.7100758814264583,0.009842718882311488,0.04258261910832256,0.04188709237728542,214.0,CD56_dim CD16+ NK,0.9953271
9335,20241106_WGS_20241106_sc_PICA0033-PICA0069_Pool_1_ATGGCCCCAACCCGAC,3.3497893810272217,1.7980350896375072,3.818749125884946,1.569224910582832e-07,2.1175937800207502e-05,2.017028014655117e-05,336.0,CD56_dim CD16+ NK,0.98214287
9336,20241106_WGS_20241106_sc_PICA0033-PICA0069_Pool_1_ATGGTGCTCCTCGAAA,3.524750232696533,1.2490258068305302,3.4017432709477036,2.3582418214111178e-07,2.903880022840115e-05,2.7607920419786966e-05,214.0,CD56_dim CD16+ NK,1.0
9338,20241106_WGS_20241106_sc_PICA0033-PICA0069_Pool_1_ATGTCCGCAACTAATT,4.023754119873047,1.0026622358945017,-1.647516291585339,0.02116275120387409,0.07307194606006438,0.07210949359164515,145.0,CD56_dim CD16+ NK,0.8137931
9339,20241106_WGS_20241106_sc_PICA0033-PICA0069_Pool_1_ATGTTAATCATATGTA,3.1558938026428223,4.838830619373633,1.5278779888175649,0.0005667289708233897,0.005718692301478366,0.005561573258717976,637.0,CD56_dim CD16+ NK,0.9874411
9341,20241106_WGS_20241106_sc_PICA0033-PICA0069_Pool_1_ATTGAAGAGGCGTAGA,3.389139413833618,1.9255838007704829,-1.417800657659176,0.00264136566137588,0.016750246231212854,0.016388535786194636,329.0,CD56_dim CD16+ NK,0.96352583
9342,20241106_WGS_20241106_sc_PICA0033-PICA0069_Pool_1_ATTGTATCAACTCCCT,3.4202957153320312,2.7269631379553587,2.5654069905559687,0.00533453350199818,0.027658152383254773,0.027143248309166187,305.0,Mixed,0.5508197
9343,20241106_WGS_20241106_sc_PICA0033-PICA0069_Pool_1_ATTGTGTAGCAAAGTA,3.2947139739990234,12.079210577595234,1.5416443738122068,0.0011384876831899316,0.009154023846032821,0.008929466418614574,406.0,CD56_dim CD16+ NK,0.99753696
9344,20241106_WGS_20241106_sc_PICA0033-PICA0069_Pool_1_CAACGTGGTGGTCAAT,3.13254714012146,4.263954398983518,4.77225770384244,1.7912693417097441e-06,0.0001184281495649845,0.0001130276623961665,609.0,CD56_dim CD16+ KLRC2+ NK,0.60755336
9348,20241106_WGS_20241106_sc_PICA0033-PICA0069_Pool_1_CAATTGGTCCCAACTT,3.1640641689300537,2.873395194712927,2.3974945422688942,1.2959226964547736e-05,0.00042839377458979785,0.00041264876284899827,418.0,CD56_dim CD16+ NK,0.9784689
9351,20241106_WGS_20241106_sc_PICA0033-PICA0069_Pool_1_CACCCACTCGCAATTG,3.3645379543304443,1.056377421271835,3.129710688788822,7.2496298637502e-07,6.551936127321396e-05,6.236655325422987e-05,204.0,CD56_dim CD16+ NK,0.99019605
9353,20241106_WGS_20241106_sc_PICA0033-PICA0069_Pool_1_CACCTAAAGGCTCACG,3.9151558876037598,1.589494907161321,-1.491025453283164,0.022751119669827034,0.07633725633067447,0.0753527470739179,155.0,CD56_dim CD16+ NK,1.0
9354,20241106_WGS_20241106_sc_PICA0033-PICA0069_Pool_1_CACGAATGTCTTAGGG,3.4063572883605957,11.47124987549811,2.032464388339997,0.0017658996730213388,0.01246123042903525,0.012183964472621815,308.0,CD56_dim CD16+ NK,0.97402596
9357,20241106_WGS_20241106_sc_PICA0033-PICA0069_Pool_1_CACGTACAGGTAGGTG,3.535597801208496,11.764150173495079,2.0431438440455514,0.007893359249940331,0.03639083105440964,0.03575594138901665,279.0,CD56_dim CD16+ NK,0.63799286
9358,20241106_WGS_20241106_sc_PICA0033-PICA0069_Pool_1_CACTACGCAGCTATCG,3.33752703666687,2.9604333915075367,4.040469698050407,0.00017906177084512623,0.0025380395749573215,0.0024607346326802355,350.0,CD56_dim CD16+ NK,0.6628571
9366,20241106_WGS_20241106_sc_PICA0033-PICA0069_Pool_1_CATAGGGAGCCTCACC,3.5553178787231445,1.1503704072367487,3.475779286297896,0.00364963947352523,0.021000349564075375,0.020579033726996435,162.0,Mixed,0.5493827
9367,20241106_WGS_20241106_sc_PICA0033-PICA0069_Pool_1_CATCTTCAGCAGGGGT,3.6218981742858887,1.3365476360491468,1.4407919688050375,0.004028208488003593,0.0225978825827582,0.02215723116315817,245.0,CD56_dim CD16+ NK,0.93061227
9368,20241106_WGS_20241106_sc_PICA0033-PICA0069_Pool_1_CATGGCGTCCTACAAG,3.391489028930664,1.5507184218787196,4.91534598613564,0.00045959063591450216,0.004899813154105801,0.004764997832726479,292.0,Mixed,0.5582192
9369,20241106_WGS_20241106_sc_PICA0033-PICA0069_Pool_1_CATTGGGGTCGTACCT,3.438612937927246,1.409030306468042,-1.2152882432564138,0.022514858125280673,0.07582253342249615,0.07484458013008877,259.0,CD56_dim CD16+ NK,0.93822396
9370,20241106_WGS_20241106_sc_PICA0033-PICA0069_Pool_1_CCAAATCCAAGCGAAC,3.514791488647461,1.9277610199969946,-1.275643085187905,0.024881732007515457,0.08140482962671364,0.08038509594012272,306.0,CD56_dim CD16+ NK,0.99019605
9371,20241106_WGS_20241106_sc_PICA0033-PICA0069_Pool_1_CCAACTCGTCTCTAGC,3.319241523742676,2.0096288336328163,3.1409242105350668,1.7593593296154418e-09,1.4442873963368096e-06,1.3520109431741302e-06,363.0,CD56_dim CD16+ NK,0.9862259
9373,20241106_WGS_20241106_sc_PICA0033-PICA0069_Pool_1_CCAATAGTCAATCTCC,3.400264263153076,2.535562999705963,5.246042883304505,7.784892852853242e-07,6.764348081816357e-05,6.441436992864555e-05,369.0,Mixed,0.59620595
9378,20241106_WGS_20241106_sc_PICA0033-PICA0069_Pool_1_CCATGCCTCGCAATTG,3.4204602241516113,1.2337290482307441,2.1412345834620927,0.00027211370435264754,0.0034278671375676866,0.0033263155551654985,244.0,CD56_dim CD16+ NK,0.9672131
9379,20241106_WGS_20241106_sc_PICA0033-PICA0069_Pool_1_CCATTGAAGCATCTTC,3.4217779636383057,1.430655380285163,1.731283360760341,0.002941204671762581,0.0180503222831866,0.017669191766013222,262.0,CD56_dim CD16+ NK,1.0
9380,20241106_WGS_20241106_sc_PICA0033-PICA0069_Pool_1_CCATTTCAGAAACCGG,3.558353900909424,1.5671344493337247,2.1114831092877213,8.989263539697394e-05,0.001556295872224236,0.001503940198563617,268.0,CD56_dim CD16+ NK,0.98134327
9384,20241106_WGS_20241106_sc_PICA0033-PICA0069_Pool_1_CCGCGTTTCAGCATCA,3.3225796222686768,2.9019420608412103,2.8140513446575706,1.7196003891520504e-05,0.0005117759345479411,0.0004926276281175851,428.0,Mixed,0.53971964
9385,20241106_WGS_20241106_sc_PICA0033-PICA0069_Pool_1_CCGCTTATCCTGATTC,3.24318265914917,2.399209515932148,1.1080749005060213,0.03119617716737572,0.09535283811074961,0.09422723394898175,368.0,CD56_dim CD16+ NK,0.97282606
9387,20241106_WGS_20241106_sc_PICA0033-PICA0069_Pool_1_CCTGCACTCACGGCCA,3.4658877849578857,0.9321830193547771,1.889407644820644,0.001086747313384538,0.008884272020042393,0.008663318400048402,195.0,CD56_dim CD16+ NK,0.9948718
9390,20241106_WGS_20241106_sc_PICA0033-PICA0069_Pool_1_CCTTTACAGGCATCCG,3.4705655574798584,2.0291217979213507,1.946174296712391,0.0056075449121523535,0.028649919009950474,0.0281195786097264,287.0,CD56_dim CD16+ NK,0.74912894
9394,20241106_WGS_20241106_sc_PICA0033-PICA0069_Pool_1_CGACAGAAGAAGCTAA,3.4590649604797363,1.6520911285162678,2.824239226984596,0.0046399489467712305,0.024901275216117028,0.024435292078964013,273.0,CD56_dim CD16+ NK,0.73626375
9395,20241106_WGS_20241106_sc_PICA0033-PICA0069_Pool_1_CGAGTCTAGCGAAGTG,3.680521011352539,1.0867234551390457,-2.0857200493177057,0.0003853427206497347,0.004368483671906417,0.004245576640566972,193.0,CD56_dim CD16+ NK,0.98445594
9397,20241106_WGS_20241106_sc_PICA0033-PICA0069_Pool_1_CGATAGTGTAACGAAG,3.5682294368743896,0.8830410430967708,2.5124432880815757,0.0018410304160203462,0.012822025683192833,0.012538124375798546,154.0,CD56_dim CD16+ NK,0.987013
9403,20241106_WGS_20241106_sc_PICA0033-PICA0069_Pool_1_CGGATTCAGGTCCATA,3.506812334060669,1.6012104418450206,4.552493286931704,4.357593120835037e-05,0.0009646438164796842,0.0009306736684195777,243.0,CD56_dim CD16+ NK,0.65843624
9405,20241106_WGS_20241106_sc_PICA0033-PICA0069_Pool_1_CGGCTTGAGCATGTCA,3.264163017272949,1.9883112317958358,2.557489327447669,7.239373802076654e-05,0.0013481109891163917,0.0013023578633866613,379.0,CD56_dim CD16+ NK,0.9973615
9406,20241106_WGS_20241106_sc_PICA0033-PICA0069_Pool_1_CGGTGCTCACATGTCG,3.3777637481689453,1.5414805229979751,1.9422286741039194,0.011729309930712098,0.04790223100397028,0.04716833251317547,257.0,Mixed,0.5252918
9407,20241106_WGS_20241106_sc_PICA0033-PICA0069_Pool_1_CGTAACATCCTCTCCT,3.377786874771118,1.6389093672955066,1.5087910501986506,0.020795623668072555,0.07231122088040337,0.07134255255288274,192.0,CD56_dim CD16+ NK,0.9635417
9408,20241106_WGS_20241106_sc_PICA0033-PICA0069_Pool_1_CGTACAATCAGCGCCA,3.594994306564331,20.937034082801034,-2.2111214117715976,0.00014042058283891232,0.00213799561289973,0.002070508913606767,219.0,CD56_dim CD16+ NK,0.9954338
9415,20241106_WGS_20241106_sc_PICA0033-PICA0069_Pool_1_CGTTTCGTCGTTAGGC,3.4678609371185303,11.21608119031212,1.3817180608774755,0.026184348883430204,0.08457115437726916,0.08351772361425748,197.0,CD56_dim CD16+ NK,0.97969544
9418,20241106_WGS_20241106_sc_PICA0033-PICA0069_Pool_1_CTAAGCTCAGGTTTCG,3.3904972076416016,2.764745444899712,2.440439297455647,4.170368959675911e-06,0.00019223957999323416,0.00018437214744261693,385.0,CD56_dim CD16+ NK,0.9974026
9421,20241106_WGS_20241106_sc_PICA0033-PICA0069_Pool_1_CTAATACAGGGGATCA,3.8723556995391846,0.9825317095339969,2.537101864566795,0.0028233656846902923,0.01749243733326042,0.017121323717710104,121.0,CD56_dim CD16+ NK,0.9504132
9425,20241106_WGS_20241106_sc_PICA0033-PICA0069_Pool_1_CTACGCACAAAAGCGC,3.2221195697784424,2.8675372384674476,1.2654852864472068,0.02451249820680978,0.08051771251593304,0.07950124030112775,425.0,CD56_dim CD16+ NK,0.9764706
9426,20241106_WGS_20241106_sc_PICA0033-PICA0069_Pool_1_CTAGAAGCAGCTATTA,3.4948794841766357,1.024383325323074,1.8781265268909426,0.011435592078242886,0.0470347696528286,0.046312283567736846,162.0,CD56_dim CD16+ NK,1.0
9428,20241106_WGS_20241106_sc_PICA0033-PICA0069_Pool_1_CTATAGTAGAAGTAGC,3.3372843265533447,2.5412852657231024,1.1323173992946036,0.012534557060726108,0.05021468955071691,0.04947239374908137,439.0,CD56_dim CD16+ NK,0.9977221
9429,20241106_WGS_20241106_sc_PICA0033-PICA0069_Pool_1_CTATCTTCAGGTAAGC,3.2182414531707764,1.866033270995362,3.2836755737961023,1.4228693430068625e-06,0.00010306386689676914,9.840032888980189e-05,357.0,CD56_dim CD16+ NK,0.96358544
9430,20241106_WGS_20241106_sc_PICA0033-PICA0069_Pool_1_CTATTCGGTAAATCCA,3.7831337451934814,1.1364208123294988,1.878635533248063,0.012265492922450466,0.04945425428670099,0.04870981291918533,174.0,CD56_dim CD16+ NK,0.81609195
9432,20241106_WGS_20241106_sc_PICA0033-PICA0069_Pool_1_CTCAGCCTCGTAATCG,4.266202449798584,1.1548870845033234,2.2615237882203942,0.007961720260851828,0.03656869772246443,0.0359369183911482,140.0,CD56_dim CD16+ NK,0.8142857
9433,20241106_WGS_20241106_sc_PICA0033-PICA0069_Pool_1_CTCCAATTCGTACCTT,3.428950786590576,2.7925293041514943,-1.7165221028126771,0.0012297902707800019,0.009622449529351706,0.009391054422123306,344.0,CD56_dim CD16+ NK,0.99127907
9436,20241106_WGS_20241106_sc_PICA0033-PICA0069_Pool_1_CTCTCGGGTCCACGTT,3.3287198543548584,1.8369579444290334,1.7594114378288233,0.0004135099949648108,0.004546302411158874,0.004418778567162381,297.0,CD56_dim CD16+ NK,0.87205386
9437,20241106_WGS_20241106_sc_PICA0033-PICA0069_Pool_1_CTGGCTTGTCAATATG,3.3703949451446533,1.3057085001856505,2.7415370657392177,0.00012674386848882967,0.001984982271038889,0.0019206336196922092,245.0,CD56_dim CD16+ NK,0.9918367
9446,20241106_WGS_20241106_sc_PICA0033-PICA0069_Pool_1_CTTCAACTCATTGCTC,3.6084485054016113,1.9809124680027597,3.7497045168950187,0.00013429326849195562,0.002073547003000399,0.002007176155927509,226.0,CD56_dim CD16+ NK,0.69911504
9451,20241106_WGS_20241106_sc_PICA0033-PICA0069_Pool_1_GCAACCCCAAGTCTTA,3.570578098297119,1.2599732125948402,1.2943722080056388,0.02004655745498044,0.07057849803038324,0.06962349964639775,235.0,CD56_dim CD16+ NK,0.99148935
9452,20241106_WGS_20241106_sc_PICA0033-PICA0069_Pool_1_GCACAACTCCTACAAG,3.3857007026672363,1.758376270450683,3.1447706300409393,0.0059018440293718,0.02966278853741918,0.029117943026234067,282.0,CD56_dim CD16+ NK,0.6312057
9453,20241106_WGS_20241106_sc_PICA0033-PICA0069_Pool_1_GCACGTAGTCATTAAG,3.373063802719116,1.5284325589526417,-1.4926146394508168,0.022708927343518818,0.07627195474292665,0.07528414295104202,260.0,CD56_dim CD16+ NK,0.9846154
9454,20241106_WGS_20241106_sc_PICA0033-PICA0069_Pool_1_GCACGTGTCCCAATTC,3.324148416519165,1.4944825336154435,3.6212951652237053,4.3446007084663585e-09,2.377703421061228e-06,2.2221291607561067e-06,250.0,CD56_dim CD16+ NK,0.892
9459,20241106_WGS_20241106_sc_PICA0033-PICA0069_Pool_1_GCGAAGCAGGTCGACT,3.4239747524261475,1.2791083405379147,1.9651471503953635,0.005937621383115904,0.029795711412552238,0.02924788585756034,232.0,CD56_dim CD16+ NK,0.99568963
9460,20241106_WGS_20241106_sc_PICA0033-PICA0069_Pool_1_GCGAATTGTGGAACGG,3.3694396018981934,1.0388645426074432,1.941919962148621,0.003149643350918834,0.0189768419877073,0.01858361532142162,189.0,CD56_dim CD16+ NK,1.0
9463,20241106_WGS_20241106_sc_PICA0033-PICA0069_Pool_1_GCGGATAAGAGGAGTT,3.360753297805786,1.6451532117729584,1.309897470245563,0.01663384368509954,0.06169572860646378,0.06084007672935574,302.0,CD56_dim CD16+ NK,0.99006623
9467,20241106_WGS_20241106_sc_PICA0033-PICA0069_Pool_1_GCTATGGGTAAAGTGG,3.2448010444641113,3.7557868645466956,-1.2126841061216918,0.020498602908169006,0.07164376928735951,0.07067633658849427,580.0,CD56_dim CD16+ NK,0.94827586
9472,20241106_WGS_20241106_sc_PICA0033-PICA0069_Pool_1_GGAACCGCACCAGACC,3.3670825958251953,1.7197058455040768,-2.0518308290753553,0.00035601980709540554,0.004111548792141665,0.003994356085574146,282.0,CD56_dim CD16+ NK,0.9574468
9474,20241106_WGS_20241106_sc_PICA0033-PICA0069_Pool_1_GGAATCTGTGCTCCTG,3.0552563667297363,4.510246329272215,1.9816153287772682,0.00018074505716933947,0.0025508876191621247,0.0024731402376386934,871.0,CD56_dim CD16+ NK,0.9988519
9476,20241106_WGS_20241106_sc_PICA0033-PICA0069_Pool_1_GGACATGAGAACGTTT,3.2893118858337402,11.84524448224803,1.3117222193021023,0.018125592069967646,0.0656936009864795,0.0647929458257126,349.0,CD56_dim CD16+ NK,0.991404
9477,20241106_WGS_20241106_sc_PICA0033-PICA0069_Pool_1_GGACGACAGCAAAGCG,3.4204604625701904,1.3103098668229891,1.4122014300875365,0.02604035062801399,0.08421651150248385,0.08316774909218848,237.0,CD56_dim CD16+ NK,0.9915612
9481,20241106_WGS_20241106_sc_PICA0033-PICA0069_Pool_1_GGAGTGGGTCCATAGG,3.2354698181152344,2.438013297937169,2.1714015106683777,0.027103789881236736,0.08649155624232688,0.08540025350719962,454.0,CD56_dim CD16+ NK,0.6784141
9482,20241106_WGS_20241106_sc_PICA0033-PICA0069_Pool_1_GGATCACTCCGAATGC,3.680340051651001,1.4804335597595044,2.4965302480185296,0.0012755306690936485,0.009839665325952648,0.009605387890062893,218.0,Mixed,0.5045872
9483,20241106_WGS_20241106_sc_PICA0033-PICA0069_Pool_1_GGATCCGTCCTTATCA,3.174569845199585,2.8624073773984344,2.1410967145434188,3.7928639998410916e-05,0.0008896072205341571,0.0008578988182071532,520.0,CD56_dim CD16+ NK,0.99038464
9486,20241106_WGS_20241106_sc_PICA0033-PICA0069_Pool_1_GGATTGCTCAGTTGTG,3.3282535076141357,1.1862066277588093,2.207847969426809,0.0018085555956567898,0.012689516504854014,0.012407115903183722,246.0,CD56_dim CD16+ NK,1.0
9490,20241106_WGS_20241106_sc_PICA0033-PICA0069_Pool_1_GGCTCGATCAGTCGCG,3.571965456008911,21.097974732118953,2.466480507690642,0.013354881978595686,0.05249758274985878,0.05172373041979283,216.0,Mixed,0.537037
9491,20241106_WGS_20241106_sc_PICA0033-PICA0069_Pool_1_GGGACCTGTCTCGCAT,3.502530574798584,2.127625496000378,2.82908527286823,4.25342223270939e-05,0.0009576466285518312,0.0009238674506346446,250.0,CD56_dim CD16+ NK,0.98
9497,20241106_WGS_20241106_sc_PICA0033-PICA0069_Pool_1_GGTAAGCCAGGAACCG,3.4949491024017334,1.4166159165199241,1.6580171360736233,0.0059252183477790515,0.029749911286427847,0.029203606211483917,246.0,CD56_dim CD16+ NK,1.0
9501,20241106_WGS_20241106_sc_PICA0033-PICA0069_Pool_1_GGTGTCGTCAAATGTC,3.411175489425659,1.4292407681612909,2.5195665217458054,0.03316193129709846,0.09993214597972375,0.09877156743664375,286.0,CD56_dim CD16+ NK,0.6573427
9503,20241106_WGS_20241106_sc_PICA0033-PICA0069_Pool_1_GGTTGTGGTAACTCCC,3.4739863872528076,2.660049740318612,1.9507180968422393,0.028652011961676726,0.09008968076427623,0.0889838196152588,335.0,Mixed,0.55820894
9505,20241106_WGS_20241106_sc_PICA0033-PICA0069_Pool_1_GTAATTATCAAACCCA,3.2930057048797607,2.7803355402044643,2.223642415780236,0.0001868795788086893,0.002572756542015998,0.0024947472908103743,363.0,CD56_dim CD16+ NK,0.9972452
9512,20241106_WGS_20241106_sc_PICA0033-PICA0069_Pool_1_GTCATACCAATCGTCG,3.2505710124969482,2.2954856040903064,2.383819935747317,2.153401336525864e-05,0.0005958751844414688,0.0005736037540512884,428.0,CD56_dim CD16+ NK,0.9929907
9513,20241106_WGS_20241106_sc_PICA0033-PICA0069_Pool_1_GTCCAACAGCCTGCAG,3.333980083465576,1.6678797093520104,2.2049702103388404,0.00019761281697275063,0.002700338339249337,0.002619189820504662,279.0,CD56_dim CD16+ NK,0.98207885
9514,20241106_WGS_20241106_sc_PICA0033-PICA0069_Pool_1_GTCCACACACAACAGA,3.520163059234619,1.2969070419896724,1.337415435918376,0.03181102252887842,0.09668941158037067,0.09555107866184274,188.0,CD56_dim CD16+ NK,0.95212764
9516,20241106_WGS_20241106_sc_PICA0033-PICA0069_Pool_1_GTCGAGAAGGCACAAG,3.255054473876953,12.432363001016185,1.516703192569717,0.009468615331134843,0.041290539896861156,0.04061141530095754,437.0,CD56_dim CD16+ NK,0.9954233
9517,20241106_WGS_20241106_sc_PICA0033-PICA0069_Pool_1_GTCGATGGTCAACCTC,3.5816125869750977,2.103795934913702,1.7630000743910332,0.002238909357524444,0.014832209872880496,0.014505709742128227,304.0,CD56_dim CD16+ NK,0.99013156
9518,20241106_WGS_20241106_sc_PICA0033-PICA0069_Pool_1_GTCGCACCAATTGCTA,3.5560073852539062,2.328767516540597,4.349583086039911,4.273371627184596e-05,0.0009576466285518312,0.0009238674506346446,201.0,Mixed,0.5671642
9519,20241106_WGS_20241106_sc_PICA0033-PICA0069_Pool_1_GTCGCGGGTAGGCATT,3.462144374847412,1.7326211911897167,1.477533603875132,0.021678280552311666,0.07407309806480132,0.0730982135744255,182.0,CD56_dim CD16+ NK,0.8076923
9522,20241106_WGS_20241106_sc_PICA0033-PICA0069_Pool_1_GTGAAATCACAATGTC,3.2882637977600098,3.555697665533824,-2.3863091061553443,5.5587022749844246e-05,0.0011175260430790115,0.0010790032482797009,478.0,CD56_dim CD16+ NK,0.9916318
9524,20241106_WGS_20241106_sc_PICA0033-PICA0069_Pool_1_GTGAGATAGACAGCGA,3.5737123489379883,1.5578824650007528,-1.5976897769512866,0.006206659677373217,0.030770913176549352,0.030212164320658992,230.0,CD56_dim CD16+ NK,0.9956522
9525,20241106_WGS_20241106_sc_PICA0033-PICA0069_Pool_1_GTGCAACTCCGTAACA,3.2817516326904297,15.503876011789337,-1.2908137114553673,0.02495555306735139,0.08151099246236027,0.08048982245005246,448.0,CD56_dim CD16+ NK,0.98660713
9527,20241106_WGS_20241106_sc_PICA0033-PICA0069_Pool_1_GTGCGCATCATGTCGA,3.6889660358428955,1.3397655847496555,-1.7891608805345776,0.00731506220763496,0.03472803749754795,0.034109586586748515,215.0,CD56_dim CD16+ NK,0.9953488
9529,20241106_WGS_20241106_sc_PICA0033-PICA0069_Pool_1_GTGGCAGCACTGGGCT,4.005977630615234,11.341622126704813,-2.0777586888784194,0.003975968598272762,0.02240605867616247,0.021965914991396773,223.0,CD56_dim CD16+ KLRC2+ NK,0.80269057
9532,20241106_WGS_20241106_sc_PICA0033-PICA0069_Pool_1_GTGGTAACAGGATTAG,3.4010844230651855,1.4352141457062941,-1.5132543911740162,0.0065278449377505305,0.0319293944795335,0.03134914536057767,261.0,CD56_dim CD16+ NK,1.0
9536,20241106_WGS_20241106_sc_PICA0033-PICA0069_Pool_1_GTTAACCCAGGGAGAA,3.3106961250305176,1.6781250115944784,1.1651012156315432,0.023068911073275404,0.07713911845989002,0.07615072703006402,289.0,CD56_dim CD16+ NK,0.982699
9539,20241106_WGS_20241106_sc_PICA0033-PICA0069_Pool_1_GTTATGTAGGTCATCA,3.674712657928467,1.7742187889858858,-2.861750474128331,0.00019051416859824485,0.0026138650067706265,0.0025351510303464934,209.0,CD56_dim CD16+ NK,1.0
9541,20241106_WGS_20241106_sc_PICA0033-PICA0069_Pool_1_GTTCGACAGCTCTCAT,3.2710816860198975,12.648082910021733,2.2421108155000917,0.0002443625113772068,0.0031632261492468643,0.003068062975332495,451.0,CD56_dim CD16+ NK,0.9955654
9542,20241106_WGS_20241106_sc_PICA0033-PICA0069_Pool_1_GTTCGTCGTCAGTAGT,3.528491973876953,1.4301032709263786,-1.456904531613318,0.02346664547071003,0.07812434083540538,0.07712011172335471,248.0,CD56_dim CD16+ NK,1.0
9543,20241106_WGS_20241106_sc_PICA0033-PICA0069_Pool_1_GTTCGTTTCAGACACC,3.7217886447906494,0.8666442922405362,-1.455413533167262,0.025607823743604027,0.08306311218249696,0.08202899108408303,141.0,CD56_dim CD16+ NK,0.9432624
9546,20241106_WGS_20241106_sc_PICA0033-PICA0069_Pool_1_GTTGCGAGTACTCCCG,3.555692434310913,1.354552713933761,2.8388822359466004,0.01723875860500418,0.06336530261861797,0.06249582828060157,203.0,CD56_dim CD16+ NK,0.71428573
9547,20241106_WGS_20241106_sc_PICA0033-PICA0069_Pool_1_GTTGTGCAGCCTACGG,3.397571563720703,12.351104691551628,4.102815197427242,2.175543500535568e-05,0.0005985510799683893,0.0005762164861376515,332.0,Mixed,0.5903614
9550,20240530_WGS_20240530_sc_PICA0001-PICA0007_Pool_3_AGCGCTCCACATATGC,3.756544589996338,1.6373593951120449,1.4120844310995981,0.014473533051001814,0.05570165545575721,0.05489642210497728,249.0,CD56_dim CD16+ NK,0.96385545
9558,20240530_WGS_20240530_sc_PICA0001-PICA0007_Pool_3_CGAATCATCGCGTGTG,3.7187225818634033,0.7448476360436926,-1.8633945642143046,0.019463843994684885,0.06904513042550983,0.06811151776889261,120.0,CD56_dim CD16+ NK,1.0
9560,20240530_WGS_20240530_sc_PICA0001-PICA0007_Pool_3_GCAAGGGGTGCTTGTC,3.672973394393921,11.706488172564354,1.8506861307774787,0.008053192025297383,0.03685990997499563,0.03623010083823044,268.0,CD56_dim CD16+ NK,0.95522386
9564,20240530_WGS_20240530_sc_PICA0001-PICA0007_Pool_3_GGAGTGGGTCAACCTC,3.6273880004882812,11.429612154854398,-3.673577374240554,9.107352971533837e-05,0.0015684708762688782,0.001515731727842724,200.0,CD56_dim CD16+ NK,1.0
9567,20240530_WGS_20240530_sc_PICA0001-PICA0007_Pool_1_AACGCACTCGTTATGG,3.7345592975616455,2.488067447098268,-1.4978288206207147,0.015447240474009603,0.058437314097338176,0.057593866881165544,184.0,CD56_dim CD16+ NK,0.9456522
9568,20240530_WGS_20240530_sc_PICA0001-PICA0007_Pool_1_AACGGCGCAGGACGCA,4.68843412399292,2.779807288782512,-2.3100249459064703,0.008151430949292245,0.037122032428737246,0.036496149816191446,154.0,Mixed,0.5064935
9573,20240530_WGS_20240530_sc_PICA0001-PICA0007_Pool_1_AGCGGGAGTCTACTAT,3.370946168899536,1.4261482111436412,1.6346692019446953,0.015501569662320717,0.058552899824969855,0.05770954976539927,197.0,CD56_dim CD16+ NK,0.99492383
9584,20240530_WGS_20240530_sc_PICA0001-PICA0007_Pool_1_CGATTTGAGACCAGGA,3.482902765274048,1.8408540990244298,-2.3100942760750844,0.0014790405415597853,0.010987955033865343,0.010729798385102095,243.0,CD56_dim CD16+ NK,0.781893
9596,20240530_WGS_20240530_sc_PICA0001-PICA0007_Pool_1_GCAACGGCAACTCCGA,3.296787977218628,2.6099259221373754,-1.0608913201979109,0.017951002359004983,0.06525288717289966,0.06436263245903992,440.0,CD56_dim CD16+ NK,0.8545455
9600,20240530_WGS_20240530_sc_PICA0001-PICA0007_Pool_1_GGTATCCAGCATTGCA,3.3086555004119873,1.5636832573955113,2.7416391267527715,5.2624024075030594e-05,0.0010732903957828704,0.0010360947173690314,275.0,CD56_dim CD16+ NK,0.9890909
9601,20240530_WGS_20240530_sc_PICA0001-PICA0007_Pool_1_GTACGGTTCATCTCTA,3.2827260494232178,2.6202629500081716,-1.1587069823253229,0.02230443351829338,0.07527268742333268,0.07429293415728452,385.0,CD56_dim CD16+ NK,0.987013
9610,20240530_WGS_20240530_sc_PICA0001-PICA0007_Pool_2_AAATGTCTCGGTTGTA,3.5289998054504395,1.0611313314174482,-1.1582717161306368,0.026651474458179666,0.0854822127351802,0.08441170344468156,189.0,CD56_dim CD16+ NK,0.97354496
9611,20240530_WGS_20240530_sc_PICA0001-PICA0007_Pool_2_AACAGAGGTAGTCGAT,3.4308974742889404,11.575921998417549,1.2534708840223359,0.01691376991381713,0.06242695669577091,0.061563349567029205,278.0,CD56_dim CD16+ NK,0.9928058
9614,20240530_WGS_20240530_sc_PICA0001-PICA0007_Pool_2_AACGAAATCAGCGTGT,3.432645320892334,1.9562118872110146,-1.390870712701312,0.028133439981789528,0.08885620944553019,0.08776416736708262,261.0,CD56_dim CD16+ NK,0.99616855
9624,20240530_WGS_20240530_sc_PICA0001-PICA0007_Pool_2_AAGGGCATCGCGCCTT,3.604316234588623,1.5832941861585665,-1.5111588551188702,0.01675150313337191,0.06194409060317068,0.0610898498510417,203.0,CD56_dim CD16+ NK,1.0
9630,20240530_WGS_20240530_sc_PICA0001-PICA0007_Pool_2_AATGCAAAGCGCTTGG,3.390193462371826,11.34523669045874,-1.4423777656889585,0.030769595304060482,0.09442719107174448,0.09330486982871228,223.0,CD56_dim CD16+ NK,0.9865471
9631,20240530_WGS_20240530_sc_PICA0001-PICA0007_Pool_2_AATGCGACACACAACT,3.2630155086517334,4.028990498183595,-2.038945414841872,1.3489657390236256e-05,0.00043856968630764806,0.0004224947061424672,483.0,CD56_dim CD16+ NK,0.95652175
9637,20240530_WGS_20240530_sc_PICA0001-PICA0007_Pool_2_ACAGAGCCAGTCTGCA,3.3674159049987793,2.5846733546922587,2.2681459893762077,1.2250026356928631e-05,0.0004146907547838623,0.00039950458823368996,353.0,CD56_dim CD16+ NK,0.9858357
9640,20240530_WGS_20240530_sc_PICA0001-PICA0007_Pool_2_ACATCTTGTACCATGG,3.429133892059326,1.1048065670291074,-1.5709793497170657,0.02618427708104032,0.08457115437726916,0.08351772361425748,205.0,CD56_dim CD16+ NK,0.99512196
9653,20240530_WGS_20240530_sc_PICA0001-PICA0007_Pool_2_ACTAAGCGTGTCACGA,3.3782451152801514,11.739907460284318,-1.455486940642554,0.018194665806021384,0.06589546060849877,0.06499155406955046,328.0,CD56_dim CD16+ NK,1.0
9667,20240530_WGS_20240530_sc_PICA0001-PICA0007_Pool_2_AGAGGTCCAGTGGCAG,3.3363144397735596,1.6740054039650596,-3.2760072081286356,2.953206384625666e-07,3.4413005317343155e-05,3.270062241922232e-05,314.0,CD56_dim CD16+ NK,1.0
9674,20240530_WGS_20240530_sc_PICA0001-PICA0007_Pool_2_AGCGTAGAGCCATATG,3.535635232925415,1.5766750539990855,-1.5788937883661311,0.0052009467990140005,0.027117782330379814,0.026610765497651432,236.0,CD56_dim CD16+ NK,0.9745763
9675,20240530_WGS_20240530_sc_PICA0001-PICA0007_Pool_2_AGCTATCCAAGCGAGT,3.976513624191284,1.55234191357023,-2.344878870173381,0.009415712549281637,0.04117902877042548,0.04050346324422166,160.0,CD56_dim CD16+ NK,0.98125
9681,20240530_WGS_20240530_sc_PICA0001-PICA0007_Pool_2_AGTATTCAGGTAAGTA,3.3670830726623535,3.9826696405070754,-1.6707427266736217,0.02222352830011714,0.0751144868729236,0.07414044615379713,266.0,CD56_dim CD16+ NK,1.0
9684,20240530_WGS_20240530_sc_PICA0001-PICA0007_Pool_2_ATAATCATCGGCTATA,3.315262794494629,1.8251748592873032,-1.4623090671322745,0.01789329842474358,0.0651152134400255,0.06422550713293237,325.0,CD56_dim CD16+ NK,0.95384616
9687,20240530_WGS_20240530_sc_PICA0001-PICA0007_Pool_2_ATATGAGAGAACGTGG,3.390301465988159,1.884382421411081,-3.1287738973916532,2.0278341879210036e-05,0.0005723837990031463,0.000550884487306293,310.0,CD56_dim CD16+ NK,0.9967742
9695,20240530_WGS_20240530_sc_PICA0001-PICA0007_Pool_2_ATCGGAGAGCGGAATG,3.4148192405700684,1.5651774530126223,-1.8225531269965045,0.003512912000435998,0.02051315715251631,0.020096308458814927,256.0,CD56_dim CD16+ NK,0.80078125
9697,20240530_WGS_20240530_sc_PICA0001-PICA0007_Pool_2_ATCGTCGCAGCTACCA,3.2717092037200928,2.396172099051495,-1.8522281861364724,0.0009984069015020474,0.008356250116139906,0.0081457825590471,419.0,CD56_dim CD16+ NK,0.9928401
9701,20240530_WGS_20240530_sc_PICA0001-PICA0007_Pool_2_ATGCTACCAAGCGCTC,3.3956127166748047,4.050783298119337,-2.137542753472576,0.0028646039656595613,0.017692296969098645,0.01731728444122475,408.0,CD56_dim CD16+ NK,0.9852941
9703,20240530_WGS_20240530_sc_PICA0001-PICA0007_Pool_2_ATGGGTGAGCCTCGAG,3.5420315265655518,2.019716593065282,-2.826836141356316,0.0011655010210260114,0.009304317551287892,0.009078196257128709,258.0,CD56_dim CD16+ NK,0.996124
9706,20240530_WGS_20240530_sc_PICA0001-PICA0007_Pool_2_ATTACACAGAAACTAG,3.5835235118865967,1.25378998113893,-1.7948869127463645,0.021992805077705062,0.07470751934279797,0.07373247618472285,206.0,CD56_dim CD16+ NK,0.9854369
9712,20240530_WGS_20240530_sc_PICA0001-PICA0007_Pool_2_CAATGTGTCAGCTTAG,3.709925889968872,1.4832522458744815,-2.9595692644302773,1.0911699283973801e-05,0.00038117428952633305,0.00036715917364990857,206.0,CD56_dim CD16+ NK,0.9951456
9719,20240530_WGS_20240530_sc_PICA0001-PICA0007_Pool_2_CACTTCGTCGTCTCAT,3.4938299655914307,1.8208810069395007,-1.7010463567792644,0.009345758688558524,0.04095421211787812,0.0402805915972757,282.0,CD56_dim CD16+ NK,0.9893617
9722,20240530_WGS_20240530_sc_PICA0001-PICA0007_Pool_2_CAGTTAAGTAGAGTAG,3.4886956214904785,1.3527809867714833,-1.6745847747798275,0.009208883745454836,0.040462405787901695,0.03979882193955652,186.0,CD56_dim CD16+ NK,0.97849464
9730,20240530_WGS_20240530_sc_PICA0001-PICA0007_Pool_2_CATGCCACAAAAGGAA,3.659074544906616,2.2759254980986645,-2.290368645022047,0.0017401111654368545,0.012332255460948528,0.012057309380010962,205.0,CD56_dim CD16+ NK,0.97073174
9732,20240530_WGS_20240530_sc_PICA0001-PICA0007_Pool_2_CCAAAGGAGGTCCTAA,3.545513153076172,1.1763918377996565,-2.1217655055848224,0.001887548829976049,0.013057755283773918,0.01276799348499645,218.0,CD56_dim CD16+ NK,0.9770642
9734,20240530_WGS_20240530_sc_PICA0001-PICA0007_Pool_2_CCAGGCTCACTGACCA,3.7120110988616943,2.7271071790670103,-2.4104719650308666,0.003824960726951557,0.02175501623625854,0.02131834726747233,175.0,CD56_dim CD16+ NK,0.98285717
9735,20240530_WGS_20240530_sc_PICA0001-PICA0007_Pool_2_CCATGGTAGAGTCGTC,3.4913110733032227,1.7780130806488823,-1.4394257658265357,0.009789703961910161,0.042390493946715166,0.04169791255897923,299.0,CD56_dim CD16+ NK,0.9866221
9737,20240530_WGS_20240530_sc_PICA0001-PICA0007_Pool_2_CCCTAGGAGGCCCCAA,3.918276309967041,1.481764150891511,-2.7841195867882447,0.0011322319257514573,0.009112431944916344,0.008888778479714055,136.0,CD56_dim CD16+ NK,0.9338235
9742,20240530_WGS_20240530_sc_PICA0001-PICA0007_Pool_2_CCGTCGAAGAGAGAGA,3.3647146224975586,2.4932297156035843,-2.2620912965447553,3.643538724171402e-06,0.00017967598411872457,0.00017243840517377573,391.0,CD56_dim CD16+ NK,0.9386189
9746,20240530_WGS_20240530_sc_PICA0001-PICA0007_Pool_2_CCTCAGACACGCGTTA,3.4141879081726074,5.039216004134656,-2.564277094793576,7.076392252164245e-05,0.001322761671272675,0.0012776233246859362,445.0,CD56_dim CD16+ NK,0.98202246
9750,20240530_WGS_20240530_sc_PICA0001-PICA0007_Pool_2_CGAAGTACAGTTAAGG,3.665807008743286,11.189901608107963,-1.6328050865438235,0.011967358066053865,0.048514586135266095,0.047782250999814646,211.0,CD56_dim CD16+ NK,1.0
9752,20240530_WGS_20240530_sc_PICA0001-PICA0007_Pool_2_CGACGTAGTAACCGGC,3.480656623840332,2.152455986671285,-1.9841247122433403,0.007771573502822247,0.03601741788082108,0.03538644411954252,243.0,CD56_dim CD16+ NK,0.90123457
9759,20240530_WGS_20240530_sc_PICA0001-PICA0007_Pool_2_CGTAAAGCACACTATA,3.7972214221954346,1.163725424771889,2.3267416913976824,0.0004572625461046723,0.004880274476356583,0.004746071250429215,161.0,CD56_dim CD16+ NK,1.0
9760,20240530_WGS_20240530_sc_PICA0001-PICA0007_Pool_2_CGTAGGGCAGTGTTCG,3.146507740020752,3.254890469329466,1.1774174237110933,0.027674787617306688,0.08791497349825482,0.08681439511674678,592.0,CD56_dim CD16+ NK,0.9814189
9769,20240530_WGS_20240530_sc_PICA0001-PICA0007_Pool_2_CTACGTAAGCCATACA,3.5775296688079834,0.9929737331198603,-2.0529060359569407,0.019420368889129278,0.0690212660487638,0.06808766373700888,152.0,CD56_dim CD16+ NK,0.9605263
9773,20240530_WGS_20240530_sc_PICA0001-PICA0007_Pool_2_CTATAGCCAACGGACG,3.512728214263916,1.5387950992440516,-1.3866368846508723,0.017026773315091368,0.06274999772800788,0.06188495310420773,258.0,CD56_dim CD16+ NK,0.996124
9774,20240530_WGS_20240530_sc_PICA0001-PICA0007_Pool_2_CTATAGTAGAACCCCG,3.6047887802124023,2.488648180664103,-3.253020809252678,6.674809851499384e-05,0.001266927781254729,0.001223493578879231,194.0,CD56_dim CD16+ NK,0.9845361
9779,20240530_WGS_20240530_sc_PICA0001-PICA0007_Pool_2_CTCGTTCCAGCTCGGT,4.164556503295898,0.995918829626094,-1.6746296094639732,0.004442412643055937,0.024138007141061246,0.023677748170817685,168.0,CD56_dim CD16+ NK,1.0
9786,20240530_WGS_20240530_sc_PICA0001-PICA0007_Pool_2_GCACCCTTCCGTCGCT,3.7022604942321777,2.2574488879485513,-2.261641933764869,0.001597996704186966,0.011577782351633661,0.011314865775796656,165.0,CD56_dim CD16+ NK,0.9757576
9793,20240530_WGS_20240530_sc_PICA0001-PICA0007_Pool_2_GCCCACAAGCGTACAC,3.3736908435821533,3.4081333152949798,-1.1660176507119593,0.026994314621109888,0.08622600302611982,0.08513862387142661,309.0,CD56_dim CD16+ NK,0.99676377
9803,20240530_WGS_20240530_sc_PICA0001-PICA0007_Pool_2_GGATTGCTCGTATTGG,3.4842891693115234,2.066066825118455,-1.1581433039205236,0.025008896868930975,0.0816310944519016,0.08060981296125795,323.0,CD56_dim CD16+ NK,0.99071205
9804,20240530_WGS_20240530_sc_PICA0001-PICA0007_Pool_2_GGCACTCCAAAACGCA,3.7361867427825928,2.3958283285042437,-1.8617200003161323,0.005601881047341478,0.02863732755441666,0.028107479533594718,259.0,CD56_dim CD16+ NK,0.992278
9806,20240530_WGS_20240530_sc_PICA0001-PICA0007_Pool_2_GGCGAACAGATGAAGC,3.671095132827759,0.7622469847091181,-1.5302143528287622,0.02369662390673863,0.07856600083649248,0.07755660672581277,136.0,CD56_dim CD16+ NK,1.0
9807,20240530_WGS_20240530_sc_PICA0001-PICA0007_Pool_2_GGCGTAAAGCCTTCAT,3.276968479156494,1.5752029270323062,1.3493755074984146,0.006501214215945048,0.03192321228037299,0.03134331648775755,291.0,CD56_dim CD16+ NK,0.9896907
9810,20240530_WGS_20240530_sc_PICA0001-PICA0007_Pool_2_GGCTGTAGTACTTGCC,3.3090591430664062,2.190206216078315,-1.7170622600072816,0.006194942393301223,0.03074376701078607,0.03018540043134715,351.0,CD56_dim CD16+ NK,0.997151
9819,20240530_WGS_20240530_sc_PICA0001-PICA0007_Pool_2_GGTGATTGTAGACGTT,3.1656644344329834,2.627530295269266,-1.2315268900779621,0.0058443504992217515,0.029433894053084598,0.028894707824252058,478.0,CD56_dim CD16+ NK,0.9958159
9820,20240530_WGS_20240530_sc_PICA0001-PICA0007_Pool_2_GGTTCATCACGATTAC,3.4129929542541504,2.1254066284150945,-1.84014363099522,0.003552620051164434,0.020634941110861345,0.020216920351524455,309.0,CD56_dim CD16+ NK,0.8802589
9830,20240530_WGS_20240530_sc_PICA0001-PICA0007_Pool_2_GTCAACTCAACTCGAT,3.4220669269561768,1.4278365517319909,-1.3003428491951436,0.018118682596542247,0.0656936009864795,0.0647929458257126,246.0,CD56_dim CD16+ NK,0.9065041
9832,20240530_WGS_20240530_sc_PICA0001-PICA0007_Pool_2_GTCAATTAGCAACGTC,3.35280179977417,1.887059928913236,-2.6845235587701115,0.0001461735061953198,0.0022119127642551387,0.0021421152573586947,279.0,CD56_dim CD16+ NK,0.97849464
9833,20240530_WGS_20240530_sc_PICA0001-PICA0007_Pool_2_GTCAATTAGCGGGGAT,3.358327627182007,1.4888887664609283,-1.4736712248575328,0.016829445988153738,0.062162306872629344,0.061300530152782896,293.0,CD56_dim CD16+ NK,1.0
9834,20240530_WGS_20240530_sc_PICA0001-PICA0007_Pool_2_GTCCAACAGCCAGGTT,3.5656588077545166,1.5795076868543485,-1.9189862188468938,0.0038015322265205816,0.02163425416721794,0.021199200659028094,254.0,CD56_dim CD16+ NK,0.996063
9841,20240530_WGS_20240530_sc_PICA0001-PICA0007_Pool_2_GTGTCGGTCACTATAA,3.4960052967071533,2.14022276473292,-2.537347636227566,2.7076901552466487e-06,0.00015411830328782478,0.00014746728883837772,357.0,CD56_dim CD16+ NK,1.0
9843,20240530_WGS_20240530_sc_PICA0001-PICA0007_Pool_2_GTGTGGGCAGCTACAT,3.4740829467773438,2.287243707070929,-1.5726743103557734,0.004151088527323465,0.023076959978929716,0.022629157605673147,395.0,CD56_dim CD16+ NK,1.0
9845,20240530_WGS_20240530_sc_PICA0001-PICA0007_Pool_2_GTTCACTTCCCACTAT,3.7974162101745605,0.6861756815849855,-2.6919619018715593,0.0004399017315775528,0.0047412165839939525,0.004608901296476022,104.0,CD56_dim CD16+ NK,0.90384614
