"baseMean","log2FoldChange","lfcSE","stat","pvalue","padj","gene"
106.084151484305,-0.111058315199268,0.0236217065067623,-4.70153649430347,2.5821110239562e-06,0.00506610182900206,"IKZF1"
73.8722759131546,-0.156801170881479,0.0349497503563092,-4.48647470390796,7.24113100753533e-06,0.00710354951839216,"DIP2A"
414.586790169049,-0.164313869571127,0.0373592605039867,-4.39820990443834,1.09147391843846e-05,0.00713823942658752,"TXNIP"
23.0192987886972,-0.45812195766502,0.106385640473127,-4.30623865803339,1.66053901224197e-05,0.00814494385504685,"FKBP5"
37.8802505762451,-0.14456278200111,0.0360418363992519,-4.01097159422515,6.04693861143888e-05,0.0237281871112861,"ITGAX"
88.4742265440891,-0.229798834897004,0.059137065335132,-3.88586808619477,0.000101964866779703,0.033342511436963,"IL32"
24.9310819792522,-0.162530365106398,0.0434570425819134,-3.74002360607122,0.000184002973670241,0.0389352780907306,"ERAP2"
244.784624087217,-0.106788220859467,0.028639917551213,-3.72864973052075,0.000192508512971787,0.0389352780907306,"ENSG00000289901"
89.5179634963019,-0.11987182686836,0.0322150754973682,-3.72098543981847,0.000198446881196384,0.0389352780907306,"GZMH"
69.446386612915,-0.142297720374531,0.0377825293616982,-3.76623065682799,0.000165730692492857,0.0389352780907306,"PRMT2"
23.761019303829,-0.17469551383433,0.0476127952737491,-3.66908753896764,0.000243417724394434,0.0434168704783526,"RNF130"
150.270048232549,-0.083916877635395,0.0236174458330344,-3.55317328675813,0.00038061365401261,0.0622303324310617,"VAV3"
76.605084369634,-0.0729601628631299,0.0209393223579652,-3.48436122314991,0.000493313212844105,0.0744523479692411,"MYH9"
139.31856432485,-0.0714677542609952,0.0210995840892543,-3.38716412412095,0.000706191278724099,0.098967663489763,"KLRD1"
80.5540098687997,-0.0690500282424069,0.0205796788017675,-3.35525296130843,0.000792924415823378,0.0991058378358894,"CD53"
24.7489922269481,0.143120854698458,0.0429731673486948,3.33047023360275,0.0008669943277336,0.0991058378358894,"TENT5C"
28.1848476167964,-0.132183959454878,0.039657038139663,-3.33317780791789,0.000858600517926104,0.0991058378358894,"GFOD1"
32.6513364158833,-0.111676697830479,0.0336658990236956,-3.31720527504334,0.000909227870054031,0.0991058378358894,"TRERF1"
88.4835618204333,-0.110589031468891,0.0338073707355471,-3.27115149929748,0.00107110513462159,0.106510931078312,"TXK"
28.8900742547792,0.122491304777583,0.0374899284990546,3.26731230710862,0.00108573833922846,0.106510931078312,"ZFP36L1"
143.816522057096,0.0661544830494511,0.0205760779275384,3.21511627640717,0.00130391693796387,0.121823096775481,"JUN"
199.457449043516,-0.0712616695898241,0.0224619277388811,-3.17255359460852,0.00151104666649149,0.128898850419839,"CELF2"
265.346652642552,0.0886109620204559,0.0279130846360556,3.17453134169186,0.00150078682011703,0.128898850419839,"FOS"
79.4934333475919,-0.0853827827703792,0.0273706887571792,-3.11949704765773,0.00181160076317725,0.14809836238974,"PTPN12"
47.5219478464198,-0.092367259392092,0.0297730217118749,-3.10238108466,0.00191970657102697,0.150658571694197,"CYTIP"
73.0741560045019,-0.0689650664165853,0.0226216642961303,-3.04862920401408,0.00229888033691314,0.173477046962446,"ASH1L"
34.8777237291155,0.086257332002708,0.0284648651908924,3.03030881840631,0.00244303800336238,0.177527428244333,"RASGRP1"
41.4275374381064,-0.119643707069537,0.0398575389577046,-3.00178360727436,0.00268402893865505,0.179604550436828,"NIBAN1"
25.4853695804396,-0.130327489851284,0.0432512941004533,-3.01326220548665,0.00258455503315923,0.179604550436828,"SH3BP5"
98.4686464805791,-0.0574981774715307,0.0191993369299693,-2.99480016842554,0.00274624694857534,0.179604550436828,"BPTF"
53.440555871299,-0.0945508570768935,0.0319371752613328,-2.96052660585073,0.00307113594012868,0.194373184339757,"PPP3CC"
33.9265197322012,-0.0977727942215395,0.0332714384695835,-2.93864042911528,0.00329655279449488,0.198175004135834,"GPR65"
81.8708120777243,-0.0713671176128267,0.0244662137766402,-2.91696615848941,0.00353454119630246,0.198175004135834,"ADGRE5"
69.2148952201272,-0.0886739817249973,0.0304000217727076,-2.9169052044761,0.00353523197999703,0.198175004135834,"SAMHD1"
34.9074523005509,-0.15455223466747,0.0527775830390292,-2.92836893559862,0.00340745457366027,0.198175004135834,"TSPYL2"
59.8989499375375,-0.0863557813599785,0.0301358415445938,-2.86555068429706,0.0041628462812696,0.210348933974343,"CLASP1"
25.9252639156147,0.101029530388759,0.0349704273371638,2.88899902236518,0.00386470275667001,0.210348933974343,"CHN2"
25.8317639737884,-0.0988604372686469,0.0345164541910937,-2.86415391109773,0.00418124792303741,0.210348933974343,"ENSG00000291075"
30.1387449334781,-0.155958649481233,0.0543782592532609,-2.86803313719317,0.00413032271337626,0.210348933974343,"MIR646HG"
45.7326661345519,0.0834285117555882,0.0292543156245595,2.85183604450991,0.00434675142806718,0.213208157546695,"GPRIN3"
56.6455874358138,-0.079860013395289,0.0281064847767996,-2.84133764963768,0.00449247195421678,0.214981218882276,"GPATCH8"
37.4032645361461,-0.0859530669514558,0.0303480685640968,-2.83224175436134,0.00462228866741064,0.215926913463326,"UCP2"
170.376185533681,0.0489392788956581,0.017427160925225,2.80821868264388,0.00498163856999201,0.227301741263357,"STAT4"
26.1162694047427,-0.0955464683694549,0.0341647022648907,-2.79664279315681,0.00516365875987394,0.230252238338015,"KIF13B"
108.298859452605,-0.0745905421563361,0.0268084054866912,-2.78235653341509,0.00539657190724722,0.232679489745247,"ETS1"
24.3311077101488,-0.097846544167506,0.0352112455995552,-2.77884359105836,0.00545527855671834,0.232679489745247,"ARHGEF18"
50.1590154823922,-0.0754987345321038,0.0273172377340202,-2.76377631103161,0.00571366936484745,0.238515304124057,"UVRAG"
29.6564154991807,0.120535390329835,0.0437430095835379,2.75553491809116,0.00585962496531851,0.239512170457394,"NR1D2"
26.2770973289982,-0.140915918240983,0.0519519698467501,-2.71242685612618,0.00667925203256975,0.267442703834732,"CRYBG1"
68.2138307558729,-0.0712876200430423,0.0264590074861859,-2.69426659636652,0.00705437148738974,0.271000607882689,"IFI16"
27.4448743234087,0.111081951476567,0.041321089827819,2.68826286865701,0.00718248298160032,0.271000607882689,"SPTBN1"
42.4983969711698,-0.0787966793685795,0.0292892412230852,-2.69029432235594,0.00713890260546221,0.271000607882689,"PXN"
51.9548109144943,-0.121184589698221,0.0461226085486561,-2.62744440333161,0.00860288987215597,0.271811022524643,"SMAP2"
42.8896803873497,-0.0917123563107676,0.0345256070831329,-2.65635752877385,0.00789898199334683,0.271811022524643,"RNF115"
22.7337400374142,0.0900551168236189,0.0343708746842567,2.62009965271172,0.00879040756099646,0.271811022524643,"PIK3CA"
108.900008806257,-0.0840804339273738,0.0319342419336898,-2.63292406007206,0.00846532725041583,0.271811022524643,"SPON2"
40.401087185104,-0.0786854024022318,0.0301721606481193,-2.60788093103092,0.00911046386405342,0.271811022524643,"TMEM131L"
39.8514227237644,-0.0729645399845783,0.0275942211946505,-2.64419638698567,0.0081885131284993,0.271811022524643,"WDR70"
53.8210231640407,-0.0984267193758979,0.0377599682226737,-2.60664200762743,0.00914349005434579,0.271811022524643,"GLCCI1"
55.9012326175937,0.0882145931211592,0.0336408153741109,2.62224895978731,0.0087351595033423,0.271811022524643,"GPR141"
59.3777783746477,-0.103310589515919,0.0395472628930994,-2.6123322313147,0.00899268170663168,0.271811022524643,"GSAP"
252.649204496467,-0.0553175949161447,0.0207206240056583,-2.66968769381843,0.00759218268069987,0.271811022524643,"SRGN"
38.1581426869375,0.0932258334841084,0.0349585330004282,2.6667547371901,0.00765875406996731,0.271811022524643,"SLC2A3"
23.3775344016204,-0.0959398255187034,0.0366753855407998,-2.61591866326734,0.00889877526837212,0.271811022524643,"IRF9"
98.2366555821906,-0.0539449456626037,0.0205840614156363,-2.6207143757172,0.00877457428108405,0.271811022524643,"PRKCB"
265.485317738632,0.0352491019126693,0.0134268644287488,2.62526683722195,0.00865810853323238,0.271811022524643,"DDX5"
33.5355108188714,0.0987650507772827,0.0382944675689389,2.57909450234509,0.00990596828202613,0.285999899431393,"RANBP2"
24.9239441741834,-0.0935245687434645,0.0362656787539309,-2.57887269608396,0.00991233086714308,0.285999899431393,"TIPARP"
84.5294769160113,-0.0561338244249971,0.0218232789082031,-2.57219937760577,0.0101054676582266,0.287346776020877,"LYST"
140.487114656956,-0.073709557248662,0.0289645523361687,-2.54481948808231,0.0109334242038097,0.28785583641269,"CBLB"
29.7743223405344,-0.0987206073729646,0.038510828700556,-2.56345061127026,0.0103637444548376,0.28785583641269,"SYK"
24.3178735564643,-0.144774104650486,0.0567804156299674,-2.54971900160022,0.0107809775031062,0.28785583641269,"DDIT4"
68.8606185392258,-0.0573821463091492,0.0225741808623332,-2.54193703235965,0.0110240031627306,0.28785583641269,"ADD3"
218.357309130496,-0.0593348556150868,0.023314039308708,-2.54502683251995,0.0109269341353985,0.28785583641269,"GZMB"
28.9253264121328,-0.120951133165705,0.0476124490154486,-2.54032581114365,0.0110749245224335,0.28785583641269,"APBA2"
26.0741706108236,-0.09469261373476,0.0373106638149595,-2.53795038877849,0.0111503789843855,0.28785583641269,"CPD"
54.439384937808,-0.0867677696351589,0.034597588508374,-2.50791379908335,0.0121446290136471,0.302947695248836,"HMGN2"
23.0176680885386,0.100897252916613,0.0402565186520893,2.50635813266918,0.0121981997577258,0.302947695248836,"HERC3"
93.6160156656543,0.0575261548930638,0.0228731963417774,2.51500288956089,0.0119031408205337,0.302947695248836,"SORL1"
26.9680253314616,-0.0955927887720266,0.0384559854576434,-2.48577139902748,0.0129270975337443,0.308691015514323,"NBEAL2"
27.7731454758572,0.119223232655621,0.0480320137670044,2.48216186050316,0.013058794234296,0.308691015514323,"SPOCK2"
92.4949516389736,0.0547628982319474,0.0219473908909031,2.49518945118191,0.0125889896357818,0.308691015514323,"MAPRE2"
126.269665199069,-0.0970058116752634,0.0390501825489584,-2.48413209217765,0.0129867625237761,0.308691015514323,"ZFP36"
62.8180711355493,-0.0669947185669996,0.0271062209076574,-2.47156247989088,0.0134524041764646,0.314209726121708,"CD47"
34.3184864559733,0.0686804786290469,0.0279442386948598,2.4577688223684,0.0139803135648753,0.318946223421922,"HSPA9"
42.1045203463721,-0.0936084679016944,0.0380591672564131,-2.4595511318215,0.0139110880074415,0.318946223421922,"H1-3"
56.1034239628048,-0.0860373602254079,0.0350717901695228,-2.45317846079536,0.0141600069054942,0.319332569523903,"MAPK1"
31.2518938916823,-0.0742491729261453,0.0304744497603198,-2.4364401493747,0.014832623819543,0.330700090158447,"DYNLT1"
41.1068997402548,-0.109037243324901,0.0450304738357592,-2.42141008159487,0.0154604253920683,0.340824209204922,"DTHD1"
89.6486032644462,-0.157583357328435,0.0652142938162293,-2.41639291184379,0.0156751363558122,0.341717972556706,"CCL4"
33.0531583543359,0.0705392624003602,0.0295704810037302,2.38546212323912,0.0170576788157668,0.367771053148731,"SQSTM1"
24.6452724930086,-0.0859383578666854,0.0365891678675732,-2.34873769684299,0.0188371716533211,0.401723160693651,"MSL2"
22.7432301102684,-0.0805293558704923,0.0346690414697772,-2.3228030674195,0.020189734225774,0.410481072484759,"COMMD1"
71.240963528332,-0.0669149610066432,0.02875127705053,-2.32737352462783,0.0199453936108654,0.410481072484759,"CFLAR"
26.9067973744723,-0.0836203465421516,0.0359877960025185,-2.32357509574356,0.0201482784903911,0.410481072484759,"MAPK14"
54.5837009117806,0.0601667151869656,0.0259242188264381,2.32086897544647,0.0202939164276359,0.410481072484759,"PNN"
22.7880191147104,0.183078821000354,0.0788474531382174,2.32193702793954,0.020236326650196,0.410481072484759,"MIR3667HG"
127.412374159885,-0.0866852914957379,0.0374984859476293,-2.31170110752747,0.0207941603227976,0.411146983382132,"CEMIP2"
22.8482972579987,0.0833985305183622,0.0361222562180276,2.30878519921301,0.0209555037401698,0.411146983382132,"BACH1"
42.0682417753502,-0.0587471405031918,0.0253696050243164,-2.31565057662047,0.0205773549682227,0.411146983382132,"EWSR1"
136.684959413237,-0.0509036979716539,0.0221367893619678,-2.29950681371659,0.0214761769082821,0.4171906840995,"AKAP13"
22.6692519975094,0.0791144839063543,0.0346700397415848,2.28192654222605,0.0224936775087304,0.432672502667932,"PPM1A"
26.5702469645599,-0.0691674608809978,0.0304642828860633,-2.27044441320627,0.0231806323505119,0.4415572880748,"WAS"
64.5590553074321,0.0639190326022526,0.0282357466128044,2.26376279256121,0.0235887081023794,0.445010050931427,"REL"
101.268150380254,-0.0557337869086017,0.0247123275756575,-2.25530301579125,0.0241143154691553,0.446342329721535,"ID2"
52.1195712142672,-0.0608673577482251,0.0269669092342561,-2.25711286449191,0.0240010232375322,0.446342329721535,"NFAT5"
50.3175663717534,-0.161551767112433,0.0719622262553475,-2.2449523245597,0.0247711933326944,0.454215713259313,"KLRC2"
38.7995132551802,0.061047685520584,0.0273338092837064,2.23341301927406,0.0255217204146295,0.463644587532435,"CTNNB1"
102.529382312901,-0.0411899929612493,0.018498614158296,-2.22665290538951,0.025970480189364,0.467468643408551,"SRPK2"
46.0217675430527,-0.0591424082302102,0.0266428654835785,-2.21982159789318,0.0264308802202227,0.468201271771944,"STIM2"
29.1764423931599,-0.0886966991653794,0.0399719304195831,-2.21897462129888,0.0264884511552935,0.468201271771944,"ISG20"
87.1235265917111,0.0486103612910996,0.0221339629425723,2.19618878992531,0.0280784334103007,0.487521118150531,"MYBL1"
47.948506358112,0.0567474057092695,0.0258262698995792,2.19727455532377,0.0280008437427542,0.487521118150531,"PRKCQ"
32.688282575981,-0.0678873496347804,0.0309642913185057,-2.19243996048467,0.0283477538816376,0.487879764173447,"NCKAP1L"
28.3123823728106,-0.0703075937606095,0.0322765505045186,-2.17828710508475,0.0293846685856242,0.495263303147768,"NUP210"
49.9866799914628,-0.053898094453907,0.0248372277110233,-2.1700527563302,0.030002849582553,0.495263303147768,"BDP1"
25.4947925937559,-0.112784877201573,0.0518680462515179,-2.17445778957353,0.0296707721230042,0.495263303147768,"TLE1"
103.758679736066,0.0546246860932211,0.0251769469934264,2.16963105604041,0.0300348067527153,0.495263303147768,"KLF6"
24.841963379586,0.0790097710075514,0.0364171316386212,2.16957699446487,0.0300389057464752,0.495263303147768,"CDKN2D"
28.7295145445441,0.0708447836795694,0.0329233188920313,2.15181172687656,0.0314121858587594,0.505169743072835,"IQSEC1"
34.390086765378,-0.0735032544666098,0.0340915560692816,-2.15605454668115,0.0310794061373829,0.505169743072835,"SLMAP"
61.2505099185252,-0.054641160882761,0.0253873529276431,-2.15229847075805,0.0313738541988934,0.505169743072835,"NAP1L4"
24.282024550953,-0.0687364836213675,0.0321788244571488,-2.13607814396393,0.0326730448983753,0.515242919129596,"ATP5ME"
182.325689826487,-0.0497207292452363,0.0232356556538585,-2.13984619095436,0.03236719888481,0.515242919129596,"CTSW"
74.10498844594,0.0572237207537649,0.0268127219840054,2.13420035414161,0.0328263837365951,0.515242919129596,"RAB8B"
32.2121076482642,-0.070159741869904,0.0331592732388446,-2.1158407593721,0.0343583532229168,0.530795976561912,"OSTF1"
30.0299043423536,-0.0618549192252635,0.0292334660283975,-2.11589413192323,0.0343538126294908,0.530795976561912,"ZMYND8"
72.601798141322,-0.0528286678129382,0.0252354085788496,-2.09343421755474,0.0363104105740412,0.552664955457749,"HSP90B1"
82.4622026623016,-0.0740725846934868,0.0353883821609003,-2.09313283542325,0.0363372982946226,0.552664955457749,"PIK3R5"
34.6928368925768,0.161172905853682,0.0774260020970612,2.08163797029887,0.0373755504139437,0.564083307016597,"IL12RB2"
186.412383690814,-0.0492906895086302,0.023802009073221,-2.07086256277777,0.0383716416094563,0.570342127558736,"IQGAP2"
28.6141205853342,0.075299173590012,0.0363489600766316,2.07156335232878,0.0383061805936891,0.570342127558736,"CCND2"
71.4197920375044,-0.0512164778105594,0.0251370953076156,-2.03748592205253,0.0416013712935193,0.575375061316892,"YBX1"
23.8050047257604,0.0766465475750937,0.037287678274689,2.05554625875223,0.0398262724402709,0.575375061316892,"EFCAB14"
121.211740093142,-0.0696508395892023,0.0348747412056324,-1.99717151099471,0.0458065547222883,0.575375061316892,"ZFP36L2"
84.2933318199351,0.0417984551413565,0.020939939287625,1.99611157258982,0.0459217796534035,0.575375061316892,"PTPN4"
84.6904876961243,0.0757981038895099,0.0378896943356788,2.00049393953898,0.0454469536886642,0.575375061316892,"NR4A2"
25.0557246851638,-0.0731120690345641,0.03572098162051,-2.04675419649121,0.0406822249768852,0.575375061316892,"CERS6"
24.1337109293044,-0.0655762397416062,0.0320730204763334,-2.04459195821593,0.0408951029915952,0.575375061316892,"UBE2E3"
102.274958454842,-0.0599087570919272,0.0299964205482299,-1.99719686539274,0.0458038014544418,0.575375061316892,"FNDC3B"
70.3425750765048,0.0429640767121511,0.021164183575344,2.03003704627679,0.0423527737542939,0.575375061316892,"AP3B1"
129.368406793553,0.0638227642667609,0.0319057337449031,2.00035406729853,0.0454620445596547,0.575375061316892,"DUSP1"
83.1203860943425,-0.069479125614356,0.0344375725219788,-2.01753841883056,0.0436393559450901,0.575375061316892,"CCND3"
25.2594467665406,0.0796452220853952,0.0386628193447719,2.05999519525896,0.0393990001501854,0.575375061316892,"DOK2"
68.6326086781106,0.0419284816318101,0.0208576487182001,2.01022091215986,0.0444078130474706,0.575375061316892,"DNAJC1"
155.764617773175,-0.0598415277531603,0.0294056349746973,-2.03503606722495,0.0418472440280524,0.575375061316892,"PIP4K2A"
45.2978438389139,0.0918068229517294,0.0459843820606895,1.99647834411614,0.0458818806640608,0.575375061316892,"FAM53B"
54.814140626938,-0.0543915173464615,0.0266838361964106,-2.03836948128837,0.0415129960015812,0.575375061316892,"STIM1"
103.974430146513,-0.0567059814236921,0.0275425764508981,-2.0588481083019,0.0395087914162642,0.575375061316892,"NEAT1"
86.8580424524367,0.047430483090617,0.0237343187013354,1.99839244123524,0.0456741304753765,0.575375061316892,"CD69"
121.764153917292,-0.0539055489812954,0.0265206000210707,-2.03259160571281,0.042093800288549,0.575375061316892,"KLRK1"
70.2339312071206,-0.0610081264652636,0.0302536121882625,-2.01655676967172,0.0437417882606327,0.575375061316892,"ADAM10"
24.0805127045297,0.069547753776012,0.0340010006660792,2.0454619691648,0.0408093349121291,0.575375061316892,"SMARCE1"
141.641875467969,-0.0408217257590645,0.0204144672952007,-1.99964687634349,0.0455384083387124,0.575375061316892,"CD7"
136.857284292119,-0.042885967814529,0.0214966126406266,-1.99501049451291,0.0460417352837676,0.575375061316892,"SMCHD1"
26.5280790798117,0.0631549874470014,0.0314892616023308,2.00560394983434,0.0448985201598328,0.575375061316892,"MIDN"
35.9454892593384,0.0546860454741988,0.0270352302257889,2.02276973480454,0.0430968933905197,0.575375061316892,"URI1"
42.3498845400603,-0.0666589081521303,0.0339660492904229,-1.9625157928192,0.0497024637741598,0.585550147050629,"DENND1B"
40.326238115975,0.0672379248311718,0.0340062057731413,1.97722513589792,0.048016187573115,0.585550147050629,"BTG2"
34.7074777918927,-0.0606856760741874,0.0308670170078913,-1.96603630531168,0.049294417013436,0.585550147050629,"PBRM1"
44.2313803983268,-0.0547422142180448,0.0278659467550612,-1.96448427534952,0.0494739580748789,0.585550147050629,"SEMA4D"
358.304674442398,-0.0298311449539987,0.0151094753604303,-1.97433360473405,0.0483438222029715,0.585550147050629,"PRKCH"
28.7713102984426,-0.091691738217529,0.0465465520708752,-1.96989323887863,0.0488506074807354,0.585550147050629,"FUT8"
46.6705253711997,-0.0522516090417481,0.0266408907292659,-1.96133115715789,0.0498404049732187,0.585550147050629,"ELOB"
56.0384643251189,-0.0484368801753521,0.0244453604407375,-1.98143448499264,0.0475425696830024,0.585550147050629,"ITFG1"
28.4736005112962,-0.0613786092056392,0.0311962575613922,-1.96749911699665,0.0491256976163696,0.585550147050629,"CNOT1"
23.3608250506628,-0.0655084345898649,0.033155051177909,-1.97582064459344,0.0481750943901058,0.585550147050629,"PPP6R2"
109.647235648317,-0.0574223205055741,0.0294548974178477,-1.94949993174242,0.0512357509522408,0.59132084334292,"CARD11"
59.5827544075703,-0.0581232471933344,0.0297381663572087,-1.95450003524663,0.0506421107004755,0.59132084334292,"PLCG2"
134.465260913186,-0.0370349839646142,0.0189774368193527,-1.95152719079781,0.0509943649088043,0.59132084334292,"MBP"
93.9264651043704,0.0380445729732513,0.0197361233760276,1.92766189430402,0.0538971947553207,0.618399392455785,"CCNL1"
43.5825201503614,0.0494635624443518,0.0258176449146365,1.91588204919148,0.0553801108642096,0.631719636718484,"BOD1L1"
36.9739734046738,0.0570011526157244,0.029965457623741,1.90222867047302,0.05714126617498,0.648041411764802,"USP9X"
56.3295943764388,-0.0564569656982713,0.0297411957274337,-1.89827491186559,0.0576598770613389,0.649981405332042,"ARPC1B"
24.5804828526912,0.0596329409198864,0.0314538361009906,1.89588769803529,0.0579748959903707,0.649981405332042,"UBN1"
39.7867399483978,-0.0916946983716393,0.0490211465283919,-1.87051313290953,0.0614125950044312,0.684610860219852,"CD55"
25.9335916599635,0.0837905735160051,0.0450708700886965,1.85908488900061,0.0630151068166558,0.69070189706301,"IFRD1"
24.4330180973601,-0.0700866834795073,0.0376060141499107,-1.86370943754149,0.0623625193515043,0.69070189706301,"LDHB"
31.180867562391,0.061111599546587,0.0328346838275697,1.86119043714606,0.0627172883427723,0.69070189706301,"MIR142HG"
23.9684033855553,-0.065440380215857,0.0352739340759781,-1.85520503822744,0.0635669524993293,0.692879782242689,"ARRB2"
49.8947272057154,0.0526965398436048,0.0284689601201434,1.85101737545795,0.064167053454155,0.695556678878741,"APOL6"
32.2549798773049,0.0711375912391653,0.0400173900859145,1.77766693646032,0.0754585730682917,0.700701418656943,"GAS5"
25.3059405311751,-0.0596300453284861,0.0328697833803338,-1.81412954988207,0.0696577831455155,0.700701418656943,"PCBP1"
62.873031557706,-0.111133673538149,0.0624562919459373,-1.77938315060951,0.0751769669600036,0.700701418656943,"DUSP2"
233.30902090802,-0.0340981073087705,0.0190547271871207,-1.78948283929343,0.0735370887551672,0.700701418656943,"ZEB2"
32.7446859598186,-0.0483765247009357,0.0274824488658346,-1.76026979753889,0.0783620725273666,0.700701418656943,"ARIH2"
74.0947658732433,-0.0382638224682009,0.0217598855032978,-1.75845697636607,0.0786697858997149,0.700701418656943,"ACAP2"
175.428018428782,-0.0644804715932892,0.0362859728941148,-1.77700820593809,0.0755668897091103,0.700701418656943,"PARP8"
25.7011216851141,0.0653672178169937,0.036426132800825,1.79451434425982,0.0727311111799316,0.700701418656943,"DCTN4"
41.0043452186842,0.0646046935561737,0.0367112236555306,1.75980768612819,0.0784404194342918,0.700701418656943,"BTN3A2"
83.3666286270992,-0.0438357765442229,0.024230344775958,-1.80912723073251,0.0704312394889637,0.700701418656943,"HLA-F"
23.5881425471997,0.0643007824608191,0.0364600049417153,1.76359774398302,0.0777997278192514,0.700701418656943,"ABCF1"
527.529713277182,0.0314276389916821,0.0170999179541628,1.83788244340853,0.0660797296858756,0.700701418656943,"RPS12"
23.5910859121239,0.0708272491304461,0.0388612554678559,1.82256718877832,0.068368968894086,0.700701418656943,"DBF4"
124.769864320627,0.0328091917115468,0.0186739965604685,1.75694536546084,0.0789271220811338,0.700701418656943,"KMT2E"
48.1218238611801,0.047853142843752,0.0262266516530091,1.8245997802873,0.0680614466114698,0.700701418656943,"MKLN1"
39.607156336401,0.0601318634994915,0.0330761775938952,1.8179810326871,0.0690670318231418,0.700701418656943,"NDUFB2"
26.9723152493929,-0.056102240215666,0.0317141740191447,-1.76899578660945,0.0768945777251797,0.700701418656943,"GSTK1"
66.3704335105174,0.0396545056929527,0.0215056703678254,1.84390930460274,0.0651963588581096,0.700701418656943,"PCM1"
85.9447613090412,-0.0387956812220771,0.0215271277278809,-1.80217638472181,0.0715176589083435,0.700701418656943,"LYN"
52.6182379675478,-0.135555133598884,0.0757429920021113,-1.78967228539249,0.0735066103236157,0.700701418656943,"BNC2"
26.4770764408277,-0.290706463968413,0.162553645724741,-1.78837246419363,0.0737159357841476,0.700701418656943,"PTGDS"
55.2577589200836,-0.0522986015297527,0.0297212329905836,-1.75963768213526,0.0784692581451585,0.700701418656943,"SFMBT2"
74.6356430292333,-0.0426866057004211,0.0238005794405839,-1.79351119610279,0.0728912220193127,0.700701418656943,"EPC1"
35.774176649299,-0.077218677905567,0.0439261619085571,-1.75791998550468,0.0787611247647256,0.700701418656943,"PDZD8"
40.0084480836935,-0.0509215008176932,0.0281982966481433,-1.8058360564501,0.0709439515634871,0.700701418656943,"CTSD"
44.4465723736592,0.0625297492083506,0.0351101096255075,1.78096137765753,0.0749187604730304,0.700701418656943,"SYTL2"
60.2440597347601,-0.057034334075956,0.0318435700201685,-1.79107851411863,0.0732806965190474,0.700701418656943,"PDGFD"
29.4915589587587,0.0554566114213536,0.0306453951811919,1.80962298229358,0.0703542734363953,0.700701418656943,"YAF2"
76.4408502654585,-0.0407106554287754,0.0227881646239283,-1.78648241754529,0.0740211815785306,0.700701418656943,"ELF1"
78.6603023264159,-0.0409099981545875,0.0232718050851826,-1.75792114126271,0.0787609280847337,0.700701418656943,"PDIA3"
38.0410772979838,-0.0692829205682349,0.0385344239138846,-1.79794878270572,0.0721851245227923,0.700701418656943,"RFX7"
23.1366161467424,-0.0627330260164033,0.0355254246846834,-1.76586280313914,0.0774188689878625,0.700701418656943,"TAOK1"
99.6538439443807,-0.0654383531842286,0.0368371870937378,-1.77642101221548,0.0756635503275182,0.700701418656943,"SSH2"
80.2391151709259,-0.0473105247514306,0.0259257035887586,-1.82485017579019,0.0680236416741861,0.700701418656943,"LIMD2"
81.7927493133927,0.0370335658174344,0.0208942024187882,1.77243261432815,0.076322771904987,0.700701418656943,"HELZ"
22.8075505419287,-0.0591122245389488,0.0327685476017926,-1.8039317841391,0.0712420015555998,0.700701418656943,"CSNK1G2"
26.9594508638943,0.0609673629685897,0.0337856815533218,1.80453257609644,0.0711478570858036,0.700701418656943,"ICAM3"
33.3017871807994,-0.1321833317497,0.075192687577774,-1.75792801145696,0.0787597589643935,0.700701418656943,"LGALS1"
75.5138161307354,0.0494842458572704,0.0279230862311422,1.77216248403378,0.0763675891844249,0.700701418656943,"DDX3X"
624.130275504193,-0.0406205102611192,0.0223809308685642,-1.81496071363922,0.0695299471021647,0.700701418656943,"MT-CYB"
35.4717008008358,0.0516878914263,0.0295522374471615,1.74903479030027,0.0802850058533751,0.708063025315997,"ENSA"
41.9292942989798,-0.0592873941630251,0.0339188517038753,-1.74791867014329,0.0804781114400955,0.708063025315997,"NLRC5"
26.5709155149148,0.0529141426483534,0.0304429101253722,1.73814337822627,0.0821855531183645,0.716658023192138,"EIF5"
50.4843964945776,0.0419984949851013,0.0241427617671366,1.73958950472146,0.0819311234485435,0.716658023192138,"TNRC6C"
35.2984897707025,-0.0496285066501556,0.0286529887807593,-1.73205340042856,0.0832640550523064,0.722103624153656,"FGR"
29.6988248770151,0.0632740383539733,0.0366081680052193,1.72841313296399,0.0839141826233607,0.722103624153656,"COX7A2"
35.4989327957923,-0.0539381695518916,0.0312037636081097,-1.7285789698097,0.0838844761851336,0.722103624153656,"WDR7"
32.9685122148394,-0.0543393446138228,0.0315192220636293,-1.72400652859152,0.0847066645876816,0.724625118978838,"HNRNPR"
51.3183048104694,0.0458042047981148,0.0265888755436266,1.72268303422459,0.0849458600230034,0.724625118978838,"CD164"
68.1921740779932,0.0441560673460837,0.025857439605876,1.70767361421389,0.0876969206982132,0.72860916972526,"SFPQ"
27.4486525076818,0.0554877269632881,0.0326502384622697,1.69945855150213,0.0892328178622967,0.72860916972526,"DNTTIP2"
74.7006310246543,0.0638446301473752,0.0375787039711559,1.69895774469444,0.0893271455646775,0.72860916972526,"YPEL5"
28.0643942927357,0.0748700107115636,0.044142764289049,1.69608795274603,0.0898692248081105,0.72860916972526,"SUMF1"
98.5644456925913,0.0350676503061284,0.0204314563347734,1.71635588435489,0.0860969257162427,0.72860916972526,"PPP3CA"
46.5689911439882,0.0453947682478611,0.0267366988879065,1.69784491489314,0.0895370362033385,0.72860916972526,"PHF3"
22.4952732316436,0.0621059134377873,0.0366069638867504,1.69656007610798,0.0897798631781183,0.72860916972526,"MCM9"
57.1999683313152,-0.0575058968364806,0.0338037424206378,-1.70116953681946,0.0889111563958182,0.72860916972526,"RNF19A"
27.5233543793117,-0.0572055203324659,0.0335869745214388,-1.70320551784,0.0885296144319644,0.72860916972526,"PIK3AP1"
102.441158488519,0.0384157188330547,0.0223981634814964,1.71512806685203,0.0863217495176105,0.72860916972526,"RORA"
75.5171028852547,0.0455568850433337,0.0266661569144215,1.70841584670552,0.0875592089367357,0.72860916972526,"IER2"
53.2297508320123,0.0407058339602141,0.0239194086844727,1.70179098058717,0.0887945578769689,0.72860916972526,"SUN2"
25.2197154092129,0.057194214519767,0.0339011817137802,1.68708616126259,0.091586785630471,0.733441932273404,"KPNA4"
51.4913707529618,-0.0445842097060845,0.0263928929547505,-1.68925057902983,0.0911714198793655,0.733441932273404,"ANXA6"
105.9231377685,-0.0413953328638507,0.024517075831881,-1.68842863429993,0.0913289776589024,0.733441932273404,"KLF2"
32.4309345541049,0.0506555586886598,0.0302092288838955,1.67682395612767,0.0935769117337926,0.737647515690535,"RASSF5"
27.6327176577967,-0.0497914585470145,0.0297654358688698,-1.67279453814715,0.0943677504782489,0.737647515690535,"PPIP5K2"
30.0531868546811,-0.0546608589566571,0.0326740878429752,-1.67291155056403,0.0943447095977593,0.737647515690535,"SEC63"
57.5834513190499,0.0418139301834168,0.0248654586018286,1.68160703781839,0.0926450649907946,0.737647515690535,"SF1"
140.736711153633,-0.0317746170178922,0.0189316163151085,-1.67838902336798,0.0932711790516404,0.737647515690535,"FOXN3"
43.9310945673559,-0.0408459338300623,0.0243876597414038,-1.67486073953692,0.0939615582124415,0.737647515690535,"DNM2"
34.388609266707,-0.0552629991689575,0.033129080675787,-1.66811146103874,0.0952936024333429,0.738996237052248,"MAN1A1"
42.6401438313753,-0.0780007811145894,0.0467107300046675,-1.66986859564805,0.0949453649333961,0.738996237052248,"SIPA1L1"
22.8057546102641,0.0573770453224331,0.0348070907777174,1.64842978946015,0.0992645072511062,0.766759697742797,"PBXIP1"
28.317774711061,-0.0532311243710457,0.0323412025446027,-1.64592285329011,0.0997796431855806,0.767716313451408,"ATP5F1D"
31.8244190818878,0.0455366373418905,0.0277254502861214,1.6424129048207,0.100504462316911,0.770272480725702,"DDX3Y"
159.076617937659,-0.0411034632747704,0.0250943495660497,-1.63795691004399,0.101430682874881,0.771344960467121,"PYHIN1"
76.9701954107269,0.0557365638183052,0.0340029861418117,1.63916673629346,0.101178539377692,0.771344960467121,"CHD1"
33.5242834230967,-0.0716958490577336,0.0439102762505142,-1.632780642251,0.102515139757875,0.776581869517188,"ARID5B"
22.7394586790211,-0.0569445188317093,0.0351684860851312,-1.61919164486824,0.105406035140026,0.792580730894313,"ATP6V0E1"
121.39960870915,0.0387175585836977,0.0239136511828439,1.61905675915664,0.1054350513575,0.792580730894313,"PPP2R5C"
32.4521810192496,-0.0476558296686635,0.0299608702121774,-1.59060231999851,0.111699102043065,0.797145601306972,"ATG7"
33.7688244926179,0.0460164738838521,0.0289327468794528,1.59046336234779,0.111730397736706,0.797145601306972,"SENP5"
64.5091399707956,0.03761060535273,0.0236369216139209,1.59118035618392,0.11156899239845,0.797145601306972,"UBE2D3"
131.833647947227,0.0492322650774997,0.0308875323567824,1.5939203076768,0.110953885332318,0.797145601306972,"IRF1"
38.5680666234868,0.0449065387306516,0.0281258676592963,1.59662767650864,0.110348725810482,0.797145601306972,"TNKS"
53.1708561447133,0.0376966782906217,0.0236209427917649,1.59590066420905,0.11051097322598,0.797145601306972,"MTDH"
53.550455090515,-0.0438036420867622,0.0273587730564122,-1.60108210980228,0.10935873409552,0.797145601306972,"FAM107B"
28.662573525076,0.0490175965144585,0.0306082638068721,1.60144975303869,0.109277340599669,0.797145601306972,"NT5C2"
36.8332025682677,-0.0550825807100294,0.0341556107575983,-1.61269494200966,0.106810799976856,0.797145601306972,"COX8A"
56.2838279415904,-0.0493674389218194,0.0308796889924141,-1.59870259489812,0.109886700772463,0.797145601306972,"ADGRG1"
57.8512795558521,0.0498720059677659,0.031219764824414,1.59744976454037,0.110165487080613,0.797145601306972,"WWOX"
29.9305124952797,0.0547858687580558,0.0341947704421991,1.60217097671887,0.109117806166002,0.797145601306972,"GADD45B"
35.1616117205581,-0.0464200577179134,0.0289931922056564,-1.60106749848874,0.109361969922439,0.797145601306972,"CDC37"
24.1541591222143,-0.0718465094170509,0.0449516337360528,-1.5983069678606,0.109974677457135,0.797145601306972,"ZNF831"
41.2195036094556,0.0412423393823396,0.0259623923114142,1.58854156765082,0.112163929300712,0.797339236550713,"WTAP"
37.7557831926856,-0.0429660423388036,0.0271621278166242,-1.58183639473587,0.11368692421348,0.798850985487717,"RTN4"
39.9696810611175,0.0408106791391027,0.0259828375453917,1.57067830131359,0.116257391837493,0.798850985487717,"PPP3R1"
58.2751293448579,-0.042233530197083,0.0269541974338379,-1.56686283465683,0.117146756409678,0.798850985487717,"CUL3"
28.6623063308383,-0.0495304434548122,0.0315140329545672,-1.57169485499424,0.116021335966175,0.798850985487717,"SCFD2"
25.1754940794232,0.0591866571409895,0.0378151968132537,1.56515533776742,0.117546490824829,0.798850985487717,"PRKAG2"
42.6042735268714,0.0408955685380277,0.0259334254337832,1.57694434321636,0.114808332078152,0.798850985487717,"YME1L1"
27.5135681346881,0.0549854751326906,0.0351173656795806,1.56576309380355,0.117404089267302,0.798850985487717,"CELF1"
39.4239863397745,-0.045165658628447,0.0287667474365556,-1.57006483711997,0.116400028009432,0.798850985487717,"GTF3A"
162.050244991401,-0.0325358306021796,0.0205410748843525,-1.58394002190043,0.113207368662292,0.798850985487717,"MCTP2"
22.8467744296066,0.0655802290222662,0.0413764337471443,1.58496571799865,0.112974123512304,0.798850985487717,"ZNF600"
27.2663453099609,0.0607257036580961,0.038440430242324,1.57973527547138,0.114167503613651,0.798850985487717,"STAU1"
22.7274615083479,0.0727923236489556,0.0464539627832294,1.5669776976537,0.11711990470858,0.798850985487717,"ST13"
44.6498700692768,0.0471638797788026,0.0301437911367829,1.5646299951054,0.117669691542278,0.798850985487717,"IDS"
35.0367109344291,0.0500649489416987,0.0322008893708973,1.55476913587817,0.120001062275262,0.811869255807117,"RLF"
39.1323838822635,0.0404694954900856,0.0261333557641052,1.54857630437464,0.121483605777968,0.818010979050857,"HNRNPM"
47.5160807783315,-0.0351921717809327,0.0227667287214565,-1.54577199963585,0.122159641621764,0.818010979050857,"RALY"
45.1511450442043,0.0598410451169874,0.0386831947404529,1.54695199087082,0.121874822787946,0.818010979050857,"ENSG00000232855"
54.7444747702546,0.0398446294123236,0.0258087519952864,1.54384177195397,0.122626669031986,0.818345321907335,"ARHGAP9"
37.0773359733927,-0.0470361795478671,0.0305090824514702,-1.54171072246063,0.123143905156759,0.819011328534105,"TENT2"
50.2254356453024,-0.0411490997676677,0.0268813652119241,-1.53076673908715,0.125827052687402,0.821191455196977,"CAP1"
101.585469124476,-0.0341528590415386,0.0222926503167118,-1.53202327028544,0.125516692477031,0.821191455196977,"STK10"
69.8546912743755,-0.0428847727142347,0.0280267661614494,-1.53013631566322,0.125982990832971,0.821191455196977,"APBB1IP"
29.3548485497954,-0.0466048193232737,0.0304044567563438,-1.53282854868143,0.125318104511964,0.821191455196977,"PSPC1"
71.4568021761359,0.040178714800202,0.0261832808445727,1.53451796353207,0.124902277438252,0.821191455196977,"TCF25"
49.3977219410149,-0.0386884745970171,0.0251627434740473,-1.53753006451463,0.124163558596743,0.821191455196977,"DYM"
28.9883288640177,-0.0493303897330026,0.0322911891333317,-1.52767337025946,0.126593655026905,0.822439573386715,"NFE2L2"
23.9451522633638,0.0696789932167424,0.0464566256782692,1.49987202469885,0.133647555826244,0.828248976112526,"TSC22D2"
459.930344325303,0.0242862967744814,0.0162873175969079,1.49111703814826,0.135930769779935,0.828248976112526,"RPL34"
36.2691247869958,0.0417697415929637,0.0278231787977884,1.5012569877991,0.133289105315726,0.828248976112526,"CCDC69"
39.9370598564472,0.0486172727368207,0.0322033695690946,1.50969520852496,0.131121214467557,0.828248976112526,"H4C3"
29.0493835883158,0.0472649929621076,0.0315395421372191,1.49859477212674,0.133978789789298,0.828248976112526,"LAMTOR4"
26.9303150054284,0.0502524194149192,0.0332297995225156,1.51226971384132,0.130465262420555,0.828248976112526,"SBF2"
31.1286286090685,-0.0558519111168002,0.0371927928134047,-1.50168639921739,0.133178118045717,0.828248976112526,"RRAS2"
93.5026596401791,-0.0330106822325337,0.0219910679829492,-1.50109500175838,0.133330991419857,0.828248976112526,"BIN2"
27.1426400208283,-0.0521172376760106,0.0344285569812277,-1.51377932291579,0.130081818577115,0.828248976112526,"SRSF9"
43.1626505177409,0.0395955580280885,0.0265538382081255,1.49114255038175,0.135924072960535,0.828248976112526,"UBAC2"
54.368982780206,0.0437663336883595,0.0287607692775492,1.5217372409619,0.128074932311103,0.828248976112526,"USP3"
88.2433260236731,-0.0383191468909084,0.0256581695109117,-1.49344819296686,0.135319905823664,0.828248976112526,"HERC1"
44.8546050792821,0.0447573615653672,0.0299560182021625,1.49410249597646,0.135148831715954,0.828248976112526,"YPEL3"
27.2858289687846,-0.0453111267553069,0.0299972209819625,-1.51051081640371,0.130913131511489,0.828248976112526,"SEPTIN1"
38.1914268436777,-0.0421364850312758,0.027971585324123,-1.50640317819015,0.131963705328318,0.828248976112526,"ITGAM"
24.1505292464063,0.0558913994851988,0.0374670427205418,1.49174835873971,0.135765126473001,0.828248976112526,"NF1"
98.5161899615308,0.0533820247293841,0.0354946617457343,1.50394515974785,0.132595487784224,0.828248976112526,"PLCB1"
35.1144895235526,0.0698045632900546,0.0460060881971728,1.51728968980989,0.129193560140873,0.828248976112526,"RBM38"
111.90034876906,-0.0324196915654289,0.0213609056248228,-1.51771147416873,0.129087150217827,0.828248976112526,"DDX17"
939.8317978814,-0.0240849870255674,0.016046517293539,-1.5009479368626,0.133369028058881,0.828248976112526,"MT-CO3"
25.4224426919703,0.0514115143600372,0.0346842393883218,1.48227308041668,0.138267648072148,0.829605888432891,"CEBPZ"
31.2612769644731,-0.198525071419037,0.133514152599004,-1.48692155516491,0.137035530505466,0.829605888432891,"AREG"
38.1105123548216,-0.0455955182735698,0.0307389526221217,-1.48331398385891,0.137991008719608,0.829605888432891,"RAP1GDS1"
37.0142971271264,-0.046883290955454,0.0316033440561906,-1.48349145812214,0.137943884247906,0.829605888432891,"ANKIB1"
46.1918790125429,0.0477209154583025,0.0321521062046236,1.48422361989586,0.137749605578609,0.829605888432891,"FOSB"
34.1895169919881,0.0529766708226176,0.0359281616497531,1.47451660174162,0.140342551099271,0.839488064807224,"CRY1"
68.5482701905844,0.0317346721123022,0.0215782712724896,1.47067722486004,0.141378428309172,0.840559019219985,"NR3C1"
25.262047299941,0.0487203329106368,0.0331277315672319,1.47068122704871,0.14137734545389,0.840559019219985,"WAPL"
36.6465329495001,-0.0450307806440688,0.0311640930263405,-1.44495720141792,0.148469907562101,0.840673578421542,"SYTL1"
31.012686327364,0.0446298547569374,0.0309153634926225,1.44361410363452,0.148847555435458,0.840673578421542,"NRDC"
46.7531018728371,0.0421824269488328,0.0292336825183577,1.44293921651313,0.149037594633897,0.840673578421542,"CEP350"
487.223027277943,-0.0359121846410709,0.0248378540310508,-1.44586503311339,0.148215061154691,0.840673578421542,"TMSB10"
28.1895929181016,0.0497741596736438,0.0340813984438134,1.4604494517941,0.144166590235114,0.840673578421542,"EIF5B"
36.42269678646,-0.0382093219142974,0.0263492958980188,-1.45010789139039,0.1470284348573,0.840673578421542,"ARPC4"
29.5116498653781,0.0477720572984202,0.0329324367928288,1.4506080311926,0.146889037684811,0.840673578421542,"NDFIP1"
69.9033455081741,0.0364485200112525,0.0249813720908869,1.459027946049,0.144557416130573,0.840673578421542,"PPP2R2B"
62.9239883823491,0.0358146206199726,0.024676555050695,1.45136225645742,0.146679013894215,0.840673578421542,"BTBD9"
30.7716041808018,-0.058959322808096,0.040316654090023,-1.46240614800141,0.143629945692855,0.840673578421542,"BACH2"
57.2743640072456,-0.0564969206874404,0.0388775385669628,-1.45320209997682,0.146167649291315,0.840673578421542,"TRG-AS1"
63.563532039351,-0.0422175363223168,0.0292940844224128,-1.44116251300267,0.149538776182017,0.840673578421542,"HIPK2"
33.8676465458916,-0.114567567774794,0.0790196155015988,-1.44986237970845,0.147096899998891,0.840673578421542,"COTL1"
28.913757972632,0.0505338733378668,0.0349115303409697,1.44748376379719,0.147761480568683,0.840673578421542,"VAPA"
28.5840898486349,0.0537410375366303,0.0369747073878951,1.45345403204527,0.14609773382431,0.840673578421542,"RNMT"
26.9063104367382,-0.052521457589244,0.0359659796483233,-1.46030938411245,0.144205064145999,0.840673578421542,"TMEM259"
30.4799767627849,0.0467337925307098,0.0324021096321419,1.44230709238609,0.149215760270604,0.840673578421542,"MED15"
47.2697335191949,0.0377490591450646,0.0260647958895275,1.44827756584243,0.147539439228135,0.840673578421542,"TBL1X"
55.520310296152,0.035076386218488,0.0242555082600461,1.44612043756948,0.148143424309021,0.840673578421542,"SEPTIN6"
70.7986369245594,-0.0338141388815475,0.0235311701481729,-1.43699351407618,0.150719836488464,0.841903615640097,"TLN1"
22.9780752686168,-0.0515521302929065,0.0359035503058573,-1.43585048981901,0.151044889248376,0.841903615640097,"SUGP2"
32.5972503227687,0.0494514597032744,0.0343698136727271,1.43880499830916,0.150205779843141,0.841903615640097,"ATF4"
125.65929262498,-0.0360574985940468,0.0251410297164208,-1.43420929853545,0.151512544329095,0.842117880945284,"GAPDH"
27.7487174384716,-0.0616334721597057,0.0436786314337155,-1.41106692532795,0.158224881295389,0.848730487293495,"DENND2D"
25.2672612872442,0.0505728487683552,0.0359169430883868,1.40804991794269,0.159116289296773,0.848730487293495,"RAB29"
38.1981894819506,-0.0411362515550838,0.0290710469965354,-1.41502476880128,0.157061233974556,0.848730487293495,"ZFR"
24.698920562912,0.0507191450583359,0.0360273014269754,1.40779750493219,0.159191039410809,0.848730487293495,"SERINC1"
61.6388647024496,0.0433301614665633,0.0306664074689461,1.41295199023365,0.15766984085754,0.848730487293495,"IGF2R"
30.2597368852243,0.04758730372224,0.0335008065873666,1.42048232773552,0.155467309900075,0.848730487293495,"RABGEF1"
34.4843249487543,0.0416262324424205,0.0294902805953035,1.41152378350207,0.158090227855084,0.848730487293495,"C9orf78"
70.5009654991425,-0.0434643215707149,0.0306596213249862,-1.41764052171426,0.156295743241693,0.848730487293495,"PACS1"
49.2302153338459,-0.0643968349438874,0.0454768001969738,-1.41603707087933,0.156764650978325,0.848730487293495,"MAML2"
53.3980415192161,-0.0356361217938028,0.0252337496133316,-1.41224044543009,0.157879175266713,0.848730487293495,"ZDHHC20"
756.001639880055,0.0207221855368897,0.0145947482352196,1.41983850648986,0.155654701768716,0.848730487293495,"TPT1"
133.473990739389,-0.0360145062925165,0.0255777752591436,-1.40803904669707,0.159119508182661,0.848730487293495,"RAP1GAP2"
31.1920766570435,0.045166674599769,0.0319305906698579,1.41452674855795,0.157207299329695,0.848730487293495,"TPM4"
50.9814431734445,0.0433895303718577,0.0303732820581633,1.42854270041574,0.153135713283986,0.848730487293495,"USP25"
46.1781666668033,0.0459447181729369,0.0323445505899094,1.42047786520399,0.155468608183575,0.848730487293495,"TTC3"
24.6456705492836,0.0508761517707754,0.0362765049151845,1.40245461600353,0.160779533872107,0.854876545954131,"WBP11"
187.393935762432,-0.0256838435242121,0.0183397715962414,-1.40044511402071,0.161380068405804,0.855750524897806,"RBM39"
60.2437607839021,-0.0495947295300419,0.0355440267860175,-1.3953041907326,0.162924128879078,0.861609544099059,"LINC00299"
98.1689933025543,-0.0362838105745642,0.0260455513353287,-1.3930905169724,0.16359242038109,0.862818088138975,"JAZF1"
52.8666942646693,0.0386970312169152,0.0278513706241241,1.38941209533856,0.164707474379386,0.866370146735537,"PCNX1"
29.9523402574234,0.0436386614000328,0.0315427276250607,1.38347773593815,0.166518429387416,0.869262840344875,"KCNAB2"
26.9658633133911,0.0431551671826991,0.0312111307921528,1.38268515389867,0.166761426011324,0.869262840344875,"KIDINS220"
34.1956821188313,0.0414933849522255,0.0300675273476254,1.38000655898638,0.167584625349736,0.869262840344875,"RAB1A"
25.7200005844332,0.0459413326926843,0.0333166038437602,1.37893204565893,0.167915706672124,0.869262840344875,"RNPS1"
300.304500386288,0.023769975409014,0.0171915543672544,1.38265423249278,0.166770911561422,0.869262840344875,"EIF1"
177.197928225542,-0.0342136866161168,0.024801936927722,-1.37947639798547,0.167747918347573,0.869262840344875,"TYROBP"
33.3075699197899,-0.0581048413022837,0.0422654221249288,-1.37476069990586,0.169205645808206,0.871342459516274,"ATP1B3"
23.4771441103616,-0.0472809675138458,0.0343714910443048,-1.37558674579758,0.168949612481197,0.871342459516274,"ANAPC16"
76.0599958296095,-0.0400129500645871,0.0292571877399366,-1.36762803111007,0.171428537670113,0.87383054772658,"SCLT1"
44.9061030014508,-0.0413189481824176,0.0301730615388838,-1.36939859845413,0.170874712132789,0.87383054772658,"DEK"
56.3787387793631,0.0470254110713873,0.0342955802207135,1.37117992373214,0.170318874992426,0.87383054772658,"PLEKHA2"
68.2050608620655,-0.0330389366964425,0.0241601946733162,-1.3674946391443,0.171470316449915,0.87383054772658,"SMARCA2"
27.4008532656969,0.0441802223105313,0.0323843763800493,1.36424496158428,0.172490481728071,0.87675213769553,"SASH3"
55.7833082748252,-0.0382298056079873,0.0282989942068596,-1.35092453564023,0.17671960770741,0.889035564928047,"S100A10"
78.004784036475,-0.0399250933613669,0.0295483826254277,-1.35117694485956,0.176638758057583,0.889035564928047,"RESF1"
32.5278901289985,0.0427617396384987,0.0316515254694587,1.35101670470071,0.176690081674551,0.889035564928047,"GSE1"
51.489886345609,0.0374421436419603,0.0276874265339431,1.35231577395098,0.176274320406798,0.889035564928047,"STAG2"
23.4031988997062,0.0441304484453104,0.0327505704551416,1.34747113812127,0.177828542810256,0.890050002535006,"C6orf62"
131.449219309685,-0.0262972922366975,0.0195101037420355,-1.34788069732498,0.177696757398412,0.890050002535006,"UBB"
30.1874104212297,0.0495617942112028,0.0368920732235758,1.34342664644638,0.179133863452956,0.894301883192619,"OSBPL9"
27.8749551406987,-0.0454328676040982,0.0339093322978943,-1.33983374266911,0.180299402889289,0.895563110047557,"ARID1A"
29.4627625671835,-0.041671224926739,0.0310761407922742,-1.34093950742748,0.179940093797049,0.895563110047557,"SEC61B"
30.7111589467178,-0.0426398508807437,0.0318740183611418,-1.33776201035031,0.180974029465427,0.896644055078704,"SNX14"
28.5077166913762,0.0412276102285008,0.0309002513087088,1.3342160171002,0.182133071741805,0.897415845445157,"MOB1A"
42.0301909388286,-0.0382620030747359,0.0287017225598907,-1.33309082738487,0.182501999150162,0.897415845445157,"SLC9A9"
35.5186401876839,-0.0446976005463375,0.0334984115113452,-1.33432000294101,0.182099004787575,0.897415845445157,"SELPLG"
44.8874667905535,0.0356644061207133,0.0268284247416489,1.32935147941606,0.183732037655353,0.901205644699508,"LSM14A"
25.9454500469583,0.0671301853113227,0.0507595867808104,1.32251244678574,0.185997567441364,0.908612133971214,"MCUB"
33.2956596222304,-0.061978367229555,0.0469297287117405,-1.32066323268666,0.186613678699555,0.908612133971214,"GMDS-DT"
25.8781494628419,-0.048913156705476,0.0370382974624595,-1.32061028871677,0.186631340464016,0.908612133971214,"LIME1"
63.216811154448,0.027510199421986,0.020951929136662,1.31301510436327,0.189177858580202,0.912444592600265,"IRF1-AS1"
31.7396493684074,-0.0472982804797249,0.0361824230361723,-1.30721705487882,0.191139004871921,0.912444592600265,"PSMB8"
36.854300827664,-0.0474020398473775,0.0362506260638021,-1.30761989500398,0.191002265476745,0.912444592600265,"SNTB1"
62.1471281940853,-0.116014658854883,0.0886269714859515,-1.30902203820959,0.190526885689812,0.912444592600265,"IFITM3"
24.4591578606046,0.0445797377443564,0.0340557463920419,1.3090224842282,0.190526734611292,0.912444592600265,"PCF11"
208.345642141965,0.0342656285126604,0.0260438977444519,1.31568741548911,0.18827897977583,0.912444592600265,"GNG2"
44.9043925489709,-0.0371597558660896,0.0283397376292858,-1.31122441400761,0.189781956383359,0.912444592600265,"CD226"
71.5381415398867,-0.036323784870172,0.0276287369430252,-1.3147102940347,0.188607285618319,0.912444592600265,"NFATC2"
143.100980883041,-0.0212201540752136,0.0166356966018691,-1.27557953135725,0.202104193511971,0.915084797769991,"MACF1"
51.0400825495531,0.0325961736090432,0.0254897545957218,1.27879511301824,0.200969215300693,0.915084797769991,"SERBP1"
29.7455433630402,0.0414361842042515,0.0324125610666664,1.27839895523915,0.20110879224588,0.915084797769991,"RBM8A"
31.7487257954214,0.0396414911285897,0.0311201556721264,1.27382046369696,0.2027270510958,0.915084797769991,"COPA"
40.5277856724918,0.0343066917217787,0.0266676312471479,1.28645440623632,0.198284521186335,0.915084797769991,"DHX9"
31.0922826528653,0.0367962340313398,0.0292803656387172,1.25668628887218,0.208867254940156,0.915084797769991,"LBH"
73.3140890299794,0.0484461793386042,0.0383283923383832,1.2639762949329,0.206238535441284,0.915084797769991,"EML4"
54.8887108923821,0.0342295558811003,0.0272618249768491,1.25558563706458,0.209266241500688,0.915084797769991,"MAP3K2"
61.0725738225051,-0.0539106774039886,0.0419834535369548,-1.28409344306407,0.199109262028826,0.915084797769991,"CMC1"
29.9413377476971,0.0433475371156407,0.0333857734467358,1.29838349214219,0.194155588832527,0.915084797769991,"PRKAR2A"
28.8950847075783,0.041402196393535,0.0326239325283467,1.26907436304808,0.204414542969978,0.915084797769991,"CHIC2"
31.0923151210753,-0.0579910778307431,0.0459024729694184,-1.26335410881628,0.206461948660248,0.915084797769991,"IGFBP7"
28.9766449321323,0.0409723584471815,0.0325011481445307,1.26064341681038,0.207437348641577,0.915084797769991,"FNIP1"
62.6267648808358,0.034587527684081,0.0275841707437498,1.25389042887643,0.209881834350915,0.915084797769991,"ANKHD1"
24.3468646831824,-0.0533287675975356,0.0423786227829645,-1.25838840659477,0.208251322611745,0.915084797769991,"DTNBP1"
35.2127881789522,-0.0435666252954484,0.0343717040225345,-1.26751426891392,0.204971464813882,0.915084797769991,"H1-2"
24.6317976589886,-0.0434136651933435,0.0336719868501287,-1.28931106401812,0.197289966073606,0.915084797769991,"RAD23B"
30.9231188607254,0.037095107263193,0.0286700293293506,1.29386359661716,0.195712540709173,0.915084797769991,"ETV6"
80.9069667705648,-0.0290959257005252,0.0227868197372156,-1.27687523033351,0.201646300249283,0.915084797769991,"PFDN5"
59.1271031683783,-0.0381144384137454,0.0292395489462093,-1.30352347376708,0.192396107740023,0.915084797769991,"CD63"
77.6754087827433,0.0271486769460091,0.0208936679778016,1.2993734261908,0.193815806785835,0.915084797769991,"OSBPL8"
30.3430664856104,-0.0400679012318448,0.0317232143320059,-1.26304670177826,0.206572396541178,0.915084797769991,"HECTD4"
65.498950224663,-0.0292945265193935,0.0233449790273305,-1.25485340916767,0.209531979918883,0.915084797769991,"N4BP2L2"
103.387843428633,-0.0233541186599983,0.0185414980377238,-1.25955942785652,0.207828339379151,0.915084797769991,"ARGLU1"
35.0933771644311,-0.0363153764924018,0.0283051817557314,-1.28299393396576,0.199494201292332,0.915084797769991,"BAZ1A"
34.7627928453794,0.0344278761005846,0.0272606906270276,1.26291283561434,0.206620506549268,0.915084797769991,"UBE3A"
29.5666286893434,-0.0411604483239176,0.0322124976239763,-1.27777885479086,0.201327412125284,0.915084797769991,"RAB27A"
24.7532924755657,-0.0507592852090609,0.0392351532762353,-1.29371955938823,0.195762306714384,0.915084797769991,"MAP2K5"
29.3869822921647,0.0405252044296996,0.031765617634394,1.27575685434875,0.202041483766896,0.915084797769991,"ARL6IP1"
26.8620991147305,0.0555273636852313,0.0430482972017972,1.28988525202138,0.197090502062143,0.915084797769991,"VMP1"
70.2266291341087,-0.0332044442969189,0.0259206147935573,-1.28100527558366,0.200191813080468,0.915084797769991,"OAZ1"
66.1980746666341,0.0391706673347061,0.0311100801977349,1.25909888646183,0.207994616605213,0.915084797769991,"FXYD5"
50.7321067965549,-0.0343196305454737,0.0264884244850698,-1.29564635166648,0.195097352198277,0.915084797769991,"HNRNPL"
27.0197253054371,-0.0417082218000054,0.0330259167644825,-1.2628936873256,0.206627388895902,0.915084797769991,"OFD1"
97.2489190187572,-0.0279549856286356,0.0220180954435174,-1.26963686302242,0.204214012158589,0.915084797769991,"SH3KBP1"
84.286298525428,-0.0269014025691336,0.0213550142731734,-1.25972299643591,0.207769306591967,0.915084797769991,"ATRX"
111.08182016426,-0.0436224385751006,0.0338269276728898,-1.28957731535463,0.197197456121696,0.915084797769991,"TSC22D3"
27.3681528224744,-0.0413153294677862,0.0322649888253268,-1.28050034951059,0.200369221902694,0.915084797769991,"MECP2"
164.988831390975,-0.027486510518222,0.0211019475764163,-1.30255799464411,0.192725706348304,0.915084797769991,"MT-ATP8"
27.5522850976139,0.0397784877893571,0.0319159766921704,1.24635032081332,0.212635811267933,0.915802046490725,"ILKAP"
33.6336465086586,-0.0368861177890742,0.0294730747888025,-1.25151915955128,0.210745127915686,0.915802046490725,"TGFBR2"
114.363889639166,0.0223001369879858,0.0178687702238836,1.24799506113628,0.212032865870106,0.915802046490725,"CDC42SE2"
39.0069374088207,-0.0371231891271087,0.0297519857605248,-1.24775500452021,0.212120791152995,0.915802046490725,"POLR2L"
29.4056554388624,0.0381123747577286,0.0305615629781592,1.24706890105606,0.212372234777406,0.915802046490725,"ATOSA"
1388.0791023884,-0.0225090766341234,0.0180683302418204,-1.24577513986459,0.212846958817416,0.915802046490725,"MT-CO2"
23.3219546468017,0.0443054253423767,0.035604475747759,1.24437797248469,0.21336048604045,0.916002786895762,"IL16"
371.630511172896,0.0310544422928246,0.0250627094049441,1.23906963892334,0.215319709566344,0.916393210779102,"RPS14"
30.6859427539128,0.0371283567784353,0.0299375141780371,1.24019504617633,0.21490326025401,0.916393210779102,"BBS9"
43.9004686910001,-0.0368867683134085,0.0297632163977823,-1.23934079638506,0.215219316458795,0.916393210779102,"FBXO33"
66.6016856240086,0.0298276175238234,0.0240617067515107,1.23963016555135,0.215112217871653,0.916393210779102,"EIF4A1"
27.4208312164412,0.0409048130149801,0.0331870265868941,1.23255432082408,0.217742088263547,0.922699734715072,"PJA2"
83.2608446626191,-0.0485991563985792,0.0394227778725869,-1.23276844051046,0.217662169013583,0.922699734715072,"MAP3K8"
113.191354469415,-0.0243170313020678,0.0197818872395623,-1.22925740135833,0.218975313398224,0.923934548144765,"SP100"
30.7557014759527,0.0415857223690252,0.0338161466284646,1.22975934620595,0.218787236016981,0.923934548144765,"ZFAS1"
55.5621142783723,-0.0278516676421805,0.0230145225273449,-1.21017794781918,0.226210618046705,0.926631664792338,"ZRANB2"
53.5611294203827,-0.0301546901430128,0.0248008671639895,-1.21587241057429,0.224033529407067,0.926631664792338,"PRKACB"
78.9459147216056,-0.0252174734901001,0.020616829671449,-1.22314991645016,0.221273078088529,0.926631664792338,"USP34"
100.678909921738,-0.0336401461164897,0.0274824431135892,-1.22405951965223,0.22092977528247,0.926631664792338,"ITGA4"
39.4933817051429,-0.0314320131215673,0.0258054995263958,-1.21803544587139,0.223210503191519,0.926631664792338,"RBM6"
24.7762294031009,-0.0447653226183169,0.0366610936260058,-1.22105802611852,0.222064050492872,0.926631664792338,"TBC1D1"
38.6353789440817,-0.0372235817952822,0.0306676203321999,-1.21377470413636,0.224833768421657,0.926631664792338,"NEDD9"
40.8779035309372,-0.0311401197630272,0.0255450969685244,-1.21902531046943,0.222834586072854,0.926631664792338,"SMC5"
49.3169116887847,-0.0412543778159505,0.0337393465681156,-1.22273790135986,0.221428706739085,0.926631664792338,"ZBTB16"
89.4945949895081,-0.0267261737907983,0.0221077313213312,-1.20890621485936,0.226698878236658,0.926631664792338,"TAOK3"
41.2158364821921,-0.0808372090320119,0.0667283684585896,-1.2114369180505,0.225727997490314,0.926631664792338,"TRDC"
31.5261387339758,0.0390923015698242,0.0320077303261283,1.22133938181529,0.221957548339397,0.926631664792338,"MLLT6"
88.7602667135809,0.0391337107701717,0.032355038234505,1.20950902565887,0.226467345678859,0.926631664792338,"RUNX1"
34.7420321238957,-0.035064658506438,0.0288900017379861,-1.21372988566952,0.224850888151519,0.926631664792338,"RBMX"
290.530097301183,-0.0195077397913123,0.0160551997009152,-1.21504186523449,0.224350124343892,0.926631664792338,"MT-ND1"
152.0564932479,0.0221478479365803,0.0184631623621003,1.19956958088847,0.230306546394236,0.939420881549876,"YWHAZ"
34.4590477603007,-0.0346991645745059,0.0289600878722115,-1.19817193675718,0.230850088116529,0.939684383578072,"BRD4"
65.2628630869199,-0.0289891125388755,0.0242838490337082,-1.19376102604805,0.23257146117478,0.940118831526397,"ITSN2"
23.1885255792114,-0.0445816148716623,0.037464894676649,-1.1899570319478,0.234063280684089,0.940118831526397,"ATP5MC3"
30.2609957014848,0.0471085683656964,0.03950434192599,1.19249090274564,0.233068815726557,0.940118831526397,"UBA6"
277.780034365229,-0.0268195839987735,0.0224277802083259,-1.19581981585575,0.231766881285097,0.940118831526397,"SYNE1"
142.117882216223,-0.0294044288120042,0.0247742593085842,-1.18689436667903,0.235269289642946,0.940118831526397,"PPIA"
41.4597675067823,-0.0514866360445576,0.0433558549707611,-1.1875359413228,0.235016288431033,0.940118831526397,"SLA"
31.4412085100606,0.0501905162614182,0.0422119832515203,1.1890110910534,0.234435302532244,0.940118831526397,"IDI1"
25.124096144514,-0.0418075108518679,0.0351635694604666,-1.18894388406362,0.234461749781931,0.940118831526397,"PCNT"
24.9108338085671,-0.0480721139857974,0.0404179973536692,-1.18937397034179,0.234292539026937,0.940118831526397,"HDAC8"
337.386282443767,0.0183233729484834,0.0168647431558192,1.08648989072572,0.27726231108507,0.940849575134147,"RPL11"
27.4199831104281,-0.0335566081905979,0.031216633984475,-1.07495920948064,0.282392991158632,0.940849575134147,"DNAJC8"
38.8683745686142,-0.0289932125498611,0.0264681889409333,-1.09539842769608,0.27334212264521,0.940849575134147,"THRAP3"
23.5473007224086,0.0445622736041447,0.041925259901678,1.06289796911578,0.287828224119419,0.940849575134147,"CTPS1"
39.4442097693712,0.0328027351813519,0.0279506965688127,1.1735927618331,0.240558181800653,0.940849575134147,"FOXJ3"
24.9491022177252,0.0370522315559923,0.0340088174841218,1.08948897071448,0.275938315945155,0.940849575134147,"GBP2"
31.5862502074711,0.0322873478712552,0.0304548486859883,1.06017101592463,0.289066804520571,0.940849575134147,"GBP5"
131.343386837432,0.0263807369233829,0.0241627682905432,1.0917928196873,0.274924175807114,0.940849575134147,"DPYD"
23.5120554852919,0.0508543465015375,0.0498285475568,1.02058657125352,0.307450354392913,0.940849575134147,"CDC14A"
25.9890765818911,0.044050220747781,0.0426640426712128,1.03249054683473,0.301842373822794,0.940849575134147,"C1orf162"
28.7726877186923,0.0409406440275304,0.0368241297030463,1.11178850274752,0.266229096367713,0.940849575134147,"H2AC20"
23.8120407783024,0.0388256012782893,0.0334585583981445,1.16040867081836,0.245882458168035,0.940849575134147,"ATF6"
22.9385745720182,0.0388874036212326,0.0372548268492928,1.04382188591411,0.296567803843767,0.940849575134147,"POU2F1"
38.5317765426999,-0.037216404474195,0.033290988850132,-1.11791225672912,0.263604469746384,0.940849575134147,"RC3H1"
25.4843343182402,0.0374504719433807,0.0322949582656468,1.15963834463963,0.246196082357585,0.940849575134147,"ACBD6"
46.1916238421553,-0.0306954774943559,0.0293895148517296,-1.04443634572449,0.296283555198045,0.940849575134147,"ARPC5"
32.7042709931232,0.039512919780076,0.0378642881078328,1.04354054320388,0.296698013637083,0.940849575134147,"IVNS1ABP"
24.5150987322928,-0.0371971539837844,0.0365140503519403,-1.0187079665296,0.308341629363536,0.940849575134147,"FCMR"
25.447418007866,0.0383192419711364,0.0342221375735355,1.11972087917644,0.262832724749169,0.940849575134147,"RPS6KC1"
79.5553028759362,0.0216304335586903,0.0208160575282209,1.03912249134426,0.298747771959559,0.940849575134147,"HNRNPU"
108.995116745401,-0.0291384474205669,0.0277240376330576,-1.05101745302144,0.29325057406151,0.940849575134147,"SMYD3"
50.5181282950018,-0.0330009160674014,0.0313752963421013,-1.05181209151222,0.292885770354061,0.940849575134147,"BABAM2"
32.7719706483574,-0.0319309569525891,0.0290134764890372,-1.10055604555539,0.271089924513282,0.940849575134147,"PPP1CB"
87.0500609416731,0.0306008026602076,0.0267516624068384,1.1438841517522,0.252671684399959,0.940849575134147,"SRSF7"
27.0765342478043,-0.0407954995742114,0.0381915287354016,-1.0681818959605,0.285438469543404,0.940849575134147,"THADA"
23.0676385531375,0.0546288623429869,0.0497310666740273,1.09848563476555,0.271992487032763,0.940849575134147,"PRKCE"
48.3638463779708,0.0253025294374128,0.0234776982143642,1.07772615553649,0.281155982469304,0.940849575134147,"CALM2"
27.6065569871864,-0.0371721718465658,0.0327215423506569,-1.13601527239194,0.255950172612746,0.940849575134147,"MZT2B"
27.1716851570633,0.0359367108661253,0.0351136548477315,1.02343977070923,0.30609996339003,0.940849575134147,"UBR3"
76.9467663323036,-0.0203757845820599,0.0198227125402482,-1.02790092630808,0.30399643379384,0.940849575134147,"HNRNPA3"
46.3058995695957,-0.0329357236609708,0.027802545182555,-1.1846298043834,0.236163847556278,0.940849575134147,"XRCC5"
127.340321073099,0.0244004948194715,0.0211354731760208,1.15448065043347,0.248303166993216,0.940849575134147,"NCL"
136.491562944081,0.0221279597920961,0.0207567877566127,1.06605897075989,0.286396985195345,0.940849575134147,"ARL4C"
27.9276157417249,0.0370851702642764,0.0333941776431859,1.11052802858416,0.266771557027626,0.940849575134147,"SETD5"
39.8347504741364,-0.030639241703343,0.028704268522443,-1.06741064240627,0.285786444807898,0.940849575134147,"GOLGB1"
24.646061989641,-0.0497572736514973,0.0433698855371162,-1.1472770341742,0.251267142525263,0.940849575134147,"ZBTB38"
71.7381552942264,0.0265870334334897,0.0244296404142245,1.08831046968702,0.276458070116293,0.940849575134147,"ATP11B"
26.7900887433176,-0.0363369446349676,0.03259889015339,-1.11466815170666,0.264992653659232,0.940849575134147,"LRCH3"
22.4617693561335,0.0438082502861992,0.0421076634291946,1.04038663555541,0.298160308213111,0.940849575134147,"ZFYVE28"
42.8349300012379,-0.0294071910053081,0.0256487175653466,-1.14653650539782,0.251573231424143,0.940849575134147,"KLF3"
41.7053078307773,-0.0307767820161685,0.0283443832070877,-1.08581590191289,0.277560449573929,0.940849575134147,"PDS5A"
24.3565741275419,-0.0357800529339006,0.0347923279619688,-1.02838916019105,0.303766805453044,0.940849575134147,"AFF1"
74.8560503704891,0.0340436203206673,0.0306068071101472,1.11228917796462,0.266013835403269,0.940849575134147,"NFKB1"
24.5922853310691,-0.0370032157606762,0.0351762785456868,-1.05193662577514,0.292828626622718,0.940849575134147,"TBCK"
51.3923498424999,-0.0259929710617611,0.024943961272181,-1.04205465916715,0.29738633816338,0.940849575134147,"EMB"
37.3601114348253,-0.028825636810516,0.027486351899529,-1.04872545166716,0.294304496675578,0.940849575134147,"KIF2A"
355.147029095151,0.0170437697462314,0.0162747944868513,1.04724946050787,0.29498453885018,0.940849575134147,"RPS23"
35.6759381959473,-0.0337885403982048,0.0315739588399054,-1.07013949595388,0.284556523497177,0.940849575134147,"RAPGEF6"
28.5339026245901,0.0318821440339824,0.0312755600607276,1.01939482369227,0.308015562608263,0.940849575134147,"HNRNPA0"
77.7530152512688,-0.0212620514557736,0.0207873666418129,-1.02283525480356,0.306385746008028,0.940849575134147,"DIAPH1"
42.5599102534089,-0.0339961237939077,0.0296974066158307,-1.14475059164882,0.252312487654162,0.940849575134147,"ITK"
243.383474509697,0.0302928839062825,0.027371544475963,1.10672906795175,0.268411083834174,0.940849575134147,"RPS10"
190.031255534426,-0.0240236619298933,0.0208150929011614,-1.15414627472323,0.248440204423969,0.940849575134147,"RPL10A"
29.9978782325301,-0.034642887468914,0.0309252280668829,-1.12021445384302,0.262622386065617,0.940849575134147,"SMAP1"
111.013456442067,-0.0311698888302564,0.0266357988564991,-1.17022541723583,0.241910266802893,0.940849575134147,"SAMD3"
31.8464920089422,0.0355441489410109,0.0314273894795456,1.13099272735156,0.258058152465804,0.940849575134147,"SCAF8"
93.3448395865098,0.0231756191033453,0.0220463596692405,1.05122203624757,0.293156624584876,0.940849575134147,"ARID1B"
23.6826126388266,-0.0500579657946511,0.0438763550613986,-1.14088706148453,0.253916924336727,0.940849575134147,"UMAD1"
207.271219011345,0.0302394493154584,0.0263652039348743,1.14694539781122,0.251404188390738,0.940849575134147,"LINC-PINT"
26.1846132483695,-0.188243461388134,0.181517929967412,-1.03705160929242,0.299711805615407,0.940849575134147,"MYOM2"
26.8395984399814,0.0372507665859284,0.0354297504172778,1.05139793950574,0.293075861783814,0.940849575134147,"RAB11FIP1"
37.4514760594456,-0.0298893939870607,0.0282864243978835,-1.05666921936224,0.290662577549431,0.940849575134147,"NSD3"
25.5375604419306,-0.0336176453260902,0.0312157027116667,-1.07694661358771,0.281504116764374,0.940849575134147,"PCMTD1"
23.8762046262561,-0.0365316905391829,0.0330625100887009,-1.10492792111593,0.269190822811974,0.940849575134147,"TERF1"
23.3174165467858,0.0398477704885658,0.0367917317022092,1.08306319504317,0.278780373961706,0.940849575134147,"DERL1"
41.1032027686048,0.0330233741694033,0.0292937715425193,1.127317256553,0.259608368870511,0.940849575134147,"NSMCE2"
50.3906115418006,-0.0402520601823924,0.0380434240555219,-1.05805566091125,0.290030067126856,0.940849575134147,"LINC00861"
136.420461343622,-0.023510740834687,0.0212358769378709,-1.10712361460144,0.268240487001385,0.940849575134147,"CYRIB"
26.9494330688647,0.0413951261913318,0.0375949160008675,1.1010830876807,0.270860496968602,0.940849575134147,"PHF20L1"
28.7622972979242,-0.0408156179176193,0.0354772551626737,-1.15047282351658,0.249949181195895,0.940849575134147,"MLLT3"
67.4191255025491,-0.034851644611133,0.0336082384649089,-1.0369970639051,0.299737225508496,0.940849575134147,"ANXA1"
30.3477167387436,-0.0397907990771491,0.0337741388214798,-1.17814400205647,0.238739202492307,0.940849575134147,"ANP32B"
29.003440530518,-0.0414096434232315,0.0380132008951755,-1.0893490273924,0.276000000234457,0.940849575134147,"INVS"
38.2215137917139,-0.0292840251754265,0.0275887319595211,-1.061448754455,0.288486010091991,0.940849575134147,"PTBP3"
24.7493902434748,0.0464161184692128,0.0450841388176503,1.02954430729951,0.303223970476835,0.940849575134147,"PBX3"
34.4927680364998,-0.0325853443663416,0.0285491436786131,-1.14137729429524,0.253712949277263,0.940849575134147,"SPTAN1"
42.4929966285622,0.0266539213551096,0.0257108528048532,1.0366797848914,0.299885116172599,0.940849575134147,"PRRC2B"
24.698654218055,-0.0420132837956682,0.0361101176337397,-1.16347679123628,0.244636109187336,0.940849575134147,"HNRNPF"
64.0641819696707,0.0268606589936734,0.0249779802479419,1.07537353809408,0.282207524209563,0.940849575134147,"KAT6B"
53.3870869761221,-0.0341362812989148,0.0323013233143983,-1.05680751734709,0.290599442799784,0.940849575134147,"PDCD4"
51.8005951200069,-0.0271863794545229,0.0260056035728144,-1.0454046712818,0.29583597865604,0.940849575134147,"CTBP2"
494.514716539241,0.0143898457590718,0.0140428799054244,1.02470759957959,0.305501176139917,0.940849575134147,"RPLP2"
23.7182158691196,0.0349569377425518,0.0330012463904268,1.05926113604886,0.289480869185412,0.940849575134147,"TRIM44"
65.0544763838439,-0.0296780621435414,0.027517458711867,-1.0785175496872,0.280802854177103,0.940849575134147,"TTC17"
8528.35403208889,0.0176681812363851,0.0159592589483205,1.10708030326462,0.268259210618883,0.940849575134147,"MALAT1"
53.7505813410436,0.0273135622450944,0.0244694151267175,1.11623273803841,0.264322524433469,0.940849575134147,"KDM2A"
24.0789960094002,0.0398110221699133,0.0341001868942316,1.16747225736314,0.243019705553577,0.940849575134147,"RAB6A"
28.2995730419803,-0.0392416696951816,0.0344915877906837,-1.13771711332411,0.255238625125443,0.940849575134147,"CUL5"
102.810301797094,0.0262765195943281,0.0240884991242342,1.09083257777122,0.27534655868663,0.940849575134147,"SIK3"
269.750362470969,0.0195602168603273,0.0190077347547138,1.02906617294186,0.303448580526313,0.940849575134147,"RPS25"
93.3058285403505,0.0295592699414474,0.0281300200091327,1.05080870656511,0.293346456216463,0.940849575134147,"KLRF1"
64.780884670876,-0.0764168225252478,0.0690031192850707,-1.10744011744671,0.268103689147893,0.940849575134147,"KLRC1"
23.6152378250769,0.0342779621425772,0.0332748103174128,1.03014748440623,0.302940777595042,0.940849575134147,"ETNK1"
38.290492434248,0.0309030965519295,0.0294825973934286,1.04818093669106,0.294555251845556,0.940849575134147,"SLC38A2"
38.8646008192599,-0.0330875070115023,0.0294438971351696,-1.12374754128524,0.261120141719314,0.940849575134147,"PRR13"
27.5544862744765,0.0304424073602022,0.0297524178087042,1.02319104134441,0.306217527858911,0.940849575134147,"BAZ2A"
105.426985491598,-0.0385742142482127,0.0342752355627086,-1.12542521196211,0.260408892400574,0.940849575134147,"CHST11"
23.2762115380522,0.0391706056851187,0.0371797523402622,1.05354670807478,0.292090499011289,0.940849575134147,"CLIP1"
41.5126910628898,-0.0308273866615287,0.0276284130081903,-1.11578564618931,0.264513899354901,0.940849575134147,"MICU2"
34.0428535355605,-0.0325977828076157,0.0293703114335381,-1.1098889053792,0.267046901922777,0.940849575134147,"PARP4"
37.5211407371591,-0.0300403139206981,0.0274777210334754,-1.09326075055864,0.274279330538541,0.940849575134147,"PIBF1"
28.6453457812232,0.0392559958112583,0.0336236590065446,1.16751112077414,0.243004019948117,0.940849575134147,"DNAJC3"
46.0914325520148,-0.0295515441812882,0.0278051103887948,-1.06280981330674,0.287868208354623,0.940849575134147,"PSME2"
39.0264386561851,0.0312973113702761,0.0298295272487703,1.04920574534302,0.294083434947203,0.940849575134147,"HECTD1"
29.2442735944455,-0.0360400171811307,0.0308548418521182,-1.16805062083495,0.242786346614771,0.940849575134147,"SNX6"
46.6123356181925,0.0322814139641691,0.0298407707294101,1.08178888061874,0.279346348562304,0.940849575134147,"RALGAPA1"
34.2703228111648,-0.0339982375010724,0.032315431184656,-1.0520743884493,0.292765421629405,0.940849575134147,"ARF6"
31.1618923616253,-0.0552166722563541,0.0515377761499475,-1.07138251553003,0.283997471251475,0.940849575134147,"PELI2"
67.8317787345517,-0.0262921841716503,0.0240329795020687,-1.09400435220224,0.273953069419528,0.940849575134147,"CCDC88C"
60.9763178977618,-0.0258615664891883,0.0226574371427082,-1.14141623018962,0.253696753801606,0.940849575134147,"RIN3"
54.3286143193573,0.0262225052381975,0.0256554232936363,1.02210378437614,0.306731782238335,0.940849575134147,"DDX24"
88.6010127569931,-0.0458290988904094,0.0418810355881698,-1.09426852146308,0.273837226930636,0.940849575134147,"CRIP1"
63.8692371068118,-0.0248361662226652,0.0243737356547903,-1.01897249459108,0.308216024838845,0.940849575134147,"PPIB"
45.6619543270872,-0.0324291891504293,0.0285689803938887,-1.13511888430454,0.256325510185401,0.940849575134147,"SCAPER"
30.5079112151886,-0.0419776686951458,0.0356425584955289,-1.1777400519778,0.238900254323037,0.940849575134147,"PEAK1"
26.8963522294587,0.0402547553033396,0.0364556070152346,1.1042130031333,0.269500750351178,0.940849575134147,"WHAMM"
26.6544281210945,0.0470318767665644,0.0423113212128152,1.11156719805572,0.266324282596359,0.940849575134147,"AXIN1"
27.8934203596834,-0.0354069009225193,0.0318513707286124,-1.11162879689548,0.266297785725936,0.940849575134147,"KLHDC4"
28.1950613778526,0.0400641163818584,0.0344614547411831,1.16257763007259,0.245000911209444,0.940849575134147,"SMG6"
29.5165542809739,-0.0385726502427031,0.0333981277376073,-1.15493450847753,0.24811724664919,0.940849575134147,"ZZEF1"
24.6989340793488,-0.0404725448454999,0.0368039572419925,-1.09967916165606,0.271471937224285,0.940849575134147,"RABEP1"
39.0448833627421,0.0355997152103706,0.031813799177469,1.11900232385898,0.263139147641236,0.940849575134147,"RNASEK"
38.6520594034691,0.0332382194765368,0.0289510079407317,1.1480850526718,0.250933454093493,0.940849575134147,"POLR2A"
48.4188126932892,-0.0358247743201792,0.0319908700096617,-1.11984370257388,0.262780372233631,0.940849575134147,"IKZF3"
245.326716400997,-0.0215093184694162,0.019158477172054,-1.12270501858004,0.261562795864389,0.940849575134147,"SKAP1"
31.5601113097343,-0.0385827189207539,0.0337956544652979,-1.14164733694894,0.253600639223003,0.940849575134147,"NME2"
29.8422531295487,0.0358261146476377,0.0338542151533835,1.05824679394634,0.289942942782663,0.940849575134147,"MSI2"
54.4036511407778,-0.0440951886506244,0.0391004672711716,-1.12774070818165,0.259429440218218,0.940849575134147,"CD300A"
25.0797783215934,-0.0496013661782481,0.0448878207568629,-1.10500722338285,0.269156459183461,0.940849575134147,"SEC14L1"
104.249040990024,0.0238864662477943,0.0221240867085068,1.07965886061231,0.280294119918957,0.940849575134147,"CYTH1"
25.1761624465035,0.0417217273089886,0.0405502530780288,1.02888944314862,0.303531629705862,0.940849575134147,"RPTOR"
31.8328925890257,-0.036713290859527,0.0312098829218407,-1.17633542398953,0.239460865474415,0.940849575134147,"CSNK1D"
73.0605373349149,-0.0226005898775444,0.0207590395562531,-1.08871076700351,0.27628145223649,0.940849575134147,"ROCK1"
25.9693335897373,-0.0502889142662245,0.0433576216040961,-1.15986330443627,0.246104465126597,0.940849575134147,"CNN2"
32.6523223720312,0.0358057440797467,0.0346708822372707,1.03273241894191,0.301729137780045,0.940849575134147,"ZBTB7A"
24.6866773627459,-0.0444768934392958,0.0410549437929559,-1.08335048912981,0.278652882869151,0.940849575134147,"SSBP4"
28.1112227647844,-0.0348671663378835,0.0307188001883189,-1.13504323489633,0.256357203753428,0.940849575134147,"COPE"
27.4371839320977,0.041302584360732,0.0364631395662573,1.13272156078828,0.257331200407294,0.940849575134147,"TMX4"
33.2412908133651,-0.0564478240567246,0.0511982473655932,-1.10253430461487,0.270229453206911,0.940849575134147,"SLA2"
50.457305123019,-0.0351306578160243,0.0321263731082908,-1.09351459306056,0.274167925300003,0.940849575134147,"PPDPF"
27.2241386816996,0.0398812087128086,0.0375696135786306,1.06152831807386,0.288449870585486,0.940849575134147,"USP16"
22.9195358637658,0.0393433039364649,0.0340463446121371,1.1555808526487,0.24785264363753,0.940849575134147,"SCAF4"
31.065710262547,0.0421932791025791,0.035693027379023,1.18211544945544,0.237159895034658,0.940849575134147,"IFNAR2"
64.2233825661514,0.0491694880233767,0.0431417633974761,1.13971901357776,0.254403383196482,0.940849575134147,"P2RY8"
64.6402198749085,-0.0303418861863229,0.027591036834451,-1.09970083286023,0.271462491766347,0.940849575134147,"CD99"
31.1032632816558,-0.0361293220198885,0.0333934275675434,-1.08192912952141,0.279284020116577,0.940849575134147,"SYAP1"
34.6385835182663,-0.0323829850585598,0.0303592168767061,-1.06666075050857,0.286125056879841,0.940849575134147,"HUWE1"
102.533677909425,-0.0270405265392906,0.0235402574528964,-1.14869289740769,0.250682635607533,0.940849575134147,"MSN"
97.9894569976875,-0.0242121342517133,0.0231501654405221,-1.04587305494294,0.295619646263113,0.940849575134147,"IL2RG"
22.9897400369496,-0.0399938980492765,0.038666022699654,-1.03434217581511,0.300976226485357,0.940849575134147,"SLC25A5"
46.9160402073533,-0.029641365026514,0.0290272768472888,-1.02115555594333,0.307180745244903,0.940849575134147,"SSR4"
664.905086067444,0.0187170595795762,0.0169065356824577,1.10709017690697,0.268254942135428,0.940849575134147,"RPL10"
45.6586604208491,-0.0250941673850161,0.0248026862166078,-1.01175199999963,0.311656645643325,0.947422929639692,"SMARCC1"
220.97435930538,0.0201847588667409,0.0199510124189853,1.01171601936016,0.311673853856765,0.947422929639692,"SYNE2"
57.3035913095712,-0.0276040049481041,0.0272996091877863,-1.01115018747059,0.311944552776372,0.947422929639692,"CD37"
59.591559870978,-0.0253073859092362,0.0252073189258762,-1.00396975908681,0.315393190101657,0.947474119936522,"HP1BP3"
46.2613507921119,-0.0278190743600352,0.0276052036705332,-1.00774747732546,0.313575706221346,0.947474119936522,"ARL6IP5"
38.3057750862436,-0.0271375987992181,0.0269926549041083,-1.0053697532023,0.314718838727954,0.947474119936522,"U2SURP"
25.8471714469503,0.0324199399785747,0.0323205563283779,1.0030749362476,0.315824706645507,0.947474119936522,"ATG5"
35.8135941010238,-0.0306346456676068,0.0304549683924455,-1.00589976889307,0.314463787448072,0.947474119936522,"NDUFA13"
29.93084283405,-0.0303768729870105,0.0301496627747524,-1.00753607806348,0.313677229310668,0.947474119936522,"SNRNP70"
446.728940765176,0.0227080603719993,0.0225274878233118,1.0080156540358,0.313446947258382,0.947474119936522,"RPL28"
41.0914087177019,-0.0271277886792413,0.0270219327397284,-1.00391740814887,0.315418424981078,0.947474119936522,"SH3BGRL"
42.2612361912626,-0.0275736344023105,0.0275176154219386,-1.00203574981018,0.316326326942981,0.947530157957449,"BRWD1"
35.187642575114,-0.0291473545544634,0.0321718459453442,-0.905989497897665,0.364941411176945,0.951235156300852,"ENO1"
31.0562842705402,0.0255442147691731,0.0292720819859436,0.87264769145698,0.382855137225618,0.951235156300852,"PIK3CD"
31.1128041744648,-0.0282327425880828,0.0327233861901017,-0.862769593099833,0.38826416040442,0.951235156300852,"UBR4"
79.0897660778142,-0.018169291251863,0.0203201665473233,-0.894150705386635,0.371241262823518,0.951235156300852,"CDC42"
109.893532187692,-0.0202731869578598,0.0211707446422901,-0.957603867998232,0.338262547970282,0.951235156300852,"RUNX3"
29.0725913343805,-0.0278794855887137,0.0315561215710303,-0.883488977755367,0.376972135219017,0.951235156300852,"SYF2"
173.812491468365,-0.0311299773078808,0.0336633138924825,-0.92474488421749,0.355098626115975,0.951235156300852,"SH3BGRL3"
23.0421323363143,-0.0314895986863095,0.0333862852844704,-0.943189648623677,0.34558390711768,0.951235156300852,"GPBP1L1"
37.8734811697226,-0.0305007862635016,0.0318664349278202,-0.957144604741264,0.338494272552915,0.951235156300852,"HIPK1"
45.7690118098857,0.0415319157031767,0.0458069084411623,0.906673624493199,0.364579415171837,0.951235156300852,"CD2"
29.8450305963317,-0.0427933851623299,0.0474773351580947,-0.901343451982556,0.367405737443963,0.951235156300852,"FCRL6"
27.2275881683448,-0.0305976545074333,0.0311542697628312,-0.982133580416575,0.326034043942047,0.951235156300852,"UFC1"
31.5360411040539,-0.0279105308925381,0.0323152262537116,-0.863695976423264,0.387754924526759,0.951235156300852,"RCSD1"
177.559211694258,-0.0218959824707223,0.0225448910843011,-0.971217043757171,0.331440208298914,0.951235156300852,"H3-3A"
29.9813235818734,-0.0291451927999938,0.0342190848231135,-0.851723327805291,0.394367669948616,0.951235156300852,"ADSS2"
101.196321195686,-0.0195135378816494,0.0204070297447335,-0.956216466861637,0.338962882203074,0.951235156300852,"BIRC6"
36.2581342560838,0.0271915775053531,0.0309858744036534,0.877547528629597,0.38018931516919,0.951235156300852,"ARHGAP25"
64.7951148971864,0.0190067031068714,0.0217573203067856,0.873577390913517,0.382348443234827,0.951235156300852,"AAK1"
22.9707769003643,0.0310684221895,0.0347123210180523,0.895025779847526,0.370773307157843,0.951235156300852,"AUP1"
31.9597473681242,0.0401569489276622,0.0451930867970076,0.888563976787731,0.374237458324188,0.951235156300852,"DBI"
30.7399409942319,-0.0282575067118242,0.0316031998273968,-0.894134355576481,0.371250009549885,0.951235156300852,"GYPC"
246.181503961467,0.0169688729371557,0.0193416432833039,0.877323228880125,0.380311098750955,0.951235156300852,"ARHGAP15"
30.4021322626054,-0.0436019794125293,0.0459927805606097,-0.948017903702739,0.343120339799349,0.951235156300852,"LINC01934"
30.6843689159912,-0.0336988089604827,0.036075952091911,-0.934107265544317,0.35024856450051,0.951235156300852,"STAT1"
81.924814369867,0.0212288644394903,0.0243200706904204,0.872894849267533,0.382720394012332,0.951235156300852,"STK17B"
53.4765033869684,-0.0237393253354284,0.025931255992072,-0.915471481315299,0.359944167420802,0.951235156300852,"CASP8"
35.4386590644917,-0.0269565351395416,0.0287462897826824,-0.937739629821062,0.348378232451593,0.951235156300852,"NOP58"
147.469055258957,-0.0185599065457584,0.02009285188913,-0.92370693061243,0.355638922713308,0.951235156300852,"DOCK10"
26.4736048015514,-0.0274273365382514,0.0320462970653802,-0.855866014169895,0.392071895490313,0.951235156300852,"SP140L"
96.313879767902,-0.0170629332959148,0.0196825251903248,-0.866907733175535,0.385992566056888,0.951235156300852,"INPP5D"
46.700127259404,-0.0252409847528777,0.0280799689543221,-0.898896462241017,0.368707812545249,0.951235156300852,"DGKD"
48.2485296328192,-0.0224943633852013,0.0264262471574673,-0.851212934290786,0.394651079117683,0.951235156300852,"KAT2B"
43.3680366398897,0.0242873429294508,0.027546098565552,0.88169810587346,0.377940085577017,0.951235156300852,"RASSF1"
23.9376559609952,-0.0350394964266522,0.0373926521587001,-0.937069033721899,0.348723048893001,0.951235156300852,"DCP1A"
32.7333538888537,0.0271727208331916,0.0294367382197873,0.923088714187979,0.355960975502382,0.951235156300852,"PARP15"
133.574732186535,-0.0222899293861582,0.0232233573833684,-0.959806500765531,0.337152609953524,0.951235156300852,"RASA2"
22.6270065631532,0.0307510225444728,0.0360053425878059,0.854068322485213,0.393067134486193,0.951235156300852,"SELENOT"
55.8146127714084,-0.0392639241397533,0.0410625566579469,-0.956197746448759,0.338972338275862,0.951235156300852,"ST6GAL1"
25.1502212010518,0.027240440749977,0.0319552375280416,0.852456212415029,0.393960932283308,0.951235156300852,"OPA1"
28.926674183936,-0.0313933745066103,0.0329986797225086,-0.951352441085594,0.341425494288674,0.951235156300852,"WDR1"
112.340732520115,-0.0184708302021708,0.0187578174183312,-0.984700393987204,0.324771259159795,0.951235156300852,"ARAP2"
22.4593293826179,0.0318010769559637,0.0350257486994101,0.907934252280502,0.363912959560939,0.951235156300852,"REST"
397.500943666942,0.0187178426516964,0.0188792894323155,0.991448471554085,0.321466641704191,0.951235156300852,"RPS3A"
42.9443944023043,-0.0273363206498859,0.0290927143327551,-0.939627713564985,0.347408555657934,0.951235156300852,"GPBP1"
27.2558250495573,0.0283920960075168,0.0315921506640681,0.898707286801118,0.368808594677467,0.951235156300852,"SREK1"
95.5058687905618,0.0205498483399155,0.0215393583395459,0.954060377099828,0.340053081165006,0.951235156300852,"FAM172A"
36.353575875023,-0.0662254539297147,0.0759641286264795,-0.87179903366429,0.383318021871045,0.951235156300852,"ELL2"
28.4680632207955,-0.0347939356315447,0.0406819554506343,-0.855267040291748,0.392403329787069,0.951235156300852,"JAKMIP2"
25.1202357507954,-0.0291837588364319,0.0339669295767322,-0.859181539223469,0.390240366721989,0.951235156300852,"EXOC2"
51.4504273217639,0.0284453834017754,0.0311264886884022,0.913864190931828,0.360788211781323,0.951235156300852,"JARID2"
41.7804683102732,-0.0328592745446087,0.035659270294072,-0.921479163023456,0.356800315141567,0.951235156300852,"PSMB9"
38.846228536543,-0.0313262283550732,0.031965251500995,-0.980008818453942,0.327081765717944,0.951235156300852,"BRD2"
47.9494658750657,0.0241327105098956,0.0244063966736241,0.98878629371683,0.322767711634744,0.951235156300852,"TAPBP"
46.7969372366338,0.0246910519170436,0.0287493955192526,0.858837254526232,0.390430310666063,0.951235156300852,"PHIP"
50.3832159576015,-0.0278368348498564,0.0301179135125124,-0.924261730092677,0.355350062790131,0.951235156300852,"SCML4"
40.0016030111844,0.0278278692870851,0.0315004597641354,0.883411527814216,0.377013964570419,0.951235156300852,"CEP85L"
114.56918698198,-0.0248385851515689,0.0278562115909234,-0.891671326895804,0.372569126608567,0.951235156300852,"TNFAIP3"
28.497957777108,-0.0288994960067691,0.0297078831702187,-0.972788799564827,0.330658280487046,0.951235156300852,"CHST12"
22.6169240246882,-0.0327637859692064,0.0368044389733657,-0.890212889616837,0.373351584801586,0.951235156300852,"CYCS"
25.4356810081489,0.0299277322932495,0.0341297842429841,0.876880207626907,0.3805517076231,0.951235156300852,"CBX3"
26.3489837175471,0.0403751467891245,0.0454741588184936,0.887870118725639,0.37461061982324,0.951235156300852,"SKAP2"
129.098986076959,-0.0159673974992,0.0181927622728611,-0.877678565778835,0.380118179621324,0.951235156300852,"SEPTIN7"
77.6808572690426,0.0294708950230527,0.0307652219444541,0.957928893744429,0.338098615459241,0.951235156300852,"AUTS2"
27.4915070736342,-0.0354923423954706,0.0388657766916203,-0.913202962006495,0.361135806416156,0.951235156300852,"RSBN1L"
26.1029509882596,0.0357674563556513,0.0368522155980341,0.970564612607967,0.331765135045362,0.951235156300852,"CDK6"
27.3821963387813,-0.0373670506859786,0.0380573323936782,-0.98186205747268,0.326167810400592,0.951235156300852,"ATXN7L1"
35.150041788975,0.0256670891006935,0.026905640546983,0.953966847801793,0.340100423853618,0.951235156300852,"SND1"
24.1443424725897,0.0342807420216612,0.0387900997938816,0.883749776458896,0.376831303470653,0.951235156300852,"NRF1"
29.663657068749,-0.0297777530143074,0.0298572472632441,-0.997337522503806,0.318600706357212,0.951235156300852,"UBE2H"
39.309150925439,0.023183788750923,0.026771035643343,0.866002685132875,0.386488689291238,0.951235156300852,"MTPN"
61.0306333079113,-0.0232823299894062,0.0237951187640491,-0.978449833357518,0.327851891547223,0.951235156300852,"ZC3HAV1"
54.1708024902456,0.0245943814486776,0.0256584418764333,0.958529811245749,0.337795666434485,0.951235156300852,"BRAF"
32.8678637531765,-0.0324740102028047,0.0369901380422131,-0.877909949017907,0.379992589619555,0.951235156300852,"ZNF767P"
43.2248721647396,-0.0231719627306488,0.0270739206824164,-0.855877617522098,0.392065476605457,0.951235156300852,"PTK2B"
64.1451985088854,0.0215633984639807,0.0249063139738967,0.86578039956376,0.386610599827681,0.951235156300852,"NCOA2"
90.9264226492308,-0.0201548060444469,0.0232884361089968,-0.865442657897524,0.386795876139649,0.951235156300852,"DOCK8"
213.207662864363,-0.0805470659739524,0.0878553852046751,-0.916814214476476,0.359240002730022,0.951235156300852,"LINGO2"
24.276640607119,0.0362716261176757,0.0366652054293244,0.989265590986329,0.322533214469542,0.951235156300852,"SECISBP2"
23.1962099894371,-0.0413003839760071,0.0424339038583396,-0.973287400421213,0.330410482718658,0.951235156300852,"AUH"
23.5815824469492,-0.0278279347101185,0.0320529245498305,-0.86818707188033,0.38529193042456,0.951235156300852,"ERP44"
30.2065259455715,-0.027899676790337,0.029867352053071,-0.934119527595296,0.35024223998182,0.951235156300852,"MAPKAP1"
23.2308758324541,-0.0298630109938145,0.033377936373269,-0.894693148787071,0.370951142106469,0.951235156300852,"RSU1"
41.4758035231816,0.0388372268857901,0.0451881441299744,0.859456116942594,0.390088920805697,0.951235156300852,"MAPK8"
27.3789673611039,-0.0353185471046826,0.0356195824548474,-0.991548599691016,0.321417773610179,0.951235156300852,"HERC4"
32.1131601611967,0.0300351900425315,0.0308960413551306,0.972137164670899,0.33098231529664,0.951235156300852,"SHOC2"
35.2596211620129,0.0282578750957895,0.0310558569677666,0.909904857081188,0.362872688055672,0.951235156300852,"SIGIRR"
33.7864031110416,0.0293416298823844,0.0335959494568323,0.873368080282586,0.382462483405193,0.951235156300852,"PSMA1"
23.1270662550491,-0.0349370598486388,0.0363393742041198,-0.961410608019715,0.336345752597285,0.951235156300852,"AMBRA1"
25.5285120796574,-0.034244149566939,0.0394447840660497,-0.868154063401583,0.385309997893775,0.951235156300852,"MADD"
60.1578572429859,-0.0298632601497872,0.0302818219229087,-0.986177787644774,0.324045877229907,0.951235156300852,"PLAAT4"
24.4074625447437,0.0378155541589872,0.0432523936929137,0.874299684486197,0.38195507111841,0.951235156300852,"PRDX5"
47.8140394527936,-0.0232781373427022,0.0243497872418381,-0.955989352658711,0.339077613775562,0.951235156300852,"PPP6R3"
23.7055892923806,-0.0294023695715633,0.0333989856273848,-0.880337202440529,0.378676664672394,0.951235156300852,"TMEM135"
42.6152534775568,0.0324573068995881,0.0355310721245401,0.913490783104485,0.360984478896606,0.951235156300852,"CTSC"
27.0963050490687,0.031506115365422,0.0332753613303239,0.946830150172116,0.34372533559612,0.951235156300852,"CWF19L2"
77.7301384467166,0.0265379180003245,0.0293790438957838,0.903294133548471,0.366369809231451,0.951235156300852,"DDX6"
24.2715698980276,0.0321098926866306,0.0376356612363553,0.853177322565894,0.39356097717054,0.951235156300852,"ZBTB44"
54.6047578497054,-0.0206560130847337,0.0227236114587369,-0.909011013598888,0.363344312244174,0.951235156300852,"ATF7IP"
31.0420838933167,-0.0288619423238807,0.0337606724533671,-0.854898324781509,0.392607438104468,0.951235156300852,"IRAG2"
52.7112419470688,-0.0249351904288454,0.0281256816538748,-0.886563061322646,0.375314188593135,0.951235156300852,"ATP5MC2"
27.2751720421886,-0.0263179468025999,0.0289625205978744,-0.90868979147248,0.363513894312051,0.951235156300852,"SMARCC2"
29.1899100368331,-0.0275271570432571,0.0304546197840663,-0.903874592374953,0.366061903039429,0.951235156300852,"ATP5F1B"
26.8537587873617,-0.0298071045209937,0.0345988460161202,-0.861505742333315,0.388959559872384,0.951235156300852,"TMBIM4"
44.7821564529044,0.0218775383270306,0.0255579254807084,0.855998204687787,0.391998772490035,0.951235156300852,"ZFC3H1"
39.106063045558,0.0249178374159918,0.0277491741264224,0.897966811641625,0.369203243378024,0.951235156300852,"SLC25A3"
61.7230580640503,-0.0224993333158104,0.0252955119592351,-0.889459495900661,0.373756182150384,0.951235156300852,"ARPC3"
48.0970582026544,0.0229872275748444,0.0256729965090997,0.895385451663059,0.37058107494345,0.951235156300852,"MPHOSPH8"
364.686323152206,0.0216806733156638,0.0219372632261169,0.988303467583521,0.323004047694231,0.951235156300852,"RPL21"
33.0991335405725,0.0316074669474859,0.0318627498857151,0.991988044373294,0.321203357559635,0.951235156300852,"VWA8"
30.8662588001491,0.0279119473080562,0.0316319462101314,0.882397406806297,0.377561937563447,0.951235156300852,"RB1"
25.8030470381575,-0.0299248904407844,0.0304940647589896,-0.981334914754602,0.32642761041953,0.951235156300852,"CHD8"
38.783477741812,0.0226001385498716,0.0265470565741131,0.85132370463661,0.394589560560453,0.951235156300852,"ACIN1"
42.6149826154179,-0.0222392807212603,0.0257784711860991,-0.862707511268266,0.388298301544851,0.951235156300852,"KTN1"
30.2331350605893,-0.030781848629878,0.0313202671436286,-0.982809261770293,0.325701322644669,0.951235156300852,"DHRS7"
36.8420882577639,0.0267248588921277,0.0271231940321091,0.985313855753496,0.324469928840166,0.951235156300852,"PPP2R5E"
58.9391572742857,0.0325119745957403,0.0326174377288991,0.996766664075965,0.318877782804359,0.951235156300852,"RAD51B"
25.9682994015359,0.0267664087802934,0.030778612008158,0.86964313963212,0.384495454696449,0.951235156300852,"SUSD6"
25.0406852131834,0.0358182910759671,0.0369499510774036,0.969373166447072,0.332359035624438,0.951235156300852,"LINC02328"
106.659869512992,-0.0181253929921731,0.0202807434172135,-0.893724289060777,0.371469426370046,0.951235156300852,"EVL"
46.3242003810287,-0.0265330186861109,0.0299827093787287,-0.884943997253791,0.376186836789744,0.951235156300852,"ATP10A"
30.5457798084389,-0.0339112169847453,0.0357975452740096,-0.947305652529368,0.343483051332251,0.951235156300852,"SPG11"
56.8258124557566,0.0241307369248736,0.0256902837259488,0.93929429438337,0.347579667203967,0.951235156300852,"DENND4A"
29.0285623440631,-0.0275551260948885,0.0304737562270292,-0.904224798859815,0.365876213031813,0.951235156300852,"HEXA"
97.0818049204707,-0.0233679416165731,0.0262017585609438,-0.891846307270581,0.372475317160493,0.951235156300852,"LITAF"
23.946557886347,-0.0314475309731752,0.0365889415043887,-0.859481845611828,0.390074731747941,0.951235156300852,"UQCRC2"
36.7034424892223,0.025174587689493,0.0278468235996485,0.904038035052975,0.365975233501276,0.951235156300852,"CYLD"
83.9877372550639,0.020816003601034,0.0218677976191732,0.951902151444046,0.341146608340822,0.951235156300852,"COX4I1"
35.4985167680381,0.0276231066076814,0.0300401282752423,0.919540234801431,0.357813070737009,0.951235156300852,"MAP1LC3B"
380.375055202693,-0.0305941311268259,0.0312961705674867,-0.97756788041697,0.328288089727967,0.951235156300852,"PFN1"
31.5816695419037,-0.0289731621870013,0.0307972395007753,-0.940771402134013,0.346822019133298,0.951235156300852,"EIF5A"
44.4049456617228,-0.026208792884026,0.0288636793644245,-0.908019818025322,0.363867751178365,0.951235156300852,"STX8"
27.2460460719951,-0.0324478120819668,0.0349021398814704,-0.9296797328806,0.352536931038962,0.951235156300852,"MAP2K4"
73.6369256831643,-0.0205138560121699,0.0240575021355424,-0.852700995165366,0.393825138886072,0.951235156300852,"NCOR1"
37.7917094041918,-0.0243147781505656,0.0275190419061048,-0.883561943527244,0.37693273030695,0.951235156300852,"GGNBP2"
24.7260017286513,-0.034899274957391,0.0369494680580017,-0.944513596315044,0.344907257272005,0.951235156300852,"FBXL20"
22.740456728856,-0.0324693972895585,0.0350979117580566,-0.925109092340951,0.354909163988085,0.951235156300852,"KRT10"
36.5042037410039,0.0297961817899719,0.0337446242699615,0.882990474322619,0.377241418230485,0.951235156300852,"SPAG9"
24.1574768229154,-0.0399694249729231,0.041221435220245,-0.969627203889617,0.332232347923485,0.951235156300852,"ERN1"
40.384424876391,0.0293163355536527,0.034163156771374,0.858127243622212,0.390822205327767,0.951235156300852,"SRSF2"
46.4113836141232,-0.027808284586163,0.0288336288151076,-0.964439292899294,0.33482573048609,0.951235156300852,"SEPTIN9"
101.562635614703,-0.023768943459799,0.0276717988255827,-0.858959101633265,0.39036308045978,0.951235156300852,"MYL12A"
29.3079184398129,0.0365743434865558,0.0405890510308484,0.901088903476916,0.367541052357809,0.951235156300852,"L3MBTL4"
44.9150028101261,0.0310744888770673,0.032339439450372,0.960885204109801,0.336609891025975,0.951235156300852,"RIOK3"
23.0445171923155,-0.0315134617108275,0.0346610466828759,-0.909189557925165,0.363250075150556,0.951235156300852,"ATP5F1A"
334.034245097702,0.0171099914901031,0.0188368077453885,0.90832755323374,0.363705189315267,0.951235156300852,"RPL17"
24.4922502447016,-0.0312310141677714,0.036413441394815,-0.85767818067914,0.391070191546826,0.951235156300852,"MALT1"
87.3221414219422,-0.0195184350737957,0.0217157597164281,-0.898814286429495,0.368751589133092,0.951235156300852,"ABHD17A"
118.085209649368,-0.0181991505171318,0.0203910416080254,-0.892507154218597,0.372121159829893,0.951235156300852,"TLE5"
103.885520285745,0.0270116286108695,0.0281470035270533,0.95966267190422,0.3372250158355,0.951235156300852,"JUNB"
121.121822677602,0.025296711616461,0.0288914427158274,0.875577999523122,0.381259489918407,0.951235156300852,"JUND"
34.3094533390825,-0.026600374100289,0.0268254025588516,-0.991611366947097,0.321387142175671,0.951235156300852,"GATAD2A"
64.5874882742776,-0.0245164868874481,0.0261911149502681,-0.936061215186914,0.34924167070603,0.951235156300852,"ARHGEF1"
38.8499762590319,0.0258782025910816,0.0262384228618518,0.986271268183045,0.324000014972256,0.951235156300852,"NCR1"
120.053278867948,0.0160020911846087,0.0178902577541457,0.894458392076574,0.371076682233626,0.951235156300852,"SON"
26.2512532455852,-0.0297686578884868,0.0316533753673294,-0.940457614489107,0.346982881202903,0.951235156300852,"UBE2L3"
23.2193283990622,-0.0313484843419775,0.0341822508391162,-0.917098306063102,0.359091128637887,0.951235156300852,"EIF3D"
28.3395618284575,0.0400401478966982,0.044484459533428,0.900092938447635,0.368070793661897,0.951235156300852,"APOBEC3G"
53.3309252315719,0.0282355206139157,0.0291211240712059,0.969588967269095,0.332251414415247,0.951235156300852,"KDM6A"
23.0749358666031,-0.0331268764827926,0.0335322985761403,-0.987909504848672,0.323196970040379,0.951235156300852,"NDUFB11"
137.434065103914,0.0148690146427124,0.0175391274223072,0.847762507489465,0.396570247099305,0.953518167657889,"RPL22"
31.872278504583,-0.0255285339527237,0.0301101104365848,-0.847839266697132,0.396527491557319,0.953518167657889,"AEBP2"
438.102907371933,-0.0329896633492729,0.0390362159694245,-0.845104027888162,0.398052759633248,0.955911278335903,"CCL5"
27.4200386816041,-0.0370210353059646,0.0438867229305843,-0.843558890567445,0.398915944496681,0.956813060027493,"RHOC"
38.5222461829585,0.0233147321947961,0.0276975455004892,0.841761671422631,0.399921370146987,0.958053392220255,"FBXO11"
63.3134877693959,-0.0194173051192953,0.0231178002618736,-0.83992875184231,0.400948335676386,0.95817373276135,"RHOA"
39.1424603121435,-0.0227701996514768,0.0270964597978706,-0.840338546855712,0.400718594480917,0.95817373276135,"GRB2"
36.9383258777372,0.0437170733462876,0.0521372557704206,0.838499700459684,0.401750115870271,0.958921809412982,"ZNF331"
38.848993720734,-0.0235990828954489,0.0281743653564172,-0.837608322207473,0.402250717301199,0.958950069677948,"COX6B1"
41.9471930504537,-0.0246551879089239,0.0294978629460692,-0.83582963125162,0.403250754262385,0.959140573752663,"ARID2"
31.454813960606,-0.0253979642599142,0.0304218673747833,-0.834858818724804,0.40379720383267,0.959140573752663,"CHD3"
695.632315344146,-0.0135529761953517,0.0162256311494843,-0.835281911100418,0.403558999719333,0.959140573752663,"MT-ND4L"
25.5425405775057,0.0275777311055136,0.033135075036288,0.832282138347709,0.405249710189929,0.961290052570097,"LYAR"
27.5381461473256,-0.0261153132386529,0.0314068577628796,-0.831516270612692,0.40568204053417,0.961290052570097,"MIA2"
28.8972450065834,-0.0302163649222927,0.0364446805524112,-0.829102202688772,0.407046577453011,0.962723759215969,"CUTA"
49.8291815552446,-0.0258844511537147,0.0312346267904316,-0.828710114815397,0.407268460830405,0.962723759215969,"BRD7"
40.9189116404766,-0.022314736429292,0.0294220839665307,-0.758434938010384,0.448190648766112,0.96567663712425,"RERE"
23.6109310891005,0.0262838504753093,0.0341544660667973,0.769558230654372,0.441561990193766,0.96567663712425,"PTBP2"
28.3624228909989,-0.0248357710705565,0.0322481104518478,-0.770146551924049,0.441212964526392,0.96567663712425,"GATAD2B"
43.3554429995701,-0.0229760741550509,0.0278725252589479,-0.824326965052257,0.409753800989735,0.96567663712425,"ATP2B4"
41.0399920690794,-0.0215752528806061,0.0278335690063949,-0.775152222686536,0.438249716090885,0.96567663712425,"NUCKS1"
26.0300724532326,-0.0246344504665559,0.0311229914191147,-0.791519366979173,0.428640979180681,0.96567663712425,"FOXN2"
25.9170923679868,-0.0309796820258407,0.0383030010447351,-0.808805607415949,0.418626970307739,0.96567663712425,"WDPCP"
40.7918366013662,-0.0252989564808368,0.031078116170291,-0.814044079834582,0.415619699223434,0.96567663712425,"ZNF638"
26.3480328559594,0.0398013086290025,0.052663940868943,0.755760164778593,0.449793004327664,0.96567663712425,"CCDC93"
25.2708039332542,-0.0288593168387901,0.0383010497584026,-0.753486314887724,0.451157731888591,0.96567663712425,"GTDC1"
95.7577228696306,-0.0169111780435381,0.0220482897716443,-0.767006340114739,0.443077745965386,0.96567663712425,"STK39"
40.5254180849025,0.0211846527983014,0.0274074525680343,0.772952274412011,0.439550626030662,0.96567663712425,"SP3"
62.842939283676,0.021662819006107,0.0274037048225458,0.790506945917925,0.429231767368117,0.96567663712425,"BZW1"
99.9540209078226,-0.022435203760608,0.0275634424226984,-0.813947815971372,0.415674846476816,0.96567663712425,"LRRFIP1"
25.2640264815814,0.0267979326973462,0.0326378671318041,0.821068747817559,0.411607110208755,0.96567663712425,"HDAC4"
32.8451278770892,-0.0245985270109703,0.030617348236752,-0.803417945302105,0.421733206207515,0.96567663712425,"SEPTIN2"
234.558959187284,0.0172707914042685,0.0228354377731166,0.756315319017043,0.449460165593622,0.96567663712425,"RPL15"
24.9531096519582,0.0281633029009046,0.0355036067869146,0.793251881983006,0.427631085332884,0.96567663712425,"WDR48"
266.752246560779,-0.0124890555381363,0.0164317102256711,-0.760058165985959,0.44721981722738,0.96567663712425,"RPL14"
24.5823050801178,0.0275013831945024,0.0352977189325668,0.779126357911155,0.435905284877986,0.96567663712425,"RBM5"
34.9380544443627,0.0212404723107836,0.0271807688876769,0.781452224495882,0.434536565469437,0.96567663712425,"SUCLG2"
29.4872812096252,0.0229310176717807,0.0303346532222656,0.755934722700223,0.449688334323528,0.96567663712425,"TMF1"
27.4449969672126,0.0308590487782139,0.0408669772696666,0.75510964695495,0.450183195337788,0.96567663712425,"CLDND1"
304.749106901516,-0.0160693964889757,0.0213584531456588,-0.752367054832425,0.451830353149879,0.96567663712425,"MBNL1"
29.0202263280932,0.0238117748567636,0.0291928761307535,0.815670739330783,0.414688478702863,0.96567663712425,"SEC62"
37.1256318563386,-0.0229530670011551,0.0298172269732115,-0.769792141360986,0.44142320211628,0.96567663712425,"PAK2"
26.5805876020522,0.0312684068953315,0.0405353857833098,0.771385452268375,0.440478495406445,0.96567663712425,"RHOH"
44.7581812922197,-0.0239752775140331,0.0296564906183371,-0.808432724646416,0.418841519757531,0.96567663712425,"TET2"
28.0863016048523,-0.0294885106995722,0.0360418674474679,-0.818173773668986,0.413257968300795,0.96567663712425,"HMGB2"
63.8641359598168,-0.0167107357279483,0.0219802855847029,-0.760260173306306,0.447099083007337,0.96567663712425,"LNPEP"
61.5099465182403,0.0218565476388699,0.0284689796250041,0.767732034191821,0.44264640044161,0.96567663712425,"PAM"
50.0113543497789,0.0243017952597851,0.0315646465125021,0.769905509639072,0.441355945415219,0.96567663712425,"LCP2"
23.4001132328087,-0.0306884762624644,0.040394732701644,-0.759714799677717,0.447425080362758,0.96567663712425,"FARS2"
38.614895261671,0.0270112734003042,0.0343518248432415,0.786312620175652,0.431684360718465,0.96567663712425,"BTN3A1"
24.7453151658114,-0.0283526167187936,0.036582116246429,-0.775040364745472,0.438315808321345,0.96567663712425,"ZNF451"
30.6683192572957,-0.0273667017294271,0.0349124334487235,-0.78386692149721,0.433118201088147,0.96567663712425,"LMBRD1"
1084.65566458817,0.0152246391144812,0.0188324987511517,0.808423742152123,0.418846688906926,0.96567663712425,"EEF1A1"
53.9100672585285,0.0292456859673544,0.0381821527683385,0.765951729982223,0.443705024080855,0.96567663712425,"PHACTR2"
122.70163572178,-0.0312361457650162,0.0382960636438724,-0.815648993470746,0.414700919504616,0.96567663712425,"SYTL3"
65.1189758944179,0.0211220240395563,0.0268384692032195,0.787005543409402,0.431278621106711,0.96567663712425,"TOMM7"
34.4753355319943,-0.0229164953841467,0.0289650244056849,-0.791178183148673,0.42884002073688,0.96567663712425,"CNOT4"
40.6084538374282,-0.0204211329891546,0.0270144138917499,-0.755934704746311,0.449688345088505,0.96567663712425,"TACC1"
36.6286741732329,0.0288571845609481,0.037778122942854,0.76385967096882,0.44495087275201,0.96567663712425,"CPQ"
23.1145438737758,-0.0356547618891043,0.0450690473652277,-0.791114167560886,0.428877372462983,0.96567663712425,"DENND3"
74.6910773668824,0.017693317640113,0.0220754418520196,0.801493250224314,0.422846150092536,0.96567663712425,"CEP78"
43.1979753092275,0.0208042534107615,0.0260848337077823,0.797561281924318,0.42512512702985,0.96567663712425,"PAXX"
55.0656547702358,0.0278078262908581,0.0345800214590991,0.804158734364839,0.421305307411064,0.96567663712425,"CAMK1D"
76.2900886109006,0.0198304091307218,0.0255951824682479,0.77477115685041,0.438474895620414,0.96567663712425,"JMJD1C"
33.1141518526267,0.024613689098789,0.0310273585993988,0.793289864489657,0.427608960624496,0.96567663712425,"DDX21"
27.2472662923097,-0.0298149642117264,0.0379108497535588,-0.786449378094658,0.431604264915327,0.96567663712425,"GBF1"
64.4707108170904,0.0178383347982816,0.0235945976163642,0.756034711348911,0.449628384444271,0.96567663712425,"EIF4G2"
31.056579374985,-0.0251634104992673,0.0322556304607426,-0.780124590337584,0.435317543608883,0.96567663712425,"RASGRP2"
75.4213436604403,-0.0202127111444203,0.0263303926017087,-0.767657036116833,0.442690967440235,0.96567663712425,"HSPA8"
40.3090874750558,0.0215364740493952,0.0284188671089736,0.757823102758194,0.448556889875546,0.96567663712425,"WNK1"
94.1336780757117,-0.0264632486129366,0.0326254304694528,-0.811123354761991,0.417294835089047,0.96567663712425,"KLRB1"
89.9560997575352,0.0171379684232797,0.0211103094653456,0.811829331607533,0.416889568881906,0.96567663712425,"PPP1R12A"
42.8469385174602,0.0214508313160493,0.0275518633464148,0.778561908729872,0.436237824795435,0.96567663712425,"ATP2B1"
27.075329639751,-0.0323718914154183,0.0402356908220844,-0.804556620105306,0.421075583571864,0.96567663712425,"PCCA"
124.993178372914,0.0281345137646531,0.0350610459827909,0.802443651523186,0.422296371163018,0.96567663712425,"NFKBIA"
290.943731477965,-0.0147330322086287,0.0195785102757178,-0.752510380062025,0.451744189963353,0.96567663712425,"RPS29"
35.5798569296127,-0.0307852805459259,0.0379514583064658,-0.811175167429099,0.417265084118837,0.96567663712425,"PTGDR"
25.7697182238087,-0.0262214554876038,0.0348298880186453,-0.752843519725553,0.45154395146218,0.96567663712425,"TMED10"
47.0539764704665,-0.0246686437695141,0.0301324282900005,-0.818674271190433,0.412972279716849,0.96567663712425,"KLF13"
71.2702179085991,0.017314465063322,0.021945925646859,0.788960344709823,0.430135184175729,0.96567663712425,"ARIH1"
25.192391725587,-0.0288843546147214,0.0365258198158734,-0.790792780568032,0.429064923485576,0.96567663712425,"SEC11A"
103.309787181052,-0.020251915843707,0.0253167763922849,-0.799940542583399,0.423745246608753,0.96567663712425,"IQGAP1"
48.3196795487755,0.0264807821289906,0.0349348243202404,0.758005303998288,0.44844780748558,0.96567663712425,"SLCO3A1"
182.32857649893,0.0161708612703343,0.0199660887078642,0.809916328978595,0.417988266271024,0.96567663712425,"CYBA"
27.8272742224849,-0.0262227879092486,0.0324569013095775,-0.80792641475946,0.419132944104463,0.96567663712425,"APRT"
37.0470801989466,-0.0230484919240771,0.0283578621707484,-0.812772549118742,0.416348476978847,0.96567663712425,"TAF15"
23.4104469717491,-0.0253898364117336,0.03317261190991,-0.765385507800447,0.444042020051364,0.96567663712425,"AATF"
35.5032290356874,-0.0276218978830526,0.033506439804224,-0.824375792965341,0.409726064934827,0.96567663712425,"TSPOAP1-AS1"
211.314305661432,0.0187465681333994,0.0242801009010255,0.772095973151729,0.4400575870562,0.96567663712425,"H3-3B"
25.8716878486098,0.0264652702413748,0.0336500858360836,0.786484479424287,0.431583708305337,0.96567663712425,"P4HB"
46.2185340025969,-0.0217400086512378,0.0280078700285497,-0.776210708957062,0.437624584057805,0.96567663712425,"ATP9B"
27.6088228131562,-0.0227122992417059,0.0300232500308265,-0.756490360583414,0.44935524965063,0.96567663712425,"BSG"
56.1575134647934,-0.0250653268387503,0.0333054754606734,-0.752588770826799,0.451697067522459,0.96567663712425,"MATK"
42.3659615325564,-0.020057147001794,0.0258493454657127,-0.775924753235952,0.43779341621385,0.96567663712425,"TRIR"
194.043281830407,-0.0166584216010356,0.0215568787326506,-0.77276593738983,0.439660915674314,0.96567663712425,"UBA52"
30.3227194630688,-0.0249849140879778,0.0331772489161755,-0.753073714794854,0.451405618661146,0.96567663712425,"SNRPB"
170.316599337074,-0.0173795370201278,0.0219587375310699,-0.791463397908787,0.428673627016415,0.96567663712425,"CST7"
69.2548617866878,-0.0196937398968389,0.0255460421005998,-0.7709115885461,0.440759337733427,0.96567663712425,"ITCH"
32.4273443287407,-0.0237576656428249,0.0303010402790578,-0.784054455689587,0.433008157927947,0.96567663712425,"TRPC4AP"
28.1774667272415,-0.0264565451720544,0.0344936021293185,-0.766998618261651,0.443082337051482,0.96567663712425,"RAB5IF"
63.8860307325749,0.0432177532200936,0.056822724212479,0.760571651906165,0.446912957149271,0.96567663712425,"PPP1R16B"
25.8257946848279,0.0269106947937019,0.0333993899829611,0.805724140693305,0.420401926803838,0.96567663712425,"EIF1AX"
41.6196622134719,0.0267524088136052,0.0353709165229594,0.756339146491727,0.44944588312922,0.96567663712425,"LINC01278"
334.984148646385,-0.018169058032892,0.0225175481794795,-0.806884385816466,0.419733095464249,0.96567663712425,"MT-ND3"
37.9613950355995,-0.0233755365885092,0.0311404840880214,-0.750647823021509,0.452864632028106,0.966833958693301,"PSMA7"
24.8891343830913,-0.0284775488538725,0.0380469266970306,-0.748484866613289,0.454167749830547,0.968562092573405,"ST3GAL1"
23.2946893138692,-0.0249378186395888,0.0334177924429511,-0.746243746715504,0.455520186014468,0.969339050933173,"KRTCAP2"
33.8720772803754,-0.0208287190413123,0.0278936646900916,-0.746718628503163,0.455233422619938,0.969339050933173,"CAB39"
25.5012367020628,-0.0245481406077753,0.0329428992948881,-0.745172438771488,0.456167482156137,0.969664788721929,"SKIC3"
61.6878635754522,0.0176557305560314,0.0239575054808399,0.736960305410413,0.461146488966357,0.971251556603345,"SF3B1"
493.919402322588,-0.012481330322257,0.0168927672967641,-0.738856464603515,0.459994160614054,0.971251556603345,"HLA-C"
28.7986492406144,-0.0222473327402312,0.0300758170689954,-0.73970834073085,0.459476986019791,0.971251556603345,"NUB1"
24.000229818923,-0.0272989525651054,0.0368587724934142,-0.740636508445393,0.45891386561654,0.971251556603345,"ERICH1"
48.5920671086428,0.021688311223224,0.0294440480116536,0.736594072073242,0.46136924095531,0.971251556603345,"B4GALT1"
23.464250734941,0.026656436323432,0.0361805975734784,0.73676053219674,0.461267988424096,0.971251556603345,"EXOC6"
24.1758699444443,-0.0245072720433692,0.0331373637913876,-0.73956613439898,0.459563296934978,0.971251556603345,"SPCS2"
69.7791405989418,0.0170621716147557,0.0229774694265297,0.742560953864474,0.457747535611432,0.971251556603345,"PAN3"
620.897987965731,0.0127169595719081,0.0171606875367441,0.741051868969636,0.458661991238253,0.971251556603345,"RPL13A"
69.8804453306226,-0.0197385517851564,0.0268411747844353,-0.73538330358783,0.462106087381815,0.971543165284137,"BTF3"
532.202275705636,-0.0117065860291081,0.0159329736226059,-0.734739560008979,0.462498122515486,0.971543165284137,"MT-ATP6"
45.7289753651102,-0.0212965061319516,0.0290183821411085,-0.733897087314945,0.46301146240814,0.97158127191954,"VPS37B"
32.8907828906738,0.0229433448225802,0.0314245776705893,0.730108294949439,0.465323991408588,0.971954992411847,"SH3GLB1"
30.4981138839611,0.0214417495927103,0.0294409825654153,0.728295991652745,0.466432415507975,0.971954992411847,"LBR"
96.9185581152259,0.0221032398179244,0.0303645708954086,0.72792860778634,0.46665728993474,0.971954992411847,"ATP8A1"
28.4868989839185,-0.0219281239274416,0.029932986017318,-0.732573887374781,0.463818362414488,0.971954992411847,"RBM27"
178.328853719876,-0.0208547241222977,0.0286487352521345,-0.727945716931566,0.466646816149199,0.971954992411847,"IFITM2"
51.9183974667431,0.0174108539202236,0.0238875820016298,0.72886631719509,0.466083440357907,0.971954992411847,"CHASERR"
26.7197490085819,-0.0271165404906976,0.0371766219974242,-0.72939764383586,0.465758458651049,0.971954992411847,"NLRC3"
30.2408858071148,-0.0281297350438926,0.0387151241755911,-0.726582586079568,0.467481699042835,0.972041970447805,"NCOA7"
27.6405409729525,0.0244258509909202,0.0336706375532434,0.725434763517489,0.468185352738622,0.972041970447805,"MIS18BP1"
86.6004541635794,-0.0174169746181535,0.0239975541441479,-0.725781240602008,0.46797288889187,0.972041970447805,"ANKRD11"
30.4988805451708,0.021702134146266,0.0310503052945924,0.69893464622538,0.484592874276093,0.974624324781163,"JTB"
31.3679671201001,-0.025758490231567,0.0362630666907513,-0.710322997534474,0.477503861733549,0.974624324781163,"SH2D2A"
28.0518039753069,0.0239093699362647,0.0342743654973687,0.697587529026622,0.485435182926483,0.974624324781163,"SH2D1B"
35.4344541802108,-0.021096136091977,0.0301466667224574,-0.699783371946114,0.484062600626767,0.974624324781163,"NEK7"
32.4944835014552,0.0211508375094609,0.0294703453216396,0.717699004834195,0.472942897038169,0.974624324781163,"WDR26"
40.1368081403604,-0.0203000337521528,0.0289400295330378,-0.701451728961729,0.483021149107715,0.974624324781163,"TMEM131"
41.5003161259677,0.0190965437655868,0.0267987445410044,0.712590984863766,0.476098891922902,0.974624324781163,"UBXN4"
111.171046340395,-0.0139196045690277,0.0198352768649684,-0.701760034094176,0.48282882669027,0.974624324781163,"EEF1B2"
39.2270508565245,0.0203815489832096,0.0290647960567028,0.701245208927219,0.483150000692453,0.974624324781163,"CDV3"
32.8251173127489,0.021378317005982,0.0303668361231132,0.704002119921551,0.481431453414501,0.974624324781163,"DNAJB14"
66.0497430983384,-0.0182505059277093,0.0261278145438705,-0.698508706002386,0.484859115210684,0.974624324781163,"CCNH"
42.1524251374085,0.0234695743639142,0.0332572574668731,0.705697828129447,0.480376071907612,0.974624324781163,"COMMD10"
24.9284828102156,0.023173391197966,0.0326054161091877,0.71072214261471,0.477256435511908,0.974624324781163,"CREBRF"
56.6532785140445,0.0203938261580118,0.0288602243587429,0.706641289565505,0.479789423077003,0.974624324781163,"QKI"
69.5526064634242,0.0158522484490542,0.0226476330943535,0.699951663072752,0.483957491748158,0.974624324781163,"TAX1BP1"
36.1596243745907,0.0229520274864462,0.0322579993410328,0.711514289643214,0.476765599005055,0.974624324781163,"RAD21"
217.055706941993,0.0185992763554326,0.0258169956072344,0.720427606619755,0.471261757617274,0.974624324781163,"RPL35"
269.418901978128,0.0141036344130537,0.0202478966941259,0.696548121817776,0.486085631791241,0.974624324781163,"RPL7A"
74.187607743688,-0.0175522311873671,0.0247138700773142,-0.710217830410909,0.477569065507795,0.974624324781163,"LSP1"
26.0370062096869,-0.0223112965760172,0.0311396989283906,-0.716490439657899,0.47368856866718,0.974624324781163,"TCIRG1"
43.7345738032296,-0.0282440505004368,0.0402954583129653,-0.700923917555967,0.483350497289203,0.974624324781163,"FLI1"
45.6232744156019,0.0207103351166192,0.0287215302523033,0.721073526886971,0.470864277855084,0.974624324781163,"PCED1B-AS1"
138.526706453127,-0.0133371595132439,0.0191577430315235,-0.696175926950165,0.486318661549826,0.974624324781163,"LCP1"
37.6372731605455,-0.0216051144503134,0.0309917906528311,-0.697123786499887,0.485725329344413,0.974624324781163,"MAP4K5"
31.1758959501465,0.0287483416696329,0.0400095532199154,0.718536933207315,0.47242628377841,0.974624324781163,"CORO7"
516.252198401701,0.0100164129802084,0.0143406585731466,0.698462551710457,0.484887969467057,0.974624324781163,"RPL13"
62.07457038938,-0.0165186926910569,0.0232522477264741,-0.710412725916787,0.477448233852657,0.974624324781163,"LUC7L3"
187.311141874159,-0.0118961279664739,0.0167191283963659,-0.711527998616222,0.47675710697519,0.974624324781163,"RNF213"
37.0161887580452,-0.0229605848363976,0.0326657402678547,-0.702894979514435,0.48212120012976,0.974624324781163,"DSTN"
33.5914430697533,0.0250496573606765,0.0356130750645089,0.703383723963797,0.481816646887659,0.974624324781163,"BCR"
24.0071832074044,0.0255872629580659,0.0355974681677358,0.718794461378499,0.472267570773517,0.974624324781163,"SNU13"
265.303576842268,0.0139511454604821,0.0195807127944445,0.712494259373456,0.476158765010941,0.974624324781163,"RPL39"
29.4157999432924,-0.0236817877218034,0.032865179878863,-0.720573805136365,0.471171775278583,0.974624324781163,"USP9Y"
335.650163448365,-0.0113978115141151,0.0163637946193925,-0.696526189628885,0.486099361774668,0.974624324781163,"MT-ND2"
25.2575881313108,-0.0257372074096638,0.0370655692634385,-0.694369678413412,0.487450404077469,0.975539798750731,"VPS13D"
78.1055539299042,-0.015279687192533,0.0247484325495839,-0.617400199463941,0.536970790488457,0.975539798750731,"EIF4G3"
46.7771458663814,0.0178161187366301,0.0275262718187352,0.647240529118945,0.517476284511665,0.975539798750731,"SRSF10"
44.6759688743651,0.0167949670124524,0.025930734798436,0.6476857344384,0.517188232817735,0.975539798750731,"PTP4A2"
23.7063543425395,0.0222937284035962,0.0334948502282736,0.665586746967379,0.505675279773235,0.975539798750731,"AGO3"
494.662014287092,-0.0129617953148115,0.0189141708391676,-0.685295455192257,0.493157499119627,0.975539798750731,"PTPRC"
48.0837760568272,-0.0163124127493073,0.0253919569479692,-0.642424401661251,0.520597660110354,0.975539798750731,"SOS1"
501.315879801375,0.0122769311009745,0.0183738926183151,0.668172572682658,0.504023440901777,0.975539798750731,"RPS27A"
36.5797602771595,0.0170708496909943,0.0275688723595301,0.619207396964615,0.535779739533208,0.975539798750731,"PPP4R3B"
70.4660952946712,-0.0264747508234581,0.0417383592604843,-0.634302624552926,0.525883344023493,0.975539798750731,"PLEK"
67.4960611424657,-0.0163389945570589,0.0243137147485852,-0.672007331089119,0.501579029218171,0.975539798750731,"INPP4A"
24.5685534046497,0.0218997687338772,0.0322115567710561,0.679873030959973,0.496584859372777,0.975539798750731,"BAZ2B"
29.5411600665941,-0.0207022793766323,0.0319055516116414,-0.648861352676898,0.516427996926017,0.975539798750731,"OLA1"
27.7509603159525,0.0224252678972567,0.0337192605256633,0.665058116567802,0.50601332212269,0.975539798750731,"CIR1"
55.90861724825,0.0190498004792341,0.0284296091024475,0.670069025943593,0.502813788944652,0.975539798750731,"GLS"
25.8931799049281,-0.0207855045517239,0.0318012097665733,-0.653607353440115,0.5133648054625,0.975539798750731,"INO80D"
34.7821003834269,-0.0179873278665322,0.0291649745968386,-0.616744163681939,0.537403486284181,0.975539798750731,"UBE2F"
61.7853695080203,0.0140452305500154,0.0216698030543793,0.648147586517955,0.516889498291035,0.975539798750731,"NKTR"
26.0770351656781,0.0215126707275183,0.0347079424174191,0.61981982304781,0.535376416288749,0.975539798750731,"TASOR"
35.547496387004,0.0252714116893491,0.0366428021937594,0.689669189482812,0.490402245687705,0.975539798750731,"ATXN7"
41.6065459998433,0.0183248041042196,0.0290489164938613,0.63082573520744,0.528154474357785,0.975539798750731,"RAB7A"
60.4990977040659,-0.0139602488635891,0.0218244836715175,-0.639659983425321,0.522393676550142,0.975539798750731,"TRA2B"
122.979582490444,0.0118529425218869,0.0182667103804617,0.648882161867798,0.516414545486495,0.975539798750731,"LPP"
46.5742602927878,-0.0169878175517996,0.027506074886023,-0.617602388642946,0.536837469654186,0.975539798750731,"ADD1"
65.4469798152878,-0.0233913002461558,0.0369047061534858,-0.633829738377322,0.526191943238602,0.975539798750731,"HOPX"
55.1157724251062,0.0174222653738021,0.025832150850287,0.674441144091124,0.500030892269266,0.975539798750731,"YTHDC1"
32.8848462308245,-0.0199582409915032,0.0305908249394868,-0.65242572016229,0.51412657663307,0.975539798750731,"G3BP2"
43.6667109668849,0.0177339045159962,0.028093417592239,0.631247674220145,0.527878594419329,0.975539798750731,"SUB1"
131.704790049262,-0.0142716028919792,0.0208516092939374,-0.684436519541382,0.493699561955581,0.975539798750731,"FYB1"
28.0853028779163,0.0206081554010862,0.0310317273981654,0.66409952422773,0.506626614643563,0.975539798750731,"CSNK1G3"
24.7173747731619,0.0219113247478859,0.034162570059749,0.641383968172296,0.521273246372972,0.975539798750731,"TCERG1"
29.3644012426337,0.0272048270920724,0.0439734387095901,0.618664991649592,0.536137077196083,0.975539798750731,"GALNT10"
175.422209308213,-0.012476389636882,0.0196897684124016,-0.633648368815947,0.526310327143843,0.975539798750731,"RACK1"
60.4770243363503,-0.020585533749795,0.0333849819873057,-0.61661059926953,0.537491601656239,0.975539798750731,"ATXN1"
23.3110279758534,-0.0220114115833972,0.0341438116501301,-0.644667672401283,0.519142570151202,0.975539798750731,"TAP2"
116.527350489729,-0.0123197211550327,0.0198492154372443,-0.620665395767555,0.534819802092324,0.975539798750731,"ZFAND3"
26.7244202156052,0.0220566493308018,0.0354652303284183,0.621923194253946,0.533992372891972,0.975539798750731,"HMGN3"
25.1891689910198,-0.0241606861641115,0.0353357172049885,-0.683746873565669,0.494135019062301,0.975539798750731,"REV3L"
24.1753888262473,-0.0224350502404978,0.0330796184907637,-0.67821369363017,0.497636211383709,0.975539798750731,"HERPUD2"
80.4429913782055,0.0188986365729246,0.0289911919293314,0.651875115000158,0.514481739521417,0.975539798750731,"STK17A"
24.3732342816103,0.022850779991302,0.0358403460375193,0.637571410928364,0.523752710820505,0.975539798750731,"EIF4H"
22.4122027160515,-0.0230170338738617,0.0341158945212919,-0.674671855943764,0.499884269227572,0.975539798750731,"PRKRIP1"
50.5487304460534,-0.021902462807768,0.0341172563677551,-0.641976088923387,0.520888708380258,0.975539798750731,"COG5"
95.9811747063454,-0.0146426236536708,0.0214144461428044,-0.683773166769056,0.494118413208959,0.975539798750731,"KMT2C"
25.7934551176569,0.020147465055729,0.0324191662976314,0.621467710512995,0.534291933285602,0.975539798750731,"PPP2R2A"
41.5503366841331,0.0181263185589163,0.0289224672843468,0.626721032500794,0.530842114550397,0.975539798750731,"SNHG6"
166.844177528082,0.0161573906564913,0.0250701293377851,0.644487726361238,0.519259214023884,0.975539798750731,"PABPC1"
34.4520624710088,-0.0197544548406924,0.0309223468849863,-0.638840735930164,0.522926544875737,0.975539798750731,"VPS13A"
70.3796777863628,-0.0134139145591344,0.0201779997441687,-0.664779201566348,0.506191727313301,0.975539798750731,"HNRNPK"
25.2219757728473,-0.0236387438498839,0.0343652103011255,-0.687868447268302,0.491535627882484,0.975539798750731,"SUSD1"
94.4619995765422,-0.0156670409193018,0.0252985185862794,-0.619286890885336,0.535727378865963,0.975539798750731,"AKNA"
30.0977591292381,0.0205250779437395,0.0330995790518287,0.620100875349517,0.535191375920667,0.975539798750731,"BBLN"
84.2169907648862,0.0147944101174487,0.0217576672653485,0.67996306483694,0.496527848022169,0.975539798750731,"FNBP1"
23.0218232128424,0.0249612199063832,0.0364202164728619,0.68536714835242,0.493112268942552,0.975539798750731,"ZMYND11"
39.2361527423884,0.0205953511961191,0.0296825374612252,0.693854129655296,0.487773692494591,0.975539798750731,"CCNY"
37.0367288918315,0.0194513137621974,0.0310253156208398,0.626949746455825,0.530692176912336,0.975539798750731,"PTEN"
29.513934545769,-0.0214742744447498,0.0312229126890437,-0.687772939655476,0.491595779356858,0.975539798750731,"ADAM8"
23.9321899948278,-0.025241004213524,0.0404890483404746,-0.623403247250244,0.533019564612002,0.975539798750731,"NUCB2"
35.4275877344595,-0.0219207441851708,0.032356674786762,-0.677472092841231,0.49810647067167,0.975539798750731,"LDHA"
25.9780273538188,-0.026551926188345,0.0409091815995971,-0.6490456457483,0.516308872851337,0.975539798750731,"ELP4"
28.9881297252124,-0.0199578113127616,0.031299633356271,-0.637637223592685,0.523709858864092,0.975539798750731,"DGKZ"
189.317424794936,-0.0175166834234304,0.0259883811582516,-0.674019798184645,0.50029872681043,0.975539798750731,"CFL1"
41.836964190788,-0.0171747809685739,0.026596151064075,-0.645761897170636,0.518433567704598,0.975539798750731,"PPP1CA"
164.173152654895,-0.0150012585885979,0.0242373788708989,-0.618930729618189,0.53596199352289,0.975539798750731,"ATM"
35.8199458750399,0.0259818168589664,0.03931469460512,0.660867828681613,0.5086970792482,0.975539798750731,"IL10RA"
29.5459428183194,0.0204586353498992,0.0327028592286041,0.625591640378794,0.531582823344798,0.975539798750731,"ERC1"
60.6314045293247,0.0171273353228676,0.0251260546433611,0.681656374865566,0.495456258740843,0.975539798750731,"ITPR2"
71.1796868965229,0.0130752407672522,0.0208917617251764,0.625856303515821,0.531409197748171,0.975539798750731,"SCAF11"
65.5578253059117,0.0142245137280545,0.0229612518943734,0.619500791746471,0.535586500491903,0.975539798750731,"NAP1L1"
68.3549396398465,0.014219439160923,0.0216896081181253,0.655587647479914,0.512089475487819,0.975539798750731,"MED13L"
139.076508077182,0.0115095659982578,0.0183263900157878,0.628032361438481,0.529982740563313,0.975539798750731,"UBC"
31.2396990540207,-0.0208588417165524,0.032680906049462,-0.638257754695751,0.523305906941422,0.975539798750731,"ZMYM2"
144.506652932943,0.0106861823389367,0.0163060179475833,0.655352053044961,0.512241114096353,0.975539798750731,"HMGB1"
22.9991204390983,-0.0220724902928058,0.0329418492256857,-0.670044056773694,0.502829705545178,0.975539798750731,"ERCC5"
119.405917440726,0.0179396335054338,0.0286519198491928,0.626123261542604,0.531234095779104,0.975539798750731,"RASA3"
32.1206672768327,0.018289260295746,0.029628250838821,0.617291260130085,0.537042630524749,0.975539798750731,"YY1"
22.7978426843512,0.0229867274977729,0.0358849269181715,0.640567766800519,0.521803547337677,0.975539798750731,"ZNF106"
57.3912384678174,-0.0144876400677132,0.022071376336647,-0.656399485321543,0.511567121513432,0.975539798750731,"SLTM"
31.4738598197441,0.0280617833293182,0.0446998899617937,0.627781933094318,0.530146803117216,0.975539798750731,"IGF1R"
51.715272777643,0.0157640924437957,0.0237167890630785,0.664680720559122,0.506254727607494,0.975539798750731,"SMG1"
63.8001366245491,0.0247276526597037,0.0390814426092809,0.632721082149397,0.526915800123112,0.975539798750731,"CMIP"
32.9516681664741,-0.0199493190289527,0.0308643980223448,-0.646353737873329,0.518050293449971,0.975539798750731,"SNHG29"
164.50241498313,-0.0160049145698082,0.0239695098756693,-0.66771972613651,0.504312515832752,0.975539798750731,"ACTG1"
49.756646438867,-0.0167993991879626,0.0250562049694941,-0.670468620783387,0.502559103399184,0.975539798750731,"MYL12B"
109.228797732742,0.0147390936289497,0.0229022471948023,0.643565389176953,0.519857299924048,0.975539798750731,"ANKRD12"
105.94695549545,-0.0126707656954137,0.0203372448671469,-0.623032558155516,0.533263126740643,0.975539798750731,"MYO1F"
28.3872008421327,0.021580155234349,0.0326936371897183,0.660072022856352,0.509207611385913,0.975539798750731,"PKN1"
27.7344039362083,-0.0218424780915961,0.0325018019536776,-0.67203898795293,0.501558876159438,0.975539798750731,"NDUFB7"
37.4060337058759,-0.018954020350908,0.0292891382283638,-0.647134791168175,0.51754471008159,0.975539798750731,"HNRNPUL1"
59.556265538407,0.0202243724523454,0.0300712311202095,0.672548868102496,0.501234340709222,0.975539798750731,"EMP3"
22.3948656365156,-0.0208671465633498,0.0331410057225007,-0.629647354038574,0.528925334104511,0.975539798750731,"PSMF1"
43.7857283518659,-0.0180494784498071,0.0291586364528242,-0.619009687884733,0.535909976760056,0.975539798750731,"TOP1"
35.862295177116,-0.0189223733035187,0.0281628487323881,-0.671891309125894,0.501652893561603,0.975539798750731,"UBE2V1"
116.047348457827,-0.0176075558058688,0.0274583849436338,-0.641245136668213,0.521363428157949,0.975539798750731,"ATP5F1E"
32.9163915812107,-0.0182524818123426,0.0274699173853688,-0.664453465814364,0.506400122806792,0.975539798750731,"PI4KA"
94.9549620644463,-0.0182337535333509,0.0291408485328666,-0.625711139220465,0.53150442557391,0.975539798750731,"RAC2"
26.7741643406258,0.0232459911661828,0.034095487813827,0.681790836755698,0.495371219234949,0.975539798750731,"EIF3L"
53.3622178101083,-0.0180139116870035,0.0274960117531284,-0.655146348086425,0.51237353371253,0.975539798750731,"RPS6KA3"
35.4121498798014,-0.0181315087960927,0.0282128347709995,-0.642668804580047,0.520439027048637,0.975539798750731,"PGK1"
31.3881409986013,-0.0247893655385972,0.0358230297675731,-0.69199522484378,0.488940327768784,0.975539798750731,"DIAPH2"
28.4461394035337,0.0200692694743028,0.0297127733951684,0.675442484193223,0.499394681515486,0.975539798750731,"STK26"
86.2378202715661,0.0175116545471596,0.0259346705278502,0.675221785769537,0.499534867369499,0.975539798750731,"FLNA"
28.1468703812525,0.0192694017745963,0.0364034745849487,0.529328642232502,0.596577489712289,0.975902589971339,"TNFRSF1B"
68.6316797203832,0.0124289656611342,0.0227108529367697,0.54726987558496,0.584193336622534,0.975902589971339,"SRRM1"
35.2641832571414,0.0186801994613119,0.0325431006865208,0.574014124875603,0.565958243029488,0.975902589971339,"KHDRBS1"
24.2000286920064,-0.0190498254393144,0.0327654629499365,-0.581399550753222,0.560971200172929,0.975902589971339,"RBBP4"
42.3387501524599,-0.0173172301653367,0.0303974739455678,-0.569693067139274,0.568885893092073,0.975902589971339,"SSBP3"
92.0745389789122,0.0123933316469182,0.0227301906678389,0.545236589873994,0.585590809182493,0.975902589971339,"SRSF11"
57.2385881165287,0.0146735210318193,0.0304067511449589,0.482574444137945,0.629397928384118,0.975902589971339,"ZNF644"
138.475420613692,0.0161996124033498,0.0289018142204476,0.560505035420538,0.575135006014482,0.975902589971339,"TGFBR3"
47.8333290381109,0.0231765402643314,0.0389424763553714,0.595148085931486,0.551744488311916,0.975902589971339,"S100A6"
676.917945790668,0.0105879625284903,0.0217794010685084,0.486145716091329,0.626863855817156,0.975902589971339,"RPS27"
35.1562178433889,0.0253738662481078,0.0478132997102627,0.530686365548235,0.595636135812,0.975902589971339,"SLAMF7"
79.9949018200118,-0.0181418428375732,0.032519707227503,-0.557872268365013,0.576931609410619,0.975902589971339,"FCGR3A"
31.5886563784449,-0.0187759191444466,0.0353928034856442,-0.530501042452383,0.595764586434889,0.975902589971339,"CAPN2"
85.8568966373473,0.0145348740059495,0.0252129178202542,0.576485201338866,0.564287269747156,0.975902589971339,"AKT3"
48.4051058596456,-0.0145645010243129,0.0254822726003532,-0.571554242933224,0.567624002195655,0.975902589971339,"YWHAQ"
38.4490577238936,0.0136760247798432,0.0280674951879446,0.487254907795164,0.626077698559545,0.975902589971339,"CAMKMT"
71.5868087753551,-0.0137436645100818,0.0227656041462409,-0.603703043494727,0.546041090317182,0.975902589971339,"ACTR2"
22.6725308791074,-0.0180076126910121,0.035656428217283,-0.505031311080216,0.613536844383998,0.975902589971339,"MAP4K4"
28.8903094151606,-0.0183150958514067,0.03371274050267,-0.543269267888683,0.586944420577554,0.975902589971339,"R3HDM1"
27.7194244074446,-0.0181542862725875,0.0308333980292266,-0.588786427476442,0.556004551709435,0.975902589971339,"PPIG"
31.8169387411856,-0.0164369823276393,0.0282969872798525,-0.580873934213569,0.561325421033254,0.975902589971339,"ZC3H15"
42.1180217266589,-0.02420761550779,0.0445302265028979,-0.543622105901812,0.586701544558936,0.975902589971339,"IKZF2"
144.765676804091,-0.00890295222565905,0.0176820557896429,-0.50350210018418,0.614611304123799,0.975902589971339,"ARPC2"
45.9428388153416,-0.0143775339230088,0.0256419341877861,-0.560703955392615,0.574999370324739,0.975902589971339,"SP110"
33.510006544074,0.0184334511999328,0.0321892227195538,0.572659096509812,0.56687553776068,0.975902589971339,"CCDC12"
35.4465101709253,-0.0144911932843262,0.0299310209830983,-0.484152989385468,0.628277297271584,0.975902589971339,"MAP4"
83.9920567781354,0.0119946925524008,0.0238846880546461,0.502191719019227,0.615532667428518,0.975902589971339,"TMA7"
52.3248081046089,-0.014875638453481,0.0246958854200956,-0.602352910229182,0.54693924814742,0.975902589971339,"GNAI2"
34.243832783215,-0.0233115442470175,0.0379940583788967,-0.61355762563037,0.539507692181367,0.975902589971339,"ARHGEF3"
32.7060019349862,-0.0155276535548591,0.0285607361123186,-0.54367133584354,0.586667660835013,0.975902589971339,"SENP7"
169.078010043852,0.00991780180455797,0.0184039717711961,0.538894643387806,0.589959553540885,0.975902589971339,"RPL24"
59.9748976285617,0.0177238544923985,0.0293372443658545,0.60414176162459,0.5457493965114,0.975902589971339,"BBX"
44.7772767868343,0.0148629309374128,0.0281822918370045,0.527385459755161,0.597925938692649,0.975902589971339,"ZNF148"
34.1253291411154,-0.0150803756903042,0.0299628278938219,-0.503302817202164,0.614751386053446,0.975902589971339,"ATR"
97.1149811746702,0.0150487313902098,0.0272287633934106,0.55267773907983,0.580484099233026,0.975902589971339,"TNIK"
45.8913612324484,0.0165495565388958,0.0277157119703089,0.597118217876736,0.550428455594971,0.975902589971339,"EIF4A2"
284.344823618123,0.01146481715309,0.0197013789422114,0.581929680491853,0.560614047429317,0.975902589971339,"RPL35A"
24.9886208978683,-0.0181902369858466,0.0361424888635828,-0.503292317651515,0.614758766889271,0.975902589971339,"GAK"
25.6998529659487,-0.0183873192151117,0.0309518831847283,-0.594061405096799,0.552471043494961,0.975902589971339,"CTBP1"
93.2428065323284,-0.0224091345149117,0.0417295629606391,-0.537008607927401,0.591261668132889,0.975902589971339,"FGFBP2"
62.823881317954,0.0128615868215815,0.024875840701474,0.517031242317748,0.605134349674238,0.975902589971339,"CAMK2D"
32.8055387181285,0.0195468102572898,0.0325681640894639,0.600181520935451,0.548385267605128,0.975902589971339,"MARCHF6"
92.6748399085448,0.0110791578055113,0.0196286870209676,0.564437030030407,0.572456743665234,0.975902589971339,"NIPBL"
503.761575246001,-0.00981435867996409,0.0182731864721934,-0.537090709105321,0.591204958173663,0.975902589971339,"RPL37"
91.0827292596526,-0.0186615496624263,0.0325696032317602,-0.572974424331598,0.566662011051623,0.975902589971339,"ARL15"
29.0775918824012,0.0278330675805249,0.0561760169602052,0.49546174838707,0.620274216803008,0.975902589971339,"GZMK"
112.889844676887,0.0179214886185284,0.0314212238742275,0.570362525987669,0.568431840747693,0.975902589971339,"PIK3R1"
101.886569137766,-0.011991872568508,0.0221654877949892,-0.54101550479836,0.588496895867099,0.975902589971339,"CAST"
76.9068599399364,0.0114805622491065,0.0224043058146875,0.512426599782449,0.608352478588848,0.975902589971339,"FBXL17"
48.4172256955983,0.0140818628475709,0.0289738483560201,0.486019760804231,0.626953155453199,0.975902589971339,"HINT1"
27.0104227886773,0.0294975587824411,0.0538478957807207,0.547794084704089,0.583833300743051,0.975902589971339,"TCF7"
37.8266905565579,0.015461615453928,0.0295506334494233,0.52322450144397,0.600818032887826,0.975902589971339,"DDX46"
31.7804879598102,-0.0179240095339476,0.0298644031073666,-0.600179734699816,0.548386457911421,0.975902589971339,"PAIP2"
23.936723729273,0.0206385497772493,0.0410841136629667,0.502348668065656,0.615422280449793,0.975902589971339,"CXXC5"
139.12162827211,-0.021065114947018,0.037534023305084,-0.561227203803776,0.574642660093985,0.975902589971339,"CD74"
78.348979613461,-0.0119624149546171,0.0221744226741747,-0.539469059934041,0.589563240293834,0.975902589971339,"DOCK2"
76.298965802696,-0.0120073338574737,0.0211842751049875,-0.566804093978498,0.570847288805555,0.975902589971339,"NPM1"
38.3370031283384,-0.0183097823939147,0.0317347491965116,-0.576963198307785,0.563964316479374,0.975902589971339,"NSD1"
29.6627724552371,-0.0224107537494942,0.0367329607498287,-0.610099302969982,0.541796028355532,0.975902589971339,"CDYL"
33.7612675637615,0.0154187399419114,0.0285591852800718,0.539887247857536,0.589274792735315,0.975902589971339,"MYLIP"
75.3356163393936,0.0149250716461822,0.0284280018676214,0.525013038752518,0.59957412686409,0.975902589971339,"H1-4"
60.703016045486,-0.0177094503529712,0.0311894844345694,-0.567801958705758,0.570169449680797,0.975902589971339,"CLIC1"
35.2231118360855,-0.016073373708189,0.0284236973637637,-0.565492008392981,0.571739158456723,0.975902589971339,"GPSM3"
47.2585913555481,-0.0178286648367155,0.0304120182153047,-0.586237477253098,0.55771594002281,0.975902589971339,"UBR2"
73.8598292489324,0.0133613729535322,0.0268549814151958,0.497537970589385,0.61880973355248,0.975902589971339,"HSP90AB1"
26.8503757394146,-0.0219616589600934,0.0381419541589691,-0.575787461454152,0.564758849612279,0.975902589971339,"SUPT3H"
22.71056995925,0.0167428154502859,0.0347598073316453,0.48167169888319,0.630039183706821,0.975902589971339,"ELOVL5"
31.9608502706233,-0.016886305026848,0.0312810870120028,-0.539824751626073,0.58931789573769,0.975902589971339,"RNGTT"
180.839515965827,-0.010347265254328,0.0188331192350437,-0.549418560207185,0.582718239735921,0.975902589971339,"PNRC1"
600.72555470955,-0.0134512801897941,0.0247520406501486,-0.543441261264789,0.586826023132915,0.975902589971339,"ACTB"
28.0068797233994,-0.0174929608150794,0.0316710437704076,-0.552332943046995,0.580720264206508,0.975902589971339,"RAC1"
172.563251127545,0.00965165109681557,0.019374437818487,0.498164188671633,0.618368321203203,0.975902589971339,"HNRNPA2B1"
33.29461769728,0.0167513897370845,0.0315434744810713,0.531057215879523,0.59537913100843,0.975902589971339,"CCM2"
51.0451708723182,0.0164127341895992,0.0279534416963298,0.587145381520379,0.557106071041898,0.975902589971339,"CHCHD2"
23.6104007514218,-0.0198282250136994,0.033353596538899,-0.594485365036256,0.552187527885134,0.975902589971339,"BAZ1B"
26.1011519506147,-0.0198298908660168,0.0334669741451462,-0.592521175652589,0.553501645086052,0.975902589971339,"DMTF1"
24.5511318794385,-0.0203790573250422,0.0360380960465221,-0.565486514568766,0.571742894190228,0.975902589971339,"ZNF394"
39.1514665826243,0.0136768837298803,0.0268300964474975,0.509759022172876,0.610220297319549,0.975902589971339,"LUC7L2"
24.0610432492398,0.0174416338262202,0.034627526497555,0.503692743616895,0.614477308344264,0.975902589971339,"CUL1"
80.1480570894259,-0.0148042099957633,0.026209686366056,-0.564837357799755,0.572184394565749,0.975902589971339,"SARAF"
88.3826394065376,-0.0166020702268919,0.0313824415556226,-0.52902417415376,0.596788680315615,0.975902589971339,"TOX"
47.6268696662191,-0.0167394856992265,0.030519289158263,-0.548488715199788,0.58335637577471,0.975902589971339,"PDE7A"
390.143199315648,0.00993010178040143,0.0187949608077218,0.528338520201741,0.597264400439915,0.975902589971339,"RPL30"
22.9489768325597,-0.0248055626170036,0.0506084760737215,-0.49014640513714,0.624030302653864,0.975902589971339,"EXT1"
45.4840026970927,0.0174839063215326,0.0315378584883541,0.554378361739078,0.579319931584799,0.975902589971339,"TRAPPC9"
103.786953769113,-0.0121892170100371,0.0223304779215425,-0.545855626237093,0.585165182608913,0.975902589971339,"EEF1D"
37.1083747247142,-0.0155030898070123,0.031008879768673,-0.499956461589899,0.617105734514811,0.975902589971339,"FGD3"
33.0567818740746,-0.0161155997504469,0.0319693814812669,-0.504094824602415,0.614194743603735,0.975902589971339,"ATP6V1G1"
29.8246310915479,-0.0206686553978828,0.0338322557487029,-0.610915676193872,0.541255406227624,0.975902589971339,"DENND1A"
52.9644170930014,-0.0141624511164528,0.0282118635611889,-0.502003388954998,0.615665137103828,0.975902589971339,"RAPGEF1"
26.5174626263584,0.0276455598623629,0.0516033670268448,0.5357317061885,0.592143987453961,0.975902589971339,"ZEB1"
55.0978154929775,-0.0207974406488955,0.0348559082221328,-0.596669021399635,0.550728379269962,0.975902589971339,"ITGB1"
23.4941871959022,-0.021016402538005,0.0374921456434034,-0.560554808943105,0.575101065992152,0.975902589971339,"CREM"
24.2074429187684,0.0174337037564108,0.0337749010914698,0.516173347456932,0.605733343452669,0.975902589971339,"CSGALNACT2"
180.172350139565,-0.0128477606911436,0.025776980595083,-0.498419923301428,0.618188097033506,0.975902589971339,"PRF1"
23.1651491762467,0.0205210008038735,0.0341499315450004,0.600908987967731,0.547900606442268,0.975902589971339,"ECD"
30.3148758319781,0.0167491938371363,0.0314918615131434,0.531857852548534,0.594824450481822,0.975902589971339,"PCGF5"
25.5553404085737,0.0197358381426129,0.0362011708856429,0.545171265453182,0.585635732228222,0.975902589971339,"CCDC186"
48.0757888699289,-0.0203166746880556,0.0401350771173392,-0.506207441153223,0.612711031796324,0.975902589971339,"ABLIM1"
41.4135274699378,-0.0172699052461983,0.0288307036586903,-0.59901088265644,0.549165627506153,0.975902589971339,"EIF3F"
35.9154811344378,0.0148221278319776,0.0303895009968226,0.487738440770296,0.625735119778236,0.975902589971339,"BMAL1"
35.858120440423,-0.0146851286156764,0.0301816597986146,-0.486558019461557,0.626571579692975,0.975902589971339,"FAR1"
87.5265006870296,-0.0311919271545701,0.0622532200382078,-0.501049216979075,0.616336485503079,0.975902589971339,"PDE3B"
122.680439253984,0.0133179106077571,0.0261186365579039,0.509900682534935,0.610121043759968,0.975902589971339,"AHNAK"
237.166786938736,0.0107753901778064,0.02086129491422,0.516525470835533,0.605487454036037,0.975902589971339,"FAU"
24.6367972591442,0.0196298895921118,0.0328755643594417,0.597096657489752,0.550442849396958,0.975902589971339,"CCDC85B"
410.723035537317,0.00972737812400639,0.0190539940527344,0.510516487886194,0.609689666439414,0.975902589971339,"RPS3"
55.7242562929792,0.014208231539187,0.0231276146504974,0.614340551496582,0.538990310997643,0.975902589971339,"RSF1"
67.3819184225013,0.0118618897239126,0.0240358359293406,0.493508516149954,0.621653323973774,0.975902589971339,"PICALM"
53.529766733523,-0.0397024610168163,0.0779018258036677,-0.509647374849423,0.61029852745812,0.975902589971339,"CD3E"
56.5585884573639,0.0165792249266687,0.0278826952391361,0.594606252533223,0.552106699627827,0.975902589971339,"ATP5MG"
69.7844776360773,0.0138489198846147,0.0284367935040659,0.487007084066443,0.626253310743581,0.975902589971339,"CLEC2D"
32.6916858214386,0.0160155512516887,0.0293880703357645,0.544967773273574,0.585775682314209,0.975902589971339,"CLEC2B"
27.8401689546952,-0.0209495820645246,0.0365946218055313,-0.572477075343298,0.566998812377005,0.975902589971339,"PPHLN1"
37.0431325441375,0.0240780611725169,0.0499006561797339,0.482519930916173,0.629436643341721,0.975902589971339,"PCED1B"
29.3291187846346,-0.0236577898684491,0.0401911639588274,-0.588631617951761,0.556108419098276,0.975902589971339,"TUBA1B"
23.0918345339859,-0.0210219161093309,0.03603538176716,-0.583368763654634,0.559645080938929,0.975902589971339,"BLOC1S1"
59.8327581988779,0.0186746964653011,0.0325653403252908,0.573453133876755,0.56633792286535,0.975902589971339,"CNOT2"
28.1321410956581,-0.0195326215555894,0.0361960719951448,-0.539633735898454,0.58944964631723,0.975902589971339,"C12orf75"
23.9525528563855,0.0505509728139109,0.0964225552542536,0.524265019534223,0.600094223298704,0.975902589971339,"ABTB3"
328.867809734058,0.00983876990710407,0.0194569704388054,0.505668132561965,0.613089643082589,0.975902589971339,"RPL6"
25.9574958159794,0.0175833004350446,0.0322077165000818,0.545934401620801,0.585111029871605,0.975902589971339,"SPPL3"
41.4444299921169,-0.0133629042912276,0.027651270751301,-0.483265467667479,0.628907255999098,0.975902589971339,"RSRC2"
30.6025475871904,-0.0168063655987365,0.0334055998755894,-0.503100248501073,0.614893792012928,0.975902589971339,"ARL6IP4"
30.6806830254117,-0.0227268382775153,0.0383004162115203,-0.593383584972096,0.552924471899672,0.975902589971339,"DLEU2"
204.308839550275,0.0112624644559184,0.0208234860346429,0.540853939498008,0.588608260840623,0.975902589971339,"KLF12"
39.5817755223149,-0.0183622334502927,0.0341101560241768,-0.538321590709752,0.590355048061201,0.975902589971339,"COMMD6"
42.6848824988208,-0.0155471744036238,0.0253576719456005,-0.61311521171884,0.539800162666583,0.975902589971339,"PABPN1"
42.0749746302426,-0.0138524643163506,0.0267181787210524,-0.518465890245567,0.604133252804833,0.975902589971339,"SCFD1"
24.2788798179953,0.0206691379174751,0.0339451741523366,0.60889768379793,0.542592259589937,0.975902589971339,"PSMA6"
39.5587928450115,-0.0140355409494877,0.0287896859772405,-0.487519765258413,0.625890039417316,0.975902589971339,"NIN"
25.2564378902689,-0.0177509677518381,0.0358959778257623,-0.49451133043375,0.620945106421568,0.975902589971339,"HIF1A"
41.6725875923935,0.0205018921587115,0.0336061522082876,0.61006365833383,0.541819639235415,0.975902589971339,"ZBTB1"
27.3539252199043,0.0174859703599571,0.0324382242001454,0.539054488681867,0.589849257471435,0.975902589971339,"MAX"
70.0195564403648,0.0102951931137974,0.0199191227545322,0.516849724792976,0.605261065516721,0.975902589971339,"RBM25"
24.311024765162,0.0179413353727911,0.0325968142450732,0.550401497456237,0.582044021816449,0.975902589971339,"ATP5MJ"
44.7209772936603,0.0120662024844813,0.0248360980219933,0.485833260675498,0.627085390141907,0.975902589971339,"UBR1"
26.7564288254757,-0.0182290002728859,0.0326621298148305,-0.558108132452798,0.57677054765708,0.975902589971339,"GOLM2"
54.3966873728139,-0.0216580874324214,0.0370267400028978,-0.584930983141546,0.558594124544739,0.975902589971339,"ATP8B4"
37.9851210001771,0.0166669882937914,0.0271219770871564,0.614519665739414,0.538871981829937,0.975902589971339,"SPPL2A"
24.8309415687492,0.0206515491442376,0.0339309732740231,0.60863415197253,0.542766962140087,0.975902589971339,"UBE2Q2"
60.0606070123979,0.0110267508568026,0.0229350649389813,0.480781322666375,0.63067192600892,0.975902589971339,"MORF4L1"
34.0184878111907,0.0157684112614203,0.031695317392075,0.497499711593454,0.618836706242384,0.975902589971339,"ABHD2"
26.2160211212909,0.019059772136519,0.0334413972342514,0.569945448242145,0.568714698322712,0.975902589971339,"SPSB3"
471.958383147746,-0.00993516752125839,0.0199270275148145,-0.498577498017314,0.61807706065336,0.975902589971339,"RPS15A"
23.7042775731513,0.0184433805799074,0.0370455052064068,0.497857445245955,0.618584523149764,0.975902589971339,"GTF3C1"
110.613005821062,-0.0127213837134057,0.0258033436427637,-0.493012994343983,0.622003405799201,0.975902589971339,"CORO1A"
33.9835284144949,0.0265379029485317,0.0440379805976648,0.602613984301063,0.546765515143447,0.975902589971339,"TENT4B"
37.254351407315,-0.016102306254944,0.0329469985543561,-0.488733631635015,0.625030290267374,0.975902589971339,"ACAP1"
49.0384010457051,-0.0159437069882617,0.0299187352668227,-0.532900433326203,0.594102505254032,0.975902589971339,"VAMP2"
88.6902324580965,0.0115203532949923,0.0239640969818269,0.480733878840863,0.63070564938005,0.975902589971339,"SLFN12L"
198.552353022374,-0.0100463047204243,0.0207375314157601,-0.484450367741906,0.62806628003037,0.975902589971339,"RPL23"
371.898187326823,0.00999566563777502,0.016515250727765,0.605238503643819,0.545020535687121,0.975902589971339,"RPL19"
212.876193169214,-0.0102548977374681,0.0211930761122265,-0.483879625740217,0.628471300673524,0.975902589971339,"RPL27"
31.700059300528,-0.0184926571887593,0.0344372956552534,-0.536995046704204,0.591271035552321,0.975902589971339,"TBX21"
25.5026160862847,0.0194380100038896,0.0347768717880965,0.558934976162602,0.576206098023192,0.975902589971339,"TANC2"
153.437598318598,0.0121471319089316,0.019907795411636,0.610169617366655,0.541749453855376,0.975902589971339,"PITPNC1"
31.9936947176609,0.0153688682304798,0.031122634753959,0.493816424990328,0.621435832185817,0.975902589971339,"TMC6"
41.3176410043928,-0.0150999952979416,0.0298848276696262,-0.505272958735803,0.61336713287283,0.975902589971339,"TMC8"
32.9375418726378,0.0229018811491499,0.0446910693811784,0.512448716628719,0.608337003182704,0.975902589971339,"METRNL"
23.5499039827115,-0.0288413624650461,0.0478887229329553,-0.602257915823404,0.547002469414258,0.975902589971339,"THOC1"
47.4772992280094,0.0133638569054004,0.026096929320841,0.512085415916272,0.608591230996557,0.975902589971339,"PTPN2"
26.0462521176965,0.0251497113551467,0.0441807900734169,0.569245396321668,0.569189617038826,0.975902589971339,"SETBP1"
62.91863372781,-0.0132220662118971,0.0240538525799449,-0.549686008424328,0.582534755133126,0.975902589971339,"GZMM"
22.6984373014869,-0.0189453103161791,0.0357828431550912,-0.529452347709366,0.596491692625483,0.975902589971339,"SAFB2"
38.9849093875758,-0.0172832403492711,0.0299584259016836,-0.576907491935343,0.564001949278899,0.975902589971339,"UBL5"
53.3592048928308,-0.0185850050455125,0.0329365805327878,-0.564266379353236,0.572572858640553,0.975902589971339,"EIF3G"
127.377314965766,0.0169186796376805,0.0321261884149243,0.526632024290216,0.598449148680837,0.975902589971339,"HCST"
42.0525049579464,-0.015692992021619,0.0281583831398771,-0.557311545327865,0.57731458887109,0.975902589971339,"SNRPD2"
53.0107293214606,0.0134574754623196,0.0267115959092532,0.503806493181402,0.614397364372429,0.975902589971339,"APMAP"
41.5449196708772,-0.0165311202793864,0.0326811784577673,-0.505829993271171,0.612976001016835,0.975902589971339,"PHF20"
85.8870647684095,-0.0103011976493108,0.02004670467145,-0.513859899576489,0.607349945464695,0.975902589971339,"STK4"
39.3129761298405,0.0166995375749658,0.0326044306899678,0.512186142238151,0.608520740755637,0.975902589971339,"HMGN1"
37.1850554575164,-0.0165834064766935,0.0305395728392188,-0.543013701075646,0.587120369050352,0.975902589971339,"U2AF1"
24.6536833057879,-0.0164890267061445,0.032378428595424,-0.509259634313285,0.610570247859277,0.975902589971339,"FBXO7"
23.089290568671,0.0184468456829276,0.0366293471576832,0.503608366360366,0.61453661221628,0.975902589971339,"MRTFA"
50.5937563473394,-0.0149910746167209,0.0283473880347879,-0.528834423768563,0.59692031558546,0.975902589971339,"PRKX"
25.7329186590353,0.0163186957682537,0.0312838580756004,0.521633096813635,0.601925814742755,0.975902589971339,"SAT1"
25.9653996801197,0.0168807620475357,0.0325266017433024,0.518983267319391,0.603772409789455,0.975902589971339,"NONO"
172.278930437142,0.0105874366246611,0.017650929643907,0.599823172957682,0.548624087993189,0.975902589971339,"RPL36A"
26.3129619048245,0.0198832862262573,0.0337428254831266,0.589259670509814,0.555687094310007,0.975902589971339,"MORF4L2"
22.6068733690498,0.020417368189328,0.0363930910171682,0.56102319475134,0.574781725207929,0.975902589971339,"GAB3"
24.2830243339965,-0.0249929074288702,0.0451851757094078,-0.553121837781557,0.580179984089121,0.975902589971339,"LINC00278"
2351.62415223286,-0.00794611618384162,0.0160751612012732,-0.494310202202654,0.621087121084656,0.975902589971339,"MT-CO1"
471.172038631017,-0.0112169219901856,0.018931792924771,-0.592491267718704,0.553521666464568,0.975902589971339,"MT-ND4"
493.958032395276,0.00995773051129204,0.0172223240262286,0.578187386099982,0.563137613998688,0.975902589971339,"MT-ND5"
55.2963180040031,-0.014633820962178,0.0265850014439285,-0.550454021717576,0.582008004549116,0.975902589971339,"MT-ND6"
35.1502431780875,0.0161407808907134,0.0337691919327794,0.477973560126731,0.632669023647035,0.976376693784675,"LINC00342"
23.4774169329881,-0.015328063980477,0.0320783923696897,-0.477831426332955,0.632770191603792,0.976376693784675,"POLR2B"
29.2405881182602,0.0144369190988013,0.0301406724697151,0.478984638226213,0.631949557153527,0.976376693784675,"ZC3H13"
79.9442447227615,-0.0128716112386681,0.0269559768667558,-0.477504907438259,0.633002627163153,0.976376693784675,"PSME1"
24.0213940258009,0.0172499231693346,0.0362655496809873,0.475655913699776,0.634319533971047,0.976871998156353,"RNPC3"
42.2394877470873,0.0118576573861908,0.0249232750727871,0.475766421209137,0.634240794736341,0.976871998156353,"MARK3"
23.365704761712,0.0170554826296694,0.0361293681317793,0.47206700564097,0.63687896219633,0.977519226207643,"GNAI3"
41.6172336147932,-0.013839800731993,0.0292119520406574,-0.473771855873603,0.635662606290881,0.977519226207643,"TMEM181"
26.3168998235429,0.0161352493185861,0.0343308543003519,0.469992653763373,0.638360266097709,0.977519226207643,"SGMS1"
31.1768862053576,0.0139805875164085,0.0295550941345811,0.473034782184992,0.636188364353694,0.977519226207643,"ADK"
375.355213053622,-0.0115602849229642,0.0246235230769895,-0.469481352721912,0.638725610600509,0.977519226207643,"IFITM1"
25.7531550832594,-0.0172823012615167,0.0367949519320086,-0.469692182053987,0.638574954202609,0.977519226207643,"MBNL2"
25.3198288004678,-0.0152027182175241,0.0322243461815193,-0.471777398737198,0.637085684809453,0.977519226207643,"SCAND1"
29.6773932914018,0.0161510027900951,0.0343206912792292,0.470590835676718,0.637932953260943,0.977519226207643,"EP300"
54.0236947458181,-0.0121551608329408,0.0260026623923931,-0.467458318287312,0.640172006825121,0.978699021105567,"HNRNPH1"
25.9914576692456,-0.0155051562650109,0.0332010512689503,-0.467007991385843,0.640494160601197,0.978699021105567,"TBRG1"
43.2048501974838,-0.0119330475114112,0.0257050269552081,-0.464230110795251,0.642482890323921,0.980400575560997,"PRPF40A"
22.4423812557905,-0.0154487321536523,0.0332906115011726,-0.464056725215399,0.642607105082285,0.980400575560997,"NDUFV1"
385.337244838214,0.00790751655159547,0.0171788009927593,0.460306662550455,0.645296119604788,0.982221973608809,"PTMA"
117.472316582987,-0.0103402017299285,0.0224835051964499,-0.459901676343651,0.645586796907901,0.982221973608809,"CD96"
319.525293242793,0.0348264248727405,0.0755418390688909,0.461021670930997,0.644783057368056,0.982221973608809,"RPS26"
135.728152516883,0.00974187629797595,0.0211964287103784,0.459599889730765,0.645803438305486,0.982221973608809,"HSP90AA1"
32.3383746471343,0.0150687727956754,0.033022422100503,0.456319428956904,0.648160294619182,0.982331382134217,"MGAT4A"
27.7533662670241,0.0133828788413067,0.0291798290534232,0.458634586816976,0.646496595114937,0.982331382134217,"MCPH1"
220.37370926066,0.00795133852481705,0.0173595505567348,0.458038271142468,0.646924945996584,0.982331382134217,"RPS13"
29.6770422343468,0.0207640335047642,0.0456032223465487,0.455319436573448,0.648879445079483,0.982331382134217,"BCL11B"
24.8654693667807,-0.0158056561670135,0.0345920454748744,-0.456915916651814,0.647731483131985,0.982331382134217,"ZNF609"
24.6534212960282,0.0153930169800685,0.0337680467065691,0.455845643481476,0.648500979394021,0.982331382134217,"AP2B1"
22.7296665412458,0.0173201226887997,0.0381058204120309,0.454526959438757,0.649449592364246,0.982420299237511,"HNRNPH3"
22.8980384040375,-0.0150379646745563,0.0331345050758715,-0.45384606289191,0.649939627120433,0.982420299237511,"RPN2"
35.1359793330441,-0.0138594862015863,0.030745869649876,-0.450775546745421,0.652151327177001,0.982928040392933,"ATP5IF1"
33.7519303965581,0.016179458147497,0.0361994404170579,0.446953266710524,0.654908802838422,0.982928040392933,"TAGAP"
73.5823387398485,0.010946376217853,0.0242647348127758,0.451122845657045,0.651901012989079,0.982928040392933,"ELMO1"
27.1941872984991,-0.0160928780249638,0.0359463446263795,-0.447691641312365,0.654375754971552,0.982928040392933,"LEPROTL1"
47.2962947325219,-0.016951749957524,0.0379812422375658,-0.446318997453899,0.655366835399648,0.982928040392933,"VIM"
52.3184151341238,0.010952687686113,0.0243466305396893,0.44986461959318,0.652808060122756,0.982928040392933,"WAC"
27.4618711305879,-0.0157341794818556,0.0351668106609258,-0.447415594025931,0.654575018597829,0.982928040392933,"TMEM123"
61.8302023645973,-0.0133892960404159,0.0300384733038839,-0.445738233929644,0.655786342953287,0.982928040392933,"CCDC91"
22.7619201195265,0.0155894354990089,0.0344525550562637,0.452489966957463,0.650916047466074,0.982928040392933,"WDFY2"
23.9878889347523,0.0154634378872238,0.0345747549166611,0.447246493127626,0.654697095559998,0.982928040392933,"RSL1D1"
95.0748683043095,0.012558686665573,0.028025317223014,0.448119340296351,0.654067070812052,0.982928040392933,"IL2RB"
29.6839055150921,0.013236941826198,0.0297741219400833,0.444578747035287,0.656624209147878,0.983432594158883,"RNF166"
50.3380974003827,-0.0117759945102252,0.0269599462105087,-0.436795920076244,0.662259358126383,0.984302827361834,"CDC42SE1"
46.9219205236143,-0.0123678416928377,0.0283347216263464,-0.436490672325423,0.662480765362855,0.984302827361834,"CD48"
218.959024576713,0.00940184025124031,0.0212621377878204,0.44218696845366,0.658353915304083,0.984302827361834,"RPSA"
29.5441148207569,0.0158563096519263,0.0363508861072376,0.436201461641104,0.66269056755265,0.984302827361834,"ZSWIM6"
285.305037831715,-0.00632268265327592,0.0144292984373586,-0.438183649795891,0.661253159953561,0.984302827361834,"HLA-E"
394.38448176329,0.00784536164453648,0.0177183715189727,0.442781191044319,0.657924009323048,0.984302827361834,"RPS6"
37.8267266776286,-0.0121944560076681,0.0277769399165564,-0.439013658246768,0.660651639753876,0.984302827361834,"VCP"
58.8354270494395,-0.012365763263911,0.0283517178633906,-0.436155696931453,0.662723769085108,0.984302827361834,"SET"
33.6399026163584,0.0121085885480829,0.0274314206859022,0.44141310385378,0.658913957378633,0.984302827361834,"PAPOLA"
49.0166187676518,-0.012104860923725,0.0275914764089034,-0.438717404764135,0.66086631418683,0.984302827361834,"CHD9"
26.9282174892787,-0.0150702775434828,0.0342887019517138,-0.439511462542533,0.660290978248602,0.984302827361834,"STX16"
37.4556988712832,-0.0117621964427331,0.0270257629096838,-0.435221624715669,0.663401567599516,0.984564202443457,"CNBP"
43.6114501238935,0.0115026382329257,0.0265301646690387,0.433568293918264,0.664601962975905,0.985600189991478,"RBM33"
32.272640924147,-0.0130640970800092,0.0305177623110812,-0.42808174946908,0.668591603598076,0.986067464906359,"SPEN"
22.6984751076547,-0.0159580787166905,0.0373052287284597,-0.427770563554172,0.668818170160831,0.986067464906359,"NDUFS5"
69.8093111848694,0.00964111657923731,0.0224161427802606,0.430097036486008,0.667125055684263,0.986067464906359,"XRN1"
41.008262484486,-0.0171811128082221,0.0401797384136689,-0.427606387859836,0.668937714470114,0.986067464906359,"SNHG5"
269.973186702105,-0.0117753578426581,0.0274871280623314,-0.428395349850869,0.668363309655096,0.986067464906359,"FYN"
26.0380375551707,-0.0146348220876199,0.0340717332580345,-0.429529721214546,0.66753776935017,0.986067464906359,"AVL9"
126.452449380625,-0.00891633991732188,0.0206758368124793,-0.431244452071717,0.666290635299978,0.986067464906359,"MYL6"
25.4567572870455,0.0155278195419875,0.0362097496721681,0.428829795360961,0.668047093883912,0.986067464906359,"VPS53"
118.693372085434,0.00903909078327509,0.0211857208909042,0.426659580281542,0.669627294807243,0.986342907216074,"ZBTB20"
39.0529753552044,0.0112110989176626,0.0265051324567632,0.422978415065492,0.672311009545375,0.987170379573663,"COX5B"
27.7461096946882,0.013586435595565,0.0321330749785016,0.422817785246352,0.672428210462516,0.987170379573663,"PHC3"
34.9059141589942,0.0120643524902947,0.0285588197894316,0.422438762499535,0.672704789750249,0.987170379573663,"C11orf58"
26.3764081342484,0.0142964315389951,0.0337681590515895,0.423370178905923,0.672025198872215,0.987170379573663,"LENG8"
70.2460584833758,0.008588797499493,0.0202352498142361,0.424447317346709,0.671239618709022,0.987170379573663,"PTPRA"
98.1637321366196,0.00886489789703654,0.0215280156216702,0.411784256051594,0.680497562067124,0.987342790968196,"RSRP1"
83.0425679160816,0.00982697563236484,0.0241102989697828,0.407584146703485,0.683579005158668,0.987342790968196,"EPB41"
46.2315757711913,-0.0139670168396494,0.0332476673506722,-0.420090128198634,0.674419614009315,0.987342790968196,"MCL1"
36.3610354871834,-0.0285837235152587,0.0690155135607962,-0.414163744359869,0.678754191830715,0.987342790968196,"CXCR4"
81.0414226736675,-0.0117251302898655,0.0285542165082955,-0.410626930928367,0.681346113139325,0.987342790968196,"MBD5"
37.7530114058939,-0.0279397015168272,0.0672763549111514,-0.415297492762885,0.677924136424643,0.987342790968196,"CX3CR1"
35.9922610981432,-0.0106539225041137,0.0257623413261632,-0.413546360916117,0.679206363057096,0.987342790968196,"TTC14"
32.5803702739405,-0.0200588561582504,0.0485119951386885,-0.413482399577777,0.679253214902065,0.987342790968196,"CD38"
44.5172372431567,0.0112470504209196,0.0274573196566443,0.409619386071355,0.68208517374319,0.987342790968196,"SENP6"
22.7724547731232,-0.0138380842652643,0.033330901773411,-0.415172813485154,0.678015399218795,0.987342790968196,"AGK"
50.0670798008462,0.0257364600340111,0.0627110859407814,0.41039729495857,0.681514530276807,0.987342790968196,"TRBC1"
35.010314866396,0.0122838174618675,0.0299695661364943,0.409876386128571,0.681896628444851,0.987342790968196,"BTAF1"
25.4891360446442,-0.0155574729414748,0.0371865482648701,-0.418362920663217,0.675681792348055,0.987342790968196,"CD81"
122.298461469359,0.0115441723963606,0.0279863765275552,0.412492570626079,0.679978425022539,0.987342790968196,"SLC38A1"
22.593575728788,-0.0164275679908344,0.0401584634346228,-0.409068639231631,0.682489290009326,0.987342790968196,"DYNLL1"
23.3326289161485,-0.0148115375869286,0.0351378934388628,-0.421526054562704,0.673370989784883,0.987342790968196,"ANKRD10"
62.9558170466312,0.0110582140072933,0.0272028855002282,0.406508861245639,0.68436874740871,0.987342790968196,"TCF12"
22.7469861701591,0.0194522641167042,0.0465772098492496,0.417634808518218,0.676214142889788,0.987342790968196,"MVD"
61.3120446398085,-0.014456542902206,0.0355659971772372,-0.40647090056731,0.684396633902521,0.987342790968196,"YES1"
40.6357969222676,-0.0148248536506834,0.0358776711915753,-0.413205572109835,0.679456006019699,0.987342790968196,"CALR"
118.940929765957,0.00829007980665766,0.0201184858061493,0.412062810617872,0.680293386118498,0.987342790968196,"FTL"
28.6555866514124,0.0142489847081927,0.0349152008689689,0.408102613004199,0.683198341744029,0.987342790968196,"RRBP1"
44.6354237918775,0.0116763109547958,0.0286251382218745,0.407904089904904,0.683344089982791,0.987342790968196,"RBM3"
61.0123876425127,0.00914195671211536,0.0225499378383097,0.405409397474446,0.685176604404241,0.987741732432859,"ATAD2B"
68.9983442057574,0.00887872396144516,0.0221484964358404,0.400872537202016,0.688513970200958,0.98848685868515,"FAF1"
40.7582765174745,0.01160361752003,0.0290442117272894,0.39951566353331,0.689513284640509,0.98848685868515,"PRPF38B"
49.6270115555237,0.0105408376445729,0.0265228023259856,0.397425487511385,0.6910537235437,0.98848685868515,"MAN1A2"
45.8056531414242,0.0106656621713221,0.0266979836218865,0.399493172307537,0.689529853616406,0.98848685868515,"LPCAT1"
43.9774784440375,-0.0102607537482572,0.0254204248272857,-0.40364210346491,0.686475919876143,0.98848685868515,"SRSF3"
34.9728324581347,-0.0132730368176253,0.0333726244484624,-0.397722295953168,0.690834900562459,0.98848685868515,"FAM120B"
49.6507545869535,0.00990746546030607,0.0249445846487357,0.397179010988593,0.691235458774733,0.98848685868515,"MON2"
25.5291751291358,0.0137034704146659,0.0342195806770535,0.400456994023162,0.688819953047472,0.98848685868515,"UBE2G1"
23.477540328477,-0.0128550726988098,0.0323041092825633,-0.397939240062828,0.69067497415646,0.98848685868515,"GPS2"
54.8561336418597,0.0122357479546681,0.0306978560548999,0.398586400717554,0.690197983660323,0.98848685868515,"DYRK1A"
86.0730084086524,-0.0118863508329813,0.0297507930459421,-0.399530554181398,0.689502314987302,0.98848685868515,"TRAPPC10"
136.165822651703,0.00703649413465014,0.0178600733466124,0.393979016664273,0.693596531228835,0.98877548407075,"PRRC2C"
48.2324546541012,-0.0104672128648086,0.0265809159021839,-0.39378676428334,0.693738477096774,0.98877548407075,"PSME4"
36.6605366916618,-0.0122160814205576,0.0310098065380409,-0.39394252284585,0.693623474915025,0.98877548407075,"TOP2B"
115.217521624273,0.00830067337289862,0.0210891506238126,0.393599226491655,0.693876952392508,0.98877548407075,"LRBA"
25.0015162050434,-0.0121664813602742,0.030919363426303,-0.393490680662726,0.693957105792774,0.98877548407075,"SUPT16H"
23.8247719705571,-0.0172296902185244,0.0439079475882098,-0.392404818829448,0.694759126082017,0.989087049355407,"PHACTR4"
39.2422813868685,0.00986289572316512,0.0253034997902718,0.389783856182496,0.696696382369609,0.989087049355407,"GUK1"
44.7236806102754,0.0113462332599245,0.0290647434235878,0.390377891680142,0.696257133493366,0.989087049355407,"GSK3B"
683.325254618592,0.00868907005895693,0.0222099416687139,0.391224352975083,0.695631408892023,0.989087049355407,"RPL41"
245.936105652185,0.00915948661382962,0.0234728149685941,0.390216794452849,0.696376243884225,0.989087049355407,"RPL18"
37.778508728049,0.0133061844757421,0.0345969900514396,0.38460526352027,0.700529893840956,0.990494510823472,"SUCO"
329.068957627352,-0.00661179232385681,0.0172700982756565,-0.38284624779331,0.70183376834052,0.990494510823472,"RPL31"
65.8644938466274,-0.0101897145106046,0.026299734611324,-0.387445526017483,0.698426405597256,0.990494510823472,"FRYL"
33.7630681498623,-0.0106785380598174,0.0281011239618047,-0.380003948394797,0.703942484229781,0.990494510823472,"CANX"
33.0162757992319,-0.0151450272021164,0.0397742757910591,-0.38077443022912,0.703370634219886,0.990494510823472,"MYO1G"
75.0013812924318,-0.0137214221422545,0.0359156610481684,-0.382045652002673,0.702427502906601,0.990494510823472,"CD44"
29.3161423355606,-0.0138621803242847,0.0364340723163172,-0.380472987041759,0.70359434476467,0.990494510823472,"MYO5A"
29.3096598904113,-0.0130656085828973,0.0340913142334462,-0.3832532971134,0.701531963847069,0.990494510823472,"CSK"
30.3295714600289,0.0116415376861677,0.030490890237608,0.381803797640804,0.702606901683541,0.990494510823472,"WSB1"
30.3571805899395,-0.0135505981951756,0.0354517355781544,-0.382226651930846,0.702293254580969,0.990494510823472,"LLGL2"
24.9827460676564,-0.0139377732476372,0.0362978532480265,-0.383983403988086,0.700990748076389,0.990494510823472,"NDUFA11"
34.5802344198666,0.0126744376275328,0.0333899156230768,0.379588788741144,0.704250684301093,0.990494510823472,"S1PR5"
76.6100422577413,-0.00776341277668635,0.0203523534962418,-0.381450370254228,0.7028690910666,0.990494510823472,"GNAS"
26.480039856537,-0.0140715788150897,0.0372727322947252,-0.377530112464577,0.7057796906195,0.991933920483852,"SNRNP200"
37.6258512706281,-0.0104698142547468,0.0282259430871474,-0.370928766575535,0.710690588535468,0.992078815853052,"CAPZA1"
56.3916971488896,0.00937596367077387,0.0253481897048376,0.36988691421165,0.711466752002325,0.992078815853052,"PTPN22"
59.3353008312692,-0.00861023646395965,0.0236309101162495,-0.364363303046841,0.715586734716079,0.992078815853052,"PUM2"
26.9210417336621,0.0176267037957033,0.0478120263781733,0.36866673786807,0.712376144305617,0.992078815853052,"FOSL2"
23.2892190728125,0.0122716445502117,0.0334754780858595,0.366586087844265,0.713927787132528,0.992078815853052,"XPO1"
34.9075399373093,0.0110039505654194,0.0301493844845214,0.364980935881753,0.715125637030961,0.992078815853052,"STT3B"
26.4120244072013,-0.0172692735401613,0.0466248125449672,-0.370388053003022,0.71109337417407,0.992078815853052,"SLCO4C1"
101.289481072362,-0.00829303395869117,0.0227388038076773,-0.364708452952622,0.715329048076346,0.992078815853052,"BCLAF1"
37.7751352851174,-0.0175400062436903,0.0472193636668378,-0.371457912212584,0.710296498227927,0.992078815853052,"DOCK5"
29.8435438272396,-0.0127475452984043,0.0339155566173026,-0.375861302889568,0.707020010435635,0.992078815853052,"CCAR1"
25.7364256419654,0.014419613079933,0.0387252194600832,0.372357168815951,0.70962693912883,0.992078815853052,"NUTM2B-AS1"
34.2561183634744,-0.015508848926837,0.0420399693911327,-0.368907236409839,0.712196869339543,0.992078815853052,"OSBPL5"
93.7802543563632,0.00794833676212566,0.0217884047692646,0.364796635930769,0.715263216448409,0.992078815853052,"USP15"
35.0419142464981,0.0310642306851177,0.0830218483057008,0.374169346010388,0.708278328643606,0.992078815853052,"LINC02384"
41.0286190505808,-0.0102593964568318,0.0280073424877315,-0.366310957968463,0.714133053737544,0.992078815853052,"SPATA13"
29.4791255305454,-0.0130390520620208,0.0359065459274309,-0.363138578920218,0.716501367004982,0.992078815853052,"RBM26"
140.020142299052,-0.00874194776355972,0.0239659360040642,-0.364765547320048,0.715286424924537,0.992078815853052,"SERF2"
46.6617561983521,0.0110990515685909,0.0301341154414834,0.368321797603244,0.712633301072552,0.992078815853052,"ZFAND6"
41.3562693034923,-0.0107943746379971,0.0286991206305719,-0.376122138965413,0.706826096213773,0.992078815853052,"SUMO2"
51.3172156441959,-0.0100122720453188,0.0275568695050867,-0.363331257328438,0.716357446461833,0.992078815853052,"TPST2"
22.3969559175466,-0.0144279647533691,0.0391750640871502,-0.36829460498832,0.712653574856252,0.992078815853052,"BRWD3"
22.9603483935686,-0.0114001601111676,0.0318937532091679,-0.357441786057673,0.720761099329375,0.993163869115682,"TNFRSF14"
35.8014625437513,0.0104255743991356,0.030641098520776,0.340248062322786,0.733669726441541,0.993163869115682,"LCK"
46.6234061610554,0.00958863492871995,0.0288992149242335,0.331795689047573,0.740043539706057,0.993163869115682,"ARF1"
37.8729643081376,-0.0108978977298928,0.0309400441148834,-0.352226315173561,0.724668543257831,0.993163869115682,"TLK1"
98.6835932372382,0.00698029692854272,0.0197802020199167,0.352893106021579,0.724168579364779,0.993163869115682,"WIPF1"
22.926812941776,-0.0119157274701838,0.0342376232194041,-0.348030217922096,0.727817489811787,0.993163869115682,"ORMDL1"
171.449669609248,0.00598020620174567,0.0178488242513127,0.335047626529566,0.73758915961214,0.993163869115682,"ANKRD44"
46.9848093421067,0.00924179251929658,0.0271052817085522,0.340959102313282,0.733134370465059,0.993163869115682,"RFTN1"
22.9912180654153,-0.0115500580731707,0.0324996856516791,-0.355389839672926,0.722297559495303,0.993163869115682,"SLAIN2"
28.3239697158956,-0.0113929118060673,0.0317386743217912,-0.358959914032866,0.719625077405028,0.993163869115682,"FIP1L1"
26.1838758037962,0.0109576894675833,0.0325616461301877,0.33652136086033,0.736477746261159,0.993163869115682,"SEC24B"
54.424940491638,0.00815260497550925,0.0243705655034456,0.334526704944807,0.737982142840674,0.993163869115682,"BLTP1"
26.6669415101256,0.0114899423215873,0.0341065960718923,0.336883290767802,0.736204881857548,0.993163869115682,"APC"
124.115212598832,0.0072988930075316,0.0205816605096807,0.354630910567129,0.722866116062875,0.993163869115682,"ARHGAP26"
39.3432450755665,-0.0123879706444326,0.0349077341895902,-0.354877534507147,0.722681339369655,0.993163869115682,"GMDS"
25.1008709781209,-0.013880400104081,0.0415782800981334,-0.333837765086011,0.738501984220488,0.993163869115682,"SERPINB1"
26.8474411404133,0.0110034274929173,0.0321156663299994,0.34261868895552,0.731885340425086,0.993163869115682,"NUP153"
25.7146498224743,0.0104917184544984,0.0319527813644065,0.328350710219723,0.74264650633802,0.993163869115682,"CDC40"
42.5544548617264,-0.00997713729962011,0.0299754486845107,-0.332843634957018,0.73925231842416,0.993163869115682,"MAP3K5"
23.0153712275795,-0.0158618618180692,0.0480870558020888,-0.329857204885898,0.741507860841955,0.993163869115682,"PHF14"
48.153010535343,0.0080311173163849,0.024015501841101,0.33441388689368,0.738067261801012,0.993163869115682,"TRA2A"
25.3785015864012,0.0131290194940398,0.0373827547408983,0.351205243836033,0.725434376388163,0.993163869115682,"SBDS"
22.9163108691707,-0.0191360242480764,0.0571230193457893,-0.334996722288753,0.737627558747983,0.993163869115682,"GALNT11"
52.1902929610612,0.00766036397624699,0.0227631472305895,0.336524817884272,0.736475139801523,0.993163869115682,"KAT6A"
49.8297603783627,-0.00898431591022546,0.0262290413645764,-0.342533140473796,0.731949708177666,0.993163869115682,"KIAA2026"
25.3679581440135,0.0107216430379503,0.0316369491357687,0.338896237811641,0.734687898710939,0.993163869115682,"ZFAND5"
58.736833414574,-0.00856529728810581,0.0260438342947889,-0.328880040901645,0.742246360951017,0.993163869115682,"SETX"
45.5053857043045,0.00903264657621597,0.0275596188606308,0.327749328533683,0.743101202783803,0.993163869115682,"EDF1"
26.0418501362901,0.0126611072888266,0.0369831425188959,0.342348065266699,0.732088967542733,0.993163869115682,"VCL"
67.2234509740747,0.00941420966645595,0.0273540955573974,0.344160882479262,0.730725298604707,0.993163869115682,"CCSER2"
72.265958910554,0.00738769336784375,0.0225152681923953,0.328119270208782,0.742821484337524,0.993163869115682,"OGA"
74.4519817014529,0.00844998453728185,0.0247029296473274,0.342064065190585,0.732302679829274,0.993163869115682,"USP47"
42.6568170726828,-0.00890530103490116,0.0269196012156426,-0.330811031098277,0.740787227990456,0.993163869115682,"FNBP4"
45.0111657772532,-0.0101832721964539,0.0296976963323138,-0.342897714439,0.731675411259232,0.993163869115682,"GSTP1"
43.2338460054464,0.0138611962884143,0.0387582789650674,0.357631883007686,0.720618815116376,0.993163869115682,"SLC38A4-AS1"
40.897510301582,0.00961945749659823,0.029065024080278,0.330963341713709,0.74067217561773,0.993163869115682,"FNDC3A"
28.7372774094581,0.0110344912936638,0.0333170949030352,0.331196081944666,0.740496379535333,0.993163869115682,"ARID4A"
38.1500038729666,-0.014260480876897,0.0411142063566169,-0.346850447585059,0.728703675290697,0.993163869115682,"MNAT1"
48.334963804285,0.0104890025611261,0.0300451447144802,0.349108072562251,0.727008176374025,0.993163869115682,"DYNC1H1"
26.7075581373694,0.0104583499742292,0.0314820034286535,0.33220090322176,0.739737561780872,0.993163869115682,"UBE2I"
31.4607131666764,0.0107130928034138,0.0305254785982647,0.35095576860252,0.725621531833482,0.993163869115682,"ATP6V0C"
328.366874260062,0.00674522491753899,0.0202504195794896,0.333090625162691,0.739065875757781,0.993163869115682,"RPL23A"
41.7345238743398,-0.00877144170678021,0.0249579542185242,-0.351448745757771,0.72525171791338,0.993163869115682,"ZNF207"
283.829728189946,0.00699817634641414,0.0199809006375282,0.350243288496723,0.726156122104094,0.993163869115682,"RPS15"
26.1908865606174,0.0129256680239467,0.0386999546630245,0.333996981042886,0.738381836770256,0.993163869115682,"BST2"
30.7870834652102,0.0115583512538827,0.0328374003555499,0.351987402435443,0.724847710090534,0.993163869115682,"SIRT2"
133.101360429165,-0.00775663337775793,0.0235697409218294,-0.329092856959409,0.74208550313927,0.993163869115682,"RPS5"
28.0802225272988,0.013796364510301,0.0394905693888924,0.349358460103175,0.726820214980303,0.993163869115682,"NOL4L"
62.0454376226689,0.00884104973819968,0.0254057281066479,0.347994346042231,0.727844429647454,0.993163869115682,"PREX1"
242.08304331447,0.00745082515017628,0.0217396621146736,0.342729574676656,0.731801911422792,0.993163869115682,"RPS4X"
33.369618710953,-0.0121404984920171,0.0338964233165389,-0.358164588005174,0.720220146371446,0.993163869115682,"NDUFA1"
41.9573912466681,-0.0125415413356565,0.0386517478573939,-0.324475399713581,0.745578143828121,0.994655712440932,"PPM1B"
87.443911973139,-0.00680198134186809,0.0211074210464742,-0.322255444039872,0.747259184575909,0.994655712440932,"EXOC4"
33.4459471342504,0.0150233066144512,0.046608993271384,0.322326348629265,0.747205474098196,0.994655712440932,"GIMAP7"
35.3007713241362,0.0112239267601327,0.034789236374407,0.322626419256207,0.746978183127708,0.994655712440932,"PIK3C2A"
36.3992878032016,0.00954967012125097,0.0295072255313068,0.32363836142842,0.746211841511542,0.994655712440932,"COX6A1"
34.7074818579218,0.00986443658280503,0.0305777431107537,0.322601852827256,0.746996790345171,0.994655712440932,"STAT3"
30.074098342818,0.0100037751346392,0.0312770618330978,0.319843826380553,0.74908672264951,0.995063066918306,"ODF2L"
70.0088864475482,-0.00821667153964167,0.0256821403799017,-0.319937178837005,0.749015953308929,0.995063066918306,"TAGLN2"
34.5278247702393,-0.010537916894627,0.0328583449652672,-0.32070747646499,0.748432080948292,0.995063066918306,"UBR5"
35.3795058607298,0.00838699423651906,0.0263769746739227,0.317966496923954,0.750510350630482,0.996279640011505,"MDM4"
89.8210892305173,-0.0074653532279242,0.0235284667743225,-0.317290255226976,0.751023370865888,0.996286581229798,"ZAP70"
62.9199612809481,0.00815440500219497,0.0268116001495626,0.304137200193477,0.761023366717267,0.996953295850397,"TRAF3IP3"
36.359492654284,0.0100392505254507,0.0328038577515648,0.306038716588807,0.759575167522126,0.996953295850397,"OST4"
26.0012100330178,-0.0144977105221593,0.0469919806820891,-0.30851456592646,0.757690818428567,0.996953295850397,"MGAT5"
24.0987474144263,0.0104256825795337,0.0346006742990504,0.301314433627088,0.763174735626742,0.996953295850397,"ITPR1"
29.7650029032459,0.00949354357736563,0.0307446112521994,0.308787237525617,0.75748337802378,0.996953295850397,"TBL1XR1"
26.6330827596217,-0.009992541122532,0.0317568516084323,-0.314657801904982,0.753021487047537,0.996953295850397,"FXR1"
27.8860621178024,-0.00937082216859283,0.0300254445865165,-0.312096033801977,0.754967540672267,0.996953295850397,"OCIAD1"
98.2591754573046,-0.00774370278965248,0.0246542278869815,-0.31409228571873,0.75345094838478,0.996953295850397,"PLAC8"
67.1027265051602,0.00690291008330243,0.0228773207919093,0.301735948282182,0.762853361976388,0.996953295850397,"RICTOR"
26.0678981332126,-0.00999624072882262,0.0332060153575754,-0.30103704467938,0.763386246391874,0.996953295850397,"TNPO1"
52.3723607568162,0.00794974930914559,0.0259463874105038,0.306391374774869,0.759306674723741,0.996953295850397,"CDKAL1"
23.4501285237965,0.0109398369644869,0.0353170422634285,0.309760848116528,0.756742826793586,0.996953295850397,"ZNF655"
41.7271786168185,0.0162948862806295,0.0527620652952391,0.308837157708832,0.757445402131117,0.996953295850397,"MTSS1"
287.805238492908,-0.00697979105543252,0.0231713641915285,-0.301224865214641,0.763243030155982,0.996953295850397,"RPL12"
179.867595522529,-0.00774019484922714,0.0253282342560581,-0.305595517278344,0.759912633994765,0.996953295850397,"BTG1"
66.807547427812,-0.00832932176402737,0.0271602392145402,-0.306673358000774,0.759092010472563,0.996953295850397,"GNPTAB"
31.2100370898198,0.0117299185629266,0.0390395742568323,0.300462256216172,0.76382458230516,0.996953295850397,"ARHGEF7"
1763.3403780241,-0.00683051642607932,0.0221575420016514,-0.308270494334175,0.757876515604777,0.996953295850397,"B2M"
72.7833151845953,0.00663012496836724,0.0214216888807196,0.309505240473109,0.756937226417945,0.996953295850397,"CHD2"
23.547197921589,-0.0115455704771141,0.0369354837803071,-0.312587498400923,0.754594077327734,0.996953295850397,"TLK2"
31.4416601098002,0.0117470215947435,0.0384799918973572,0.305276093250692,0.760155882259738,0.996953295850397,"ZNF407"
45.3941334521133,-0.0120218964046869,0.0395113038345466,-0.304264735353419,0.760926209387279,0.996953295850397,"HSH2D"
26.0786398398977,0.0118490862975853,0.0395059450926256,0.299931725966912,0.764229233924056,0.996953295850397,"RALGAPA2"
65.5569597370683,-0.00796000348127126,0.0261859472148787,-0.303979971240011,0.761143150209288,0.996953295850397,"MIF"
31.8080355704678,-0.00962747023729598,0.0319687660632114,-0.301152387873204,0.763298294356696,0.996953295850397,"ARHGAP4"
230.772165929739,-0.00610564267116336,0.0204939955705808,-0.297923489352562,0.765761559656394,0.997625617560322,"RPS20"
54.1337960433297,0.00717431662488291,0.0240285254754333,0.298574984645559,0.765264354614964,0.997625617560322,"EIF4B"
43.3954871746004,-0.00844319602555135,0.0284217384715366,-0.297068247039389,0.766414405847632,0.997813579477806,"TES"
51.836168401479,0.00625387356358265,0.025664194244308,0.243680884895487,0.807477978813248,0.99930673917661,"PRDM2"
127.74078648261,0.00569543193589534,0.0203249850148096,0.280218260025551,0.779310058168103,0.99930673917661,"EFHD2"
58.9558305451411,0.00592159987225011,0.0228958897127619,0.258631568658783,0.795919523490009,0.99930673917661,"CAPZB"
34.3428565243726,0.00705455012800021,0.0291671845478308,0.241865995548236,0.808883999556585,0.99930673917661,"SRSF4"
70.8765264647436,-0.00762055657018814,0.0267932876483429,-0.284420361928203,0.776088256502043,0.99930673917661,"HIVEP3"
42.4454110102486,0.00609393275512638,0.0249694869215292,0.244055185205751,0.807188080193023,0.99930673917661,"MIER1"
203.868418756088,-0.0050491537272614,0.020134090496917,-0.250776350093119,0.801987027296813,0.99930673917661,"RPL5"
41.7963495071807,0.0142993044523642,0.0501409724892761,0.28518203262656,0.775504684948696,0.99930673917661,"XCL2"
92.8959154455329,-0.00581612806854761,0.0203572715709569,-0.285702730263976,0.775105813379543,0.99930673917661,"C1orf21"
276.454735305475,-0.00603956514682264,0.0209149064980291,-0.288768450740709,0.772758576704245,0.99930673917661,"RPS7"
125.986928820258,-0.00616022890387749,0.0228233377761434,-0.26990920277737,0.78723010706265,0.99930673917661,"NCOA1"
35.6293545374887,0.00702550296109524,0.0263750283907819,0.266369493787945,0.789954657194256,0.99930673917661,"TGOLN2"
48.3989718599192,0.00795372153494595,0.0300290652136493,0.264867436876813,0.791111584270919,0.99930673917661,"ANKRD36C"
37.8511757342409,0.00861490976867149,0.0304459628910685,0.282957375974426,0.777209511283957,0.99930673917661,"RNF149"
56.1915598033201,0.00748528506306394,0.0284031294201243,0.263537336057077,0.792136450270524,0.99930673917661,"ACTR3"
29.6084362088854,0.00725013426204948,0.0300058892565671,0.241623709267763,0.809071749006802,0.99930673917661,"WDR33"
26.3993530718609,0.00909721077333841,0.0313193864843498,0.290465803916186,0.771459908112699,0.99930673917661,"EPC2"
80.6877806707865,-0.00661509466987542,0.0247677153352463,-0.26708538031611,0.789403423669711,0.99930673917661,"PLCL2"
38.1219820765737,-0.0168639456108875,0.0651032604294738,-0.259033810282914,0.795609153710542,0.99930673917661,"H1-10"
63.4952911780603,-0.0100036008494638,0.0364638444138852,-0.274343010460369,0.783821034369054,0.99930673917661,"PPM1L"
24.8695617473836,-0.00893696618820267,0.0314105855327519,-0.2845208402398,0.776011265482578,0.99930673917661,"PPP1R2"
29.3239327689456,-0.00831506784185631,0.0322552824909221,-0.257789335566864,0.796569495375048,0.99930673917661,"RFC1"
30.996348619004,0.00806152392924835,0.0291485547752601,0.276566848387646,0.782112723225446,0.99930673917661,"UBE2K"
25.182925391367,-0.00962037969320615,0.0352175474092263,-0.273170064383467,0.784722490294124,0.99930673917661,"SPCS3"
27.9320636878818,0.0076544200468555,0.0307608450564113,0.248836468335584,0.803487280507211,0.99930673917661,"ICE1"
23.5128312289781,0.00985992164934102,0.0355488707212837,0.27736244356808,0.781501816429162,0.99930673917661,"MTREX"
71.9491781520439,-0.00606945224816525,0.0218256785238863,-0.278087677389858,0.780945054830803,0.99930673917661,"ERBIN"
59.3315633222248,-0.00757120219758534,0.0274260236286389,-0.276059056176095,0.782502707550113,0.99930673917661,"COX7C"
29.1292170660454,-0.00961252043337893,0.036818197098771,-0.261080693538353,0.794030279812017,0.99930673917661,"MAN2A1"
23.1502432159165,0.00907316927935402,0.034069439932316,0.266314013302808,0.789997381629997,0.99930673917661,"UBE2B"
28.8774541756675,0.00763429836891057,0.029399679263225,0.259672845426584,0.795116140481256,0.99930673917661,"FAM13B"
30.1725206754993,-0.007774782085962,0.0316844911795157,-0.24538131421812,0.806161195910838,0.99930673917661,"CLINT1"
27.6320497006892,-0.0082379530297274,0.0342338069543809,-0.240637947182009,0.809835736641595,0.99930673917661,"DEF6"
58.7487675628378,0.00668479193641987,0.0253419550404068,0.263783592298275,0.791946678365802,0.99930673917661,"ZNF292"
30.1853871447983,-0.00767045364395492,0.0303803085054801,-0.252481097832542,0.800669222693144,0.99930673917661,"RWDD1"
32.3056605200841,0.00831480031488832,0.0313195066116888,0.265483119449435,0.790637312176845,0.99930673917661,"STXBP5"
30.1825063666374,0.00847237122443689,0.0311874063188437,0.271660013590736,0.785883449854618,0.99930673917661,"NDUFA4"
24.8831621782985,0.00974147973871008,0.0347670927667881,0.280192531600335,0.779329796204102,0.99930673917661,"SEC61G"
42.9268405805815,0.00923066361323307,0.0317853936907669,0.290405829263472,0.771505784666846,0.99930673917661,"VOPP1"
24.6831258029774,0.0103924693933583,0.0361231348058661,0.287695667865201,0.773579706435237,0.99930673917661,"SAMD9"
27.1866844175001,0.010570158341198,0.0361152141022094,0.292678822594918,0.769767658534412,0.99930673917661,"CHCHD3"
45.4799743343681,-0.0160579899752771,0.0657476793242939,-0.244236604855247,0.807047578731612,0.99930673917661,"TRBC2"
54.0743582941535,-0.00921723540752972,0.0319373590947315,-0.288603556110882,0.772884773871682,0.99930673917661,"ARFGEF1"
32.1426027958063,0.00822492339103797,0.0309472493334145,0.265772356774769,0.790414533868826,0.99930673917661,"TRAM1"
39.9986127908259,0.00960181611042304,0.0356261612833827,0.269515877224237,0.787532725842992,0.99930673917661,"RFX3"
65.4842942915175,-0.00598020746422363,0.022955086187734,-0.260517752593721,0.794464423364817,0.99930673917661,"KDM4C"
24.6411434841717,-0.009381995905418,0.0346485510443385,-0.270775995608365,0.78656332312836,0.99930673917661,"GLIPR2"
66.8263602671809,-0.00929617113017985,0.0374712847565173,-0.248087867565389,0.804066422523065,0.99930673917661,"CLIC3"
33.4317745784801,0.00763839385861441,0.0314786371104321,0.242653258202307,0.808274019847233,0.99930673917661,"KIF5B"
35.1920188481678,0.00795112923670401,0.030547520454468,0.260287221954902,0.794642228409327,0.99930673917661,"LCOR"
24.4229060179307,-0.00926431338735014,0.0374503098501825,-0.247376147871978,0.804617131886322,0.99930673917661,"NDUFB8"
48.2874437296889,-0.00776652291960151,0.0275112086477281,-0.282303951783771,0.777710455678565,0.99930673917661,"PHF21A"
64.6254850558828,0.00646082701623686,0.0245494890501516,0.26317562060205,0.792415220583518,0.99930673917661,"PTPRJ"
24.8734124163999,-0.00905195209201271,0.0331852646586572,-0.272770224529497,0.78502984927804,0.99930673917661,"HNRNPUL2"
32.4777546948555,0.00761843496874582,0.0298331419652577,0.255368173342851,0.798438750033983,0.99930673917661,"DRAP1"
42.1240134560653,-0.00743986619259177,0.0265059176777761,-0.280686987827994,0.778950489911986,0.99930673917661,"SF3B2"
24.6682785621479,0.0085381249062096,0.0347744159947811,0.245528922972883,0.806046916118137,0.99930673917661,"TAF1D"
54.2650636884754,0.00604277629399225,0.0236727427581161,0.255263040524551,0.798519943932615,0.99930673917661,"KMT2A"
55.6876080854968,-0.00644508581515636,0.0255320808006308,-0.252430887458147,0.800708028244001,0.99930673917661,"KDM5A"
39.2934035957911,-0.00729273709782749,0.0291264022967893,-0.250382351500769,0.802291676503399,0.99930673917661,"CHD4"
28.9309670888484,0.00821539895820243,0.0310637498725082,0.264469002999318,0.791418546762803,0.99930673917661,"PA2G4"
27.4292590409828,-0.00873777215925043,0.0326785180958749,-0.267385813934856,0.789172120785535,0.99930673917661,"R3HDM2"
144.434846623943,-0.00522408044301043,0.0191007787939467,-0.273500913201823,0.784468190458172,0.99930673917661,"RAP1B"
99.8160252091106,-0.00600804399599208,0.0242988798895252,-0.247256006174262,0.804710103841113,0.99930673917661,"CDK17"
31.7656032784134,0.00858016340465301,0.0326371733221919,0.262895420505637,0.792631186106638,0.99930673917661,"FRY"
95.6441091288391,0.00482247548306106,0.0196771541522696,0.245079925976229,0.806394545774719,0.99930673917661,"ITM2B"
43.1913211473813,0.0167972351927526,0.0617757833226439,0.2719064702915,0.785693936043902,0.99930673917661,"TC2N"
28.3829834262242,-0.00894032288681971,0.0361264036242026,-0.247473370995341,0.804541897550581,0.99930673917661,"USP8"
53.1448464801208,-0.006883734167798,0.0275994161224644,-0.249415934643451,0.803039060489337,0.99930673917661,"PIAS1"
26.9686383901878,0.00750328504206445,0.0311341562260258,0.240998502981503,0.809556276783505,0.99930673917661,"CIB1"
54.6535722210925,0.00693922697561088,0.0277855498374792,0.249742294689117,0.802786647906436,0.99930673917661,"CREBBP"
83.1767078034605,-0.00650786253095996,0.0238235560869081,-0.273169232469718,0.784723129755733,0.99930673917661,"FUS"
56.5018893842649,-0.00685345867399193,0.0284293558936049,-0.241069783629308,0.809501031399508,0.99930673917661,"RBL2"
25.7410066602529,0.00961784391010457,0.035749388302498,0.269035202189251,0.787902593559636,0.99930673917661,"ZNF276"
50.2773620853956,-0.00627232499181138,0.0239211593709549,-0.262208235585238,0.793160904390168,0.99930673917661,"PAFAH1B1"
30.4135959131949,-0.0083919738688964,0.0331753485123812,-0.252958122377056,0.800300574426183,0.99930673917661,"GABARAP"
330.497669214425,-0.00563453697599701,0.0206231091326672,-0.273214719456237,0.784688165789537,0.99930673917661,"RPL26"
314.887398430248,0.00510325864174328,0.0190006723131353,0.268583056306664,0.788250552450228,0.99930673917661,"RPS28"
179.764810675589,-0.00663624969717561,0.0226896255665292,-0.292479471629763,0.769920053297923,0.99930673917661,"RPS9"
34.1253589848139,0.00761486947906687,0.0309746497965255,0.245841987854244,0.805804552675221,0.99930673917661,"PTPN1"
23.3689955430586,0.00885476005059698,0.032987500458812,0.268427735579814,0.78837009271486,0.99930673917661,"DIDO1"
26.3865685764393,0.00780894719727235,0.0316880761709668,0.246431722618335,0.805348052154178,0.99930673917661,"XRCC6"
73.5645152208914,-0.00727934001271716,0.0279397981024796,-0.260536600372611,0.794449886809712,0.99930673917661,"OGT"
26.2975967223369,0.00884524338057827,0.0369501898775817,0.239382893833106,0.810808693209878,0.999878476478807,"ASAP1"
22.7074913915352,0.00346815497490138,0.0370595077862694,0.0935834063124371,0.925440091602823,0.999982525815662,"CDK11A"
47.134313756997,-0.00486813248674187,0.0279453219800579,-0.174202053932885,0.861706671413826,0.999982525815662,"GNB1"
24.1700677219371,-0.00507393183856693,0.0346925511470784,-0.146254215121168,0.883720708162,0.999982525815662,"PARK7"
23.7151217348917,0.000978786009393565,0.0328644203686459,0.029782542896371,0.976240481341743,0.999982525815662,"USP48"
24.6164421585135,0.00251034220448056,0.0361605458504947,0.0694221324771904,0.944653612247948,0.999982525815662,"TMEM50A"
137.051772417638,0.0117521692816271,0.0585814629081082,0.200612424105245,0.841001642539745,0.999982525815662,"CD52"
36.4250267109257,-0.00196579628936012,0.0268550009451122,-0.0732003805688901,0.941646663551998,0.999982525815662,"WASF2"
61.3718924804782,-0.00195324640507254,0.0221371628980645,-0.0882338181304757,0.929690839144008,0.999982525815662,"LAPTM5"
43.1963879237134,6.75841697126306e-05,0.0255835577510228,0.00264170333033249,0.997892228150055,0.999982525815662,"PUM1"
24.5139918803144,-0.00558864072402823,0.0345857374193623,-0.16158801694075,0.871630294389171,0.999982525815662,"HDAC1"
483.021129193871,0.00029360292982058,0.017332980781709,0.0169389750971402,0.986485299590227,0.999982525815662,"RPS8"
25.15075978412,0.00635116049146601,0.0354137054862332,0.17934187920366,0.85766926502922,0.999982525815662,"NASP"
26.3969402983766,0.00678477920584795,0.033984774161901,0.199641732898555,0.841760786619545,0.999982525815662,"UQCRH"
41.4322994420455,-0.00456192450877622,0.0277920898709493,-0.164144709158585,0.869617226288122,0.999982525815662,"EPS15"
64.2490748641479,-0.0026420301022609,0.024486507103978,-0.107897385733373,0.914077090899042,0.999982525815662,"TUT4"
28.0504528540513,-0.00713534111574152,0.0327064489520454,-0.218163125144018,0.827302014940618,0.999982525815662,"TMEM59"
51.0697649298428,-0.000787400828688673,0.0256682993299754,-0.0306760030560009,0.975527928941138,0.999982525815662,"USP24"
284.787556756535,0.00181970103929967,0.0144478486136792,0.125949619763927,0.89977180448903,0.999982525815662,"JAK1"
37.8096385871049,-1.2942833100826e-05,0.0294344402750136,-0.000439717316853924,0.999649156353071,0.999982525815662,"USP33"
55.8503870549432,0.00420166283108705,0.0228394970391953,0.1839647704972,0.854041092262395,0.999982525815662,"FUBP1"
24.1692860365186,0.00580840136689882,0.0331733027720911,0.175092646240382,0.861006836463299,0.999982525815662,"SELENOF"
39.7551144610573,0.000527731968662453,0.0303527348566862,0.017386636530586,0.986128170049248,0.999982525815662,"PKN2"
29.2628563405739,0.00045838393544347,0.0320055389694281,0.0143220189443246,0.988573072855114,0.999982525815662,"RPAP2"
49.5149359362872,-0.00660364557756607,0.0282688571842227,-0.233601434063336,0.81529441432728,0.999982525815662,"RAP1A"
36.6719432000795,-0.000278333506492198,0.0271352984358761,-0.0102572487695292,0.991816043077986,0.999982525815662,"TRIM33"
48.2556023122364,7.10073328611196e-05,0.0258450934385773,0.00274742024167464,0.997807878564936,0.999982525815662,"CSDE1"
28.5462855104376,0.00784456177371238,0.0379083484662858,0.206934938901098,0.836060669743948,0.999982525815662,"LINC01138"
27.7855912035813,0.00623413917518288,0.0336751777024581,0.185125650420186,0.853130483198506,0.999982525815662,"LINC00869"
27.1745002252581,-0.00317871031412001,0.035315126586061,-0.0900098802243756,0.928279363417372,0.999982525815662,"CTSS"
85.065995703255,-0.000586766771445221,0.0374343671046366,-0.0156745476637842,0.98749403252513,0.999982525815662,"S100A4"
128.046063741827,-0.00215405927138685,0.020934689996188,-0.102894252161321,0.918046899599216,0.999982525815662,"TPM3"
36.7695116346491,0.00489806828969864,0.0257693913492415,0.190073107405496,0.849251843092312,0.999982525815662,"ADAR"
40.965960037963,-0.000802979822446812,0.0267174201222567,-0.0300545418971009,0.976023554648526,0.999982525815662,"SSR2"
40.4438479725779,0.00351749244830729,0.0360149578968134,0.0976675429799273,0.922196289251716,0.999982525815662,"ARHGAP30"
95.7515095110251,-0.00695320098420971,0.0403141802360613,-0.172475316216154,0.863063865358687,0.999982525815662,"FCER1G"
28.2944947860799,-7.26753847195436e-05,0.033972903732708,-0.00213921616154271,0.99829315375431,0.999982525815662,"UHMK1"
438.489686912421,-0.000104574584101729,0.0180308821635192,-0.00579974862867822,0.995372496055278,0.999982525815662,"CD247"
26.9242848864807,0.00218248686209616,0.0913709266857281,0.0238860099296449,0.980943533559245,0.999982525815662,"XCL1"
92.1337117483637,-0.00453760555498962,0.0384087584427989,-0.118139865461867,0.905956836542108,0.999982525815662,"SELL"
31.6197646434921,-0.00240392927269738,0.0327198234329057,-0.073470117515359,0.941432022560231,0.999982525815662,"KIFAP3"
224.215456022974,-0.0029420326325698,0.0205630956397481,-0.143073430387733,0.886232188515802,0.999982525815662,"RABGAP1L"
61.9867681778148,0.00535754566616633,0.0249081194190001,0.215092339009727,0.829695326710029,0.999982525815662,"COP1"
27.9879754069897,0.000747733153039098,0.0344015041249854,0.0217354784931054,0.982658962706776,0.999982525815662,"XPR1"
56.2997434479722,0.00555072005827407,0.0239846669491976,0.231427856389716,0.816982426214747,0.999982525815662,"TPR"
32.1632148579792,-0.00517533052885618,0.028683589578885,-0.180428272919716,0.85681635995893,0.999982525815662,"CDC73"
23.8347517951384,-0.000448222848124904,0.0381874185623194,-0.0117374482224671,0.990635086310986,0.999982525815662,"MAPKAPK2"
33.1131653520097,0.000876278026292943,0.02871644595323,0.0305148494949592,0.975656450711857,0.999982525815662,"CD46"
36.5846629399575,0.000453709553449945,0.0340126777448274,0.013339424694927,0.98935699462337,0.999982525815662,"LPGAT1"
41.5286430901507,0.00164642541944071,0.0288896633515171,0.0569901213249772,0.954553064393283,0.999982525815662,"PPP2R5A"
100.114028111799,-0.00384001734406795,0.0239721909987817,-0.160186331915306,0.872734295913574,0.999982525815662,"ARID4B"
25.4792112743388,-0.00363526712852537,0.0333459153011953,-0.109016864455211,0.913189114157428,0.999982525815662,"NBAS"
26.7465863788052,0.00367778965690953,0.0391664027292326,0.0939016453038853,0.92518728685108,0.999982525815662,"ACYP2"
23.3153069288032,0.0036799029605202,0.0331832712095225,0.110896328975071,0.911698556701058,0.999982525815662,"EXOC6B"
1677.41782000361,-0.00568996047197016,0.0357061497213716,-0.15935519557194,0.873389036511616,0.999982525815662,"GNLY"
47.6244121334265,0.0048909644092286,0.0310795547943629,0.157369191469748,0.874953892541604,0.999982525815662,"ANKRD36"
36.6735937350948,-0.00157169820457247,0.0345098061409373,-0.0455435245899002,0.963674083264962,0.999982525815662,"IL18RAP"
42.2980803138337,0.00525459040927688,0.0265269861814634,0.198084711671796,0.84297878615224,0.999982525815662,"GCC2"
27.5680341647781,0.00769080460684358,0.0338445436754061,0.227239128428027,0.820237803336348,0.999982525815662,"SLC20A1"
29.6813801968431,-0.00699775869884091,0.0363291053971818,-0.192621277687277,0.847255579802874,0.999982525815662,"MARCHF7"
47.1944045757371,0.00228519970364923,0.0298322200017066,0.076601731400429,0.938940381544287,0.999982525815662,"RBMS1"
59.3933080311479,-0.000774496212550267,0.0251791295901634,-0.0307594513851994,0.975461378213,0.999982525815662,"CLK1"
29.7337707864449,-0.00506002084507944,0.0343356280228138,-0.147369398390423,0.882840458318024,0.999982525815662,"CREB1"
394.98145024054,0.00101706952648749,0.0213960364587186,0.0475354175269714,0.962086503124836,0.999982525815662,"RPL37A"
23.0826668438902,-0.0074375549169877,0.0378798657914056,-0.196345862415256,0.844339466920186,0.999982525815662,"WDFY1"
46.5774121795177,0.00104072819995125,0.0250821672035317,0.0414927542546927,0.96690306914846,0.999982525815662,"TRIP12"
38.1974082138494,-0.00371718674609211,0.0277158930225027,-0.134117516728547,0.893309648436207,0.999982525815662,"SP140"
23.4485593990667,0.00618381464995934,0.0429438840156639,0.143997563138532,0.885502393916227,0.999982525815662,"DIS3L2"
31.4847465141869,-0.000888321081682204,0.0354285968450289,-0.0250735609306765,0.979996288871402,0.999982525815662,"BHLHE40"
362.859815424352,0.00215501532354374,0.0175255742173468,0.122964035119073,0.902135577602726,0.999982525815662,"RPL32"
90.2505617929636,0.0012551381418881,0.0231444271691529,0.0542306851111424,0.956751373465076,0.999982525815662,"TBC1D5"
26.6577854862422,0.0073767569920688,0.0368002402968379,0.200454044119452,0.841125495985362,0.999982525815662,"NGLY1"
28.7412610826675,-0.00443828855513316,0.0426679807783414,-0.10401918427286,0.917154124307282,0.999982525815662,"SLC4A7"
43.0881636842265,0.00187990515168635,0.0279493218761191,0.0672612079827459,0.946373758467479,0.999982525815662,"CLASP2"
24.3404245478312,0.0067806330051987,0.0319766060382503,0.212049802817964,0.832068180636991,0.999982525815662,"PDCD6IP"
25.0408601086464,-0.00557051732835666,0.0334061485292048,-0.166751259082942,0.867565771215017,0.999982525815662,"TRANK1"
71.7498655115617,0.00131219554678837,0.0224923324339929,0.0583396831182007,0.953478058769072,0.999982525815662,"GOLGA4"
46.2021536710664,-0.00478912443471741,0.0287373858487938,-0.166651360005956,0.867644379290044,0.999982525815662,"SNRK"
29.3555295482591,0.00281986494831463,0.0386156149832244,0.0730239554527269,0.941787054703599,0.999982525815662,"SACM1L"
58.8705350718474,0.004547040643043,0.0223965313990393,0.20302432381284,0.839116020456279,0.999982525815662,"SETD2"
256.451902625049,-0.000109139347804411,0.0188273476465418,-0.00579685199707124,0.995374807194064,0.999982525815662,"RPL29"
25.2743147425986,-0.00634321744606395,0.0369275878338564,-0.171774486722588,0.863614824008678,0.999982525815662,"SELENOK"
86.1932205339829,0.000871964109693292,0.0220849363003568,0.0394823013222459,0.96850586401261,0.999982525815662,"FOXP1"
47.7444654081236,0.00389421853446919,0.0279586919451381,0.139284718402085,0.889225165118546,0.999982525815662,"SIDT1"
27.8143706189492,-0.00397796423805935,0.0321825214703011,-0.123606357001279,0.901626958931753,0.999982525815662,"NAA50"
52.9184715196962,-0.000743157042306159,0.0246661971877875,-0.0301285616363314,0.975964522174461,0.999982525815662,"HCLS1"
42.3722338895007,-0.00246528808103119,0.0263839752986286,-0.0934388413090777,0.925554934575235,0.999982525815662,"PARP14"
77.2049307154869,0.00351596966560654,0.0209879898669326,0.167522935159507,0.866958602870825,0.999982525815662,"STAG1"
94.0719481251694,0.00169385016408488,0.0217994601434048,0.0777014730154837,0.938065522353853,0.999982525815662,"TFDP2"
42.2932164072941,0.00598998945207105,0.0284004450069305,0.210911816720102,0.832956083126349,0.999982525815662,"GK5"
28.5492482625488,0.00563383674369335,0.0318384207043504,0.176950885724163,0.859546968198166,0.999982525815662,"SERP1"
32.4432651772414,0.00532805550249701,0.0284242246739402,0.187447698701237,0.851309627155401,0.999982525815662,"DHX36"
28.812009603872,-0.00211815429532453,0.0304700815590439,-0.0695158721915477,0.944578999034077,0.999982525815662,"RSRC1"
26.8450666170067,0.000234479241263192,0.0359656862001824,0.00651952641632075,0.994798207378391,0.999982525815662,"RNF168"
39.6197136752641,-0.00242585475221924,0.0313991541290026,-0.0772586020073241,0.938417823243571,0.999982525815662,"DLG1"
32.2121255591977,-0.0056764417356064,0.0312115718189825,-0.181869781135279,0.855684920119272,0.999982525815662,"HTT"
28.726710577837,-0.000657384255175251,0.0300908020566883,-0.0218466843767341,0.98257025431335,0.999982525815662,"FBXL5"
31.4340523481053,0.00076597866609489,0.0359123797177469,0.0213290979911411,0.982983132275266,0.999982525815662,"LCORL"
251.398181944161,0.000828854792914717,0.0193786382892281,0.04277157045526,0.965883626732838,0.999982525815662,"RPL9"
55.4216622268343,0.00656764859980159,0.0283266858300224,0.231853759356514,0.816651600580733,0.999982525815662,"CENPC"
54.5273723617498,0.00342929744672511,0.0285696223068891,0.120032999032619,0.904457007482936,0.999982525815662,"ANKRD17"
51.286318256671,-0.000426098306575285,0.0243828771352832,-0.0174753087673439,0.986057430588103,0.999982525815662,"CCNI"
89.3928570034949,-0.00244497763831768,0.036459536825397,-0.0670600301376994,0.946533913562464,0.999982525815662,"CNOT6L"
57.2113250379903,-0.00193670571415697,0.0259977433735284,-0.0744951469952957,0.94061640257595,0.999982525815662,"HNRNPD"
75.90288573025,0.00424478603397914,0.0229128688300962,0.18525772854788,0.853026891801107,0.999982525815662,"HNRNPDL"
34.2491052366619,0.00458541919696139,0.0282213746756938,0.162480362833305,0.870927590983286,0.999982525815662,"SEC31A"
42.8415960280261,-0.000774465589725988,0.0283392697366128,-0.0273283537975371,0.978197842249889,0.999982525815662,"ELF2"
35.1193282266819,0.00385928662537063,0.0300959790963256,0.128232632439654,0.897964876289346,0.999982525815662,"SMARCA5"
63.1769153944255,0.000432185537523679,0.0234950259856643,0.0183947673770347,0.985323926765925,0.999982525815662,"FBXW7"
22.8600200068166,0.00144524117494897,0.036492522852856,0.0396037615918313,0.968409028476927,0.999982525815662,"GOLPH3"
25.132797492954,0.00377419710147188,0.031875573535316,0.118404053100106,0.905747514462211,0.999982525815662,"ZNF131"
168.155970336139,0.000768229213283312,0.0382434480897963,0.0200878647625992,0.983973280710141,0.999982525815662,"GZMA"
102.618834190231,-0.0037114342889639,0.0343796537717452,-0.107954382368275,0.9140318782507,0.999982525815662,"PDE4D"
29.6878099675977,-0.00420131217498718,0.0308135655064614,-0.136346187334478,0.891547612567446,0.999982525815662,"NSA2"
25.4096095485708,-0.0015242706008528,0.0318555187923614,-0.0478494985684648,0.961836187554171,0.999982525815662,"CERT1"
40.4204196037001,0.00790601724257908,0.0405605804573683,0.194918740151877,0.845456563053832,0.999982525815662,"TNFAIP8"
42.7210462128744,-0.00511616326858687,0.0273119865932674,-0.187323000145586,0.851407390653975,0.999982525815662,"AFF4"
45.0078339902244,0.000152673269631369,0.0280435981406397,0.0054441398306204,0.995656226339577,0.999982525815662,"SKP1"
29.8001144977572,0.00333141681182153,0.0289224140294484,0.115184604176869,0.908298801536461,0.999982525815662,"PPP2CA"
71.7258891205581,0.000536197424764703,0.0226024687888033,0.0237229583093296,0.981073593075006,0.999982525815662,"MATR3"
40.5987242477878,0.00464418058566157,0.0293229319923489,0.158380498473801,0.874156979784138,0.999982525815662,"UBE2D2"
28.7264012518085,-0.00548549292827529,0.0337187226471581,-0.162683888879095,0.870767332800411,0.999982525815662,"IK"
23.9625730649023,-0.000541822606036447,0.031636149435966,-0.0171266925873244,0.986335544428104,0.999982525815662,"TAF7"
39.4483253112753,0.00606925876077899,0.0293778998397198,0.206592669792317,0.836327985429457,0.999982525815662,"CSNK1A1"
67.2148701657082,-0.00179048887693589,0.0233378942011757,-0.0767202414023154,0.938846101687932,0.999982525815662,"CYFIP2"
25.3743564569716,-0.00185122161259315,0.0418520650119422,-0.0442325035112347,0.96471907334433,0.999982525815662,"PRELID1"
23.1248280911498,0.00467293837496685,0.0380205800936454,0.122905499165381,0.902181930941677,0.999982525815662,"HNRNPAB"
71.3983308430528,0.0055607456220489,0.0284709246093871,0.195313137818344,0.845147812638748,0.999982525815662,"PRPF4B"
127.472685995208,-0.00462826442083321,0.0334295853528576,-0.138448155188906,0.88988624108602,0.999982525815662,"RIPOR2"
557.265842382716,-0.00410233384609842,0.0204815164565519,-0.200294438881068,0.841250311558691,0.999982525815662,"HLA-A"
779.190157199312,0.00457373183521314,0.0229746011613571,0.199077746903658,0.842201928214597,0.999982525815662,"HLA-B"
39.7247076029181,-0.00429323442537526,0.0265407741015559,-0.161759955039276,0.871494888896349,0.999982525815662,"DDX39B"
432.787579596176,-0.00220734047238637,0.0194869890205299,-0.11327252609733,0.909814498029712,0.999982525815662,"RPS18"
63.8416570879632,-0.00455115047830567,0.0264607765095571,-0.171996104372141,0.863440591621672,0.999982525815662,"STK38"
45.3048937039704,0.0107309282206241,0.0476754874788081,0.225082716257364,0.821914926445789,0.999982525815662,"KCNQ5"
26.3609014455212,-0.00581569353500209,0.0333168566600282,-0.174557089654243,0.861427668302716,0.999982525815662,"SYNCRIP"
77.6825964243132,-0.00448846878681163,0.0220422799223218,-0.203629969432801,0.838642671580331,0.999982525815662,"PNISR"
46.8520235467982,-0.00562227889859796,0.0288694373161955,-0.19474847524804,0.845589860632293,0.999982525815662,"ASCC3"
24.1547456902462,-0.00113833190134377,0.0417031781268636,-0.0272960467876307,0.978223609901734,0.999982525815662,"HECA"
382.076974165544,0.00245028659221004,0.0195289760206108,0.125469281626646,0.900152042542644,0.999982525815662,"UTRN"
39.3845072953431,0.00186739069893444,0.0288494426031277,0.0647288311467061,0.948389907016687,0.999982525815662,"EZR"
32.7936675775573,-5.99386533010454e-06,0.0340159505120189,-0.000176207492070131,0.999859406763307,0.999982525815662,"AGPAT4"
30.1849211038534,0.00420211985999178,0.0361635580541404,0.116197633366186,0.907495912348999,0.999982525815662,"PSMB1"
36.8535538346328,0.00360816996482527,0.0288791855343748,0.124940156658174,0.900570927016959,0.999982525815662,"RNF216"
22.8784949098519,0.000678606049864712,0.0426748010713754,0.0159017976142341,0.9873127358956,0.999982525815662,"ZNRF2"
395.926884265334,-0.00696877037792085,0.0347146947643766,-0.200744106356713,0.840898669768297,0.999982525815662,"AOAH"
22.5114243609193,0.00441759728320308,0.037541990039167,0.117670834140499,0.906328477176983,0.999982525815662,"VPS41"
65.74647371429,-0.0027038590425385,0.0234960675783868,-0.11507708826245,0.908384020157669,0.999982525815662,"CDK13"
31.9864960401912,-6.56266813027463e-07,0.0299656423274507,-2.19006422707741e-05,0.999982525815662,0.999982525815662,"H2AZ2"
25.4012487203154,0.00211587417167558,0.0358586675210908,0.0590059340724552,0.952947381643017,0.999982525815662,"ABCB1"
66.7844863705902,0.00238456673418453,0.0227198115947852,0.104955392091889,0.916411205103745,0.999982525815662,"AKAP9"
30.5210284852943,0.00368117701262302,0.0303909478812827,0.121127416854616,0.903590113545597,0.999982525815662,"FAM133B"
24.3275232931985,0.00636248895283959,0.0458031386461043,0.138909453389189,0.889521700671306,0.999982525815662,"ATP5MF"
29.8063929550133,-0.00442141618590316,0.0377890654721969,-0.117002527865004,0.906858050295558,0.999982525815662,"CUX1"
28.3063103184232,-0.00439184891187993,0.0387784418517846,-0.113254909226782,0.909828464385917,0.999982525815662,"IMMP2L"
37.2108382443183,0.000784929008041028,0.0261112064577294,0.0300610011763234,0.976018403216967,0.999982525815662,"ZNF800"
43.9384257426215,0.000314962812808146,0.0297918008469684,0.0105721307156293,0.991564817260825,0.999982525815662,"DNAJB6"
77.5612042531617,-0.000400538233978782,0.0314451424308625,-0.0127376822941551,0.989837074777805,0.999982525815662,"ESYT2"
32.5637624317755,-0.000574011513348167,0.0326595217909128,-0.0175756251736632,0.985977401967358,0.999982525815662,"HOOK3"
67.2437577356607,-0.000992162072308278,0.0322655154652527,-0.0307499216424034,0.975468978252544,0.999982525815662,"SPIDR"
36.0739205287671,0.00498024787368925,0.0293015088046357,0.169965577776027,0.865037207675109,0.999982525815662,"PRKDC"
47.3157777516278,-0.00557070059141924,0.0303336970092423,-0.183647268241715,0.854290179014824,0.999982525815662,"RB1CC1"
41.691082958378,0.00545360044619113,0.028992060385749,0.188106687611338,0.850793018725407,0.999982525815662,"TCEA1"
68.6719798284246,0.000367594741959662,0.0239424123492461,0.0153532875717612,0.987750330146534,0.999982525815662,"RAB2A"
188.613599022056,-0.00109040771761071,0.0177231364964429,-0.0615245342058707,0.950941475943245,0.999982525815662,"RPL7"
29.9740454110364,0.00864052437854284,0.0417731320886233,0.206844063313511,0.836131642665372,0.999982525815662,"STAU2"
24.0195912162146,-0.00760727211064423,0.032033804576736,-0.237476385061326,0.812287237268376,0.999982525815662,"DECR1"
53.2486568182209,-0.000689691275619789,0.0274571094753091,-0.0251188595157839,0.979960157209731,0.999982525815662,"UQCRB"
94.2128248072461,-0.00426372246675462,0.0226283691192504,-0.188423763298407,0.850544472896274,0.999982525815662,"VPS13B"
41.5178920378115,-0.00363538712710011,0.029428806723917,-0.123531584586663,0.90168616494017,0.999982525815662,"COX6C"
132.990718788421,0.000336318413877172,0.0226217837403033,0.0148670156932843,0.988138274677269,0.999982525815662,"NCALD"
33.5912527688147,0.00400383453728971,0.030034006296343,0.133310038553772,0.893948188844719,0.999982525815662,"EIF3E"
47.0859716938589,0.00607920592259023,0.0266307120353234,0.228278009034332,0.819430119496787,0.999982525815662,"EIF3H"
25.9057215073801,0.00237442964324603,0.0360306474342229,0.0659002769123357,0.947457220119846,0.999982525815662,"ZHX2"
38.473892212349,-0.00263718284502735,0.0308095580031007,-0.085596257004464,0.931787374018417,0.999982525815662,"EFR3A"
59.2875722224621,-0.00620901970945325,0.0318476586950389,-0.194960005346342,0.845424257881117,0.999982525815662,"LY6E"
187.342258282227,0.00123771481566388,0.0181518364768712,0.0681867543948494,0.945636970892057,0.999982525815662,"RPL8"
31.8561269197598,-0.00566407592851377,0.0360690429996234,-0.15703427253595,0.875217837598693,0.999982525815662,"JAK2"
24.0818038513627,0.00592862736770971,0.0339637157338993,0.174557678381236,0.861427205668795,0.999982525815662,"UHRF2"
30.8384228998678,-0.00506312295864853,0.0324773686489357,-0.155896957459158,0.876114243583322,0.999982525815662,"PSIP1"
41.4780191369084,0.00645931602878274,0.0286488760134897,0.225464902209123,0.821617626433337,0.999982525815662,"DENND4C"
48.6085899445888,0.00418163571873322,0.0360370718354783,0.116037055891329,0.907623173790242,0.999982525815662,"DNAJA1"
42.5071194924224,-0.00475865992957116,0.0310625565452992,-0.153196016645684,0.878243698850861,0.999982525815662,"RNF38"
47.6310179772528,-4.21237565777326e-05,0.0281532466606617,-0.00149623086407977,0.998806180939589,0.999982525815662,"ZCCHC7"
75.2564568775852,-0.0068238908840169,0.0292154185007418,-0.233571560299355,0.815317608659731,0.999982525815662,"TLE4"
86.4888901934576,0.00191878961109741,0.0201273063097766,0.095332658109614,0.924050603353893,0.999982525815662,"AGTPBP1"
38.5108172330369,-0.00671354655710733,0.0318881926559437,-0.210533931149465,0.833250971828255,0.999982525815662,"TUT7"
24.4564129700139,0.0076382674531502,0.0444045112160928,0.172015573282158,0.863425285781316,0.999982525815662,"TGFBR1"
51.0179797814227,0.0181698993100333,0.105867211192561,0.171629148490406,0.863729090292911,0.999982525815662,"LINC01505"
33.1579287302464,-0.00223171519295796,0.0296874978039221,-0.075173569955199,0.940076612958796,0.999982525815662,"CNTRL"
33.4934300115387,-0.00723664284792812,0.0389620755336011,-0.185735558201647,0.852652142065329,0.999982525815662,"ARPC5L"
56.8116768426983,0.00546629281924375,0.0277053706604879,0.197300836947095,0.843592124430268,0.999982525815662,"HSPA5"
25.4783268413328,0.00386099352203118,0.0318068456574515,0.121388758999013,0.903383120058488,0.999982525815662,"NUP214"
48.8260509107496,-0.00563814306805126,0.024720228606104,-0.228078111974218,0.819585515787248,0.999982525815662,"EHMT1"
29.7052876238582,0.00568388826888857,0.0325524855142824,0.174606890352344,0.861388534046023,0.999982525815662,"TASOR2"
27.8171456625626,0.000976135391667408,0.0308996574616565,0.0315904923178743,0.97479862563836,0.999982525815662,"TAF3"
32.5762527867946,-0.00602230513099452,0.0299258625778013,-0.201240820221563,0.840510274409036,0.999982525815662,"UPF2"
40.0456280981717,0.00252605144416884,0.0308265601888545,0.0819439933840605,0.93469125038878,0.999982525815662,"OPTN"
46.1723130119976,0.000911765350425284,0.0259515495782506,0.0351333683438084,0.971973393738308,0.999982525815662,"ABI1"
23.6610626990078,0.00566164939728415,0.0328994712869657,0.172089373348903,0.86336726697201,0.999982525815662,"SAR1A"
34.460791810264,-0.000708078089123333,0.0293227895354681,-0.0241477056017082,0.980734790834543,0.999982525815662,"PSAP"
357.153031813988,-0.00344054757507111,0.0178239807616287,-0.19302913423683,0.846936151329261,0.999982525815662,"RPS24"
29.1732849026969,-0.00121842444347015,0.0310090422578484,-0.0392925532281398,0.968657143696251,0.999982525815662,"ANXA11"
28.9160363702851,0.00617882883901962,0.0306477862429209,0.201607672085837,0.840223446933206,0.999982525815662,"TNKS2"
35.9015568297433,0.00741097958686261,0.0312826754924519,0.236903636603934,0.812731548687872,0.999982525815662,"TM9SF3"
27.1736774368504,0.0032834092186019,0.0344125607522538,0.0954131034374377,0.923986708523914,0.999982525815662,"ITPRIP"
58.9141691422098,0.00305626168747019,0.0278835615584955,0.109608009760827,0.912720258066173,0.999982525815662,"VTI1A"
52.42717455425,-0.00440381898299359,0.0268719716507342,-0.163881498545465,0.869824432194874,0.999982525815662,"EIF3A"
27.9473926988384,0.00811786078888281,0.0451782555541266,0.179685131471202,0.857399766820398,0.999982525815662,"GRK5"
22.9715035397301,0.00722148995275354,0.0320725693226347,0.225160942988659,0.821854072287758,0.999982525815662,"ATE1"
36.8473382955954,0.00449731208702598,0.0293115053933354,0.15343163125455,0.878057902063067,0.999982525815662,"PTPRE"
31.7029380852504,0.00173571976129071,0.0377962681304958,0.0459230460345435,0.963371585473184,0.999982525815662,"TSPAN32"
34.0758788916687,-0.00297508056899789,0.0298589715776593,-0.099637744095107,0.920631927457468,0.999982525815662,"TRIM22"
26.297550916485,0.00153454683324825,0.0335247541901631,0.0457735446632602,0.963490745002591,0.999982525815662,"TAF10"
317.747479472664,-0.000777859160913838,0.0170098107363239,-0.0457300303320099,0.963525428096886,0.999982525815662,"RPL27A"
23.0468356060381,-0.00553261658525645,0.0358364751360098,-0.154385066172344,0.877306127957666,0.999982525815662,"EIF3M"
26.1840705918182,-0.00262727081097124,0.0347192362707405,-0.0756719067920674,0.939680127022839,0.999982525815662,"PRR5L"
151.358984203567,-0.00559532552388018,0.0285994738578216,-0.195644351770126,0.844888543356938,0.999982525815662,"FTH1"
103.2800366799,0.00139763226355,0.0208623640863058,0.066992995509431,0.946587279448106,0.999982525815662,"EEF1G"
134.478854241835,-4.60482644596709e-05,0.030613545494924,-0.00150417939886467,0.99879983893354,0.999982525815662,"TALAM1"
29.9847902831107,-0.00413876558071175,0.0303752470677393,-0.136254548694928,0.891620053591082,0.999982525815662,"SIPA1"
32.2142105680308,-0.00346972086678135,0.0307184408754722,-0.112952375442721,0.910068312383842,0.999982525815662,"GRK2"
45.3911202151964,0.00247457444942497,0.0277105140451437,0.089300921859248,0.928842761460747,0.999982525815662,"TBC1D10C"
35.1614422716131,0.0041806803164634,0.0307051888670842,0.136155499142527,0.891698354013426,0.999982525815662,"FCHSD2"
32.7774871669311,0.00759854137719661,0.0354001564446245,0.214647112904227,0.830042459155821,0.999982525815662,"PRSS23"
86.4089881383375,-0.00329567412557246,0.0349071541019636,-0.0944125698687959,0.924781431096194,0.999982525815662,"NCAM1"
25.9467703359634,0.00663405183704937,0.0390965012843227,0.169684028471099,0.865258635346294,0.999982525815662,"USP28"
33.5052747236,-0.00206766812510389,0.027657931033178,-0.0747585971858685,0.940406784250441,0.999982525815662,"PCSK7"
37.3239908424116,-0.000372606570202451,0.035464873860924,-0.0105063554339325,0.99161729542796,0.999982525815662,"TPI1"
138.106038123491,-0.00104683913287984,0.0203077806622293,-0.0515486724173101,0.958888318397221,0.999982525815662,"ARHGDIB"
25.5534338684181,0.00625735688779793,0.0335586223543057,0.186460481653088,0.85208366642982,0.999982525815662,"TUBA1A"
42.3772951087421,-0.00193791488440588,0.027348430153075,-0.0708601873511187,0.943509029579433,0.999982525815662,"TMBIM6"
49.2845805726368,-0.00347791155334187,0.0250816212334877,-0.138663745894477,0.889715867856508,0.999982525815662,"DAZAP2"
25.3903955417854,0.00230078646008725,0.0384202997372025,0.0598846567003587,0.952247500141292,0.999982525815662,"ITGB7"
43.4717517050973,0.0031527332310028,0.0249474858845442,0.126374787647682,0.899435258670911,0.999982525815662,"PCBP2"
133.397562117808,0.00216637962873541,0.0192202477807517,0.112713407935612,0.910257770997569,0.999982525815662,"HNRNPA1"
25.643145636611,0.00307018941970807,0.035392029637981,0.0867480461310783,0.930871785042866,0.999982525815662,"PTGES3"
162.633653681505,-0.00186970510874994,0.0196838474950728,-0.0949867707122787,0.924325334848557,0.999982525815662,"NACA"
27.0231344920399,0.00125912290881405,0.0355050686592446,0.0354631875493135,0.971710399979576,0.999982525815662,"SLC16A7"
26.6165040521337,-0.000378247919938129,0.0349600202231103,-0.0108194422521555,0.991367502491338,0.999982525815662,"CPSF6"
83.0483323554122,-0.000890095766541517,0.0452398536172544,-0.0196750363975987,0.98430260499372,0.999982525815662,"LINC01619"
187.359940265433,6.30980567214722e-05,0.0208411068060143,0.00302757705283021,0.997584346703309,0.999982525815662,"RPLP0"
28.4924412673464,-0.00171868482637423,0.0308920403562979,-0.0556351994413941,0.955632422820152,0.999982525815662,"ANAPC5"
25.9212446840545,-0.00576904509624741,0.0330651231289352,-0.174475234032894,0.861491992615965,0.999982525815662,"SFSWAP"
28.2354386471811,-0.00700803341682098,0.0304161935785791,-0.23040468225309,0.817777323112068,0.999982525815662,"SAP18"
22.7085787202731,-0.000215100529895275,0.036345028300015,-0.00591829309141539,0.995277912882192,0.999982525815662,"UBL3"
34.5649405652501,0.00504453949141098,0.0330130116566523,0.152804583352651,0.878552383192901,0.999982525815662,"PDS5B"
82.7480694533087,0.00047419534546854,0.0204267192239702,0.0232144643625435,0.981479200824256,0.999982525815662,"MYCBP2"
42.176068693513,-0.00303852529331441,0.029669948043366,-0.102410873415527,0.918430553314472,0.999982525815662,"TPP2"
69.5360484137171,0.00129022085805589,0.025166344552585,0.0512677101499575,0.959112197821721,0.999982525815662,"HNRNPC"
24.1926706142627,-0.00640292110593307,0.0349167596185286,-0.183376727276129,0.854502435175112,0.999982525815662,"NEDD8"
23.4945963178491,-0.00568838617701074,0.03611067946834,-0.157526423228841,0.874829985127065,0.999982525815662,"EAPP"
23.0526913698701,-0.00667128510391658,0.0542635169172364,-0.122942365016476,0.9021527376432,0.999982525815662,"FAM177A1"
80.8562387162538,-0.00359195159008937,0.0259512999638985,-0.138411239324667,0.889915414815839,0.999982525815662,"RPL36AL"
40.7567737868966,-0.0060111835079101,0.0274562585367409,-0.218936731669618,0.826699332776062,0.999982525815662,"NEMF"
46.4395545146445,0.00598880610416247,0.0264074769565133,0.22678448660675,0.820591327331481,0.999982525815662,"SOS2"
32.6336103952109,-0.00355502855156817,0.0333940058889848,-0.106457085843086,0.915219702397905,0.999982525815662,"DDHD1"
28.3843409118143,0.00370838286875277,0.039039564885609,0.0949903739864626,0.924322472792807,0.999982525815662,"MAPK1IP1L"
24.8235698221315,0.00175846338962057,0.0308970060637265,0.056913714746136,0.954613929234591,0.999982525815662,"FBXO34"
24.4568759414368,0.00389498668881042,0.033047722450431,0.117859458988516,0.906179016333449,0.999982525815662,"PCNX4"
33.8510199138185,0.00465314244581999,0.0286682757071657,0.16230981218926,0.871061888128846,0.999982525815662,"DCAF5"
114.193479231575,0.00128710558763437,0.0186188927089532,0.0691290082473836,0.944886931011648,0.999982525815662,"SRSF5"
22.5326833536095,-0.000144581386402414,0.0337009136572649,-0.0042901325427789,0.996576979980571,0.999982525815662,"YLPM1"
219.664288572696,-0.00198654812876759,0.0197395236529643,-0.100638098653879,0.91983775187029,0.999982525815662,"CALM1"
24.3905635184551,0.00596185935922487,0.0446486187871079,0.133528416358231,0.893775492484178,0.999982525815662,"RPS6KA5"
36.4209118906959,-0.000976366170781876,0.0294844106209978,-0.0331146578892963,0.97358315385543,0.999982525815662,"PPP4R3A"
33.1314800159465,0.00560698296128269,0.0276253358979357,0.202965241110486,0.839162200299251,0.999982525815662,"CCNK"
67.65591407863,-0.00354015117462858,0.025385363779817,-0.139456389332629,0.889089515392394,0.999982525815662,"SRP14"
24.9527361070036,-0.00596263853767732,0.0348611526517745,-0.171039626751234,0.864192607029599,0.999982525815662,"RTF1"
45.3074183960555,-0.00228965606829615,0.0278968292829041,-0.0820758533192624,0.934586394586452,0.999982525815662,"TMEM87A"
25.1744177067066,0.00143176145006895,0.0355798562802923,0.0402407878994725,0.967901159908537,0.999982525815662,"EID1"
27.7049209674455,-0.00445757616382682,0.0300278297514647,-0.148448162944889,0.881989092563101,0.999982525815662,"SECISBP2L"
42.6486098715471,-0.00436698476636589,0.0250943152939698,-0.174022869929242,0.861847488854226,0.999982525815662,"TMOD3"
23.5650541073033,-0.00139609270272135,0.0338427167792727,-0.0412523826567139,0.967094693863683,0.999982525815662,"BNIP2"
86.0810826552042,-0.00306589133793577,0.0182527537690102,-0.16796870087302,0.866607902288521,0.999982525815662,"VPS13C"
160.059444100133,0.00432553719248778,0.0184570567875713,0.234356823098715,0.814707975475124,0.999982525815662,"RPL4"
685.748961488418,-0.00268653838712838,0.0192904993103163,-0.139267436467632,0.889238821015492,0.999982525815662,"RPLP1"
26.7900852051142,-0.000550783863173022,0.0394343694604723,-0.01396710206626,0.988856227224439,0.999982525815662,"MYO9A"
182.242198917814,0.00573369036765522,0.0249936360440321,0.229406011896547,0.818553363934055,0.999982525815662,"RPS17"
22.3984126221629,0.00089277185003406,0.0374654247763227,0.0238292200172323,0.980988832459982,0.999982525815662,"MEF2A"
349.910049417502,0.0033308816771043,0.0197917397332634,0.168296558159876,0.866349981435892,0.999982525815662,"RPS2"
103.611999689277,0.000665631723849745,0.0209833303173093,0.0317219294451396,0.974693806517477,0.999982525815662,"SRRM2"
23.6343714506399,0.00176409388538456,0.0475491373608284,0.0371004393202271,0.970404921744149,0.999982525815662,"GSPT1"
32.2591399212872,0.00500568019280055,0.0429789336354448,0.116468226858759,0.907281465989176,0.999982525815662,"XYLT1"
28.3978533467022,-0.00684691255162797,0.0379694581582053,-0.180326843830621,0.856895982763379,0.999982525815662,"ENSG00000291073"
36.0329838495169,-0.00332943563637475,0.0286416324073244,-0.116244618638542,0.907458675859884,0.999982525815662,"RBBP6"
37.6296552679998,-0.00413181398284792,0.0294230260402915,-0.140427907625472,0.888321909220613,0.999982525815662,"TNRC6A"
50.1025425307652,0.0018030801858495,0.0413926995255588,0.0435603429231802,0.96525486343521,0.999982525815662,"SPN"
94.8930306354756,-0.00572580265229314,0.0244089174938722,-0.234578311542517,0.814536044766117,0.999982525815662,"ITGAL"
31.0382152221208,-0.00450827585647043,0.0292686765585855,-0.154030738200494,0.877585499213146,0.999982525815662,"LONP2"
25.1392905317587,-0.00731872622444468,0.0361998323787571,-0.202175693739938,0.839779374338767,0.999982525815662,"N4BP1"
29.2672466809089,-0.00753954827575732,0.0352218782051216,-0.214058666373475,0.830501308127729,0.999982525815662,"ADCY7"
45.0243980202722,-0.00732727211058192,0.031643349095559,-0.231558046793798,0.816881295672574,0.999982525815662,"PSMB10"
70.6779406544892,-0.00317257401102209,0.0275019008273687,-0.115358353989295,0.908161087230297,0.999982525815662,"NFATC3"
22.6199912146757,0.00841307791261141,0.0371195545850572,0.226648137529058,0.82069735783784,0.999982525815662,"IST1"
56.6563911849667,-0.00534311895201699,0.0263924884181592,-0.202448471980409,0.83956613766057,0.999982525815662,"GLG1"
35.1783579613673,0.00473605273530656,0.0287541352620673,0.164708578162474,0.869173364806332,0.999982525815662,"TERF2IP"
28.2982340480898,0.00346883124023227,0.0305830274497679,0.113423409305366,0.909694881523194,0.999982525815662,"PRPF8"
45.630879521334,0.00195275546241811,0.0271596148173348,0.0718992325757048,0.942682100786638,0.999982525815662,"NLRP1"
32.0562919531435,-0.000985832052608052,0.0393110993433217,-0.0250777024574747,0.979992985449849,0.999982525815662,"XAF1"
23.8773883461997,0.00691726651424715,0.0379388622634463,0.182326672482002,0.855326367879835,0.999982525815662,"TRAPPC1"
35.3747578553456,-0.0021687417608351,0.0459135984816019,-0.0472352817587178,0.962325708116748,0.999982525815662,"GAS7"
36.5204453736995,0.00378764551398523,0.0329236690016026,0.115043238765426,0.908410849961878,0.999982525815662,"NUFIP2"
58.0765243466392,0.00311475338742156,0.0321766264152729,0.096801738852993,0.922883843016861,0.999982525815662,"SLFN5"
35.0782390794756,0.00562017029677077,0.0295964536153587,0.189893369314162,0.849392688455528,0.999982525815662,"SYNRG"
25.9540774281612,-0.00119573468790129,0.0326903301912035,-0.0365776265001766,0.970821783056487,0.999982525815662,"CDK12"
47.4659592365601,0.000411308642524081,0.0303854793952129,0.013536355216725,0.989199880986916,0.999982525815662,"FMNL1"
78.322923672381,-0.00792859790319399,0.0393401384087029,-0.201539654508181,0.840276625681215,0.999982525815662,"KANSL1"
31.0080457070878,-0.00136894597825552,0.0296737857957247,-0.0461331758502062,0.963204103644222,0.999982525815662,"KPNB1"
24.29396629836,-0.00664689733997768,0.0309292275838294,-0.214906671107844,0.829840083620567,0.999982525815662,"ZNF652"
78.234083793546,0.00658835040194672,0.0294274239743198,0.223884714057748,0.822847010256343,0.999982525815662,"BCAS3"
26.2761203209208,0.000374108419097837,0.0319019084053094,0.0117268350954069,0.990643553778445,0.999982525815662,"MED13"
23.8655181657717,-0.0045850234092099,0.0372562031185333,-0.123067382755627,0.902053739688764,0.999982525815662,"SMURF2"
25.5442770525372,-0.00611541041392002,0.0386690697858283,-0.158147337078205,0.874340700326221,0.999982525815662,"GNA13"
181.056213051613,0.00362821400518388,0.0171215047446337,0.211909762564593,0.832177434133465,0.999982525815662,"RPL38"
45.7936272258609,0.00368317833342226,0.0297055884577723,0.123989408210447,0.90132366137197,0.999982525815662,"NHERF1"
32.4190380365986,-0.00201407087312529,0.0320738318794112,-0.0627948316464851,0.949929881497185,0.999982525815662,"TSEN54"
22.5757065850088,0.00192410185936431,0.0370998364360806,0.051862812459547,0.95863800573578,0.999982525815662,"SAP30BP"
28.7311236449269,0.000899620563467355,0.0353329930259247,0.0254612045689784,0.979687092716692,0.999982525815662,"UBALD2"
30.3631326478137,-0.0021100034470718,0.0298823228080959,-0.0706104227781164,0.94370781494333,0.999982525815662,"ARHGDIA"
22.8962526084062,-0.00499169914218362,0.0350151374334326,-0.142558319289003,0.886639017557634,0.999982525815662,"ESCO1"
41.1987213298411,0.00629655560371045,0.0348803392849834,0.180518760218059,0.856745327794614,0.999982525815662,"NPC1"
101.978130955987,0.00566097652271374,0.036112445037895,0.156759713078783,0.87543422452925,0.999982525815662,"RNF125"
24.5222902637475,0.00817117651796024,0.042584085798138,0.191883337749557,0.847833589465962,0.999982525815662,"GALNT1"
26.1090632334852,-0.00106103738942754,0.0314583107869257,-0.03372836502933,0.973093759813501,0.999982525815662,"SMAD2"
31.0084721610837,-0.00869479255153252,0.0391513039541142,-0.222081812695764,0.824250195723689,0.999982525815662,"RELCH"
30.7409299388398,-0.00280322239684237,0.0314013683858067,-0.0892707082825542,0.928866772508601,0.999982525815662,"VPS4B"
30.6451132107699,-0.00274741479276857,0.0329501786129454,-0.083380877082383,0.933548693434665,0.999982525815662,"ARHGAP45"
59.2699638975235,0.000359893893499474,0.0217677867550988,0.0165333250251165,0.986808916192094,0.999982525815662,"CIRBP"
44.9139558265003,-0.000977411895719274,0.0281397544519348,-0.0347342013018906,0.972291688678168,0.999982525815662,"UQCR11"
98.8019534329875,0.00153490617999748,0.0228006538939803,0.0673185158256673,0.946328136827106,0.999982525815662,"EEF2"
23.7145104437802,7.79383427823903e-06,0.0327072013185742,0.000238291078540339,0.999809871229255,0.999982525815662,"MAP2K2"
192.503303958199,0.000250913529665602,0.0184326112591833,0.013612478782169,0.989139148765013,0.999982525815662,"RPL36"
29.1226354381707,-0.0071514556043758,0.0323309967441007,-0.221195024111983,0.824940583494282,0.999982525815662,"ILF3"
22.854160470994,0.00466293253480175,0.0358091005768431,0.130216410345061,0.896395211545804,0.999982525815662,"WDR83OS"
24.3276841724253,0.00434549774743901,0.0336323530138231,0.129205879399904,0.89719474412024,0.999982525815662,"RASAL3"
46.930856970772,0.000730986323841716,0.0266240569770094,0.0274558578534046,0.978096146891909,0.999982525815662,"MYO9B"
303.147259994937,0.00187091805174496,0.017124599311741,0.109253245444536,0.913001629262865,0.999982525815662,"RPL18A"
25.7888543865204,-0.00540201864712696,0.0373718353673117,-0.144547855197178,0.885067870219689,0.999982525815662,"CAPNS1"
44.1733410177082,-0.0027004362425316,0.025824766054483,-0.104567694314614,0.916718850331843,0.999982525815662,"EIF3K"
47.5180551790924,0.00329038695975064,0.0264086145975196,0.124595212959777,0.90084401836995,0.999982525815662,"ACTN4"
53.2181397660509,-0.000451538183091046,0.025346227367529,-0.0178148083556415,0.985786591275436,0.999982525815662,"GMFG"
257.440703686158,0.000840099025612258,0.0168419880562123,0.0498812267772853,0.960217037539573,0.999982525815662,"RPS16"
94.3603321894016,-0.00416671825160373,0.026196289388845,-0.159057574519619,0.873623513241022,0.999982525815662,"TGFB1"
448.308818547722,0.000894690066157531,0.0176726127797409,0.0506257946862936,0.959623707989179,0.999982525815662,"RPS19"
62.900763179799,0.00102783143111747,0.0286874842038114,0.0358285663467456,0.971419055034291,0.999982525815662,"NOP53"
22.9710691180645,-0.00154267238633646,0.0341180062862447,-0.0452157835189337,0.963935313688131,0.999982525815662,"CARD8"
45.1766781865478,0.00586846795191648,0.0356664673543388,0.164537404100454,0.869308103759591,0.999982525815662,"PPP1R15A"
284.220921350742,0.00146118395872726,0.0186569276719291,0.0783185733697051,0.93757464342872,0.999982525815662,"RPS11"
638.085313271687,-0.00341061849281081,0.0327374024209366,-0.104181096867649,0.917025634847243,0.999982525815662,"NKG7"
50.9725290399219,0.00353780121250954,0.028291751579747,0.125047090228309,0.900486270275405,0.999982525815662,"GPCPD1"
33.8213826701239,0.00395284310921391,0.0282941077564042,0.139705522550687,0.888892662838942,0.999982525815662,"XRN2"
39.0030213549739,0.00303665951573075,0.0294096271593889,0.103253927677261,0.917761440491507,0.999982525815662,"CHD6"
73.5179776616293,-0.00366904014426245,0.0266851538998324,-0.137493684991845,0.890640583987999,0.999982525815662,"YWHAB"
254.536431041063,-0.000550115730492058,0.0184235978633784,-0.0298592997183006,0.9761792654839,0.999982525815662,"RPS21"
23.3467546624335,-0.00545206314247479,0.0489095599370189,-0.111472340979871,0.911241797583133,0.999982525815662,"NRIP1"
154.247117130707,-0.00344563908490638,0.0234196487654997,-0.147125993195178,0.883032573524879,0.999982525815662,"ITGB2"
30.0793941315121,0.00612923534013003,0.0347373945353973,0.176444877979676,0.859944450154732,0.999982525815662,"XBP1"
314.560058755376,-0.000579267929340302,0.0199128216519144,-0.0290901982384104,0.976792653163812,0.999982525815662,"RPL3"
111.882665384699,0.000151946645805551,0.0186744477596095,0.00813660718440051,0.993507998383481,0.999982525815662,"TNRC6B"
35.767816351202,-0.00134006201687711,0.0282653638735964,-0.0474100394698581,0.962186427679358,0.999982525815662,"TTC38"
64.8857474627706,-0.00123844231168875,0.0233100342605642,-0.0531291502125306,0.957629005734802,0.999982525815662,"TBC1D22A"
25.4255235854024,-0.000346108128459444,0.0348792699215637,-0.00992303248427417,0.992082695516306,0.999982525815662,"TRABD"
49.0007453457467,-0.00201171867005805,0.0296042548411116,-0.0679537006033456,0.945822490607463,0.999982525815662,"SLC25A6"
863.538135564957,-0.00263266640887724,0.0295233134497447,-0.0891724573313434,0.928944854022717,0.999982525815662,"TMSB4X"
22.8854500210227,-0.00163853363294132,0.0486298387248192,-0.0336939968526991,0.973121166073756,0.999982525815662,"ZC3H12B"
43.0693459453696,-0.00447170278383021,0.0296104991461043,-0.151017473963067,0.879961931756459,0.999982525815662,"FTX"
24.2604762692134,0.00602176624506883,0.0363181221003171,0.165806101660093,0.86830954416242,0.999982525815662,"COX7B"
60.9253603535998,-0.00409592692535502,0.0215467254959306,-0.190095099421422,0.849234610161435,0.999982525815662,"DOCK11"
32.0069250884612,-0.00409631379923905,0.0324603227470776,-0.126194487687521,0.899577974672178,0.999982525815662,"THOC2"
35.3849306264592,-0.00577696809139583,0.0286889852721304,-0.201365368506351,0.840412892481046,0.999982525815662,"RPS4Y1"
43.3352081837128,0.00411019861955035,0.0285156331221771,0.144138431082345,0.885391157953486,0.999982525815662,"UTY"
7.71372772987368,-0.0370876429298935,0.0545469571629405,-0.679921389915606,0.496554237027853,NA,"NOC2L"
17.6215757194684,-0.0255492616738517,0.0404474824213618,-0.631665066510004,0.527605759589868,NA,"ISG15"
6.20622093748641,0.0382619787505726,0.0706283248768559,0.541737027138677,0.587999678224563,NA,"TNFRSF18"
22.0447079237169,-0.00480809260594115,0.0401543343332171,-0.119740314110094,0.904688864046345,NA,"SDF4"
8.29294417413443,0.0466543866101772,0.0554088199529299,0.842002891413503,0.399786334998856,NA,"UBE2J2"
11.0854983982373,-0.0294311617110242,0.0445144998785754,-0.661158988448824,0.50851035901323,NA,"INTS11"
13.3622772282473,-0.0753591936622193,0.0452152547795212,-1.66667630271434,0.0955787874281204,NA,"AURKAIP1"
18.4110895397345,-0.060783025297315,0.0362334729783079,-1.67753793111978,0.0934373386079218,NA,"CCNL2"
13.7859868999769,-0.0296282205053837,0.0449736219877614,-0.658791068983645,0.510029943149751,NA,"MRPL20"
6.52384875406782,-0.0660674039584368,0.0697571566875722,-0.947105746501953,0.343584896808084,NA,"ATAD3B"
17.147861973249,-0.0222756662913017,0.0387485728392448,-0.574877076988518,0.565374433983797,NA,"SSU72"
13.6959674552319,0.0512773596210916,0.0411338466504189,1.24659772417782,0.212545036626822,NA,"MIB2"
8.52085708038538,-0.0178435886845409,0.0534490441905855,-0.333842989238784,0.738498041872094,NA,"MMP23B"
22.2021064134438,-0.0301610534303607,0.0399152945588783,-0.75562647761175,0.449873176377149,NA,"CDK11B"
12.0723393890081,-0.0777048618343667,0.0479563612272847,-1.62032439171295,0.105162611934933,NA,"SLC35E2B"
7.64848312882487,-0.00953932974883239,0.0545336638264377,-0.174925524519916,0.861138153820589,NA,"NADK"
12.2638502311151,-0.0519577556912734,0.0440177424370655,-1.18038210990852,0.237848274034245,NA,"FAAP20"
10.4396013880224,0.0750131147582564,0.0729805935610584,1.02785015985787,0.304020317113397,NA,"SKI"
13.1937826064435,-0.00343509843992207,0.0470409127601598,-0.0730236349246893,0.941787309767005,NA,"RER1"
7.30512297236622,0.0966755741478508,0.060386051666107,1.60095868963912,0.109386069151576,NA,"TPRG1L"
6.24259951537997,-0.0388111509769446,0.0595739371061109,-0.651478697938254,0.514737523714207,NA,"LRRC47"
8.55721390622222,-0.000378432161877621,0.0544084665937615,-0.00695539105527764,0.994450445608246,NA,"CEP104"
7.42989933970039,-0.0581151039492979,0.0536702796625333,-1.08281723729991,0.278889552950851,NA,"C1orf174"
7.62411824317012,-0.0168644230494605,0.0559286714457871,-0.301534483360785,0.763006958935486,NA,"ACOT7"
7.91662786148445,-0.0556321149947943,0.0579713945711575,-0.95964769187169,0.337232557611989,NA,"NOL9"
6.6394796422542,-0.0108540102721263,0.0622930175906203,-0.174241202175453,0.861675906108913,NA,"DNAJC11"
15.5175661567031,0.0782748747951943,0.0432398480721878,1.81024860828642,0.0702572427163394,NA,"CAMTA1"
9.23537717925898,-0.0566434411093069,0.0503791874222517,-1.12434209457472,0.260867927040611,NA,"VAMP3"
6.06566464321347,-0.0127546192393613,0.0705815818737498,-0.180707472130275,0.856597193438248,NA,"SLC25A33"
15.5875191782397,0.0103411480465582,0.0389086118474604,0.265780441797828,0.79040830681422,NA,"CLSTN1"
7.70011766291656,-0.00945109748953402,0.0588393640888621,-0.160625418644235,0.872388433664791,NA,"CTNNBIP1"
6.93056064081509,-0.0184770077138104,0.0653170291715925,-0.2828819367346,0.777267341675509,NA,"LZIC"
17.6784935032346,0.0234297668248673,0.0399353373439849,0.586692598163223,0.557410179820653,NA,"UBE4B"
13.068779905787,0.0610736955162124,0.0442583297608793,1.37993674515473,0.167606121630203,NA,"KIF1B"
6.4717700860321,-0.170345515657805,0.0629634790489836,-2.70546542584284,0.00682087481784448,NA,"DFFA"
18.2196815715479,-0.0792466397846451,0.041551765453894,-1.90717864617756,0.0564974577117003,NA,"PEX14"
6.69809072399895,-0.0507862364008158,0.0585800375949127,-0.866954657011457,0.385966854268631,NA,"CASZ1"
16.0355181225072,-0.022614164265116,0.0397611516935274,-0.568750232373105,0.569525653040154,NA,"TARDBP"
7.54759724931414,0.0138447000824044,0.0590922674279641,0.234289538801022,0.814760206771463,NA,"SRM"
17.2409852873342,0.0234522257959633,0.0387413508622063,0.605353847349755,0.544943909925395,NA,"EXOSC10"
12.2794616102556,-0.0111190061994779,0.0481880437433539,-0.230742012659758,0.817515232709073,NA,"MTOR"
6.24205339316511,-0.00865287438705721,0.0623817221183515,-0.138708488531959,0.889680510070131,NA,"FBXO44"
8.01206247038809,0.0185871985508454,0.0514571666808846,0.361216906210854,0.717937304818908,NA,"MAD2L2"
7.08094978965382,0.0419996181169803,0.0590899776587025,0.710773971849603,0.477224312212114,NA,"FBXO6"
10.6405653188519,0.0212224242875909,0.0563220263070671,0.376805056193938,0.706318482945541,NA,"AGTRAP"
5.49826848948264,0.087172068386458,0.0699224785099772,1.24669591587803,0.21250901692026,NA,"MTHFR"
6.91559689716936,-0.0469380508515623,0.0571602725457262,-0.821165623624582,0.411551934557855,NA,"KIAA2013"
4.61236705091111,-0.0339500051553335,0.0771689071178273,-0.439944096959881,0.659977596700849,NA,"PLOD1"
4.3314724411658,0.0138581201011477,0.0738704648737188,0.187600282803663,0.851190004534905,NA,"MFN2"
12.1336819693297,0.0211322135668478,0.0607032398807948,0.348123322714667,0.727747569542084,NA,"DHRS3"
9.60736904222547,-0.0618231063241355,0.055479692965968,-1.11433757144364,0.265134394428026,NA,"PLEKHM2"
12.2297630283267,0.0375451601353105,0.0432491068946929,0.868114114511752,0.385331864948026,NA,"FBXO42"
17.1832305170935,-0.0174526024084022,0.0389400957752242,-0.448191049892241,0.654015321471957,NA,"SZRD1"
9.14752954874518,0.00904512518198773,0.0519962308259806,0.173957324181049,0.861899001159412,NA,"NECAP2"
7.99422186306632,0.0401115470702784,0.0537349702755197,0.746470070879562,0.455383504616591,NA,"CROCCP3"
10.410844660182,-0.00282861663593321,0.0464971090467028,-0.0608342474172336,0.951491215325561,NA,"CROCCP2"
10.2759666191527,0.183538223107392,0.0709488205946405,2.58691013563172,0.00968408447177665,NA,"CROCC"
12.9668023263032,0.0413765385946592,0.0424061170844262,0.975720991202349,0.329202747029192,NA,"SDHB"
9.16645577235276,-0.025738338760338,0.0555461425366696,-0.463368608240373,0.643100175874528,NA,"RCC2"
10.0312014149745,0.101821430967056,0.0534938606301462,1.90342274361247,0.0569854056533402,NA,"IFFO2"
6.11230989975107,-0.0566609308262593,0.0716310403985072,-0.791010859412844,0.428937654547127,NA,"AKR7A2"
15.7726822184756,0.0025835962888164,0.0406013246707055,0.0636333003854059,0.949262215591302,NA,"MICOS10"
6.3285556152408,0.0290757666723137,0.0675406122019551,0.430493087409002,0.666836994034684,NA,"TMCO4"
20.6078516531585,-0.055421404679406,0.0352006535849728,-1.57444248998449,0.115385187226057,NA,"DDOST"
6.46293078082151,0.0427627191049354,0.068441974026076,0.624802538404913,0.532100664470573,NA,"ECE1"
9.84463727863317,0.00613903059185533,0.0504420673572907,0.121704579401384,0.90313298636423,NA,"ZBTB40"
14.201504168158,0.0702609116930191,0.0471112337588829,1.49138339387623,0.135860865436432,NA,"KDM1A"
11.3384950217876,0.0769616930375627,0.0463190311841469,1.66155662305613,0.0966017067800104,NA,"LUZP1"
8.03692558861763,-0.0273844266498098,0.0577748453335791,-0.473985287051799,0.635510399109833,NA,"ELOA"
8.39930509734585,0.0386142226809829,0.0527862409239903,0.731520600919198,0.464461226004011,NA,"PITHD1"
7.64650170198397,-0.082367819233988,0.0614793422984244,-1.33976415743307,0.180322031848185,NA,"LYPLA2"
3.89433478489853,-0.00779215784842357,0.0941179600341759,-0.0827914018280262,0.934017406003735,NA,"CNR2"
21.4389096474989,-0.0236440647138835,0.0355565651102661,-0.664970439089372,0.50606940057903,NA,"PNRC2"
8.66474320421308,0.0257991081356645,0.0623684216863908,0.413656581938069,0.67912562878271,NA,"NIPAL3"
19.1937296961192,0.0544141308756249,0.0389530584134042,1.39691549500771,0.162438984448246,NA,"MACO1"
5.51319379437746,-0.0846711281697233,0.0950282680625098,-0.891009905747482,0.372923856053365,NA,"STMN1"
10.1970684201476,0.0267899196557975,0.0553851043954854,0.48370261188821,0.62859693929624,NA,"PAFAH2"
5.03460729506821,-0.0634897021604805,0.0743635562770966,-0.853774420415055,0.393229990166093,NA,"ZNF593"
8.20665978780273,0.140564330213581,0.148053907846745,0.949413171579934,0.342410513879933,NA,"ZNF683"
5.56958621336181,0.0942448991404417,0.0686179421233759,1.37347312122809,0.169605311651566,NA,"DHDDS"
14.1777850716102,-0.0285074065849489,0.0415285594597987,-0.68645305678241,0.492427456862273,NA,"RPS6KA1"
7.92107267916739,0.0630955561778072,0.0539599432647139,1.16930360486623,0.242281331285068,NA,"ZDHHC18"
14.3294506677892,-0.0364398385693114,0.0440134855276181,-0.827924399362684,0.407713315928784,NA,"NUDC"
8.64556737577278,0.0432157817737923,0.051363491106011,0.841371582095105,0.400139800499234,NA,"WDTC1"
7.43926128390276,0.0278691660246927,0.0557666502697874,0.499746100758562,0.617253867037252,NA,"TMEM222"
10.5639872498764,-0.0163283586988794,0.0604644597927044,-0.270048864322269,0.787122661291428,NA,"IFI6"
12.0308323264577,0.0123786528303477,0.048663000623,0.254375042062185,0.799205830497094,NA,"STX12"
12.9370894732095,-0.12825291487751,0.054611658009978,-2.34845305106973,0.0188515756260674,NA,"THEMIS2"
11.1547351216929,-0.0490274739628965,0.049171753009249,-0.997065814466177,0.318732565092492,NA,"RPA2"
10.9909317390477,-0.0520919057734206,0.0564022115240626,-0.923579135743585,0.355705480917253,NA,"EYA3"
10.2083995595763,-0.0138046188462698,0.0503920787164967,-0.273944222938963,0.784127486029175,NA,"SNHG3"
4.55450749827313,-0.0144701101747973,0.0696144106780447,-0.20786084423984,0.835337623143839,NA,"SNHG12"
6.45826061276978,0.0346669092608251,0.0634630145518026,0.546253743312615,0.584891527960277,NA,"TAF12"
5.75917611807765,0.0346317765528944,0.0680962451010617,0.508571015942176,0.611052949363107,NA,"GMEB1"
14.4675665522191,-0.034103611785488,0.0433273310105751,-0.787115453226605,0.431214283989253,NA,"YTHDF2"
8.35014882077671,0.0156121957708671,0.0533857518833439,0.292441245465309,0.76994927648088,NA,"SNRNP40"
13.9454652905259,-0.0437206796644948,0.042626665182629,-1.02566502627355,0.305049505013093,NA,"ZCCHC17"
7.55386041924939,-0.0882644083842256,0.0557963550679858,-1.58190276545267,0.113671769540824,NA,"PEF1"
18.7527866670775,0.0185760099773263,0.0374141198421191,0.496497313199235,0.619543582521788,NA,"KPNA6"
6.52488301229216,0.00171508029568461,0.0559067041625093,0.0306775425483718,0.97552670118178,NA,"TXLNA"
4.59837311711642,-0.0205074994320107,0.079196634135536,-0.258944078316693,0.795678388126824,NA,"CCDC28B"
14.670592840503,0.0623189664471453,0.0410406553193683,1.51846908783971,0.128896186545112,NA,"EIF3I"
10.9590679220008,0.00980101001459346,0.047641398871306,0.20572464803288,0.837006004017661,NA,"BSDC1"
10.8009582439979,-0.00141411328143677,0.0569581651636512,-0.0248272267439402,0.980192773947624,NA,"ZBTB8OS"
19.7012080374188,0.016184968561902,0.0429597013857993,0.376747697023148,0.706361113070763,NA,"YARS1"
13.611128239005,-0.10396044905027,0.0442299563859648,-2.3504533475701,0.0187505580086265,NA,"S100PBP"
5.82658864995931,-0.000207968424822183,0.0679838854594893,-0.00305908412584198,0.997559207812615,NA,"RNF19B"
7.69744264232655,-0.0800013063381516,0.0571814344164236,-1.39907833993009,0.161789492219851,NA,"AK2"
5.57421744796464,0.116806275723938,0.0623525689948767,1.87331937732246,0.0610242956413465,NA,"ZNF362"
5.06652470129244,0.0785863536704754,0.0754828121874968,1.04111586986544,0.297821775016432,NA,"SMIM12"
5.71521335838757,0.0341907720068435,0.0796660025015584,0.429176448337227,0.667794821090605,NA,"TMEM35B"
11.2332969854343,0.04837638732413,0.0494580080395607,0.978130524088929,0.328009772760792,NA,"ZMYM6"
4.05921188871048,0.166456180158069,0.0846203642664839,1.96709363757724,0.0491724166319486,NA,"ZMYM1"
18.2893814094938,-0.0496953243426621,0.0382025280836844,-1.3008386312498,0.193313695716029,NA,"ZMYM4"
17.873817044595,-0.00355687580741091,0.0375114191121127,-0.0948211475758955,0.924456889216439,NA,"KIAA0319L"
6.53612500841291,0.020487946712045,0.0679200503254544,0.301647990746066,0.762920419698913,NA,"TFAP2E-AS1"
11.6835989542959,-0.0557552191503568,0.0448957137538436,-1.2418828990236,0.214279770494187,NA,"PSMB2"
13.0880637781207,0.0489496321374163,0.0547107400211085,0.894698776118374,0.370948133119308,NA,"AGO4"
6.27064375254527,0.0616580429661292,0.0640593044478488,0.962515024126206,0.335790959926562,NA,"AGO1"
6.73118701735621,0.017696382393862,0.0702340757789249,0.251962913978746,0.801069729505559,NA,"ADPRS"
7.21953111219791,-0.0246073066640368,0.0622201780887272,-0.395487564001284,0.692483097665327,NA,"TRAPPC3"
12.4722024503573,0.0306828571972231,0.0438179089798178,0.700235540937277,0.483780219405164,NA,"MAP7D1"
10.3086209302193,0.0491314471340584,0.053714045886543,0.914685280603063,0.360356873860486,NA,"STK40"
7.30236877722692,0.0503666475585981,0.0630693186303883,0.798591908908466,0.424527080760943,NA,"LSM10"
6.94928611681308,0.0514845021588866,0.0685990645251882,0.750513181414923,0.452945687972203,NA,"MRPS15"
6.75979761306908,0.0289059508920858,0.0641330756611112,0.450718300878461,0.652192590650907,NA,"ZC3H12A"
14.5454614024741,0.00134454650107177,0.0411688264113911,0.0326593351881352,0.973946252397194,NA,"MEAF6"
13.7531274960996,0.0725504434260394,0.0439550765045691,1.6505589159536,0.0988286737726696,NA,"SNIP1"
10.0447582090115,0.0282204052091307,0.0493980270390235,0.571286079641139,0.567805736224593,NA,"GNL2"
6.55313196259005,-0.0192667721849116,0.060393534504402,-0.319020443877271,0.749711010173125,NA,"C1orf122"
6.98992515038574,-0.161966356290264,0.0611081526971697,-2.65048686863293,0.0080375851700176,NA,"INPP5B"
10.7505697978496,0.0130732802042274,0.0543163407485398,0.24068779347178,0.809797100296955,NA,"SF3A3"
5.12985659921605,0.0375487105453931,0.0663232239645818,0.566147245276331,0.571293688621642,NA,"FHL3"
13.641575796056,-0.000376761973561391,0.0435933692626824,-0.00864264405192269,0.9931042535932,NA,"AKIRIN1"
12.7981585735364,-0.010437871027069,0.044364119152665,-0.235277319293784,0.813993497656231,NA,"PABPC4"
7.83191323671788,-0.0602727281820851,0.056102484311768,-1.07433260614882,0.282673636132438,NA,"PPIE"
8.9609854190294,-0.0261397028139238,0.056358214079788,-0.463813540594402,0.642781341248093,NA,"NFYC"
5.13346064345149,0.133715125152157,0.0720248976363441,1.85651253303112,0.0633805382904844,NA,"SCMH1"
13.1094285337041,0.0146046806664985,0.0460465007397492,0.317172432907398,0.751112766201582,NA,"PPCS"
7.22469865221868,0.0348519597121688,0.0580657438795739,0.600215503730571,0.548362622496118,NA,"PPIH"
6.53255986261139,0.0442394570757017,0.0601234239440191,0.735810673671762,0.461845924598707,NA,"SLC2A1"
5.82970396737158,-0.0840273149215971,0.0637472723359539,-1.31813192694372,0.187459488414299,NA,"EBNA1BP2"
9.18888238856654,0.00924816071555499,0.055869925703927,0.16553021324145,0.868526671106611,NA,"ELOVL1"
8.0450930967186,0.0424429741810693,0.058489019865318,0.725657128103741,0.468048990003951,NA,"SZT2"
9.1186288133302,0.0556734222126956,0.0491871557908611,1.13186910927343,0.257689467445993,NA,"KDM4A"
9.83703324780936,0.0833817647432672,0.0527734960470747,1.57999319713232,0.114108424405892,NA,"ST3GAL3"
12.6574188679698,0.0378803053078475,0.0453654443897425,0.835003510213879,0.403715731992874,NA,"ATP6V0B"
7.51903588103261,0.0138259104786169,0.057962560034089,0.238531743085288,0.811468698317446,NA,"ERI3"
11.9344749740915,-0.0494730408980904,0.0508684845850006,-0.972567618274959,0.330768243039938,NA,"RNF220"
9.79001902977255,0.0315209091126841,0.0541750777950541,0.581834127344101,0.560678414230183,NA,"EIF2B3"
5.17687646947304,0.067338035516486,0.0686755611406934,0.980523994242038,0.326827531563119,NA,"PRDX1"
7.14350134318276,-0.0486525893415038,0.0612254109098198,-0.79464700389133,0.426818868095322,NA,"AKR1A1"
7.07161772026915,0.0456475323430971,0.0583741959439615,0.781981346465451,0.434225536191806,NA,"MAST2"
7.19389245363703,0.041813458711376,0.0567817933068167,0.736388484341093,0.461494310733663,NA,"MKNK1"
4.39612973879234,-0.0798751775165151,0.0853044242349873,-0.936354453275291,0.349090720358288,NA,"ATPAF1"
18.5147488172652,0.040351978379407,0.0357800656171086,1.12777821067249,0.259413597732489,NA,"CMPK1"
12.826056102425,0.018780341005436,0.0438361438850366,0.428421374258848,0.668344365856047,NA,"RNF11"
7.45336883081987,0.0385393886694246,0.0604610985980776,0.637424551704225,0.523848340313608,NA,"TXNDC12"
5.59834573135976,0.0598097551217304,0.0736084510114766,0.812539243794238,0.416482277741135,NA,"BTF3L4"
12.3551748279808,0.0269449519874853,0.0447141592618375,0.602604464274971,0.54677184981077,NA,"PRPF38A"
9.2094940809848,0.0894326917981118,0.0610430561043307,1.46507559590823,0.14290029401254,NA,"SHISAL2A"
10.3574708597247,-0.0264935268304746,0.0539152020404831,-0.491392516911677,0.623148855836259,NA,"ECHDC2"
20.059452595936,0.0691408597584153,0.0413621580900417,1.67159700922524,0.0946038149334082,NA,"SCP2"
9.05868659547675,-0.0589945430093278,0.0531129314097244,-1.1107378456337,0.266681206952763,NA,"CZIB"
16.8196703295004,-0.0499325308465774,0.0421711395448256,-1.18404509305474,0.236395213198768,NA,"MAGOH"
11.745737417256,-0.0192743599133229,0.0463181298595274,-0.41612992518864,0.677314933313553,NA,"IFT25"
6.4811120615588,-0.0360299430959732,0.0663586526021718,-0.542957725678625,0.587158909339291,NA,"DAB1"
13.8613743088248,0.0488990910376042,0.0430736066724615,1.13524487070332,0.256272733810002,NA,"MYSM1"
10.3303172342402,0.139541050644602,0.0514009079145563,2.71475848007512,0.00663241202116437,NA,"FGGY"
10.7522218301443,0.106478151474455,0.0567842150439583,1.87513645107231,0.0607739540095408,NA,"TM2D1"
10.0181669804528,0.0275367529121527,0.053475039173585,0.514945913789157,0.606590815477701,NA,"PATJ"
14.1299389947338,0.0378122547926443,0.0451043993929113,0.838327420419814,0.401846839843913,NA,"USP1"
4.78809000857491,-0.0812633772350777,0.0719500153917977,-1.12944211050637,0.258711377093481,NA,"ALG6"
8.81913547996934,-0.0678797897679253,0.0546079028588869,-1.24303967400716,0.213853213974027,NA,"ITGB3BP"
10.3206016568957,0.0309739222600203,0.0491900226541574,0.629678959039929,0.528904651640732,NA,"PGM1"
11.701761375787,0.0625931976314176,0.113750383612877,0.55026801355184,0.582135559925647,NA,"PDE4B"
19.1958410339575,0.0141009001175966,0.0814998329214958,0.173017534050398,0.862637645292291,NA,"SLC35D1"
9.66989601527532,-0.00887926048550575,0.0496643103342334,-0.178785538865831,0.858106100642921,NA,"LRRC40"
15.889725820929,0.0195278893221636,0.0400709113469126,0.487333296542759,0.626022155350031,NA,"ANKRD13C"
6.35565858633024,0.0318996897534089,0.0630985077257948,0.505553790464181,0.613169928037093,NA,"TYW3"
6.49687924857775,-0.0116124512981017,0.0655630160432345,-0.177118930746628,0.85941497242492,NA,"ACADM"
10.3270099454963,0.0879961581771211,0.054620777727535,1.61103817701155,0.107171401707806,NA,"RABGGTB"
11.0496111410404,0.00354447543581984,0.0446925231910197,0.0793080180474583,0.936787628912533,NA,"PIGK"
13.2234636788216,0.0828041280374301,0.112806776430984,0.734035052301046,0.462927375113575,NA,"AK5"
16.1914144400398,-0.0250242770299184,0.0394208620016011,-0.634797814134608,0.525560289105551,NA,"ZZZ3"
10.5694181556663,-0.0238866267219129,0.0496398273879399,-0.481198827208578,0.630375194316065,NA,"MIGA1"
6.62831801473563,-0.00930513314570614,0.0843398787492365,-0.110328984149629,0.912148471545747,NA,"IFI44L"
7.55891992288816,-0.0481146058148096,0.0605811609169812,-0.794217296045954,0.427068941119639,NA,"IFI44"
13.3517323248211,0.00602117403045538,0.0414077028527506,0.145411931008759,0.884385645201556,NA,"RPF1"
20.0103076828355,-0.013816477143622,0.0436272181560364,-0.316693975174081,0.751475820783448,NA,"GNG5"
6.11276665649813,0.0181545665889836,0.06325730024731,0.28699559604989,0.774115692303531,NA,"CTBS"
9.76750123356843,0.0285783121496005,0.0525501381752213,0.54382943874115,0.586558848742079,NA,"SSX2IP"
14.0456400037974,0.00625984265459628,0.0412547466129045,0.15173630111785,0.879394924513732,NA,"C1orf52"
7.69296830435668,0.0235264366876936,0.0539191310106543,0.436328187170613,0.662598633756489,NA,"BCL10"
12.2306008975798,-0.0444229649238564,0.0433622699114201,-1.02446124279479,0.305617467975922,NA,"ZNHIT6"
12.3043233594386,-0.0546318964326748,0.0583401672507262,-0.93643708969646,0.349048189042592,NA,"HS2ST1"
11.7140980576657,0.0210817731108363,0.047273046976586,0.445957569040937,0.655627896101213,NA,"LMO4"
20.0970678316458,0.103054184806486,0.0388571987099211,2.65212594391613,0.00799867000571845,NA,"GTF2B"
9.56734401221046,-0.0450857264892572,0.054278867565563,-0.830631302961481,0.406181945448878,NA,"GBP3"
8.92176952589896,-0.061597059452701,0.0573149247441289,-1.07471238473554,0.282503517204585,NA,"GBP1"
21.5239656942417,0.0291102694879437,0.0355793195916292,0.818179488030247,0.413254705830482,NA,"GBP4"
19.3022437204343,-0.109048455207439,0.0507762438802537,-2.1476274508333,0.0317433629043267,NA,"LRRC8C"
7.04454653790645,0.0404335706267351,0.058861743783791,0.68692444408807,0.492130342244259,NA,"LRRC8D"
18.1870842176308,0.00317049186531509,0.037473696090269,0.0846057954272192,0.932574791506804,NA,"ZNF326"
12.7068256798075,0.0222536502490989,0.0419950896321407,0.529910769188291,0.596173799136944,NA,"GLMN"
18.197117876545,-0.0202188470395522,0.0429526565763045,-0.470724016886681,0.637837831275792,NA,"DIPK1A"
18.2618476156466,-0.0488213393733691,0.0407642889643676,-1.1976497226787,0.23105341014925,NA,"MTF2"
18.475524850266,-0.0329747169739914,0.0381306614334143,-0.864782191926399,0.38715834714711,NA,"TMED5"
8.80311645230365,-0.0612313371749278,0.056283956241286,-1.08790037630675,0.276639089991568,NA,"CCDC18"
16.0942784310226,0.00865081219072142,0.0426453705330131,0.202854661188242,0.839248632557066,NA,"CCDC18-AS1"
13.7017952925937,0.0188772490925152,0.0468002759007032,0.403357645424298,0.686685140294228,NA,"DR1"
9.51740471787309,0.00756800987222422,0.0532100535340763,0.142228946779345,0.886899167984355,NA,"GCLM"
9.45108565421933,0.0832179378695696,0.0551215277889318,1.50971754970622,0.131115511232084,NA,"ABCD3"
6.36687187016768,0.00277331177884633,0.0583184493429504,0.04755462139498,0.962071197963703,NA,"RWDD3"
7.64955817188542,-0.0110103188052304,0.0560744321240896,-0.196351855706095,0.844334776262238,NA,"AGL"
14.9780885790413,0.0732654226224696,0.0390646328458778,1.87549241564677,0.0607250119194353,NA,"SLC35A3"
22.2364440172822,-0.0293291652866121,0.0346001119028289,-0.847660995114128,0.396626794642464,NA,"MFSD14A"
8.55507141313194,0.0356068058871742,0.0577662720256139,0.61639438791179,0.537634256412769,NA,"TRMT13"
13.095977983248,-0.0134864365882565,0.0453174190971947,-0.297599396808794,0.766008935003924,NA,"RTCA"
13.0131453986411,-0.0108253220457751,0.0543602271468658,-0.199140485865304,0.842152852265505,NA,"SLC30A7"
5.38873716545721,0.045350417286736,0.0698335853637679,0.649406973027414,0.516075358069229,NA,"DPH5"
4.45396819632573,0.0144210319806688,0.0950572104340315,0.151708975203694,0.87941647792838,NA,"DPH5-DT"
8.78672199238943,-0.013204535899942,0.0585608977075262,-0.225483836772622,0.821602898022917,NA,"S1PR1"
16.065675088868,-0.0261459832489156,0.0450989028184323,-0.579747657147649,0.562084800146425,NA,"EEIG2"
4.87487401890189,-0.0150033855772922,0.0714719252088724,-0.209919986532414,0.833730122771356,NA,"HENMT1"
12.9577613974076,0.0106716310779876,0.0435494576089613,0.245046245439155,0.806420624003631,NA,"STXBP3"
7.74927476656563,0.0118246967299777,0.0632971342111573,0.186812513352198,0.851807635402533,NA,"WDR47"
9.8859836580469,0.00172476645244976,0.0533759752841269,0.0323135351301519,0.974222015369038,NA,"TAF13"
7.00711782149703,-0.0220744109578151,0.0560571175838199,-0.39378426699889,0.693740320989691,NA,"TMEM167B"
11.0820387700674,0.0554616507578013,0.0440962638377227,1.25774036008819,0.208485670830705,NA,"SARS1"
18.7024932381334,0.0118728853384151,0.0398398356047468,0.298015419948181,0.765691394653953,NA,"PSMA5"
8.64546024910332,-0.143016246800087,0.0675144534298703,-2.11830562989958,0.0341491921510678,NA,"GSTM2"
10.059024885696,-0.000851434591376871,0.0511327547576919,-0.0166514516069328,0.986714677789452,NA,"STRIP1"
5.15609546823577,-0.0180313647657127,0.0748846903974204,-0.240788399738565,0.809719120811806,NA,"LAMTOR5-AS1"
13.5623340395863,-0.0113258782850901,0.0412557547851473,-0.27452844685725,0.783678545610288,NA,"LAMTOR5"
4.74632517663322,0.17124007626938,0.0815516927466823,2.09977341367137,0.0357487780314541,NA,"KCNA3"
7.00802894962094,0.00329297240018577,0.0614209220842465,0.0536132035867037,0.957243336701798,NA,"LRIF1"
7.48391366778653,-0.0911923122014914,0.0566552885844306,-1.60959928860996,0.107485363634283,NA,"CEPT1"
22.1490129390151,0.0251243712881858,0.0372891532883549,0.673771568206456,0.500456553352964,NA,"ATP5PB"
5.13066704623592,0.0194931604254617,0.0686581994777219,0.283915986346056,0.776474765077493,NA,"ST7L"
5.86383549827702,-0.0249232539696791,0.0680323972083094,-0.366343903675277,0.714108472788532,NA,"MOV10"
14.3070733852318,-0.0111883149145771,0.0417405963058545,-0.268043964503877,0.788665477724973,NA,"PHTF1"
13.0136015756992,-0.0176716232653042,0.0456403142993504,-0.38719328594886,0.698613120294993,NA,"RSBN1"
7.96054570111717,0.0119505157394881,0.0558190455734027,0.214093874532001,0.830473852472814,NA,"AP4B1"
17.1353519744804,0.0219178203097126,0.040753668704516,0.537812202102037,0.590706707022267,NA,"BCAS2"
6.93945995873512,-0.0441699705513903,0.0580231816576896,-0.761246958361798,0.44650957525156,NA,"NRAS"
9.0123766240886,0.0425637620225334,0.0588654398580732,0.723068784080375,0.469637626290195,NA,"SIKE1"
7.88382376626842,-0.0467914048623688,0.0603533387694468,-0.775291074469212,0.438167682287612,NA,"TSPAN2"
8.23149554434761,-0.117293448046344,0.0624354704573897,-1.87863480785963,0.0602943749553891,NA,"SLC22A15"
11.9364547762211,0.0560170237847504,0.0485512970597643,1.15376987180788,0.248594529179616,NA,"ATP1A1"
15.3520029890541,-0.00234969888512798,0.0431973968480737,-0.0543944556055526,0.956620896102876,NA,"CD58"
11.4110577374688,-0.0411327504562451,0.0467144316184961,-0.880514843724631,0.378580467504731,NA,"GDAP2"
5.39416372262313,0.0414363405046526,0.0711912989172493,0.582042203680215,0.560538253807229,NA,"WDR3"
13.1393728711055,0.0921218588654319,0.0490808170483539,1.87694224353833,0.0605260102394062,NA,"WARS2"
9.78981246168562,-0.0917761313534876,0.0552586396096258,-1.66084673820853,0.096744231569062,NA,"NOTCH2"
10.2541429366634,0.0725033738331948,0.0503016176188454,1.44137260917891,0.149479444230877,NA,"SEC22B"
4.97521040398547,0.09695753596766,0.0741753700755737,1.30713922787139,0.191165430645638,NA,"ENSG00000290569"
6.13658634223458,0.19491182946326,0.0884600471506492,2.20338826104537,0.0275673948709568,NA,"ENSG00000287979"
10.1506388463157,0.0322647415711469,0.0489704195752073,0.658861856831668,0.509984481466674,NA,"LINC00623"
13.8947173861717,0.00803040495639232,0.0494253793160023,0.16247533286593,0.870931551690584,NA,"LINC01145"
6.63283120535181,0.0329853495864586,0.0612436366050702,0.538592275294897,0.590168218836741,NA,"GPR89A"
16.7965380678943,-0.139411856559495,0.0445523409989629,-3.12917017228658,0.00175300753003343,NA,"CD160"
8.57507629425306,-0.142872277275099,0.0546319702034462,-2.61517709764174,0.00891812013483533,NA,"POLR3C"
7.2893959565008,-0.0259956960908443,0.0564278876466312,-0.460688804330889,0.645021888484916,NA,"LIX1L"
16.6094104983753,-0.0289658693915761,0.0403130563267207,-0.718523278334931,0.472434700011065,NA,"POLR3GL"
5.88943416566407,-0.0119865041836574,0.0626825003224161,-0.191225686946168,0.848348779670107,NA,"NBPF10"
10.2393194036996,0.0358534251611761,0.0513512106281289,0.698200192802008,0.485052005930152,NA,"NBPF12"
9.99398748412365,-0.0341201613149971,0.051208190602826,-0.666302810416311,0.505217569592714,NA,"GPR89B"
7.44451210080228,-0.019972168946066,0.0610473876205313,-0.327158453859031,0.743548042318521,NA,"NBPF14"
20.2846103076132,-0.03468591870634,0.0427365915722635,-0.811621082315127,0.417009090304534,NA,"ENSG00000274265"
12.2845304833458,-0.0119782814456613,0.0502688016087933,-0.238284603219305,0.811660362319909,NA,"ENSG00000289614"
7.93432093813956,-0.0297269156499471,0.0555680811586333,-0.534963868287696,0.592674842312284,NA,"NOTCH2NLC"
16.9276833152916,-0.082493177375707,0.05234550108922,-1.57593633949749,0.115040475127411,NA,"NBPF19"
10.7904577389231,-0.0519062748925584,0.0545814101518867,-0.950988161502531,0.341610385542288,NA,"SF3B4"
8.63977726101401,-0.0895678759685416,0.0557032908606555,-1.607945860732,0.107847036509413,NA,"OTUD7B"
10.9463749732138,-0.0321580542051821,0.0466531349719523,-0.689301034636052,0.490633847000353,NA,"VPS45"
5.57942849176753,0.131746723139516,0.0684392290939729,1.92501763803646,0.0542271516785296,NA,"PLEKHO1"
13.1646058812985,-0.0339289618095864,0.0447375485361128,-0.758400111758437,0.44821149100295,NA,"ANP32E"
8.95155536995002,0.0120259340749773,0.056165716360028,0.214115208606793,0.830457216060269,NA,"APH1A"
13.8939251480224,0.0312246675542329,0.0445486942780858,0.700910948350573,0.48335859145682,NA,"MRPS21"
13.2812409152691,0.06926561627339,0.0446739229670353,1.55047087144106,0.121028539619061,NA,"PRPF3"
20.1563327167444,-0.0152457715558765,0.0359039986342287,-0.424626006456622,0.671109331614184,NA,"RPRD2"
6.86979631182014,-0.0151276856202278,0.0576988171647253,-0.262183635013514,0.793179869576054,NA,"ARNT"
7.05345357099196,0.0180963887865395,0.0575207836727169,0.314606088983502,0.753060755430837,NA,"SETDB1"
6.76393329636677,-0.00416887947154978,0.0602718384511943,-0.0691679493885951,0.944855934669644,NA,"CERS2"
8.16046912253654,-0.0544159018177255,0.0680760395145984,-0.799340005760124,0.424093287619068,NA,"GABPB2"
8.77169380018904,0.0683317628032895,0.0554419002130383,1.2324931602402,0.217764920061005,NA,"SCNM1"
15.1266736126792,-0.0401200702237668,0.0427001293117292,-0.939577253522423,0.347434448434183,NA,"PSMD4"
9.65989834273254,0.00489513967436338,0.0471473912134379,0.103826310393356,0.917307186630286,NA,"PI4KB"
5.21658730351243,-0.0746841724180221,0.0856099703811767,-0.872377038392751,0.38300272270484,NA,"RFX5"
18.1249277564885,0.0339475718036189,0.0408926408232067,0.830163352628317,0.406446432144013,NA,"PSMB4"
15.4481464797226,-0.00326894481020708,0.0403650937980322,-0.0809844472692998,0.935454321155657,NA,"POGZ"
6.28675237161183,0.0121515960026631,0.0647431429285768,0.187689312767354,0.851120208559739,NA,"SNX27"
8.17564436640888,0.0224360080970739,0.0539965988826476,0.415507801627186,0.677770205155466,NA,"MRPL9"
7.20544388695032,-0.0681820835095865,0.0623917035632442,-1.09280688962873,0.274478596019822,NA,"THEM4"
17.341477268819,-0.0781155723823794,0.05248357176644,-1.48838140685252,0.136650337155349,NA,"S100A11"
9.13628031223104,0.0472535477893915,0.0494409029817651,0.955758186836105,0.339194417693648,NA,"CHTOP"
16.7532638032197,-0.0483451352530438,0.0447224973004466,-1.08100258642223,0.279695963126915,NA,"ILF2"
7.10272439832987,0.00399109569323822,0.0610957174775812,0.0653252937851616,0.947915003824123,NA,"SLC27A3"
10.825400323579,-0.00351691092855269,0.0540994504154556,-0.0650082561198801,0.948167426728691,NA,"DENND4B"
7.25577859170892,-0.0152470960099394,0.0572443908758124,-0.266350917123337,0.789968962649783,NA,"CRTC2"
11.9517409161681,0.0963578957168938,0.0458842805529099,2.10001975743702,0.0357271031554335,NA,"C1orf43"
10.9442538605218,0.0245360843409923,0.0461249552587921,0.531948143978206,0.59476191145483,NA,"UBAP2L"
6.91007129019493,0.0195415103563237,0.0605614712659273,0.322672318684536,0.746943418167049,NA,"HAX1"
8.03790975831688,-0.0384679173016645,0.059527741598518,-0.646218322225451,0.518137975285042,NA,"UBE2Q1"
8.09338804969341,-0.0826039857363291,0.0632960147606781,-1.30504244301406,0.191878395817308,NA,"DPM3"
9.01778023061162,-0.00998652891725876,0.0493387020050063,-0.202407613322407,0.839598077011982,NA,"SCAMP3"
12.6200338533919,0.023258601297187,0.0445768264244721,0.521764404574532,0.601834376139784,NA,"FDPS"
16.28099254818,0.0174523996337244,0.0374501079949718,0.466017337949137,0.64120309028476,NA,"YY1AP1"
11.1566923859351,0.0123037175346089,0.0476767173613084,0.258065534197073,0.796356330560206,NA,"DAP3"
21.9019627076125,0.028233543332814,0.0324102026642185,0.871131341735927,0.383682442851209,NA,"GON4L"
9.66857678042143,0.0166498440814809,0.0571377589681581,0.291398269413394,0.770746737956824,NA,"SYT11"
6.69263513149369,0.0480742521558367,0.0597458123162212,0.80464638929655,0.42102376447788,NA,"RIT1"
10.6316311563495,-0.0177601586825743,0.0498879002563314,-0.356001326801087,0.721839571549267,NA,"KHDC4"
9.85200306571238,0.0599460746701735,0.0524199224267187,1.14357427281538,0.252800236219492,NA,"ARHGEF2"
8.47950322309002,0.00659763875864794,0.0588762232666236,0.112059476518564,0.910776248041466,NA,"LAMTOR2"
12.297048556216,-0.0239317047649145,0.0435212855163858,-0.549885061550036,0.582398210938631,NA,"PMF1"
11.3286302051545,-0.0222643588405147,0.0517516875443472,-0.430215127215626,0.667039159041634,NA,"SMG5"
16.9451663986701,-0.0410207061604138,0.0378736809354828,-1.08309266876626,0.278767292725304,NA,"CCT3"
18.8309237160649,0.0307836224871456,0.037572009874417,0.819323283211058,0.41260199197601,NA,"MEF2D"
8.28283053934961,-0.022140680116872,0.053359625330131,-0.414933200521737,0.678190804487069,NA,"NAXE"
11.2292823057372,0.0302123335704965,0.0571060004170636,0.529057075435963,0.596765857099109,NA,"ISG20L2"
11.0419302617314,-0.02506202941023,0.048559038978257,-0.516114608887789,0.605774365223041,NA,"HDGF"
7.70163087230873,-0.110535736154221,0.0552826632803261,-1.99946474347155,0.0455580928760208,NA,"PRCC"
10.4620854081525,0.0386385069739201,0.0538438675484977,0.717602741651461,0.473002266690156,NA,"ETV3"
18.2125259459826,-0.039228253941974,0.045681557679737,-0.85873284394097,0.390487925716654,NA,"FCRL3"
7.19953339613391,-0.0261319561523158,0.0652374352603062,-0.400566883845843,0.688739031349763,NA,"DUSP23"
15.9512388142355,0.0277068691885755,0.037605186198834,0.736783193734979,0.461254205073365,NA,"DCAF8"
6.53752114533005,-0.0840269557928954,0.0616079525556702,-1.36389787855662,0.172599708615652,NA,"NCSTN"
21.7343081963291,-0.117823167245073,0.0432536995864197,-2.72400207084404,0.00644961020874641,NA,"SLAMF6"
5.3331688261278,-0.0140774193809426,0.0791648247131178,-0.177824171681769,0.858861063627311,NA,"LY9"
14.9906857143491,-0.010160251357359,0.0433687974337131,-0.23427560731626,0.814771021574581,NA,"CD244"
17.5161815965114,-0.0423414574008373,0.0434405381932447,-0.974699190246719,0.329709494744517,NA,"TSTD1"
11.8846094485558,-0.00349072179151895,0.0491788721674994,-0.0709801107196973,0.94341358490478,NA,"PFDN2"
10.4814121263655,-0.0957784957499174,0.0493613769660784,-1.9403529973594,0.0523368046793155,NA,"NDUFS2"
9.155917908993,0.00775496638280532,0.0527907870170947,0.146899995643068,0.883210955361599,NA,"SDHC"
5.05804860008825,-0.145359508244749,0.0772797189456358,-1.88095285836903,0.0599783318540775,NA,"FCGR2C"
16.6064171624309,0.0269364700536067,0.0639747580446064,0.421048408417976,0.673719733513034,NA,"UAP1"
9.14047300465725,-3.00867849885493e-05,0.0523884537078116,-0.000574301832925889,0.999541773459457,NA,"MGST3"
6.24647141979074,0.0202760926408328,0.059733556010701,0.339442249800102,0.734276595089202,NA,"ALDH9A1"
14.2544694867041,0.0183342382675202,0.0430800106480538,0.425585741315235,0.670409732014262,NA,"TMCO1"
4.97454995134782,0.120109842316359,0.067723044944869,1.77354462449432,0.07613850430432,NA,"UCK2"
10.2837560677813,-0.0484450221411841,0.0509658926308072,-0.950538088131134,0.341838910174426,NA,"MPC2"
13.4585453992837,0.04050332463277,0.0440931483873585,0.918585451801901,0.358312444318289,NA,"DCAF6"
11.3811409492973,-0.0355741639520022,0.048782950909891,-0.729233539350923,0.465858818413949,NA,"TIPRL"
17.61904294597,-0.01631427299096,0.0390265599408276,-0.418030003559009,0.675925180627461,NA,"SFT2D2"
6.85752228497828,0.156651083680184,0.0792257778382856,1.97727416447634,0.0480106483518822,NA,"NME7"
6.99199395344371,0.05150509159609,0.056304706574732,0.914756416104015,0.360319519933193,NA,"BLZF1"
4.00521365346681,-0.198597539944699,0.103909590746084,-1.91125322040769,0.0559720475205681,NA,"SLC19A2"
7.31145875295425,-0.02861226353255,0.0579928938365422,-0.493375336867928,0.621747405563823,NA,"VAMP4"
8.48682853257424,-0.134662859801435,0.0534774688503678,-2.51812328998268,0.0117982014739684,NA,"PIGC"
8.55149019384349,0.0314189483801634,0.0586373403875151,0.535818101102911,0.592084270851104,NA,"PRDX6-AS1"
15.5043283957864,0.0432479599990414,0.0432379163816259,1.00023228726673,0.317198107482563,NA,"PRDX6"
19.4447526728202,0.0390161801271292,0.03998891836917,0.975674804878174,0.329225641586128,NA,"KLHL20"
8.16721679867828,-0.0826089928616939,0.0594600273050096,-1.38931979358062,0.164735527586785,NA,"ZBTB37"
12.4280870157371,0.0440491558483711,0.0500729354591823,0.879699890658066,0.379021908637601,NA,"CACYBP"
8.63373645585833,0.0463727224064582,0.0517302449430456,0.896433458946775,0.370021304052206,NA,"RALGPS2"
7.25599290921604,0.0819022892015176,0.0588869561625911,1.39083923739206,0.164274181800423,NA,"FAM20B"
6.59550049011988,-0.0618217700502311,0.0644216966497396,-0.959642065721362,0.337235390155091,NA,"ABL2"
14.7507087140352,-0.00953466257494178,0.0473174629407739,-0.20150409557833,0.840304427305048,NA,"SOAT1"
9.8945389632821,-0.00700707592557953,0.0508827707302479,-0.137710188046306,0.890469467223864,NA,"TOR1AIP2"
15.1607839236311,0.0179266652327308,0.0426926373175478,0.419900628283802,0.674558048768571,NA,"TOR1AIP1"
17.4501723235345,0.0686103612336598,0.0483101164211557,1.42020691143717,0.15554745213532,NA,"IER5"
7.65279725007593,-0.0468456204620583,0.0656717402180729,-0.7133299697328,0.475641596436327,NA,"GLUL"
18.3506307746214,0.0256099022725369,0.0388621764708195,0.658993000347435,0.509900263503941,NA,"SMG7"
5.70463772896877,0.0220465222300148,0.0832328187676206,0.264877755631069,0.791103634898836,NA,"COLGALT2"
12.6205181987875,0.0725061733084597,0.0428788922961697,1.69095257423281,0.090845860883399,NA,"TSEN15"
8.94947011340315,-0.0476627250056864,0.0587013565734284,-0.811952700719377,0.416818772640839,NA,"EDEM3"
7.52367240711783,-0.0781890344332367,0.0623190237759149,-1.25465756194107,0.209603097734964,NA,"RNF2"
10.0912251900694,0.106864802688204,0.055435318948877,1.92773857379184,0.0538876515559741,NA,"ODR4"
12.6605058498361,0.00531094445453298,0.0508900031512277,0.104361252223755,0.91688267097235,NA,"RGS1"
16.6947101343065,0.00313101674160247,0.0488387534309102,0.0641092681866208,0.94888322208358,NA,"RGS2"
17.3259575833495,-0.0896385410810021,0.0396709909183072,-2.25954882915809,0.0238492665227262,NA,"UCHL5"
19.4149629047942,0.00179492047529018,0.0367471647089763,0.0488451419178942,0.961042707038285,NA,"RO60"
15.2569525137013,0.0266446532643459,0.0558855123442016,0.47677210330005,0.633524412626624,NA,"MIR181A1HG"
6.41066135847576,-0.000138209789460689,0.065626492407761,-0.00210600604100462,0.998319651537056,NA,"ZNF281"
7.14273953008117,-0.050077129284681,0.0652708122143122,-0.767220869264752,0.442950206910319,NA,"DDX59"
11.6374105289663,0.0599238860603226,0.0454425716234438,1.31867286378238,0.187278502584266,NA,"KIF21B"
13.8379546076047,0.0165502864040875,0.0465244247226059,0.355733284242973,0.722040316187141,NA,"IPO9"
10.5276053563721,0.0589202782879949,0.0528277996204023,1.11532713289916,0.264710262337358,NA,"TIMM17A"
6.76452764419042,-0.0447094626985165,0.0609218072817306,-0.733882737453261,0.463020208891772,NA,"RNPEP"
7.6497206746928,0.0150047256675511,0.0538960574064521,0.278401174215664,0.780704418234012,NA,"ARL8A"
21.5039802212101,0.0657747457138812,0.0357417045581886,1.84028004615163,0.0657271333191765,NA,"PTPN7"
14.2471196428669,0.0420544384758652,0.0616014531931884,0.682685818205915,0.494805392984077,NA,"LGR6"
21.9016238953004,-0.0778917123847894,0.0433312509975591,-1.79758743612496,0.0722424108012818,NA,"PPP1R12B"
14.1271155394303,-0.0441002508925009,0.04682383731355,-0.941833335811182,0.346277975029864,NA,"KDM5B"
9.78472962111966,0.0732295641020486,0.0590360458964568,1.24042122046056,0.214819636101253,NA,"RABIF"
9.87813688144571,0.0830785522119537,0.0499851866076547,1.66206346020185,0.0965000510305949,NA,"ADIPOR1"
13.9874698136066,-0.0187243241668482,0.041086064611767,-0.455734184906226,0.648581136571326,NA,"TMEM183A"
8.2632161275417,0.0539643773862566,0.0589913350720086,0.914784812386162,0.360304609454477,NA,"LAX1"
13.2974014278348,0.0459029774637187,0.047455171744738,0.967291356791024,0.333398403268904,NA,"SNRPE"
13.8780428070115,0.0479025238059608,0.0439297326835032,1.09043513082768,0.27552151372133,NA,"PPP1R15B"
7.66391098749415,0.0270873464206926,0.0689798188155871,0.392685090883014,0.694552083677479,NA,"RBBP5"
8.67414385236023,0.122009103227238,0.0573687543642626,2.1267518282259,0.0334407087149269,NA,"DSTYK"
11.5187297718843,-0.0142078869701311,0.0435827517863506,-0.325997932388032,0.744425919470795,NA,"ELK4"
5.53872764130257,-0.0138490402491277,0.0728002324930412,-0.190233461829281,0.849126191111981,NA,"SRGAP2"
8.88888779193858,-0.17267546185727,0.0602200437037616,-2.86740844471496,0.00413848526640458,NA,"MIR29B2CHG"
18.0172271083628,0.00785731006463551,0.0401232202237555,0.195829497752613,0.844743621195219,NA,"RCOR3"
16.319021675444,-0.031159530635446,0.0410564447274041,-0.758943713766035,0.447886227874114,NA,"TRAF5"
7.60437807570175,-0.0421450033139239,0.0552267324504483,-0.763126867079057,0.445387738429434,NA,"INTS7"
9.25046933210982,-0.0893616800860626,0.0538452051142191,-1.6596032998018,0.0969942840784781,NA,"NSL1"
11.3130504860245,-1.68909568560255e-05,0.0457687855800251,-0.00036904970586323,0.999705540944207,NA,"ANGEL2"
9.42180493698641,-0.0793591859372486,0.0547634200926483,-1.44912764401839,0.147301939286283,NA,"SMYD2"
13.3208068077681,-0.0527056242774875,0.0462745524743029,-1.13897642352686,0.254712987854328,NA,"GPATCH2"
10.9822812607412,-0.109489521538241,0.0478516013719909,-2.28810569341425,0.0221313667741184,NA,"LYPLAL1"
16.3968149767507,-0.0237317667094705,0.0403385471903604,-0.58831485917127,0.556320973679406,NA,"EPRS1"
8.32563536058656,-0.0424409826022181,0.0523330879110888,-0.810977993011288,0.41737830886459,NA,"IARS2"
22.0211033918677,-0.0426428130211305,0.0374595875623633,-1.13836846041452,0.25496665815538,NA,"RAB3GAP2"
12.2705644322865,0.031874333843302,0.0488602067300721,0.652357736007782,0.514170422296567,NA,"DUSP10"
18.9933226768801,0.0097688052141184,0.0366512128687634,0.266534295852567,0.789827750073583,NA,"MIA3"
6.60867426939768,0.0681469550001486,0.0574820604916399,1.18553431135371,0.235806256894176,NA,"AIDA"
10.639526535319,0.0243031842084197,0.0472854361511185,0.513967643879813,0.60727461265024,NA,"BROX"
6.9548889040964,-0.0175004209824283,0.0589241773892641,-0.296998986796494,0.766467282675604,NA,"DISP1"
12.5043398175041,-0.0305104841508826,0.0440365137716997,-0.692845130953358,0.488406746353872,NA,"TP53BP2"
4.53073962352637,0.0205106447712402,0.0778864509810399,0.263340343704108,0.792288266920904,NA,"ENSG00000290989"
9.27309248844357,-0.0891718680735782,0.0571321833165613,-1.56079923603636,0.118571127767457,NA,"FBXO28"
5.92947206807717,0.0589022338698611,0.0674921772220983,0.872726829896597,0.382811990098393,NA,"DEGS1"
9.37619447492968,-0.0233824923627421,0.050530120418261,-0.462743650107984,0.643548126405555,NA,"NVL"
5.88095235416552,0.0123114741875241,0.0630548964493518,0.195250089696256,0.845197167658119,NA,"CNIH4"
19.5705428850706,-0.0223526916354943,0.0360331152658566,-0.620337472088479,0.535035629386835,NA,"SRP9"
8.33972838606889,0.00832843443132033,0.0546382233186276,0.152428719776489,0.87884880663172,NA,"TMEM63A"
8.07807127318496,-0.0151065663524575,0.0534434632020306,-0.282664435411878,0.77743408126319,NA,"PYCR2"
9.33752439706553,0.0505141040655844,0.0518404755576723,0.974414364879576,0.329850839847149,NA,"SDE2"
14.3722772568384,0.116827642564642,0.0506941365290195,2.30455927576091,0.02119126897477,NA,"ENSG00000289341"
15.491360236459,0.0193202370833108,0.0437905243356076,0.441196751499065,0.659070564769241,NA,"ACBD3"
17.3818323017355,-0.0265690834289262,0.0365309272661153,-0.727303833143337,0.467039850496097,NA,"PARP1"
13.6856541380639,0.0129562899408748,0.0427423864855621,0.303125094459835,0.761794530666647,NA,"ITPKB"
6.89942166699085,-0.0345550283700952,0.0562710107779693,-0.614082240435317,0.539160983298502,NA,"C1orf35"
8.14406526114539,-0.0399703371248169,0.0548842525341177,-0.728266037693966,0.466450747972843,NA,"MRPL55"
5.75967511981561,0.0215531363503435,0.0658963392291992,0.327076383945667,0.743610113215427,NA,"TRIM11"
8.80320050270054,-0.012291451128589,0.0517604415578746,-0.237468050090833,0.81229370271502,NA,"RNF187"
9.07424070703342,0.0123063005380286,0.0495625299680838,0.248298473583842,0.803903479938374,NA,"RAB4A"
12.5847726650029,0.050319537720967,0.0481909833512597,1.04416914164611,0.296407141194623,NA,"NUP133"
7.40723839556951,0.0137949481354306,0.0569546090610277,0.242209513204614,0.808617824016253,NA,"TAF5L"
14.3755268443793,-0.110554627269503,0.0430091874967852,-2.57048862589572,0.0101555161561322,NA,"GALNT2"
6.74977562570666,0.0477986086987578,0.0579644618290905,0.824619209606276,0.409587811964046,NA,"COG2"
19.8935811728208,-0.0749734693665811,0.0395910755536515,-1.89369620092744,0.0582653458903067,NA,"TTC13"
9.44914374635853,-0.0449194449939858,0.0507154228270108,-0.885715675628005,0.375770759085507,NA,"GNPAT"
6.6674557275134,0.013340442325257,0.0625486649013012,0.213281008416527,0.831107785856668,NA,"SPRTN"
11.0520083634829,-0.0945045570784771,0.0486801922108879,-1.9413349205581,0.0522176664728315,NA,"EGLN1"
12.4644421104374,0.0297102397809331,0.0438401750433809,0.67769436941194,0.497965497225278,NA,"TSNAX"
4.9103383074875,-0.010426940357667,0.0895731285404529,-0.116407013214438,0.90732997744141,NA,"DISC1"
9.1249996023331,0.0234437386733421,0.062229367348313,0.376731110604447,0.706373440497156,NA,"PCNX2"
8.85775037993411,-0.0479205643073142,0.0503049459962972,-0.952601446204545,0.340792044206861,NA,"TARBP1"
15.0068365892868,0.0291564150532247,0.0460855823786743,0.632658058081015,0.526956964666665,NA,"IRF2BP2"
17.5163043636421,0.0146829031967087,0.0392603564697213,0.373988025504367,0.708413225091497,NA,"TOMM20"
8.59667533147571,0.0490553759315162,0.0541245915303413,0.90634173015452,0.364755004380159,NA,"RBM34"
5.29169568368367,-0.0064321034591442,0.0690280416439087,-0.0931810218856439,0.925759751125889,NA,"GGPS1"
6.21047340212058,0.250398839408172,0.0810129057222,3.09085123136813,0.00199583602978634,NA,"GPR137B"
13.3008484332581,0.0796816598602229,0.0473435668062074,1.68305147321041,0.0923651273865061,NA,"ERO1B"
11.5618721904246,0.0161266324193689,0.0446882057135637,0.360869991575299,0.718196637364939,NA,"LGALS8"
10.9462781106596,-0.000477167795261183,0.0452141264833365,-0.010553511311051,0.991579672567519,NA,"HEATR1"
18.0190716454141,0.0281347067619694,0.0362712921390749,0.775674234435669,0.43794135671708,NA,"MTR"
10.8876739803783,0.0023937541754254,0.0516018181681999,0.046388950242466,0.963000243462051,NA,"SDCCAG8"
10.9497206170151,-0.00529599411688707,0.0512835462877234,-0.103268874722005,0.917749577889141,NA,"DESI2"
10.3579028725997,0.0123086657719993,0.0499014868390394,0.246659299184846,0.805171907943441,NA,"COX20"
9.17495204820019,-0.0297550300059452,0.0540972794843499,-0.550028213794987,0.582300022231604,NA,"EFCAB2"
16.2597312698468,0.0358065492740168,0.0395755033136112,0.904765480561856,0.365589642792118,NA,"CNST"
16.4646678907324,0.0423364763370584,0.041370491093831,1.02334961992683,0.306142570618641,NA,"AHCTF1"
13.4531344876731,-0.0559218444104716,0.0474217215924915,-1.17924534438087,0.238300494901738,NA,"ENSG00000290683"
4.32960241350979,-0.0259248326076508,0.0761586472417996,-0.340405634114546,0.733551076363605,NA,"ZNF496"
6.39212768920431,0.00700107482383582,0.056686341916881,0.123505496863803,0.901706821750178,NA,"SH3YL1"
18.6552337451647,-0.00521165715201829,0.0360919714918118,-0.144399348015685,0.885185131622296,NA,"ACP1"
10.5788627834696,-0.0271266944987394,0.0471323260957454,-0.575543300019476,0.564923915209606,NA,"EIPR1"
9.25371672668801,-0.0302550106208226,0.0538750786692195,-0.561577103331604,0.574404184134899,NA,"TRAPPC12"
4.63250978621172,0.129637271145657,0.0907639469492333,1.42829036751968,0.153208299205517,NA,"ADI1"
7.58995744520328,0.0220933308036643,0.0537831217881079,0.410785578619005,0.681229768735106,NA,"RNASEH1"
7.00721736180901,0.0946302330179712,0.0579630830139835,1.63259488794172,0.102554227107018,NA,"RNF144A"
12.081025471582,-0.0445091206058261,0.0613303195653639,-0.725727844258005,0.468005628679934,NA,"LINC01871"
6.21136983505691,0.0707129943090429,0.0766832918506659,0.922143437018202,0.356453762297469,NA,"LINC00298"
8.19337527058235,0.0563069899036161,0.0632573210607039,0.890126059078316,0.373398201843791,NA,"ENSG00000289191"
11.7044772450439,0.0151505292390842,0.0481141104353836,0.314887443662313,0.752847115516067,NA,"ITGB1BP1"
7.03758618386405,0.0617735091632442,0.0604839401924436,1.02132084924854,0.307102451601481,NA,"IAH1"
14.8330576808816,0.0435072570997414,0.0421527994879859,1.03213209153858,0.302010242043859,NA,"ADAM17"
10.2211040510505,-0.0468394584108431,0.056435323898848,-0.82996703438428,0.406557422306446,NA,"TAF1B"
5.66828263247536,-0.0142086408004515,0.0641084228149131,-0.221634539995987,0.824598392089232,NA,"KLF11"
5.5272879865215,-0.0732940983784089,0.0742937378857801,-0.98654476762351,0.323865858364195,NA,"RRM2"
16.046736924992,0.0197020278981148,0.0420379252155772,0.468672699641567,0.639303603739105,NA,"HPCAL1"
14.8725949360021,0.0611917784058033,0.0432179341723343,1.41588855593599,0.156808136101583,NA,"ODC1"
15.9769978446382,-0.0296077894415625,0.0424973808020458,-0.696696805374348,0.485992558479153,NA,"NOL10"
20.3766243728286,-0.0326023183910416,0.0360712764233411,-0.903830460791379,0.366085307102887,NA,"PDIA6"
7.28511741643218,0.030437774714261,0.0603586921388507,0.504281548119717,0.614063542040898,NA,"SLC66A3"
14.356959488644,-0.0485855821812282,0.0426324887223205,-1.13963748393114,0.254437362176832,NA,"ROCK2"
20.4308593276929,-0.0674798094867602,0.0398568205297671,-1.69305550693295,0.0904449022243732,NA,"LPIN1"
7.49076716397128,-0.0382328860130222,0.056317306180727,-0.67888343043841,0.4972117252359,NA,"TRIB2"
10.5584594305176,-0.00732413426202948,0.0456797979390593,-0.16033639798058,0.872616088310562,NA,"DDX1"
19.0181592942221,-0.00957557480414797,0.0438515317730952,-0.218363519288122,0.827145887070054,NA,"CYRIA"
12.0656628953557,-0.0242597387727901,0.0510278099814923,-0.475421907810449,0.634486282406285,NA,"SMC6"
5.74135239765494,0.0748763407469818,0.0696921363235444,1.07438722210164,0.28264916705803,NA,"WDR35"
11.5756617155276,0.032973142219775,0.0514073866314379,0.641408645340676,0.52125721748656,NA,"LAPTM4A"
7.47627663925177,-0.0681107249360341,0.0692553271780027,-0.983472719159542,0.325374835630951,NA,"LDAH"
10.3599102951469,0.0127744828770997,0.0514311671503268,0.24838018627424,0.803840262400874,NA,"UBXN2A"
16.4062458106574,0.0273427686346222,0.0478289898404918,0.571677736155613,0.567540320312667,NA,"SF3B6"
12.4562289951742,0.00290027298866554,0.048189771805963,0.0601844100931531,0.952008762149099,NA,"FAM228B"
6.08339546826365,-0.0676400037642282,0.0728073893225772,-0.929026633059804,0.352875284116413,NA,"PTRHD1"
6.53176547023232,0.0334581112339121,0.0663017548671545,0.504633871319853,0.613816015258075,NA,"DNAJC27"
9.79643178052477,-0.0157240885740599,0.0535130395819128,-0.293836580708351,0.768882780952614,NA,"DNMT3A"
16.0622783123517,0.0595659855756867,0.0422080057460621,1.41124851844591,0.158171348516304,NA,"DTNB"
15.3745974705394,-0.0556909634041219,0.0457070990084055,-1.21843137307577,0.223060089010224,NA,"ASXL2"
17.1575108149855,0.00503953773650571,0.0433231891491108,0.116324255796601,0.907395562756687,NA,"RAB10"
21.1641820771846,-0.0573546910987183,0.0410268987063118,-1.39797773917273,0.162119752083329,NA,"HADHA"
12.5432808883072,0.0311333686736022,0.0472675166316224,0.658663092377772,0.510112138229579,NA,"HADHB"
6.55796337008191,-0.0287544824231704,0.0647319821565323,-0.444208279512243,0.656892006790172,NA,"SELENOI"
10.1717890272686,-0.0370300302621869,0.0471668677790472,-0.785085633323241,0.432403362470069,NA,"ATRAID"
5.96399087309116,-0.0846712057484495,0.0629090186182605,-1.34593111779798,0.178324732184114,NA,"MPV17"
10.5690393646818,0.00805773507579793,0.0474522626254937,0.16980718368251,0.865161777219002,NA,"SNX17"
20.6985657562053,-0.0316589550045017,0.0382749183148785,-0.827146246114783,0.408154174782991,NA,"PPM1G"
18.0458418590689,-0.00952591564321092,0.0383224493195488,-0.248572724665373,0.80369130893617,NA,"NRBP1"
5.8532548198505,0.0400658119836982,0.0636860672643073,0.629114242796917,0.529274266661275,NA,"ZNF512"
6.44158290061328,0.00681396314871585,0.0595480804774518,0.114427922681672,0.908898580266268,NA,"GPN1"
10.7316276468531,-0.0492302400384897,0.0476159478742378,-1.03390234231009,0.301181819895694,NA,"SUPT7L"
10.1733817469797,-0.0766989499495224,0.0480810422391517,-1.59520148436108,0.110667186945393,NA,"SLC4A1AP"
12.0635609601305,-0.0599480172952619,0.0512069466992572,-1.17070087477275,0.241719033485651,NA,"MRPL33"
5.58027224329403,0.106641868902,0.0635688324384043,1.67758105366072,0.0934289140451833,NA,"FOSL2-AS1"
5.82292958983362,-0.0614354004126026,0.0609984040329237,-1.0071640625129,0.313855939818403,NA,"TRMT61B"
18.4243637659812,0.0136670048689566,0.0429577868144476,0.318149650678934,0.750371422859039,NA,"WDR43"
13.5073638235934,0.041872283627111,0.0437527083212453,0.957021524694479,0.33855639078769,NA,"TOGARAM2"
18.667620310959,0.00710853324025207,0.0367431057592608,0.193465769791668,0.846594211348305,NA,"CLIP4"
12.0768373514594,-0.0318455017402392,0.0458585383229995,-0.694429061736311,0.487413173632773,NA,"LCLAT1"
6.56080800433684,-0.0665059809484206,0.0622989230943561,-1.06753018583793,0.285732490267092,NA,"DPY30"
8.37648102265286,-0.0703073209879982,0.0537221158816528,-1.30872211256313,0.190628498559161,NA,"SPAST"
5.27905427954979,-0.0273966541987808,0.0664598930070263,-0.412228382550726,0.680172035698889,NA,"SLC30A6"
12.4594227256678,0.0284612910412079,0.0452776235898553,0.628595071574932,0.529614187678001,NA,"YIPF4"
11.7147257295934,-0.105395403883112,0.0646491682942392,-1.63026697270757,0.103045084664659,NA,"CRIM1"
9.66469364930493,-0.0967017260686475,0.0546114920263147,-1.7707211885376,0.0766070772011374,NA,"FEZ2"
22.06026549716,0.00539239130020245,0.0363422916572362,0.148377855504023,0.882044575363732,NA,"STRN"
18.3775169697563,-0.0482638228816639,0.0430655969589905,-1.12070483842645,0.262413521989267,NA,"HEATR5B"
5.94854355220691,0.0031875050676338,0.0610595956772414,0.0522031800617028,0.958366799067842,NA,"GPATCH11"
22.1128143575709,-0.00150223115657255,0.0329463750833688,-0.0455962500509159,0.963632058091367,NA,"EIF2AK2"
9.55095814030892,-0.0307485228719716,0.0483944371107619,-0.635373086406532,0.525185116830854,NA,"CEBPZOS"
17.8057398103204,-0.00562398801247069,0.0407956497373896,-0.137857542377031,0.890353006212662,NA,"PRKD3"
13.2209643405783,0.0480339545878418,0.0564681324365576,0.850638271804161,0.394970322683698,NA,"CDC42EP3"
4.68683079648004,0.0458248713217876,0.0733415124537358,0.624814921163429,0.532092536423065,NA,"RMDN2"
9.98364310902103,-0.0105378860475123,0.055376346792496,-0.190295796994328,0.849077346989862,NA,"ATL2"
7.58192350007238,0.0816400933736041,0.06213261396247,1.3139652135498,0.18885791093074,NA,"DHX57"
13.963063198799,-0.0698229285341855,0.04118231444163,-1.69545906977009,0.089988368465397,NA,"MAP4K3"
9.59633292206022,0.0644904644347486,0.0525568690989946,1.2270606210061,0.219799807148837,NA,"THUMPD2"
12.2029122912515,-0.0151944589546891,0.048846718390878,-0.311064068482574,0.755751916190803,NA,"COX7A2L"
18.4627679284208,0.00291696909105368,0.0349401780580866,0.0834846658824788,0.933466169679007,NA,"LRPPRC"
8.58318503292911,0.071963404028433,0.0533942888486425,1.34777343382976,0.177731264947969,NA,"PREPL"
18.2452331344686,-0.0234675929357893,0.0476147035234139,-0.492864413704674,0.622108393394189,NA,"SRBD1"
14.3396598245675,-0.00525721822713674,0.0428371571655347,-0.122725656299305,0.902324346651737,NA,"RHOQ"
9.4465478487377,0.0855679540810028,0.0513906576656781,1.66504882341972,0.0959030155848961,NA,"CRIPT"
6.37744822620601,-0.00772128772351237,0.0710175859382635,-0.108723601647409,0.913421721415094,NA,"MCFD2"
14.0215490864204,0.0353463226263915,0.0456413205498656,0.77443689622814,0.438672471743104,NA,"TTC7A"
7.90977028546981,0.0140418961639411,0.059142838807242,0.237423438697394,0.812328308044146,NA,"MSH2"
13.9662683244413,-0.00344581043834169,0.050395990247466,-0.0683746945227444,0.945487365522047,NA,"PPP1R21"
18.820922075886,0.00123205914009079,0.0489364397323637,0.0251767220261424,0.979914004202224,NA,"ASB3"
17.5621662509043,-0.0121555932267372,0.0367038977653804,-0.331179900958708,0.740508601109339,NA,"ERLEC1"
6.04817757131301,0.0570200607574114,0.0712568479329215,0.800204645749809,0.423592238582833,NA,"MTIF2"
14.441003424266,0.00486627780598066,0.0400187314282279,0.121600001606951,0.903215812217133,NA,"VRK2"
6.85587936819079,0.0381686372549589,0.0582458916967738,0.65530179284856,0.512273466729045,NA,"PAPOLG"
22.2147877784109,-0.0385050067872963,0.0338764587785506,-1.1366302197937,0.255692901433986,NA,"CCT4"
9.9380669854982,-0.0306726237300563,0.0481620574036315,-0.636862820726249,0.524214202107406,NA,"B3GNT2"
18.8502745773536,-0.0443713701355035,0.0485221676233579,-0.914455645920974,0.360477473800668,NA,"EHBP1"
9.6180112266771,-0.0246563007980326,0.052148487727585,-0.472809507474753,0.63634909043538,NA,"MDH1"
17.1503662533412,-0.00283144911982431,0.0433342964860666,-0.0653396812553474,0.947903548756925,NA,"UGP2"
15.0582897262362,-0.0564816110212672,0.0502111414930297,-1.12488203497839,0.260639025656818,NA,"VPS54"
12.1065940197148,0.000106880908449219,0.0480449395054901,0.00222460283120984,0.998225025211076,NA,"PELI1"
20.29066897084,-0.0384301910259595,0.0368009514299852,-1.04427167050488,0.296359715942737,NA,"AFTPH"
10.0231862485942,-0.00287268756018937,0.0505463188631974,-0.0568327748646592,0.954678405555533,NA,"SERTAD2"
7.4385281914372,-0.0708323991361678,0.0784500718165985,-0.902897824004044,0.366580125629969,NA,"SLC1A4"
16.1989540904336,-0.0145286047820253,0.0421368600210823,-0.344795620147212,0.730248026016247,NA,"C1D"
9.61094547031632,0.0269899420313325,0.0479263042084673,0.563155087317668,0.573329282840765,NA,"PNO1"
14.8347993996698,0.137246575838245,0.0468907014170167,2.92694653077717,0.00342307725263052,NA,"GFPT1"
7.01042420472635,-0.0822450121423887,0.0601411319178386,-1.36753349196598,0.171458146838313,NA,"NFU1"
8.61730200987684,-0.0222628933116526,0.0644626131963391,-0.345361321978132,0.72982275093952,NA,"ANXA4"
18.6507911015254,0.0182663278290335,0.0413255380784288,0.442010647129801,0.65848150134945,NA,"GMCL1"
8.52362027709032,-0.0645776552621345,0.0567363660159955,-1.13820570115344,0.255034598639725,NA,"SNRNP27"
9.57558330243601,-0.0117593467890151,0.0520168803630999,-0.226067897708011,0.821148612192861,NA,"MXD1"
11.2207765145323,-0.0641652042142331,0.0508188653672949,-1.26262567553363,0.20672373612368,NA,"PCBP1-AS1"
12.9201759278682,-0.000826137043262502,0.0425722223462823,-0.0194055418705349,0.984517589468518,NA,"TIA1"
15.9931486960237,-0.0364364027401569,0.038403585755558,-0.948776058883605,0.342734520811272,NA,"SNRPG"
8.04924210295334,-0.0310493053697687,0.0526249073728588,-0.590011591845239,0.555182878054444,NA,"FAM136A"
4.71833610184538,0.0751857651716835,0.0680601297377276,1.10469617765077,0.269291260229451,NA,"NAGK"
10.6164818436527,0.0606996348802831,0.0539946425610401,1.12417884444115,0.260937162381056,NA,"MPHOSPH10"
11.9965615828236,-0.0494842741209728,0.0490851877900301,-1.00813048393845,0.313391824927283,NA,"CCT7"
14.8645904847791,0.0340971678589558,0.0464394011767782,0.734229275032209,0.462809014119168,NA,"ALMS1"
5.97308642201992,-0.0121189163929679,0.0702003817879758,-0.172633197773344,0.862939755606252,NA,"TPRKB"
7.63435681368614,0.0041398097196391,0.0555251486326443,0.0745573820437326,0.94056688390022,NA,"DUSP11"
7.88486581289491,0.0866556999517098,0.0609268919191584,1.4222898497217,0.154942124313976,NA,"STAMBP"
14.2484649152357,0.0360179030520871,0.0461223372799266,0.780921028209965,0.43484894346428,NA,"DGUOK"
15.3998908925633,0.00303176854286797,0.0417435612224694,0.0726284115222076,0.942101817293344,NA,"TET3"
4.11492392464664,0.0158877008455804,0.0841217236965417,0.188865612203731,0.850198145967122,NA,"BOLA3"
7.73091114524056,0.0045033545367662,0.0618037533221676,0.0728653891502565,0.941913236160069,NA,"MTHFD2"
10.161953570848,-0.0450744560326628,0.0480782809122902,-0.937522207062533,0.348490006167266,NA,"DCTN1"
10.3209615469939,-0.0275509826944355,0.0499720251235142,-0.551328120610255,0.581408764865417,NA,"WBP1"
10.7339056326599,0.0326367651050363,0.0451875404171283,0.722251417177496,0.470139916421283,NA,"MOGS"
4.9573682690807,0.0815785559305118,0.0851074153085538,0.95853640525625,0.337792343070479,NA,"HTRA2"
6.22203607125098,0.00551910391322604,0.0687504012210561,0.0802774066071298,0.936016627125118,NA,"POLE4"
6.70139086852458,-0.0519196047094726,0.0584087625664785,-0.888900953009914,0.374056313232837,NA,"MRPL19"
10.6876590571218,0.0651183949412823,0.0490001391336732,1.32894306205209,0.183866755428582,NA,"SUCLG1"
17.3999496849674,0.0220336758166297,0.0365261064323877,0.603230893427294,0.546355098587756,NA,"KCMF1"
6.27538922418857,-0.159645101763616,0.0651332442446308,-2.45105404490544,0.0142438565039576,NA,"ELMOD3"
4.99246989452937,-0.170118826487439,0.114929032150055,-1.4802075968527,0.138817853678783,NA,"CAPG"
13.3962992180134,0.0334503043049928,0.0446551138228988,0.749081156475291,0.453808291760549,NA,"MAT2A"
21.6476080504779,-0.0060240705712772,0.0347772761022132,-0.173218585422618,0.862479615405348,NA,"VAMP8"
9.64641207982327,-0.0423961555111718,0.0569657634765069,-0.744239222364785,0.456731763162283,NA,"VAMP5"
12.5376708325082,0.0180448988059489,0.0454990042992691,0.396599861554305,0.691662554666051,NA,"RNF181"
7.24511846896195,-0.0303065812585847,0.0548331666734428,-0.552705289466038,0.580465230782437,NA,"USP39"
5.45707676568898,-0.0391345903699233,0.0672985260994734,-0.581507391589509,0.560898537996534,NA,"C2orf68"
12.6804019507315,-0.0195861391185556,0.0505583253375829,-0.387396912136172,0.698462389444877,NA,"ST3GAL5"
12.322339226572,0.0102077089841618,0.0474903582044593,0.214942766702554,0.829811941056729,NA,"PTCD3"
14.284968473901,-0.103931809312795,0.0456116660985999,-2.27862339183407,0.0226894622017134,NA,"IMMT"
20.5547222763911,0.0181049862971953,0.0406059704178677,0.445870055828752,0.655691113455803,NA,"KDM3A"
14.5463241600123,0.0816692046285932,0.0410170030334514,1.99110609231952,0.0464692248227622,NA,"CHMP3"
14.9670748728791,0.076775633382997,0.0402651854324145,1.90674977796552,0.0565529976342949,NA,"RMND5A"
13.1401722727876,0.0397711641585887,0.09602355044324,0.414181354209534,0.678741296083514,NA,"CD8A"
13.2102204538396,-0.0554730375997257,0.0484994447345425,-1.14378706608607,0.252711955030885,NA,"CYTOR"
8.82183745796408,0.0289138087727002,0.0523657339585018,0.55215131321588,0.580844688031761,NA,"KRCC1"
19.3400078129727,-0.00620354202751252,0.037503141158495,-0.165413931630293,0.868618188868721,NA,"EIF2AK3"
8.02024372353672,-0.0154094103914429,0.0604933987441488,-0.254728792088795,0.798932576753445,NA,"RPIA"
13.0134183919701,-0.0420447247436028,0.0468066074408022,-0.898264733174224,0.369044429519593,NA,"MRPS5"
14.9173999666451,0.0290290379396258,0.0418169308832487,0.694193412249068,0.487560923399388,NA,"STARD7"
8.02345387824784,-0.0390659999932719,0.0583690890921886,-0.669292610195968,0.503308839836165,NA,"TMEM127"
15.175695198177,-0.0279717126334141,0.0420181826511264,-0.665704960770459,0.505599702069079,NA,"CIAO1"
19.3889133251754,-0.0350109749983806,0.0338889180210696,-1.03310984955652,0.30155249449463,NA,"ARID5A"
11.4557892590668,0.054283533739643,0.0439837431946416,1.23417266919329,0.217138569378976,NA,"KANSL3"
18.0423828672644,-0.0219152366257768,0.0401452591671422,-0.545898496620339,0.58513571183715,NA,"ANKRD36B"
6.3231589086009,0.0293210110396027,0.0658525276028358,0.445252628971831,0.656137197239794,NA,"ACTR1B"
6.87930068000485,0.0408918153446487,0.056267252611239,0.726742704627465,0.467383587618871,NA,"COA5"
6.64269406723274,0.00897805215363393,0.0613351484795876,0.146376953120474,0.883623820080031,NA,"UNC50"
8.39584880329622,-0.0347695326420794,0.0555346728916932,-0.626086926088299,0.531257927054738,NA,"MITD1"
6.23620224651577,-0.0331167515648447,0.0604931932107283,-0.547445915931109,0.584072417547355,NA,"TXNDC9"
12.1901232151492,-0.0920348207744231,0.0496027792788078,-1.85543677415963,0.0635338800919634,NA,"REV1"
5.73377557841485,0.192598543485608,0.161004436022543,1.19623128556931,0.231606315215135,NA,"AFF3"
5.38588265543476,-0.0081992334681238,0.0682674067459837,-0.120104656950459,0.90440024338537,NA,"PDCL3"
7.64061091568381,-0.0287445352162053,0.0564043364395684,-0.509615696782502,0.61032072476661,NA,"CNOT11"
19.7767073716203,0.0544824154500601,0.0514552611676549,1.0588308020154,0.289676843028195,NA,"IL18R1"
10.673888818342,-0.000839615902935622,0.0538046217098181,-0.0156049030037583,0.987549594128469,NA,"MRPS9"
7.23655612278594,0.0458175079341143,0.0552833877237096,0.828775330540468,0.407231550110579,NA,"C2orf49"
13.2265692498626,-0.0724614578637587,0.0551138920364047,-1.31475849711168,0.188591079833943,NA,"NCK2"
9.21817399715085,0.0211362174486587,0.0554928767139367,0.380881632026664,0.703291082556149,NA,"UXS1"
17.8314156098739,0.00252309879123813,0.0488926966527455,0.0516048196146377,0.958843578961984,NA,"LIMS1"
18.5669583213773,-0.144224621922232,0.0503088050129505,-2.86678687528168,0.00414662153678825,NA,"MIR4435-2HG"
9.25791469789819,0.0403246431037616,0.0553398481664436,0.728672817866769,0.466201823951663,NA,"ANAPC1"
7.98677821590002,-0.0312449186029926,0.0541104824453858,-0.577428202280923,0.563650227238208,NA,"TMEM87B"
9.6132011105528,0.0156097143436072,0.0529013155049286,0.295072328440546,0.767938627797705,NA,"ZC3H8"
8.85645235959974,0.0293817254855083,0.0511270655211791,0.574680459087508,0.565507425533043,NA,"ZC3H6"
7.49828258146959,-0.0428840702977801,0.0573757086204013,-0.747425545216389,0.454806730320796,NA,"CHCHD5"
19.8825379247939,-0.015477441815639,0.042051709837801,-0.368057372110136,0.712830455315534,NA,"PSD4"
11.8734369987409,-0.00675754544927428,0.0474738956197567,-0.142342341218404,0.88680960354165,NA,"SLC35F5"
18.8820935011556,0.057537209636147,0.0352788891620371,1.630924640849,0.102906221670367,NA,"DDX18"
10.0660411783994,0.00192081466535002,0.0480059465079677,0.0400120152829654,0.968083547154249,NA,"NIFK"
8.11392990551544,0.0242587747839143,0.0555353107975391,0.436817124736237,0.662243978715691,NA,"TSN"
3.80806335861543,-0.109162627469772,0.198084213832202,-0.551092009594691,0.581570602645683,NA,"ENSG00000286481"
21.8732785737764,-0.0666591861795977,0.0768320623825178,-0.867595950343319,0.38561556416605,NA,"BIN1"
10.5587012408039,0.0278838186063501,0.0506212338621323,0.550832456638496,0.581748532555228,NA,"ERCC3"
15.885459967436,-0.0501788608603093,0.0424024125937226,-1.18339636334131,0.236652097922108,NA,"IWS1"
5.76968024310376,-0.0446634835402468,0.0703280896678097,-0.635073179880357,0.525380688181419,NA,"POLR2D"
12.7897076934518,0.0040475282577827,0.0467025929004806,0.0866660287236654,0.930936979933553,NA,"SAP130"
14.2988948450646,-0.0491318592327031,0.0468808042623729,-1.04801656041846,0.294630977068353,NA,"UGGT1"
5.84531654730498,-0.0897654038814974,0.0664032460359847,-1.35182252736338,0.176432095788753,NA,"HS6ST1"
11.2796291373456,-0.0490740717860861,0.0481924086641021,-1.01829464736094,0.308537951387705,NA,"SMPD4"
5.44478259614466,0.053358091905344,0.0664345592826311,0.803167695872623,0.42187781427603,NA,"CCDC115"
6.68162324150754,0.103383264733453,0.0646936741533166,1.59804287028815,0.110033436540019,NA,"IMP4"
19.6426326710801,0.0275044867397527,0.0370521751593706,0.742317734962902,0.457894849031082,NA,"PTPN18"
11.1368996643171,0.0546170902400897,0.0503190274514833,1.08541625318078,0.277737336997676,NA,"FAM168B"
14.3918735403078,0.0168985765657702,0.045999579116489,0.367363721371806,0.713347728781236,NA,"PLEKHB2"
9.57634329097364,-0.0112925533928434,0.0564221775991736,-0.200143877343167,0.841368058373389,NA,"MZT2A"
5.77621149316594,0.0674210696726972,0.0937759053927808,0.718959410632227,0.472165929011346,NA,"TMEM163"
21.0069882507269,-0.000106099511800511,0.0385750647460032,-0.00275046879374334,0.997805446181498,NA,"CCNT2"
5.4477259234158,-0.0165633946944773,0.0728615730639447,-0.22732688848127,0.820169566380907,NA,"ZRANB3"
5.09211169930216,-0.0280401485339045,0.0703929767881782,-0.398337303141491,0.690381566757915,NA,"MCM6"
11.4173127711099,-0.0937469096882988,0.0483625365536768,-1.93842003270963,0.0525719983349135,NA,"DARS1"
10.3192392856815,0.0123837384724123,0.0558429509744027,0.221760101433192,0.824500640547201,NA,"SPOPL"
10.5584013278234,0.018801297429271,0.0550680949605653,0.341419063846947,0.732788125502829,NA,"ENSG00000228655"
6.16910923203147,-0.00334444529232717,0.070603722071397,-0.0473692490170015,0.962218937226796,NA,"ACVR2A"
10.1092670349632,-0.00635107675106263,0.0497795019013811,-0.127584176387398,0.898478054196858,NA,"ORC4"
7.57493817049378,0.210311395611042,0.18814419443435,1.11782027738532,0.263643759359233,NA,"ENSG00000289474"
10.7485311489607,0.0757267692984995,0.0503112599247306,1.50516543238616,0.132281549947817,NA,"MMADHC"
8.45263835458699,-0.0640357556599123,0.0591826694670331,-1.08200181297301,0.279251722361042,NA,"NMI"
21.4638062907111,0.0216765359024011,0.0368221781468893,0.588681522747789,0.556074935106094,NA,"RIF1"
13.8242701682884,-0.0296275346036468,0.0465605892039684,-0.63632215807788,0.524566465494716,NA,"ARL5A"
10.7831260444468,0.00996775800441995,0.0511752431306407,0.194776954531983,0.845567564363773,NA,"STAM2"
5.38047883012108,-0.0462406933775541,0.067135392601123,-0.688767751047315,0.490969432842819,NA,"ARL6IP6"
7.32668498564595,-0.00182135697139209,0.0593669141719553,-0.0306796638632178,0.97552500941373,NA,"GPD2"
5.60909654925426,0.00937154647071181,0.0633163057254872,0.148011580324078,0.882333629130027,NA,"WDSUB1"
20.3729178183811,-0.00823430749617441,0.0360863843875354,-0.228183223005811,0.81950380352483,NA,"LY75"
19.9072983266434,0.0209654753069839,0.0368070543606645,0.569604812749959,0.568945763485819,NA,"TANK"
15.2449321712056,0.067116708639019,0.0412014335872452,1.62898964418065,0.103315211237011,NA,"PSMD14"
5.71635247607993,0.00893117252583403,0.0635990371316031,0.140429366994238,0.888320756237568,NA,"IFIH1"
16.8780256146428,0.0370054306657951,0.0395049301629497,0.936729428786617,0.348897754366758,NA,"GALNT3"
15.3262052617723,0.00944719549068265,0.0443298661242163,0.213111302078169,0.831240149349002,NA,"TTC21B"
14.856798471715,0.052894013608234,0.0436518455184954,1.21172456696757,0.225617831811938,NA,"CFAP210"
19.0680902791843,-0.00034937711829133,0.0407849571765569,-0.00856632303863619,0.993165146697134,NA,"SSB"
5.99137928113185,-0.0682597095015697,0.0668825631211816,-1.02059051441992,0.307448485414054,NA,"METTL5"
17.7855648752502,0.000880752683740295,0.0385110510041978,0.0228701284637568,0.981753868193626,NA,"GORASP2"
6.34624635818412,-0.00577611909221097,0.0645670516285579,-0.089459235732799,0.928716948816364,NA,"METTL8"
6.31927552281131,-0.00667708351298892,0.0630930936046006,-0.105829071480211,0.915717970600538,NA,"DCAF17"
9.09938652473212,0.0247094053666769,0.0501546115803483,0.492664674056784,0.622249542236977,NA,"DYNC1I2"
11.3479665976512,-0.09700999595157,0.0463275422211453,-2.09400264508942,0.0362597446236245,NA,"SLC25A12"
7.67694582197536,0.050211936081918,0.053542657800607,0.937793119439594,0.348350737749098,NA,"HAT1"
7.703383576971,0.0389079439731135,0.0769399067978324,0.505692631982882,0.613072441492888,NA,"ITGA6"
5.7844285116277,0.0297751610467828,0.0739721581407432,0.402518485267539,0.687302486920308,NA,"PDK1"
19.2354209907254,0.0276169126477363,0.0372621220169255,0.741152439874249,0.458601016756618,NA,"ATF2"
7.74234398021624,-0.0494769327542836,0.0600163255894589,-0.824391234690542,0.40971729369794,NA,"LNPK"
18.4656840517545,0.0514084235967976,0.0369014689080231,1.39312675397646,0.163581464092183,NA,"AGPS"
6.84524891509533,-0.0220103660021618,0.0624804028722059,-0.352276313697602,0.724631049980759,NA,"PRKRA"
8.11662057776786,-0.00485736005798205,0.0558193310266405,-0.0870193169399291,0.930656157652426,NA,"PLEKHA3"
6.42052299440669,-0.00211789097889167,0.0639696274424769,-0.0331077585342533,0.973588655727477,NA,"TTN-AS1"
16.5886111876483,-0.0885211468656604,0.128058386015955,-0.691256149789608,0.489404583278148,NA,"TTN"
8.89647602706313,-0.057064494570246,0.0644671561622386,-0.885171581427247,0.376064097174182,NA,"SESTD1"
9.46974784951841,0.0907982226880849,0.0524714871711224,1.73042975496329,0.0835535214887176,NA,"CWC22"
11.931844755225,-0.0234254502218731,0.0486694623289167,-0.481317218249913,0.6302910614692,NA,"DNAJC10"
20.2237040329543,0.0395961793656848,0.0415882006914046,0.952101286119563,0.341045616839483,NA,"LINC01473"
7.61538342074128,0.00771767865937081,0.0558240787737108,0.138249995860304,0.890042843439087,NA,"WDR75"
10.9845813808805,0.0338814024480411,0.0507313953301446,0.667858674644196,0.504223808650802,NA,"ANKAR"
11.0104644246931,-0.00359566769949264,0.0501248384676437,-0.0717342501126202,0.942813398715616,NA,"PMS1"
18.0743748856777,0.0196923092984187,0.0447177648330418,0.440368819236425,0.659670004378995,NA,"HIBCH"
4.96706017357785,-0.120956587413886,0.0727310734884451,-1.66306616432799,0.0962991919442331,NA,"INPP1"
17.1208768087026,0.03206178845927,0.0453065903317074,0.70766279749884,0.479154685404183,NA,"MFSD6"
20.9602251430529,0.00336639339094117,0.0338439144233372,0.0994682042045307,0.920766532043825,NA,"SLC39A10"
6.56321492217218,0.0804819653021806,0.0586905420734112,1.37129360982068,0.170283446918538,NA,"GTF3C3"
14.9227817707679,0.0446830108184863,0.0411456516218036,1.08597164116385,0.277491539033586,NA,"COQ10B"
19.6413158233127,-0.0336587144310769,0.0470769225458414,-0.71497270022911,0.47462591239101,NA,"HSPD1"
18.98303390296,-0.0195680026322597,0.0389336795300571,-0.502598338211342,0.615246697871443,NA,"HSPE1"
18.4251209653553,-0.0388233633356229,0.0363108944402814,-1.06919325271575,0.284982598432491,NA,"MOB4"
5.78515497755649,0.207055512148674,0.184396514750325,1.12288191796374,0.261487648039006,NA,"PLCL1"
7.67909618495046,0.0889126704351102,0.0573198877735036,1.55116616394023,0.120861868544396,NA,"MAIP1"
6.4748454538527,0.0967546733341887,0.0591670783312091,1.63527887573845,0.10199059979824,NA,"PPIL3"
11.3951401254748,-0.0748851409098643,0.0445142497678178,-1.68227345850954,0.0925158253551788,NA,"ORC2"
20.1260161744275,-0.0412656611248089,0.0373356647971455,-1.10526118522373,0.269046431514941,NA,"HYCC2"
8.82535618631666,-0.0140711193882612,0.0549593142869367,-0.256027928492655,0.797929272037711,NA,"NDUFB3"
11.9773764915941,-0.0480179768269945,0.062736860162144,-0.765386994231008,0.444041135187755,NA,"CASP10"
9.60239392616127,-0.0292788367156526,0.0496353251416288,-0.589879015239826,0.555271763778801,NA,"TRAK2"
20.7027416480638,0.00605907596026249,0.0337869285363418,0.179331955366859,0.857677056794192,NA,"SUMO1"
14.9791560221807,-0.0846499518311732,0.0468697736499376,-1.80606700735125,0.0709078735612466,NA,"BMPR2"
12.6418834926169,0.0882797482442723,0.0511017868781699,1.72752761962585,0.0840729492586505,NA,"FAM117B"
4.622381582004,0.123229693764936,0.0786104903822491,1.56759858850546,0.116974841740112,NA,"ICA1L"
13.2198240018456,-0.088426464599783,0.0515176738917214,-1.71642968169789,0.0860834278814999,NA,"NBEAL1"
21.1733196781326,-0.0356281949152865,0.0411527967430865,-0.865753915528764,0.386625126324669,NA,"CYP20A1"
6.30745281070693,-0.0613089192869078,0.0628392731758595,-0.975646537402351,0.329239654280426,NA,"ABI2"
10.5332547112212,0.0361488411450323,0.0506451545777038,0.713767021671735,0.475371255211423,NA,"NDUFS1"
7.53074159305759,0.0558776421937994,0.0606174972631354,0.921807146725958,0.356629178978675,NA,"FASTKD2"
5.98431886204979,-0.0534622391366896,0.0821336689689201,-0.650917459402916,0.515099770309651,NA,"KLF7"
13.8150325814383,0.0447007819314153,0.0491739616490423,0.90903357045844,0.363332405712897,NA,"PLEKHM3"
17.0918957802,0.0255247911017173,0.0401508965339232,0.635721572995304,0.5249579128548,NA,"PIKFYVE"
5.83178021538881,-0.0377876705601826,0.0635310614059162,-0.59479048081296,0.551983531389489,NA,"RPE"
7.62102290157013,0.0407236264925782,0.0570247776938212,0.714139153882063,0.475141136955266,NA,"LANCL1"
19.4179686278669,0.105894644642247,0.0600758412760562,1.7626826756474,0.0779540242716349,NA,"ENSG00000273118"
4.2237355725469,-0.0280973657037075,0.0835966668496381,-0.336106291824351,0.736790713965515,NA,"BARD1"
6.10540967160099,-0.00188759582620833,0.0706502047147875,-0.0267174855873169,0.978685066628532,NA,"ATIC"
8.65751714450856,-0.13239282351136,0.0657272494396408,-2.0142760368048,0.043980560416602,NA,"SMARCAL1"
5.92380429598396,-0.139929880092824,0.0991538297660681,-1.41124029624431,0.158173772085352,NA,"DIRC3"
8.93481145847861,-0.00521191156166468,0.0525665592151314,-0.0991488056186948,0.921020121681742,NA,"AAMP"
10.3304230913425,-0.0183895402298137,0.049658151310176,-0.370322691131783,0.711142068678398,NA,"PNKD"
10.0156501113487,-0.0253060869970377,0.0515515813734523,-0.490888665736832,0.623505193949198,NA,"TMBIM1"
16.1257852381545,0.050018938856889,0.0405455610485661,1.23364771785931,0.217334203665579,NA,"CTDSP1"
9.02729148995899,0.0579186698431202,0.0524676333426506,1.10389331771209,0.269639417910822,NA,"USP37"
9.8654784468759,0.0164045163863972,0.0522632757296109,0.313882284594398,0.753610445769084,NA,"CNOT9"
9.95174293647243,0.111088774849911,0.0501070025772171,2.21703093651866,0.026620977562136,NA,"CNPPD1"
5.13381067643648,-0.0375373162363432,0.0681336695981897,-0.550936364615543,0.58167729803743,NA,"RETREG2"
10.0654869506518,-0.012802364131938,0.0502100548638509,-0.254976103225793,0.798741556212246,NA,"ZFAND2B"
7.529370599466,-0.0686999967929998,0.0532312377209315,-1.29059551748852,0.19684397116386,NA,"ANKZF1"
4.98358668068319,-0.0287666286107233,0.0685993000478067,-0.41934288820259,0.674965556732658,NA,"STK16"
13.9904976291769,-0.00516099632355663,0.0635231521893042,-0.081245910281285,0.935246389044792,NA,"TUBA4A"
10.3591165627421,0.0676732744214959,0.0489742226783022,1.38181416101328,0.167028769799642,NA,"DNPEP"
15.108266713947,0.0378341507776123,0.0582082001941038,0.649979739133812,0.51570530909743,NA,"EPHA4"
5.81134513763744,-0.0452836527176899,0.0598886914204886,-0.75613027507557,0.449571091836926,NA,"FARSB"
19.5237628639802,0.0836916773314392,0.037801930612513,2.21395246156385,0.0268320492999277,NA,"ACSL3"
6.29594823777041,-0.0237096044877188,0.0766086905365946,-0.309489750074675,0.756949007967064,NA,"MRPL44"
10.986430310612,-0.0228168095591616,0.0474737974842781,-0.480619010238603,0.630787301894208,NA,"RHBDD1"
14.6150756732075,0.0582143312735502,0.0419420772459141,1.38796967380106,0.165146279827777,NA,"MFF"
19.0549583991323,0.00872580978839575,0.0359501319813046,0.242719826256368,0.808222447528906,NA,"AGFG1"
17.9075951211615,-0.00386672073253865,0.0432924010549188,-0.0893163843611608,0.928830473272559,NA,"PSMD1"
5.52913465998073,-0.00082673272387328,0.0808076928580129,-0.010230866575116,0.991837091919119,NA,"ENSG00000224376"
9.6204801897784,0.0380366350135054,0.056294736876345,0.675669469724235,0.499250523938977,NA,"NMUR1"
12.0114595663612,-0.0179757269204262,0.0499368423061486,-0.359969234943253,0.718870140453404,NA,"EIF4E2"
22.109251744868,-0.0356476467035683,0.0352120874988185,-1.01236959338933,0.311361371148365,NA,"GIGYF2"
17.8688600807257,0.0309966413370837,0.0440952361373324,0.702947620929983,0.482088392449314,NA,"ATG16L1"
15.0508268073514,0.0762101411099813,0.0568296299772174,1.34102828296671,0.179911270012549,NA,"AGAP1"
12.8089764213408,0.0611025094953259,0.0461375757792254,1.32435457354131,0.185385313793316,NA,"COPS8"
16.383367021184,0.0452724767002574,0.0379329559311463,1.19348665530926,0.232678835378594,NA,"NDUFA10"
21.5726196613178,-0.0415601288112639,0.0424207594381082,-0.979712041032647,0.327228280723602,NA,"COPS9"
10.6130779508115,0.031078589192796,0.0520647404700393,0.59692200349448,0.550559455944132,NA,"ANKMY1"
16.9582753848062,0.0331405546930509,0.0385889730310474,0.858808931411238,0.390445939200131,NA,"RNPEPL1"
8.32848506695531,0.103456702419625,0.0523123048881772,1.97767432807203,0.0479654581666601,NA,"MTERF4"
13.8040101942112,-0.0134632722908468,0.0444779622308151,-0.302695348788241,0.762122042737342,NA,"PPP1R7"
15.9221259604517,-0.0486908471243758,0.0398667699444358,-1.22133915519714,0.221957634106912,NA,"HDLBP"
6.25414580004485,-0.0882764653032949,0.0604934476260086,-1.45927317366751,0.144489935857365,NA,"FARP2"
9.03444727944204,-0.0136506603924108,0.0525742087305717,-0.259645569985973,0.795137181711992,NA,"STK25"
14.8165831431697,0.0264758903203446,0.0390321136552424,0.67831044340046,0.497574878454006,NA,"ATG4B"
5.03007557325358,-0.129581872457868,0.0714949251062872,-1.81246252465089,0.0699147593962997,NA,"D2HGDH"
7.23196859447232,0.0170453803438199,0.0623503732205006,0.273380566360674,0.784560689810662,NA,"ENSG00000291147"
6.50521083524363,-0.0322995385208274,0.0577583239996219,-0.559218763360218,0.576012429157072,NA,"TRNT1"
21.0985157757232,-0.00594593863788653,0.0381952738691537,-0.155672103785815,0.876291487010986,NA,"CRBN"
5.17940069072715,0.0311286660530893,0.0694611056249157,0.448145271703297,0.654048357180413,NA,"ENSG00000235978"
16.4979304419468,0.0306712248174284,0.037091539218926,0.826906228840952,0.40829021265844,NA,"ARL8B"
11.3973407087399,0.0079435483366243,0.0516250560812636,0.153870018545264,0.877712224273694,NA,"THUMPD3-AS1"
5.045489641594,-0.0498087457187697,0.0745102060072184,-0.66848219039878,0.50382584653763,NA,"THUMPD3"
10.6670249803954,0.0732783912321575,0.0531083843337278,1.37978950313539,0.167651465507185,NA,"MTMR14"
5.82769721002378,-0.0425673395152147,0.0674735854024711,-0.630874130392006,0.528122827997446,NA,"BRPF1"
14.2958831626633,-0.0541386980373156,0.0448196031110902,-1.20792453032498,0.227076293025443,NA,"TADA3"
10.7936322729941,-0.0586878193365622,0.0497295780872739,-1.1801390961646,0.23794489725607,NA,"TTLL3"
6.59304367150786,-0.018765434417903,0.0647035370562196,-0.290021771168369,0.771799582076582,NA,"RPUSD3"
12.6214511044206,0.0272707658098483,0.0423234062037402,0.644342416075159,0.519353416325532,NA,"EMC3"
15.9912489864655,-0.0162777873240103,0.041200703864097,-0.395085175673298,0.692780028905355,NA,"BRK1"
15.1450400191847,0.00914666404850797,0.0403185611987795,0.226859882311099,0.820532698018247,NA,"VHL"
5.1056072951443,-0.148186170601186,0.0840672585404521,-1.76270968238938,0.0779494668990249,NA,"IRAK2"
6.7490449365814,0.109110619957677,0.0588950596521297,1.85262771787908,0.0639357367796642,NA,"TATDN2"
13.3227693353113,-0.0181453730845071,0.0415483010218593,-0.436729604778797,0.662307456501404,NA,"SEC13"
8.54378053928994,-0.0376052530226088,0.0535004474240872,-0.702896047289466,0.482120534648853,NA,"VGLL4"
7.47244554326873,0.0393614733744219,0.0583952366560383,0.674052810270644,0.500277739459609,NA,"MKRN2"
18.8170958499217,-0.0369753113800884,0.0371870099478567,-0.994307190385431,0.320073336161398,NA,"RAF1"
10.0070661055449,-0.0141331719761209,0.0505399157193431,-0.279643758303929,0.779750831626532,NA,"TMEM43"
15.1683451284012,0.0775156076035844,0.0408200211477466,1.89896049595417,0.0575696702205377,NA,"XPC"
11.5136786112061,-0.0443018129113841,0.0464940046167292,-0.952850013170163,0.340666069924522,NA,"LSM3"
8.85150855143855,0.00655238765556896,0.0517818981172335,0.12653818986578,0.899305920845686,NA,"CCDC174"
12.7806322844623,-0.0152104731191267,0.0429904733975809,-0.353810319287683,0.723481039429978,NA,"FGD5-AS1"
20.8821928001559,0.028505063415151,0.0373343102451036,0.763508505393896,0.445160191832283,NA,"NR2C2"
7.36104932236563,-0.0421989784115296,0.0535119607160519,-0.788589650740853,0.430351881700781,NA,"MRPS25"
5.69952108118308,-0.060897208805146,0.0642065337994155,-0.948458127258388,0.342896279847452,NA,"RBSN"
17.2153210352144,0.0383791074451616,0.0402236957277268,0.954141750299346,0.340011895090491,NA,"CAPN7"
7.07734202492919,0.0632497040622058,0.0863638352662252,0.732363307711292,0.46394684810673,NA,"COLQ"
9.14036734699474,0.090044802452738,0.0543055922292784,1.65811288960018,0.0972946827160398,NA,"HACL1"
8.55307926476514,0.0710519646143535,0.0620773789543711,1.14457095017783,0.252386931682407,NA,"BTD"
19.3909767279094,-0.0820259104262207,0.0379038057016709,-2.16405474088331,0.0304601484471517,NA,"ANKRD28"
6.72996411732199,-0.0547923462391026,0.0581969562637555,-0.941498486463401,0.346449464527299,NA,"DPH3"
14.0207858074841,0.0435701473122153,0.0514078478688335,0.847538831490942,0.396694852429965,NA,"OXNAD1"
19.0341587885215,0.0175109506232987,0.0357778457007258,0.489435578927086,0.624533352364258,NA,"SATB1"
17.7843196103335,0.0483800334155925,0.050693216703998,0.954368977965782,0.339896903448442,NA,"SATB1-AS1"
14.6299667469877,0.0227523788863164,0.0406381645257861,0.559877129093254,0.575563249791851,NA,"RAB5A"
5.42501060808817,0.195291288476159,0.0951220315381585,2.05306052991327,0.0400667073600969,NA,"SGO1-AS1"
19.8930816974925,-0.00644782085046318,0.0403251746212036,-0.159895670906105,0.872963258761476,NA,"UBE2E1"
4.32301632060649,0.0729030589252227,0.0825222562774047,0.883435114524179,0.377001225500007,NA,"LINC02084"
8.29660142374668,-0.0759828181648862,0.0744790987591765,-1.02018981742209,0.307638445908691,NA,"EOMES"
6.46910021769932,-0.0218218706305573,0.0600183033050932,-0.363586929800888,0.716166488251603,NA,"AZI2"
5.03458920626858,-0.0255684837054253,0.0710098597507238,-0.360069486057036,0.71879517106668,NA,"CMTM7"
17.7570831139661,0.00419244350177423,0.0385814146267996,0.108664846593314,0.913468325053082,NA,"CMTM6"
13.7697883737859,0.00199531528599607,0.0447538193499585,0.044584245880635,0.964438700138722,NA,"DYNC1LI1"
11.7418822850563,0.0155366289709956,0.0473941413524606,0.327817500805697,0.74304965415673,NA,"CNOT10"
5.86008022015206,-0.020896742142748,0.066327500258601,-0.315053967981225,0.752720678190942,NA,"GLB1"
13.1010151319654,0.0321091099118383,0.0430577923991415,0.745721230066558,0.455835831768482,NA,"UBP1"
6.90684022260056,0.159125724573024,0.0568018913919724,2.80141595065816,0.00508788926739047,NA,"EPM2AIP1"
7.51980470226744,-0.011001909447488,0.0541922083093236,-0.203016444443271,0.839122179046591,NA,"MLH1"
17.7056148793111,0.00322828175009904,0.040970355875111,0.0787955506156632,0.937195243139695,NA,"LRRFIP2"
11.4500485762284,0.00356867348883441,0.0494046568324092,0.0722335447231238,0.94241605006055,NA,"ACAA1"
7.80832861274538,-0.0419561008450401,0.0568523053021821,-0.737984161276037,0.460524073999599,NA,"MYD88"
16.5449987401623,0.0635016708797548,0.0445376971417585,1.42579601001004,0.153927232982113,NA,"OXSR1"
9.48087050024522,-0.0563164300103233,0.0518082296300938,-1.08701707069355,0.277029265501818,NA,"EXOG"
10.5504185627348,0.124643798575713,0.0658892068013832,1.8917180009685,0.0585285636259842,NA,"CSRNP1"
10.3996688189515,-0.0258869969750233,0.051271650637991,-0.504898840838989,0.613629888319703,NA,"SLC25A38"
12.2871729306023,0.0411124454193108,0.0447192393330577,0.919345812506237,0.357914722560914,NA,"EIF1B"
19.0566734035462,0.0441369558004056,0.0409818620592358,1.07698756431832,0.281485821372032,NA,"ULK4"
11.5328325004645,-0.000711957814511725,0.050253491751009,-0.0141673302631241,0.988696484044088,NA,"TRAK1"
6.90132318701384,0.0157446769862584,0.0623733316089197,0.252426422961939,0.800711478694877,NA,"SEC22C"
9.01535071503188,0.00264302417171234,0.0526466805676108,0.0502030544607284,0.959960577517564,NA,"SS18L2"
9.95551666996415,-0.0283818300545548,0.0643022497937375,-0.44138160244152,0.658936758853342,NA,"ANO10"
4.70818458610326,0.0460348094933034,0.0848828521729122,0.542333443267521,0.587588820837166,NA,"TCAIM"
4.52782748595134,0.0240684418282907,0.0729282738444401,0.33002895255179,0.741378085635897,NA,"ZNF445"
12.7528422500691,0.0111726593275728,0.0464117964262376,0.240728870414002,0.809765261507382,NA,"KIAA1143"
11.0010112666225,-0.0614633923393829,0.048152138804193,-1.27644158423199,0.20179946422359,NA,"ZDHHC3"
6.86171887692311,-0.101941894725534,0.0706074587735574,-1.44378365255246,0.148799841814586,NA,"EXOSC7"
7.91832308038511,-0.00809972219408737,0.0728980043107534,-0.1111103420549,0.911528847751381,NA,"LARS2"
9.11680698386408,-0.068738148405663,0.0521259066677764,-1.3186945378958,0.187271253581467,NA,"LIMD1"
8.88651372276215,-0.0916910624604598,0.0615717798166092,-1.48917349366155,0.136441688758382,NA,"LZTFL1"
4.61290660091807,-0.0357078238977808,0.0745884365945581,-0.478731362769789,0.632129751110589,NA,"FYCO1"
8.68688597406917,0.0505492077888291,0.05924235547432,0.853261275384987,0.393514429729739,NA,"KLHL18"
7.16216772036528,-0.00900470179329212,0.0640710224970628,-0.140542501779255,0.888231374141572,NA,"SCAP"
10.1086216843838,-0.0648384337552902,0.0502688744997739,-1.28983261313284,0.197108781846821,NA,"DHX30"
19.5194870596391,-0.0132793859806233,0.0382246478013494,-0.347403749790849,0.728288016644529,NA,"SHISA5"
11.2020522492025,-0.0292501151561311,0.0439062117425392,-0.666195374077141,0.505286229346293,NA,"UQCRC1"
16.4914793824134,-0.00791297336370921,0.039326520443756,-0.201212140673014,0.840532698746741,NA,"IP6K2"
7.96994516675824,-0.0136425414047351,0.0581501332423672,-0.234608944881924,0.814512266297266,NA,"SLC25A20"
7.71301996942974,-0.0360393571243804,0.0587638502913717,-0.613291282747551,0.539683756324253,NA,"NDUFAF3"
19.762751441203,-0.00567872308748717,0.0358083105732253,-0.15858673577673,0.873994479852848,NA,"QRICH1"
12.5671777705156,0.0620765244178139,0.042290440577049,1.46786185177514,0.142141752330237,NA,"QARS1"
18.7198098936433,0.0464590565969852,0.0355562023617956,1.30663719719698,0.191335957276453,NA,"USP4"
9.81075987254471,0.00776894379084928,0.0539016704400677,0.144131781583419,0.885396408660229,NA,"GPX1"
6.66359895086675,0.0163982660692569,0.0601047950074857,0.27282791775955,0.784985498120118,NA,"TCTA"
4.60257955612913,-0.101614447044818,0.0753550702064979,-1.34847524879693,0.1775055757474,NA,"APEH"
11.3403209904789,0.0315793063403834,0.0454765584829656,0.69440844676521,0.487426098039376,NA,"IP6K1"
12.1794437287111,-0.0346487473551166,0.0452824101347308,-0.765170123498829,0.444170247734839,NA,"UBA7"
4.96832083543267,0.018218369496576,0.0755236162742252,0.241227451694387,0.809378835646991,NA,"TUSC2"
10.009712094151,-0.0360434888160364,0.0548055150722116,-0.657661711025717,0.510755531032038,NA,"NPRL2"
8.99724780357882,0.0272719173459505,0.0539425270224044,0.505573595664575,0.613156021543821,NA,"CYB561D2"
5.46622743808397,0.0452860116576679,0.0739871386534115,0.612079511140545,0.540485152652993,NA,"MAPKAPK3"
7.13032354621592,-0.0470076449244293,0.0582582521032357,-0.806883887301152,0.419733382702482,NA,"MANF"
8.92481627123891,0.020566791721062,0.0498798112113467,0.412326976016771,0.680099778844226,NA,"DCAF1"
12.1814250933639,-0.0226699453663637,0.0443507761568501,-0.511151040202535,0.609245298547681,NA,"RAD54L2"
7.15364679687427,0.030158514120441,0.0581231932163221,0.51887228577063,0.60384980536291,NA,"TEX264"
5.84053499221182,0.0315822205810149,0.0635147873196318,0.497242011093898,0.619018399127004,NA,"ABHD14B"
11.7619367092472,-0.0915675937072153,0.0523502957065818,-1.74913231093178,0.0802681512136169,NA,"TWF2"
6.63279325995925,-0.0870360216017779,0.0596266124677779,-1.45968415778797,0.144376897834816,NA,"PPM1M"
17.7669096929661,-0.024163329861962,0.0415372996336415,-0.58172606488824,0.560751211901108,NA,"WDR82"
7.46263512694392,-0.0420761485721776,0.0544286241610671,-0.773051849476562,0.439491695793068,NA,"DNAH1"
12.680478050405,0.0137633646112806,0.0446283147243908,0.3083998285904,0.757778112382767,NA,"NISCH"
9.90767522692875,0.0218920316453002,0.0584157583416417,0.374762431692929,0.707837156493508,NA,"GNL3"
6.22115636623585,-0.0226544126826227,0.0621775002537103,-0.364350650801065,0.715596181415143,NA,"GLT8D1"
18.3048541570418,0.0162397678232816,0.0390479805978107,0.415892642197024,0.677488563806532,NA,"SPCS1"
10.9902598878659,-0.0511872810922309,0.0455886893762757,-1.12280659506892,0.261519643791898,NA,"SFMBT1"
10.6334970577785,0.0453050811025558,0.0510095664260903,0.888168323645723,0.374450215045813,NA,"TKT"
8.18761489604938,0.0233970917729563,0.0591277452102074,0.395704109632058,0.692323323411786,NA,"CCDC66"
17.7981471579887,0.00863607673250999,0.0380249871254013,0.227115835806318,0.820333670585274,NA,"APPL1"
17.76504255668,0.0245753987589059,0.0409588028192583,0.60000285817316,0.548504330674548,NA,"ARF4"
19.3931265738516,-0.0179655316930483,0.0355139649173271,-0.505872316280939,0.61294628765446,NA,"DENND6A"
5.97806388814708,-0.112460279799899,0.0798094592293818,-1.40910965800025,0.158802745481426,NA,"FLNB"
11.5319513845522,-0.0180962240229284,0.0465500833627859,-0.388747403133445,0.697463012439683,NA,"PXK"
6.29052386798863,-0.0456797842829896,0.0569885356382446,-0.801560941536708,0.422806978819351,NA,"PDHB"
18.4235660306251,-0.0571550204062972,0.0622262095386698,-0.918503968505085,0.358355082259994,NA,"FHIT"
12.6293170855073,-0.036446171306449,0.0439108016816246,-0.830004689294949,0.406536132385683,NA,"THOC7"
5.42603055098402,-0.0147481536228259,0.0730155473399571,-0.20198648315487,0.839927291273481,NA,"PSMD6-AS2"
12.0593819686925,0.00177050023217779,0.0462142849286654,0.0383106702810758,0.969439983378897,NA,"PSMD6"
21.2262767793422,0.000628497555175465,0.0352393240313942,0.0178351194993282,0.985770387901824,NA,"SLC25A26"
7.78602559118443,0.0656775198513447,0.0661286434913701,0.993178090216167,0.320623173624662,NA,"LRIG1"
6.27567307304628,0.0108471841356989,0.129449225722499,0.0837948939065276,0.93321950781539,NA,"TAFA1"
16.0423040742499,-0.00562502940961803,0.0383296059841548,-0.146754167312426,0.883326062077557,NA,"UBA3"
19.5570695151405,-0.0525058057956135,0.037593647436974,-1.39666697368591,0.162513740070048,NA,"EIF4E3"
9.62452730457818,0.0699665962937774,0.0584438386598012,1.19715949359606,0.231244394702425,NA,"RYBP"
15.8916742679665,0.0373462107361971,0.042967336990342,0.869176759653306,0.384750456985533,NA,"PPP4R2"
9.63519497122818,0.0589033132330568,0.0493225092497678,1.19424810556114,0.232380930618721,NA,"GBE1"
8.28356469679506,0.0273948531970476,0.0547676703351058,0.500201177618607,0.616933429249096,NA,"CHMP2B"
19.376137406479,0.0069041199522794,0.0388666258490294,0.177636205908309,0.859008688516828,NA,"CGGBP1"
13.8155861048562,-0.0160169468921741,0.0466089496581465,-0.343645308672485,0.731113046136413,NA,"ZNF654"
8.00374581929596,-0.012290872472204,0.0541654696592803,-0.226913429340092,0.820491059311542,NA,"C3orf38"
11.9400351356328,-0.0424871488727301,0.0486492932546097,-0.873335377152766,0.382480303162677,NA,"NSUN3"
11.9357131591031,-0.0412167434554396,0.0505097634540402,-0.816015372808933,0.414491343427558,NA,"CMSS1"
15.9438444664382,0.0403774682765149,0.0426671309094817,0.946336615934538,0.343976923093033,NA,"TBC1D23"
7.38945351006888,0.0581432202243941,0.0588563238155069,0.987883993683531,0.323209465368932,NA,"TOMM70"
10.3165963409625,0.0282281101386588,0.0552590486835248,0.510832357978592,0.609468449136347,NA,"TFG"
6.3100256528129,0.000286891024992569,0.0665645776429736,0.00430996537725126,0.996561155814447,NA,"TRMT10C"
20.5871558193427,0.00528556091220576,0.0400531208945855,0.131963771964653,0.895012946873926,NA,"PCNP"
19.8954995447366,0.0597211681297944,0.0373849118097186,1.59746713951775,0.110161616893003,NA,"ZBTB11"
6.34563013054696,-0.00707227497464807,0.0669089247066767,-0.105700024408588,0.915820360985463,NA,"NXPE3"
11.7240490629388,-0.00314640824939346,0.072116265486408,-0.0436296614664063,0.965199607772123,NA,"NFKBIZ"
5.1936294619114,0.0900265210023738,0.0736279599577124,1.22272192593792,0.22143474264431,NA,"IFT57"
9.76734351003772,-0.0181092531439455,0.0509361937564061,-0.355528197307989,0.722193924508731,NA,"DZIP3"
6.305179142391,-0.0107193379044551,0.0692088306553335,-0.154883962103599,0.876912797451854,NA,"PLCXD2"
12.308546958512,0.0980372807550351,0.0463864307340315,2.11349050150371,0.0345588071468425,NA,"PHLDB2"
9.3254855159244,-0.0132881246553285,0.0469131532202821,-0.283249445905581,0.776985627266781,NA,"ATG3"
5.12288712512726,0.0115079646969855,0.0713787493734054,0.161223960884823,0.871917009922435,NA,"GTPBP8"
9.93041911935917,-0.0486002007640634,0.0490888566742458,-0.99004548194257,0.322151888826345,NA,"NEPRO"
20.2932418169585,0.00725871899363287,0.0381797406171099,0.190119651844359,0.849215370982229,NA,"USF3"
9.06467470623435,0.0488578060236701,0.0569737701114338,0.85754911300604,0.391141484317416,NA,"ATP6V1A"
11.7576555827697,0.0575220025178751,0.0556428033963703,1.03377254571662,0.301242509187855,NA,"ENSG00000241490"
12.8376771329579,0.0285127745569782,0.0547186314384512,0.521079818837391,0.602311168940214,NA,"TIGIT"
10.1800637969841,-0.0356944485623938,0.0544199188576077,-0.65590778728998,0.511883457410827,NA,"B4GALT4"
9.45575484560883,0.0178768991905302,0.0484055845303778,0.369314808693431,0.711893088819265,NA,"TMEM39A"
6.18032259530288,0.0604749929181274,0.069930562462891,0.864786307849573,0.387156087641799,NA,"POGLUT1"
5.97675751215103,0.0830169621209962,0.0727255217496929,1.14151071210908,0.253657456820191,NA,"TIMMDC1"
12.5336862420152,0.00826673296412844,0.047866584450081,0.172703631543831,0.862884389129435,NA,"COX17"
11.3667945616473,-0.01372240918149,0.0468821677796647,-0.292699971681816,0.769751491539099,NA,"LRRC58"
16.8243340555667,-0.0375735734842654,0.0400839956260785,-0.937370960589073,0.348567773105245,NA,"NDUFB4"
8.12351711325489,-0.0644526273497775,0.0604855633195734,-1.06558695682876,0.28661039789621,NA,"RABL3"
15.9534439325959,-0.0504001592901419,0.0436244948049183,-1.15531788999559,0.247960272520649,NA,"IQCB1"
6.67057690505765,0.030944905071075,0.0687168721242419,0.450324703591366,0.652476328885184,NA,"FAM162A"
17.2133162624232,0.0318565227174089,0.0457808922844002,0.695847571504497,0.486524293755759,NA,"KPNA1"
13.6926623350866,-0.094247570644948,0.0495577846257269,-1.90177126271341,0.0572010647588614,NA,"PARP9"
10.5286807770465,-0.10334467302191,0.0519641584347463,-1.98876833830927,0.0467267790228273,NA,"DTX3L"
4.89842329520522,0.0333057071251873,0.0730421146888728,0.455979502606886,0.648404717893336,NA,"HSPBAP1"
8.97820930524366,-0.0281517038276611,0.0627357427886378,-0.448734685783616,0.653623059908481,NA,"SLC49A4"
5.60004723074123,-0.0840823451053048,0.0746075180010579,-1.12699560792402,0.25974433795943,NA,"SEC22A"
7.33162645726849,-0.0198050011008354,0.0556916261829892,-0.355619012376492,0.72212590343416,NA,"HACD2"
11.6360166564317,0.022582223647612,0.0466993878850446,0.48356573116548,0.628694100116885,NA,"CCDC14"
14.5700634452187,-0.0695970998831369,0.0447192994383094,-1.55631015595731,0.119634357587737,NA,"HEG1"
14.9172385191103,-0.0208916131353667,0.0401002812800093,-0.520984204312341,0.602377775043397,NA,"SNX4"
15.6538672497016,0.0578978154514989,0.0395021095315224,1.46568920339044,0.142732976827825,NA,"ZXDC"
10.1127063585311,-0.0561358533381529,0.0468727761465366,-1.19762168903027,0.231064328539251,NA,"ABTB1"
15.3215145958109,-0.00675115025005827,0.0414183857907919,-0.162998874078747,0.870519321170948,NA,"SEC61A1"
13.9788122784266,-0.0165075514982647,0.0438188094245623,-0.376722957904271,0.706379499808782,NA,"EEFSEC"
17.2503966646338,-0.0642803219322514,0.037406004716836,-1.71844928157536,0.0857146979502436,NA,"RPN1"
6.80942696446605,0.0646945882464333,0.058758941809384,1.10101690490453,0.270889299790089,NA,"ACAD9"
14.2477183202429,-0.0177357534660546,0.0413860799143196,-0.428543933196195,0.668255155066612,NA,"ISY1"
9.35267502876031,-0.026197110765364,0.0480255626959984,-0.545482640800933,0.585421616427825,NA,"COPG1"
7.87780340467978,0.0454868359977962,0.054856793456928,0.829192395897349,0.406995547123279,NA,"HMCES"
8.92172652833408,-0.00743486589307062,0.0529781950111598,-0.140338225783352,0.88839276335113,NA,"ENSG00000290993"
18.0230595540689,0.054910718517408,0.0437604198832554,1.25480328259874,0.209550180667829,NA,"MBD4"
8.46293605065274,0.223285142430592,0.0836022171708322,2.6708040765753,0.00756697997196454,NA,"PLXND1"
12.8241337833313,0.0124156213632519,0.052103165163261,0.23828919652671,0.811656799976262,NA,"TMCC1"
7.35139584659485,-0.00429947321697801,0.0590296843063414,-0.0728357819883534,0.941936796654195,NA,"PIK3R4"
17.6054153771671,0.00956025567125836,0.0374680849929725,0.255157307160253,0.798601603829606,NA,"ATP2C1"
10.8499893883829,0.0252708604007221,0.0460353811339107,0.54894430714525,0.58304367045111,NA,"ASTE1"
10.2420619455956,0.0569708803055103,0.053571421313004,1.06345657645789,0.28757494743903,NA,"MRPL3"
12.850514608591,-0.0518142302997938,0.0507441623806871,-1.02108750778226,0.307212981113413,NA,"DNAJC13"
7.20314469328301,0.0299931008818235,0.0549196262712621,0.546127184727731,0.584978514375358,NA,"ACAD11"
10.0297037036175,0.0661847724388236,0.0524539859919071,1.26176821812998,0.207032201499164,NA,"UBA5"
6.02316711231015,0.0650066106674108,0.0632511162191947,1.0277543631346,0.304065388535239,NA,"NPHP3"
16.8680010109669,0.0147530486623989,0.0412078186826878,0.358015763367668,0.720331516934034,NA,"TOPBP1"
21.40577592051,-0.0101785061951027,0.0390753299823728,-0.260484203196602,0.794490298879983,NA,"RYK"
16.6771794491999,0.00858064322043304,0.0410486836518048,0.209035770628318,0.834420314477243,NA,"NCK1"
19.1647318634206,-0.0102699924905582,0.0350332495401961,-0.293149868349345,0.769407600773892,NA,"ARMC8"
11.2329597580658,-0.0441996015886377,0.0475635068175008,-0.929275500190298,0.3527463286741,NA,"COPB2"
21.8078272185478,0.0519935263330235,0.0365273682959982,1.42341287529109,0.154616502240648,NA,"SLC25A36"
16.5924311186208,0.027573487492972,0.0427939788515097,0.644331007141189,0.519360812925852,NA,"RNF7"
18.5093903228891,-0.0218180025504669,0.0406032627095193,-0.537346043015202,0.591028606703596,NA,"CHST2"
8.12508547121977,0.0050756237895166,0.055521871314433,0.0914166556233702,0.927161527889224,NA,"DIPK2A"
8.65513784286979,-0.0581085871169855,0.0555226877683614,-1.04657374224051,0.295296217573257,NA,"PLSCR1"
8.56397438928547,0.0083724907115161,0.0543002954792024,0.154188676831839,0.877460970004781,NA,"GYG1"
6.76728333397195,-0.0155897067498556,0.0612189410967205,-0.254654955975558,0.798989609329994,NA,"HLTF"
8.45510499371518,0.0368976641813289,0.0597134976959962,0.617911621408887,0.53663359791484,NA,"HPS3"
7.42920947157899,0.0289975240505352,0.0567333792020274,0.511119282129751,0.60926753484626,NA,"COMMD2"
19.9579567166681,-0.0350013672761696,0.03932880315024,-0.88996777101151,0.373483191832723,NA,"RNF13"
22.0177776779487,0.00864072106281736,0.0395997820623512,0.218201227704038,0.827272328559624,NA,"EIF2A"
7.68864690832783,0.0316616773997927,0.0584535089313499,0.541655718854747,0.588055699922095,NA,"SIAH2"
12.6371444457305,-0.0196372202108345,0.0460830446030491,-0.426126797393399,0.670015454589112,NA,"RAP2B"
5.91316066621591,-0.00461132770626619,0.0652470590806887,-0.0706748744117881,0.943656518135113,NA,"SLC33A1"
12.8084830385955,-0.0147573359556125,0.0484936754964614,-0.304314651437161,0.760888183932092,NA,"GMPS"
9.9467492608251,0.00501042851272355,0.0498353118569032,0.100539724264402,0.919915847186475,NA,"SSR3"
10.0475049234957,0.0115159100202864,0.047815054302149,0.24084276779267,0.809676981152851,NA,"GFM1"
5.55493808199356,0.0598190688642845,0.0710266553881834,0.842205908997885,0.399672706842105,NA,"MFSD1"
7.94331823978295,-0.0128260773485217,0.0588241209188989,-0.218041122385919,0.827397071115407,NA,"IFT80"
19.8891174037808,0.0311284588383247,0.0367248117549714,0.847613843360568,0.396653062216432,NA,"SMC4"
5.59795406057293,-0.0486464196780882,0.0694943615739115,-0.700005274907803,0.483924010230809,NA,"NMD3"
5.47506868551752,-0.119352812674812,0.187861181148595,-0.635324509007562,0.525216791997297,NA,"SPTSSB"
17.6858608096306,0.00491560883684868,0.0391350718056406,0.125606230167698,0.900043631058572,NA,"PDCD10"
14.1155363283511,-0.00487677406129898,0.0521762026606401,-0.0934674010873898,0.925532246458861,NA,"GOLIM4"
6.37360611070237,0.0510256937388121,0.060381054166735,0.84506132665241,0.398076599378151,NA,"MYNN"
13.5835276001111,0.0899123937156238,0.0614855330413184,1.46233413403446,0.143649669088327,NA,"SKIL"
15.6378852685664,-0.0198377253181018,0.0465948650485037,-0.425749174237361,0.670290625889779,NA,"RPL22L1"
4.75467052062348,-0.00388377228610858,0.0866563472572209,-0.0448180936427015,0.96425230294221,NA,"PLD1"
8.11716671610393,-0.0269965258835122,0.0732970048925952,-0.368316903577044,0.71263694985813,NA,"TNFSF10"
6.52043266964809,0.0596890637490683,0.0602205404069182,0.99117449537552,0.321600382100746,NA,"ZMAT3"
9.44485541076701,-0.0107589771161662,0.0608565240427294,-0.176792501468075,0.859671379239044,NA,"ZNF639"
8.1945535034396,-0.023446568023985,0.0547259665319586,-0.428435887199778,0.668333801625364,NA,"MFN1"
8.84524613426973,0.00848469267212632,0.0563826082141811,0.150484217400789,0.880382601635381,NA,"MRPL47"
5.44186034371482,-0.013677566295015,0.0661099736894135,-0.206891116902762,0.836094894118045,NA,"NDUFB5"
8.0976277173557,0.0843804462853995,0.0636198613179969,1.32632238639492,0.184732934778202,NA,"DNAJC19"
9.76528927421936,0.0340169460551379,0.0509633163662105,0.667479051219902,0.504466186425496,NA,"DCUN1D1"
7.06085064316373,0.045576829403311,0.0536818169040368,0.849018010787255,0.395871270392334,NA,"MCCC1"
21.3999163320902,0.024750123368906,0.0348830854807993,0.709516461281193,0.47800403995146,NA,"KLHL24"
11.4070360659509,0.00134120594991216,0.0464341202866567,0.028884060721563,0.976957058020212,NA,"YEATS2"
5.41254304828859,0.0376544066321367,0.0697038444242051,0.540205593295238,0.589055255764243,NA,"PARL"
6.03508560448849,-0.0865043163872582,0.0656515653839533,-1.31762762824238,0.187628332185224,NA,"ABCC5"
8.97468192839171,-0.00118208238270528,0.0507235070359791,-0.0233044292829912,0.981407438617611,NA,"EIF2B5"
5.76167067201548,0.00261702538716386,0.0651698125759494,0.0401570187748194,0.967967944017993,NA,"DVL3"
18.9586060582999,0.00242008892899825,0.0410518242574496,0.0589520434907123,0.952990305385624,NA,"AP2M1"
15.4684716595679,0.0344618564949114,0.0414838980699447,0.830728501858874,0.406127021281176,NA,"PSMD2"
14.6344356371417,0.0140173247680263,0.0396603994656592,0.353433776686073,0.723763267515603,NA,"EIF4G1"
4.68495254046515,-0.0570200227019733,0.0777508467579218,-0.733368510821572,0.463333699515116,NA,"POLR2H"
21.6680908417724,-0.0525219902894504,0.0435633080938414,-1.2056474264147,0.227953464280387,NA,"VPS8"
12.0737603792135,0.0163693144491753,0.0432731007795778,0.378279211664456,0.705223186775387,NA,"SENP2"
17.2797921821836,-0.0604457684310086,0.0424923391611621,-1.42250978939413,0.154878311672141,NA,"DNAJB11"
7.11756654400474,-0.0362250872770489,0.0616619732689568,-0.587478560230997,0.556882345512959,NA,"CCDC50"
14.2633574732012,0.0526432861460474,0.0440182760816557,1.1959415686428,0.23171936198312,NA,"ATP13A3"
11.26890713129,0.0246222754398341,0.0463345378881756,0.531402201512354,0.595140096264301,NA,"LSG1"
7.40372083406097,-0.00167383744442222,0.0597366924953454,-0.0280202564705545,0.977645995161762,NA,"TNK2"
9.22710527460931,-0.0154755031962688,0.0522798897363619,-0.296012544676528,0.767220501227653,NA,"SDHAP1"
6.37229830261002,0.0416952560773636,0.0716667268669487,0.581793782137868,0.56070559276475,NA,"TFRC"
13.431626982562,-0.0212772844094647,0.0443105432378075,-0.480185591390135,0.631095431358711,NA,"PCYT1A"
5.90758744943823,0.0664093517747025,0.0706566637856808,0.939888019283482,0.347275003378971,NA,"DYNLT2B"
13.3168316309489,-0.036504983944517,0.0415133757915599,-0.879354744066342,0.379208961960532,NA,"UBXN7"
4.45918699318928,0.131706106683657,0.0757013181831336,1.73981259302564,0.081891930515236,NA,"NRROS"
8.44208404633256,-0.063182093366561,0.0599351231194454,-1.05417474893052,0.291802918559644,NA,"PIGX"
4.46452823852729,0.206332341609848,0.0900028782359081,2.292508258114,0.021876331570041,NA,"CEP19"
6.70151224976143,0.0478718276022827,0.0565153363189462,0.847059059015705,0.396962203556458,NA,"NCBP2"
13.9630343236402,0.00273796341802125,0.0445293471691643,0.0614867181326485,0.950971591787065,NA,"NCBP2AS2"
8.26374260242434,0.0345058274076867,0.0551322347843899,0.625873911018326,0.531397647808993,NA,"RUBCN"
16.9105423653432,0.000602211591262678,0.0395839523966201,0.0152135285842274,0.987861828662015,NA,"FYTTD1"
7.88785575585864,0.0712204591610664,0.0654090021143144,1.08884796983442,0.276220933758514,NA,"ZNF595"
9.67039002652854,0.084949780237887,0.0632452454296297,1.34318049777207,0.179213534968538,NA,"ZNF718"
6.93208815810059,-0.021911831758328,0.0567053167503321,-0.386415825076926,0.699188731856693,NA,"ZNF141"
16.3062539197431,0.0350932818618515,0.0400472620715781,0.876296656663514,0.380868782132967,NA,"ZNF721"
7.92745116183772,-0.054382684856547,0.0525996908782737,-1.03389742313124,0.301184119819008,NA,"PIGG"
9.08958785266582,-0.0165923538157364,0.0501917951280929,-0.330579007453142,0.740962505122433,NA,"PCGF3"
7.3553593726943,-0.0903906524363437,0.0560405429159448,-1.61295104817098,0.106755143319692,NA,"PCGF3-AS1"
6.05874646666174,-0.00252032640055539,0.0632524389994014,-0.039845521222972,0.968216284339963,NA,"TMEM175"
8.05400477667673,-0.0311826992770385,0.0559796104326387,-0.557036732411013,0.577502332564265,NA,"DGKQ"
6.09180739654788,0.0674524669431743,0.0629530883362029,1.0714719281593,0.283957286305758,NA,"CTBP1-DT"
9.31979782476264,-0.0488553075651489,0.0529846772097029,-0.922064833419467,0.356494758855513,NA,"MAEA"
5.02907576135504,0.0188906481767682,0.0729803215649546,0.258845778857729,0.795754234802571,NA,"UVSSA"
10.2997148044088,0.0105373560183347,0.0479679553312047,0.219674904747917,0.826124350379681,NA,"SLBP"
10.9506243457827,-0.0739520176133923,0.0533202401717551,-1.38694081975584,0.165459809355088,NA,"NSD2"
7.54221004416294,0.00569805746643432,0.0604363875999217,0.0942819002378908,0.924885227381456,NA,"HAUS3"
17.5777152070574,-0.0161207297741583,0.0422044102764944,-0.381967895500644,0.702485178046777,NA,"MXD4"
21.5742394455273,-0.0251056849393549,0.0347669221091613,-0.722114107786935,0.470224325197573,NA,"RNF4"
21.642692718924,-0.00901011530449572,0.0372519866054407,-0.241869390750285,0.808881368667275,NA,"FAM193A"
15.1968945831399,-0.00599678346144343,0.0406241982527619,-0.147616044607988,0.882645792061793,NA,"SH3BP2"
11.4266012847895,-0.0267853149635771,0.0501685937300035,-0.533906035073055,0.593406546423896,NA,"MFSD10"
7.42311060344442,-0.071166228893152,0.0544117443327783,-1.30792037207821,0.190900318917407,NA,"NOP14"
13.9506925201158,0.0496700309056502,0.0473689038112489,1.04857885467586,0.294371992129367,NA,"LRPAP1"
10.5296252001711,-0.0424262855087055,0.052310021538051,-0.811054636592801,0.41733429517203,NA,"STX18"
6.89053266847884,0.00595098380960292,0.0680737199331234,0.0874196946405933,0.930337915247233,NA,"STX18-AS1"
5.75980075181046,-0.0910878126562582,0.0659311960212673,-1.3815586270705,0.167107264825143,NA,"MAN2B2"
13.8467979652901,-0.029502760305176,0.0479559932637556,-0.615204863819882,0.538419436109403,NA,"MRFAP1"
5.78810540431826,0.0658182678797092,0.069234301259697,0.950659812869717,0.341777094824183,NA,"ENSG00000170846"
9.1070545725637,0.00542394871525842,0.0502711336637119,0.107893900932131,0.914079855230789,NA,"MRFAP1L1"
15.3420284123453,-0.0175769787777716,0.0395204878104957,-0.444756118954167,0.656496008980768,NA,"KIAA0232"
10.8000618985625,-0.0315251769249263,0.0506258348124589,-0.622709275643747,0.533475586190406,NA,"TBC1D14"
8.18300819471576,0.0514977992328155,0.0585708708458196,0.879239090850755,0.379271653299615,NA,"GRPEL1"
7.35425451724924,0.0779028209056023,0.0648696894493474,1.20091249961096,0.229785145050619,NA,"TRMT44"
13.4645778548587,-0.0141478353010113,0.0462823175039542,-0.305685541779592,0.759844082689303,NA,"RAB28"
3.78057943742453,-0.00940701720644196,0.0877985329877429,-0.107143216251178,0.914675362861069,NA,"LINC00504"
8.9255858986539,0.026574059907874,0.0553951608499322,0.479718074650315,0.631427873859281,NA,"CPEB2"
4.40399230509412,-0.0110881022387298,0.079017604615057,-0.140324454186465,0.888403643832451,NA,"FAM200B"
9.08875936889025,0.0898724666837811,0.0532695455911405,1.68712658774263,0.0915790136135806,NA,"TAPT1"
15.0007801206052,0.0258322954993795,0.0878878215943427,0.293923492820333,0.76881636592768,NA,"LDB2"
15.5739226408202,0.0114131080391762,0.0466550721076634,0.244627379694941,0.806744962125331,NA,"LAP3"
6.88392314112109,0.0476940807695901,0.0581760593922021,0.819823158664869,0.412316926901245,NA,"MED28"
6.91619518057512,0.0367700383792409,0.0568030359773772,0.647325230888808,0.517421475338092,NA,"DCAF16"
22.3893894692183,0.0186987862635697,0.0366673709776315,0.509957102596113,0.610081515348168,NA,"DHX15"
11.1603995163706,0.0507368912360423,0.0505129343673876,1.00443365390389,0.315169635440527,NA,"PI4K2B"
11.3980959370181,0.0103785733148086,0.0497973218118234,0.208416295037465,0.834903934079813,NA,"ANAPC4"
10.5023112500224,-0.024435137594441,0.0509309678758615,-0.47976974743537,0.631391126631847,NA,"SEL1L3"
15.3911337310364,0.0273177120581791,0.0420892358492354,0.649042718571364,0.516310764820038,NA,"RBPJ"
15.2932871018985,0.0707649113317476,0.0439970285887405,1.60840205808484,0.107747151219525,NA,"TBC1D19"
11.755998283291,0.0502947183476754,0.0544707372861612,0.923334635319012,0.355832843675975,NA,"RELL1"
5.60745134597879,0.116182824142709,0.0698884449183295,1.66240391066762,0.0964318153309291,NA,"PGM2"
12.3687746980839,-0.0668976073295909,0.0492059918894278,-1.359541892376,0.173974937023458,NA,"TMEM156"
9.78525187561477,-0.0104541933707843,0.0527362440664603,-0.198235455631036,0.842860848312889,NA,"KLHL5"
8.87319823881203,-0.0326327001555746,0.0537292246174313,-0.607354756893098,0.543615506723477,NA,"SMIM14"
13.2616404595887,-0.063315681760222,0.0549014730409273,-1.15326016322043,0.248803615956953,NA,"N4BP2"
7.84099363890142,-0.000206937837893818,0.0533048512470796,-0.003882157684572,0.996902494101375,NA,"TMEM33"
15.585200472893,-0.0211926836694963,0.044636550644257,-0.474783184713287,0.634941519533608,NA,"SLC30A9"
6.84142821213557,-0.100973321514394,0.0602611825511914,-1.67559475668468,0.0938175965437794,NA,"COMMD8"
6.96789966277383,-0.0347943716448988,0.0610438425527427,-0.569989866133278,0.568684571393683,NA,"ATP10D"
11.1674005331357,0.0158037075183798,0.0464021880379765,0.340581084354163,0.733418971470714,NA,"OCIAD2"
7.39707983913393,-0.0950906649288694,0.0644330271149485,-1.47580626251236,0.139995909081695,NA,"DCUN1D4"
20.8974375477617,-0.0164771360948895,0.0354231305509493,-0.46515188913612,0.641822689187781,NA,"TMEM165"
9.89257986457825,0.0516962733848083,0.0563834690761079,0.916869327692967,0.359211118413068,NA,"CLOCK"
13.1180454824358,-0.0554939714467147,0.0438494943669728,-1.26555556108105,0.205672244578374,NA,"EXOC1"
10.5171151855375,0.057937828777059,0.059163758483633,0.979279042812785,0.327442122527074,NA,"CEP135"
4.44202929444805,-0.0111243673237199,0.0984307644917192,-0.113017178939576,0.910016935649385,NA,"PAICS"
18.8283318683692,0.0516397674344675,0.0394654704847197,1.30847971151038,0.190710651617528,NA,"SRP72"
7.2618671576014,0.10475491699278,0.0817681766641664,1.28112086225211,0.200151217143815,NA,"UBA6-DT"
6.85322845478914,-0.134662072295871,0.0724210790138892,-1.85943200694434,0.0629659285255122,NA,"SULT1B1"
5.97260363140731,-0.00532517938498772,0.0630017721553196,-0.0845242792831199,0.932639599834702,NA,"UTP3"
9.71965792228522,0.0115951632736508,0.0564862004178614,0.2052742650041,0.837357849469438,NA,"RUFY3"
12.7229880693264,-0.00686238145345135,0.0451683833224485,-0.151928870344154,0.879243037367659,NA,"GRSF1"
7.91199653347444,0.0172876697996284,0.0688449059726145,0.251110369829035,0.801728778760868,NA,"MOB1B"
5.95671377822576,-0.00208337748748785,0.0670204649799272,-0.0310856913349053,0.975201200816425,NA,"DCK"
18.9921639639482,-0.119790382445949,0.0471663615902938,-2.53974185006036,0.0110934316723043,NA,"SLC4A4"
4.80891433734364,-0.00110470395760625,0.0783481690483625,-0.01409993329805,0.988750253671189,NA,"MTHFD2L"
7.73025262787727,-0.011882216822379,0.0594003864701322,-0.200036018761489,0.841452411476211,NA,"RCHY1"
14.5126615797043,-0.00229465248614337,0.0400461521412339,-0.0573001989816809,0.954306061850733,NA,"USO1"
7.72220206631513,0.0339400777234587,0.0526533725335394,0.644594564229279,0.519189958394228,NA,"NAAA"
12.3801318134062,0.033019302666852,0.0497360582698079,0.663890622126287,0.506760318809948,NA,"SDAD1"
15.5375676924082,0.0253538560144433,0.0420965902241144,0.60227813890541,0.546989010120078,NA,"NUP54"
5.39442883094143,0.0973575817333191,0.0675269220706169,1.44175950492022,0.149370230416552,NA,"SCARB2"
20.4912910018729,0.000141818183135806,0.0386548825682973,0.00366882974965026,0.997072703953594,NA,"SEPTIN11"
13.5689961656826,-0.0727417520203693,0.0433234556059061,-1.67903854858828,0.0931445312070865,NA,"MRPL1"
12.1531035478904,-0.0246991115285823,0.0519836447363678,-0.475132354682757,0.634692638495398,NA,"RASGEF1B"
7.09345246549657,0.0387695610729642,0.0560379794951832,0.691844378084629,0.489035064010049,NA,"ENOPH1"
7.77514577525733,-0.00802677383754311,0.0549965703004198,-0.145950443703975,0.883960509590521,NA,"LIN54"
11.9726110328069,0.0505034136462741,0.0493510709556414,1.02334990240979,0.306142437104889,NA,"COPS4"
7.36466343580534,0.039105033732637,0.0618962663437862,0.631783402175482,0.527528420764222,NA,"HELQ"
5.128933387137,0.0359745653337224,0.0763482434365645,0.471190478188442,0.637504717753983,NA,"MRPS18C"
15.0123307808096,0.053579280109978,0.0410392432021612,1.30556208958445,0.191701519527559,NA,"HSD17B11"
6.68952801314199,-0.183975823597959,0.0693001118779815,-2.65476950343009,0.00793626162430121,NA,"PKD2"
12.5002157991316,-0.0134069729358393,0.043348740070519,-0.309281721084144,0.757107234273362,NA,"PPM1K"
6.25418105569147,-0.0102539956138753,0.0714791552715682,-0.143454347983237,0.885931363294063,NA,"HERC6"
5.4332008725393,0.0171044375090427,0.0687763387616939,0.248696540365555,0.803595525168807,NA,"HERC5"
8.37982651382771,-0.0781215537381967,0.0606485762425705,-1.28810202280333,0.197710451301991,NA,"FAM13A"
10.6724792526556,0.0167933057319789,0.0490143234113794,0.342620372233478,0.731884073924525,NA,"SMARCAD1"
14.2742289553718,-0.00712524873982164,0.0448049102215219,-0.159028300795457,0.87364657674945,NA,"PDLIM5"
16.5861117406905,-0.0282130526469951,0.0433435483850967,-0.650917003756342,0.515100064456603,NA,"TSPAN5"
9.40369441060277,-0.0868677383219163,0.0502857155277807,-1.72748338986895,0.0840808857303696,NA,"EIF4E"
8.60971063242196,-0.0987466128018651,0.0525798839394734,-1.878030254223,0.060377026418972,NA,"METAP1"
14.654308509889,0.0159100865668682,0.0471151465061946,0.337685176565807,0.735600446639768,NA,"ADH5"
6.24148322052268,-0.0222217289593314,0.0627719909624631,-0.354007075745292,0.723333580503712,NA,"LAMTOR3"
21.0536382550384,-0.000729218285751801,0.0367637714433274,-0.0198352415196552,0.984174804740855,NA,"H2AZ1"
9.28589092314224,0.0657151683407123,0.0585712891919806,1.1219689586363,0.261875638422866,NA,"SLC39A8"
15.2050614271927,-0.0673874882968955,0.0488444540705073,-1.37963438386723,0.167699245185907,NA,"MANBA"
9.11153017404832,0.0178781126768032,0.0513103204530571,0.348431124946093,0.727516430925454,NA,"CISD2"
16.6673196324972,-0.0516315297988402,0.0380214953316728,-1.35795631782609,0.174477545395973,NA,"PPA2"
7.17859495711339,0.151436573841404,0.0589900136998131,2.56715610564241,0.01025364400358,NA,"INTS12"
15.6548735486212,-0.00309717345966384,0.0410930829257966,-0.0753697031020166,0.939920564048566,NA,"AIMP1"
6.26117423833502,-0.130250865077137,0.0735335695144356,-1.77131160553231,0.0765088986082011,NA,"LEF1"
12.4977070430678,-0.0482441212104139,0.0467917511171177,-1.03103901988325,0.302522522025955,NA,"OSTC"
4.79279966717125,-0.0218017175166345,0.0697975979430139,-0.312356272409753,0.754769778532971,NA,"GAR1"
10.5785305847234,0.0528476133037406,0.0587096189289275,0.900152551964554,0.368039072611484,NA,"ELOVL6"
18.1190663708694,-0.0335177675566105,0.0406446642937531,-0.824653571114919,0.409568297946374,NA,"LARP7"
12.6807884397278,-0.0149545157976828,0.0474901778475644,-0.314897026616417,0.752839839263347,NA,"SNHG8"
8.00654252826773,0.0856137003776444,0.0536069931156198,1.59706216300908,0.110251851275672,NA,"METTL14"
11.4645408684985,-0.114286936818574,0.046113076630798,-2.47840623894187,0.0131970791648696,NA,"SEC24D"
6.04830867309515,-0.0245889838068101,0.0598892360566138,-0.410574344003418,0.681384679473306,NA,"USP53"
19.7786142919384,0.00700996445984932,0.0542412125872587,0.129236868526349,0.897170223952581,NA,"C4orf3"
17.1613887901083,0.0205747697727791,0.0465907819731144,0.441606019505144,0.658774327338637,NA,"ENSG00000291203"
5.65943830097188,0.00767948161472033,0.0756166707954332,0.101558049751962,0.919107478666042,NA,"ANXA5"
9.90885579709827,-0.0505872676993946,0.0482521453968416,-1.04839416534432,0.29445704063865,NA,"EXOSC9"
20.7978531139211,-0.00590734440961879,0.0384356639833592,-0.153694350439123,0.877850739550329,NA,"SPATA5"
7.42471603410696,-0.0872715614664455,0.0573229976038895,-1.5224528568709,0.12789564930633,NA,"MFSD8"
8.47391556037345,0.0389963812688363,0.059029019050665,0.660630684636067,0.508849185849529,NA,"ABHD18"
5.33086846331021,-0.0840926015182202,0.0701430472413062,-1.1988729435852,0.23057735376125,NA,"LARP1B"
12.2358741824055,-0.0188750719342104,0.0473937165253991,-0.398261063238098,0.690437758652369,NA,"PGRMC2"
12.5981152545331,0.01529659637582,0.0405311162473336,0.377403777445342,0.705873560095178,NA,"JADE1"
7.59916652026924,0.0582818527680157,0.0786266921884156,0.741247674878056,0.458543281533153,NA,"NOCT"
9.55714715358988,-0.0277434223965107,0.054601941421097,-0.508103222604303,0.611380955375875,NA,"NDUFC1"
18.7056263628569,0.0581525981217827,0.037692055363539,1.54283436020939,0.122870970308693,NA,"NAA15"
11.1598978541113,-0.058121767291331,0.0686242061675962,-0.846957225987928,0.397018963550078,NA,"MAML3"
6.85552956976791,-0.00149073115705423,0.0583933967829912,-0.0255291049875771,0.979632933625675,NA,"IL15"
7.22763151615114,-0.0876335134886959,0.130376894514379,-0.672155245107721,0.50148486943431,NA,"INPP4B"
8.75668444355626,0.0420093407023617,0.0616118301538588,0.68183887083787,0.495340842296889,NA,"USP38"
6.77141340478834,-0.00595038110303557,0.0789193476037909,-0.0753982551010057,0.939897847487384,NA,"GAB1"
10.9541153752207,0.051830182490175,0.0461612120411711,1.12280809359918,0.261519007217968,NA,"ANAPC10"
7.66986954625833,-0.0873597905982842,0.0595838677782257,-1.46616515267928,0.142603299570835,NA,"ABCE1"
12.589485464125,0.00838338582674538,0.0437819057042703,0.191480605786598,0.848149073756366,NA,"OTUD4"
15.8845838523967,0.0154035097314949,0.0435765967915716,0.353481246026862,0.723727685989031,NA,"ZNF827"
6.94497831545585,0.0220756949707209,0.0565131817524116,0.390629129101882,0.696071391134758,NA,"LSM6"
14.7563654090319,-0.0643553953740778,0.0434616670893735,-1.48073922801302,0.138676076332917,NA,"SLC10A7"
5.94005076165676,0.0760707716799457,0.0623563199754038,1.2199368357522,0.222488820520285,NA,"PRMT9"
15.1242185404806,0.0127286104005188,0.0532715431233296,0.238938270871009,0.811153449028507,NA,"ARHGAP10"
7.69357733158737,0.0325811194628375,0.0598434187479069,0.544439474624384,0.586139087842114,NA,"ARFIP1"
6.78864037142471,0.089606951107955,0.059244413719191,1.51249620821091,0.130407676527469,NA,"PLRG1"
6.41940544640147,0.0739807390968628,0.0613064894622069,1.20673585693516,0.227533885384405,NA,"CTSO"
8.42579782860877,0.0597589922648402,0.0544901745452773,1.0966929866445,0.272775623313344,NA,"ETFDH"
8.44245395676526,0.0204157871619176,0.0595864173652354,0.342624847484602,0.731880706743214,NA,"PPID"
11.1290691764216,0.0172978798201244,0.0482857380939414,0.35823993798067,0.720163761673064,NA,"FNIP2"
21.6817718838396,-0.0115820202457714,0.0388550277980764,-0.2980829226519,0.765639875191649,NA,"RAPGEF2"
15.2912573302606,0.0294550678829718,0.0463527537897887,0.63545454098696,0.525132006107227,NA,"KLHL2"
13.5501777481882,0.029668583289583,0.0451608762534001,0.656953224802614,0.511210993217483,NA,"DDX60"
19.9467460523346,-0.00601432000336211,0.0380535842247007,-0.158048712779549,0.874418413813373,NA,"DDX60L"
6.83317732376081,-0.14617800102355,0.0733062135350199,-1.99407381686298,0.0461439881422471,NA,"PALLD"
20.4912597715616,-0.0963093931438514,0.0466558737456328,-2.06425012355205,0.0389940073222998,NA,"CBR4"
20.4492210224678,0.0228365016157934,0.043853925996369,0.520740186812106,0.602547775288216,NA,"NEK1"
9.68765368730672,-0.0556186633420986,0.050359311739242,-1.10443652665647,0.269403823293569,NA,"CLCN3"
4.55784980384226,-0.106195066162209,0.0719867580694025,-1.47520278743247,0.140158032293143,NA,"HPF1"
11.567764122144,-0.105176066266167,0.0497798460282485,-2.11282425836518,0.0346158125657603,NA,"GALNT7"
6.59825889575015,-0.0261727364634304,0.0601740898829125,-0.434950267039478,0.663598526788295,NA,"CEP44"
6.51815044167786,0.0479945525830301,0.0647918868498391,0.740749419665177,0.458845388648352,NA,"DCTD"
8.3514627318075,0.0586771289756598,0.0557938481755857,1.05167739624269,0.292947584986578,NA,"CDKN2AIP"
6.26414046886856,0.0308762295921078,0.0622670619839535,0.495867776772007,0.619987702076992,NA,"RWDD4"
11.1689187176124,0.000714318404970251,0.0464804598125234,0.015368144115859,0.987738477737751,NA,"TRAPPC11"
19.1195426344358,0.00084388244976618,0.0392748841083807,0.0214865675335273,0.982857518546118,NA,"IRF2"
9.71936558111387,3.22883807720968e-05,0.0485555434328276,0.000664978259727748,0.999469424152397,NA,"CASP3"
4.79523444634035,-0.108549110855367,0.0761228293050786,-1.42597315215825,0.153876091920076,NA,"PRIMPOL"
7.26096537508342,-0.0309615185016186,0.0766015276991972,-0.404189308380374,0.686073515281276,NA,"ACSL1"
13.5622167749598,-0.0183599419867545,0.0421677179175996,-0.435402788992089,0.663270086315883,NA,"CFAP97"
13.494944734645,0.00904506678844052,0.045347668200695,0.19946046064397,0.841902569715433,NA,"SNX25"
7.3888768385812,-0.0167582008142156,0.0579599613043349,-0.289134092519869,0.772478765156665,NA,"CYP4V2"
13.9455673436479,0.0586933876375986,0.0425916305166555,1.37804979348341,0.168187915085165,NA,"FRG1"
21.5091011700359,0.0162767033453395,0.0345273006948055,0.471415460166229,0.637344077775652,NA,"SDHA"
14.0990959565768,-0.00912509453502915,0.0431944586397522,-0.211256138458262,0.832687406929473,NA,"PDCD6"
9.60781859868464,-0.0756589109660331,0.0480755436134484,-1.57375050346531,0.115545141064009,NA,"EXOC3"
9.50795886176622,0.0521329474337797,0.0530513858249652,0.98268775872857,0.325761137295455,NA,"BRD9"
9.42713652580119,0.00089599979610666,0.0542959499139248,0.0165021479047164,0.986833788541847,NA,"CLPTM1L"
21.2514030532846,-0.0101030681955167,0.0360964330939992,-0.279891039904334,0.779561101720037,NA,"NDUFS6"
18.5491684397651,-0.0103411373333613,0.0380069276549181,-0.272085589954891,0.785556209270597,NA,"MED10"
11.9357277504483,0.0174681701639965,0.0450154064658286,0.38804870455311,0.697979991070007,NA,"NSUN2"
7.24113859194132,0.00418017311221732,0.0596569135578385,0.0700702209168861,0.944137768691977,NA,"TENT4A"
16.8924817150056,-0.0334537483614752,0.0403099893369784,-0.82991211140774,0.406588476708678,NA,"CCT5"
8.22141351609413,0.00557688671885641,0.0548062407292233,0.101756417602325,0.918950019732266,NA,"DAP"
19.8629136112689,-0.00284927787830672,0.0423109555353535,-0.0673413739362602,0.94630993998642,NA,"TRIO"
16.0123129737982,0.067863131790845,0.0441602919388052,1.53674554246348,0.124355633813484,NA,"OTULINL"
18.2532552397648,0.0155820249828429,0.0493498569781346,0.315746102156827,0.75219523090635,NA,"OTULIN"
9.38001450676885,0.00887316316923088,0.0621842712819291,0.142691439270905,0.886533878002978,NA,"ANKH"
10.5688175959103,0.0993910380440063,0.048432386977844,2.05216063559853,0.0401540536866994,NA,"ZNF622"
10.2715258994213,0.0868373839159491,0.0529797651833228,1.63906698369596,0.101199310209865,NA,"GUSBP1"
7.07873787587462,-0.171801867484428,0.0670773049289258,-2.56125179248729,0.0104295736546469,NA,"LINC02899"
8.60196391685161,-0.0545976179208333,0.0521489422366523,-1.04695542381414,0.295120137775983,NA,"DROSHA"
5.20918691144339,0.0760054100062396,0.0723344297916512,1.05075010925174,0.29337337512109,NA,"C5orf22"
16.6845087592162,-0.0045765656597126,0.040314422605743,-0.113521796019984,0.909616884051493,NA,"MTMR12"
8.01081356240753,0.0268852806150714,0.0629227365477742,0.427274497107396,0.669179405900987,NA,"TARS1"
15.1275993061713,-0.0873977559391818,0.0390539726965706,-2.23787107698922,0.0252294636535232,NA,"ENSG00000290548"
7.73982940995403,0.0856504595538922,0.0610473705544004,1.40301635887114,0.160611960809561,NA,"BRIX1"
18.7470101162156,0.0416174758099241,0.037912568328544,1.09772240828619,0.27232572179924,NA,"DNAJC21"
15.6945162464184,-0.138654065118083,0.107392884259879,-1.29109173362506,0.196671870146896,NA,"IL7R"
6.69984323504188,-0.023541656517327,0.0582731718344329,-0.403987903459487,0.686221614472258,NA,"LMBRD2"
16.1122828322087,-0.0116753445583744,0.0396753570219428,-0.2942719469901,0.76855010716639,NA,"CPLANE1"
5.51463941049501,0.000908710293222828,0.0643729802338539,0.0141163309500612,0.98873717153981,NA,"NUP155"
10.1605098467197,-0.0155583942966003,0.0684713242130037,-0.227224965712662,0.820248815542181,NA,"DAB2"
19.828169142434,-0.0286998980513778,0.0459548289465666,-0.624524097015969,0.532283450110499,NA,"PTGER4"
18.3880414276859,0.0420804652916217,0.0367524929837696,1.14496900414905,0.252221997400797,NA,"PRKAA1"
15.4007286598391,0.0609361130249838,0.0438782707733393,1.38875374874638,0.164907643879957,NA,"OXCT1"
15.7334014930871,0.0100904561783943,0.04262380112799,0.23673290301104,0.812864007481439,NA,"ENSG00000287263"
7.36189793033709,0.0579215239221476,0.0578288630879572,1.00160232847825,0.316535695946373,NA,"ANXA2R"
10.4763579052973,-0.105418845637494,0.0680587744717393,-1.54893834712331,0.121396541530472,NA,"ANXA2R-AS1"
10.1616118455112,0.0358323557050875,0.047189117244291,0.759335156018892,0.44765209230422,NA,"HMGCS1"
9.08805262049365,0.0328903228937065,0.0499461399816579,0.658515811347684,0.510206740468666,NA,"PAIP1"
13.1495666773697,-0.0080721196940995,0.0424425521954417,-0.190189309467739,0.849160788039439,NA,"NNT"
8.4884877596849,0.000582803243789602,0.0565165485186653,0.0103120813118502,0.991772295352799,NA,"MRPS30"
13.5175271229562,0.0215637388975658,0.0474664500933178,0.454294324837271,0.649617000225585,NA,"NDUFS4"
17.4417462153995,-0.0634817380159453,0.0409230782415249,-1.55124542785567,0.120842879315398,NA,"DHX29"
10.8417844601578,0.00844864286450744,0.0540332604545803,0.15636004182293,0.875749231728107,NA,"SLC38A9"
9.41375261075802,0.0390344049197349,0.0532961063471886,0.732406316241035,0.463920604737587,NA,"IL6ST"
15.55971833264,-0.0353967742182747,0.0438341586668416,-0.807515766124436,0.419369394847411,NA,"MAP3K1"
6.71550284706149,-0.184498467297231,0.0582564708385769,-3.16700384766627,0.00154018280559831,NA,"ERCC8"
10.1267171776662,0.0708269415071269,0.0529009598260754,1.33885928988789,0.180616484819953,NA,"NDUFAF2"
5.56046097848746,-0.0511046720140031,0.0693376178946626,-0.737041068985686,0.461097374692445,NA,"SMIM15"
9.51150028940734,0.0154734065817608,0.0494977706531742,0.312608151388905,0.754578384403067,NA,"IPO11"
18.764204031077,0.0573200986366959,0.041347795216062,1.38629153833163,0.165657899598115,NA,"SREK1IP1"
16.7150905227436,0.0371366450558109,0.0398964795194531,0.930825112970267,0.351944037014742,NA,"CWC27"
6.0005730147729,-0.00973954905320848,0.0730328595786126,-0.133358451379339,0.893909902840416,NA,"CENPK"
14.2000223865236,0.0116700024510746,0.0412144461309693,0.283153203466333,0.777059399142316,NA,"PPWD1"
5.16251311152798,-0.0197486707983519,0.0679759538503932,-0.290524364568922,0.771415113944077,NA,"TRIM23"
10.3192391050348,0.0456686078631452,0.0502366766018124,0.909069049792549,0.363313678608746,NA,"SLC30A5"
11.1461888668524,-0.024092559847611,0.0480861434658079,-0.501029155410273,0.616350604123159,NA,"MRPS36"
8.33554362058521,-0.0275695158075967,0.0565454716883024,-0.487563636564377,0.625858957672112,NA,"CDK7"
5.40572821313093,-0.0604504269791804,0.0724899075358447,-0.833915079134139,0.404328839339268,NA,"TAF9"
6.0050057834727,0.067549524993765,0.0697063525609746,0.969058378641704,0.332516062632796,NA,"NAIP"
9.33694270969564,-0.0397894405140505,0.0518198029565098,-0.767842373840057,0.442580836664079,NA,"MRPS27"
10.2807835472388,-0.00699734525790942,0.0514181602864124,-0.136087040433427,0.891752472450488,NA,"FCHO2"
7.70626586105185,-0.00118393373521949,0.0596993461207336,-0.0198316030601935,0.984177707240558,NA,"ANKRA2"
4.56678286867949,0.00661808512164898,0.0917401554344963,0.0721394583462895,0.94249092479159,NA,"ARHGEF28"
19.4225884879593,-0.00835046715733263,0.0572352408757332,-0.145897300851111,0.8840024623992,NA,"ENC1"
7.65679762693559,-0.10239062905498,0.0555602609144162,-1.8428752379817,0.0653472284305167,NA,"HEXB"
14.1808259020865,0.0696865087801264,0.0546185493491962,1.27587622905536,0.201999275248232,NA,"FAM169A"
5.90739937054975,0.126219761753474,0.0623902170616448,2.02306976474793,0.0430659552797274,NA,"HMGCR"
11.8165420317974,-0.0667528328868736,0.0478071813346907,-1.39629300501001,0.1626262793721,NA,"POLK"
7.01304388781557,-0.0612059269640266,0.0656389876103694,-0.932462994818609,0.351097302298889,NA,"POC5"
14.7213183350307,0.00313412973270859,0.0459665629885161,0.0681828165723766,0.945640105524624,NA,"F2R"
11.4614218073202,-0.024594821077528,0.0469362751461713,-0.52400453595718,0.600275384967053,NA,"AGGF1"
6.80618458520763,0.00806157812547406,0.0563130972309508,0.14315636187461,0.886166692945072,NA,"WDR41"
21.0763269975682,-0.0255949781963731,0.0346639168918843,-0.738375246980976,0.460286452103903,NA,"TBCA"
9.55617323658077,0.0455979638487284,0.0513341533757663,0.888257833239229,0.374402076018804,NA,"SCAMP1"
7.43178147437292,0.0128589935851581,0.0620775212802576,0.207144121091826,0.835897305626259,NA,"ARSB"
18.8302635573367,0.0273820625594152,0.0456029653060792,0.600444781948531,0.548209850483345,NA,"JMY"
9.16491992566209,-0.0609249148756176,0.0668759702654903,-0.911013546925037,0.362288235892264,NA,"SERINC5"
12.4332313514062,0.0121330043414728,0.0468365375374391,0.259049984892119,0.795596674052343,NA,"ZFYVE16"
20.7882375011275,-0.0119893235394123,0.0432088596583231,-0.277473731873941,0.781416373177416,NA,"MSH3"
6.7085181385427,0.219827899920434,0.0843098125324913,2.60738214588861,0.00912374723587148,NA,"RASGRF2"
18.0346610124885,-0.0310948064768516,0.0522233218117632,-0.595419927306262,0.551562808504767,NA,"SSBP2"
14.3144706767751,-0.031855583714273,0.0548069233624728,-0.581232839938704,0.561083537371405,NA,"ATG10"
9.83205979475867,0.0621620155564496,0.0551171415653617,1.12781638871337,0.25939747055685,NA,"TMEM167A"
10.0946230712434,0.0122190525195549,0.0523770086186435,0.233290385262773,0.815535924105559,NA,"XRCC4"
19.3177114323416,-0.0629244279753213,0.0488904273096413,-1.28705007172053,0.198076836242937,NA,"RASA1"
12.5693367497493,0.115509174377791,0.0498685112867382,2.31627476733016,0.0205432711369581,NA,"TMEM161B"
6.75464320071756,0.00536621306865725,0.067690341546143,0.0792759047463104,0.936813171198451,NA,"TMEM161B-DT"
6.89974743517872,-0.0226948442819894,0.0569502008929767,-0.398503322659714,0.69025920955805,NA,"LYSMD3"
9.40136095187267,0.0280271670311148,0.0512422136717743,0.546954649747167,0.584409888915839,NA,"ARRDC3"
7.97988861255939,0.0575815437391943,0.0703679490150348,0.81829219900798,0.413190359460471,NA,"KIAA0825"
7.92548170906979,-0.0329937203294772,0.0554103354385538,-0.595443432499429,0.55154710065477,NA,"SLF1"
11.9038512509181,0.00479067587751295,0.0499634038120578,0.0958836971062569,0.923612942740847,NA,"RHOBTB3"
12.99192296599,-0.0947736659796366,0.0499890590913454,-1.89588817437944,0.0579748329891753,NA,"GLRX"
16.5868199744217,-0.0148005063955154,0.0419618535829405,-0.352713360630297,0.724303341995804,NA,"ERAP1"
19.1747212162682,-0.0133144966859538,0.0416128473010425,-0.319961203078267,0.748997741171234,NA,"ST8SIA4"
17.2512394989731,0.007948544446946,0.0431631437144727,0.184151193887225,0.853894846230574,NA,"FER"
8.47633712186209,0.00864950331327448,0.0531371373891577,0.16277699059941,0.870694025462541,NA,"SLC25A46"
9.01560725823484,0.0407315706836313,0.0505335941672417,0.806029560233329,0.420225804921364,NA,"WDR36"
5.38593486755103,-0.0777938644848132,0.156023848311266,-0.498602395254443,0.618059517398834,NA,"CAMK4"
5.2413892122237,0.0547244396210697,0.0651373632066759,0.840139006662477,0.400830451756307,NA,"STARD4"
8.30856345812147,0.0324699616560321,0.0744374837805824,0.436204449786925,0.662688399725817,NA,"EPB41L4A"
7.86570732436002,-0.0346816269912527,0.057744455869766,-0.600605312992678,0.548102898409547,NA,"EPB41L4A-AS1"
19.7948639885393,-0.041432139163336,0.0376171848873083,-1.10141519859757,0.270715993601249,NA,"SRP19"
19.4085973129871,-0.0252855790630122,0.0450079347692469,-0.561802695294728,0.574250455525838,NA,"REEP5"
21.3590800415293,-0.0241115989318823,0.0360036089350121,-0.669699500830728,0.503049369963549,NA,"DCP2"
16.6035116718803,0.00867686404967028,0.0374561925858846,0.231653658597969,0.816807027366145,NA,"YTHDC2"
10.2387177833718,-0.0293512737013032,0.0471691638477431,-0.622255543813452,0.533773848343525,NA,"PGGT1B"
6.59847310860644,0.0756788235159197,0.0682491212095668,1.10886150875905,0.267489930958276,NA,"TMED7"
17.476776430559,-0.0120617781852572,0.0378529300803433,-0.318648468154404,0.749993095478927,NA,"ATG12"
12.4049912620337,-0.150749640393569,0.0472272298539524,-3.19200683291723,0.00141287990289396,NA,"AP3S1"
19.3821990546454,0.0544220571434566,0.0359321068690684,1.51458018706677,0.129878752820644,NA,"DMXL1"
6.86326943534065,-0.0425681661425288,0.0559871998540824,-0.760319613295053,0.447063560891015,NA,"SRFBP1"
12.2644213719895,-0.0127205459724391,0.0462551847149913,-0.275008002904296,0.783310089860025,NA,"SNX2"
14.3066875033189,-0.0584832230996955,0.045056314307181,-1.29800282155735,0.194286365404506,NA,"CEP120"
5.01518840055316,-0.0245329930254151,0.0664768573454728,-0.369045619860154,0.712093721292951,NA,"GRAMD2B"
10.9921366156996,-0.0520049809570803,0.0490456681898726,-1.06033790294693,0.288990901539616,NA,"PHAX"
7.91318768308996,0.0455754008208365,0.0571483091937897,0.797493424806156,0.425164520024457,NA,"LMNB1"
8.22383447907572,0.00556616348406343,0.0586026853345827,0.0949813724795085,0.924329622629326,NA,"MARCHF3"
6.77110681617055,0.0155348613171996,0.0563942170083454,0.275469048801594,0.782955901764804,NA,"PRRC1"
7.73039731505893,-0.048294204277638,0.0601704304158135,-0.802623546880024,0.422192354210703,NA,"SLC12A2-DT"
13.8725028475258,0.050262354502328,0.0436688843452489,1.15098783163203,0.249737241630267,NA,"SLC12A2"
14.1426667372717,-0.185535040060116,0.121726450780685,-1.52419658069547,0.127459611936767,NA,"CHSY3"
19.3844237923378,-0.00270564304798981,0.0435752472605914,-0.0620912838843888,0.950490138059294,NA,"RAD50"
6.06082197153589,0.0335101326264574,0.068902248465314,0.48634309290105,0.626723930829417,NA,"KIF3A"
22.2590863398913,-0.00389908964158698,0.0366249917169265,-0.106459809512666,0.915217541503897,NA,"UQCRQ"
7.41261968971364,0.00221818801365101,0.0565988291068737,0.0391914117068125,0.968737780842722,NA,"ZCCHC10"
12.2765556906363,-0.0124404310299469,0.0462790543317102,-0.268813423471853,0.788073263005181,NA,"HSPA4"
14.8288769356486,-0.0387109150716134,0.0421638294391183,-0.918107192505114,0.358562749702557,NA,"VDAC1"
13.1229955463617,0.0838866885824568,0.0443766495677572,1.89033397968391,0.0587133070046958,NA,"JADE2"
7.52508535659067,0.146917262531864,0.0606539471541035,2.42222096706404,0.0154259674198069,NA,"SAR1B"
6.78669654705125,0.0274958252972332,0.0660621551542521,0.41621144864305,0.67725528294126,NA,"SEC24A"
10.2597757087361,0.0281539715970373,0.0498207571384067,0.565105253595863,0.572002175350512,NA,"CAMLG"
7.9447979840039,0.0219443246220436,0.0532121701888281,0.412392964695336,0.680051418919702,NA,"C5orf24"
6.5399179238071,-0.0154752802243043,0.0626503073476609,-0.247010443834353,0.804900141465363,NA,"TXNDC15"
6.99878960505241,0.014938073190846,0.0561124080078315,0.266216933494659,0.790072142408842,NA,"PCBD2"
21.430575900706,-0.0118297077585533,0.033412171935943,-0.354053839458054,0.723298534997353,NA,"MACROH2A1"
14.4426660316524,-0.0515840772698548,0.0400271742309914,-1.28872642800539,0.197493211337466,NA,"SMAD5"
7.09107122082811,-0.0516019669288441,0.0536325631998773,-0.962138742773386,0.335979914998835,NA,"BRD8"
7.37036217874317,0.074106680703891,0.0639603375294598,1.15863492230256,0.246605027723493,NA,"FAM53C"
18.1428094011945,-0.0652531898631228,0.0381342557198198,-1.71114365893362,0.0870545963260492,NA,"KDM3B"
20.5148451402444,0.0861323148019289,0.0405688555362225,2.12311423784248,0.0337442802086413,NA,"ETF1"
12.7235724885137,-0.0335747225815361,0.0486752512199222,-0.689769887983533,0.490338907841481,NA,"SIL1"
5.95442850705565,-0.125694421171338,0.067755561526632,-1.85511592464528,0.0635796742121209,NA,"STING1"
13.8441339313837,0.0310339075389484,0.0412380583436629,0.752555013146428,0.451717359677882,NA,"PURA"
11.4051864588019,-0.0547443404169118,0.0477631076017786,-1.14616370595772,0.251727422093255,NA,"PFDN1"
11.1495395705294,-0.0361641368963082,0.0453307656137635,-0.797783501043008,0.424996137409238,NA,"SRA1"
16.1150213937107,-0.000521470467712268,0.0433520726670164,-0.0120287320912575,0.990402691818629,NA,"NDUFA2"
5.6381096690382,-0.0225827126580061,0.0625780269537103,-0.36087287754711,0.718194479851778,NA,"WDR55"
7.95350499256439,0.0931171959132094,0.0554423651690699,1.67953144908683,0.0930485150061193,NA,"HARS1"
10.6417992212037,0.0260278503852522,0.0548638118664901,0.4744083485958,0.63520874078773,NA,"ZMAT2"
7.77336566158773,-0.0375048076315874,0.0582131796135436,-0.644266605613512,0.519402566519619,NA,"HDAC3"
7.97464912118241,0.0325655648220216,0.0543179279535124,0.59953621297728,0.548815368991646,NA,"FCHSD1"
9.28922444416741,0.0157237231028522,0.0499646238181007,0.314697117706628,0.752991632887018,NA,"DELE1"
16.4513865720428,-0.0484899825816144,0.0416191352992883,-1.16508866012994,0.243983106567374,NA,"LARS1"
11.2304794323737,0.0252588510695932,0.0451042626856984,0.56001028651339,0.57547242137412,NA,"FBXO38"
9.77032266273691,-0.0704081609917098,0.061940665585813,-1.13670333254921,0.255662325726738,NA,"ADRB2"
13.7557062077639,-0.0269612927497688,0.0411579307395101,-0.655069199674,0.512423201498351,NA,"HMGXB3"
8.52234474004772,0.0254906522372274,0.0566299829446554,0.450126433238369,0.652619277986687,NA,"TCOF1"
17.9662140796776,-0.00442079458736275,0.0385775350532583,-0.114595050753233,0.908766102792724,NA,"RBM22"
20.5230242032098,-0.0178546744020027,0.0404358317742518,-0.441555759299898,0.658810703928138,NA,"TNIP1"
9.77988365064267,0.0567139751486465,0.0506247769310261,1.12028098861387,0.262594040918163,NA,"ATOX1"
21.265660146867,0.0612283954821967,0.0342345636664591,1.78849644700407,0.0736959483720905,NA,"G3BP1"
5.6997066013481,-0.00138986032935018,0.0657941601835708,-0.0211243722158982,0.983146443014291,NA,"SAP30L"
13.3894872190492,-0.00436305808989525,0.0447395468995193,-0.0975212846856552,0.922312432056438,NA,"LARP1"
15.9856446938229,-0.0128696405764784,0.0382937512476709,-0.336076779034835,0.736812968673911,NA,"CNOT8"
7.71520216265428,0.0108582006397152,0.052036181976415,0.208666359200539,0.834708703476778,NA,"MRPL22"
17.5686915678375,-0.0698475491948025,0.0951744888155937,-0.733889407382437,0.463016143445564,NA,"SGCD"
19.0906905913756,-0.0726317310188049,0.0370074226042449,-1.96262603304003,0.0496896434957882,NA,"HAVCR2"
18.7526593592251,0.0180544042982668,0.0387674326940843,0.465710598912623,0.641422664737603,NA,"RNF145"
10.5883434666458,0.0242981646442939,0.0478776398333375,0.507505481240846,0.611800191441705,NA,"UBLCP1"
14.9388085023521,-0.0108223028345854,0.0484271588834957,-0.223475898320224,0.823165139184822,NA,"TTC1"
9.57875360082175,-0.0297273564952834,0.0484411301929291,-0.613680076763004,0.539426756350207,NA,"PWWP2A"
4.97477653015543,-0.00191315587926253,0.0698043018649863,-0.0274074208630136,0.978134779480563,NA,"CCNJL"
14.0481560729294,-0.0361179372253441,0.042158818572369,-0.856711322765004,0.391604444149476,NA,"SLU7"
7.12617817648183,-0.00436784656078786,0.0628514180367586,-0.0694947973685069,0.944595773741791,NA,"CCNG1"
6.26225500190749,0.0908639905008844,0.0663579475959162,1.36930079655562,0.170905269118968,NA,"NUDCD2"
16.537704014862,-0.00717533552335506,0.0375440279596452,-0.1911178931325,0.848433229327806,NA,"MAT2B"
7.80084820099884,-0.0303400120029854,0.0613154613705662,-0.494818294192104,0.620728389564419,NA,"RARS1"
7.21663150466854,0.0255457660540454,0.0582302833754243,0.438702416908155,0.660877175592332,NA,"PANK3"
6.97401461891472,0.0760285051345315,0.0678843243126322,1.11997145002714,0.262725928516689,NA,"RANBP17"
21.0541732745029,-0.0316093964147178,0.036732086379245,-0.860539096210398,0.389491941889517,NA,"FBXW11"
9.2819503033194,0.049587472641389,0.0525945037834439,0.942826133421922,0.345769842242594,NA,"ENSG00000253736"
17.9817498231219,-0.050946325943608,0.0383214055083027,-1.32944826182249,0.18370012438679,NA,"ERGIC1"
11.3690234056077,-0.0360806836178646,0.0474734040936786,-0.760018884398243,0.447243296905134,NA,"CPEB4"
13.497130415177,0.0314617621318563,0.0432614634021582,0.727246830265266,0.467074763023015,NA,"SFXN1"
10.9325747095222,-0.0155580861129034,0.0472671000272044,-0.329152541703404,0.742040392225176,NA,"SIMC1"
20.6704350549087,0.0227250724400481,0.0440789441907563,0.515553919388427,0.606166001450959,NA,"HIGD2A"
11.5825649046526,0.0420528467380654,0.0548392317644229,0.766838728133811,0.443177407045516,NA,"CLTB"
12.0328876446246,0.00144957812873397,0.0490842999437564,0.029532419335612,0.97643996332055,NA,"FAF2"
15.1937699741737,0.0435785955597506,0.039663083598491,1.09871930283828,0.271890520304014,NA,"RNF44"
15.8781809350742,-0.00497679314261847,0.0384419045622207,-0.129462710011238,0.896991529689118,NA,"UIMC1"
11.3434377573799,0.0130888992191586,0.0493646775692056,0.26514706190087,0.790896174154564,NA,"RAB24"
19.4843287635718,-0.0172888801692655,0.0375104397701828,-0.460908490414674,0.644864260050188,NA,"LMAN2"
7.84386277989263,-0.017442334856157,0.0590779568473268,-0.295242689269581,0.767808493317336,NA,"RGS14"
15.4630006028003,0.00722971698856307,0.0435006093524499,0.16619806242222,0.868001084206104,NA,"GRK6"
13.5687962228244,0.000268019104559806,0.0470617245512505,0.00569505489047543,0.99545602819291,NA,"FAM193B"
17.9439724768024,0.0246670248601405,0.0374090170623527,0.659387142384038,0.509647196520106,NA,"TMED9"
11.7175168596915,0.0170862768185493,0.0497475075272575,0.343459957449878,0.731252460002901,NA,"NHP2"
15.8284946617281,-0.0144492735381439,0.0420889755446752,-0.343303046727918,0.731370488985804,NA,"PHYKPL"
10.2162318317611,0.0583890055581726,0.0467670122960452,1.24850835431944,0.211844950880123,NA,"CLK4"
10.1718304448613,-0.0425989389228428,0.0524429748766624,-0.812290664727332,0.416624865917399,NA,"RUFY1"
11.1969182152428,-0.0365261772234901,0.0438111517428353,-0.833718717049329,0.404439508328107,NA,"MAML1"
4.63962395382385,0.0215377175135609,0.070972167216559,0.303467096444193,0.761533919133085,NA,"MGAT4B"
8.28707697583946,0.0510598815415428,0.0558228936334321,0.914676366954995,0.360361554673124,NA,"TBC1D9B"
8.20507897782282,-0.0688733295794961,0.0517769294550415,-1.33019339509693,0.183454559788657,NA,"MAPK9"
10.1124198354172,0.000379563841808368,0.0489769643679809,0.00774984417075287,0.993816580883703,NA,"CNOT6"
11.4936441997009,0.0545050068017524,0.0446578557705384,1.22050210117142,0.222274593505901,NA,"MGAT1"
8.12988098627281,0.0314580620141098,0.0523602408466291,0.600800559841868,0.547972831203208,NA,"TRIM52"
8.94671797841637,-0.0967057007636004,0.0558226631907358,-1.73237347048769,0.0832070883532796,NA,"DUSP22"
10.968343413667,0.0778670378766873,0.0521557940597361,1.49297003871714,0.135445029831201,NA,"WRNIP1"
21.9561649257883,0.0359989957477647,0.0405672454845055,0.887390684721602,0.374868596977129,NA,"SERPINB9"
21.6040219302196,0.0284814624013553,0.0407313391413261,0.699251804673859,0.484394680649933,NA,"SERPINB6"
19.4524006446353,0.0615567928786817,0.0384461701251294,1.60111638372132,0.109351144077728,NA,"RIPK1"
11.1275673859939,0.00448600711195905,0.0530109495538209,0.0846241606633456,0.932560190531375,NA,"RREB1"
16.9633210182115,0.0188664437423074,0.0394101428299189,0.478720511715186,0.632137471630128,NA,"SSR1"
9.69877696157939,-0.0326684674062334,0.0489619192024155,-0.667221954090021,0.504630369850816,NA,"RIOK1"
6.60740915675786,-0.0417083805562785,0.0604731189157187,-0.689701164816841,0.490382133205662,NA,"SNRNP48"
3.99920966574542,-0.00733473140456761,0.0860586832642396,-0.0852294170252015,0.932079004257287,NA,"TMEM14C"
12.6784268589723,0.0240153245139965,0.0545004680634395,0.440644371825252,0.659470474476984,NA,"TMEM14B"
13.6388060435149,0.044266193444243,0.0476218031660258,0.929536273330852,0.352611235890016,NA,"HIVEP1"
16.0379114339475,0.0295749319500077,0.0389033522013456,0.760215515540708,0.447125772129454,NA,"NOL7"
18.3462145617552,0.0108505036805396,0.0380124460375138,0.285446079156061,0.775302409186629,NA,"RANBP9"
10.981548926017,0.0889141713359232,0.0527287976173304,1.68625448244053,0.0917467940839894,NA,"CD83"
6.05166095759834,0.0318170138541089,0.0618978178236509,0.51402480689637,0.607234647025106,NA,"FAM8A1"
8.86691747127585,0.135730043159008,0.0643446336893412,2.10942289009397,0.0349080954173572,NA,"KIF13A"
5.57250019606821,0.0745834152897065,0.0654868160141612,1.13890733783084,0.254741804755143,NA,"TPMT"
7.96533281743663,0.0154352329198095,0.0567222689528988,0.272119455105483,0.785530170796025,NA,"E2F3"
7.38824139032348,0.0636902832890496,0.0560433486659282,1.13644678280565,0.255769625849646,NA,"TDP2"
16.3327926535749,0.058844652151029,0.038571823249705,1.5255864823937,0.12711288069326,NA,"TRIM38"
5.31392967643279,0.12712678261132,0.0648553416428869,1.96015901529467,0.049977207184601,NA,"H2AC6"
7.13468142468227,-0.0447210175860209,0.066229338164043,-0.675244820886654,0.499520234672823,NA,"H3C4"
5.51803726990459,0.000274817842329869,0.0641181509337223,0.00428611615163299,0.996580184567594,NA,"H4C5"
16.7508741428177,-0.055549539159171,0.0393109686715464,-1.41307988676906,0.157632236375488,NA,"BTN3A3"
9.70848659535985,-0.0221329741124331,0.0521049218009072,-0.424777033482618,0.670999221405985,NA,"BTN2A1"
12.32876703675,-0.0399201987111413,0.0479790267958704,-0.832034357032378,0.405389551955308,NA,"HMGN4"
6.98128438753941,0.0625938542553522,0.0624871411746205,1.00170776064844,0.316484757394409,NA,"ABT1"
5.08984387685091,-0.0693719885831363,0.0667626641967638,-1.03908358687847,0.298765863602764,NA,"H2BC12"
5.55116491283233,-0.011353340622506,0.079189817384004,-0.14336869306633,0.885999006833148,NA,"H2AC15"
6.9719702663065,0.0472391389109299,0.0580875421022477,0.813240450556126,0.416080211648399,NA,"ZKSCAN8"
5.53962598843767,0.0294113508740517,0.0652949315622546,0.450438497603904,0.652394291360535,NA,"TRIM27"
3.96650905053469,0.137227170891724,0.09733822162074,1.40979739106396,0.158599517213114,NA,"ENSG00000290574"
5.08859441161177,-0.0274830595407582,0.0708857271908777,-0.38770935461737,0.698231132288971,NA,"POLR1H"
10.0880390015966,0.00528565167675487,0.0557073478556392,0.0948824864262463,0.924408167559616,NA,"PPP1R11"
13.4985776284237,0.0283235009502816,0.0419199969260073,0.67565608366516,0.499259024756613,NA,"TRIM26"
7.10086566409721,-0.0765373109827445,0.0641060571805623,-1.19391699238604,0.232510439870135,NA,"HCG17"
16.6870405514815,0.0167713059546213,0.0410833788525446,0.408226061805101,0.683107716202724,NA,"HCG18"
11.2984177587017,0.0203553616336838,0.0483729629768034,0.420800388916531,0.673900847636414,NA,"GNL1"
20.1920821726147,0.0576172455362545,0.0399463571183869,1.44236545438918,0.149199303997786,NA,"PPP1R10"
5.6776057869985,-0.057757946146106,0.0700429340027561,-0.82460774906764,0.409594320565897,NA,"MRPS18B"
4.83116725859841,0.0641841669926304,0.0800653753683058,0.801646987819381,0.422757189050845,NA,"C6orf136"
21.9052644897905,-0.00378698622932519,0.0442976592203513,-0.0854895336678503,0.931872215933322,NA,"PPP1R18"
6.74844539067694,0.028803101559342,0.0604515159490934,0.476466158162142,0.633742311603041,NA,"MDC1"
17.7163794995424,0.0114733056527039,0.0451167046673481,0.254302829457476,0.799261614052009,NA,"TUBB"
17.8348934674268,0.00651158715305413,0.042149919769173,0.15448634751178,0.877226275102028,NA,"FLOT1"
8.97139724608648,0.0247719281495663,0.0507518628977474,0.488098894014504,0.625479794436606,NA,"HCP5"
2.9113522396609,0.144798294403419,0.224757937457273,0.644241071267822,0.519419121741588,NA,"TNF"
9.48259783821585,-0.0278392495421021,0.056756123133423,-0.490506539297217,0.623775503590563,NA,"LTB"
16.6319701967646,-0.00395001830705946,0.0455826403572026,-0.0866561979759321,0.930944794336564,NA,"NCR3"
15.7810017373479,0.0434668360887668,0.038942547395984,1.11617855007732,0.264345714172348,NA,"PRRC2A"
8.51616103283862,-0.0570129928690543,0.0523330974800504,-1.089425155673,0.275966443205453,NA,"BAG6"
21.3610512398448,-0.0122989001152589,0.0365019742328501,-0.336937943049406,0.736163681570295,NA,"CSNK2B"
8.09474232989916,-0.0391515282907586,0.0596021713864072,-0.656880905176005,0.511257497024711,NA,"ABHD16A"
6.17576946462198,-0.0479709018073645,0.0684927186451172,-0.700379584228759,0.483690282605698,NA,"LSM2"
14.128577791867,0.0284744824287375,0.0491174533725644,0.579722287569627,0.562101911001619,NA,"SNHG32"
8.13302503394086,0.0139512389417784,0.0667236335156266,0.209089916221529,0.834378046422236,NA,"NEU1"
7.59344671447029,0.0121816917847634,0.056676782923072,0.214932661250335,0.829819819927881,NA,"EHMT2"
7.62787888157752,0.00818166445947338,0.0565557475782131,0.144665481579191,0.884974994110139,NA,"NELFE"
7.0274451698106,-0.0641351948351401,0.0583561591470668,-1.09903043264909,0.271754791896716,NA,"SKIC2"
5.76303702260221,0.034410635645413,0.0737067931081953,0.466858401977972,0.640601188506917,NA,"DXO"
4.0335501416843,0.0765329754853409,0.0763989613706539,1.00175413529559,0.316462353627427,NA,"STK19"
13.1810974107966,-0.029916878373063,0.0432328996924372,-0.691993333454254,0.488941515556321,NA,"ATF6B"
6.56084081212994,-0.00755056375341353,0.0591664335642179,-0.127615664804577,0.898453133776874,NA,"RNF5"
10.0379128123946,-0.0819222256035119,0.0619980589836579,-1.3213675870902,0.186378828127151,NA,"HLA-DRA"
6.06619916128542,-0.105583271330088,0.100174101244627,-1.0539976902039,0.291883974637532,NA,"HLA-DRB5"
15.9195631656323,0.0207112768645159,0.0672690520751459,0.307887152049942,0.758168202410574,NA,"HLA-DRB1"
16.6381257134099,-0.0888462568431868,0.0393054957983154,-2.26040290393677,0.0237962564436709,NA,"PSMB8-AS1"
20.4420397855001,0.0356927568073734,0.0408713153985427,0.87329601358135,0.382501752833537,NA,"TAP1"
4.79859431770878,0.0330497305496674,0.0916558610375275,0.3605850207019,0.718409688765549,NA,"HLA-DMA"
19.6406352983654,-0.0446136716383691,0.0522270995801026,-0.854224569180669,0.392980572417745,NA,"HLA-DPA1"
19.0731741703747,0.0144251219719151,0.0634525716478385,0.22733707393255,0.820161646872853,NA,"HLA-DPB1"
5.78945199528714,0.0177697155515875,0.059778363025394,0.29725998927135,0.766268025651868,NA,"RXRB"
6.54920255483496,-0.119776415653439,0.0681056023282386,-1.75868668007912,0.0786307410300592,NA,"SLC39A7"
7.80642903353615,-0.0721624050501795,0.0585416599053335,-1.23266755959554,0.217699819752302,NA,"RING1"
5.99152821587247,-0.024848679836352,0.0749955490421359,-0.331335394616431,0.740391158735685,NA,"VPS52"
7.61001014946774,0.00241926022525838,0.0599317218546813,0.0403669400843254,0.967800586746774,NA,"PFDN6"
5.6049599849277,0.0221172677768224,0.064603789813005,0.342352481810132,0.732085644223163,NA,"RGL2"
8.36389815483926,0.0470989711286647,0.0551306759135732,0.85431514031318,0.392930400488523,NA,"DAXX"
11.7460514872906,0.112267079543608,0.05065324082148,2.21638492864212,0.0266651509879668,NA,"PHF1"
10.3638959268596,0.0247416765835554,0.0513547557200993,0.481779656754788,0.629962482311059,NA,"ITPR3"
5.0124136130381,-0.111211353735689,0.0728533433730187,-1.5265099525532,0.126882913743877,NA,"UQCC2"
6.16141084631803,-0.0261536228832512,0.0703906094757208,-0.371549885390212,0.710228007521693,NA,"HMGA1"
19.8955041688646,0.00816140095858067,0.0390699462307271,0.208892044805581,0.834532514496537,NA,"NUDT3"
15.8895219372898,0.0399165004915562,0.0396498416565748,1.00672534425966,0.314066779331895,NA,"ILRUN"
14.723998897607,-0.0447568413662869,0.0406763505812727,-1.10031604917116,0.271194441828991,NA,"SNRPC"
8.33342584525901,-0.0554204640244739,0.0631235363970127,-0.877968301330733,0.379960921227461,NA,"BLTP3A"
14.1168421534273,0.0912141400327483,0.0418238911997494,2.18090993965896,0.0291900783924799,NA,"TAF11"
13.0026559999158,0.0329959703417844,0.0487732048848818,0.676518396108354,0.498711570274436,NA,"ANKS1A"
5.99665681344072,0.0531410321922373,0.0605991513791107,0.876927002818651,0.380526288312677,NA,"ZNF76"
13.2650545884962,-0.0556043944400814,0.0432701088493411,-1.28505326006195,0.198773673107124,NA,"SRPK1"
3.96315568056542,0.0188995103893209,0.0842062088326283,0.224443193100954,0.822412464611583,NA,"BRPF3"
10.636372420001,0.0250117013658056,0.0473638083069532,0.528076230773314,0.597446427564513,NA,"KCTD20"
11.7174458246556,-0.0515698657016393,0.0470057355898018,-1.09709730216046,0.272598859452366,NA,"C6orf89"
16.8994430277394,0.0652856734191454,0.0401517952687427,1.62597146608707,0.103955725533882,NA,"MTCH1"
10.434552133523,-0.0624277169792554,0.0501195156225063,-1.24557702132345,0.21291972270217,NA,"PIM1"
6.96491310818519,0.0574824744089098,0.0580339995680401,0.990496516469045,0.321931491000376,NA,"RNF8"
6.79956936794928,-0.0526816300058298,0.0577982609639706,-0.91147430955872,0.362045515795692,NA,"CMTR1"
5.46558995943956,0.0470232730989825,0.0658819120113732,0.713750886447633,0.475381234256875,NA,"CCDC167"
8.80380498946792,-0.0601642984113962,0.0517293455917269,-1.1630593374647,0.244805428467885,NA,"GLO1"
8.20219210076307,-0.0278563829024256,0.0560799355452982,-0.496726371590153,0.619382022950367,NA,"OARD1"
5.98744119593793,0.151546250216335,0.0693366460362423,2.18565879487625,0.0288405776333628,NA,"NFYA"
17.723170474426,-0.0245753869030102,0.0451449679855597,-0.544366027923,0.586189618561768,NA,"TOMM6"
3.71022253140103,0.0633876881107517,0.0902295439220682,0.70251588731846,0.482357497396659,NA,"USP49"
7.30046192626236,-0.0860202123544605,0.0571374809717691,-1.50549535771383,0.13219676947838,NA,"MRPS10"
13.0862213350421,0.0448688043665696,0.045464650864351,0.986894290697202,0.323694463419548,NA,"TBCC"
16.4475206411435,0.0176137275605162,0.0418356112479982,0.421022354761436,0.673738758084442,NA,"BICRAL"
13.3706447084685,0.0745593309265359,0.0479588049400005,1.55465364534864,0.120028580085096,NA,"RPL7L1"
5.76945494656028,-0.0156765892950213,0.0632492710709886,-0.24785407056196,0.804247317581707,NA,"C6orf226"
13.4808287407177,0.00660391074714352,0.0451210164367841,0.146359972993866,0.883637223909147,NA,"CNPY3"
9.17629734171826,-0.0558327137751621,0.0561384400595567,-0.994554065198992,0.319953197823929,NA,"MEA1"
8.82666968758953,-0.0484460458211004,0.0501114382152675,-0.966766222373964,0.333660913634434,NA,"KLHDC3"
8.88542538961131,-0.0145931612036166,0.0551018268678897,-0.264839879784833,0.791132813837111,NA,"RRP36"
7.76697143031798,0.0547953783792537,0.0611959311035825,0.895408851390871,0.370568570738195,NA,"ZNF318"
8.13864334312075,-0.00114514372172185,0.0556236042535994,-0.0205873700039449,0.983574815609,NA,"YIPF3"
6.84968118131797,0.0119535881286301,0.0609931471559965,0.195982478130822,0.844623880475695,NA,"XPO5"
8.53659149180658,-0.0331160232230653,0.0614093638821111,-0.539266670904438,0.589702862679522,NA,"MRPL14"
19.9820198264435,-0.0104408677383005,0.0343423003768075,-0.304023540174717,0.761109957026961,NA,"CDC5L"
14.7533064310178,-0.0529401457163738,0.0596262955855578,-0.887865751116635,0.374612969480882,NA,"RUNX2"
7.63567492869819,-0.0808948374698492,0.0549719226956715,-1.47156645616506,0.14113798932863,NA,"ENPP4"
22.3609655527732,0.0556846180827169,0.035974520647606,1.54789048138221,0.121648666748039,NA,"CD2AP"
8.02834084076776,-0.0546403720086836,0.0657807553355174,-0.830643730525564,0.406174922759684,NA,"MCM3"
4.89623924025842,0.0246292824265706,0.0691257791037422,0.356296634134244,0.721618429728774,NA,"TRAM2"
6.3509633873675,-0.089787396891765,0.0646150842812796,-1.38957331543369,0.164658483500231,NA,"CILK1"
18.429609987409,0.053736324948935,0.0401482901319195,1.33844616476487,0.18075103855,NA,"FBXO9"
10.011390567863,0.0574756407635691,0.0475598568473399,1.20849061737207,0.226858602653159,NA,"GCLC"
7.02619760073395,0.0780419901971378,0.0810263787635523,0.963167691658498,0.335463375842766,NA,"DST"
20.427246041242,0.0106099756410253,0.0335149710210531,0.316574214978747,0.751566703645115,NA,"PRIM2"
11.4740612561521,-0.0165746254017868,0.058066980869865,-0.285439765482771,0.775307245667974,NA,"OGFRL1"
5.16939733825898,0.0774416491687856,0.0664129566295416,1.16606236341446,0.24358923214013,NA,"SLC17A5"
10.8724565139243,-0.0148579430559146,0.0466196356869593,-0.318705687785346,0.749949701176803,NA,"TMEM30A"
8.52770506013323,0.116814501981395,0.0814840690740523,1.43358699815586,0.151690156012981,NA,"MYO6"
11.8364327535994,0.0829950241365414,0.0496191653357696,1.67264047218287,0.0943980944408921,NA,"BCKDHB"
14.3735826301326,0.0904132471230227,0.0447813635545683,2.0189927225608,0.0434879759059528,NA,"TENT5A"
11.8844969344435,0.0439575008571836,0.0503542592117978,0.872964899995679,0.3826822096896,NA,"IBTK"
5.89001043332172,0.0132400079362061,0.0824388072242041,0.160604069636743,0.872405249404755,NA,"UBE3D"
14.5395205320188,-0.00871612492036523,0.0454233789234875,-0.191886317727418,0.847831255159976,NA,"DOP1A"
20.6504503745703,0.0257099204154147,0.0397106740952591,0.647430974194521,0.517353054737588,NA,"CYB5R4"
7.80499596291368,0.0336878259358399,0.0602334967879596,0.559287236044611,0.575965704987238,NA,"CEP162"
6.30994661745952,0.00536009402417629,0.0638834136432978,0.0839043144141474,0.933132509252796,NA,"SLC35A1"
15.0467746799884,-0.017522764567633,0.0463931094850641,-0.377701877759979,0.705652072711006,NA,"RARS2"
5.2772804211745,0.0412331811560209,0.0685941074459467,0.601118415142487,0.547761118804964,NA,"ORC3"
12.1065193034124,-0.0412522877810368,0.0481028220034127,-0.857585606476688,0.391121325714978,NA,"AKIRIN2"
16.8093465670378,-0.0328401152834121,0.0461749520738097,-0.711210598138096,0.476953742093585,NA,"UBE2J1"
10.5633931881357,0.0686963953810059,0.0656062701698997,1.04710106523513,0.295052968082552,NA,"LYRM2"
16.879145952712,-0.0333991491858025,0.0414345656143984,-0.806069731649278,0.420202643076008,NA,"MDN1"
13.2361268629682,0.0992935011717187,0.0450391730504011,2.20460311428463,0.0274819570435411,NA,"CASP8AP2"
14.6347933711227,-0.018447089655988,0.0411816667200332,-0.447944221913054,0.654193452251245,NA,"MAP3K7"
16.9344892753127,0.00635797212461353,0.0423556724347077,0.150109106033306,0.880678535814038,NA,"UFL1"
5.37041238781513,-0.0016809711192588,0.0663924904477844,-0.0253186935438252,0.979800763418523,NA,"MMS22L"
11.4820563819824,0.012737092762006,0.0484691480214769,0.262787634648789,0.792714266793329,NA,"FBXL4"
10.8085957924857,0.0306185058002059,0.0508855719451445,0.601712914482188,0.547365251984605,NA,"CCNC"
19.3184145940088,-0.0260607176181876,0.0411703330738787,-0.63299749291371,0.526735280183152,NA,"PREP"
19.1054257385435,-0.203862242147556,0.0458918334750075,-4.44223354594404,8.90298491689892e-06,NA,"PRDM1"
20.1205664592466,-0.0327604840008298,0.041336209913039,-0.792537198493758,0.428047510816947,NA,"PDSS2"
9.42586774673763,0.0908428742448501,0.0539245717680894,1.68462857035812,0.0920602555695482,NA,"OSTM1"
19.1043917786474,-0.0827519466888253,0.0361008493954681,-2.29224375809877,0.021891581212956,NA,"SNX3"
4.29620365805166,-0.105253196911902,0.0885929105923974,-1.18805439631796,0.234811979504082,NA,"AFG1L"
16.8757351213647,0.0557849117019523,0.0390550830521392,1.42836494874376,0.153186842494042,NA,"FOXO3"
16.3221419945996,-0.119028836277465,0.0409625995769328,-2.90579302844083,0.00366323668204482,NA,"SESN1"
6.93375887899717,-0.0184141135124723,0.0606757910259966,-0.303483699200275,0.761521268228776,NA,"MICAL1"
6.32519973266088,-0.0482644774387437,0.0632587819146898,-0.762968808091069,0.445481998337931,NA,"ZBTB24"
8.31010766568808,0.00280884204020043,0.0588092470839201,0.0477619112550828,0.961905992308244,NA,"AK9"
7.76529148620341,-0.00392455898226711,0.0606719427030717,-0.0646849071814609,0.948424879978185,NA,"FIG4"
22.334644557837,-0.03098608010807,0.0363389708388635,-0.852695588036059,0.39382813818864,NA,"CDK19"
17.2476106376843,0.0865569543645538,0.0405474198159935,2.13470930474378,0.0327847624830497,NA,"AMD1"
8.08573060909547,-0.0964673923186243,0.0597458247728395,-1.61462985380827,0.106390876392524,NA,"GTF3C6"
6.42171847290222,0.0184857370916542,0.0679085347779212,0.272215225260085,0.785456535666565,NA,"MFSD4B"
7.28127909175755,0.105616326101839,0.057756685956962,1.82864242211785,0.0674531931999126,NA,"TRAF3IP2-AS1"
14.5298565537785,0.0139897732767724,0.040096748248573,0.34890044424663,0.727164051653458,NA,"HDAC2"
9.56195376844389,-0.0208979980750125,0.0550848312349232,-0.37937845331481,0.704406848539098,NA,"NT5DC1"
10.0542249822647,0.0557627953133687,0.0524226792348068,1.06371509673516,0.287457783356778,NA,"TSPYL1"
10.0617249299972,0.0905906547210957,0.049951435229701,1.81357461111009,0.0697432421497823,NA,"KPNA5"
12.8461111846347,-0.0631890911954558,0.0415465363178078,-1.52092320553739,0.128279109817248,NA,"GOPC"
11.9359489880491,0.0100769638343182,0.0489064771007718,0.206045588063001,0.83675530111434,NA,"NUS1"
10.605406169177,-0.0576714443425161,0.0726430662106534,-0.793901570389087,0.427252735404686,NA,"ENSG00000287100"
13.0550609521243,-0.164541079888177,0.0508957066186926,-3.23290687603394,0.00122537500224306,NA,"TBC1D32"
12.051600817737,-0.0813677009264002,0.0523894941957145,-1.55313011082776,0.120392053826766,NA,"HDDC2"
8.72394416322139,0.0576387931960935,0.0576003497079088,1.00066741761777,0.316987624598808,NA,"TRMT11"
10.2837811134794,-0.0244033086612867,0.0514717638988628,-0.474110596039352,0.635421042920576,NA,"ECHDC1"
9.46518226276636,-0.0835197934800474,0.0526897780770981,-1.58512327301583,0.112938328794497,NA,"ARHGAP18"
11.5702573256351,0.00073991235777302,0.0521157145786254,0.0141974904067896,0.988672422151142,NA,"L3MBTL3"
6.18351984850099,-0.0395162858458276,0.0847378133449228,-0.466335916469519,0.640975073943949,NA,"ENSG00000227678"
9.37052778155897,-0.0515934367817416,0.0515099783177175,-1.00162023877217,0.316527042378621,NA,"AKAP7"
22.3158822724204,0.0189915265171857,0.0386261194797759,0.491675756533852,0.622948579318213,NA,"MED23"
13.8189416936002,-0.0676183887160868,0.0416384203711802,-1.62394221762765,0.104388141213234,NA,"STX7"
5.07079481343533,-0.0265231754528047,0.064590734916312,-0.410634365550568,0.681340660784205,NA,"TBPL1"
19.9450299306896,0.0531280870289223,0.0409441456604195,1.29757468795548,0.194433524771298,NA,"HBS1L"
18.0568155720158,0.0251578613830561,0.0480194307408293,0.52391002964692,0.600341118529401,NA,"AHI1"
5.50540756364837,0.154133792087012,0.0702402228955602,2.19438073703429,0.0282080495570931,NA,"ENSG00000289312"
17.8155941226432,0.0195597723830359,0.05126532149551,0.381540031593268,0.702802572638327,NA,"IFNGR1"
14.9561254719082,-0.0597509785019787,0.0592679281700573,-1.00815028206377,0.313382321786204,NA,"WAKMAR2"
12.0263896819898,-0.0459801302748385,0.0583285002419898,-0.788296117405366,0.430523518183423,NA,"HEBP2"
6.85320961186135,-0.0131962069400618,0.0594266385250313,-0.222058781509296,0.824268124378669,NA,"CCDC28A"
21.4375759056961,0.0290738452416516,0.0354087764792055,0.821091495740492,0.411594153726726,NA,"REPS1"
12.3472759233962,-0.118556120186925,0.0510506407215439,-2.32232384376113,0.020215504601458,NA,"ABRACL"
12.7516117140519,0.0449080460366788,0.0538753670057601,0.833554340926856,0.404532164072093,NA,"CITED2"
14.8624748116859,-0.0389712131827044,0.0431360548612816,-0.903448711478816,0.366287797110209,NA,"VTA1"
21.7925719340592,-0.00125908998233153,0.0388521897264705,-0.0324071819682713,0.974147335115312,NA,"HIVEP2"
7.39048975166299,0.0136130172021079,0.0599780837814901,0.226966524167432,0.820449772740916,NA,"PEX3"
7.2938613791913,0.0684521915104928,0.0685541414448068,0.998512855209541,0.318030734009905,NA,"LTV1"
21.9124359461289,-0.0028188915345667,0.0345432091353731,-0.0816047959967936,0.934960987363918,NA,"SF3B5"
16.7726014081074,0.0117627995324144,0.040297355564119,0.291900035814958,0.77036305610454,NA,"SHPRH"
19.7937853148865,0.0247043810683089,0.0425663949117783,0.58037287676136,0.561663191860797,NA,"UST"
18.8597068544096,0.0440336484796869,0.0399139674561021,1.10321401970665,0.269934234438175,NA,"TAB2"
11.3632566514283,-0.0149761276293383,0.0471886995060599,-0.317366822694807,0.750965278617825,NA,"PPIL4"
9.68662773323434,0.0383680274880715,0.048304271649622,0.794298851380605,0.427021472566811,NA,"GINM1"
17.6643211327047,0.0280035210793831,0.0387359623870622,0.722933402288109,0.469720800908629,NA,"LATS1"
10.6011580176687,-0.00279572660635042,0.0501319684764637,-0.0557673415051112,0.955527152142555,NA,"PCMT1"
6.85396486326617,0.0738524507513292,0.0573816070510951,1.28704047423363,0.198080181244508,NA,"MTRF1L"
12.896979128929,-0.126633319094424,0.054038348313243,-2.34339729187079,0.0191090227348944,NA,"IPCEF1"
8.57807575277443,-0.00264993535534622,0.0549906708637869,-0.0481888166432842,0.961565762860134,NA,"TIAM2"
6.62434322604922,-0.0287729467324483,0.0618861848764095,-0.464933276948799,0.641979239222517,NA,"TFB1M"
8.93822906056217,-0.00945100041189005,0.04996444188732,-0.189154527798069,0.849971705782371,NA,"TMEM242"
13.1250783741134,0.010840517121803,0.0437627780391228,0.247710899708238,0.804358097915413,NA,"ZDHHC14"
5.74152959096874,-0.0644188106317172,0.0713747705810153,-0.902543155057814,0.36676840771938,NA,"SNX9"
18.0828454593274,0.0329133716722142,0.0376777245852678,0.873549876870312,0.382363432712589,NA,"TULP4"
8.10740140700576,0.0127024162458305,0.0518779236125788,0.244852055774077,0.806570985735864,NA,"SOD2"
14.6566339202631,0.00349368175897648,0.0408559291182425,0.0855122337045695,0.931854170006673,NA,"TCP1"
5.1290379888295,-0.0402832687594191,0.066595466360037,-0.604895062099791,0.54524872432775,NA,"MRPL18"
9.04387057511082,0.00522066833734353,0.0725503781585432,0.0719592160627322,0.942634364537529,NA,"LPAL2"
17.4350266059654,0.0272259428901381,0.0373417808623389,0.729101351392613,0.46593966803522,NA,"MAP3K4"
13.1469232250579,0.0157021887419997,0.041823305278701,0.375441123970569,0.707332425407508,NA,"SFT2D1"
9.62641055229235,-0.0449936725503752,0.0518913142935126,-0.867075216015493,0.385900799086191,NA,"MPC1"
4.54592772629267,0.0276804384840289,0.0817117629977068,0.338757083050646,0.734792734330553,NA,"RPS6KA2"
13.1752904654776,-0.00499107570574386,0.0496053275741849,-0.100615719113631,0.919855517984015,NA,"RNASET2"
6.41493693046524,0.0801596187057485,0.071406672783976,1.12257882324601,0.261616413454228,NA,"WDR27"
8.27874740772105,0.0245408459272095,0.0545812158764852,0.449620726345568,0.652983940665328,NA,"PHF10"
11.9805496737094,0.0148921564602039,0.0443188296212653,0.336023234085096,0.736853345876243,NA,"ENSG00000288970"
12.2442348897306,-0.0047448675821505,0.0491251449381322,-0.0965873502892693,0.923054102528975,NA,"PDCD2"
6.23743656996599,0.0667637753570943,0.0676138055770492,0.987428155940931,0.323432787062644,NA,"ADAP1"
10.8732188588773,0.00567143317700864,0.0479875021457884,0.118185630078818,0.905920575691389,NA,"COX19"
4.83244093518107,0.0106396301295947,0.0680858290191661,0.156267908944748,0.875821850501904,NA,"C7orf50"
9.29232225281799,-0.0177734466765696,0.0530029393758078,-0.335329453156364,0.737376578196145,NA,"ZFAND2A"
5.98668977317698,-0.0880398951772212,0.073116596927959,-1.20410274652096,0.228549868515871,NA,"INTS1"
13.9167832813646,-0.01815904733641,0.0410914501402673,-0.44191789957335,0.658548617438551,NA,"MAD1L1"
4.61018497571186,0.0506540734716444,0.0762318625760959,0.664473774612036,0.506387128557843,NA,"NUDT1"
20.9684413771576,0.00606996549092957,0.0355647047955574,0.170673861229063,0.864480216946478,NA,"EIF3B"
7.07973071705189,0.0307056718738622,0.0586561076397572,0.523486353074166,0.600635845412694,NA,"LFNG"
7.26533897359636,-0.0464622915008679,0.0683727875115465,-0.679543619499521,0.496793479400946,NA,"ENSG00000228334"
12.7018938541979,-0.0555295774764817,0.046104014670183,-1.20444125904711,0.228419073122737,NA,"FOXK1"
8.9899993475683,-0.013935971480527,0.0534260941567232,-0.260845785200887,0.794211434831108,NA,"AP5Z1"
13.3956368281791,-0.014304830817491,0.0525390301492299,-0.272270553469679,0.785413996149827,NA,"RNF216P1"
12.5427548211252,0.0359773726807321,0.0477453790038873,0.753525753304901,0.451134041643305,NA,"WIPI2"
12.7337891833626,0.0459420663420483,0.048726934862031,0.942847451253235,0.345758936582685,NA,"TNRC18"
15.7965336425953,-0.0320588658157427,0.0437140567729433,-0.733376588273671,0.463328774302286,NA,"EIF2AK1"
12.1674144952745,0.00126768221031743,0.0433092126023008,0.0292704977566387,0.976648856196162,NA,"USP42"
7.34168271861066,-0.0673600766353353,0.06931828918732,-0.971750420055912,0.331174726707573,NA,"CYTH3"
10.0306841517369,-0.00143098354202588,0.0557172026180308,-0.0256829753610565,0.979510203072355,NA,"KDELR2"
5.49388521680571,-0.0792798287232372,0.0663318385606671,-1.19520023028953,0.232008808607291,NA,"INTS15"
6.872172350834,0.0948763214783866,0.059817036222691,1.58610869861847,0.112714653971715,NA,"ZNF12"
5.16026099540089,0.00703707347326458,0.0797866630357766,0.0881986187354286,0.929718815129831,NA,"CCZ1B"
21.020235154295,-0.028278711836813,0.0410741721690923,-0.688479166917753,0.491151085096463,NA,"C1GALT1"
6.31625736854673,0.0271110976463098,0.0605332483214891,0.447871184812752,0.654246165431667,NA,"MIOS"
7.57253589975085,0.0406222237062453,0.0541267923386597,0.750501220395268,0.452952889052949,NA,"TMEM106B"
7.75523203063927,0.0455274725455796,0.0692671302645838,0.657273837845969,0.511004855501019,NA,"ARL4A"
6.45333308354492,-0.0627364839657677,0.0646364373462396,-0.970605536776504,0.331744747753475,NA,"ANKMY2"
9.42936640367268,0.0284515956665378,0.0522041732485485,0.545006153647475,0.585749285337506,NA,"BZW2"
5.79385946380367,-0.0208540303309012,0.0761680821103178,-0.273789620968759,0.784246300235414,NA,"AHR"
20.5617966706654,-0.0268402686591979,0.0393997916760286,-0.681228694808757,0.495726793898948,NA,"SNX13"
12.3612401541233,-0.0544832063072801,0.0659903018933351,-0.825624443957617,0.409017164511351,NA,"HDAC9"
9.46604861733246,0.0357332796000249,0.0504376678613552,0.708464152193749,0.478657066089685,NA,"POLR1F"
13.3121194491203,-0.0879432797707322,0.0433953868437224,-2.02655826268903,0.0427076086142079,NA,"SP4"
10.3393760005504,-0.0170224546932972,0.0504203813875658,-0.337610589702821,0.735656660873437,NA,"HYCC1"
14.8655427648729,0.00435281046727768,0.0394228912038744,0.110413273465085,0.912081626789044,NA,"NUP42"
21.1716567257656,0.0345330321437159,0.0382765833827318,0.902197351273919,0.366952041623694,NA,"OSBPL3"
7.96919780037163,0.0630987965527734,0.0657462974767381,0.959731558649346,0.3371903358355,NA,"SNX10"
7.45891677918645,0.0340808240802552,0.0624999582317635,0.545293549699282,0.585551639703402,NA,"HOTAIRM1"
8.78168400775538,0.0323114390356561,0.0544799901248195,0.593088195530636,0.553122130017478,NA,"HIBADH"
8.31636371312777,0.0234315188638794,0.0547548700195179,0.427934882422823,0.668698530005597,NA,"NOD1"
16.9580017750296,-0.0287740496897942,0.0427333468509162,-0.673339483335538,0.500731339225589,NA,"GARS1-DT"
13.9775751630747,-0.02412578783255,0.0413753617003584,-0.58309551484455,0.559829002901933,NA,"GARS1"
7.9337787848737,-0.0939517760088708,0.0588273874841374,-1.59707544439577,0.110248891072741,NA,"LSM5"
20.1303420083945,0.036916910856337,0.038476508805953,0.959466230226825,0.3373239240466,NA,"KBTBD2"
19.9882558485523,0.0209345239125192,0.0413593597719166,0.506161701437504,0.612743138479612,NA,"NT5C3A"
6.39741438149666,0.0811559145786427,0.0594981086258361,1.36400830972637,0.172564950362138,NA,"RP9"
6.93360016592927,-0.00820494602020114,0.064382416910105,-0.12744078917785,0.898591534316001,NA,"DPY19L1"
14.2279366866182,0.0816159393889783,0.0535844963603659,1.52312599599884,0.127727186180189,NA,"NME8"
10.5069352295497,-0.0379232362506096,0.0587934635680606,-0.645024700861667,0.51891117870663,NA,"STARD3NL"
8.35744426857556,-0.0418559142074802,0.0767942432974907,-0.545039737488342,0.585726187738652,NA,"TRGC2"
5.72501884780096,0.00324291060041185,0.0669804321149376,0.0484157909708175,0.961384874688246,NA,"TRGV9"
10.7607846797068,0.108528759466863,0.0482254931771084,2.25044374493571,0.0244207907489502,NA,"RALA"
15.5850529550028,-0.00895865675444041,0.0403417823736887,-0.222068937645237,0.824260218311052,NA,"PSMA2"
4.51697420885708,-0.0332247743397564,0.0710410154967332,-0.467684394816741,0.640010302303907,NA,"MRPL32"
19.3327347164226,0.00416653973924351,0.0381149918207373,0.109314984477489,0.912952661925373,NA,"COA1"
7.86414601113802,-0.0298241244207619,0.0549444651801658,-0.542804890774112,0.587264145489305,NA,"MRPS24"
14.3657580918745,-0.0024396929478725,0.0425529778727637,-0.0573330720864553,0.954279875956222,NA,"DBNL"
11.7065226763974,0.00735871475405776,0.0453685510444001,0.162198584364225,0.871149474552961,NA,"NUDCD3"
5.66126775494791,-0.112351871630372,0.0643503796727569,-1.74593952983212,0.0808214600152246,NA,"DDX56"
11.8713520195586,-0.0253929807390961,0.0489289614093624,-0.518976491788711,0.603777134736164,NA,"TMED4"
13.3629159259535,0.00672597718120223,0.0426992513079575,0.157519791920772,0.874835210906509,NA,"OGDH"
7.99948912191125,0.00159914289707707,0.0535765274433765,0.0298478265275248,0.976188415687283,NA,"ZMIZ2"
8.29401617311348,0.00536025397990088,0.0536901805116454,0.0998367658447011,0.92047391893063,NA,"PURB"
10.5032741570145,0.0817710182079306,0.0515200019086894,1.58717032566994,0.112474073601754,NA,"SNHG15"
12.2143234815743,0.00512191242006463,0.0450261348641311,0.113754210427351,0.90943263767509,NA,"ENSG00000291207"
6.92536254624569,0.095339343219175,0.0610877425201134,1.56069514580252,0.118595697146349,NA,"HUS1"
17.415057996801,0.0287090339410199,0.0393247595912008,0.730049827118175,0.465359728089566,NA,"UPP1"
8.16150428842351,0.0796527799166131,0.0581301774731424,1.37024835256033,0.170609389247987,NA,"LANCL2"
11.4912653208958,-0.0164468754285591,0.0465482661181885,-0.35332949645857,0.723841434794155,NA,"NIPSNAP2"
16.8699539641732,0.0221881763224784,0.0397632078251256,0.558007704510654,0.576839123121115,NA,"CCT6A"
13.0680826962323,-0.0192299940675055,0.0434179949599076,-0.442903779533408,0.657835333521252,NA,"SUMF2"
5.25923367824231,0.111220427864702,0.0815573628091642,1.36370799684813,0.172659486198,NA,"ZNF736"
12.5567917546314,0.0126708944840043,0.0460070245077587,0.275412170632061,0.782999594702762,NA,"ZNF107"
6.54126334374858,0.0214818343675612,0.0592240761725635,0.362721307884462,0.716813080831951,NA,"ZNF138"
13.2042824273236,-0.0112532015802637,0.0456120423210103,-0.246715582281221,0.80512834636434,NA,"ZNF92"
7.44296675142211,0.02005735631753,0.060516839768522,0.331434298192863,0.740316461275687,NA,"LINC03006"
5.35298983478474,0.0296481383975898,0.0685369867618731,0.43258596268027,0.665315589161894,NA,"VKORC1L1"
9.40055065810414,-0.0472914909294425,0.0533074561496889,-0.887145895625682,0.375000357116586,NA,"GUSB"
10.0566093465889,0.0693741650700559,0.0504430378595559,1.3752971274888,0.169039346708302,NA,"ASL"
18.87175458258,0.0159855620881373,0.0420867632777671,0.379823983674742,0.704076077804616,NA,"CRCP"
6.48873933177866,0.00253931864277738,0.0623962984866082,0.0406966231069361,0.967537753737319,NA,"LINC00174"
16.4686035421436,-0.0406691943072181,0.0439630068405016,-0.925077632991904,0.354925526714826,NA,"ENSG00000291136"
8.41514995383821,0.163686113597941,0.0666959693173844,2.45421297978311,0.0141193328928359,NA,"KCTD7"
4.69705137282187,0.0560766698647678,0.0804187324255937,0.697308552042299,0.485609717184959,NA,"ENSG00000226824"
12.802379464747,0.0319528288567366,0.0474206540157521,0.673816705398507,0.500427852812847,NA,"TMEM248"
13.0965186176824,-0.0307791528536385,0.0459332059567966,-0.670085011757908,0.502803598925105,NA,"TYW1"
11.1284348026327,0.00563118363085426,0.0538295595844374,0.104611363613725,0.916684197325667,NA,"PMS2P4"
12.9521911697497,-0.0292170758120862,0.0457633904135302,-0.638437745719295,0.52318876671871,NA,"STAG3L4"
11.0519095412275,-0.0152209253261572,0.0456697066443432,-0.333282747898766,0.738920860874549,NA,"TYW1B"
8.39147479324699,0.0379033553167067,0.0560023200050936,0.676817591008002,0.49852169563577,NA,"SBDSP1"
18.848116461809,0.0189043604004131,0.0379132273902775,0.498621766113768,0.618045868327517,NA,"POM121"
7.94618139613591,0.0533564268583079,0.0557186349125428,0.957604703382583,0.338262126563927,NA,"BCL7B"
15.2108933006672,0.0214080437578509,0.0433412410718974,0.49394164145733,0.621347394837497,NA,"BUD23"
7.49749763774064,0.0189915744874555,0.058574696943336,0.324228301271922,0.745765197088297,NA,"LIMK1"
12.2044282069258,0.0116520082374052,0.0452591983753711,0.257450610166925,0.79683093787324,NA,"LAT2"
19.4065548934889,-0.0260848750576802,0.0352922258845824,-0.739111076274606,0.459839551565136,NA,"GTF2I"
7.10154436906179,0.0816166316393543,0.0606260672133386,1.34623001937684,0.178228346609131,NA,"GTF2IRD2B"
6.05540128729777,-0.0521057083171135,0.0633461570551469,-0.822555159451144,0.410761006982836,NA,"NSUN5P1"
12.4839613959236,0.0860893412677953,0.0440554245582414,1.95411443950529,0.0506876848105711,NA,"POM121C"
15.8359136239414,-0.0483204444627174,0.0502803417463036,-0.961020605359544,0.336541807450938,NA,"HIP1"
6.08668277900146,0.0477590572958691,0.0672068788584592,0.71062751472884,0.477315088088182,NA,"RHBDD2"
18.0037899849412,-0.0262675332727758,0.038246963798408,-0.686787411707414,0.492216703605433,NA,"MDH2"
5.38819916387721,-0.0281341609792758,0.067650794820679,-0.415873324974978,0.67750269982938,NA,"HSPB1"
5.60642203006414,-0.0307096001481704,0.072364348699994,-0.424374719041352,0.671292554933135,NA,"YWHAG"
20.1553330856758,-0.0437323214433208,0.0391605660714586,-1.11674385307709,0.264103861750393,NA,"LINC03009"
13.5302051187122,-0.042622444009757,0.0448674975997356,-0.949962585165618,0.342131264109872,NA,"CCDC146"
12.2247342552902,-0.00632070585535681,0.0504404658390686,-0.125310219685979,0.900277961819508,NA,"PHTF2"
4.76231747638875,0.11430028040421,0.0802469564790075,1.42435657898266,0.15434327685085,NA,"ELAPOR2"
13.8039468684157,-0.0014161424847686,0.0432886993310122,-0.0327139070162376,0.973902733632367,NA,"TMEM243"
5.17662557337523,0.0346230853657138,0.0745317537448777,0.464541401832951,0.642259904128417,NA,"TP53TG1"
7.21347421423086,0.0399038991559499,0.0750904099674575,0.531411390259334,0.595133730135018,NA,"CROT"
6.50628794520867,-0.014038792983892,0.0653743822033733,-0.21474456064791,0.829966478576839,NA,"ADAM22"
15.4223024853716,-0.0209215996414034,0.0452093699883039,-0.46277131592004,0.643528293671011,NA,"SRI"
7.52130640842703,0.0292647328522137,0.0549916940594366,0.532166418088222,0.594610739520181,NA,"GTPBP10"
10.287924427933,-0.0914469763486837,0.0518317056760571,-1.76430574984775,0.0776805164433013,NA,"MTERF1"
17.3748321637148,0.0201424372397212,0.0387680841282459,0.519562358900416,0.603368639088061,NA,"CYP51A1"
15.2066267656691,0.0192825247540024,0.0407041249352346,0.473724095154565,0.635696668672579,NA,"KRIT1"
11.0207750050346,0.0194120422116518,0.0468095105977008,0.414702951681903,0.678359371312926,NA,"GATAD1"
9.19444441815351,0.0928211904873514,0.0543031335025925,1.70931554958831,0.0873925145187916,NA,"PEX1"
7.40736212663945,0.00743563239661854,0.0560259067836416,0.132717751902404,0.89441660307455,NA,"RBM48"
21.7094189766157,0.00490439989194977,0.0381403022297606,0.128588385650571,0.897683356913634,NA,"SAMD9L"
13.2509196795183,0.0178365325715037,0.046834368636443,0.38084281032935,0.703319890752178,NA,"VPS50"
14.0109414091386,-0.051787799253184,0.0440970970258504,-1.17440382124985,0.240233315414444,NA,"CASD1"
18.5611105208478,-0.194327276726688,0.13236469603836,-1.46812014489401,0.142071590465601,NA,"PPP1R9A"
11.2204986029971,-0.0656548880475951,0.0474733266062201,-1.38298477779294,0.166669533422537,NA,"SLC25A13"
17.1314448231244,-0.0622837178431862,0.0369189400854235,-1.68703970642368,0.0915957172578058,NA,"SEM1"
16.2137367080602,-0.0074590070109462,0.0393680111538509,-0.189468728348919,0.8497254623335,NA,"ENSG00000284707"
15.0034075098225,0.0476055386595064,0.0411417216734632,1.15711099883825,0.247227013545714,NA,"LMTK2"
8.25353164893996,-0.0308421401875517,0.0653360928599081,-0.472053635862227,0.636888504977939,NA,"TECPR1"
10.8552037363878,-0.00506693947784554,0.0482643614623106,-0.104983041820667,0.91638926501943,NA,"BRI3"
20.8647887496878,-0.00553011083680224,0.03432334444001,-0.161118064892182,0.872000412399515,NA,"TRRAP"
17.5247074304566,0.0330923894183134,0.0512751925816199,0.645387910842791,0.518675835669319,NA,"SMURF1"
11.2126051955038,0.0266004288969312,0.0442874058483559,0.600631903977702,0.548085183448484,NA,"ARPC1A"
14.5238907646828,-0.0344013223334196,0.040799314155086,-0.84318383889135,0.39912563545833,NA,"PDAP1"
15.3402628363491,0.00822457365834894,0.0405454411476653,0.202848296270727,0.839253607607753,NA,"BUD31"
8.26149996160994,0.0391432341480051,0.0559538480291818,0.699562863444004,0.484200341427433,NA,"TRIM4"
12.2721401146103,0.0551174281233796,0.0472217909839026,1.16720325457729,0.243128296894001,NA,"ZKSCAN1"
13.4364064346332,-0.0242874216856956,0.0444957956969042,-0.545836326900103,0.585178449950222,NA,"COPS6"
7.32183049518027,-0.104308553219663,0.0614933760189043,-1.69625673483265,0.0898372701873774,NA,"MCM7"
9.75094765261658,0.0501783821225954,0.0506277693257126,0.991123701298668,0.321625181021399,NA,"CASTOR3P"
13.616595650913,0.0152447590193794,0.0468741378523228,0.325227507488418,0.745008891369435,NA,"PVRIG"
7.73983739012013,-0.0579534527687242,0.0549351040201223,-1.05494389793994,0.291450983845253,NA,"ENSG00000291178"
13.746182620699,0.0899320085183185,0.0431447288840688,2.08442632146255,0.0371214056635802,NA,"STAG3L5P"
20.7720559682952,-0.0133990245836456,0.0363977009763204,-0.36812832196085,0.712777553599652,NA,"PILRB"
12.4999682385332,0.0492431951919453,0.044018095140016,1.11870345673317,0.263266670015364,NA,"PPP1R35"
16.4653038894506,0.0271230141878409,0.0421919370877865,0.642848280025814,0.520322551917813,NA,"TSC22D4"
8.05132724423807,0.028565869217178,0.0568111456012252,0.502821566347043,0.615089729508314,NA,"LRCH4"
20.7008037729489,-0.0118947975796767,0.0349626207489396,-0.340214701440464,0.733694847688397,NA,"GNB2"
7.51363733349214,-0.00667763773053839,0.0565272176718314,-0.11813137114417,0.905963566898304,NA,"GIGYF1"
12.345992009676,0.022003233491921,0.0462227771839087,0.476025778467957,0.634056012767141,NA,"SRRT"
19.8565492665494,-0.0347282079430354,0.0393953608052598,-0.881530394269133,0.378030810551106,NA,"TRIM56"
12.4520705278955,-0.0916077422237715,0.045518733870034,-2.01252834679742,0.0441642716318253,NA,"ZNHIT1"
17.6044781431314,-0.0269462829568245,0.0380953042989749,-0.707338698369437,0.479356022262024,NA,"FIS1"
13.1883992737187,-0.0289979014603746,0.0438659251800479,-0.661057559856599,0.508575400908056,NA,"ORAI2"
15.0508740204033,-0.0192648936571396,0.0463501626678079,-0.41563810239915,0.677674840920162,NA,"POLR2J3"
15.3664739434641,0.00407718854851755,0.0384487654468163,0.106042118677575,0.915548934687528,NA,"PMPCB"
19.7853917792907,0.0529599712674822,0.0359178883355436,1.4744734092587,0.140354172024365,NA,"DNAJC2"
7.64672145994262,-0.0287015683378214,0.0523376013389061,-0.548392887781916,0.58342215893177,NA,"PSMC2"
6.36139093341603,-0.00359103048408723,0.0764284624601869,-0.046985512575997,0.962524774065835,NA,"ORC5"
10.5670582942615,-0.0105102703593741,0.0455570267013668,-0.23070580150611,0.817543366153728,NA,"LINC01004"
14.2758840449877,0.0839648727100257,0.0546290036304876,1.53700172307675,0.124292887421014,NA,"KMT2E-AS1"
6.85290530423205,0.1008107302308,0.0620622057223499,1.62434978031237,0.104301178599935,NA,"RINT1"
12.1942787338563,0.0457671211826142,0.0529295317686238,0.864680257945236,0.387214308087917,NA,"CDHR3"
11.1098014534343,0.0813149616030702,0.0568291766761401,1.43086643796497,0.152468497514796,NA,"NAMPT"
13.3824192076215,0.0744524534643943,0.0475346865089677,1.56627631172761,0.11728394414474,NA,"PIK3CG"
21.5903408265955,0.0431533949716388,0.0347612499373451,1.24142241862476,0.214449741569846,NA,"HBP1"
7.73492674081649,-0.0134795685926577,0.0642115644606756,-0.209924313569916,0.833726745533677,NA,"BCAP29"
9.53881577708494,0.0780511191503891,0.0548934497588919,1.42186580535952,0.155065211638476,NA,"CBLL1"
11.0789071177942,-0.0523896957803446,0.0483631161020235,-1.08325724235442,0.27869425818603,NA,"DLD"
20.2098392362674,0.0333455455543005,0.0431417614993622,0.772929625388464,0.439564030745944,NA,"PNPLA8"
7.88857226025674,0.0620980911081716,0.0576597807297348,1.07697411128288,0.281491831641288,NA,"DNAJB9"
13.5190771715929,0.0305667462871567,0.0428864020436469,0.712737483924344,0.476008216848344,NA,"ZNF277"
10.1860039841362,-0.0160184516418221,0.0501860798579613,-0.319181169104226,0.74958913562445,NA,"TMEM168"
10.2039190802693,-0.0229016573310546,0.0490613522312674,-0.466796292590954,0.640645628592846,NA,"BMT2"
11.9750077222732,-0.00114593591245067,0.0534961961982298,-0.0214208858552187,0.982909912884199,NA,"MDFIC"
21.3332340057053,-0.0324146285196971,0.0339360751943554,-0.955167276535522,0.339493111312071,NA,"CAPZA2"
14.4542250310995,-0.0645686454866979,0.0464018841335664,-1.39150913141456,0.164071092581683,NA,"LSM8"
12.6631663205794,0.00163434206269308,0.0448994733435121,0.036400027461107,0.970963392284497,NA,"ING3"
7.5969174320187,-0.05640898466278,0.0620652358394735,-0.908866032647924,0.363420845578514,NA,"FAM3C"
9.81054769152824,0.0572828222743256,0.0520284539472432,1.10099028374763,0.270900885940583,NA,"NDUFA5"
8.86785940290756,0.0892345506106946,0.053714361804781,1.66127917399462,0.0966573906930276,NA,"WASL"
3.68275338591524,0.0613537324243483,0.0870843316682123,0.704532391178054,0.481101285572207,NA,"POT1"
19.439362816546,0.0049966087867856,0.0371489654487018,0.134501963283077,0.893005658721528,NA,"ARF5"
8.9085982731929,0.0649871131585884,0.050104526468298,1.29703078223296,0.194620595615325,NA,"RBM28"
7.8130948549598,0.0747471965161539,0.0523164502349873,1.42875130442558,0.153075726139215,NA,"CALU"
15.8937905844782,0.0278209991670252,0.0415265719867467,0.669956556392478,0.502885484775959,NA,"ATP6V1F"
20.8109393173867,0.0655304620016001,0.0363361429093619,1.8034512404099,0.0713173765337591,NA,"TNPO3"
12.4568714332146,-0.0210151372373911,0.0527914765195579,-0.398078224419534,0.690572525213571,NA,"AHCYL2"
10.1096249672431,0.0740944000892868,0.0496670185582263,1.49182298918192,0.135745555550956,NA,"KLHDC10"
15.0874223511781,-0.0895206359952189,0.0489001673290644,-1.83068158832273,0.0671480827604626,NA,"PLXNA4"
8.51857227482429,-0.029683144940786,0.0535318322264769,-0.554495217260744,0.579239977951382,NA,"AKR1B1"
7.32521124874792,0.0517643421949381,0.065383095149559,0.791708347188687,0.428530754074401,NA,"BPGM"
6.16207482299486,-0.149550474549674,0.0684897179344944,-2.18354636374336,0.028995598525048,NA,"CYREN"
7.31024389801221,-0.0829202363667304,0.0601618013856191,-1.37828712666425,0.168114656204555,NA,"TMEM140"
8.04754550853809,-0.0523381829922486,0.0528258436652618,-0.990768520875817,0.321798623748803,NA,"NUP205"
14.0722561819719,-0.0273448476709329,0.0426195777334124,-0.641602970399572,0.521131003835556,NA,"STMP1"
11.2895089593401,-0.0519958358619682,0.0523896215293403,-0.992483517615191,0.320961715853779,NA,"CREB3L2"
13.4643853694037,0.00806143584589354,0.0493860878491686,0.163232930506951,0.870335039118291,NA,"TRIM24"
11.590804706701,-0.0214991639453907,0.0458822417602946,-0.468572657319365,0.639375125257294,NA,"UBN2"
22.0972430663758,-0.0141142409466731,0.0511871678351978,-0.275737876182471,0.782749401957934,NA,"TBXAS1"
11.73484214762,0.0210425287550342,0.0439112569840776,0.479205793691224,0.631792232984328,NA,"PARP12"
21.2641268062578,0.0557918112535115,0.0380375809186906,1.46675498036462,0.142442720490086,NA,"KDM7A"
14.487630100255,-0.0272221125285021,0.0401046374727095,-0.678777175009404,0.497279058155232,NA,"MKRN1"
3.76562022191854,-0.0312137923095969,0.0827218721460724,-0.377334210406636,0.70592525172357,NA,"MRPS33"
11.222823886737,0.0463210720701777,0.0481104742205924,0.962806391344013,0.335644692707483,NA,"DENND11"
20.0797667576589,0.0249939365618955,0.0426207187546971,0.586426913768106,0.557588662505275,NA,"SSBP1"
12.3380216299927,0.0480314918970867,0.0485814958533467,0.988678735666758,0.322820349901337,NA,"ZYX"
9.83551153933781,-0.0364386342279791,0.0512700932222213,-0.710719094463944,0.477258324765543,NA,"ENSG00000291149"
5.92693789006714,-0.0220242086975358,0.068986918197857,-0.31925195780408,0.749535460029856,NA,"TCAF1"
18.265639342959,-0.00557677266837941,0.0442687151712757,-0.125975480580425,0.899751333590126,NA,"TPK1"
11.7606003507503,-0.00414635405621127,0.052229366428869,-0.0793874086498478,0.936724483473571,NA,"EZH2"
11.0452013767013,-0.0515176894160927,0.0562858341486761,-0.915286949110701,0.360041008675871,NA,"PDIA4"
4.67882401018102,-0.267005014180226,0.0817927710214122,-3.26440846600402,0.00109692900110566,NA,"ZNF786"
6.07030347739851,-0.0145155549125999,0.0665104024813188,-0.218244881568367,0.827238317362256,NA,"ZNF746"
21.3768094347251,-0.0190387769830837,0.0439160619721147,-0.433526507799646,0.664632312813511,NA,"GIMAP4"
5.82872231685747,0.0653344314805478,0.0728100815633395,0.897326717368275,0.369544603929615,NA,"GIMAP6"
8.46108157477436,-0.0396882195437055,0.0697857394174986,-0.568715326010486,0.569549345320773,NA,"GIMAP2"
11.7219289665587,-0.00532841573991983,0.052819765879114,-0.100879200262165,0.919646354651502,NA,"GIMAP1"
8.21948401730264,0.0105733778692174,0.0710036604224963,0.148913137805885,0.881622174334675,NA,"GIMAP5"
7.44472590311081,0.0213994873157401,0.0603174628103873,0.354780959255715,0.722753693986365,NA,"FASTK"
9.87529189511143,-0.0418924602099622,0.0481916484863046,-0.86928879849104,0.384689188144441,NA,"TMUB1"
13.7865732543692,0.0411723763891618,0.0416527745586845,0.988466598573262,0.32292418493462,NA,"RHEB"
5.09290708887574,0.0948913071272374,0.0673289736627967,1.40936809169973,0.158726354035447,NA,"PAXIP1-AS2"
11.1600356692932,0.0252400668866625,0.0537665342199748,0.469438234262933,0.638756424429624,NA,"INSIG1"
21.3936447617548,0.062718616910159,0.0396390656458652,1.58224256521297,0.113594206720006,NA,"LMBR1"
7.70320822987959,-0.0131617915477203,0.0547340783590952,-0.240467948713221,0.809967507595239,NA,"NOM1"
20.518851817668,0.00995316997126116,0.0394283922767222,0.252436617283463,0.800703599870806,NA,"UBE3C"
17.1280878011532,0.0145774497108758,0.0419987651209017,0.347092341141739,0.728521947147453,NA,"DYNC2I1"
8.09264260225594,0.0129606406233742,0.079286993210136,0.163464902610499,0.870152405085081,NA,"VIPR2"
6.95344975092896,-0.172356385310405,0.0678536087051175,-2.54012113135268,0.0110814081993682,NA,"AGPAT5"
9.65409424994663,-0.00515389394219206,0.0582701018706028,-0.0884483427476586,0.929520339864763,NA,"MSRA"
22.1556712220024,-0.0033189634319571,0.0372072997754321,-0.0892019429517591,0.928921421283181,NA,"XKR6"
7.76514456709894,0.0287519770076159,0.0546143215025258,0.526454897114967,0.598572181681468,NA,"MTMR9"
13.5142652404612,-0.0208605628828965,0.051073271449773,-0.408443835508195,0.682947856528392,NA,"FDFT1"
13.7857779100271,-0.0512402733067899,0.0972451598906565,-0.526918495114873,0.598250189584991,NA,"ENSG00000283674"
10.0933008605417,-0.0531220450050775,0.0495802143494788,-1.07143637239309,0.283973265763279,NA,"ZDHHC2"
9.83668321768285,0.0228646006714393,0.0514754649936356,0.444184441544458,0.656909239908879,NA,"CNOT7"
9.54382935015913,-0.0210976714298036,0.0519900172278543,-0.405802355043273,0.684887828139676,NA,"VPS37A"
11.440382234639,-0.0444715940009075,0.0502464342516618,-0.885069650478465,0.376119067032595,NA,"ASAH1"
12.5859179129183,0.0961032401351271,0.126186711162661,0.761595569372162,0.446301420002333,NA,"CSGALNACT1"
12.692834703291,-0.000974624921285216,0.0466247575372814,-0.0209035922708209,0.983322561033399,NA,"INTS10"
8.82148748973625,0.00373849152369157,0.0567933674360553,0.0658261992987263,0.947516197444385,NA,"ATP6V1B2"
14.2681806847165,0.0201948527609983,0.0484145802776371,0.417123367489491,0.676588173737563,NA,"XPO7"
6.24050525644972,0.029411166467221,0.0614287528957478,0.478785016474865,0.632091577117598,NA,"FHIP2B"
9.41027579588333,-0.0339341933848734,0.058746667684417,-0.577636055327691,0.56350985913364,NA,"PDLIM2"
6.25365377945138,0.0721168030480176,0.0612475722942074,1.17746386259359,0.239010413046767,NA,"CCAR2"
10.0467869684327,0.0885261755373198,0.0536255604153068,1.65082052013485,0.0987752287782951,NA,"BIN3"
14.360763693416,0.0791387656877338,0.0409435533221923,1.93287487934856,0.0532516131480306,NA,"ENTPD4"
10.7373201424678,0.011966352071441,0.0550657099038999,0.217310411367157,0.827966443864572,NA,"KCTD9"
16.902219313573,0.0502842189039232,0.0416929273742157,1.20606112525024,0.227793922690153,NA,"BNIP3L"
8.18488658243266,-0.0375891064595119,0.0599443297735545,-0.627066923619104,0.530615367596981,NA,"CCDC25"
10.129626202117,0.0256020437281105,0.0517401233975475,0.494819920149708,0.620727241723622,NA,"ELP3"
5.08392127144979,-0.0795586663787151,0.0773672599131777,-1.02832472635061,0.303797103662402,NA,"EXTL3"
7.80675039168883,-0.0478749503841057,0.0596128330572578,-0.803098056724163,0.421918060827639,NA,"INTS9"
16.1700552493324,-0.0250818037796356,0.0384291035842145,-0.652677305487251,0.513964336246411,NA,"HMBOX1"
22.0135183432909,0.0681612893734407,0.0392192400396324,1.73795538374944,0.0822186756382069,NA,"ENSG00000272256"
13.0003174320932,0.0198957141067975,0.0426613633949402,0.466363766263437,0.640955142608745,NA,"DCTN6-DT"
12.3707744136402,0.0055830749763052,0.0424539570776601,0.131508941936607,0.895372713366565,NA,"GTF2E2"
9.60608276517724,-0.0778534200155118,0.0526166685807158,-1.47963415616255,0.138970906068185,NA,"GSR"
13.8375262137202,0.0505124246934975,0.0459953498798519,1.09820720628161,0.272114020230093,NA,"WRN"
7.38740963166486,0.0561491818902345,0.0545204008927903,1.02987470691287,0.303068825395998,NA,"ASH2L"
8.33388818522651,-0.0127237303263421,0.0563170658698434,-0.225930277613333,0.821255648468808,NA,"LSM1"
8.05975231681226,-0.0398498823160802,0.0548039931929094,-0.72713464830581,0.467143475283846,NA,"BAG4"
10.1300110032903,-0.00349768645539793,0.0473685258436865,-0.0738398840390368,0.941137790757455,NA,"DDHD2"
5.81473212469901,0.0251379675971119,0.0721704569978092,0.348313820402647,0.727604515765851,NA,"PLPP5"
19.0290507883414,0.0684859832145379,0.115450589046881,0.593206009427357,0.553043291384935,NA,"ZMAT4"
15.5724247595056,0.0241374783319549,0.0390391962112462,0.618288301873428,0.53638531171403,NA,"GOLGA7"
5.43687964840354,0.0267548805585441,0.0640706527225603,0.417584017356565,0.676251284287642,NA,"GPAT4"
6.70400586762756,0.0038300664488734,0.0675426094554789,0.0567059294828994,0.954779450574037,NA,"AP3M2"
14.8794475925662,-0.0016023315753582,0.0412304231068193,-0.0388628457973109,0.968999738935576,NA,"IKBKB"
13.5023043812107,0.0151655866093018,0.0487946143149004,0.310804518536191,0.755949234406389,NA,"POLB"
10.60773859773,0.00483765587740182,0.0467343273396252,0.103513972550538,0.917555060574067,NA,"VDAC3"
13.5040377858412,-0.0294733229121566,0.0479097621649293,-0.615184078991976,0.538433160846353,NA,"SLC20A2"
6.60235592934555,0.0354109556443938,0.0645772665153389,0.54835017886647,0.583451478661795,NA,"SMIM19"
16.2990506721934,-0.00416870818077908,0.0414344976437728,-0.10060959871214,0.919860376703347,NA,"FNTA"
11.0876072724176,0.00987412710704943,0.057741083186885,0.171006960071927,0.864218292866351,NA,"HGSNAT"
17.3462612529347,-0.10829028895012,0.052595480120181,-2.05892766265611,0.0395011686489036,NA,"CEBPD"
9.59012340655931,-0.0290493679179867,0.0487616819723332,-0.59574171240584,0.551347787801404,NA,"UBE2V2"
21.1736820418342,0.0275755509223932,0.0344428665033451,0.800617187878803,0.423353297224696,NA,"ATP6V1H"
14.6116639455687,0.0516075899497812,0.0424768407330305,1.21495829395924,0.22438199851231,NA,"LYPLA1"
12.1320865677685,0.0626315467082365,0.0464167033968272,1.34933207498139,0.177230327555315,NA,"TGS1"
6.11624522547596,0.0334485253779181,0.0683268632981537,0.489536966331395,0.624461590075844,NA,"CHCHD7"
6.26462659671721,-0.0309955189708144,0.0584403975487584,-0.530378304578677,0.595849665116686,NA,"UBXN2B"
21.0832281972825,0.0445868827786414,0.0400345164087214,1.11371103683241,0.265403172921049,NA,"SDCBP"
17.0569353627809,-0.00261166283941999,0.0420706186479929,-0.0620780707141939,0.950500660345125,NA,"NSMAF"
10.3177823792234,-0.0359491266683101,0.0516335164365078,-0.696236265692181,0.486280879596316,NA,"CHD7"
5.83362759006988,-0.0277732981007405,0.0771938971990315,-0.359786189174148,0.719007031987222,NA,"ASPH"
19.5938654846786,0.0619826862368316,0.0379438176350575,1.63353848136683,0.102355794269953,NA,"YTHDF3"
4.94611926647634,0.0844496990614621,0.0792344878779288,1.06581996455341,0.286505034180813,NA,"MTFR1"
9.4073528909894,0.0511495283158628,0.0511417248090782,1.00015258591324,0.317236670848632,NA,"ADHFE1"
12.9050089407196,0.004556618294285,0.0469460310256668,0.0970607779770298,0.922678128386577,NA,"VCPIP1"
14.905205744005,-0.0682533307671651,0.0406043843583014,-1.68093499866624,0.092775540972852,NA,"SGK3"
9.15370414188226,0.0784315665213698,0.0525199314575955,1.49336764814126,0.135340976638675,NA,"COPS5"
11.9878972119856,0.0186638288168003,0.0473144205191232,0.394463857150209,0.693238606285015,NA,"CSPP1"
13.5260962059402,-0.00874380399986461,0.0429831071626613,-0.203424195621209,0.838803489786465,NA,"UBE2W"
12.9100307420228,-0.000653399798910283,0.0483540827690467,-0.013512815495459,0.98921866124941,NA,"ELOC"
9.13244536899216,-0.010659963362557,0.0511611617942728,-0.208360463068106,0.834947524718657,NA,"PEX2"
7.3746904325359,-0.026155725449671,0.063912716509494,-0.409241335341859,0.682362562624116,NA,"MRPS28"
12.351025603998,-0.0921339890157809,0.0605625787797149,-1.52130227728415,0.128183999052058,NA,"TPD52"
13.615091569827,0.0098161392594054,0.0456839824592844,0.214870480439265,0.829868300529585,NA,"ZBTB10"
15.5310298788229,-0.00226955494349136,0.0456628797806355,-0.0497024049817773,0.96035953993188,NA,"PAG1"
7.18026902429695,-0.00129615686834345,0.057128341989719,-0.0226885084215591,0.981898742428724,NA,"IMPA1"
4.34664391897706,-0.043883347021199,0.0793226870120883,-0.553225674446851,0.580108888365902,NA,"ZFAND1"
14.6892062861736,0.0144002506440922,0.0441787474457692,0.325954253496412,0.744458966887394,NA,"RBIS"
20.0973186259839,-0.0403665025773997,0.0368255700734402,-1.09615418028554,0.273011307462866,NA,"WWP1"
10.85027831912,0.00252755018145314,0.0488625829684028,0.0517277235034339,0.958745646644422,NA,"RMDN1"
15.0763549148595,-0.0151701784088225,0.045304592790703,-0.334848576587042,0.737739314791922,NA,"CPNE3"
11.7927716275041,-0.110830589859898,0.0484442682048828,-2.28779572830304,0.0221494197255079,NA,"RIPK2"
16.4839996796497,0.041611871590838,0.0378904743880821,1.09821458461144,0.272110799131871,NA,"NBN"
9.45914908641585,-0.00376990028470762,0.0530604425562418,-0.0710491677620609,0.943358624117542,NA,"OTUD6B-AS1"
5.81968107895641,0.0358300789315253,0.0660697176712257,0.542307129414748,0.587606945045519,NA,"OTUD6B"
17.2796367884876,-0.0170050071969297,0.0435029809796381,-0.390892918462048,0.695876388618463,NA,"VIRMA"
9.65823636342324,-0.065319469129606,0.052288893207444,-1.24920351384119,0.211590647126353,NA,"INTS8"
8.25240386201712,0.00792917158118525,0.0550031658566634,0.144158458112183,0.885375343850859,NA,"NDUFAF6"
4.77868717141079,0.0948897604848144,0.0682050048131883,1.39124336615348,0.164151640974699,NA,"PLEKHF2"
11.4734523433904,0.00309333206852394,0.0444099340597339,0.0696540567784504,0.944469010294777,NA,"PTDSS1"
4.23560437314387,-0.0620385066522435,0.0879393433921568,-0.70546929575752,0.480518233222986,NA,"NIPAL2"
7.00037293629118,-0.0563468644532555,0.0648611399957544,-0.868730713905795,0.384994437866772,NA,"STK3"
10.3096017917095,-0.0384913064871392,0.0476420243977789,-0.807927601181736,0.419132261078283,NA,"POLR2K"
7.41554495955267,0.00655783100474385,0.0641794971248767,0.102179532382187,0.918614173505947,NA,"SPAG1"
10.1023660758794,0.0107716638307947,0.0537902146505074,0.200253222649914,0.841282544404295,NA,"ZNF706"
8.06428886582121,-0.0145279083727232,0.068437979361719,-0.212278452815477,0.831889804531038,NA,"KLF10"
12.6647748604,0.0566233954783711,0.0415720436575919,1.36205465251479,0.173180638005617,NA,"AZIN1"
3.60612592125026,-0.239018200985402,0.0959850917326833,-2.49015963490521,0.0127685730298783,NA,"MAILR"
10.7032907436275,-0.00846147039871136,0.0484811166780257,-0.174531260385481,0.86144796552635,NA,"SLC25A32"
6.97871992739314,-0.00148342396486415,0.0580039275224268,-0.0255745434529513,0.97959669080901,NA,"DCAF13"
17.2630526723096,-0.019077891175492,0.038880299450003,-0.490682722236352,0.623650868526148,NA,"OXR1"
6.23361147631675,0.014175844611004,0.0680553133943691,0.208298866083496,0.834995616963818,NA,"EMC2"
16.5343517000392,0.0297170453166329,0.0403916242400891,0.735722959294578,0.461899314310534,NA,"ENY2"
13.8245252866748,0.056411668198521,0.0533597397501741,1.05719533983179,0.290422446228813,NA,"TRPS1"
9.25752981074667,0.034360215988079,0.0527441583922751,0.651450644686207,0.514755627301309,NA,"UTP23"
12.4829307667434,0.0956479922763957,0.0527939443004308,1.81172279404051,0.0700290397733012,NA,"MED30"
6.03195700306034,-0.195407099184726,0.216804584851214,-0.901305197576088,0.367426071042811,NA,"SAMD12"
19.1302213253712,0.0329790104112909,0.038603627973151,0.854298213479521,0.392939776822489,NA,"TAF2"
7.20557133648122,-0.0505451411486449,0.0723094992025471,-0.699011080232519,0.484545106329928,NA,"MRPL13"
4.7062174668987,0.232754127670648,0.0825642206953338,2.81906769918561,0.00481633588001451,NA,"MTBP"
15.0353126394135,-0.0192452999865848,0.0474211709430872,-0.405837721925554,0.684861840018678,NA,"TBC1D31"
8.09887258421397,0.0392921198267036,0.0550460436897776,0.713804611429329,0.475348007768126,NA,"C8orf76"
9.47983147448924,0.0084661541829826,0.0511119748315214,0.16563934793929,0.868440779821806,NA,"ZHX1"
11.1905042863183,-0.032655508887111,0.0568288823062104,-0.574628737393667,0.565542412373268,NA,"ATAD2"
13.8890008071764,-0.0720504189265566,0.0393396213795361,-1.83149751827648,0.0670263177861369,NA,"FBXO32"
15.1081094927673,0.0251959298090686,0.0412392861971167,0.610969105736613,0.541220033285801,NA,"FAM91A1"
11.763520169663,-0.0487544552793111,0.0513995281974435,-0.948538965027622,0.342855146128458,NA,"TMEM65"
12.9668446161015,0.000887416263837145,0.050443597566968,0.0175922477111001,0.985964141151622,NA,"RNF139"
21.5112000993972,-0.00692241606412715,0.036167918257381,-0.191396585638833,0.848214894885848,NA,"NDUFB9"
17.2408311060461,0.0119062034777026,0.0419739656372581,0.283656864366755,0.776673354639142,NA,"WASHC5"
7.14758815124264,0.00573804622942985,0.0649524623221802,0.0883422433004577,0.929604664884787,NA,"LINC02964"
20.8262721108701,0.000384801627199979,0.043677746975865,0.00881001548483279,0.992970715595595,NA,"TMEM71"
7.59801893371872,-0.064542719002707,0.0673106494255727,-0.958878268944258,0.337620073442766,NA,"TG"
6.24897507352161,0.0884678145028752,0.0688727167341297,1.28451175876202,0.198962951909721,NA,"ZFAT"
3.75119374928078,-0.121064355488626,0.28841460095609,-0.419758067335357,0.674662200617766,NA,"LINC02055"
8.13481994128201,-0.104722469472573,0.0599427555211337,-1.74704129902156,0.0806301745512587,NA,"CHRAC1"
16.7704540240675,-0.0125487159559891,0.0455328591761141,-0.275596924573803,0.782857672056675,NA,"AGO2"
7.39890634358645,0.118738445076406,0.0643594379049037,1.84492669516244,0.0650482027910534,NA,"SLC45A4"
13.3925537422245,0.0179828399575616,0.042016637977323,0.427993309870895,0.668655991154828,NA,"GSDMD"
6.31740324204107,0.0104331321168006,0.0695209334882286,0.150071807056031,0.880707962765832,NA,"GFUS"
12.8559798399716,-0.0249094913933017,0.0436718575097163,-0.570378564451026,0.56842096498002,NA,"PUF60"
7.55729105281513,0.0612953361960702,0.074041192013177,0.827854529748272,0.407752888610258,NA,"PLEC"
12.4166716369092,-0.0134030445864212,0.0468859043421718,-0.285865118194292,0.774981431000225,NA,"PARP10"
9.08789887001641,-0.00978654123196756,0.0487148917610277,-0.200894241538619,0.840781270511472,NA,"GPAA1"
14.4004495626713,-0.0283254553706289,0.039833847243787,-0.711090123865625,0.477028389624858,NA,"CYC1"
9.33609980876366,0.0624833849517328,0.0538753823273557,1.15977617703153,0.246139945837775,NA,"SHARPIN"
17.4874201409332,-0.0432170392257368,0.0406528100806942,-1.06307630739309,0.287747347886249,NA,"MAF1"
9.19006685539686,-0.0358713705309581,0.0518800509018483,-0.691428977177046,0.489295999208046,NA,"HSF1"
6.88843663319442,-0.0830090318229454,0.0563177040086225,-1.47394204512024,0.140497195959631,NA,"CPSF1"
20.8621633755942,-0.000955673328442264,0.0365242064793566,-0.0261654782009408,0.979125350854286,NA,"VPS28"
6.04656278670379,-0.00515284135376456,0.0715650897402386,-0.0720021643579005,0.942600185415467,NA,"ZNF251"
6.24549880495543,-0.0159261608021411,0.0645782163637244,-0.246618158551175,0.805203750052653,NA,"COMMD5"
13.8161928426796,-0.0194146706800846,0.0470988937329053,-0.412210757861617,0.680184952732428,NA,"PUM3"
20.1811228098964,-0.0318031651217828,0.0422667497337299,-0.752439336408287,0.451786898292817,NA,"RFX3-DT"
6.0465175168233,0.0723778667342276,0.0646961780278888,1.11873481464434,0.263253288035972,NA,"CDC37L1"
10.8345256599838,0.0115697664247567,0.0460659029809535,0.251156835665208,0.801692855251412,NA,"AK3"
7.21426491992179,-0.03745331532993,0.0634024643266082,-0.590723337455701,0.554705808488486,NA,"RCL1"
17.7630542906813,0.0398109348938685,0.0373575779907838,1.06567226878814,0.286571817662704,NA,"RIC1"
13.0776125877325,0.0565028231885788,0.0487862244224581,1.1581716736122,0.246793985500521,NA,"ERMP1"
5.48469467742661,0.0148976970119677,0.0647551290896162,0.230062038658751,0.818043562475313,NA,"RANBP6"
6.15948512056461,0.0508374580757139,0.0684465059353333,0.74273269878442,0.457643528752841,NA,"DMAC1"
13.9884828413787,-0.0269654722468182,0.0425813481874595,-0.633269574464993,0.526557618434849,NA,"ZDHHC21"
20.7361739467133,-0.00835769949590829,0.0416862747995769,-0.200490438066035,0.841097035502874,NA,"TTC39B"
6.44514595845166,0.00838771344060837,0.0683359275648863,0.122742366124234,0.902311114181255,NA,"SNAPC3"
4.86149095329993,0.00260249625956526,0.0727928969598745,0.035752063295404,0.971480056555435,NA,"RRAGA"
9.04450734715966,0.061229972484577,0.0519884856218971,1.17776026272224,0.238892194631403,NA,"HAUS6"
12.3522642979428,-0.049211185915634,0.0425848627216769,-1.15560278395788,0.247843668774428,NA,"FOCAD"
14.4326597588273,-0.0243353735483078,0.0431506793943502,-0.563962697456254,0.572779519026962,NA,"HACD4"
4.19811988097697,-0.0375280190787587,0.0794127735781156,-0.472569051398811,0.636520666810678,NA,"KLHL9"
11.5445221970517,0.0404494384989868,0.0615654842912273,0.657014867415745,0.511171356811781,NA,"MTAP"
11.7760542454393,-0.0147392330561185,0.0431939565499917,-0.341233687149259,0.732927664869154,NA,"CAAP1"
16.1901574549771,0.0351730891103131,0.0453058550194648,0.776347540405134,0.437543810159733,NA,"PLAA"
14.341977784964,-0.0751080760808296,0.0416069999966533,-1.80517884218692,0.0710467006745765,NA,"RIGI"
8.72878766066571,-0.0178732230076099,0.0554538183770168,-0.322308247307593,0.747219185796828,NA,"TOPORS"
9.83412523022003,-0.0644719642398818,0.0480705832063559,-1.34119371847682,0.179857565300678,NA,"NDUFB6"
6.35838245855035,0.0406664856165677,0.064792418190225,0.627642658700813,0.530238056797625,NA,"APTX"
17.1098182483228,0.00108688723336228,0.0365885324279858,0.0297056799285817,0.976301781994309,NA,"SMU1"
12.4696028449888,0.0414002599654053,0.0462373369090031,0.895385909592559,0.370580830235336,NA,"BAG1"
13.9247170032538,-0.0388663529153225,0.0444941816598043,-0.873515400563801,0.382382215696187,NA,"NFX1"
16.0760802820493,-0.0220872008443299,0.0418507375256518,-0.527761328717131,0.597665000811117,NA,"UBE2R2"
11.0570355257536,-0.0608022954458198,0.0473026426708108,-1.2853889764459,0.19865639141136,NA,"UBAP2"
20.046590239809,0.00803066810781272,0.0380522451197768,0.21104321394269,0.832853550827524,NA,"UBAP1"
5.05770837176404,0.0583225894371754,0.0754061908532697,0.773445638577121,0.439258689066415,NA,"NUDT2"
14.122862691704,0.0381162097770625,0.0411213901543747,0.926919290276169,0.353968440769043,NA,"DCTN3"
5.96851518093269,0.0207025850950187,0.0622396223609169,0.332627100064456,0.739415784247061,NA,"GALT"
6.15990313706335,-0.000654954382871045,0.0620635172415412,-0.0105529691512982,0.991580105124327,NA,"STOML2"
11.792001352578,0.0589737319647333,0.0456312579536862,1.29239768109372,0.196219459360612,NA,"CCDC107"
20.5120814996608,0.0344813025737122,0.0357260524271305,0.965158483267717,0.334465437954353,NA,"CLTA"
9.61117548574072,-0.0109585401066739,0.0535721575443384,-0.204556631821374,0.837918541621993,NA,"EBLN3P"
7.19233499561936,-0.0164418842798789,0.0568703697780418,-0.289111611970339,0.772495967800881,NA,"GRHPR"
14.5722441375901,0.0260738942177499,0.042051445858763,0.620047508124301,0.535226509573566,NA,"TOMM5"
9.26038086666764,0.0599709207701786,0.0548274477719079,1.09381200853391,0.274037436290905,NA,"DCAF10"
8.33069149580145,0.0222547799867247,0.0624371568088804,0.356434871863983,0.72151491796623,NA,"ENSG00000288891"
8.2064719037615,-0.0232426211921007,0.0561512465673481,-0.413928854887013,0.678926211108653,NA,"FXN"
18.3320968867567,0.050458540317066,0.0413876969790467,1.2191676270997,0.222780576305149,NA,"PTAR1"
10.6078383116267,-0.155452289304199,0.0566028513447073,-2.74636852404318,0.00602590331825216,NA,"KLF9"
11.523070152352,-0.142612420991879,0.0501184220826423,-2.84550899780363,0.00443405067177369,NA,"ABHD17B"
10.7900614214965,-0.0053922509474061,0.0559622109188578,-0.0963552164732121,0.92323845864303,NA,"C9orf85"
8.95032335983724,-0.0390759752456859,0.0517831795357321,-0.754607492163013,0.450484526942596,NA,"CARNMT1"
10.2788148917137,0.0946746746081427,0.0514793967378032,1.83907894434628,0.0659035754679573,NA,"NMRK1"
5.22909573047738,0.00706111138110463,0.0891378077173091,0.0792156724731012,0.936861078935106,NA,"PCSK5"
4.59554077368009,-0.0921661264248489,0.0802597342069696,-1.14834826374052,0.250824822296555,NA,"GCNT1"
17.9741763099369,-0.0712462556858733,0.0619289706906988,-1.15045115220321,0.249958102272866,NA,"GNAQ"
17.3293089021953,0.0301818655045988,0.0383982247115255,0.786022419821391,0.43185435257318,NA,"UBQLN1"
15.2982410589327,-0.0214936726599469,0.0388623028794108,-0.553072542474939,0.580213737425648,NA,"NAA35"
16.139914675741,0.0332627940632296,0.0408436177293793,0.814393922781803,0.415419318998545,NA,"ISCA1"
11.8085886554356,0.0330416963313968,0.0474743070509957,0.695991124123292,0.48643438831794,NA,"SPIN1"
6.08397953956843,-0.101073410857074,0.0648994749466736,-1.55738410734638,0.119379317119233,NA,"NFIL3"
11.5039970120579,0.0514668896767963,0.0444249724803647,1.15851258432505,0.246654919171159,NA,"SPTLC1"
12.8602304181046,0.00728348171962099,0.0426389967016923,0.170817380403604,0.864367362347012,NA,"IARS1"
12.5144348481412,0.0124198636129213,0.0488057647493621,0.254475340704166,0.799128352443776,NA,"NOL8"
12.2270288797391,-0.0474372631682745,0.0600269981133234,-0.790265458197974,0.429372754989509,NA,"CENPP"
7.65260326904181,0.0124750698727771,0.0548514527698645,0.227433718576565,0.820086503541414,NA,"BICD2"
9.73259256090676,0.0595959496731202,0.0501334478177612,1.18874628151959,0.234539522444799,NA,"ZNF484"
10.5612251202509,0.0084008599208018,0.04879878621509,0.172153050770021,0.863317206794368,NA,"FAM120AOS"
20.986162617055,0.0242243426162994,0.0378468314829084,0.64006263317549,0.522131880838199,NA,"FAM120A"
6.14871161244462,0.0881529553080054,0.0654254749456028,1.34737967712575,0.177857982496489,NA,"MIRLET7A1HG"
10.5954030239035,-0.00795570686605973,0.0492662301936938,-0.161483978676292,0.871712228915308,NA,"MFSD14B"
13.6986840586518,-0.0245799210762014,0.0487164844411067,-0.504550386962262,0.613874663718163,NA,"AOPEP"
4.59592541559013,0.140585963532687,0.0760115096348632,1.84953521128604,0.0643805682785298,NA,"FANCC"
6.46650783705648,0.0225184403973889,0.0630554794704769,0.357121071578438,0.721001170371515,NA,"PTCH1"
5.9758988581443,-0.00313042510728497,0.0639370754843921,-0.0489610305690186,0.96095035177324,NA,"ERCC6L2-AS1"
19.696396125128,-0.0255517826403948,0.0411089733930259,-0.62156216833986,0.534229803737198,NA,"ERCC6L2"
5.72901784897882,-0.00549854008520666,0.0670261186689987,-0.0820357823844851,0.93461825911144,NA,"SLC35D2"
17.7584608316752,-0.0403115975141238,0.0376382532916284,-1.07102731898268,0.284157146163983,NA,"MFSD14CP"
6.8858225370938,-0.0316954463591086,0.0630546485381944,-0.502666291762924,0.615198912792633,NA,"TDRD7"
8.34868478933661,-0.0623986503022869,0.059456735449237,-1.04947992571105,0.293957289621398,NA,"TSTD2"
14.9279736698201,0.0466882462921474,0.0442578612313878,1.05491420039602,0.291464567067112,NA,"NCBP1"
15.6004953270108,0.0266162183541683,0.0408164575272317,0.652095256831405,0.514339723719717,NA,"XPA"
7.22266696453283,0.00863620797633745,0.0671400869896937,0.128629681067633,0.897650679306952,NA,"TRMO"
11.683788827038,0.0515597914885396,0.0479277998458697,1.07578047926986,0.282025444539047,NA,"TRIM14"
11.6882384955895,0.154042595649145,0.0721379959167253,2.13538778963265,0.032729347235976,NA,"NR4A3"
9.93563564480168,-0.0332397515541259,0.0495472358329192,-0.670869948552031,0.502303382024771,NA,"STX17"
6.63740695626022,-0.0265582073333087,0.0622718107195614,-0.426488438772281,0.669751970599672,NA,"TEX10"
8.80000924519833,-0.031823180697128,0.0555827953682277,-0.57253652836825,0.566958546147814,NA,"RNF20"
6.45848588014756,-0.0590097495261331,0.0649466234533423,-0.908588412891483,0.363567425154082,NA,"SMC2"
6.18068591868794,0.0527547839617509,0.075334509957653,0.700273805343732,0.483756327242757,NA,"SLC44A1"
12.502355400145,0.00503482126956154,0.0453206066101559,0.111093421870335,0.911542265040331,NA,"ELP1"
16.3896287532246,-0.0230537209453145,0.0416326861646199,-0.553740896135257,0.579756182652166,NA,"TMEM245"
14.7562842806982,-0.0341067848338317,0.0429573401279073,-0.79396873112435,0.427213635074346,NA,"TXN"
19.4249684378421,0.024733349927451,0.0385759277655022,0.641160209491309,0.521418598876978,NA,"ECPAS"
8.68590690931457,-0.0449014985574352,0.0584374549333088,-0.768368482314615,0.44226829959438,NA,"FKBP15"
6.10187274319323,-0.0233744482248102,0.0624380033812321,-0.374362518962868,0.708134624436974,NA,"CDC26"
14.484474888219,-0.046480473252026,0.0447488257401533,-1.0386970492126,0.298945653947111,NA,"POLE3"
19.6387020508569,-0.00593598848921248,0.0394806146933857,-0.150351977427721,0.88048692695545,NA,"RGS3"
5.73900700115061,0.0964534491195381,0.0758433127393563,1.27174625732674,0.20346328944065,NA,"WHRN"
21.4613503828721,0.0157065058597171,0.0363795950434983,0.431739436377374,0.665930801576183,NA,"CDK5RAP2"
11.3414109862867,0.0632217099803362,0.0492538386485405,1.28358949708399,0.199285626598994,NA,"MEGF9"
11.5509394742733,0.0510872721044189,0.0533967835320921,0.956748117116734,0.338694405184918,NA,"FBXW2"
9.44316045946701,-0.00467839095023082,0.0508227092116218,-0.0920531593613078,0.926655803783687,NA,"PSMD5"
7.52249855145569,-0.048747799994766,0.0649540782504466,-0.750496370786862,0.452955808757374,NA,"TRAF1"
22.2243032766526,-0.0164428139356414,0.0348580813221313,-0.471707372063589,0.637135674381726,NA,"RAB14"
15.1956724822328,-0.0389792068343261,0.0456068393193275,-0.854678978330502,0.392728891337491,NA,"GSN"
19.8356351209648,-0.0157324134123433,0.0412402990413871,-0.38148155513021,0.702845955207865,NA,"STOM"
8.95260394916362,-0.0103003173444884,0.056605744791031,-0.181965936187461,0.855609458542577,NA,"RBM18"
16.0774820420222,0.00496488085263108,0.0371685282486518,0.133577547634299,0.893736639446374,NA,"RC3H2"
17.611981994088,0.00148842109923147,0.0377769119801372,0.0394002850210222,0.968571252673477,NA,"RABGAP1"
18.6282096871316,0.0200410131516546,0.0379781597679714,0.527698373857388,0.597708702083012,NA,"PSMB7"
9.71965421804261,0.0254660247802546,0.0506630419130003,0.502654870664605,0.615206944018619,NA,"GOLGA1"
8.65197366058338,0.0142264801274932,0.0529883796017535,0.268483019001819,0.788327544088008,NA,"SCAI"
17.836805568264,-0.0225163401806161,0.0375295224890596,-0.599963407133141,0.548530623054919,NA,"PPP6C"
18.4806897640422,-0.0263443378934316,0.0366064778984875,-0.719663278354352,0.471732341054027,NA,"GAPVD1"
6.74919945201697,0.018020887308762,0.0572591261946806,0.314725153986652,0.752970343972663,NA,"ZBTB43"
7.34100456305771,-0.0591714915312466,0.091744354971117,-0.644960570597232,0.518952737839179,NA,"RALGPS1"
5.62303915589111,-0.0947623922316485,0.0678858126008913,-1.39590863835965,0.162742009016214,NA,"TOR2A"
9.80891103268199,-0.0362041504154677,0.0715224542002831,-0.506192786870623,0.612721318189696,NA,"SH2D3C"
10.9006201383862,-0.0518959646070196,0.050886192109431,-1.01984374258968,0.307802573900636,NA,"CDK9"
10.318534209531,0.0255316983727658,0.0489835946755189,0.521229577818757,0.602206851897683,NA,"FPGS"
8.29709364207973,0.00213927435076773,0.0590577776511643,0.0362234143554088,0.971104216282863,NA,"ST6GALNAC6"
8.52958712712836,-0.0283614249115332,0.054265506592852,-0.522641852850021,0.601223509555808,NA,"CIZ1"
8.13481944672747,0.0347242035050276,0.0544599344119115,0.63761008675458,0.523727527990203,NA,"GOLGA2"
6.33726651933254,-0.104234163016474,0.0661316976066003,-1.57616040097042,0.114988841928014,NA,"COQ4"
13.0321116238803,-0.0327241284391198,0.0412206314072401,-0.793877418223438,0.427266797071561,NA,"URM1"
8.65342670777001,-0.101545998466208,0.0541844662803512,-1.87407951830341,0.0609194658694247,NA,"ODF2"
5.22821293305649,-0.0743628221937919,0.0722467128548057,-1.029290043178,0.303343400708135,NA,"ZDHHC12"
6.2071563424658,0.039786523073826,0.0648101230390191,0.613893651303091,0.539285605751747,NA,"ZER1"
8.44289504163869,-0.0230716759948142,0.0554576612827984,-0.416023241174262,0.677392996619649,NA,"LRRC8A"
8.54457722603031,0.0509644757638954,0.0550117201941311,0.926429415114572,0.354222863341149,NA,"USP20"
9.67517363365602,-0.0508964948862715,0.0507440035959005,-1.00300510956103,0.315858395945167,NA,"GPR107"
8.663809203931,-0.0311771312174324,0.0554176296238324,-0.562585073180839,0.573717458682172,NA,"FUBP3"
17.2906185501058,-0.120299114657059,0.0431157555890768,-2.79014279150279,0.00526848002761146,NA,"ABL1"
9.91074203635674,0.064260604321473,0.0544753197053879,1.17962785108937,0.238148260797213,NA,"FAM78A"
18.5942554704646,0.0146503398595674,0.039808391354391,0.368021398532382,0.712857278507105,NA,"MED27"
9.39613757542504,0.0569525018414418,0.0603170455549105,0.944219023287443,0.345057735999289,NA,"TTF1"
7.34811270420407,0.00376398745006898,0.0562863730440872,0.0668720908188698,0.946683531589193,NA,"TSC1"
6.42524263477863,0.044718850764558,0.0573861143132183,0.779262567255881,0.435825060322714,NA,"GTF3C5"
18.5237861186917,0.0295217811304421,0.0363790113784508,0.811505865932612,0.41707522562535,NA,"RALGDS"
6.98357112440897,0.0729825343002686,0.0625671935518483,1.16646648438513,0.243425891708236,NA,"SURF1"
13.8877921014359,0.0599571949205697,0.0420761644502927,1.42496816674916,0.154166403190129,NA,"SURF4"
8.93855054565942,0.0377300961733964,0.0519682341428502,0.726022286416043,0.467825108257172,NA,"BRD3"
5.87669879592482,0.0354658865786994,0.0717583847071606,0.494240313845308,0.62113647187129,NA,"UBAC1"
7.57161880633779,0.0316379537114272,0.0655055833185604,0.482981024038342,0.629109209949529,NA,"DNLZ"
4.41144280497183,-0.0481579089302638,0.0735979665822408,-0.654337492822584,0.512894395713945,NA,"ENTR1"
6.90390881645623,0.0115095264388356,0.0606590512836267,0.189741286671628,0.849511866364661,NA,"PMPCA"
9.88120427204687,0.0388919535385473,0.0475164379507235,0.81849471921443,0.413074756173905,NA,"SEC16A"
15.5558369054516,-0.00223736443058428,0.0566077931933467,-0.0395239648884113,0.968472647223893,NA,"NOTCH1"
9.34076844150813,-0.0999853039022514,0.0637310182309393,-1.56886405831363,0.116679618231747,NA,"SNHG7"
5.59017657320393,0.0134646262410203,0.0632946366786519,0.212729339286368,0.83153808106231,NA,"TMEM141"
13.5191446034564,0.00751697326177353,0.0429204242988992,0.175137440613939,0.860971639544334,NA,"RABL6"
9.98326397531962,-0.00691585976888137,0.056338592296318,-0.122755281717136,0.902300886372654,NA,"PHPT1"
19.647583440154,-0.0618006275919976,0.0370089393254409,-1.66988378263287,0.094942359552834,NA,"FBXW5"
13.8854401374283,-0.00303465472342337,0.0540550744026975,-0.0561400526584407,0.955230236827018,NA,"ABCA2"
6.55678505143353,0.0669362129505961,0.0686447034055078,0.975111110251012,0.329505148100496,NA,"MAN1B1"
19.7223501664274,-0.0270934539394909,0.0397113221402909,-0.682260183727352,0.495074445043735,NA,"DPP7"
15.0733756257261,-0.0122846873266115,0.038752840524928,-0.317000951677576,0.751242880134612,NA,"SSNA1"
5.19032115858935,-0.000246957926200504,0.0664024315705904,-0.00371910968257194,0.997032586645112,NA,"TMEM203"
15.2471241396447,0.0572031188120228,0.0431715173725707,1.32501988100995,0.185164557393812,NA,"TUBB4B"
6.92954807085757,-0.00995917101612371,0.0583471560365088,-0.170688199608085,0.864468942007986,NA,"NELFB"
8.24479636378575,0.0290931379234712,0.0700911197818078,0.415075947053457,0.678086306814344,NA,"NSMF"
10.4963614315618,0.00390556596159585,0.0469349784604204,0.0832122670491764,0.933682758874732,NA,"MRPL41"
6.01445803815221,0.00328721429726173,0.0658068253960211,0.0499524825499406,0.960160254445802,NA,"ARRDC1"
21.7590836331159,0.0134946429614046,0.0377908030366517,0.357088018169836,0.721025914086457,NA,"LARP4B"
12.3232862204678,-0.0405985128843861,0.0446765630870017,-0.908720592614206,0.363497631389241,NA,"GTPBP4"
20.3758906509775,0.0160604216320521,0.0358200943239675,0.44836346567926,0.653890904161462,NA,"WDR37"
7.92165066462508,0.027638232603291,0.0596688754753961,0.463193455266094,0.643225706997544,NA,"PFKP"
7.04387526106874,0.040912114089713,0.0656018558044195,0.623642633093877,0.532862305494298,NA,"PITRM1"
18.279012879248,0.106145997134214,0.0562225656821934,1.88796074754433,0.0590312202228006,NA,"ENSG00000288755"
9.73232467198263,0.0905691710525243,0.0725115125488004,1.24903160710613,0.211653513624433,NA,"AKR1C3"
18.8385905684406,-0.06196620976115,0.0373594453099256,-1.65864908451108,0.0971865247665577,NA,"GDI2"
22.1170261365763,0.0296493976603635,0.0374260002554991,0.792213900976689,0.428235964477597,NA,"RBM17"
6.74963180441266,-0.0515670804286374,0.063051915084394,-0.817851136791256,0.413442194423479,NA,"PFKFB3"
5.88010752042779,0.0241053600717904,0.0823024355811682,0.292887566468397,0.769608092848572,NA,"ENSG00000288915"
8.4055121196049,0.000429475819492098,0.0566660728201254,0.00757906447576452,0.993952839363234,NA,"PRKCQ-AS1"
12.304586454482,-0.00983104991654918,0.0477926986796097,-0.205701920756852,0.837023758099637,NA,"KIN"
20.9614650393425,-0.00385861706137347,0.0379447000218003,-0.101690540685697,0.919002310661323,NA,"ATP5F1C"
20.0116359620231,-0.0664686626464323,0.0394013771450185,-1.68696293030042,0.0916104801333538,NA,"GATA3"
8.23619486679386,-0.0660660335209849,0.055270052171684,-1.19533148468479,0.231957543220591,NA,"NUDT5"
13.9371928062469,0.057645561577634,0.0453122378385253,1.27218527107533,0.203307299592338,NA,"CDC123"
17.0026418349999,0.0193556988048986,0.0396421246021346,0.488260884076237,0.625365064174023,NA,"PRPF18"
8.54350658625424,0.0225785756784663,0.0544748297992197,0.414477213819394,0.678524651246406,NA,"DCLRE1C"
10.1164785141232,-0.00396544281558748,0.0515013564873967,-0.0769968615595183,0.938626041670157,NA,"NMT2"
13.1957790129922,0.00654765022718168,0.0489023967589852,0.13389221512908,0.893487806283508,NA,"MINDY3"
6.05600531124179,-0.124504493419769,0.0621582687477869,-2.00302382817252,0.045174730929915,NA,"PTER"
5.6051503065529,0.0045944768261455,0.0681443022633474,0.0674227583751594,0.94624515184641,NA,"TRDMT1"
5.86844743666856,0.146744267337581,0.0709486078540567,2.0683177834784,0.0386101505978553,NA,"VIM-AS1"
17.9019550839252,-0.0224969422604501,0.0448629887884173,-0.501458838744563,0.616048239281014,NA,"ST8SIA6"
14.3162195267634,-0.0399838033706053,0.0504949538388424,-0.791837606153992,0.428455371638758,NA,"STAM"
11.5367195676834,-0.0118256959856599,0.0472295992646355,-0.250387387777706,0.802287782142973,NA,"NSUN6"
18.9448083385908,0.109413628162248,0.0985588837368679,1.11013461205953,0.266941024285307,NA,"PLXDC2"
17.1255920252453,-0.00503503449942778,0.0376785423717636,-0.133631350431461,0.893694092459851,NA,"MLLT10"
6.52447821582556,0.0393835772771311,0.0593915222202598,0.66311782902403,0.50725509279476,NA,"COMMD3"
7.05794043787543,-0.0149811886464519,0.0591977560160066,-0.253070211688448,0.800213957388243,NA,"BMI1"
6.14487185798944,0.0560576658696383,0.0681694395678837,0.822328395612166,0.410890019899297,NA,"ARHGAP21"
8.63456203882386,0.0630469105888794,0.0606370520302606,1.03974234363201,0.298459622305458,NA,"ANKRD26"
11.7747950222596,0.0149822928974591,0.044275592845545,0.338387177552307,0.735071435648036,NA,"ACBD5"
21.2077316047757,-0.0130120528675352,0.0406373513141238,-0.320199335014553,0.748817227262747,NA,"RAB18"
20.6792661177243,-0.0110371510037133,0.0367807417013603,-0.300079620289579,0.764116423930865,NA,"MPP7"
9.51617243907431,-0.0506559930402211,0.0585695354765375,-0.864886371866711,0.387101158289691,NA,"WAC-AS1"
8.82474241469577,-0.0333402577848933,0.0623005602108316,-0.535151813596322,0.592544883677134,NA,"SVIL"
19.4638468338589,0.046234089729619,0.0394384472416708,1.17231009239045,0.241072581112571,NA,"ARHGAP12"
22.1680460992572,0.0130814029012909,0.0428761871053802,0.30509715962242,0.760292154432064,NA,"CCDC7"
21.1152501373169,0.0228650097372652,0.037849149673519,0.604108941270682,0.545771215350949,NA,"CUL2"
15.0437103122346,0.0235502849651698,0.0390199200132367,0.603545188129059,0.546146063699546,NA,"ZNF33A"
14.6388647037505,0.0126038303917042,0.0425937646054711,0.295907875447227,0.767300436531427,NA,"ZNF37A"
7.68653597630689,0.0392593929196214,0.0572344950831168,0.685939359866953,0.492751348645065,NA,"ZNF33B"
10.9778535159182,0.00765664398959773,0.0497052445352152,0.154040968135126,0.877577433167823,NA,"BMS1"
8.08898624893594,0.0492066318786327,0.0546788770136712,0.899920308647335,0.368162661601335,NA,"ZNF487"
6.20131407050489,-0.0446005617968343,0.0626809859935208,-0.711548503743137,0.476744405219158,NA,"ZNF32"
11.162804871281,-0.026129989294165,0.0701532982560627,-0.372469861627737,0.709543047287085,NA,"RASSF4"
8.96389516689617,-0.00786527550331504,0.0505333576562811,-0.155645218685314,0.876312679908155,NA,"ZNF22"
13.9556100976921,0.0251600032844549,0.0447242644547395,0.562558235248712,0.573735738205306,NA,"MARCHF8"
5.99659512330411,-0.0481983303185667,0.0638957393808349,-0.754327765600963,0.45065243398485,NA,"ZFAND4"
11.3511118167825,0.0125925014103138,0.0480136163989041,0.262269380121119,0.793113767093302,NA,"WASHC2C"
9.42436316031866,0.064299391910193,0.0535582807282039,1.20054996232045,0.229925820891763,NA,"ENSG00000290921"
9.13012031125934,0.0583773190125998,0.0523647441513715,1.11482104913656,0.264927114475458,NA,"TIMM23"
14.9471750590973,-0.0101394348484443,0.0475222600632147,-0.213361797922841,0.8310447752721,NA,"NCOA4"
10.2372300848997,0.0147413812844256,0.0471432282142853,0.312693505362424,0.754513530286918,NA,"ERCC6"
8.76415429124497,-0.0274108461102594,0.0570356700702515,-0.480591287460937,0.630807008863936,NA,"PARG"
15.1033142421197,0.0314793782293523,0.0416207746276823,0.756338115062739,0.449446501374377,NA,"TIMM23B"
8.83317766408661,0.0345253283636722,0.0538319977087168,0.641353281193235,0.521293179244824,NA,"WASHC2A"
7.02383521045724,-0.126334238849584,0.0632343657478511,-1.99787310832444,0.0457304187649099,NA,"IPMK"
5.35747096684068,-0.0418842721162832,0.0663920646377066,-0.630862624092811,0.528130352057057,NA,"UBE2D1"
10.6039012609874,0.05629945656672,0.0480941387428686,1.1706095178816,0.241755769793105,NA,"TFAM"
10.2929536740171,-0.0738271372292772,0.0481869914794617,-1.53209683698024,0.125498540181092,NA,"CCDC6"
12.1664814719612,0.0670959648175676,0.0724282814928136,0.926377976042755,0.354249585543792,NA,"ANK3"
4.80339090088914,0.0232992821192557,0.0706305774898814,0.329875288398903,0.741494196312063,NA,"NRBF2"
11.9199766084138,-0.0423399547298483,0.0503735491543137,-0.840519586978964,0.400617124112324,NA,"SIRT1"
12.2648900358652,0.0359640524941444,0.0497204285955808,0.723325472245444,0.469479946933088,NA,"RUFY2"
7.92645838004017,0.0737924312780405,0.0574787322792987,1.2838214823436,0.199204425190732,NA,"SLC25A16"
15.7422234581949,0.0324343183049652,0.0396387627389292,0.818247494720906,0.413215880298113,NA,"DDX50"
14.3672964542364,-0.025114743877673,0.0479383497935937,-0.523896712878281,0.60035038122694,NA,"VPS26A"
10.4261169742851,-0.0489910742884629,0.0536778889450359,-0.912686308111481,0.361407547005011,NA,"SUPV3L1"
15.2188372559997,-0.0137091880284653,0.0401447329887784,-0.341494064297238,0.732731672613566,NA,"HK1"
7.98190993990164,-0.0488909603887757,0.0643476275735103,-0.759794295957889,0.447377553010085,NA,"PPA1"
15.6219742520592,-0.0308719876958009,0.0444669346420417,-0.694268402900268,0.487513902422175,NA,"EIF4EBP2"
20.7855238935086,0.00948215136696194,0.0339648130206731,0.279175726985175,0.780109970429261,NA,"VSIR"
8.04146402020515,-0.13667607977085,0.0546757231000779,-2.49975806484863,0.0124278146409963,NA,"ASCC1"
8.9365176070587,0.00241730620359054,0.0514024490791294,0.047027062851992,0.962491658348438,NA,"DNAJB12"
12.7652702335499,-0.0226412426312452,0.0441560391712932,-0.512755289110367,0.608122509036636,NA,"MICU1"
10.8393420673275,-0.0299458294419955,0.0495496878209875,-0.604359598594918,0.545604590333459,NA,"MCU"
6.69771371845778,-0.0110693797511255,0.0602967335650451,-0.183581748075697,0.854341582679996,NA,"DNAJC9"
7.10827901048031,0.0341231954335502,0.0600321791076221,0.568415072396025,0.569753158329785,NA,"MRPS16"
13.3620001465842,-0.0475657477074564,0.0432438153052749,-1.09994336465622,0.271356798927297,NA,"ANXA7"
17.8382928620219,0.0235893927741749,0.0382443911663226,0.616806597118674,0.537362300066038,NA,"PPP3CB"
14.6588122481019,0.00295572127101016,0.0404522891356703,0.0730668482344017,0.941752922395601,NA,"SEC24C"
18.4204351568586,-0.0446181533778765,0.0400632253888231,-1.11369349184562,0.265410702284755,NA,"FUT11"
8.87084648564446,0.026935902639944,0.0543061640168139,0.496000833931195,0.619893822578082,NA,"ZSWIM8"
14.4238874693788,0.000796913971439984,0.0483997568496067,0.0164652474167638,0.986863226871819,NA,"CAMK2G"
9.37208088738426,-0.00616518041019111,0.0515753038353841,-0.11953745206948,0.904849570279516,NA,"AP3M1"
9.48982143284488,0.0752313710924506,0.0519932309077363,1.44694549230747,0.147912190443733,NA,"SAMD8"
18.9619348687536,-0.0262089838851197,0.0400195723010979,-0.654904147598816,0.512529469679161,NA,"VDAC2"
4.32860961160708,-0.0805530400107713,0.0748030157972268,-1.07686888225378,0.281538846697558,NA,"COMTD1"
5.02721327382858,-0.271137220128392,0.100684894016053,-2.69292849516395,0.00708274573954773,NA,"LRMDA"
4.88518309132197,0.0486797623868969,0.0744481764610527,0.653874476191684,0.51319267918994,NA,"DLG5"
7.8768657352628,-0.0643062691685057,0.0534779711659078,-1.2024814660415,0.229177042685977,NA,"POLR3A"
7.00875478367076,-0.0104383507814795,0.0754826831598042,-0.138288019775085,0.890012793375226,NA,"ZMIZ1"
19.6535423479506,-0.0174821486901419,0.0438588019753685,-0.398600689092238,0.690187453784981,NA,"TSPAN14"
19.5412095558828,0.0333234863333749,0.0367407154816816,0.90699067496357,0.364411728473672,NA,"GHITM"
5.19795707781245,0.237379136455308,0.0910850346645251,2.60612665219482,0.00915725941521409,NA,"BMPR1A"
22.240706308324,-0.00118150658705773,0.0323155641017277,-0.0365615337345933,0.970834614642758,NA,"GLUD1"
17.5991394772048,0.00876711012159002,0.0412503407438262,0.212534247317755,0.831690262516644,NA,"SHLD2"
21.3735451817061,-0.0349472345761759,0.0338868094366363,-1.03129315380141,0.302403367848532,NA,"NUTM2A-AS1"
11.5472792558741,-0.0172498708135546,0.0493890645233822,-0.34926498365621,0.726890384133967,NA,"ATAD1"
5.18874909180533,-0.0921832844290189,0.0810546071071548,-1.1372985166303,0.255413514660557,NA,"RNLS"
8.1722048392102,0.0522203667460051,0.0551311794127837,0.947202060652748,0.343535825542474,NA,"STAMBPL1"
7.92040118001581,0.0679145977988735,0.0607766645205281,1.11744529474687,0.263803977594132,NA,"LIPA"
8.97491377285728,0.066220179088331,0.0642319598827036,1.03095373719342,0.302562514983696,NA,"KIF20B"
8.14104433189281,0.0826639161750569,0.0563851219222975,1.46605901267667,0.142632210662913,NA,"RPP30"
7.47942629630221,-0.0875469819501342,0.0692174557199778,-1.2648107480909,0.20593917755976,NA,"CPEB3"
10.0911834539845,-0.00471336603666154,0.0497978242791748,-0.0946500395326035,0.924592802412664,NA,"MARCHF5"
7.97255319273606,-0.0096985394953316,0.053879061075231,-0.180005725819713,0.857148073071507,NA,"FRA10AC1"
8.43897161392068,0.0457580162183983,0.0530177700703637,0.863069422906124,0.388099298429356,NA,"TCTN3"
13.317210384775,-0.0182422514324439,0.063000000562702,-0.289559543960447,0.772153220818435,NA,"ENTPD1-AS1"
14.9089294552738,-0.0482538865034723,0.0460714035890165,-1.04737174786175,0.294928156705116,NA,"ZNF518A"
7.51559219826368,0.0516745181425222,0.0634285978263485,0.81468801003601,0.41525091823103,NA,"RRP12"
14.8490910111512,0.0243224679096539,0.0465909462064064,0.522042797798116,0.601640532559211,NA,"PGAM1"
6.81856968397494,-0.0648072880413369,0.0576993105865535,-1.12318998931748,0.261356813273385,NA,"EXOSC1"
8.63798386597029,-0.0593178281532287,0.0541667034308355,-1.09509762263769,0.273473870109148,NA,"MMS19"
10.879663355358,0.0340341585768222,0.0505291512473914,0.673554922982786,0.500594319638135,NA,"PI4K2A"
7.09206185097928,0.077020610903678,0.0603602853618964,1.27601469147955,0.201950325744902,NA,"ZFYVE27"
21.3895347655603,0.0156269252013961,0.0360357119034968,0.433651074890509,0.664541839631083,NA,"R3HCC1L"
14.5608612580328,0.0459009700394559,0.0410272985543642,1.11879094302623,0.263229336437624,NA,"HPS1"
9.74424940258256,0.053054423391369,0.0555719717641625,0.954697515800275,0.339730686510199,NA,"SLC25A28"
6.80532006862006,-0.00207468265841607,0.0604134255380871,-0.0343414173246657,0.972604898084065,NA,"CUTC"
8.12133161876659,-0.118436987169224,0.0606995609987668,-1.95120006175383,0.0510332516512693,NA,"DNMBP"
10.8114085930124,0.0223011259736323,0.0534726381975049,0.417056773807597,0.676636881396736,NA,"CHUK"
11.9238841164141,0.0348568857845442,0.0444470324763593,0.784234263627929,0.43290266364826,NA,"CWF19L1"
10.9792327639822,0.0601509848409092,0.0500248535375841,1.20242200800683,0.229200066620852,NA,"BLOC1S2"
6.6880090080591,-0.00892769557911183,0.058623499057953,-0.15228868495697,0.878959248926129,NA,"HIF1AN"
12.1399075120639,-0.078091795379565,0.0446620710352516,-1.74850367592509,0.0803768496388688,NA,"SLF2"
7.35994370326454,0.00653248510865416,0.0569922484065538,0.11462058948885,0.908745859216605,NA,"MRPL43"
15.2606808046745,-0.0814363321180936,0.0430670785373572,-1.89091842037658,0.0586352350983026,NA,"BTRC"
15.2330252338584,0.0231155280188773,0.0459605793260994,0.502942485882697,0.615004709313816,NA,"FBXW4"
16.6959641135944,0.038450405799824,0.0420645843841788,0.914080249757223,0.36067467955288,NA,"ARMH3"
7.36663127870596,0.0351522296589991,0.0562396647155019,0.62504337173457,0.531942592662374,NA,"LDB1"
12.5216973995789,-0.0142996284677984,0.0461878256955437,-0.309597350653769,0.756867171244681,NA,"NOLC1"
7.8735958979922,0.00497829900713189,0.0527527651628222,0.0943703897182697,0.924814936392173,NA,"NFKB2"
6.56051609822558,-0.107760176372807,0.0611010339067541,-1.76363916422853,0.077792749532715,NA,"FBXL15"
5.87468027899573,0.105570718828182,0.0653942043226715,1.6143742388434,0.106446275999074,NA,"CUEDC2"
9.07732157562345,0.0400117414016696,0.052652567699841,0.759920040932598,0.447302381445081,NA,"ACTR1A"
9.04802487985427,0.066361011789773,0.0541718163124982,1.2250099093403,0.220571486924596,NA,"TRIM8"
11.3293134809437,0.00227520045672769,0.050756983460232,0.0448253678926824,0.964246504757625,NA,"WBP1L"
8.11745661981632,-0.0164554781127529,0.0604662791111925,-0.272143058157963,0.785512022857345,NA,"BORCS7"
6.96868367308606,0.0341834469829511,0.0687360708659442,0.497314532999987,0.618967264879594,NA,"CNNM2"
20.049427046375,-0.00234316524126736,0.0379541372212412,-0.061736754220196,0.950772470146047,NA,"ATP5MK"
8.69462647504607,-0.0288332002877285,0.0604632172288371,-0.476871751276525,0.633453448619116,NA,"STN1"
19.0693968473383,0.0339020556020315,0.0380332527990291,0.891379335371939,0.372725699977717,NA,"SLK"
9.41307603282196,0.0361980882503814,0.0592144377266012,0.611305108012871,0.54099760999155,NA,"GSTO1"
10.350906554488,-0.038036480353833,0.0551371378495234,-0.689852281735037,0.490287086680262,NA,"XPNPEP1"
7.71369756272257,0.00851435323491191,0.0627499809813741,0.135686945266791,0.892068768436187,NA,"MXI1"
12.8995678134559,-0.0052666334958071,0.0417590044869735,-0.126119709042633,0.899637166482222,NA,"SMNDC1"
21.4309454753271,0.0108124430844764,0.0375127217415712,0.288234033215834,0.773167598959493,NA,"SMC3"
9.79569923210707,-0.00815403683189364,0.0545701972622354,-0.149422894564769,0.881219947273956,NA,"ACSL5"
8.41442524170934,-0.00945698139231597,0.0519158044603083,-0.182159970179143,0.855457186519794,NA,"ZDHHC6"
4.27310624122296,0.127935819578295,0.0881117589614811,1.45197214408378,0.146509350819766,NA,"TCF7L2"
8.71331923199027,0.109524694974147,0.0535991781700442,2.04340250566302,0.041012609642249,NA,"NHLRC2"
16.7695352058709,-0.0281143726826521,0.0398023291854243,-0.706349936248145,0.479970546247488,NA,"FHIP2A"
11.7970186550638,0.0040537674303084,0.0480229664897232,0.0844130991194786,0.932727992867187,NA,"RAB11FIP2"
18.2836128878924,-0.0454610968718495,0.0359355284265366,-1.2650738381317,0.205844860179514,NA,"FAM204A"
16.0881694003499,-0.0306034043534464,0.0404681675962474,-0.756234002457879,0.44950890961939,NA,"CACUL1"
5.48577604832558,0.1207959594273,0.0867318616936236,1.39275183385324,0.163694848253786,NA,"RGS10"
20.1035732562477,0.0157508343002764,0.0349102576092881,0.451180695271803,0.651859321938909,NA,"TIAL1"
5.07650083962982,0.0334834117408632,0.070613545614487,0.474178310258843,0.635372759011456,NA,"INPP5F"
7.29668999536897,-0.154550099030304,0.0594010444434302,-2.60180777086315,0.0092733815144779,NA,"MCMBP"
7.94927774534721,-0.0446411827245125,0.053022334255729,-0.841931675606852,0.399826198812706,NA,"SEC23IP"
12.7586548710997,-0.00820101152857199,0.0416122440334623,-0.197081693599057,0.843763608868073,NA,"WDR11"
9.72472172033814,0.0459865314041295,0.0558850071425561,0.822877794160842,0.410577491654189,NA,"NSMCE4A"
20.5630692590822,0.027603962333319,0.0360863306984613,0.764942342406012,0.444305878763626,NA,"PLEKHA1"
10.8058177454302,-0.0229337683953272,0.0441478723241711,-0.519476187367039,0.603428714365116,NA,"IKZF5"
6.68329277802913,-0.0294577510793279,0.0608340101723654,-0.484231616424154,0.628221501214909,NA,"ACADSB"
20.1614530486944,-0.0171513755360449,0.0351915366799268,-0.487372168258513,0.62599461315512,NA,"BUB3"
6.84579395637135,0.0832676665935365,0.057038804178351,1.45984243170968,0.144333383891451,NA,"OAT"
8.66345148062236,0.00960058397665341,0.0584523040712465,0.164246459214874,0.869537128524846,NA,"EEF1AKMT2"
6.21631892064476,-0.0427003782704839,0.0588522558243684,-0.725552107941517,0.468113389767995,NA,"ZRANB1"
19.0393439882275,0.00959912552245434,0.0458780899683584,0.209231149968857,0.834267796381644,NA,"EDRF1"
8.45655884506985,-0.0357315802642919,0.0529968918119441,-0.674220299391953,0.500171265866626,NA,"UROS"
14.4061471183079,-0.00819651008148114,0.0441780400043749,-0.185533583668933,0.852810541539941,NA,"BCCIP"
20.6800177938013,-0.0934445018423744,0.0411297305236227,-2.27194539455358,0.0230898086476099,NA,"MGMT"
10.5712049753443,-0.0949764702689155,0.0460103621481945,-2.06424087606627,0.0389948836682135,NA,"GLRX3"
22.0186370239785,0.0112795623044478,0.0366284139368562,0.307945692758978,0.758123656302965,NA,"PPP2R2D"
15.732043144832,-0.0224210775733404,0.0571332826414713,-0.392434611433751,0.69473711662521,NA,"INPP5A"
15.2630608169292,-0.0045750258433809,0.0391203711178034,-0.116947403939602,0.906901732941956,NA,"TUBGCP2"
5.97080998352037,-0.0149621199987824,0.0650524701507267,-0.230000797265887,0.818091150194871,NA,"ZNF511"
5.2000504900077,-0.0266823986624727,0.0733242415642516,-0.363896006194512,0.715935667096339,NA,"ECHS1"
13.0835326992697,-0.0476414163897153,0.0460848934842452,-1.03377512212331,0.301241304452223,NA,"MTG1"
8.12200617189868,0.0704214623788266,0.0578984046292461,1.21629365834469,0.223873076438907,NA,"RIC8A"
14.8918949698989,0.0129371742373437,0.0401898464631725,0.32190155912137,0.747527271999137,NA,"PSMD13"
13.2059915519505,-0.0262924652948236,0.0500175463439648,-0.525664835976027,0.599121099902465,NA,"PGGHG"
10.1686236357191,0.0434198192211681,0.0504363902603786,0.860882767323606,0.389302613668912,NA,"RNH1"
7.61964788616642,-0.108068113620915,0.056409801245535,-1.91576838128762,0.0553945840342603,NA,"PHRF1"
7.85801123668183,-0.0832120204952271,0.0588530680606762,-1.4138943514285,0.157392924697382,NA,"IRF7"
8.86084497093084,-0.015240619050232,0.0619375312025354,-0.246064361209284,0.805632410641738,NA,"TALDO1"
14.6198329957319,0.0206902477786481,0.0472094401571622,0.438265052704913,0.661194156300053,NA,"PNPLA2"
5.58011030721669,-0.11431654303762,0.0724479309072009,-1.57791315233073,0.114585563029506,NA,"CD151"
13.5509989116857,0.0316708041992616,0.0429869351182941,0.736754181523012,0.461271851114174,NA,"AP2A2"
12.146519818062,0.00268455505535627,0.0470615290950581,0.0570435153080942,0.954510531350447,NA,"MOB2"
6.86222313780822,0.0119878233680321,0.0651360305084226,0.184042891076728,0.853979807363401,NA,"ASCL2"
17.6488138954468,0.0228051196628502,0.0466043237508385,0.489334847658634,0.624604653764503,NA,"C11orf21"
8.03510836196105,-0.0737278109979252,0.0589959478969127,-1.24970974492612,0.211405596216873,NA,"TSSC4"
7.45137338773916,-0.074996132155364,0.0624325675677227,-1.20123414873196,0.229660386365883,NA,"CARS1"
6.827545943727,0.0157196820558681,0.0607716883009183,0.258667851681695,0.795891526171039,NA,"ZNF195"
20.4361355685847,0.0143758501169344,0.0366559076524534,0.392183717103297,0.694922474286187,NA,"NUP98"
20.983740495812,0.0137426769966385,0.0422356593470979,0.325380903461207,0.74489280669591,NA,"RHOG"
6.09383289904613,-0.0273879866465871,0.0645540711941215,-0.424264281709332,0.671373085220706,NA,"RRM1"
6.17794459521503,-0.0945522116257453,0.0682300299022592,-1.38578587406737,0.165812297021469,NA,"FHIP1B"
3.82914540504847,0.0665340344119154,0.0919297945972039,0.723748320154945,0.469220262185486,NA,"TIMM10B"
4.42069543288635,-0.0224123732690299,0.0840334403321668,-0.266707791332098,0.789694154543882,NA,"DNHD1"
12.2426653230645,0.0288646977343467,0.0478419533038226,0.603334432251126,0.546286231367036,NA,"ILK"
8.85162325592025,0.0610907180630356,0.0591859734639984,1.03218236496855,0.301986694745803,NA,"TPP1"
21.7573668218837,0.00276969200695971,0.037065464714728,0.0747243297305583,0.940434049461874,NA,"ENSG00000291143"
10.3463960408775,0.036434726208796,0.0480397931354629,0.758428041229426,0.448194776193317,NA,"TMEM9B"
12.6408341329384,0.0820812786512876,0.0441589716506865,1.85876789207367,0.0630600454148989,NA,"TMEM41B"
13.9148308804161,0.0173761789704726,0.041741473673739,0.416280917781889,0.677204454258671,NA,"IPO7"
6.65784398515398,-0.121096300520382,0.0621260756877607,-1.94920247544686,0.0512712494688058,NA,"ZNF143"
18.791618889892,0.0148267063333083,0.0363831866627914,0.407515330383947,0.683629536874321,NA,"CTR9"
6.41164492665195,-0.00627775677379164,0.062122101346769,-0.101055125916441,0.919506699951281,NA,"ZBED5"
9.88708222400404,0.0243504772315399,0.062860443716092,0.387373613548106,0.698479635229382,NA,"MICAL2"
13.9702473507245,0.00377259291542194,0.0473852723596928,0.0796153050843496,0.936543222161457,NA,"BTBD10"
20.4903925435312,-0.0222551712866537,0.0347665682810489,-0.640131378706851,0.522087190456909,NA,"COPB1"
10.9081731547168,-0.0576744590287831,0.0465602162087549,-1.23870685587449,0.215454078815305,NA,"SERGEF"
9.64380744314249,-0.0386528561594181,0.0598023575923994,-0.646343350254985,0.518057019176678,NA,"GTF2H1"
15.8143773668328,0.0233027867375258,0.0388611906311352,0.599641605392705,0.548745112979222,NA,"TSG101"
5.33360892165153,0.0938018025973131,0.0753866909792604,1.24427536716154,0.21339823372098,NA,"UEVLD"
16.7520767256328,0.0577081078298678,0.0377419978947164,1.52901571323405,0.126260548585382,NA,"SPTY2D1"
6.04382624038571,0.0220383139667195,0.0697657156488916,0.315890316063427,0.752085762526853,NA,"ZDHHC13"
4.5943267063988,-0.0760091804669404,0.0718854619046274,-1.05736512575775,0.290344981223761,NA,"HTATIP2"
9.25682161791361,-0.0465277881006257,0.0536648085341282,-0.867007436932086,0.385937934904592,NA,"PRMT3"
5.49595399364538,-0.095540863118669,0.0668397832515811,-1.42940115109378,0.15288896776342,NA,"SVIP"
16.3474091135038,0.0141563378222366,0.0381065307286731,0.371493745338112,0.710269813690868,NA,"METTL15"
9.4843329730311,-0.0575375664789609,0.0545602276135514,-1.05456976621318,0.291622137309643,NA,"ARL14EP"
7.09414550360712,-0.0275377290753417,0.0687326164328376,-0.400650091681731,0.688677760353205,NA,"DNAJC24"
9.55706465160346,-0.0666268234761399,0.0513326795673787,-1.29794166284825,0.194307382053872,NA,"IMMP1L"
8.11509233317585,-0.0413874159543378,0.0543521584822024,-0.761467752341244,0.446377732994954,NA,"QSER1"
5.46548758718127,0.0907070933301522,0.0720420745102081,1.25908497148148,0.207999642072223,NA,"CSTF3"
14.787517862929,0.0349275964133718,0.0426225101502121,0.819463618878347,0.412521950655343,NA,"HIPK3"
12.8093750158638,0.0273634258903444,0.0463205158836158,0.590740957184011,0.554694000862257,NA,"FBXO3"
19.3331527050488,-0.0501220845289754,0.0395452681575808,-1.26746098494636,0.204990505569126,NA,"CAPRIN1"
5.55987744120416,0.0725253966209522,0.0624316972158556,1.16167587708208,0.245367147965835,NA,"NAT10"
7.22877350780214,-0.0106587438419585,0.0558653962863876,-0.190793309463298,0.848687530673857,NA,"CAT"
11.1724691698392,0.000134935243444978,0.0463374912534629,0.00291201011955722,0.997676555368429,NA,"TRAF6"
15.1337816541511,0.0817876094271797,0.0434887516296693,1.88066123681007,0.0600180158512274,NA,"API5"
5.4252313441296,-0.0185236976994682,0.0786795332139908,-0.2354322266896,0.813873275635767,NA,"ALKBH3"
15.0878484597818,0.0311171524231996,0.0430805048290297,0.722302409098775,0.470108572075546,NA,"EXT2"
9.92827700391971,0.0910546607158867,0.0532504895181174,1.70993096100849,0.0872786403723248,NA,"CRY2"
6.93870541298877,0.08341716018556,0.0582919609402473,1.43102340082653,0.152423508596737,NA,"PEX16"
16.4723054888912,0.0148227802726177,0.0379680360398835,0.390401554008406,0.696239638918272,NA,"ATG13"
9.38799958851827,-0.0403301618225913,0.054288451957029,-0.742886569219434,0.457550357755312,NA,"ARHGAP1"
12.7372209629234,-0.0180232007708384,0.0440021451607559,-0.409598229927042,0.682100695602898,NA,"CKAP5"
10.6755087283151,-0.0224742994434912,0.0591932124608058,-0.379676968172192,0.704185218897504,NA,"CSTPP1"
10.8988659597601,0.0707273997377221,0.0485665880515888,1.45629747888803,0.145310402179175,NA,"ARFGAP2"
7.29979578344861,-0.0516720342713598,0.0598153732503411,-0.863858761778522,0.387665482965115,NA,"DDB2"
10.2816150956987,0.0500533055331056,0.0528159759112405,0.947692524269973,0.343286007815032,NA,"PSMC3"
7.05063728123879,-0.0263309156693984,0.0547823552171242,-0.480645922670512,0.630768171216754,NA,"NDUFS3"
8.56882201410744,0.0457141484581758,0.0505557848770003,0.904231801947017,0.365872500383999,NA,"MTCH2"
13.0545538017311,0.0463605517156892,0.0439619549406854,1.05456073958131,0.291626267543445,NA,"NUP160"
6.94821038313695,-0.0524286509217345,0.0599997227112517,-0.873814887012846,0.382219071830027,NA,"SSRP1"
16.826760775664,-0.10546322387643,0.0410960471466751,-2.56626199352028,0.01028011480638,NA,"UBE2L6"
6.26893940745821,-0.0190019144149121,0.0630340248861675,-0.301454880110026,0.763067651066738,NA,"ZDHHC5"
8.21351449122149,-0.000168747851739568,0.0544366572650593,-0.0030998937153307,0.997526646625624,NA,"TMX2"
14.0770548930731,-0.144232756806829,0.0459484879532374,-3.13900986151312,0.00169519742846024,NA,"SELENOH"
20.1225260825464,0.00442699294075842,0.0357839892347741,0.123714349222316,0.901541449908756,NA,"LPXN"
18.3171391419129,-0.02330201618269,0.0381738490108039,-0.610418304323859,0.54158474585821,NA,"ZFP91"
15.5452056377632,-0.0546584550542291,0.0427235802832871,-1.27935099754762,0.200773481552747,NA,"FAM111A"
14.5540073534318,-0.00286927683266708,0.040669556358458,-0.0705509744777522,0.943755129824718,NA,"OSBP"
8.43153220720314,-0.0224688416223332,0.0529982141913782,-0.423954692910926,0.671598855761137,NA,"PATL1"
9.34768536069599,-0.0636283792912556,0.050390567639451,-1.26270415817742,0.206695519118872,NA,"MRPL16"
6.03779395024609,0.00955534290656134,0.0735627691205435,0.129893735931875,0.896650500303647,NA,"PRPF19"
8.08054202096975,0.043240841156817,0.055563840004777,0.778219092724683,0.436439862964402,NA,"TMEM109"
8.06116166713748,0.0317299597014799,0.0767651950797894,0.413337837134393,0.679359111828828,NA,"CD6"
15.7018764220773,0.00146813893846908,0.0409913345280557,0.0358158365755143,0.971429205407497,NA,"DDB1"
5.9468945024541,0.0312900367017582,0.0590376195618417,0.530001665615634,0.59611077595991,NA,"TMEM138"
12.3280301910837,0.0158090546048084,0.0456395350798221,0.346389475202997,0.729050033689343,NA,"CPSF7"
9.74267395780167,-0.0332203137523032,0.0568939951795269,-0.583898417530316,0.559288657918853,NA,"SDHAF2"
19.3502200744223,-0.0803027750790385,0.038268953678471,-2.09837916536021,0.0358716642644815,NA,"TMEM258"
8.80928328940404,-0.014376859753492,0.0505801262589056,-0.284239301418522,0.776226998794682,NA,"MTA2"
8.76717828710568,-0.0157550780659124,0.0515667294334358,-0.30552796811071,0.759964072159422,NA,"EML3"
9.47470369431842,0.0359811728250227,0.0552206850990153,0.651588671174678,0.514666557947127,NA,"B3GAT3"
11.3516166154357,0.01456284959254,0.0447766092369713,0.325233416301557,0.745004419680347,NA,"GANAB"
21.7336749725535,-0.0300444195206779,0.0365608256601729,-0.821765345234162,0.411210460594214,NA,"UBXN1"
16.5691885186571,-0.0537691070877979,0.0402561000225948,-1.33567601078144,0.181655193644447,NA,"POLR2G"
9.66762517314302,-0.0111221511366862,0.0513815694301598,-0.216461880398651,0.828627735800662,NA,"TMEM179B"
17.3949387949655,-0.0242410285468877,0.0386248593437682,-0.627601730044844,0.530264875092266,NA,"NXF1"
18.4586898946483,0.0568070288191257,0.04234606756037,1.34149478551083,0.179759861604181,NA,"STX5"
10.8616353987976,-0.0292527576360791,0.0591837097797133,-0.494270429227237,0.621115206063178,NA,"WDR74"
9.22888437990868,-0.0334511739949949,0.0520059841770284,-0.643217785882623,0.520082794058579,NA,"SNHG1"
9.65881885735213,0.0518112186642895,0.0549049177035712,0.943653516503122,0.345346734961635,NA,"SLC3A2"
9.20411125990423,-0.00255483852626787,0.0548850092393238,-0.0465489313325539,0.96287273476348,NA,"PLAAT3"
7.62390069675465,-0.00213564850457032,0.060806165967833,-0.0351222358880528,0.971982270674287,NA,"ATL3"
11.3794242688475,-0.0529571726835358,0.0504122793493958,-1.05048161612575,0.293496738847172,NA,"RTN3"
15.8974197795215,-0.0805547258700095,0.0439060554334583,-1.83470651313903,0.0665491867317792,NA,"MARK2"
18.4378062359599,0.0128840760198781,0.0355907957472203,0.362005843066445,0.717347664030438,NA,"OTUB1"
10.5773542013952,0.0725900005002558,0.0528170747362222,1.37436616591856,0.16932803445698,NA,"STIP1"
18.9972251008727,0.028550690109232,0.0360657213024015,0.791629532925243,0.428576721489617,NA,"FERMT3"
8.04925088537531,0.0144065301937543,0.0552650561309053,0.260680639853686,0.79433879714602,NA,"NUDT22"
4.11307805861565,-0.0382739276003181,0.0841832315202247,-0.454650254084425,0.649360874592235,NA,"PPP1R14B"
4.47874008652361,0.0198046029393061,0.0733239113290284,0.27009746998406,0.787085268463802,NA,"BAD"
21.6540994351318,0.0527051488147243,0.0387949166693882,1.35855811378278,0.17428665569614,NA,"TRMT112"
18.7694605342507,-0.0169666003058666,0.0475592839912405,-0.356746335983349,0.721281713790766,NA,"CCDC88B"
12.1249271673025,-0.0365328948597732,0.0446687148677552,-0.81786312787219,0.41343534662904,NA,"EHD1"
15.2810432826137,-0.00971666933795514,0.0509275188481546,-0.190794084568038,0.848686923384305,NA,"ATG2A"
5.66984816873667,0.0440353915749107,0.0617379194555055,0.713263290426348,0.475682848752576,NA,"NAALADL1"
20.067360215176,0.0273267674654613,0.0360701498808206,0.75760060758693,0.448690116339663,NA,"VPS51"
8.75919808216117,-0.0380585301960759,0.0508326831613006,-0.748701973399866,0.454036853985787,NA,"CAPN1"
8.15149269501903,-0.0844769250451355,0.0546692772620263,-1.54523581206759,0.122289234981127,NA,"DPF2"
7.30456266495949,-0.173307784019716,0.0563790904234083,-3.0739726859403,0.00211228770796084,NA,"SLC25A45"
5.2495406289391,0.024269722524091,0.0653212527255148,0.37154404594894,0.710232355974882,NA,"SCYL1"
6.53245097611339,0.0945869872748859,0.065691670972943,1.43986270822437,0.14990624548799,NA,"LTBP3"
8.05721087604277,0.00836424425757232,0.0596035449399348,0.140331322004444,0.88839821779493,NA,"ZNRD2"
10.7348845916129,-0.0680720116572637,0.0483451054297705,-1.40804350413818,0.159118188365266,NA,"EHBP1L1"
4.98158411954972,0.022295836626367,0.0724395500486845,0.307785410199022,0.758245624008981,NA,"MAP3K11"
6.69130764417109,-0.00558077482781985,0.0662734374426134,-0.0842083200022977,0.932890803281064,NA,"PCNX3"
8.86598347281287,-0.0418231990627518,0.051816720332853,-0.807137132456354,0.419587480919308,NA,"RELA"
6.40737598100243,0.0611070806658208,0.0604747808846168,1.01045559441398,0.312277063978334,NA,"KAT5"
7.77761195999397,-0.0813599109069847,0.0529104389449729,-1.53769109705552,0.12412416150651,NA,"RNASEH2C"
8.08125918812842,-0.0235585589881822,0.0614336520207938,-0.383479708811844,0.701364112504116,NA,"MUS81"
7.63091737073351,-0.0267693288962454,0.0562759006602155,-0.475680150511923,0.634302264310273,NA,"FIBP"
10.0466942282633,-0.0137695477754398,0.0526140369989136,-0.261708634441492,0.79354608317181,NA,"SART1"
17.9392536871857,-0.00297458738756173,0.0447108919655893,-0.0665293680531145,0.946956377172453,NA,"BANF1"
13.9272903633507,-0.0711136381869223,0.043161942057,-1.6476005202224,0.0994346736197822,NA,"RAB1B"
7.79542947102778,0.0171883057741272,0.0575246808277363,0.298798802997263,0.765093564311549,NA,"BRMS1"
6.42639244857395,-0.0633794780919497,0.0613863557638979,-1.03246849081118,0.301852701087024,NA,"MRPL11"
8.12777406287442,-0.0783337445099205,0.0583977672880331,-1.34138252449889,0.179796288465068,NA,"ZDHHC24"
10.0625589882282,-0.0942834986453066,0.0497495715301399,-1.89516202341937,0.0580709396794345,NA,"CCS"
14.3909185821986,0.0170721745103389,0.0443603861174382,0.384851801450569,0.70034721740462,NA,"RBM14"
17.5047386920441,-0.0256438986003541,0.0365458081785549,-0.701691927978814,0.482871308075266,NA,"RBM4"
16.6593334916814,-0.0320003499203731,0.0374862279992196,-0.853656172635971,0.393295524618093,NA,"ANKRD13D"
15.5356925081322,-0.0110595979144416,0.04089733854391,-0.270423414046059,0.786834529085138,NA,"POLD4"
9.32694992227049,0.0803245943593685,0.0544768538919341,1.47447197517516,0.140354557876824,NA,"RPS6KB2"
9.95353273393695,-0.0668837787119404,0.0558782076600824,-1.19695640774319,0.23132354619072,NA,"PTPRCAP"
6.43964491239658,-0.034462214278621,0.0615217375255091,-0.56016321490159,0.575368115276422,NA,"TMEM134"
13.5398411211816,0.0130519767574408,0.0485507081091466,0.268831851599336,0.788059081282405,NA,"AIP"
20.0240744058085,0.00110336800569509,0.0463004556458929,0.0238306079346967,0.980987725376447,NA,"CDK2AP2"
15.7263499958542,0.0427720621247975,0.0423439864567156,1.01010947961925,0.312442841016488,NA,"NDUFS8"
6.32349470638207,-0.0454483745728719,0.0740723940525107,-0.613566972611323,0.539501513945958,NA,"CHKA"
19.5257947528147,0.0648774759253063,0.0370790790657028,1.74970569820102,0.0801691099468031,NA,"KMT5B"
22.1433210664425,-0.0406941295587123,0.0388749550008028,-1.04679554118769,0.295193887294814,NA,"CPT1A"
7.20657448648215,0.0490766014290555,0.059603196895393,0.823388743982772,0.41028696194388,NA,"MRPL21"
5.80153906829833,-0.0551403884200105,0.0657875226247878,-0.838158760506881,0.401941544886384,NA,"IGHMBP2"
16.1273477681279,-0.0572711699062508,0.0408227235416476,-1.40292378698894,0.160639566766554,NA,"PPFIA1"
16.1351322082321,-0.0161072638055143,0.0377830562558429,-0.426309181990101,0.669882568088502,NA,"NADSYN1"
4.8015843114988,0.0238035619748633,0.0752105237671215,0.316492437262737,0.751628764582283,NA,"RNF121"
18.8935088821487,0.0233678631505807,0.0386986474890752,0.603841856674127,0.545948788202047,NA,"NUMA1"
14.5539357483572,-0.0257130216604592,0.0417219381157997,-0.61629499543124,0.537699841262498,NA,"LAMTOR1"
5.53567862104944,0.00797218367332958,0.0667010229773306,0.119521160508124,0.904862476537198,NA,"INPPL1"
17.4678589863831,-0.0226034715465887,0.0441159039263216,-0.512365599134928,0.608395162337112,NA,"ARAP1"
12.3500400234213,-0.0302066615056353,0.0497615884229868,-0.60702767863579,0.543832543652378,NA,"ATG16L2"
16.3354447471602,2.14805125428013e-05,0.0428244709955846,0.000501594346489792,0.999599785631932,NA,"FAM168A"
6.52722550393079,0.119006312047954,0.0648148606497091,1.83609608745626,0.066343446861749,NA,"MRPL48"
11.47126707679,-0.0768369988453988,0.0525377990003826,-1.46250890420513,0.143601806120109,NA,"C2CD3"
6.16488229243133,0.0211894975468446,0.0684723630520026,0.309460585298507,0.756971190005748,NA,"PPME1"
21.9479827257374,0.0121516323246505,0.0341001336831463,0.356351457081128,0.721577377953583,NA,"RNF169"
9.8684411498853,0.174143627426094,0.0540568371956029,3.22149123885959,0.00127525361285982,NA,"XRRA1"
21.4304781149035,0.0392545346157008,0.0392270268762867,1.00070124456541,0.316971265539428,NA,"ARRB1"
15.2946052945623,0.000885298670090965,0.043435925016319,0.0203817155904555,0.983738869666589,NA,"THAP12"
13.9491059194813,-0.0255385187166308,0.0444563067039585,-0.574463346375033,0.565654297148561,NA,"EMSY"
10.3885114772766,0.00708297611113412,0.0502801452294252,0.140870239710226,0.887972452933452,NA,"ACER3"
9.82133825590682,-0.0152384526623268,0.0475078373508958,-0.320756605900089,0.748394846570296,NA,"CLNS1A"
13.7916748143574,0.0366606633548101,0.0449694109296009,0.815235570067883,0.414937480916486,NA,"INTS4"
18.9613165409509,0.0140652712324508,0.0388044557026085,0.362465365839555,0.717004300471527,NA,"NDUFC2"
6.78960820313467,0.0891761397886029,0.06923612905212,1.2880000804417,0.197745935180373,NA,"NARS2"
7.07374710168628,-0.0170994135290552,0.0620138916496893,-0.275735211485327,0.782751448770497,NA,"PRCP"
6.765097126972,0.0057739665961759,0.0592226990001497,0.0974958367932759,0.922332640239269,NA,"CCDC90B"
7.30786881955884,0.0773617981949972,0.0607692055958445,1.2730427761308,0.203002863096112,NA,"TMEM126B"
15.6707582667895,-0.0321302405066758,0.0473415015820165,-0.678690777287914,0.497333811039381,NA,"CREBZF"
6.82868054517874,0.0179497163252515,0.0609689377744482,0.294407561956478,0.76844648923041,NA,"EED"
5.2574937020616,0.0488748612102403,0.0745797562956922,0.655336831840296,0.512250911916997,NA,"HIKESHI"
15.0039490251797,0.029512964253021,0.0415263315632107,0.710704826119709,0.477267168385548,NA,"CHORDC1"
8.10366081079648,0.00623208599306261,0.0659913912220651,0.094437863449359,0.924761339508246,NA,"SLC36A4"
6.46081110087713,-0.0116111872207042,0.0570238543619779,-0.2036198245562,0.838650599937976,NA,"CEP295"
6.46004963695893,0.0442224080788049,0.059567084130045,0.742396723369234,0.457847004223105,NA,"C11orf54"
12.2477267149282,0.0449746807639076,0.0462297502554369,0.972851475844136,0.330627124631929,NA,"MED17"
11.4223306932286,0.00629873035834277,0.0455153418796495,0.13838697235314,0.889934592507684,NA,"MRE11"
9.18332575577973,0.0563472345107801,0.0493454409570104,1.14189342354585,0.253498322580663,NA,"ANKRD49"
18.0451458556033,-0.0097318383865389,0.039684914123093,-0.245227653922927,0.806280165248356,NA,"CWC15"
7.98034003150941,-0.018392857209122,0.05460227558711,-0.336851477550214,0.736228864987893,NA,"SRSF8"
12.9041884382802,-0.00838512559248465,0.0445861979401991,-0.18806549963581,0.850825305794605,NA,"FAM76B"
18.6856154814393,0.061265987272678,0.0413904714758304,1.48019544325446,0.138821096149656,NA,"CEP57"
8.70015799689092,-0.0728828900471743,0.0536638861589901,-1.35813664018375,0.174420330764878,NA,"MTMR2"
13.5683519562876,0.014209686281849,0.0435484431028104,0.326296080167605,0.744200353656133,NA,"CCDC82"
4.08202050435948,-0.00294084859671377,0.0843727188067614,-0.0348554442514669,0.972195009342225,NA,"ARHGAP42"
9.31138402723767,-0.00492355868041413,0.0616117602034873,-0.0799126443418094,0.936306733263018,NA,"CEP126"
16.4254308159021,0.0755730796550265,0.0396146364234189,1.90770600157143,0.0564292256026399,NA,"BIRC2"
5.4704435107352,0.0956047800436559,0.0951474958605414,1.00480605589226,0.314990247270472,NA,"ENSG00000254987"
20.5272342893363,-0.00151064127335811,0.0388032549972825,-0.0389307874678015,0.968945570318708,NA,"CASP4"
8.2061064652113,-0.0378181316374877,0.0520670609969188,-0.726335055472511,0.467633394004945,NA,"CASP1"
15.1047822562369,0.0172661320501908,0.0414013931125236,0.417042296216066,0.676647470712356,NA,"CARD16"
7.02906169569575,-0.062135987071562,0.0623932724008995,-0.995876393087955,0.319310206658139,NA,"AASDHPPT"
5.08740576366468,0.0128958626417283,0.0777919741825583,0.165773690374086,0.868335051654044,NA,"ALKBH8"
15.1599918758617,0.0263641719793042,0.0386063162631479,0.682897891619626,0.494671366316274,NA,"NPAT"
10.87277234031,0.0414256092734344,0.0579328679531466,0.715062290838726,0.47457055367327,NA,"DDX10"
7.92191492201381,-0.0638005876565542,0.058401073294464,-1.09245573852496,0.274632835071114,NA,"RDX"
8.08639963522757,0.0347792493523146,0.0631917304895786,0.550376593311529,0.582061099607329,NA,"FDX1"
10.1435273516808,-0.0192667482520846,0.0523685960153491,-0.367906526392985,0.712942933677246,NA,"SIK2"
6.0441303314416,0.0444946789193775,0.0608973408562147,0.730650604669823,0.464992593813103,NA,"PPP2R1B"
7.90609573291414,-0.0366439096653039,0.0530237078471926,-0.691085387142424,0.489511882853845,NA,"NKAPD1"
7.7904824810993,-0.0120321400225173,0.0610886854662903,-0.196961842126343,0.843857398386606,NA,"TIMM8B"
10.1565909894545,-0.00381318831505448,0.0547130109844343,-0.0696943605633279,0.944436930487298,NA,"SDHD"
22.2056237147294,0.046311909240914,0.0360031401477269,1.28632972154342,0.198328013945599,NA,"PTS"
5.5307191155637,0.0397004304466426,0.0629720971357812,0.6304447882852,0.528403615178277,NA,"RBM7"
5.83072513521751,-0.0318016052041574,0.0673468445047138,-0.472206314015671,0.636779533364245,NA,"REXO2"
6.43581648492933,-0.0409150345235766,0.060269092670311,-0.678872581463826,0.497218599891454,NA,"ZPR1"
8.20823008501459,0.000990578343834602,0.0546679151480016,0.0181199217338511,0.985543185314694,NA,"PAFAH1B2"
5.50560752544209,0.0159032628889652,0.0655059206046772,0.242775961961363,0.808178958119786,NA,"RNF214"
6.92338439103606,-0.0454812724534348,0.0607788192472829,-0.748307930570206,0.45427444206654,NA,"CEP164"
8.28826072506247,0.00634223061696071,0.0625199393084662,0.101443326514904,0.919198544258713,NA,"MPZL3"
5.11712813554297,0.0110000576584977,0.137244777157792,0.0801491895451202,0.936118600952362,NA,"CD3D"
8.58377101591104,-0.0810440520791955,0.122957157600566,-0.659124313384605,0.509815943969814,NA,"CD3G"
16.6830971263082,-0.0342641041517626,0.0377633937445621,-0.907336464077638,0.364228896991184,NA,"UBE4A"
10.6237499614714,0.068722349995113,0.0491713907221312,1.39760842607574,0.162230686666574,NA,"ARCN1"
17.5176410298341,0.0280131810952078,0.0380661423880685,0.735908062593396,0.461786650252291,NA,"BCL9L"
10.7217175517498,-0.00360583294281877,0.0511302764520221,-0.0705224613092457,0.943777823515947,NA,"CENATAC"
6.81246170125889,0.0588085922613421,0.0645932458875097,0.910444914995576,0.362587919755901,NA,"TRAPPC4"
8.65262340310483,0.00232980021053487,0.0493821206973434,0.0471790230479147,0.96237054608461,NA,"HYOU1"
7.41288292553029,-0.0262429117504348,0.0600119549486657,-0.437294731906052,0.661897615399282,NA,"VPS11"
10.929868972972,-0.0833165000338316,0.0467654352555487,-1.78158290580533,0.0748172740870804,NA,"CBL"
13.6246056864685,0.0364618405564058,0.0466927425374156,0.780888818582212,0.434867888990192,NA,"ARHGEF12"
15.4078223741264,0.0574822469408949,0.251527791499365,0.228532388402258,0.819232379918331,NA,"GRIK4"
5.85430717624488,0.0200447124984829,0.0692251397442648,0.28955828146441,0.772154186788155,NA,"TBCEL"
5.05281593994613,0.124491814619462,0.0952494421543123,1.30700833310682,0.191209881375895,NA,"ENSG00000286044"
20.3421540815563,-0.187693137482816,0.0475792666958623,-3.94485141359143,7.98494755662866e-05,NA,"UBASH3B"
5.42359830062158,-0.083565335433729,0.102106084013751,-0.818416808762099,0.413119227020804,NA,"CRTAM"
7.47389198696582,-0.140945352334518,0.072186478120356,-1.95251736896654,0.0508768108659612,NA,"GRAMD1B"
6.51610558234,-0.0367546757945423,0.0626317696557206,-0.58683757455008,0.557312798647934,NA,"STT3A"
21.5431294958204,0.0518252709711991,0.0358919882071355,1.44392310261865,0.148760607217003,NA,"SRPRA"
6.95455445602578,0.063800317559922,0.0615537890667024,1.03649699762244,0.299970339390983,NA,"DCPS"
11.0132997068792,-0.0707145672816461,0.0546361913742685,-1.29428068653684,0.195568485138625,NA,"ST3GAL4"
21.422185406345,-0.0179899453876096,0.0378554933082611,-0.475226811631159,0.634625318655764,NA,"APLP2"
11.2762618151639,0.0277895057435737,0.0511550324636005,0.543240897429738,0.586963951403414,NA,"SNX19"
10.3263170475211,-0.0231546723592902,0.0509761275148907,-0.45422580113655,0.649666314433185,NA,"NCAPD3"
13.4084105153548,0.0477193101885093,0.0404612767052232,1.17938221614122,0.238246013326085,NA,"VPS26B"
6.13573408192431,-0.0147856680310609,0.0615380365054759,-0.240268764989686,0.810121907775481,NA,"THYN1"
17.911261425045,-0.0191308692987899,0.0404355912830533,-0.473119563526891,0.636127880095551,NA,"ADIPOR2"
10.8260937921691,0.0494629067544103,0.0494790224310557,0.9996742927436,0.317468156774055,NA,"ITFG2"
22.1553939554067,-0.00112224776609772,0.0355256902390208,-0.0315897526141538,0.974799215542122,NA,"CRACR2A"
9.66405132106439,-0.0131158914234002,0.0533095616928069,-0.246032625422428,0.805656977140696,NA,"PARP11"
12.0978802531354,0.082397841770421,0.0496788438027797,1.65861029490808,0.0971943459405523,NA,"TIGAR"
6.58877355660393,-0.0529829571584371,0.061257668106492,-0.864919589598645,0.387082924728963,NA,"C12orf4"
14.1757621355093,-0.00077855829831329,0.042419035926522,-0.0183539838025057,0.985356461857699,NA,"NDUFA9"
5.40649476540154,0.0821307837998349,0.0721000638024017,1.1391222069501,0.254652186376548,NA,"TNFRSF1A"
8.56645646127634,-0.0241816710309296,0.0547995316711991,-0.441275140379325,0.659013820983328,NA,"TAPBPL"
7.38700999284174,0.00469808466344572,0.0600284227801138,0.0782643362237748,0.937617785984983,NA,"MRPL51"
7.52546787794869,-0.0762427449570165,0.0621398935784699,-1.22695325927357,0.219840159087618,NA,"NCAPD2"
7.36658806584382,-0.0108321624743125,0.0602754657450912,-0.17971097096325,0.85737948009048,NA,"IFFO1"
5.32326468272128,0.0533091201018904,0.070246447517227,0.758887060997883,0.447920119678109,NA,"NOP2"
6.8971348152107,0.0348030526991095,0.0575416193897807,0.604832694459942,0.54529016757853,NA,"ING4"
9.01908390660518,0.0536719062052126,0.0540838700902968,0.992382869709649,0.321010792101663,NA,"ZNF384"
12.4136465804479,0.0120522458904207,0.0482594852713958,0.249738384540216,0.802789671962459,NA,"MLF2"
22.3864050985352,0.0198039192849089,0.034995266315083,0.565902802584858,0.571459856297244,NA,"C12orf57"
20.5736779312741,-0.0387990301357104,0.0394423964845165,-0.98368845693596,0.325268717073796,NA,"PTPN6"
16.9035113002946,-0.0147200300875054,0.0430927861504667,-0.341589193980349,0.732660070517307,NA,"PHB2"
8.03788536477431,0.0751837642905868,0.0565991737099941,1.32835445046985,0.184061039507609,NA,"LPCAT3"
10.9651199492052,-0.0746096601200922,0.0465161291232208,-1.60395246823853,0.108724530173373,NA,"CLSTN3"
10.4637065552736,0.0235919438793802,0.051758272530431,0.455810109688445,0.648526533634759,NA,"NECAP1"
4.59779340084904,-0.0907683377929826,0.0710486290620161,-1.27755227639584,0.201407336829953,NA,"PHC1"
19.9947810460213,-0.0094260003731672,0.0402186325577825,-0.2343689920244,0.814698529098059,NA,"M6PR"
17.7730153513164,-0.00291563547102538,0.0535961002722759,-0.0544001421038756,0.956616365641588,NA,"KLRG1"
4.37114594187757,0.0437804200818391,0.0820504920874862,0.533579006877355,0.593632835775542,NA,"A2M-AS1"
6.8864780746542,0.0875640383072595,0.0790767376582497,1.10732992913402,0.268151308950132,NA,"LINC00987"
20.5486425583664,0.045123942540508,0.0488626648976419,0.923485091020603,0.355754466367026,NA,"ENSG00000284634"
15.4670949388106,0.0410515681216663,0.046064657299079,0.891172767337338,0.372836491689782,NA,"ENSG00000291107"
11.9500339744317,-0.0117273984524606,0.0512258097376907,-0.228935345532115,0.818919168246828,NA,"GABARAPL1"
13.3028168051965,-0.0786994195620228,0.0506428389292072,-1.55400884362023,0.120182307151631,NA,"ENSG00000290036"
14.1787788952966,0.00973483967204371,0.0475622535162523,0.204675744994237,0.837825471907723,NA,"KLRC4"
21.1651691131642,-0.0196852396974748,0.0525913615821973,-0.374305572345905,0.70817698678472,NA,"KLRC3"
5.07126934599227,0.0607558350095572,0.0698307906163399,0.87004363652931,0.38427655778282,NA,"MAGOHB"
5.68251872318657,-0.386273124963318,0.113236201885706,-3.41121583496062,0.000646738748750951,NA,"YBX3"
13.5919425756183,0.0188824522199277,0.0416044017093692,0.453857078677217,0.64993169795891,NA,"SMIM10L1"
5.86995103136796,-0.0998951793580202,0.123348860368367,-0.809858956618609,0.418021243335513,NA,"ENSG00000275119"
17.29551507399,0.110180724535591,0.0514978228882785,2.13952199056301,0.0323934168920866,NA,"BORCS5"
15.7826218410384,-0.049356469224386,0.0398160972156901,-1.23961092813829,0.215119336649624,NA,"CDKN1B"
8.66491178360835,-0.00306892617200432,0.0544159999181016,-0.0563974966300938,0.955025151182974,NA,"H2AJ"
6.3159021109097,0.109238474361607,0.0682143946972859,1.6013991599042,0.109288538702655,NA,"ERP27"
19.4808324157843,-0.00457072826287505,0.0397269441549672,-0.11505360807631,0.908402631022719,NA,"STRAP"
9.74622839008072,-0.0625967577026983,0.0502230720448095,-1.24637452776383,0.212626928272673,NA,"DERA"
12.1066969929966,-0.0143509006734444,0.0428707863924532,-0.334747782372629,0.737815353664726,NA,"PYROXD1"
17.5597262451481,-0.0448682446979515,0.0404220654703102,-1.10999386537798,0.267001670003261,NA,"RECQL"
9.01229564192207,0.0342226132235273,0.0551424530898379,0.620621885786835,0.53484843623302,NA,"GOLT1B"
4.10913335511361,-0.0366848592560341,0.0848475022027279,-0.432362277069539,0.665478130645993,NA,"CMAS"
14.282514013618,-0.0143532829030334,0.0494844056170572,-0.290056690063301,0.771772868408318,NA,"C2CD5"
20.1755240521546,0.0278983334583082,0.038701416979117,0.72086077554633,0.470995178146453,NA,"KRAS"
14.5506827881102,0.047039030640893,0.0415809088096635,1.13126509226179,0.257943532146849,NA,"FGFR1OP2"
11.4985671295688,-0.0547718207276914,0.0470436780613298,-1.16427590241321,0.244312218957166,NA,"TM7SF3"
10.3858056353029,0.0778146941176471,0.0488307003836439,1.59356088498193,0.111034421247025,NA,"MED21"
11.2522506278544,0.0804860011328675,0.0603413436042432,1.33384502772669,0.182254650631968,NA,"MRPS35"
10.5072300923554,0.0463076917469891,0.0584159150754523,0.792723895314766,0.4279387051871,NA,"ERGIC2"
7.97384986793491,-0.00293988427339548,0.0517148594923865,-0.0568479601849889,0.954666308979657,NA,"IPO8"
9.18891998674519,0.046534932481467,0.0544785094575929,0.854188797468673,0.393000389246856,NA,"CAPRIN2"
13.2665293744715,-0.0106949282212994,0.0481395067815637,-0.222165305303779,0.824185201570785,NA,"SINHCAF"
6.74928927105333,0.0433111700838786,0.0596539227180963,0.726040604044636,0.467813879122342,NA,"BICD1"
17.2891040948304,0.0135947275528028,0.0436064133744547,0.311759819273897,0.755223062684651,NA,"DNM1L"
5.77142931951316,-0.0605198106417598,0.0732437143926958,-0.82627992236007,0.408645320109681,NA,"CPNE8"
7.0659838625631,0.261706393628386,0.0856765975667302,3.05458434462868,0.00225372632777719,NA,"KIF21A"
14.5919718354864,0.0405955835211,0.0465296633302564,0.872466736605469,0.382953806950652,NA,"SLC2A13"
9.56312127680958,-0.0631557862756571,0.0531982895527845,-1.18717700900877,0.235157807543783,NA,"GXYLT1"
7.88217972864963,0.015369174907777,0.0606106097966448,0.253572352420513,0.799825958208827,NA,"ZCRB1"
7.939061283041,0.00482574108959531,0.0551262101985823,0.0875398666480327,0.930242398040876,NA,"PUS7L"
15.1065209446935,-0.00520803836500472,0.0393460911822793,-0.132364822235514,0.894695737600928,NA,"IRAK4"
15.9307775911704,0.0249319362943395,0.047872016794523,0.520803967824308,0.602503338735032,NA,"TWF1"
17.0263206546324,-0.0286929713290006,0.0507454802408749,-0.565429102115161,0.571781934653275,NA,"TMEM117"
20.0566925782451,-0.041629061577007,0.0370478379882365,-1.12365697534699,0.261158575372071,NA,"ANO6"
9.97476729293761,0.00548451483539408,0.0560111169059804,0.0979183265457877,0.921997147439435,NA,"RPAP3"
13.7352669309516,0.0208478840381799,0.0455159099734062,0.458035092572263,0.646927229569583,NA,"HDAC7"
8.75904866211926,0.0499208714250177,0.0512986672489103,0.973141683833475,0.330482889425433,NA,"SENP1"
9.24166691850191,0.0239703302466953,0.0512969953775784,0.467285268274652,0.640295794907815,NA,"ASB8"
16.8565681076945,0.0278053067986467,0.0403110730458413,0.689768460567318,0.490339805634128,NA,"KANSL2"
20.7340279715145,0.0671477121532456,0.0363503443436762,1.84723730588063,0.0647127547898468,NA,"CCNT1"
10.4868902121142,-0.0281032317973585,0.0481491287441836,-0.583670619393157,0.559441937922404,NA,"DDX23"
20.3194423238435,-0.0550872974374864,0.0387516774956348,-1.42154613677541,0.155158050888393,NA,"FKBP11"
7.61219733459956,-0.0903649986116032,0.0552183266637787,-1.63650374923222,0.101734201674772,NA,"ARF3"
9.97045488642678,0.0735430139261181,0.0530235907377618,1.38698667711583,0.165445825406579,NA,"PRKAG1"
11.0135324196929,0.118079570308125,0.052935977223667,2.23061094743205,0.025706911015415,NA,"KMT2D"
9.47550992303151,0.0603731289385978,0.0535346238923234,1.12773985411813,0.259429801015099,NA,"LMBR1L"
5.83995071686508,0.025922968367545,0.062003884232002,0.418086200382999,0.675884094004151,NA,"TUBA1C"
6.31878123794876,0.0489739016039681,0.0617221467971417,0.793457521251287,0.427511308975637,NA,"SPATS2"
10.9226105392654,-0.00180513229269087,0.049392902109792,-0.0365463905862094,0.970846689057491,NA,"MCRS1"
9.19178091610626,-0.0450403663634415,0.0561442209625965,-0.802226223665078,0.422422109754273,NA,"FMNL3"
12.2693050044415,0.00314179225718515,0.0433728233033295,0.0724368860014693,0.942254231097952,NA,"SMARCD1"
13.243446980558,-0.0283751828499848,0.0463545396084463,-0.612133851175486,0.540449202526608,NA,"COX14"
8.11873822754072,0.0076266263775204,0.0571958039894803,0.133342410553808,0.8939225882762,NA,"CERS5"
11.633634265955,-0.019649368361499,0.0451769819914268,-0.434942032321413,0.663604504146494,NA,"LARP4"
19.3985195309353,-0.0275198784628588,0.0421601147108597,-0.652746764367085,0.513919548836669,NA,"DIP2B"
8.27012069898255,0.0243091590212368,0.0578919900266887,0.419905396412009,0.67455456538819,NA,"ATF1"
7.11049832101127,-0.0981497900910597,0.0606031059650615,-1.61955049214218,0.105328871820806,NA,"LETMD1"
15.1488018520984,-0.0618451319471227,0.041705566354026,-1.48289874359068,0.13810131531563,NA,"TFCP2"
8.20967195260428,-0.0256908812881519,0.0797687562450755,-0.322066965783209,0.747401963489635,NA,"TAMALIN"
8.7011996290421,-0.0585993288006048,0.0653570996180216,-0.896602345316538,0.369931146150791,NA,"KRT72"
3.69602855158907,-0.098043955042534,0.101793769535179,-0.963162632548459,0.335465914297869,NA,"KRT73"
6.13995844007981,0.0424380288701227,0.0702847623133651,0.603801271759481,0.545975773841266,NA,"CSAD"
5.65168825391404,-0.061905626230567,0.0649676395320348,-0.952868638547998,0.340656631743716,NA,"SP1"
10.427087142305,-0.00549724125954342,0.0496349217186131,-0.110753499133292,0.911811820722897,NA,"ATF7"
16.4903384527151,0.0218589017655737,0.0454380922140775,0.481069972361239,0.630466768559589,NA,"CALCOCO1"
8.98604497244976,0.00401670822774814,0.0558554826799769,0.0719125148512602,0.942671530426179,NA,"CBX5"
8.77889409292794,7.33085538567978e-05,0.0520622899497758,0.00140809315009997,0.998876504586627,NA,"COPZ1"
10.2169875175637,-0.0263887369803589,0.0528365659246006,-0.49944080427211,0.617468879335298,NA,"ITGA5"
10.0956077466299,0.00305444815396551,0.0471507840793938,0.0647804318338025,0.948348821853869,NA,"TESPA1"
17.7544489905303,0.00143015124405023,0.0377872283019432,0.0378474767353256,0.969809290506739,NA,"SARNP"
8.35954607187668,-0.0382270469663414,0.0538972704937241,-0.709257567519911,0.478164655155508,NA,"DGKA"
6.3341051705812,0.0388466097141204,0.061354367866094,0.633151494591276,0.526634717576522,NA,"RAB5B"
10.4345176427186,-0.016186222698986,0.0497760986538434,-0.325180621557938,0.745044374147228,NA,"ESYT1"
6.08155245751298,0.00497072990004811,0.0620777519656765,0.0800726466834122,0.936179477660161,NA,"ANKRD52"
10.8195033931345,0.0375023640113923,0.0470473010799646,0.797120411809615,0.425381102786382,NA,"CS"
14.2312341415527,0.0242493344854366,0.0433813390788842,0.558980773768691,0.576174841643195,NA,"CNPY2"
9.59827175270812,-0.0566984135032766,0.0466414963854263,-1.21562166519582,0.224129077165847,NA,"STAT2"
17.3279259416125,0.0328115868557066,0.0402436171328283,0.815323999018489,0.414886875050645,NA,"STAT6"
10.4733082542765,0.0436928723893838,0.0479203325199097,0.911781494237973,0.361883753967233,NA,"MARS1"
5.19101319612316,-0.0538124040553772,0.0757077569917993,-0.710791155273643,0.4772136623396,NA,"DDIT3"
8.07761213784606,0.0249813763431559,0.0554026724841488,0.450905619224476,0.65205757340887,NA,"DCTN2"
7.1100637654518,0.0096192471283664,0.0600505565189209,0.160185811522588,0.872734705833817,NA,"DTX3"
18.1356424460161,0.00457482149826879,0.0367723156938053,0.124409393641736,0.900991136081824,NA,"OS9"
5.79206134207816,-0.0617455005488816,0.065138388327887,-0.947912623168897,0.343173938140302,NA,"AGAP2"
8.57005718945981,-0.00149814192387933,0.0554108353331502,-0.0270369850025172,0.978430235039024,NA,"CTDSP2"
3.9370134673351,0.124417041086599,0.0909673997278051,1.36771020672112,0.171402803806015,NA,"GIHCG"
6.09736799504329,-0.0128985039256241,0.067039105908974,-0.192402684235344,0.847426789967501,NA,"XPOT"
18.9371496097713,0.00113909224837109,0.0429260389385913,0.0265361602546332,0.978829692033859,NA,"TBK1"
18.5008515657769,-0.0335282033965695,0.0407277021536695,-0.823228456888248,0.410378089174557,NA,"RASSF3"
8.12552137067369,-0.094639387476017,0.0554359586705025,-1.70718410478891,0.0877878384914706,NA,"GNS"
15.8322537932519,-0.0109900255143379,0.0394571031610775,-0.278530977539656,0.780604788826067,NA,"LEMD3"
10.2610102977194,0.0623328714089927,0.0503365119911203,1.2383232159588,0.215596238831338,NA,"LLPH"
12.3090041616906,-0.0379856202175757,0.0477809935830856,-0.794994355894318,0.426616785323995,NA,"HELB"
18.7147701077838,0.00813247289772683,0.0361318753473121,0.225077520044412,0.821918968723,NA,"CAND1"
10.716355576516,0.0396864802370612,0.046378703796298,0.855704816835114,0.392161075205427,NA,"DYRK2"
11.8148171640293,0.115670218541828,0.0718263168650271,1.61041556340958,0.107307165187622,NA,"IFNG"
10.7100269640466,0.00169900830461253,0.0471987468616039,0.0359968943581143,0.971284835294165,NA,"NUP107"
15.9491446355663,-0.0618228131633545,0.0416953872923472,-1.48272548063612,0.138147361881134,NA,"MDM2"
15.7266493137355,0.019921416711917,0.0400188533978756,0.497800786890473,0.618624461267617,NA,"FRS2"
20.9430105716844,-0.0190466764120514,0.0359566180602325,-0.529712677097314,0.596311157107756,NA,"CCT2"
9.45399019455006,-0.0949061725781143,0.0529589213901024,-1.7920714789303,0.0731215168622864,NA,"PRANCR"
11.8967651719404,-0.000399429008111956,0.0482967820399723,-0.00827030272495947,0.99340132836523,NA,"RAB21"
19.9187519637707,-0.0174107685315092,0.0348116076050239,-0.500142617056172,0.616974659991701,NA,"TBC1D15"
22.0577889714638,0.00359352313472348,0.0342726778583019,0.104850958818586,0.916494073573019,NA,"ATXN7L3B"
14.7817674621257,-0.0236753514716771,0.0411670332159806,-0.575104631598437,0.565220535735631,NA,"GLIPR1"
17.6529660533336,0.0598962696612988,0.0429220498701659,1.39546619610382,0.162875301645625,NA,"KRR1"
15.2822176120863,-0.0644151064962538,0.0391400614229197,-1.64575895270654,0.0998133962954227,NA,"ZDHHC17"
15.194792647241,-0.0056313639974604,0.0410056134872309,-0.13733153874686,0.890768742286665,NA,"CCDC59"
14.3636731850437,-0.0521996688854393,0.0439503157274545,-1.18769724452358,0.234952709770329,NA,"CEP290"
8.3482593987524,-0.00553983072011932,0.05662892173098,-0.0978268798130522,0.922069762748674,NA,"DUSP6"
9.36608024985199,0.042726504144569,0.0556109547100253,0.768310926639539,0.442302484645204,NA,"POC1B"
6.0938866682614,-0.00413595670278611,0.0651687137847819,-0.0634653726087798,0.949395932289994,NA,"ATP2B1-AS1"
6.4255562434772,-0.0763047377592862,0.0882649440641024,-0.864496528812956,0.387315186370569,NA,"BTG1-DT"
16.743470486734,-0.038684574357281,0.0414893107700298,-0.932398577833816,0.351130579496268,NA,"EEA1"
8.25138141168117,0.0957078402660506,0.0593503731108687,1.61259037221661,0.106833531558122,NA,"NUDT4"
15.285514161028,-0.0199106967146597,0.0407939317178551,-0.48807986571064,0.625493271922392,NA,"UBE2N"
6.78880877442687,-0.0459031467470277,0.0644592344556278,-0.712126774925109,0.476386275537633,NA,"MRPL42"
21.3221381303074,0.0286603705604187,0.0460144422345615,0.622855981048748,0.533379166920773,NA,"CRADD"
7.58487895052431,-0.00701814216301815,0.0569912619613057,-0.123144178975772,0.901992927724361,NA,"PLXNC1"
8.08157053476752,0.00854920061931396,0.0558427869025709,0.153094089559494,0.878324076782763,NA,"CEP83"
10.8635902937159,-0.029115949093649,0.0596096444028249,-0.488443596423623,0.625235668139698,NA,"TMCC3"
18.3649560470719,-0.0222279753944735,0.0415290001334036,-0.535239840185667,0.592484020382292,NA,"NDUFA12"
10.6204807648012,0.00489224338119849,0.0502439230328964,0.0973698526286526,0.922432685059566,NA,"NR2C1"
11.2858553324893,-0.0573079342986944,0.0465429033798754,-1.2312926383418,0.218213434231961,NA,"VEZT"
17.9542832781307,0.0178571619190447,0.0392462710767715,0.455002766609684,0.649107248470673,NA,"METAP2"
14.0056860631986,-0.0639766000213619,0.0430261329532914,-1.48692423952703,0.137034821447554,NA,"SNRPF"
8.36375051695744,0.0211096905195535,0.0527601160797592,0.400106976406975,0.689077726032453,NA,"LTA4H"
7.86003567111714,-0.0274189890141874,0.0564568735490797,-0.485662547189249,0.627206442088672,NA,"ELK3"
7.37101233965254,-0.0252614478115776,0.0601458268309794,-0.420003334272332,0.674483017927758,NA,"NEDD1"
18.7596019841427,0.0187746580574254,0.0379238126668899,0.495062514477004,0.620555993200245,NA,"TMPO"
5.26506897768767,-0.0460658662328589,0.0723898331481525,-0.636358231943716,0.524542958150538,NA,"IKBIP"
10.0068337502293,-0.0270495076473951,0.0546308429296032,-0.495132533141596,0.620506570506231,NA,"APAF1"
13.5423163643365,0.000841172696721709,0.0420846522790975,0.0199876356621224,0.984053235908847,NA,"BLTP3B"
6.19195385612867,-0.0199110942021122,0.0599120758161874,-0.332338580008482,0.73963361117228,NA,"ACTR6"
13.2734014956759,0.00115765039798953,0.0448175070097604,0.0258303166603491,0.979392680713502,NA,"SCYL2"
6.09512567703354,-0.0772016531548367,0.0760477674315222,-1.01517317026241,0.310023287461838,NA,"CHPT1"
8.67560034597379,-0.0579750062829147,0.0585743381904845,-0.989768012305648,0.322287523150843,NA,"WASHC3"
11.4758287151512,-0.041734746115598,0.0487191625616487,-0.856639234362603,0.39164429547063,NA,"TDG"
7.19226505286824,-0.0533246692940824,0.0625015911999563,-0.85317298760419,0.393563380770269,NA,"HCFC2"
13.3495486102986,0.0248030722465483,0.0463012919262949,0.535688556726048,0.592173813616164,NA,"TXNRD1"
14.4151230804976,0.00665749829910322,0.043456848142615,0.153197909734615,0.878242206005641,NA,"WASHC4"
20.343214899733,-0.00687358367046669,0.040533487104382,-0.169577901175041,0.865342103118403,NA,"APPL2"
9.91601825030367,0.0711177770812409,0.0470515488225248,1.51148641991558,0.130664565971734,NA,"TCP11L2"
7.30079562458513,-0.0260657327190884,0.0574604357390222,-0.453629221286723,0.650095717762729,NA,"RIC8B"
9.73750005459623,0.0246670083999171,0.049618059109977,0.497137712405141,0.619091942001144,NA,"TMEM263"
3.9145223192943,0.0741510310702456,0.0870983412315105,0.851348372676232,0.394575861454314,NA,"MTERF2"
11.8633697512763,0.0107172124795945,0.0451685832448413,0.237271388865591,0.812446256776321,NA,"PWP1"
6.13313402133191,0.0776200155864006,0.0602159188904969,1.2890281675773,0.197388294227849,NA,"PRDM4"
7.63769747667156,0.0672071173582838,0.0656035542521312,1.02444323519408,0.305625969550429,NA,"CMKLR1"
10.1682086881546,-0.0286864404605441,0.0483646827306328,-0.593127853651254,0.553095591005049,NA,"SART3"
17.1317560715927,0.0314894487804145,0.0377809957878284,0.833473234989726,0.404577886648805,NA,"ISCU"
15.099842875319,0.0196345273562033,0.0474731997559599,0.413591825643443,0.679173060780811,NA,"SSH1"
8.72348417079325,-0.0405156902828779,0.068474457325589,-0.591690564121304,0.554057816287033,NA,"KCTD10"
6.03901018312495,-0.0393921404514105,0.0659624397605142,-0.597190470734999,0.550380220644167,NA,"UBE3B"
16.1775935877715,0.0439997100320794,0.0444890175601901,0.989001610848145,0.322662353537932,NA,"GLTP"
12.9871646169091,0.0660316661965449,0.0405980005110574,1.62647582061487,0.103848472971988,NA,"TCHP"
20.5438450275842,0.0172432749848121,0.0357338981070141,0.482546710498047,0.629417624518753,NA,"GIT2"
11.5289935972297,0.000231176032476245,0.0494626988930019,0.00467374481478106,0.996270904747483,NA,"ANKRD13A"
11.9522283672277,-0.0178866042333856,0.0437442336980154,-0.40889056045339,0.682619976664995,NA,"ATP2A2"
8.48969957933242,-0.0942095867215155,0.0568641066856563,-1.65674961258609,0.0975701079630753,NA,"ANAPC7"
12.7597217457409,-0.032488061964958,0.042588073623638,-0.762844129839344,0.445556359362376,NA,"VPS29"
11.0916873564692,0.0645884626882956,0.049663117398713,1.30053178437746,0.193418769885965,NA,"PPTC7"
6.91474217143976,-0.0245209546094892,0.0720922458685355,-0.340133038082967,0.733756342629743,NA,"HVCN1"
16.9924466739223,-0.0399508533965142,0.0387110710920141,-1.03202655647407,0.302059677012679,NA,"PPP1CC"
9.40325491870891,0.0914641507927587,0.0520248241529666,1.75808668807472,0.0787327604454863,NA,"SH2B3"
16.2316342498961,-0.034181091957951,0.0451279129668187,-0.757426827672785,0.448794188527064,NA,"ATXN2"
8.34331256064307,-0.0705545530732611,0.0519984363631939,-1.35685912900261,0.174825975413128,NA,"BRAP"
6.8278624368093,-0.151112604053513,0.0598576593814423,-2.5245324594226,0.0115852305478285,NA,"MAPKAPK5-AS1"
7.12985600291145,-0.0289242900796771,0.0552250585810268,-0.523752999505452,0.600450347539642,NA,"MAPKAPK5"
17.770097322594,0.0206312224128588,0.0413122991352552,0.49939661661804,0.617500002256178,NA,"ERP29"
8.45987248186841,0.0263819117253688,0.0611118776606451,0.431698595023831,0.66596048869163,NA,"NAA25"
6.23682755148684,-0.0626586784549556,0.0604797134074045,-1.03602803195963,0.300189065040029,NA,"TRAFD1"
17.3951356979377,-0.0628557544157871,0.0403326086948673,-1.55843513349996,0.119130133568765,NA,"PTPN11"
7.12375875946734,0.0984613574368751,0.0596582809944427,1.65042230174294,0.0988565928434743,NA,"OAS2"
8.19611142240957,0.060576226208696,0.0539405188231034,1.12301897590852,0.261429435336594,NA,"DDX54"
9.70107950160697,0.00208415514378723,0.0514198381125475,0.0405321218480977,0.967668898543748,NA,"RBM19"
7.78649883798273,-0.0526537098069373,0.0542474940898581,-0.97062013076068,0.331737477629009,NA,"FBXW8"
4.76887387559007,-0.144316823789685,0.0787714253236319,-1.83209613380437,0.0669370992865993,NA,"TESC"
16.3592915241912,0.0323327855030199,0.0408787740984931,0.79094312919261,0.428977178971105,NA,"FBXO21"
14.7931584097711,0.0374002288119422,0.0433333111860638,0.863082644466143,0.388092029512012,NA,"PEBP1"
10.0196893313417,0.0195494533171533,0.0537418683396677,0.363765792316594,0.716032908880611,NA,"SUDS3"
7.89766000485775,-0.0209016542762911,0.0549702568009028,-0.380235703682357,0.703770458316454,NA,"BICDL1"
9.37101681998681,0.0858440130091192,0.0502914384210766,1.70693095493453,0.0878348864544623,NA,"RAB35"
9.07461907210011,-0.0140735418239118,0.0520355168000207,-0.270460306524835,0.786806150155646,NA,"GCN1"
4.66065176407103,0.0099072088282277,0.0825048804131598,0.120080276204454,0.904419556633069,NA,"TRIAP1"
18.9034161246158,0.0319699272383973,0.0399932676711621,0.799382723644007,0.424068524955673,NA,"RNF10"
8.23361673578366,-0.0442499652642063,0.0518116126661362,-0.854054969285445,0.393074532814269,NA,"POP5"
13.1000960958977,-0.0182925259275055,0.0452158240666242,-0.404560268558901,0.685800768484867,NA,"MLEC"
6.05830085534725,-0.0205978562720761,0.0624951400253345,-0.329591329241378,0.741708775111269,NA,"P2RX4"
15.167753499995,-0.026720413689735,0.0419185888042085,-0.637435907361756,0.523840945594738,NA,"RNF34"
15.6037369605671,0.0251458633828726,0.043639736859641,0.576214826036866,0.564469985188524,NA,"KDM2B"
16.4855125122887,-0.010808855471578,0.0399809432378269,-0.270350186769769,0.786890858795703,NA,"ORAI1"
18.6808259703172,0.0157261858038956,0.0370275277241733,0.424716063169101,0.671043672559573,NA,"RHOF"
5.60829266635028,-0.0231925880253879,0.0644815255931864,-0.359678028893265,0.719087924337433,NA,"SETD1B"
9.31178911597833,-0.0246161598826289,0.052287947840258,-0.470780761138922,0.637797304653021,NA,"PSMD9"
10.9171253276404,0.0424681978479549,0.0504077453861983,0.842493500206868,0.399511776406843,NA,"MLXIP"
6.60426777734011,-0.0234001812858066,0.0637778309716063,-0.366901491150182,0.71369249913238,NA,"VPS33A"
10.1807608128528,0.0300311279191674,0.0532231892584318,0.56424893617982,0.572584728040544,NA,"ZCCHC8"
15.7240029861089,0.0252015325603447,0.0397998569193666,0.633206612058991,0.526598728427577,NA,"DENR"
7.05196111739578,0.0598506207424296,0.0581319355527562,1.0295652496916,0.303214135033178,NA,"PITPNM2"
16.0416989467626,-0.0169164733029678,0.0442566350801145,-0.382235867511057,0.702286419598998,NA,"MPHOSPH9"
18.8330984165306,0.0142128201535377,0.0383175172717301,0.37092226129232,0.710695433938505,NA,"SBNO1"
5.74711107897161,0.0431047017801267,0.0663738641305711,0.649422816416578,0.516065120224513,NA,"KMT5A"
13.9527559288092,-0.00850079473217064,0.04149705158622,-0.204852981289724,0.837686991581183,NA,"TMED2"
7.9572306547441,-0.0275513429025269,0.0569471792400603,-0.483805225652783,0.62852410610307,NA,"EIF2B1"
9.255381661486,-0.0164289187002133,0.0496118506250903,-0.331149080173693,0.740531880372889,NA,"ATP6V0A2"
10.2490963334304,0.0220455341774507,0.0471665111849041,0.46739802507391,0.64021513530865,NA,"CCDC92"
5.89204338228518,0.0526987772391966,0.0741593645781021,0.710615274807217,0.477322674965891,NA,"ZNF664"
13.7458085218409,0.00120328799168502,0.0492437809001713,0.0244353290849938,0.980505368197286,NA,"NCOR2"
20.2921957585546,-0.0101396211344907,0.0407665431686917,-0.248724084662589,0.803574217314587,NA,"SLC15A4"
5.66267906440804,0.0921903963258527,0.0700417009607011,1.31622155175213,0.18809969211939,NA,"STX2"
22.1744305390552,-0.0222334965378347,0.0422786309327091,-0.525880238960947,0.59897141972201,NA,"RAN"
6.02062553369714,0.0467409505695609,0.0649553459275762,0.719585892463355,0.471780000619404,NA,"ULK1"
17.3689201356927,-0.00876286968570792,0.0385283367248906,-0.227439604992001,0.8200819267776,NA,"EP400"
4.33802744859576,0.0302152132704933,0.0779454616497547,0.387645574623246,0.698278337359268,NA,"ENSG00000291171"
9.06644506393163,-0.0098827723602388,0.0536101072633055,-0.184345319655856,0.853742563147605,NA,"FBRSL1"
14.7408766944912,0.00700503909636894,0.0457913502490815,0.152977343062939,0.878416142585597,NA,"ANKLE2"
10.0025578466472,-0.0552855740877306,0.0482127287944934,-1.14670078773979,0.251505304802274,NA,"GOLGA3"
17.2575256692753,-0.0144052315744963,0.0395060222276589,-0.364633814345675,0.715384770019511,NA,"CHFR"
6.21412420449024,0.0509561675926106,0.064722642010213,0.787300487278778,0.431105984512067,NA,"ZNF26"
11.7318262343315,0.0193992146360062,0.048135341412004,0.403013961612172,0.686937953609246,NA,"ZMYM5"
6.63065063002407,-0.0488936693298974,0.0626114773693548,-0.780905855989726,0.434857867621421,NA,"IFT88"
16.4485324206241,-0.0175741347460319,0.0443867784821495,-0.395931746952519,0.692155380116886,NA,"XPO4"
9.51734695681845,0.0591474044772841,0.0626912189970607,0.943471915581306,0.345439573783362,NA,"LATS2"
11.3628676006266,0.0344911344026215,0.0478922339838252,0.720182199357632,0.471412822313118,NA,"MRPL57"
7.80933233137607,-0.0125185225234487,0.0559743616203933,-0.2236474371668,0.823031648928589,NA,"SACS"
4.39009662472674,-0.00841347482017588,0.0796928510208604,-0.105573771202809,0.915920535972763,NA,"MIPEP"
11.7667786198484,0.0789057666523942,0.0486793281615006,1.62092965602592,0.105032725831305,NA,"MTMR6"
13.4709519862893,0.0267816697041001,0.0457503469407637,0.585387248292921,0.558287361024267,NA,"NUP58"
7.267381608697,0.00592728519558106,0.0648275227161644,0.0914316164992546,0.927149640620406,NA,"RNF6"
11.2625204714079,-0.0473549718621134,0.0542576960609298,-0.872778892213469,0.382783606789097,NA,"CDK8"
13.8230969908437,-0.0478102982323611,0.0418681385266537,-1.14192557669896,0.253484956228517,NA,"USP12"
10.0858166824337,-0.0180192953724322,0.052063137401556,-0.346104677354571,0.729264048399196,NA,"MTIF3"
17.8282338361297,0.00162550862570183,0.0400821304177254,0.0405544468011358,0.967651100442296,NA,"POLR1D"
22.3017758209541,-0.0297236340810048,0.0359597103490165,-0.826581576784523,0.40847426311101,NA,"POMP"
14.3546409561118,0.0602274555436739,0.0430825121543321,1.39795598102368,0.162126286227206,NA,"USPL1"
14.9297981045628,-0.0280596088129561,0.0528886682276906,-0.530541035598721,0.595736865429066,NA,"ALOX5AP"
13.6629942126254,-0.0269274106933753,0.0432162893989678,-0.623084745772236,0.533228833343087,NA,"HSPH1"
9.63542287421659,0.0124555936103228,0.0669467821657477,0.186052162738533,0.852403855432324,NA,"B3GLCT"
10.9632273066617,0.0179596589969381,0.0473762326083293,0.379085841320792,0.704624120014952,NA,"N4BP2L1"
6.60956489602423,0.0337781815654291,0.0588391966281668,0.57407618562316,0.565916247699062,NA,"SPART"
7.67840709630438,-0.0262684705124227,0.0566102581117671,-0.464023153905431,0.642631156981113,NA,"ALG5"
8.8551894697236,-0.069632570861303,0.0593179272089118,-1.17388745928468,0.240440106215997,NA,"EXOSC8"
11.5867229489076,0.015815801623463,0.0510927037709162,0.309551079824943,0.756902362663364,NA,"SUPT20H"
19.679975383181,0.0351598090293443,0.035991463871402,0.976892997599952,0.32862212882811,NA,"UFM1"
7.25601905516975,-0.051154125246656,0.0655543181652983,-0.780331893890934,0.435195544376576,NA,"NHLRC3"
13.508265797858,-0.0126364253565062,0.0427379741900367,-0.29567207140698,0.76748052782579,NA,"COG6"
20.9259649490606,0.0159666106658532,0.0501246815067976,0.318537897616125,0.750076952356862,NA,"FOXO1"
8.57050688326495,-0.0983282817959287,0.0618406120357623,-1.5900276300478,0.111828577130512,NA,"MRPS31"
6.6087957436494,-0.00869832537709598,0.0623846851011291,-0.139430460584926,0.889110003379428,NA,"ENSG00000290476"
18.7273143987734,-0.00671304274031689,0.0405083572351602,-0.165719945179365,0.8683773491085,NA,"NAA16"
9.06341722856004,0.0913750997958502,0.0690778767098151,1.32278385132916,0.185907269011299,NA,"RGCC"
12.1428141434876,-0.0341310925370478,0.0489234415318523,-0.697642918575676,0.485400534023064,NA,"AKAP11"
21.9415249908215,-0.0116327632870232,0.0420577602545569,-0.276590175430532,0.782094809375796,NA,"EPSTI1"
16.6789849815246,0.0445503738575713,0.0384186850062971,1.15960173676609,0.246210993558495,NA,"DNAJC15"
11.9576637240273,-0.0162532060585904,0.050605782514359,-0.321172902602162,0.748079365813842,NA,"TSC22D1"
6.69870080919652,-0.0157575848718812,0.0610005263186112,-0.258318834653621,0.796160851473131,NA,"GPALPP1"
15.0784637945291,0.0415038053219943,0.0446104448325807,0.930360714351867,0.35218435196012,NA,"GTF2F2"
18.966823475541,-0.0415262332929503,0.0421969321498813,-0.98410550666222,0.325063639672732,NA,"ENSG00000273149"
9.76311426628547,0.0165732731824382,0.0510118172289452,0.324890860250205,0.745263674449786,NA,"TPT1-AS1"
16.295669748376,-0.0388745635854101,0.0384904849906075,-1.00997853352319,0.312505574790169,NA,"COG3"
20.3558991133974,-0.0640397336948722,0.0411287782277592,-1.55705412254745,0.119457636066554,NA,"LRCH1"
5.04474742212453,0.0556798696628418,0.0784131562610506,0.710083260485959,0.477652506166117,NA,"ESD"
12.0189477965949,-0.0146627976437862,0.0458241788509974,-0.319979495791164,0.748983874046479,NA,"SUCLA2"
18.7988801767403,0.0589439562587981,0.0379165063019487,1.55457245426034,0.120047928360159,NA,"MED4"
3.80754568873804,-0.0198269548415183,0.0924848792826625,-0.214380501929629,0.830250345421322,NA,"LPAR6"
6.02394044786459,0.0764839790681069,0.0772620900544217,0.9899289420495,0.32220885199822,NA,"RCBTB2"
9.31544250829735,-0.0222866076295573,0.0509778062462049,-0.437182555913073,0.661978959542397,NA,"CDADC1"
4.92767978182896,0.0822948352084156,0.0723794270216781,1.13699207903052,0.255541596967381,NA,"SETDB2"
17.839539641661,-0.0158737637793511,0.0408419096414603,-0.388663603604788,0.69752500969071,NA,"PHF11"
21.4969188161755,-0.0316814477252436,0.0419571914028366,-0.755089810971039,0.450195096291069,NA,"KPNA3"
16.7603936997199,-0.0535440812055935,0.041223040356109,-1.29888724225695,0.19398262853273,NA,"RNASEH2B"
21.8861049919126,-0.0135601701899444,0.0338244209899547,-0.400898811955173,0.688494624649245,NA,"INTS6"
22.1099954932827,-0.0272993881606248,0.034085602693832,-0.800906717297528,0.423185651041746,NA,"VPS36"
6.05061569933103,0.0623376216596563,0.0620742553437232,1.00424276238957,0.315261614994045,NA,"ENSG00000290856"
13.746057759038,-0.0351524606628997,0.0467983746412489,-0.751147041587973,0.452564167659064,NA,"SUGT1"
12.9201763143336,-0.0339962385977,0.0506381156924232,-0.671356706955562,0.501993317629911,NA,"TDRD3"
11.5139762936171,0.0374737029738205,0.043613889382403,0.859214885543781,0.390221972339949,NA,"DIS3"
7.12158510500525,-0.0496023313736936,0.0588838925781512,-0.842375209958494,0.399577964604382,NA,"UCHL3"
10.7100244814108,0.0106673021195144,0.0499389816507162,0.213606720980491,0.830853757782724,NA,"FBXL3"
8.63866033322942,-0.0370174863269817,0.0666712590316901,-0.55522404803225,0.578741422114325,NA,"RAP2A"
8.49094533051167,-0.0235047887145925,0.0520568248667764,-0.451521750985502,0.651613552089279,NA,"IPO5"
19.8030891686331,-0.000907629871536424,0.0357459883003676,-0.0253910974263674,0.979743012044831,NA,"STK24"
16.4742182724202,0.0269240445978936,0.0450443590245429,0.597722893186776,0.55002484739158,NA,"DOCK9"
10.6590701619443,-0.0702381992599513,0.0959369920011784,-0.732128429241231,0.464090183153196,NA,"GPR183"
22.1999656825581,-0.0235025664234841,0.0348330615164561,-0.674720090635183,0.499853617782149,NA,"TM9SF2"
7.39102905944584,-0.0444843895275287,0.063104477256273,-0.704932382957132,0.480852316477803,NA,"CLYBL"
5.52337308764977,0.09622125170349,0.0792656886545652,1.21390797628487,0.224782866711821,NA,"TMTC4"
7.72670676821185,0.0715269456260843,0.0567073248010449,1.26133521334384,0.207188099362033,NA,"ABHD13"
19.1925327908224,0.0264520267880861,0.0504223226848559,0.524609446363938,0.599854718582049,NA,"IRS2"
11.8007057335578,-0.0532843335047261,0.0481705152134968,-1.10616075556934,0.268656945665183,NA,"CARS2"
10.8767458562764,-0.0146139348046669,0.052313221764286,-0.279354517114521,0.779972772201482,NA,"TUBGCP3"
9.92978679266133,-0.0641486130827499,0.0589353554423198,-1.08845721895293,0.276393312947616,NA,"ATP11A"
8.18904901158557,-0.0500547410195984,0.0612353493390272,-0.817415782875219,0.413690859199357,NA,"PCID2"
22.0999708161487,0.0164353292516121,0.0377129013019663,0.435801242657382,0.662980942180371,NA,"CUL4A"
21.3588403628968,-0.00874069881013976,0.0365235765661396,-0.239316617700664,0.810860080678081,NA,"LAMP1"
5.8522977720429,0.0149514228513415,0.0639467829505665,0.233810399233055,0.815132175903677,NA,"TFDP1"
13.1962657850659,-0.0695724057826515,0.0460809920484942,-1.50978532991294,0.131098209542533,NA,"CDC16"
21.5746971044172,-0.0469098531101686,0.0446788375712769,-1.04993450277959,0.293748227069745,NA,"UPF3A"
7.10467886984591,0.0430600231114633,0.0647511106829153,0.665008254797778,0.506045213276319,NA,"TEP1"
6.84068297447026,-0.172911191348757,0.0618054912790954,-2.79766712908956,0.00514731296257195,NA,"OSGEP"
8.24077306103989,0.0159029646266859,0.0531626898312627,0.299137697455895,0.764834983991094,NA,"APEX1"
6.07216109414046,0.0929247703156103,0.0619201872999219,1.50071849533516,0.133428387233462,NA,"PIP4P1"
7.92525686579848,-0.0379630895458275,0.0533783618277144,-0.711207467706827,0.476955681671314,NA,"METTL17"
8.53153126832727,0.00112818485845127,0.0542043135452456,0.020813562328569,0.983394378909338,NA,"RAB2B"
15.3639561466534,0.0193952625273718,0.0453023513471354,0.428129268142244,0.668557009114437,NA,"TOX4"
6.52797307591651,-0.033521216759818,0.0565753207012192,-0.592505996330933,0.553511806591008,NA,"METTL3"
3.50119246503416,-0.104030699994527,0.0988791751829724,-1.05209918875256,0.292754044317105,NA,"TRDJ1"
18.8193611917543,-0.00190687602124534,0.0370759497416496,-0.0514316163047129,0.958981591935135,NA,"DAD1"
13.0776805542587,-0.0278096893709975,0.0464821962943961,-0.598286905267215,0.549648512513735,NA,"OXA1L"
8.94067465938586,-0.0178161085738218,0.0579505776355296,-0.307436255180633,0.75851133585419,NA,"MRPL52"
12.30129956742,-0.00875581367783127,0.0470403506237939,-0.18613410745715,0.852339595379461,NA,"LRP10"
12.5721445099388,0.101795893419164,0.0449775229131772,2.26326144318056,0.0236195775937309,NA,"RBM23"
11.1515344289558,0.0849407577298582,0.0521483897116426,1.62882800791247,0.10334943380195,NA,"NGDN"
10.0819912662386,0.00479609117056771,0.0539056121868404,0.0889720193501216,0.929104147232741,NA,"AP1G2"
12.9907407739069,-0.0535636113803431,0.0469729552221488,-1.14030746260322,0.254158229863089,NA,"DCAF11"
7.60615416952473,-0.0867519591473773,0.0573982275255989,-1.51140484449084,0.130685335828619,NA,"RNF31"
22.2188519925351,-0.0134497148842936,0.0372165371939824,-0.36139081973667,0.717807309738962,NA,"CHMP4A"
8.4759972915016,-0.0135616336858577,0.0565740225813232,-0.239714856166774,0.81055131714033,NA,"TINF2"
6.94580814869975,0.0870071728297876,0.0625665532020972,1.39063394700271,0.164336456798157,NA,"DHRS1"
4.39317547099722,-0.0313133363470741,0.0735924652838985,-0.425496499217363,0.670474773083322,NA,"LTB4R"
5.65381707388603,0.0286436612325325,0.0636806184276293,0.449801869702082,0.652853309572773,NA,"KHNYN"
11.1610794459989,-0.0568080553017865,0.0484161779007571,-1.17332796112554,0.240664313581195,NA,"SDR39U1"
16.1600882446952,-0.0133728132932572,0.0417008015561345,-0.320684802071626,0.748449265690042,NA,"G2E3"
17.6793058978198,0.026756105481874,0.0370367112156368,0.722421203278373,0.470035554675466,NA,"STRN3"
6.18420333298386,0.00725483646166611,0.0715642385102479,0.10137516464494,0.91925265063536,NA,"HEATR5A"
12.2472541111275,0.020537762008072,0.0532505081897852,0.385681990768525,0.699732202132025,NA,"NUBPL"
11.356734538711,0.0394691985462718,0.0496369500925487,0.795157608851489,0.426521827140549,NA,"ARHGAP5"
14.9450928513306,-0.0126280257310912,0.0387531256610094,-0.325858250546138,0.744531604300961,NA,"SRP54"
16.6639031326527,-0.0175143578575523,0.0461937639649969,-0.37914983223328,0.704576603156587,NA,"PPP2R3C"
12.667868477929,-0.0734585675498513,0.0457565953545108,-1.60542031112045,0.10840133746718,NA,"PRORP"
5.32146674031132,0.0360708111714986,0.0707844199927895,0.509586872014675,0.610340923035947,NA,"MBIP"
13.4246697084365,-0.0145164673595637,0.0487093725118911,-0.298022056351063,0.765686329567809,NA,"SEC23A"
15.1455010985564,0.0489722890019488,0.0409200732965781,1.19677911246664,0.231392661689603,NA,"KLHL28"
13.0730051009291,0.0177914238589409,0.0450066799828965,0.395306293770214,0.692616855129045,NA,"TOGARAM1"
11.7645757151295,-0.024826199562959,0.0486109741673899,-0.510711829750027,0.609552855987104,NA,"PRPF39"
11.7881511510554,-0.0365616144054885,0.0507070821458707,-0.721035659285433,0.470887575323198,NA,"FKBP3"
9.63451389794541,-0.0297945248757676,0.0625102549291312,-0.476634192414446,0.633622631011961,NA,"DNAAF2"
6.38782532949555,-0.196041663178476,0.0663637337133867,-2.95404812551907,0.00313635091744865,NA,"KLHDC1"
11.7852587068402,0.0187265351133649,0.045566693826951,0.410969801418615,0.681094678319343,NA,"KLHDC2"
17.8217648709807,0.0462412079366758,0.0469393970596795,0.985125733035811,0.324562314717957,NA,"ENSG00000282885"
11.4313145931581,-0.0907147441506079,0.0554778200894785,-1.63515336407048,0.102016901706532,NA,"LINC01588"
7.25055917741919,0.00576969545740538,0.0571881200326846,0.10088975567142,0.919637975402752,NA,"VCPKMT"
6.71446085723971,-0.125088453151146,0.0610003633492006,-2.0506181649291,0.0403041459915163,NA,"DMAC2L"
10.3109037848035,0.0196276973463018,0.0484545093205763,0.405074731361832,0.685422579780427,NA,"TMX1"
14.8426703617279,-0.00880284857329976,0.0439586373930331,-0.200252989977685,0.841282726364628,NA,"RTRAF"
11.8412881721018,0.0331909748804909,0.0518906768761537,0.639632721687309,0.522411404085492,NA,"PTGER2"
8.83010366208853,-0.0336003341170958,0.0580284401148018,-0.579032178887144,0.562567460647186,NA,"TXNDC16"
8.60872076518549,0.0113923704813719,0.0572925103802708,0.198845720073299,0.842383430595689,NA,"ERO1A"
19.5051890109137,0.00367792939373627,0.0352582901480726,0.104313889819678,0.91692025556641,NA,"PSMC6"
6.40108783777188,-0.0342022843234545,0.0581783314723721,-0.587886992594426,0.556608147794178,NA,"STYX"
12.7138208508279,-0.0551889195397393,0.0662117066691437,-0.833522081155759,0.404550349791713,NA,"ENSG00000237356"
5.87019159160766,-0.0331793020906638,0.070609342330652,-0.469899605285807,0.638426746326114,NA,"CNIH1"
8.60126301926611,0.0697379181519679,0.0535514238749522,1.30226076368787,0.19282725957089,NA,"GMFB"
6.86443335873898,-0.0406054203030239,0.0621497535421126,-0.653348050294515,0.513531921752256,NA,"CGRRF1"
15.4238677547924,-0.0388179845343541,0.0437816674809672,-0.88662645275512,0.375280047141602,NA,"GCH1"
7.68954981244255,0.0303132124907065,0.0568817036251009,0.532916747544984,0.594091211499124,NA,"SOCS4"
4.04099403551871,-0.0249443100570514,0.0976756375160814,-0.255379035053081,0.798430361677676,NA,"LGALS3"
18.4524074596886,-0.0145803000190782,0.0441223709407849,-0.330451417459999,0.741058895891273,NA,"ATG14"
8.66302454501648,-0.0153458585173425,0.0528760260994401,-0.290223370577861,0.771645358136917,NA,"TMEM260"
8.95560346584704,0.0170116782230271,0.0531632098599271,0.319989674586033,0.748976157860468,NA,"EXOC5"
6.54446803283166,-0.00424751036303833,0.0619983728764778,-0.0685100296341783,0.945379636342866,NA,"AP5M1"
11.1842398095477,0.0290712700952556,0.0451696755223065,0.643601481726365,0.519833889174841,NA,"ACTR10"
12.0478476009952,-0.00632667012230355,0.0461375563462769,-0.137126250788401,0.890931003332077,NA,"PSMA3"
22.1956244301576,-0.0467959457337215,0.0336541548093214,-1.39049534890593,0.164378510692022,NA,"PSMA3-AS1"
4.91621268952757,0.0845139008010029,0.0788125105529809,1.07234118299263,0.283566815521078,NA,"TIMM9"
13.5550633554491,0.0366754609161148,0.0419346241147659,0.874586614052913,0.381798873809401,NA,"KIAA0586"
15.4776919770901,0.0555107888596944,0.0460512688262666,1.2054127991373,0.228043982886626,NA,"DAAM1"
10.824463211091,-0.0524783377166404,0.0502945421049478,-1.04342013109764,0.296753753921153,NA,"SGPP1"
8.81363336814719,0.00515256889249181,0.0513849525216646,0.100273886412942,0.920126888607651,NA,"ZBTB25"
5.03047093309368,-0.112482105016509,0.0773852968675198,-1.45353328823011,0.146075744167683,NA,"AKAP5"
12.9714089488978,-0.0712421424646419,0.0464742279065787,-1.53293869901079,0.125290959627548,NA,"PLEKHG3"
17.9622180502444,-0.0313702931880279,0.0442711004824798,-0.708595287809543,0.47857566135087,NA,"CHURC1"
21.8302615189258,-0.0284531310129268,0.0375968040480585,-0.75679653452874,0.449171769336546,NA,"GPHN"
12.6825884874563,-0.00465945213493443,0.0434321353112634,-0.107281212437328,0.914565888818685,NA,"ATP6V1D"
6.95817496780352,-0.0899529483966928,0.0601540309025363,-1.49537690237979,0.134816105116566,NA,"EIF2S1"
5.84374883114358,0.052028839317691,0.0621834530781576,0.836699101484387,0.402761724333934,NA,"PIGH"
13.3097124098874,0.0465141529613337,0.043785919710635,1.06230846054459,0.288095674782641,NA,"VTI1B"
6.37491353131636,-0.0749883108431533,0.0588230036215435,-1.2748126791623,0.202375551838784,NA,"RDH11"
7.27091142053303,0.0622185216670747,0.062887079784945,0.989368911385986,0.322482679317611,NA,"ZFYVE26"
16.717705386541,-0.0198016960271791,0.0405681905200668,-0.488108929023695,0.625472686828096,NA,"ERH"
7.17456262110424,0.0333165503285412,0.055109922939506,0.604547213123717,0.545479889670925,NA,"SLC39A9"
13.5913236425594,0.0612113760716891,0.0442334438237532,1.3838256934184,0.166411833715759,NA,"COX16"
10.0571829081348,0.0706916602917888,0.0503429380277654,1.40420211972532,0.160258670836048,NA,"MED6"
12.7743989759902,-0.0409629108603039,0.0447076690521471,-0.916239019585761,0.359541544048261,NA,"PSEN1"
16.2654267092278,-0.011074422529853,0.0378253768943842,-0.292777585819567,0.769692161825741,NA,"NUMB"
11.5754456292759,0.101161432539355,0.0451556772319032,2.24028159338251,0.0250726474445289,NA,"MIDEAS"
13.5866781897217,-0.0290882649426221,0.0430227306488594,-0.676113870596292,0.498968350789408,NA,"ZNF410"
7.9277674465422,-0.0572953682811839,0.056408913935454,-1.0157147919342,0.309765222035418,NA,"LIN52"
6.5244964096159,-0.043361279466818,0.0658181191053573,-0.658804597521362,0.510021254628883,NA,"NPC2"
15.7184007347739,0.0527067608503549,0.0465370016574237,1.13257749689911,0.257391723079738,NA,"AREL1"
13.7890758755538,0.00812649246210452,0.047955739820435,0.169458181492628,0.865436262932992,NA,"DLST"
4.01315907202758,-0.0535908500860036,0.0841502137968342,-0.636847462032469,0.524224207238748,NA,"ACYP1"
9.58804857876786,-0.0373363597151895,0.047357310521461,-0.788396961399861,0.43046454762982,NA,"NEK9"
7.05901232841642,-0.0505420290613277,0.0732257146695256,-0.690222407380093,0.490054334238936,NA,"BATF"
12.1285618180172,0.067681001056273,0.0517376280979828,1.3081581731597,0.190819665610106,NA,"TTLL5"
6.4212415658271,-0.054543707870726,0.064033763817345,-0.851796062251015,0.394327292297691,NA,"IFT43"
13.1492847081654,0.0162147304117684,0.0473796872623961,0.342229578721546,0.732178127072915,NA,"GPATCH2L"
7.84123139613217,-0.0127351035547838,0.0540563658681533,-0.235589339946483,0.813751346147997,NA,"AHSA1"
17.7686196946954,0.0373718893682605,0.0405008708273191,0.922742859717771,0.356141224632821,NA,"SPTLC2"
8.41847482474585,0.0592783825782076,0.0540708554198719,1.09630931705996,0.272943433413834,NA,"SLIRP"
16.8461152441748,0.0414237193556109,0.0415044507281159,0.998054874330615,0.318252750296933,NA,"SNW1"
9.31766150042234,0.0362875555665727,0.0512661805721567,0.70782639084061,0.47905307548434,NA,"CEP128"
14.4204845749221,-0.0201465000944386,0.0412593637322251,-0.488289160860312,0.625345037931976,NA,"SEL1L"
15.8249309141739,-0.0190429711859201,0.0410970386096916,-0.463366019308003,0.643102031273203,NA,"GALC"
11.3948899055293,-0.149125553747573,0.057740151580239,-2.5827011129394,0.00980302082979362,NA,"HISLA"
8.83398210427409,0.106564987658989,0.0516743914362503,2.06223981932048,0.039184909404567,NA,"ZC3H14"
14.2938670379385,-0.0321522762053101,0.0398416373423411,-0.807001879190864,0.419665400487296,NA,"PSMC1"
9.41854251919096,-0.00311358939952066,0.0618557119052963,-0.0503363279415116,0.959854374938953,NA,"NRDE2"
19.9825105075746,-0.0315960931298961,0.0382968054591009,-0.825032081687316,0.409353377099524,NA,"DGLUCY"
6.0922952568928,-0.0987336984347354,0.0834713501139062,-1.18284535112948,0.236870443306894,NA,"CATSPERB"
18.226191049973,0.0102195158197602,0.0420044955725813,0.243295763476114,0.807776286070253,NA,"TRIP11"
11.0968630001554,0.0338941579077736,0.0538611231307571,0.629287989882604,0.529160532667317,NA,"ATXN3"
11.5067615663998,-0.0660109245091556,0.0495026850744204,-1.33348169720324,0.182373777926382,NA,"NDUFB1"
6.30403160517664,-0.0408111943289905,0.0603760078300134,-0.675950527300397,0.499072056063761,NA,"CPSF2"
6.5459199475878,-0.0454228790762595,0.0586710529279178,-0.774195737241417,0.438815048739467,NA,"GOLGA5"
10.3030944233899,-0.0340756418754191,0.0483070922107689,-0.705396253758011,0.480563674712735,NA,"ITPK1"
8.85516607927673,0.0634652132137326,0.0533393796571426,1.18983785753935,0.234110126829045,NA,"MOAP1"
18.8310310917231,-0.011450699378989,0.0402576282665323,-0.284435518733933,0.776076642532147,NA,"BTBD7"
9.50225370106923,-0.0417020810772014,0.0542862088910597,-0.768189231281339,0.442374770279462,NA,"IFI27L2"
20.7784824491961,0.00569143985425488,0.0367473571864387,0.15488024962936,0.876915724261521,NA,"DICER1"
8.33024891634636,-0.0328516130184762,0.0549216668721951,-0.598153968904899,0.549737202353447,NA,"GLRX5"
14.3905817136328,0.00379874950045261,0.0413858931766978,0.0917885107428704,0.926866072623688,NA,"ATG2B"
12.2788612905665,-0.0235305424612693,0.0476091532989676,-0.494244086079547,0.621133808111889,NA,"VRK1"
13.8555679301904,-0.00680594126014001,0.0467147991834282,-0.145691330779698,0.884165065379861,NA,"ENSG00000289137"
16.837790296296,0.0503971593936811,0.0438782406165896,1.14856837205608,0.250734004963264,NA,"SETD3"
16.2060528357527,0.0135985138491874,0.0395055671923021,0.344217658817392,0.730682603034317,NA,"WDR20"
19.5562368015464,0.061813151575054,0.0497303353250929,1.24296671580785,0.213880098929151,NA,"RCOR1"
17.7539451890859,-0.0236134001573822,0.0401888766018016,-0.587560592731861,0.556827268384332,NA,"TRAF3"
9.11905838514904,9.84088851504122e-05,0.0538376764906533,0.00182788135679475,0.998541562498577,NA,"BAG5"
21.4256667535578,0.0149417304469345,0.0350568448152088,0.426214353450664,0.669951659436468,NA,"KLC1"
6.73912350330958,0.0841842564955837,0.0585313843269807,1.43827550746614,0.1503558984211,NA,"COA8"
6.39825470075167,0.0913866214167841,0.0650036677323014,1.40586869333486,0.159763119189161,NA,"PPP1R13B"
10.8966180730681,-0.0113782893358395,0.0533673607896231,-0.213206895890791,0.831165589783513,NA,"SIVA1"
10.1822115075836,-0.0270840617890818,0.0488810914379488,-0.554080545101232,0.579523723915618,NA,"AKT1"
10.318648217529,-0.0315901339243533,0.0491885257981844,-0.642225669741852,0.520726668146544,NA,"BRF1"
5.02581120932041,-0.0102421412961445,0.0703873482546296,-0.14551111172839,0.884307343231996,NA,"PACS2"
6.33111670434717,0.05761739677323,0.0654692606177733,0.880067931568916,0.378822510224257,NA,"MTA1"
8.52530955836063,-0.0393712669507993,0.0571495545351105,-0.688916427626941,0.490875860928752,NA,"ENSG00000290399"
8.03272882701311,-0.0504509972508416,0.0543608339189422,-0.928076219839994,0.353368033958043,NA,"NIPA2"
5.75920407044809,-0.0339647735403922,0.0680877166328731,-0.498838486881991,0.617893171792749,NA,"TUBGCP5"
4.88068785121946,-0.0423280623062733,0.0730017117133248,-0.57982287418813,0.562034070474855,NA,"SNRPN"
14.902855147103,-0.0589907100894472,0.0444366424791035,-1.32752401618074,0.184335400894995,NA,"SNHG14"
18.8248384036057,-0.0225432093655805,0.0476812306353412,-0.472790006994315,0.636363004190743,NA,"HERC2"
10.3948797934428,-0.0749683488109927,0.0575093867945466,-1.30358456227013,0.192375267082012,NA,"ENSG00000290879"
13.1316330820662,0.0368010126903744,0.0454960863831195,0.808883040630694,0.418582424863068,NA,"NSMCE3"
7.05710774137241,-0.0567949279941693,0.0606120579782433,-0.937023587197053,0.348746425062596,NA,"ENSG00000290876"
4.2536942146321,0.169201097839606,0.0835670386313566,2.0247348788559,0.0428945951036341,NA,"ENSG00000270055"
10.1306265920532,0.0415517199041262,0.0487699315925535,0.851994631677331,0.394217071610899,NA,"MTMR10"
9.82151439173208,0.0371151918624875,0.051877024298078,0.715445659512559,0.474333707317999,NA,"LINC02256-1"
9.29801126684224,-0.0540265110587834,0.0613309725319678,-0.880900935177946,0.378371441280312,NA,"AVEN"
10.7331904800245,-0.0146722718751195,0.0500217154228725,-0.293318046993857,0.76927906049059,NA,"EMC7"
10.3618009904478,0.00256987196090696,0.0545945073482001,0.0470719873799115,0.96245585341309,NA,"KATNBL1"
11.901753724044,-0.00366614701844933,0.045717928622924,-0.0801905757517423,0.936085685484529,NA,"EMC4"
15.3610422168483,-0.0436678010356808,0.0483632913197508,-0.902912102217651,0.366572547057809,NA,"SLC12A6"
12.2429729817891,-0.0940838701169355,0.0489414186010898,-1.9223772584892,0.0545583049914992,NA,"NOP10"
15.2371873923102,0.0157664521253268,0.043819893941596,0.359801238824098,0.718995776704195,NA,"GOLGA8A"
22.0503380886418,-0.035319321798406,0.0379552658826248,-0.930551294453573,0.352085718846153,NA,"GOLGA8B"
21.4656295014171,0.0243268772653094,0.0357918947993421,0.679675591406705,0.496709894481482,NA,"AQR"
7.46130758757059,0.0252536861336516,0.05719800927118,0.441513375298115,0.658841380622801,NA,"ZNF770"
7.34765223144106,0.0411198856832969,0.0628004392892098,0.654770669579727,0.512615417419782,NA,"DPH6"
7.65805838690278,0.111550058048692,0.0662178136729049,1.68459288915388,0.0920671442258906,NA,"CDIN1"
8.11192547010919,0.0178307263199302,0.0582931476024407,0.305880314467419,0.759695774833293,NA,"FAM98B"
7.16067726006949,0.0676314347228378,0.0648686874162492,1.04258984444776,0.297138294742279,NA,"EIF2AK4"
17.2567036189512,0.0204754894186165,0.0376324406919624,0.544091455194659,0.586378540207802,NA,"PLCB2"
7.848010869773,-0.0370510795082631,0.057774134796977,-0.641309119357021,0.521321865462157,NA,"IVD"
7.98146483496828,-0.0506428835360135,0.0555005002706522,-0.91247616308051,0.361518112085057,NA,"CCDC32"
7.32230725783277,-0.0651652660980784,0.0544612425156672,-1.19654387391789,0.231484388011719,NA,"RAD51-AS1"
11.6284574707157,-0.0582487343526789,0.0477240288599044,-1.22053262778107,0.222263028589353,NA,"RMDN3"
11.3290594998573,0.072250249768946,0.0549502529921193,1.31483015700233,0.188566989810922,NA,"GCHFR"
6.59926743386906,0.0100856067584904,0.0631844205957246,0.159621733702704,0.873179057480805,NA,"DNAJC17"
20.4241099202223,-0.0111533750817194,0.0367224805961874,-0.303720633809182,0.761340736652777,NA,"INO80"
7.46363469320354,0.0258604468615597,0.0565281746420055,0.45747889482253,0.647326868633893,NA,"CHP1"
15.7308574504267,0.0309424578905349,0.0400643346452139,0.772319275099489,0.439925351979794,NA,"OIP5-AS1"
15.3840454953848,-0.0229049390737648,0.0417662064208699,-0.548408415237816,0.583411499481848,NA,"MGA"
8.98236384063828,0.0341578062476318,0.0548989733909573,0.62219389795107,0.533814377959208,NA,"EHD4"
13.0732822001072,-0.0309781316312201,0.0430841515455593,-0.71901454525482,0.472131957733848,NA,"VPS39"
10.2782332013558,0.0463384101235942,0.0481161338403174,0.963053479678502,0.335520685769065,NA,"SNAP23"
5.76855424115437,0.0697323828511102,0.0641438742285014,1.08712458812046,0.276981752656671,NA,"HAUS2"
8.1946264131104,-0.00731065630268184,0.0652104423487242,-0.112108675226996,0.910737238955246,NA,"STARD9"
8.9589441982393,0.0086109299004979,0.052742884803923,0.163262398947458,0.870311837927034,NA,"TTBK2"
11.6542521782556,-0.0164039644878391,0.044006698012773,-0.372760630281278,0.709326606820275,NA,"TMEM62"
13.3670599169604,0.0218257724496816,0.0452097190918841,0.482767265271501,0.62926099616407,NA,"CCNDBP1"
13.3766405714874,0.000274464082499312,0.0433198048599247,0.00633576451664072,0.994944825132043,NA,"TP53BP1"
5.08451782098063,-0.0216835504981324,0.0774829770022635,-0.27984921768686,0.779593189418128,NA,"MFAP1"
20.2498674676481,-0.0367212191002623,0.0355981387927701,-1.03154884905725,0.302283513129456,NA,"CTDSPL2"
22.0405960441039,0.0173481495520092,0.034392637352084,0.50441463312083,0.613970037202854,NA,"EIF3J"
15.0882718889305,0.0317151755070677,0.061262521203875,0.517692952947906,0.604672515817123,NA,"PATL2"
3.41487304708075,0.070846812975623,0.100091981494591,0.707817069037159,0.479058865059766,NA,"TRIM69"
17.1804214001451,0.0937939508527963,0.0365348530104064,2.56724587960106,0.0102509895385968,NA,"BLOC1S6"
14.3932010482352,0.0221596273044065,0.05030883283912,0.440471902325176,0.659595358228906,NA,"DUT"
17.51219360736,0.0334288929136255,0.0411387411177052,0.812589107138196,0.416453678947953,NA,"COPS2"
11.5650853805856,-0.0640918392592961,0.0481129623390027,-1.33211168349408,0.182823491656315,NA,"GALK2"
11.3913384100857,-0.0740644482496427,0.0568688938387842,-1.30237188118351,0.192789290082251,NA,"GABPB1"
11.0007322922742,-0.0653078670856392,0.0451388877027178,-1.446820478071,0.147947209804883,NA,"GABPB1-IT1"
11.566259206836,0.0390535356340278,0.0542051358532003,0.720476667373246,0.471231560622648,NA,"GABPB1-AS1"
18.1732180012539,0.00996462709439686,0.0408214367850475,0.244102801840791,0.807151202621607,NA,"TRPM7"
11.0384715110429,-0.0524994250868034,0.0501980586310115,-1.04584572628014,0.295632265643843,NA,"AP4E1"
4.77377691489316,0.0547711634872404,0.083840147790793,0.653280855657737,0.513575232126425,NA,"LYSMD2"
4.8593104237595,-0.000804172434267126,0.0730020799411005,-0.0110157468789375,0.991210883394962,NA,"LEO1"
16.8594321326046,-0.0476535937535856,0.0406913318252558,-1.17109938692173,0.241558830274971,NA,"ARPP19"
19.4266896500109,-0.0388999311712053,0.0401279413322735,-0.96939762867724,0.332346835026949,NA,"RSL24D1"
6.38467900597942,0.0644061292624807,0.0730976262815028,0.881097410939848,0.378265098468427,NA,"PIGB"
15.0705156990932,0.0359744833627741,0.0417538666206403,0.861584477663459,0.388916215770519,NA,"CCPG1"
13.2606118716532,-0.0172614198557779,0.0424575543338837,-0.406557092762223,0.684333316421046,NA,"ZNF280D"
6.35542898803805,0.0124253166005574,0.0644015434559045,0.192935074748092,0.847009815390298,NA,"POLR2M"
4.36562748075079,0.169747324964488,0.109186524265797,1.55465453366082,0.120028368409009,NA,"LIPC"
15.8881415823981,-0.0870849656438378,0.0424267440594107,-2.05259601165462,0.040111774689803,NA,"MINDY2"
14.1332850423733,-0.0254201130836215,0.0421814025076543,-0.602637929808255,0.54674958185808,NA,"RNF111"
9.7708805584541,0.115664537366095,0.060069863768766,1.92550024437105,0.054166805419522,NA,"GTF2A2"
14.5965627147442,-0.00144502321722469,0.0438478397316805,-0.0329554027306082,0.973710151771478,NA,"ANXA2"
9.2368789784556,0.117509614263851,0.057749132989391,2.03482906462749,0.0418680754958912,NA,"ICE2"
7.35699087445704,0.0370478554263716,0.0569190099405897,0.650887207367819,0.515119299986174,NA,"RORA-AS1"
14.9496861104671,1.03139018924407e-05,0.0469865586704272,0.000219507497128795,0.999824858358467,NA,"RPS27L"
5.31245960491104,-0.258657425186861,0.0934673040160751,-2.76735729044218,0.0056512781825965,NA,"DAPK2"
5.86084288526889,0.043024302846863,0.0668172057794722,0.643910536888704,0.5196334486587,NA,"CIAO2A"
20.5739526332246,0.0167853187552248,0.0340980113656998,0.492266794541268,0.622530750804516,NA,"SNX1"
15.2249584938097,0.0180432331090628,0.049487295265692,0.364603339345799,0.715407521767232,NA,"CSNK1G1"
7.68043137658569,-0.0405556552719164,0.0567163424567203,-0.715061188983828,0.474571234496236,NA,"TRIP4"
3.853973529904,-0.145759562578819,0.0908639720337331,-1.60415134091547,0.108680697381979,NA,"PLEKHO2"
7.05832302068583,-0.03549054120917,0.056046376315851,-0.633235251627366,0.526580028614193,NA,"SPG21"
4.62806115973325,0.077827291756008,0.0789039552790694,0.986354758525685,0.323959057554513,NA,"MTFMT"
9.54149391070408,0.0171740835399254,0.062649525344399,0.27412950769404,0.78398509821758,NA,"PDCD7"
7.15190590161864,-0.0844423205130699,0.0576107884917599,-1.46573797588533,0.142719684101288,NA,"CLPX"
16.5605690757244,-0.00877105611085354,0.0408744288274925,-0.214585411037085,0.830090569286374,NA,"DPP8"
10.6961780895758,-0.00846365403975869,0.0501579330394703,-0.168740088095306,0.866001085142514,NA,"HACD3"
14.1142268356134,0.0120424384261932,0.0493072761641527,0.244232481755873,0.807050771819847,NA,"RAB11A"
8.38621797145434,0.0629943067452898,0.0563703073897813,1.11750866124795,0.263776898375413,NA,"DIS3L"
17.2250680641231,-0.0201278005818159,0.043347616424687,-0.464334656480738,0.642407997824918,NA,"MAP2K1"
6.15060642188834,-0.0504421769595731,0.0621915108691604,-0.811078172159127,0.417320780079464,NA,"SNAPC5"
14.7062732928783,0.0762684876495495,0.0418111237746095,1.82411953480822,0.0681340028509138,NA,"SMAD3"
10.9079790848991,0.000868230509777156,0.0493939247047843,0.017577678124716,0.985975764202413,NA,"AAGAB"
5.22248467823913,0.0518257767923833,0.0716511287323265,0.723307192912389,0.469491174661494,NA,"C15orf61"
6.6162192259659,0.0466060717669596,0.0610133145389016,0.763867233228968,0.444946365737029,NA,"FEM1B"
22.3873212237539,-0.0026173172726425,0.0365713216278616,-0.0715674784541698,0.942946122118503,NA,"ANP32A"
12.4935493353893,0.0154980176095262,0.0450501091110822,0.344017315725296,0.730833263928979,NA,"PKM"
7.32388001454391,-0.0704958471286761,0.0589053789976886,-1.19676417210459,0.231398486601524,NA,"PARP6"
13.5742130167903,0.0337932260185109,0.0458213391221423,0.737499747190518,0.460818496890108,NA,"ADPGK"
5.15452447156996,0.0666909272918507,0.098704429186676,0.675662965090662,0.499254654697323,NA,"NEO1"
11.706942466551,0.00496962422519365,0.0478655287905443,0.103824701215364,0.91730846366692,NA,"NPTN"
7.69733827396619,-0.0036994944266145,0.0575517866980119,-0.0642811394549163,0.948746370926509,NA,"PML"
5.67798012241579,-0.0565766491407973,0.0611840227074657,-0.924696458931816,0.355123821897878,NA,"UBL7"
12.0947012557305,-0.0397791684292141,0.0497025742302365,-0.800344228549324,0.423511384423499,NA,"ARID3B"
11.3466628512233,-0.0453435687962908,0.0455140336034691,-0.996254675894837,0.319126419662425,NA,"CLK3"
5.57752573596408,0.127079805698059,0.0732452621863901,1.73499011273485,0.0827425564996715,NA,"ULK3"
13.6955706285971,0.015758344330658,0.0433993554068626,0.363100884400836,0.71652952398796,NA,"SCAMP2"
6.65793993686583,0.00201911078458318,0.0592714693371334,0.0340654754667641,0.972824939083501,NA,"FAM219B"
21.8701288693958,-0.0408570042327206,0.0365139449342801,-1.11894248365268,0.263164677196433,NA,"COX5A"
8.35169328093776,0.0138416459731884,0.0551323113797381,0.251062319478146,0.801765927725803,NA,"PPCDC"
7.97208489262907,-0.0048330716449826,0.0565141609986625,-0.085519656659098,0.931848268962456,NA,"COMMD4"
8.44649749510568,-0.0789060331693463,0.0552005348430247,-1.42944327249244,0.152876868547979,NA,"MAN2C1"
13.7392237161948,0.00423122987525103,0.0413544510390841,0.102316190130346,0.918505704882586,NA,"SIN3A"
8.16805506413755,-0.013472610819884,0.0623828423402008,-0.215966607395218,0.829013776757875,NA,"PTPN9"
10.5339652093487,0.00147601625235983,0.0495901376908567,0.0297643104272319,0.976255022300978,NA,"IMP3"
19.8431846763741,-0.0500706858707113,0.0370410653545765,-1.35176149474667,0.176451625681408,NA,"ETFA"
11.4303351746795,-0.0331378350494931,0.0461922298809556,-0.717389810686653,0.473133604958688,NA,"RCN2"
16.7573988437576,0.0387000355145488,0.0403975577636822,0.95797958235338,0.338073054358436,NA,"PSTPIP1"
5.30288893079067,-0.100821264391998,0.0641849302904797,-1.5707933924009,0.116230647387462,NA,"TSPAN3"
9.66109491746835,0.0743241863911501,0.0507911414125215,1.46332971309889,0.143377181076919,NA,"HMG20A"
14.4515365147441,0.067829082221124,0.0447327743136812,1.51631735929195,0.12943912424217,NA,"TBC1D2B"
5.8034382128224,0.103416821524562,0.0668748306193528,1.54642367788868,0.122002279387671,NA,"SKIC8"
15.3417474826587,0.0223572935594417,0.0427974961825651,0.522397232400469,0.60139378257314,NA,"IREB2"
20.1235205699306,-0.0158136114389757,0.0349164371009269,-0.452898770663972,0.65062163620069,NA,"PSMA4"
8.55725355636501,-0.000264639040407005,0.0673047769784483,-0.00393195033528966,0.99686276561736,NA,"TMED3"
14.1667200747012,0.0140583325974426,0.0404612618159477,0.34745166034099,0.728252028434854,NA,"MESD"
9.10890461404183,0.000707232404198908,0.052138336633987,0.0135645371497696,0.989177397121925,NA,"EFL1"
4.27025961802056,-0.0601318474563962,0.0755930749589759,-0.795467673315705,0.426341508092276,NA,"RAMAC"
5.93421898383413,-0.0804249960787032,0.0640449829046368,-1.25575794435696,0.209203743642234,NA,"C15orf40"
18.7485099250065,-0.00904444272603493,0.0385130337061398,-0.23484108769632,0.814332076001677,NA,"BTBD1"
9.18262776453191,-0.00692694287700072,0.0604108019144184,-0.114663978253655,0.908711466742901,NA,"HDGFL3"
8.35524931211485,-0.00172470831615696,0.0551798855598116,-0.0312561053481615,0.975065296146689,NA,"ZNF592"
17.1243325514587,0.159904649958704,0.042658350932805,3.74849581528795,0.000177898305351478,NA,"PDE8A"
5.73433673135543,-0.0829450456964461,0.0670155171292417,-1.23769910685735,0.215827650452191,NA,"MRPS11"
5.95259545953025,-0.021841119060307,0.0830874568281244,-0.262869028540467,0.792651528656192,NA,"FANCI"
14.5060436389329,0.00963050150327374,0.0425569799012413,0.226296638662389,0.820970712548472,NA,"POLG"
9.56689858872298,0.0701772912697182,0.0535984202848932,1.30931641075806,0.190427192959609,NA,"AP3S2"
6.6118225944279,-0.0887214444143254,0.0617888399322242,-1.4358813745596,0.151036099242414,NA,"ZNF710"
16.4259736561306,-0.0494550805655129,0.0459300272256895,-1.07674833987148,0.281592710122035,NA,"IDH2"
5.57789602594204,-0.0105065552378999,0.0643122386836684,-0.163367897820791,0.870228777116081,NA,"NGRN"
20.1218502144276,-0.0625780070124421,0.0366851822778705,-1.70581153279947,0.0880431751791252,NA,"CRTC3"
7.65713386900038,-0.0492998228636298,0.0623571432127148,-0.790604256764241,0.429174962045822,NA,"BLM"
10.8808647387656,0.0327620958664495,0.0563418243150626,0.58148802004075,0.560911590034496,NA,"FURIN"
8.7024275829904,-0.0686636763746807,0.0549667952031931,-1.24918464176154,0.211597548008758,NA,"FES"
6.90101398195417,0.0157728107100421,0.0664358817791463,0.237414034218374,0.812335603202482,NA,"MAN2A2"
5.77357026592534,-0.0460824176951657,0.0606671957546525,-0.759593667087071,0.447497505765616,NA,"LRRC28"
5.00061371681711,0.0885942286126335,0.0723654118838848,1.22426206534676,0.220853382414677,NA,"ENSG00000259363"
5.97639810807564,0.033683383877394,0.0625259576141356,0.538710403849601,0.590086693855448,NA,"ASB7"
6.27055018483133,0.0165249735156355,0.0712516027036684,0.231924235927183,0.816596860142068,NA,"CHSY1"
14.243784225268,0.0635373763122092,0.0414898202489864,1.53139676023931,0.125671364314277,NA,"SELENOS"
13.9093236022247,0.0351032654750646,0.0411643812225895,0.852758244688522,0.393793383763341,NA,"SNRPA1"
9.71532605664862,-0.0224280371742005,0.050568475775688,-0.443518156918292,0.657390989081789,NA,"TM2D3"
16.584547091447,-0.0238663237809567,0.0425376113422517,-0.561064033166591,0.574753885958703,NA,"TARS3"
7.50633838972434,0.0175575563574872,0.052421222412377,0.334932219233059,0.737676216962645,NA,"ENSG00000290823"
10.0341389141945,0.0223071632567885,0.0522032649808378,0.427313564869491,0.669150953965743,NA,"MPG"
4.93339477822522,-0.0103310798288603,0.0683494523614111,-0.151150879369636,0.879856697582605,NA,"NPRL3"
21.0857444495931,0.0564071416268452,0.0358393584800692,1.57388815031982,0.115513309881492,NA,"LUC7L"
7.17949256580542,-0.079371656492596,0.0632845194296382,-1.25420335348906,0.209768101287421,NA,"MRPL28"
9.62695655534295,0.0236927492487232,0.0599249366158599,0.395373789055501,0.692567049922839,NA,"RAB11FIP3"
10.6224940987359,-0.0375264530777112,0.0477839803317124,-0.785335437048269,0.432256923850194,NA,"CAPN15"
10.6223887849566,-0.0237298348917414,0.0477283333044161,-0.497185492323609,0.61905825105121,NA,"METTL26"
11.913913036089,-0.0271888156246668,0.0491605005661377,-0.553062220920402,0.580220804886456,NA,"RHOT2"
15.2515569064257,-0.0367918725111832,0.0394084625067898,-0.933603347373531,0.350508537993203,NA,"STUB1"
7.36331426506136,0.017542362653462,0.0599688769961978,0.292524448216269,0.76988566996278,NA,"ANTKMT"
9.5858646625163,0.0355450560605568,0.0501058881835248,0.709398782242209,0.478077043240716,NA,"LMF1"
6.37448660762452,-0.0185216953405351,0.0642940677035711,-0.288077827427714,0.773287164660424,NA,"TSR3"
10.4536937286903,0.0108162168724293,0.0505115690079331,0.214133456648922,0.830442986210906,NA,"GNPTG"
6.51869164038987,0.0369040738924943,0.063018822625821,0.58560398869422,0.558141667332468,NA,"UNKL"
12.3026555759878,-0.187773570846091,0.0665905234298671,-2.81982422084207,0.0048049962665426,NA,"CRAMP1"
14.5461594638051,-0.0446200383118704,0.0431844794822659,-1.03324247152716,0.301490441739455,NA,"MAPK8IP3"
15.7179747011737,-0.00556117967640448,0.0439916074841375,-0.126414559377257,0.899403777891308,NA,"NME3"
13.1372935100729,-0.00806960337021996,0.0442189397774744,-0.182492013848118,0.855196621154394,NA,"MRPS34"
7.14348619927725,0.0101573028152205,0.0605213933225394,0.167829956608711,0.866717054786419,NA,"NUBP2"
6.48040382839385,0.00663483819807706,0.0656626724464356,0.101044291236995,0.919515300750876,NA,"HAGH"
17.3119195084144,-0.030264721791529,0.0388841299103091,-0.778330950476149,0.43637393381771,NA,"NDUFB10"
10.0456597865858,0.0170204002632452,0.0481047694982539,0.353819391315512,0.723474240182194,NA,"SNHG9"
5.71035502211371,-0.0195862055196477,0.0636099972194,-0.30791080609691,0.758150202946638,NA,"TSC2"
6.40258950126708,0.0168947679465995,0.0584240843235842,0.289174715225781,0.772447679992096,NA,"PGP"
4.88837346918434,0.0996860904240906,0.0732990583830865,1.35999141903156,0.173832639353882,NA,"ECI1"
6.38059173172248,0.0350738797246534,0.0603458538532825,0.58121440803419,0.561095958280885,NA,"PDPK1"
5.98063400713318,-0.0803763104962978,0.139924142454735,-0.574427751253144,0.565678378154777,NA,"PRSS30P"
15.7889769163409,-0.0498468407760649,0.0500776266647657,-0.995391437173215,0.319545921597328,NA,"MMP25-AS1"
9.28223341248541,-0.267940260889695,0.113515177790865,-2.36039150097914,0.0182556576365215,NA,"ENSG00000262370"
8.72105289246535,0.00686064478417167,0.0599700671402457,0.114401152296985,0.908919800593026,NA,"ZNF75A"
9.74110398114819,-0.0102541461591027,0.0503635735325799,-0.203602434058205,0.838664190884389,NA,"NAA60"
8.01986080979985,0.0516206771422329,0.0570980731652747,0.904070387678635,0.36595807923645,NA,"DNASE1"
10.0254447532355,-0.0258184487097287,0.0669983942556394,-0.385359216389809,0.699971294304627,NA,"ADCY9"
6.16572190222791,0.0102781274714513,0.0596988949330402,0.172166126072844,0.863306927677428,NA,"PAM16"
7.38491381548501,-0.0980365100925265,0.0575990141593809,-1.70205187577086,0.0887456440992141,NA,"NMRAL1"
14.4648131645747,-0.0301960196343143,0.0418053101976857,-0.722301054376244,0.470109404798243,NA,"HMOX2"
8.91840776763481,0.0272909042809515,0.0519390933372523,0.52544052133805,0.599276990667356,NA,"MGRN1"
7.28789581463212,0.0281771974617185,0.0600809746356947,0.468987023472454,0.639078911489224,NA,"NUDT16L1"
16.2788369304238,-0.0209583391799482,0.0397782797803308,-0.526878972536955,0.598277636934629,NA,"GLYR1"
5.3705583043391,-0.0135263653893661,0.0698315245472391,-0.193699986890819,0.846410802108503,NA,"ABAT"
8.57020200532873,-0.0470942497667488,0.0571056176718908,-0.824686811678251,0.409549421043543,NA,"PMM2"
9.35077306108385,0.0363314525456166,0.0512620800985162,0.708739334724504,0.478486250413848,NA,"CARHSP1"
20.6348215227254,0.0117255340309788,0.0400065060469697,0.293090679231333,0.769452840998108,NA,"USP7"
9.75940667072964,-0.0125541178245598,0.0511207775525784,-0.24557759927747,0.806009231470082,NA,"HAPSTR1"
16.0283181969189,-0.0323744898644435,0.0476290382924932,-0.679721678729467,0.496680706662972,NA,"ATF7IP2"
12.0389524182653,-6.818023420681e-05,0.0457792971278113,-0.00148932461799178,0.998811691320576,NA,"CLEC16A"
17.5276095953236,0.0174929393262761,0.0374040660488579,0.467674805819948,0.640017160625985,NA,"TXNDC11"
15.8335385387524,-0.00718321320972255,0.040311283281728,-0.178193612927687,0.858570925596799,NA,"ZC3H7A"
20.8158658135133,0.0243686029954512,0.0430100373209738,0.56657944315635,0.570999944673787,NA,"SNX29"
3.73425680391256,-0.0361945461310672,0.0927486704386987,-0.390243288231173,0.696356654675684,NA,"ERCC4"
5.34362691129624,0.0221397154958943,0.0713429632348768,0.310327949555522,0.756311578908969,NA,"MRTFB"
19.6974635166343,0.0109708353341176,0.0359474470240875,0.305190945180788,0.760220728351056,NA,"PARN"
8.62426696152046,-0.030126094023895,0.055264200857797,-0.545128556213342,0.585665103872282,NA,"BFAR"
21.2013368356696,0.0858731905528433,0.0384493942581505,2.23340815140774,0.0255220411313419,NA,"PDXDC1"
10.144911737437,0.00252848503454479,0.0494793580183976,0.0511018157027146,0.959244389163558,NA,"RRN3"
14.2704195176971,-0.00385764102530337,0.0438684602277368,-0.0879365495227547,0.92992710679507,NA,"MARF1"
13.7203959439483,0.0398333384862002,0.0446995077417266,0.891135954256072,0.372856238339672,NA,"NDE1"
13.2495422793683,0.0470357768646546,0.0542820358786699,0.866507235833749,0.386212060044992,NA,"ABCC1"
5.25547366686349,-0.00270677009214786,0.0712243566348654,-0.0380034333763692,0.969684944568863,NA,"COQ7"
8.16988423940263,-0.0313351067067024,0.0569324955968643,-0.550390534934293,0.582051539237392,NA,"VPS35L"
20.5578521862538,0.055072342645522,0.0378557754316529,1.45479367461255,0.145726389861411,NA,"THUMPD1"
17.4230222386662,0.0707925370721878,0.0403644744482384,1.75383274624246,0.0794591702147696,NA,"METTL9"
12.6630511570397,0.0528343290658055,0.0470842711702639,1.12212269092471,0.261810277280146,NA,"ENSG00000291066"
8.6845348723023,0.0502981998854184,0.0590646414987572,0.851578856810241,0.39444787869906,NA,"MOSMO"
8.7578093515928,0.057686454019024,0.0546742445217153,1.05509375618555,0.291382447369058,NA,"POLR3E"
12.5509545675607,-0.0171787513674092,0.0474969148016489,-0.361681415290847,0.717590116618369,NA,"CDR2"
7.33728431012584,-0.0243052490592616,0.0635866497746752,-0.382238239400713,0.702284660427383,NA,"ENSG00000291060"
8.72711063694154,-0.0746468093908309,0.0544510882619924,-1.37089655640428,0.170407204988537,NA,"NPIPB5"
5.41969790871522,-0.0407345000853066,0.0695097705309821,-0.586025529564225,0.5578583589734,NA,"COG7"
13.0911534110433,0.056633439957469,0.0547309467921862,1.03476083051343,0.300780619648027,NA,"GGA2"
8.85796709646634,0.0428664264252746,0.0578260025322604,0.741300185869843,0.458511449037547,NA,"NDUFAB1"
15.0809080086146,-0.00218664830205386,0.0407157227927711,-0.0537052556621221,0.957169995434328,NA,"ARHGAP17"
9.33567834575905,-0.0572364969992591,0.0493355011998535,-1.16014828282375,0.24598843901429,NA,"LCMT1"
11.5230739490833,-0.0413444533507197,0.0553826532961287,-0.746523521176434,0.455351228352387,NA,"NSMCE1"
7.21612882016726,0.0657930579307393,0.0783753061200642,0.839461575179687,0.401210342917062,NA,"IL4R"
15.2087996911854,0.0775165595811946,0.0649247367956337,1.1939449184861,0.232499515076825,NA,"IL21R"
8.58315633808602,0.025260774136053,0.052189325385385,0.484021855992931,0.628370358104731,NA,"KATNIP"
21.8662161741287,-0.0302799037414207,0.0373710884078096,-0.810249447674448,0.417796823221426,NA,"XPO6"
12.9805138014066,0.0459323531680867,0.0513693110014426,0.894159416831515,0.371236602477607,NA,"SBK1"
8.92789206976665,0.0815203677109845,0.0516300660536614,1.57893208244701,0.114351636244335,NA,"CLN3"
13.7721777498891,-0.0450703063145879,0.0441886890029295,-1.01995119863366,0.307751606048035,NA,"APOBR"
5.41206666751145,0.0168935164286351,0.0682091233565713,0.24767238746527,0.804387897941295,NA,"SGF29"
14.9578448997933,0.0338885448114969,0.0450967895114479,0.75146246947123,0.452374379346935,NA,"ATXN2L"
18.9696855368826,0.0171876833567468,0.0374634553491233,0.458785320162655,0.646388337513129,NA,"TUFM"
9.63325092071894,-0.0280443890908059,0.0522170086666597,-0.537073834884611,0.59121661354368,NA,"RABEP2"
17.7414133363975,-0.0139251340228373,0.0450525641593637,-0.30908638126745,0.757255818495332,NA,"NFATC2IP"
20.3581644713493,-0.0174780669127758,0.0380772599507486,-0.459015878122086,0.646222763873651,NA,"LAT"
10.8828234360998,-0.0239998838864453,0.0488790965035113,-0.491005063580119,0.623422866198396,NA,"ENSG00000291188"
8.30356312377185,0.0380230300287204,0.0538387514047142,0.706239075696525,0.480039473787104,NA,"ENSG00000284685"
6.51620569636279,0.0549253287755623,0.0696361860349653,0.788746941826819,0.430259925908247,NA,"C16orf54"
8.75840822938817,0.063027247135825,0.0533924925569378,1.18045148517112,0.237820695241553,NA,"KIF22"
10.6571555149078,0.00971221635166455,0.0477378739929455,0.203448866472348,0.838784208444955,NA,"MAZ"
13.9220124633156,0.0387261748046052,0.0457954421609297,0.845633822434066,0.397757051297496,NA,"MVP"
6.57316066884827,0.159095234114608,0.0657793886698162,2.4186183139098,0.0155795781224632,NA,"CDIPT"
10.6778058282501,0.0731035818775856,0.0546053038909149,1.33876339235516,0.180647711754155,NA,"TMEM219"
12.0562602539388,-0.0293244558355419,0.0464107085481908,-0.631846760216831,0.527487015197536,NA,"INO80E"
10.4787336927325,0.0400450791921004,0.0595305996846474,0.672680594588866,0.501150515728827,NA,"ALDOA"
18.9992807112958,0.0693894913066171,0.0429369925937529,1.61607711940013,0.106077640486253,NA,"PPP4C"
8.82059555649309,-0.00803907209320092,0.0604322239452166,-0.133026249381266,0.894172620982284,NA,"NPIPB13"
15.3289263245597,-0.0127384188022998,0.0426575864762319,-0.298620242132017,0.765229818814418,NA,"SMG1P5"
10.4734780089302,-0.024283722446256,0.0493643193157255,-0.49192863960995,0.622769791241331,NA,"CD2BP2"
7.97194112177168,0.0520529982587887,0.0640004802334704,0.813321994911633,0.416033469673309,NA,"SEPHS2"
6.64639596181329,0.0563758144329474,0.0640399997505587,0.880321902756652,0.378684950534928,NA,"PRR14"
8.34922851807048,0.0774903505661984,0.0535277489949666,1.44766690214239,0.147710230686022,NA,"FBRS"
9.29189572497546,-0.0263727866814819,0.0535999908645379,-0.492029686126874,0.622698357675174,NA,"SRCAP"
9.14802210787172,0.0786180905465287,0.0517984954107111,1.51776784099933,0.129072934863245,NA,"PHKG2"
9.03713552320827,0.0710565379889268,0.0486507142145822,1.46054460116495,0.14414045901305,NA,"RNF40"
13.3706062807195,-0.0102505045933948,0.0424588110287475,-0.241422318360599,0.809227816692181,NA,"BCL7C"
14.7683083990459,0.0171545980457519,0.0439565627452419,0.390262499485558,0.696342450211989,NA,"STX4"
4.84636823870146,0.0359852721530399,0.0721887304419666,0.498488779796023,0.618139575638866,NA,"VKORC1"
5.90731554535331,0.033408095362196,0.0634473749826779,0.526548109694325,0.598507434548911,NA,"KAT8"
10.330607095893,-0.0947761957065669,0.0488497660876371,-1.94015659228618,0.0523606620578984,NA,"PYCARD"
7.51654851874456,0.0699210614810894,0.058204686653277,1.20129607255867,0.229636373380478,NA,"KRBOX5"
7.1634447810021,0.00612420576847232,0.0582482786521086,0.10513968670301,0.916264968369246,NA,"ZNF267"
10.2919441185421,-0.00940917787400775,0.054904204998912,-0.171374448900484,0.863929344377502,NA,"VPS35"
7.5866165635988,0.0816962740279839,0.0676858300258773,1.2069922758833,0.227435118651732,NA,"C16orf87"
11.0817919030873,0.067152154201238,0.0463873565592536,1.44763916683763,0.147717991328581,NA,"DNAJA2"
19.5912173134639,0.0016829016611777,0.0388600959716221,0.0433066779455885,0.965457067987534,NA,"PHKB"
6.74188717845045,-0.0896385195261309,0.064739307917534,-1.38460731832836,0.166172572484269,NA,"SIAH1"
5.47158919745078,0.0661267458114654,0.0708176140475757,0.933761278190494,0.350427047661286,NA,"HEATR3"
7.10529162087401,-0.0526456752088714,0.0604035821746973,-0.871565448827377,0.383445486514554,NA,"SNX20"
21.4512396421366,0.0230024040945697,0.0375579159324677,0.61245155710796,0.540239039471727,NA,"FTO"
8.07658841676073,0.0575015965143482,0.0554510937332975,1.03697858135879,0.299745839291708,NA,"AMFR"
11.0906268128382,-0.000921690295805728,0.0456795929406767,-0.0201772878537405,0.983901945864571,NA,"NUDT21"
21.7221274420518,-0.110383044110116,0.0565363476144353,-1.95242616065159,0.0508876296265391,NA,"MT2A"
9.11191539325521,-0.0198492891498006,0.0484254268577584,-0.409893942868167,0.681883748858275,NA,"NUP93"
13.953408387827,-0.0436175010571882,0.0429438208790788,-1.01568747643593,0.30977823359933,NA,"HERPUD1"
10.8288141465385,-0.0270467384470414,0.048712429777184,-0.555232793165033,0.57873544124075,NA,"PSME3IP1"
6.44269355707466,-0.0482102851292341,0.0635457504033066,-0.758670482656312,0.448049698371954,NA,"RSPRY1"
9.67623636397931,0.0385220043440464,0.0562712340739937,0.684577208550145,0.4936107531625,NA,"ARL2BP"
4.65225728810236,0.0110438218926086,0.0814304823477424,0.135622700175677,0.892119559114994,NA,"POLR2C"
21.9241142819393,-0.0143055279074334,0.0453276756580412,-0.315602503321733,0.752304237356733,NA,"ADGRG5"
5.13559454284738,0.0149322005352754,0.0732062338862802,0.203974439642275,0.838373473198864,NA,"KIFC3"
5.83818304930984,-0.054434789311327,0.0631626368512684,-0.861819455693511,0.388786876943409,NA,"USB1"
6.51374045494264,-0.0142441554782615,0.0650657541635589,-0.218919394101777,0.826712838581123,NA,"CFAP20"
8.16764110030813,-0.0406216415419217,0.057119915641141,-0.711164242558224,0.476982463897259,NA,"CSNK2A2"
21.7771317912783,0.00636178380711513,0.0368507579132845,0.172636444061351,0.862937203754052,NA,"CKLF"
11.1492199521703,0.0495019892902829,0.0465909216700624,1.06248143449137,0.288017181886806,NA,"CMTM3"
11.4649116465297,-0.0294597153486,0.0474412064138166,-0.620973149199265,0.534617290065531,NA,"DYNC1LI2"
11.7780014116015,0.0194029956105194,0.0440415391806828,0.440561251297726,0.659530660185357,NA,"NAE1"
17.3702617206728,-0.0382962297688148,0.0411913418677797,-0.929715518657832,0.352518397345568,NA,"CIAO2B"
14.7207615614122,-0.00497317758382306,0.0453512094831509,-0.109659205134776,0.912679654818363,NA,"CBFB"
6.7480133778224,-0.0482755785200066,0.0696881042545979,-0.692737720969378,0.488474162315252,NA,"TRADD"
8.88177693914302,-0.045112298553013,0.0511032941949392,-0.882766938290261,0.377362207066185,NA,"E2F4"
6.29769605599181,0.0336811177726513,0.0631031699158858,0.533746843740925,0.593516694999132,NA,"TMEM208"
10.9252838479728,0.0158373999921996,0.0481112221670354,0.329183073695663,0.742017315882068,NA,"ATP6V0D1"
21.9252499169728,0.0182407052707256,0.0336980815941555,0.54129803264199,0.588302176295707,NA,"CTCF"
8.06566938685666,0.0827213230676208,0.053606917612462,1.54310911262674,0.122804304103644,NA,"CENPT"
11.8855148349229,-0.00908905559149623,0.0465487573400425,-0.195258823454726,0.845190330704216,NA,"NUTF2"
5.01306839495364,0.0748853220727425,0.0708059403040119,1.05761355263719,0.290231661260485,NA,"EDC4"
10.0762430251217,0.0993874823484013,0.0529156340254989,1.87822529539207,0.0603503511376921,NA,"DPEP2"
7.22762688332584,0.0295458265949128,0.0569969081995633,0.51837595280544,0.604195989268739,NA,"SLC7A6"
7.5331854722095,0.0807303042869032,0.0549619970557315,1.46883862689783,0.141876564349725,NA,"SLC7A6OS"
8.46485694393712,-0.0893485772027962,0.0579097928941251,-1.54289236306111,0.12285689408448,NA,"PRMT7"
10.299909609478,0.0604358508219081,0.0495150417139878,1.22055538539181,0.22225440721561,NA,"ZFP90"
10.6094673654598,0.0174216506819446,0.0510861912350515,0.341024653840139,0.73308502196262,NA,"TANGO6"
17.6244487127165,-0.0182428328612189,0.0387610115825312,-0.470649039238195,0.637891381811046,NA,"SNTB2"
10.9260784045328,-0.0074368247554602,0.0483773793160589,-0.153725250532361,0.877826374384136,NA,"VPS4A"
9.54635423357497,-0.0336884435793688,0.0536400877534203,-0.62804601913092,0.529973793772079,NA,"TERF2"
11.0206428154136,-0.0601278388851015,0.0487187573658145,-1.23418252303973,0.217134898345004,NA,"CYB5B"
20.9922351844009,0.0621916155787098,0.037371661899674,1.66413834486853,0.0960847857663787,NA,"WWP2"
8.9727849192005,-0.00768986892180754,0.060477182132007,-0.12715322789052,0.898819123548127,NA,"PDPR"
8.16484864428573,-0.025881635879904,0.0541243255524115,-0.478188607723923,0.632515970187302,NA,"EXOSC6"
8.66535505109243,-0.0239599360894738,0.0544555533732682,-0.439990682405506,0.659943855786993,NA,"DDX19B"
7.20669937322823,0.0445024082123067,0.057102731601707,0.779339393476166,0.435779814985036,NA,"DDX19A"
7.36435554150094,-0.0190304642574939,0.0613141053684963,-0.310376611435839,0.756274577893521,NA,"COG4"
10.3211454989482,-0.0520376740921831,0.051590658935041,-1.00866465298893,0.313135489158397,NA,"SF3B3"
7.50528280352577,-0.082084917904779,0.0563671894218547,-1.45625351816731,0.145322549832485,NA,"VAC14"
20.9461716512426,0.0178605295748973,0.0379410006608348,0.470744821270203,0.637822972704183,NA,"AP1G1"
11.7971670887416,0.0422032914324411,0.048015433258603,0.878952631857788,0.37942695959632,NA,"DHX38"
17.74764829369,0.0120464797281957,0.0384904788386708,0.312972976477831,0.754301193152221,NA,"PSMD7"
5.96371725298697,-0.0439501758316048,0.065979970115919,-0.666113909333234,0.505338294608828,NA,"ENSG00000259972"
6.72340819576724,-0.0476472164838697,0.0696046957535826,-0.684540259360551,0.493634076209933,NA,"MLKL"
8.49206579874348,-0.0522896682091435,0.0623128063696736,-0.839148021980146,0.40138625096698,NA,"WDR59"
20.0414833462955,-0.0495889108754649,0.0482579445149306,-1.02758025386105,0.304147316608742,NA,"CFDP1"
8.27425579243611,-0.0582266725157147,0.0563019912593087,-1.03418495888612,0.301049704383027,NA,"TMEM170A"
13.9871108320362,0.0523964058243348,0.043219777405828,1.21232474967049,0.225388093501159,NA,"GABARAPL2"
13.0959611140166,0.0279726293011537,0.0427573333081335,0.654218285774915,0.512971182360068,NA,"KARS1"
6.17880323256083,0.0859932843504821,0.0652728771771389,1.31744283490234,0.187690230764346,NA,"MON1B"
6.28795674794144,0.00527209764840698,0.0652437964376115,0.080806113933734,0.93559614575718,NA,"MAF"
14.4261299985121,0.0734342566148476,0.0468257917808015,1.56824377809999,0.116824251203916,NA,"CMC2"
8.05924063461147,0.0632046076072048,0.0592213985415398,1.06725962513146,0.285854614545524,NA,"ATMIN"
6.88219917761282,-0.0141735372374212,0.0641193699965578,-0.221049227997438,0.825054102505113,NA,"GAN"
5.46494111759922,0.00808945884216993,0.06742762889168,0.119972464924806,0.904504960191695,NA,"HSBP1"
17.3155317801092,0.0169472622385316,0.0393903485499876,0.430238950971074,0.667021830686139,NA,"MBTPS1"
14.631150260945,0.0111146125451994,0.039500815742363,0.281376785170525,0.778421421886361,NA,"USP10"
9.41192685493782,0.000562984614599432,0.0528624938967496,0.0106499821158466,0.991502704327457,NA,"ZDHHC7"
6.53224729266539,-0.0862580130343714,0.0645149584497795,-1.33702346102443,0.181214978850808,NA,"IRF8"
7.07226384524972,-0.0941291472921586,0.0551126058921456,-1.70794223514612,0.0876470613547086,NA,"FBXO31"
9.58009824275,0.107549434774143,0.125078732465659,0.859853890857678,0.389869588255066,NA,"SLC7A5"
13.2957991694096,-0.0389289137097307,0.0419756838682067,-0.927415830364023,0.353710674555624,NA,"BANP"
14.7772641815894,-0.0563863064239691,0.0460128456226002,-1.22544706072849,0.220406824775709,NA,"ZFPM1"
19.896131457519,0.0138543715124649,0.0408628592373884,0.339045572704039,0.734575399141651,NA,"ZC3H18"
10.2886792780158,-0.0406981182044533,0.0523537913960913,-0.777367161368408,0.43694218103057,NA,"PIEZO1"
6.11281566811302,0.0475013506770158,0.0631100646497659,0.752674726933465,0.45164540058079,NA,"TRAPPC2L"
9.0252806196518,0.011504793536183,0.0557251474217232,0.206456044864551,0.836434696180131,NA,"ACSF3"
16.9837960067298,-0.0243051652108992,0.0366354520693718,-0.663432927342501,0.507053323236874,NA,"SPG7"
7.34178271527164,-0.0113280992204315,0.0566640909626611,-0.199916720236386,0.841545713550373,NA,"CHMP1A"
9.90122790508796,-0.0195566825636312,0.050140315052334,-0.390039084182437,0.696507646139793,NA,"CDK10"
8.12733137951793,-0.0517408775046711,0.0536144143916411,-0.965055351098601,0.334517088684271,NA,"GLOD4"
14.517928962098,0.0333153913743847,0.0452575038267548,0.736129670383847,0.461651787734847,NA,"ABR"
19.1457847784175,-0.00825532245196393,0.0378889432529279,-0.217882098132309,0.827520975694211,NA,"YWHAE"
12.0617116486089,0.0717072877578276,0.0451751036184996,1.58731872235181,0.112440476996412,NA,"INPP5K"
13.6561802700421,-0.0204503475053558,0.0478330837609148,-0.427535628009543,0.668989240747465,NA,"PITPNA"
6.09546416875073,0.0841820703048261,0.0637739656654423,1.32000683078805,0.186832737374127,NA,"MIR22HG"
10.0375757933263,-0.0275631520868077,0.0493395891029118,-0.558641703102085,0.576406272738716,NA,"RPA1"
16.5141554245554,0.0062686467611295,0.0422762339251974,0.148278268405391,0.88212316506505,NA,"METTL16"
7.17514302474319,0.0452433137338802,0.0603156373079658,0.750109188150864,0.45318894616768,NA,"EMC6"
6.03767521347891,-0.0348671317355089,0.0625392955117841,-0.557523576979516,0.577169755047487,NA,"ITGAE"
14.1163152893519,0.0791674782760282,0.0417237832318433,1.89741850196384,0.0577727256259897,NA,"NCBP3"
18.3437395842301,-0.0108563301791095,0.0394962817923695,-0.27486967599079,0.783416365148217,NA,"ATP2A3"
13.9002373095726,0.0274793063699946,0.0404398039114918,0.67951136534037,0.496813908837757,NA,"ANKFY1"
17.2039973178311,-0.0622612629832347,0.0392865270889257,-1.58479935990029,0.113011927893552,NA,"PSMB6"
8.15430753753124,-0.0146032517354425,0.0539016797472674,-0.270923871091101,0.786449584919953,NA,"MINK1"
6.40555255146611,-0.0873281972132162,0.0610126657486185,-1.43131259946946,0.152340644529057,NA,"SLC25A11"
14.7795332638046,-0.0482768457714666,0.0433271348515089,-1.11424043932103,0.265176051068631,NA,"RNF167"
9.38359584442465,0.0231135590123351,0.0573154338365498,0.403269372055171,0.686750070713296,NA,"SPAG7"
11.1770093717761,0.0282329342849099,0.0517753377231496,0.545296960415315,0.585549294299939,NA,"NUP88"
8.95490075458246,0.0917248828177615,0.0532107244936694,1.72380443398537,0.0847431539046344,NA,"RPAIN"
8.94564056629273,-0.037206911378139,0.0551839207949532,-0.674234647378331,0.500162145345763,NA,"C1QBP"
9.29617067098385,0.0254734803606202,0.0490792223235362,0.519027791286015,0.603741361214952,NA,"DERL2"
7.46944475267077,0.0411804966593095,0.0551285148594039,0.746990858802083,0.455069078743984,NA,"TXNDC17"
6.02310177124963,-0.00169873374380647,0.0938713164199026,-0.0180964090905868,0.985561942614174,NA,"ALOX12P2"
6.93271050832821,-0.0650435918661427,0.0791990430238212,-0.82126739645805,0.411493974531294,NA,"ALOX12-AS1"
19.8802328897369,-0.0402411056753408,0.0378508212639764,-1.06315013338005,0.287713872360936,NA,"C17orf49"
18.9259564484184,-0.0164954370961259,0.0397355503771984,-0.415130454707167,0.678046406091488,NA,"ACADVL"
9.15354452425818,0.00236989459562646,0.0509019300767707,0.0465580498038515,0.962865467155561,NA,"CTDNEP1"
6.35587970386598,0.0474191408185557,0.0686381165246383,0.690857255698941,0.489655250162929,NA,"ELP5"
6.09459537591901,-0.0265519169110379,0.0601858275235294,-0.441165603325094,0.659093112712521,NA,"PLSCR3"
6.80510896976332,0.030896839100594,0.0576023900026083,0.536381200488294,0.591695121439687,NA,"TMEM256"
8.04270581868575,0.0286231600169411,0.0636346800411065,0.449804414801037,0.652851474256642,NA,"ZBTB4"
9.19961527945523,0.0852841155313239,0.0523476327150041,1.62918762717763,0.103273305408948,NA,"TNFSF12"
9.69249644868025,-0.00754611075521063,0.057162261824013,-0.13201210929062,0.894974713748578,NA,"SAT2"
6.0565633534331,-0.00811472788698163,0.0655191460408505,-0.12385277246932,0.901431847049709,NA,"TP53"
6.47637375345383,0.0955259119648428,0.0642205724816508,1.48746590498141,0.136891801710983,NA,"KDM6B"
14.3417836139459,0.0485371772607158,0.0407007169356213,1.19253863113738,0.233050112625386,NA,"NAA38"
16.9181273417522,0.0164019866006596,0.047757118835874,0.343445898757587,0.731263034757969,NA,"PER1"
9.35722842074175,-0.0491540934246334,0.0497179001944207,-0.988659883712253,0.322829576511713,NA,"CTC1"
6.52635754429967,-0.0667142822199467,0.0622907043159358,-1.07101505678238,0.284162659593458,NA,"RANGRF"
20.1957138194537,-0.00839314174928074,0.0392389419614004,-0.213898268652022,0.83062639040563,NA,"NDEL1"
8.88567054443351,-0.0363317457787128,0.0546595571176022,-0.664691550656798,0.50624779917291,NA,"COX10"
12.1600791187818,0.0520048833493431,0.0497757219375959,1.04478411010376,0.29612276047118,NA,"TVP23C"
4.80954886159372,-0.0224604999272224,0.0715560220730735,-0.313886927703801,0.753606919179974,NA,"ZSWIM7"
19.5052178264086,0.0641532271367798,0.041456957546491,1.54746587626062,0.121750946773216,NA,"TTC19"
7.10936137018977,-0.0350214540169394,0.0592035993661045,-0.591542649296928,0.55415688762134,NA,"PIGL"
12.7192721086557,0.0452887799110453,0.0448889381769312,1.00890735558364,0.313019067236513,NA,"TRPV2"
15.3785799927094,0.00542458283565284,0.0501752868021696,0.108112642326108,0.913906339810239,NA,"MPRIP"
9.89626405504301,0.0278465716248007,0.0506807203017298,0.54945098370771,0.582695993944353,NA,"COPS3"
5.70951428613481,0.0113123356092162,0.0659758487353577,0.171461767086805,0.863860690657124,NA,"MED9"
8.7132042726404,-0.0393004876283047,0.0532931649230901,-0.737439551301205,0.460855090805177,NA,"RAI1"
9.11264917239461,-0.0516842431368848,0.0559249338633124,-0.924171734618543,0.355396909451536,NA,"TOM1L2"
6.78141274172348,-0.0633832318071251,0.0577774871826462,-1.09702299109613,0.272631341839871,NA,"DRG2"
11.2783861393203,0.0652337191964902,0.049219939751268,1.32535146377967,0.185054607189139,NA,"ALKBH5"
7.52486748716925,-0.00761371106388931,0.0566065029744678,-0.134502409861345,0.893005305612135,NA,"FLII"
8.5416758539351,-0.0449307985632216,0.0650904586656271,-0.690282408271745,0.490016608451519,NA,"CCDC144BP"
8.24166545647812,-0.0322407269821753,0.0550312273356783,-0.585862401096635,0.557967985734626,NA,"PRPSAP2"
14.0275631827476,0.0965138655344793,0.0550968572104541,1.7517127186733,0.079823218780656,NA,"ENSG00000262202"
4.94833306071919,0.0622065568641833,0.0709107530889525,0.877251392128773,0.380350107592905,NA,"ULK2"
14.2910499393199,-0.0617307522023939,0.0404751640026215,-1.52515137921111,0.12722134451472,NA,"AKAP10"
16.6504631663121,0.0166960800231163,0.0560756527260242,0.297742054019245,0.765900043790809,NA,"SPECC1"
7.49467978860808,-0.0495620563875599,0.07354680043635,-0.673884602640908,0.50038468191029,NA,"LGALS9B"
12.3207018958598,0.0267870758357356,0.0444504125597856,0.602628283814175,0.546756000252682,NA,"USP22"
9.31308698658387,0.113664486243076,0.0591115379056375,1.92288156035669,0.0544949260416407,NA,"DHRS7B"
12.083884975733,0.0208123141395832,0.0449954068704288,0.462543081330844,0.64369191532977,NA,"MAP2K3"
9.8039007450494,-0.0186301628487559,0.0512657624738461,-0.363403604077093,0.716303409882339,NA,"KSR1"
8.67891958931412,-0.132652953928837,0.0612892010221385,-2.16437727554845,0.0304354064072422,NA,"LGALS9"
13.4392135351624,-0.0133432500795324,0.0515469612817812,-0.258856191475411,0.795746200461082,NA,"NLK"
7.97019690086982,0.0415349458322689,0.0580527399797014,0.715469172459249,0.474319183060498,NA,"IFT20"
4.69221409178612,-0.0134868325998516,0.0707712355573813,-0.190569409925258,0.848862958272639,NA,"POLDIP2"
4.51477452535769,0.0108378034153206,0.0767799081135783,0.141154159748257,0.887748158625084,NA,"SARM1"
8.57010930373552,-0.112428072280561,0.0551389111864944,-2.03899695988373,0.0414503309675188,NA,"UNC119"
5.70163150187368,0.0127419812486342,0.0667285992067479,0.19095232629049,0.848562943899233,NA,"PIGS"
10.9442514450459,-0.0431984833314135,0.0481861823128066,-0.89649109470813,0.369990534378888,NA,"BLTP2"
10.006989826367,-0.0239309930466669,0.0485667838656338,-0.492744034953498,0.622193459075312,NA,"SDF2"
20.0002917260684,0.000439288170900157,0.0361808202285714,0.0121414652328213,0.99031275035373,NA,"SUPT6H"
14.2107011218363,0.0257837805291228,0.0434229062782077,0.593782930233361,0.55265730742991,NA,"FAM222B"
13.579780832921,-0.00568610986111683,0.0461851579607223,-0.123115522652375,0.902015619494232,NA,"FLOT2"
14.9948345498419,0.05149148518213,0.044260846554809,1.16336421894613,0.244681760419861,NA,"PHF12"
6.21676940117853,0.00599996920674336,0.0641131744965284,0.0935840293958343,0.925439596626432,NA,"MYO18A"
5.45118006073819,-0.0734422928406211,0.0740110263886012,-0.992315556536212,0.321043616960722,NA,"ABHD15"
12.4191362140138,-0.0195754793961044,0.0466013241546339,-0.420062728929085,0.674439629227604,NA,"TP53I13"
17.5939468447735,0.00860420429057246,0.0399873809188592,0.215172989399625,0.829632449029857,NA,"NSRP1"
9.11074796856196,-0.130376483824658,0.0609226332756307,-2.14003362649804,0.0323520493130422,NA,"BLMH"
15.1136484493038,0.0285464181479471,0.0422366605850064,0.675868256452093,0.499124293464446,NA,"GOSR1"
12.3043810609599,0.00167555365311214,0.0474452507333545,0.0353155189869026,0.971828148687828,NA,"ENSG00000290928"
17.7836898432872,-0.0650001459001381,0.0395825094906928,-1.64214312676213,0.100560345848258,NA,"CRLF3"
4.34587461671501,-0.0543176111129913,0.100739541062072,-0.539188590104086,0.589756732457804,NA,"ATAD5"
18.7406809991219,-0.0134513317943844,0.042652436646966,-0.315370770156017,0.752480157348302,NA,"EVI2B"
12.5295058815128,0.0527947677725551,0.0474327409166036,1.1130448452342,0.265689169756575,NA,"EVI2A"
11.9370769954486,-0.0120524402754439,0.044767020975623,-0.269225872367224,0.787755871779489,NA,"RAB11FIP4"
18.7028508268109,-0.0276810990615316,0.041074314951044,-0.673927224216019,0.500357582969543,NA,"SUZ12"
10.2535437667932,0.00444303396128716,0.0469358476612847,0.0946618455333028,0.924583424692227,NA,"RHOT1"
9.4766126667536,0.0179888788521799,0.0504776168122774,0.356373378701281,0.721560963127887,NA,"PSMD11"
5.48612754428529,0.0217324132933688,0.0658302054716212,0.330128291985014,0.741303026573459,NA,"MYO1D"
7.29240299329725,0.039926076691172,0.0616708455864818,0.64740601999989,0.517369200784101,NA,"ZNF830"
5.60756461838782,0.085468522020328,0.0640813019291396,1.3337513353714,0.182285364566707,NA,"LIG3"
15.8786196342121,-0.0286798205957519,0.0443002059308733,-0.6473970039892,0.517375034453786,NA,"RFFL"
17.9951439597264,-0.048100731317913,0.0381720173072602,-1.26010451401436,0.207631662096358,NA,"SLFN13"
10.6391879877859,0.0818985138761193,0.0662620524453242,1.23597912913575,0.216466321690487,NA,"CCL3"
7.06976369620959,-0.0631407722931273,0.0770768283482775,-0.81919266329721,0.412676500126255,NA,"ENSG00000289485"
8.36652942750335,-0.151394500177373,0.122915126841029,-1.23169949922582,0.218061356971244,NA,"CCL4L2"
6.01272767859822,-0.0695659887388145,0.0641899462655537,-1.08375209493119,0.278474730719014,NA,"ZNHIT3"
4.74431608699808,0.0514302110611195,0.072554395277014,0.708850385490197,0.478417326650443,NA,"MYO19"
11.2424925322605,-0.0327587723758997,0.046532513313962,-0.703997485690732,0.481434339413232,NA,"ACACA"
13.7404057755967,0.0126493727483807,0.0405947934581331,0.311600864811061,0.75534387691658,NA,"DDX52"
13.8177044520839,-0.0185943942937283,0.0457570879769722,-0.406371889379982,0.684469371056942,NA,"CISD3"
19.7690213419127,-0.0345642819738871,0.0392910439764721,-0.879698742405128,0.37902253084289,NA,"PSMB3"
12.6350965554197,0.0665264531153309,0.0450128667993102,1.47794303819703,0.139423025348024,NA,"CWC25"
21.3389346164778,0.0208678929485318,0.0358936167672309,0.58138172822927,0.560983209266465,NA,"LASP1"
9.54545624731191,0.022037465640656,0.05608952662939,0.392898050045384,0.694394781845215,NA,"MED1"
10.946427983208,-0.0334170211577864,0.0482212323567524,-0.692993926628817,0.488313362919307,NA,"STARD3"
15.1120121367503,-0.00736459393724975,0.0395964271456588,-0.185991375185404,0.852451524925998,NA,"MIEN1"
7.09000232974002,0.0346063057134096,0.0561888880801428,0.615892339140975,0.537965578039849,NA,"PSMD3"
4.83194815059014,0.0299158901029709,0.0686065276668521,0.436050199891183,0.662800307950364,NA,"THRA"
8.25542439182733,0.00756080920965577,0.0553900591359239,0.136501194033789,0.891425080683647,NA,"MSL1"
12.5281823902651,0.0246937289589945,0.0450325892818422,0.548352412170789,0.583449945478251,NA,"CASC3"
11.846479733212,0.00906542392953289,0.0458026735803255,0.197923466490108,0.843104943751215,NA,"WIPF2"
6.36644202524359,0.0907845756478581,0.0666247655866614,1.36262506664689,0.17300070468216,NA,"RARA"
8.14512151485626,-0.0125560404977716,0.055021493218328,-0.228202467133138,0.819488843545359,NA,"ACLY"
18.9690986534755,0.0322780403365718,0.0375518603470304,0.859559021531257,0.390032172020398,NA,"DNAJC7"
19.886668649667,0.00664851864738975,0.0403338174415558,0.16483732681697,0.869072023339661,NA,"RAB5C"
18.3685108106321,-0.0460466499659262,0.0377002194997825,-1.22138943955464,0.221938603714179,NA,"STAT5B"
5.91924982839628,-0.0354258255336596,0.0617423809969356,-0.573768373711046,0.566124552870459,NA,"MLX"
11.4940872476943,-0.00363761401611157,0.0455399947488721,-0.079877348167715,0.93633480579581,NA,"RETREG3"
15.1193329152487,-0.0156594941792569,0.0458094722795109,-0.341839654552425,0.732471565281549,NA,"EZH1"
5.73408416542948,-0.13066969533592,0.0700634301224617,-1.86501995559632,0.0621786070975193,NA,"COA3"
11.753644727245,0.0232401312695301,0.050308771973725,0.461949881854955,0.644117261543433,NA,"BECN1"
8.59704852639242,0.0184069161384447,0.0592840508096568,0.310486815375415,0.756190784231873,NA,"PSME3"
9.93036833763345,-0.0726632858796077,0.0506582150468861,-1.4343830672351,0.151462977046991,NA,"IFI35"
12.6879851643128,0.0462977957660036,0.0426738823422073,1.08492110923341,0.277956597742864,NA,"NBR1"
13.169778785663,0.0829670356472993,0.0554552836197902,1.49610695738451,0.134625785168206,NA,"LINC00910"
16.3115103337451,0.00881354305371597,0.0393425579666025,0.224020590150688,0.822741281740167,NA,"DHX8"
10.4893640785999,-0.0422048711329473,0.051541344769808,-0.818854675240647,0.41286933212165,NA,"LSM12"
6.24039671133877,-0.0940245861186671,0.0645450195897408,-1.4567287563983,0.145191268623145,NA,"ATXN7L3"
21.7409816855976,0.0476436250789127,0.0334972216622561,1.42231572395141,0.154934616205848,NA,"UBTF"
8.81077892494687,-0.03272657548081,0.0528665257341535,-0.619041539543945,0.535888993987064,NA,"SLC25A39"
5.98565134182486,-0.0583429672412991,0.062006302380625,-0.940919954929122,0.346745880654669,NA,"CCDC43"
12.4312915248922,0.0345212393755487,0.0432752929614153,0.797712436200679,0.425037385320237,NA,"EFTUD2"
10.3408711551628,-0.078174618513769,0.0480940627825657,-1.62545258168764,0.104066159747821,NA,"NMT1"
8.79018809347544,0.0116863215241559,0.0624760274760182,0.187052890464934,0.851619164106291,NA,"HEXIM1"
4.7708438631257,0.0652439170321455,0.082760539624573,0.788345717996908,0.430494512654261,NA,"HEXIM2-AS1"
11.6842212487489,-0.0215165728504226,0.0508035740436904,-0.423524786502592,0.671912418193799,NA,"FMNL1-DT"
8.19365071130674,-0.0292840482696064,0.0534158235176303,-0.548227965818799,0.583535381883126,NA,"MAP3K14"
8.52683245370334,-0.0655067714471209,0.0529601473841542,-1.23690689476292,0.21612165006645,NA,"ARHGAP27"
12.8066805264095,-0.00464742990237085,0.0489175907784149,-0.0950052900892566,0.924310625045994,NA,"PLEKHM1"
11.1865903375448,0.0269921004254804,0.0970949956831397,0.277996823992522,0.781014796786922,NA,"ENSG00000291175"
5.70685235767911,-0.184066271363837,0.131754533420219,-1.39703937758844,0.162401730055775,NA,"KANSL1-AS1"
7.36362821221388,0.0155381739660672,0.150362651770567,0.103337988410688,0.917694726601703,NA,"ARL17B"
7.00549641298883,-0.0582912776382591,0.0680001221908709,-0.857223130785562,0.391321581391619,NA,"LRRC37A2"
15.0563828237798,0.0495866583096741,0.0590309005138834,0.840011890010249,0.400901719972623,NA,"NSF"
6.90846966845041,-0.0238085347585987,0.059416467043833,-0.400705998575017,0.68863659385042,NA,"GOSR2"
8.4555946014442,-0.00574782679387242,0.0565470540969859,-0.101646794614873,0.919037035046651,NA,"ENSG00000262879"
22.307640421371,0.0138613098157475,0.0347267344034394,0.399153852323491,0.6897798440315,NA,"CDC27"
19.8337245843493,-0.0585166995009852,0.0352865844505243,-1.65832710680831,0.0972514605977784,NA,"NPEPPS"
8.3394694491463,0.02065552540519,0.062974732815584,0.327997031216916,0.742913907317604,NA,"OSBPL7"
10.6872914832833,0.0203608691248144,0.0494500448793861,0.411746221352816,0.680525442697897,NA,"MRPL10"
6.96690755722732,0.0193688735322934,0.0620629875906976,0.312084130722649,0.754976586518489,NA,"SP2"
20.8983915445826,0.0254960640278299,0.0378224525335643,0.67409864564452,0.500248600510045,NA,"CDK5RAP3"
5.34028391457114,-0.0235378731319346,0.0670515950425701,-0.351041211129889,0.725557431303462,NA,"CBX1"
17.3608612671216,-0.00158182947714322,0.0409140671890933,-0.0386622398069704,0.969159679154792,NA,"CALCOCO2"
9.72227747429864,-0.0179885586558071,0.0564635237254856,-0.318587248349286,0.750039524314737,NA,"ATP5MC1"
9.68882984925343,0.0660576828530047,0.0504630573044033,1.30903053405051,0.190524007934803,NA,"UBE2Z"
11.0729833976161,0.0482093922902695,0.047237896275013,1.02056603049383,0.307460090407402,NA,"SNF8"
16.5382725128569,0.0218190554827891,0.0484377624552569,0.450455478882697,0.652382049406687,NA,"ABI3"
9.71555361807933,-0.0556819677343892,0.0508371293475468,-1.09530117945332,0.273384710962104,NA,"PHB1"
12.6355884930605,-0.0212213948332214,0.0504059096873459,-0.421010055464765,0.673747739193739,NA,"SPOP"
4.59549545148202,-0.0135192000197197,0.0801390148949626,-0.168696858046473,0.86603509027654,NA,"SLC35B1"
18.9255819411639,0.0240059109533366,0.0399727452800672,0.600556974136758,0.548135102565141,NA,"FAM117A"
17.324035050731,0.0483049461757054,0.0396512820124933,1.21824424644039,0.223131170056362,NA,"KAT7"
8.54357416336383,0.00232828268287928,0.0566540375312405,0.0410965005202923,0.967218964428757,NA,"PPP1R9B"
4.82956613440333,-0.021500769190745,0.0730375366400137,-0.294379714594123,0.768467765941386,NA,"MRPL27"
6.50227866844858,0.0637102554886078,0.063896698818259,0.997082113268769,0.318724654346817,NA,"RSAD1"
4.89240160497474,0.105936718067334,0.0764689922694156,1.38535522599929,0.165943874647447,NA,"TOB1"
16.8080703116016,0.0106855252882481,0.0382417821999756,0.279420170126248,0.77992239375278,NA,"MBTD1"
9.21393034668043,-0.0491042773654854,0.0529566192406682,-0.92725476190851,0.353794276162057,NA,"UTP18"
6.37637878854192,-0.050438854876141,0.0602297034861607,-0.83744152729775,0.402344431491281,NA,"STXBP4"
9.56477016148022,-0.0216147133571197,0.0531143379107019,-0.406946866088386,0.684047013501122,NA,"DGKE"
9.34456694926378,-0.164890411595702,0.0560215804700021,-2.94333737485318,0.00324694363164731,NA,"TRIM25"
8.55281857009043,0.0442637985052351,0.0541986741243667,0.81669522770364,0.414102619249584,NA,"COIL"
12.0376575595672,-0.0536509636470294,0.0436034033316805,-1.23043064411554,0.21853588389677,NA,"VEZF1"
16.1283908286815,-0.0238290049527049,0.0395733107135013,-0.602148380387468,0.547075372607712,NA,"SRSF1"
7.36628987686702,-0.0350259121423013,0.0558777328820463,-0.626831303557687,0.530769821648188,NA,"DYNLL2"
21.7869919323899,0.033935565142345,0.0413549698070128,0.820592187606684,0.411878599145993,NA,"TSPOAP1"
10.4394772379153,-0.0279108198220598,0.0498568767002489,-0.559818858888135,0.57560299879093,NA,"SUPT4H1"
4.93919975552423,-0.0341399194368968,0.0677800453574135,-0.503686878001811,0.614481430862854,NA,"MTMR4"
17.3219931111419,0.0506454115979397,0.0807321147621806,0.627326705699834,0.530445101268032,NA,"TEX14"
10.4154544296954,-0.0112603767822985,0.0498848685075337,-0.225727302069524,0.821413522086118,NA,"TRIM37"
10.8659388970382,0.0457860054531558,0.0470209189400587,0.973736934225441,0.330187173658466,NA,"DHX40"
22.1535960539318,-0.00114086552629664,0.0352775498327723,-0.0323397041944447,0.97420114638367,NA,"CLTC"
14.0088197460985,0.0214092495702786,0.0441492018554985,0.48492948163257,0.627726368691626,NA,"RPS6KB1"
8.18571834876795,0.0879808534123181,0.0577307564631349,1.52398580587628,0.127512256976553,NA,"RNFT1"
16.2738839725113,-0.0416423541465247,0.0379382168212435,-1.09763604185021,0.272363448117002,NA,"USP32"
13.6658494126735,0.0134633240158065,0.0453837214271182,0.296655355542565,0.766729644511568,NA,"APPBP2"
10.8214415331471,0.00841949648756204,0.052292170715993,0.161008739401729,0.872086517402859,NA,"PPM1D"
18.470106207178,-0.0625552670260566,0.0456479842064392,-1.37038399643576,0.170567065077582,NA,"DCAF7"
16.2120633469679,0.00678493078602588,0.0392219615844884,0.172988053425385,0.862660818040275,NA,"MAP3K3"
9.45902426411511,-0.0594035375632277,0.0493479468451963,-1.2037691811085,0.228678804590031,NA,"STRADA"
9.96533240326558,0.121455950954112,0.0503079412255454,2.41425007653542,0.0157676360883999,NA,"CCDC47"
14.8911860499885,-0.0366441265930209,0.0398833995384706,-0.918781423275488,0.358209910967048,NA,"DDX42"
16.5381380164088,-0.0533844726164067,0.0399518645958121,-1.336219802417,0.181477440385479,NA,"PSMC5"
6.65249659260983,-0.0237486414104406,0.0601318355536779,-0.394942898246319,0.692885029862381,NA,"SMARCD2"
14.1017326526782,0.00456284955207514,0.0427019459540744,0.106853433728347,0.914905256104805,NA,"ICAM2"
11.8015084225842,0.023536000361877,0.0440485999411405,0.534318920313624,0.59312090414372,NA,"SNHG25"
7.32817336836107,0.0539571921478052,0.0576439423082954,0.936042713026591,0.349251196464117,NA,"PECAM1"
5.59737045014899,0.0678386800412038,0.068211520712996,0.994534051317211,0.319962936214134,NA,"POLG2"
19.1669720709881,0.00895178353188885,0.0397760875284788,0.225054400473138,0.821936954131751,NA,"CEP95"
15.4088075284706,0.0147249039209649,0.0467812241973736,0.314760978867065,0.752943141178788,NA,"ENSG00000291117"
5.69589620136787,0.0155737093031416,0.0650324973765139,0.239475799506447,0.810736659791586,NA,"AMZ2P1"
11.1106806726298,-0.0339533252459584,0.059163069885669,-0.573893905633569,0.566039597365578,NA,"RGS9"
15.5624016998929,-0.0152382745875524,0.0606977406338107,-0.251051759561939,0.801774091929311,NA,"PRKCA"
13.8790981628867,0.0136765803317023,0.0444555631869417,0.307646093115284,0.758351642833472,NA,"PSMD12"
8.97500912133713,-0.0096563335641368,0.0500389470190143,-0.192976354208003,0.846977486614314,NA,"NOL11"
6.28283173432266,0.0432456226203041,0.061915535077233,0.698461582644158,0.484888575307736,NA,"KPNA2"
16.386269422181,0.0133909052448251,0.0403914435340022,0.331528266216888,0.740245493686588,NA,"ENSG00000291214"
21.4174491318039,0.0179758552956529,0.0332066626622276,0.541332788497904,0.588278224446458,NA,"AMZ2"
9.26340274738081,-0.0257252369968048,0.0525551497714046,-0.48949031843121,0.624494607147758,NA,"ARSG"
6.41448751622124,-0.0327288326689855,0.0674344582785023,-0.485342857412992,0.627433159256405,NA,"SLC16A6"
6.00030475498444,-0.0572644243210658,0.0637410727768802,-0.898391285655242,0.368976980696574,NA,"ENSG00000267009"
5.7898217000841,0.0196591537914835,0.0611890327075925,0.321285578829621,0.747993984010997,NA,"WIPI1"
17.0722316719966,-0.0094056446696647,0.0411437483698466,-0.228604467077625,0.819176352279477,NA,"PRKAR1A"
15.5909305125025,0.0471364118160112,0.0480390600923163,0.981210117879691,0.326489135701947,NA,"ABCA5"
9.17516807166121,-0.0122388765179729,0.0514771165169725,-0.237753731095984,0.812072106915776,NA,"MAP2K6"
20.2514891135715,-0.0313477058013208,0.045474017123746,-0.68935422432586,0.490600382441509,NA,"SLC39A11"
6.65394482503117,-0.00323814385573808,0.0634783295673685,-0.0510118000553478,0.959316117706945,NA,"COG1"
6.95699114415983,-0.0253284209094913,0.0597100014735301,-0.424190592604818,0.671426821004291,NA,"FAM104A"
20.1006543649892,-0.0632735093454986,0.03849600140105,-1.64363848302886,0.100250899889028,NA,"RAB37"
16.9402516245922,-0.00573276909674078,0.0443355329798928,-0.129304165562659,0.897116975464435,NA,"ATP5PD"
16.3942671426834,-0.0378604085198497,0.0405229166633846,-0.934296236234628,0.35015110527245,NA,"NT5C"
9.14876388482441,-0.0471821778738104,0.0570448599105649,-0.827106560482098,0.408176666088865,NA,"JPT1"
7.45783605429958,-0.0123845182064584,0.0568543564263329,-0.217828834673473,0.82756247715664,NA,"GGA3"
5.98955711160608,0.0260912193406593,0.0636243736420449,0.410082140650221,0.681745693190848,NA,"MRPS7"
6.72070581542718,0.0561957539801515,0.0621552462639291,0.904119239452904,0.365932177613473,NA,"MIF4GD"
10.707210362301,-0.0208992500942607,0.0653028823452165,-0.320035645345317,0.748941309359494,NA,"MYO15B"
8.01423611053678,-0.0196857777609953,0.0536818956730602,-0.366711672793523,0.713834098640718,NA,"UNK"
14.875175309904,0.0273123332087182,0.0445600627725053,0.612933005686217,0.539920638292961,NA,"UNC13D"
9.44341279802703,0.0445138182740447,0.0509266809257753,0.87407656389237,0.382076559497567,NA,"WBP2"
7.95871561343212,0.0441739114429672,0.055033090439508,0.802679098887293,0.42216023662491,NA,"MRPL38"
5.02775167794114,0.0716498395842357,0.0737086108947617,0.972068781577428,0.33101633167669,NA,"ACOX1"
8.96402897724871,-0.0556920038661802,0.0503538723611636,-1.10601233340564,0.268721181138135,NA,"EXOC7"
5.14814714434754,-0.0332956130075184,0.0751127144774283,-0.443275326143669,0.657566600395884,NA,"PRPSAP1"
9.39278612118583,0.0617947398941859,0.0506235085813852,1.22067279858411,0.222209930823305,NA,"UBE2O"
15.6252484675956,-0.100154598822666,0.0461723530123286,-2.16914651925847,0.0300715618961543,NA,"RHBDF2"
7.71049814841553,0.00843869679600671,0.0621942552509229,0.135682898074119,0.89207196803977,NA,"SNHG16"
9.48972234592367,0.0182787883632221,0.055331510027366,0.330350434213375,0.741135188868247,NA,"MXRA7"
9.94545495666594,0.0478820739067699,0.0574595390310815,0.833318100252582,0.404665350754526,NA,"JMJD6"
8.24325267535575,-0.0214575905645169,0.0552043156411617,-0.388694077904982,0.697502463711635,NA,"METTL23"
6.8089836187586,-0.000726965288146298,0.0591892137697865,-0.0122820568452521,0.990200582840806,NA,"MFSD11"
8.44611029456401,-0.0199642413616409,0.0569856118722174,-0.350338281993148,0.726084838577263,NA,"SYNGR2"
6.54866752234472,0.0119064882934231,0.0577327593582916,0.20623452656283,0.8366077192036,NA,"PGS1"
22.1839088426448,0.043165388520572,0.0412053881790997,1.04756660301204,0.294838331171438,NA,"USP36"
15.1189580603919,0.00820491029362492,0.0487268061944294,0.168385965230016,0.866279648582552,NA,"CBX4"
11.0537509416055,0.0762363486590828,0.0519306550382271,1.46804134480807,0.142092992633025,NA,"EIF4A3"
8.86146084386719,0.055161709876471,0.0550453315536373,1.00211422693894,0.316288427412064,NA,"NDUFAF8"
11.1496954672524,-0.0338121582760658,0.0502665217850257,-0.672657607396627,0.501165143238636,NA,"SLC38A10"
12.5421442746741,0.0184047089876467,0.0473349130531984,0.388818903437345,0.697410116098215,NA,"NPLOC4"
3.57847087322951,0.0271153983212555,0.0938274945187813,0.288992032243042,0.772587474894194,NA,"PDE6G"
6.68355997384076,-0.0307138125172949,0.0640978351692478,-0.479170824353059,0.631817108140335,NA,"OXLD1"
6.02071787217115,0.00478540231736825,0.064376069781887,0.0743351113788353,0.940743739463712,NA,"CCDC137"
7.68207679090777,0.0423644890839664,0.0626198318110129,0.676534699291795,0.498701222981283,NA,"ARL16"
9.50106136394345,-0.00945630269186784,0.0506512993242273,-0.186694177998011,0.851900421129064,NA,"HGS"
6.03569824887662,-0.0248818450822204,0.0688771974740506,-0.361249382883133,0.717913028872253,NA,"MRPL12"
10.7365468097166,0.0234891914995707,0.0454854431664663,0.516411182663554,0.605567257105159,NA,"MCRIP1"
14.5864080723178,-0.00694967757501171,0.0433320372055137,-0.160381971935707,0.872580190097924,NA,"ALYREF"
15.6293222168611,0.0129916683836301,0.0416995770398729,0.311553960636279,0.755379527841509,NA,"ANAPC11"
13.1121796152378,0.00999210624438337,0.0464979408287601,0.214893521439621,0.829850336044406,NA,"SIRT7"
5.82195963486672,0.0479905291769095,0.0638117581421127,0.752064048604204,0.452012542747144,NA,"CENPX"
13.6754799643657,-0.0175722307589752,0.0457048562895083,-0.384471852349067,0.700628754321387,NA,"DCXR"
9.56288523604085,-0.0523266087330667,0.047629594478997,-1.09861545758364,0.271935832467052,NA,"GPS1"
10.6722852328992,0.00698938761746056,0.0487356813404135,0.143414176743328,0.885963087286948,NA,"DUS1L"
10.6516408356059,-0.0544368315403549,0.0459717028209064,-1.18413781087088,0.236358514804188,NA,"CCDC57"
7.27222610643671,-0.0204690421069995,0.0669961663039492,-0.305525573122128,0.759965895944048,NA,"SLC16A3"
9.72783293310601,0.00344754725441495,0.0564384749325979,0.0610850533883528,0.951291472588864,NA,"HEXD"
13.1044917985478,-0.0815853303136951,0.0462031084804031,-1.76579743218574,0.0774298394748678,NA,"CYBC1"
17.9906787987985,-0.00413535681561971,0.0404001071091966,-0.10236004583954,0.918470895846501,NA,"NARF"
12.1833042771239,0.0598243322486456,0.0497145723895291,1.20335606590163,0.22883856155021,NA,"FOXK2"
11.9671713091187,-0.0271506074391539,0.0448403784046865,-0.605494610106062,0.54485040488972,NA,"WDR45B"
14.880231210411,-0.079280623863054,0.0413865636724735,-1.91561262467858,0.0554144214172788,NA,"TBCD"
18.5972916723556,0.0106329504270438,0.0376859732970851,0.28214610097031,0.777831485083494,NA,"USP14"
10.0908137033021,-0.0567409040112224,0.0632471032444985,-0.897130478717346,0.369649296755389,NA,"ENOSF1"
15.2498391673343,-0.0211592386721158,0.0408362511633802,-0.518148411504782,0.604354725287694,NA,"LPIN2"
6.54313409980335,-0.00880760264587457,0.0602564354732022,-0.146168663590988,0.883788242666234,NA,"LINC00667"
5.32363461781481,0.198970085720833,0.0987196467516592,2.01550645963478,0.0438516099149247,NA,"PTPRM"
6.93832233080689,0.0452794891159042,0.0596242010096807,0.759414605967675,0.447604578951062,NA,"RAB12"
20.0556630461315,0.0527463414248114,0.0386279198123186,1.3654978492523,0.172096628616079,NA,"NDUFV2"
4.70994858788141,-0.182930488420465,0.0811703441224868,-2.25366161001388,0.0242174642263633,NA,"TWSG1"
22.1144960829426,-0.0575802413414432,0.0351056975950495,-1.64019647196992,0.100964322646738,NA,"RALBP1"
8.01847342146276,0.0237052547752777,0.0527889436536482,0.449057191422687,0.653390400531257,NA,"PPP4R1"
14.6489350728553,0.032530035497718,0.0425947526942852,0.763709927633468,0.445040123318511,NA,"NAPG"
7.52767345860027,0.13823517344206,0.0738781593948944,1.87112367950539,0.0613279401421789,NA,"GNAL"
12.2626581897326,0.0250062508170903,0.0451943393088948,0.553304931535281,0.580054624733352,NA,"CHMP1B"
14.8774176694701,-0.00956613791024984,0.0426921990306905,-0.22407226911345,0.822701069918054,NA,"MPPE1"
11.8525279926702,0.0342087565284691,0.0454886949216615,0.752027654066177,0.452034428609531,NA,"AFG3L2"
13.9718009132324,-0.0174461289220804,0.0421020763225611,-0.414376924986278,0.678598085324202,NA,"PSMG2"
21.7087911109835,-0.000418202402831582,0.0378182610131754,-0.0110582134563481,0.991177002032189,NA,"CEP192"
16.0415029515658,0.00188194172680603,0.0429660473350499,0.0438006715425932,0.965063291786005,NA,"LDLRAD4"
5.43034064182991,0.0949064782600554,0.0719461179185867,1.31913272050968,0.187124745905499,NA,"FAM210A"
15.5222814278733,0.0292445970814154,0.0434955246519582,0.672358761399579,0.501355329401486,NA,"SNRPD1"
16.3645855382512,-0.0158236100788555,0.0403695404808878,-0.391969041271275,0.695081088644141,NA,"ABHD3"
13.2240736773948,-0.0438079219566382,0.0465018992020475,-0.942067371620584,0.346158148208162,NA,"MIB1"
10.7512084519909,0.00578793106142051,0.0564290670581823,0.10257002929807,0.918304230504407,NA,"TMEM241"
9.26476229414891,0.0201088584686697,0.0519767099595372,0.386882095544795,0.698843496699701,NA,"RMC1"
21.3139056713128,0.0107406921753891,0.0353717117987288,0.303652032350188,0.761393005981773,NA,"TTC39C"
17.9262934848543,-0.00079098458663095,0.0395209598196686,-0.0200143060856861,0.984031960245627,NA,"SS18"
13.7919669356636,-0.00266358591892369,0.042435756211536,-0.0627674903599245,0.949951653737934,NA,"TRAPPC8"
18.2970567055159,0.0784087471929026,0.0411263346861946,1.90653380105918,0.0565809845941604,NA,"RNF138"
12.470531995846,0.0445100420485739,0.0454704400563989,0.978878629574868,0.327639952526267,NA,"ZNF24"
10.9211329874765,-0.0364649604206691,0.0522712024898299,-0.69761089632028,0.485420565364895,NA,"RPRD1A"
15.3660289039549,0.0294660760213408,0.0389592108837188,0.756331438778056,0.449450503193936,NA,"ELP2"
9.29102841815227,-0.149790922395982,0.0515178146686911,-2.90755583013917,0.00364265315311905,NA,"TPGS2"
19.3085476614431,-0.0562498584781701,0.047408256157841,-1.18649920998764,0.235425213281288,NA,"KIAA1328"
18.1846545249744,-0.0432901222967934,0.0367595840455713,-1.17765539030926,0.23893401800173,NA,"PIK3C3"
14.3606881987297,-0.000208420271496291,0.0634573308158506,-0.0032844159818369,0.997379419908375,NA,"SLC14A1"
15.9098326117324,-0.0275817262697093,0.0397576639413414,-0.693746149431804,0.487841418987054,NA,"EPG5"
9.16872254953188,0.027255903252528,0.0627707627172594,0.434213351449906,0.664133518528389,NA,"PSTPIP2"
5.26006684368331,-0.000633146739964854,0.0758146470332105,-0.00835124563314929,0.993336747498802,NA,"HAUS1"
12.254434477872,0.00834225563388797,0.0454761597177342,0.183442394557225,0.854450914153529,NA,"C18orf25"
13.4419841113533,-0.0111222569451112,0.05297102484737,-0.209968694718645,0.833692106378973,NA,"RNF165"
13.9923616879332,-0.0498050498228893,0.0408552019660345,-1.2190626266955,0.222820423499637,NA,"PIAS2"
6.75316808287639,-0.0961603887895324,0.0589186462914795,-1.63208754515188,0.102661045126156,NA,"HDHD2"
7.03162962501046,-0.00141706924196761,0.0597343610456147,-0.0237228492472783,0.98107368006945,NA,"IER3IP1"
9.57524599713336,0.101777281653035,0.070717963691453,1.43919983467137,0.150093912237103,NA,"SMAD7"
9.2835932114207,-0.0612724312423652,0.0506611087485351,-1.20945697312906,0.226487331787852,NA,"C18orf32"
16.6651958192819,0.0388331413673382,0.042858200799389,0.906084264925367,0.364891253139394,NA,"ACAA2"
5.65889797961475,-0.0311032587776599,0.0683661099673545,-0.454951419533919,0.649144189194058,NA,"SNHG22"
10.4985818707366,-0.000689141418604137,0.0491030728575407,-0.0140345884381512,0.988802386167572,NA,"MBD1"
7.62569968071598,-0.000989612982490671,0.0556970369561843,-0.0177677850846748,0.985824104479833,NA,"CXXC1"
14.564271098525,-0.050094894837581,0.0425005988523296,-1.17868679948812,0.238522913937073,NA,"ME2"
15.5214493973437,-0.0122005650399144,0.040579739649376,-0.300656562741205,0.763676394917654,NA,"SMAD4"
14.0042475052044,-0.0433415561554823,0.041562631994967,-1.04280104688102,0.297040446392959,NA,"MEX3C"
13.3704834848946,0.0227968640066101,0.043471703272574,0.524406965691461,0.599995512698243,NA,"MBD2"
20.9679736994145,0.0322468481850777,0.0403183651699303,0.799805449679484,0.423823525107238,NA,"RAB27B"
4.39401819834616,-0.036001947659063,0.0950846620340429,-0.378630442480547,0.704962312596481,NA,"TCF4"
10.8669560123145,-0.00981182271065957,0.0479826997414546,-0.204486674645834,0.837973204092144,NA,"TXNL1"
12.0083950436965,0.107663262786002,0.0482063963609805,2.23338127122789,0.0255238121800929,NA,"NARS1"
7.94781946592862,0.0071003821079075,0.0664622187874534,0.106833359425068,0.914921181920879,NA,"ENSG00000267787"
12.0427722029624,-0.0135026410079249,0.0456722569715104,-0.295642079092952,0.767503434841901,NA,"SEC11C"
16.8153289509067,0.015729037915392,0.0467787412652188,0.336243291075618,0.736687409834884,NA,"LMAN1"
13.5532818744994,0.0615755892244742,0.054070162178296,1.13880903522037,0.254782812471218,NA,"PMAIP1"
8.49271853904096,0.127966409474806,0.057318138269235,2.23256395512572,0.0255777133045007,NA,"PIGN"
5.13037406082499,0.0110635500600686,0.0995195288803915,0.11116963860797,0.911481827246726,NA,"TNFRSF11A"
19.2894808176374,-0.0412024453324656,0.0460471537140543,-0.894788103263155,0.370900371080802,NA,"ZCCHC2"
11.3459718676309,0.0135713530901524,0.0508510242128479,0.266884557395472,0.789558046946609,NA,"PHLPP1"
19.4411710674524,0.00910863407185384,0.04974069960614,0.183122355414749,0.854702015276231,NA,"BCL2"
12.2266379262186,-0.00985183827938911,0.043330656390192,-0.227364159699623,0.820140586928055,NA,"TMX3"
14.7200148848758,0.0640872405851532,0.048376432054693,1.32476162178926,0.185250227565476,NA,"RTTN"
9.79620977668054,-0.100031665758762,0.04869504500397,-2.05424732127482,0.0399517604669778,NA,"CNDP2"
15.8242067937701,0.0132564176713774,0.045847106045084,0.289144044519224,0.772471149688848,NA,"TSHZ1"
4.9625199069792,0.0221733230276223,0.0761614200895632,0.29113589270719,0.770947389877616,NA,"ZNF516"
15.6847859192227,0.0276872042295447,0.0385956637713875,0.717365670753676,0.47314849601336,NA,"ZNF236"
6.68793839855782,0.0359800368752119,0.0698844671878001,0.514850271069863,0.606657653238287,NA,"NFATC1"
13.9378232834306,-0.0374651086026225,0.0514183605476781,-0.728632889177451,0.466226254546971,NA,"CTDP1"
19.8723439588413,0.0669222931986562,0.0383452818206821,1.74525495761412,0.0809404986333578,NA,"TXNL4A"
6.31312201683412,0.068379008791687,0.0605257865033668,1.12975002460948,0.258581571763219,NA,"ADNP2"
6.66244343991318,-0.112592464088782,0.0635324965435299,-1.77220273425959,0.0763609099146836,NA,"TPGS1"
7.69624662386283,-0.0113462290858232,0.0591471063937111,-0.191830670638345,0.847874845413176,NA,"CDC34"
16.0623646503077,-0.00704333452660836,0.040906393525203,-0.172181752524061,0.863294643011848,NA,"RNF126"
17.0735609981597,-0.0146818404829733,0.0425449162601371,-0.345090360342995,0.730026440168927,NA,"PTBP1"
8.47761356663374,0.0493922080710867,0.0536152580429065,0.921234176128738,0.356928178772014,NA,"R3HDM4"
9.23981255006607,0.00638889790068928,0.0518377581364297,0.123247959216805,0.901910749068469,NA,"ABCA7"
13.4564527146279,-0.0199024381017326,0.0424400648026578,-0.468953998875286,0.639102517340807,NA,"POLR2E"
19.4453183103794,0.0146747991813521,0.0398193532096734,0.36853434318936,0.712474842131549,NA,"GPX4"
6.97675613433758,-0.00417466610805982,0.0591181936964025,-0.0706155896693755,0.94370370262577,NA,"SBNO2"
6.59131321370541,-0.0642550275778205,0.0619457414623902,-1.03727917466017,0.299605768396924,NA,"FAM174C"
13.1445287501656,0.00805247959048966,0.049265490815971,0.1634507128036,0.870163576667867,NA,"NDUFS7"
17.0655639078055,0.0350764567495764,0.0379919099805524,0.923261209229323,0.355871097687777,NA,"DAZAP1"
8.15493885958674,-0.0904567049321299,0.0589246958020944,-1.53512383391744,0.124753412840903,NA,"C19orf25"
5.96085242104425,0.0862402757119019,0.0644764565191284,1.33754676307803,0.181044228635637,NA,"REXO1"
7.97617828899153,-0.0350559472244033,0.0546477811858857,-0.641488939965552,0.521205064416417,NA,"ENSG00000261526"
15.7836227832044,0.0351648629818097,0.041070754619985,0.856202017887894,0.391886046632092,NA,"MKNK2"
20.5144567291337,0.0229609199713536,0.0393108055429888,0.584086732749458,0.55916196043364,NA,"MOB3A"
12.2924119253132,-0.0458423832782872,0.0435049540892813,-1.05372788543137,0.292007518208184,NA,"AP3D1"
8.81331277249686,-0.0164301207520954,0.0511293401068297,-0.321344275474049,0.747949507128201,NA,"PLEKHJ1"
11.0810274609235,0.000285035699076638,0.0498924216583086,0.00571300589553907,0.995441705596121,NA,"SF3A2"
18.8495632334742,-0.0184468472265501,0.0385743883193152,-0.478214899322545,0.63249725903674,NA,"LSM7"
6.38757388883285,0.0336295272507904,0.0605909951709247,0.555025167616457,0.578877446027104,NA,"TIMM13"
4.74996875272656,-0.0472095424185594,0.0707322223039091,-0.667440395350767,0.504490870444322,NA,"SGTA"
9.8970176113958,-0.032012328708658,0.0501635915447852,-0.638158627060782,0.523370426090299,NA,"S1PR4"
5.94500804895365,-0.0184432276692499,0.067447996953891,-0.273443667746844,0.784512189301724,NA,"HMG20B"
14.585630735303,-0.0321231584912054,0.0425092565957858,-0.755674435727252,0.449844415015492,NA,"MRPL54"
6.95255761443855,0.0355588101925557,0.0560365024536803,0.63456512515121,0.525712079576419,NA,"YJU2"
10.2865784949332,-0.0267042080059711,0.0637902662603714,-0.418625122161633,0.675490126533157,NA,"TMIGD2"
4.63693318253201,0.102551437132038,0.0759112338525832,1.3509388785748,0.176715012757452,NA,"UBXN6"
13.6773244860736,-0.0674065093796754,0.048138302549356,-1.40026768311084,0.161433174459116,NA,"MYDGF"
19.2869501296826,-0.0647729621884135,0.0394432692372088,-1.64218036286176,0.100552631054443,NA,"DPP9"
15.2138844482481,-0.0427691769770784,0.0427660193197146,-1.00007383566238,0.317274777044625,NA,"KDM4B"
20.7971510493341,0.0446894144226152,0.0369654744758095,1.20895010969926,0.226682013046096,NA,"SAFB"
11.1998350011052,-0.018607772024485,0.0465152143538773,-0.40003625228772,0.689129815702783,NA,"MICOS13"
9.73838521054743,-0.0174786587681472,0.0564170396280057,-0.30981169666816,0.75670415631356,NA,"RANBP3"
7.93377202615455,-0.0697123961740432,0.0578767175605475,-1.20449809720314,0.228397117068829,NA,"CLPP"
6.78855528810392,-0.0340342754962867,0.0632405643585905,-0.538171596687586,0.590458587168532,NA,"ALKBH7"
12.5812427820178,-0.0194077170257579,0.0449468155028153,-0.431792927010418,0.665891920635076,NA,"GTF2F1"
6.77780198754751,0.0636661096517082,0.058298433659805,1.09207238779734,0.274801285002877,NA,"KHSRP"
15.9654097155572,-0.00368597502126458,0.0382059601876215,-0.0964764398843408,0.923142184877538,NA,"DENND1C"
7.42104831809549,0.0404274151460231,0.0577143542489801,0.700474183105627,0.483631222519191,NA,"GPR108"
19.1710513207929,-0.0337089296727542,0.041954650124855,-0.80346110794484,0.421708267366195,NA,"VAV1"
6.40865214797318,-0.0502935717454132,0.0627814353771097,-0.801089867463437,0.423079621695228,NA,"PNPLA6"
6.36371795734267,-0.0580359587588429,0.0584199350086613,-0.993427307822895,0.320501759167468,NA,"XAB2"
17.5700768082716,-0.0416382748070369,0.0361649836426457,-1.15134228231579,0.249591448693137,NA,"PET100"
17.6286781485136,-0.0331676350380002,0.0427770140938778,-0.775361154596041,0.438126282215952,NA,"STXBP2"
12.1662908254836,-0.030749210293909,0.0427332262211586,-0.71956210689012,0.471794649948035,NA,"TRAPPC5"
7.52801843705229,0.059695014820624,0.0568996555971201,1.04912787598042,0.294119267820954,NA,"MAP2K7"
5.80006674969763,0.0252792691398387,0.0652492286386642,0.387426329280147,0.698440614883085,NA,"TIMM44"
7.75379418265187,0.0266461713506812,0.0619762725598827,0.429941496157827,0.66723819901234,NA,"ELAVL1"
6.2092153738974,-0.0459463516218385,0.0629101816239704,-0.730348417947211,0.46517723953839,NA,"CERS4"
7.02510784533446,-0.0932608340591528,0.0674379966513255,-1.38291228521125,0.166691762907572,NA,"CD320"
10.3020445239316,-0.0102080358904082,0.0497853584835506,-0.205040923704126,0.837540151717717,NA,"NDUFA7"
11.1614913351249,0.0886778100687273,0.0519298603099016,1.70764584267173,0.0877020767421496,NA,"RAB11B"
21.2118516748935,0.00473807918862413,0.0610057364783442,0.0776661255504399,0.938093640578794,NA,"ADAMTS10"
19.8252955736824,-0.00560116000732469,0.035558427783649,-0.157519900525532,0.87483512532086,NA,"ZNF266"
6.33179116491905,0.0848377105179299,0.0626286013254046,1.35461608151093,0.175539907115958,NA,"ZNF121"
11.1824984674617,0.0418664975360498,0.0491458592889895,0.851882501226903,0.394279309994941,NA,"PIN1"
16.2377890838482,0.0120732743939185,0.0377761189604596,0.319600708758769,0.749271037022295,NA,"SHFL"
21.878186858523,0.0152288483549092,0.0357988937068701,0.425399971284216,0.670545126966198,NA,"DNMT1"
7.65653804269616,-0.0866654659234224,0.0544310565108908,-1.59220620503815,0.111338379471503,NA,"MRPL4"
10.45771782389,0.0507485125655274,0.0475772277470281,1.06665551921943,0.286127420008859,NA,"TYK2"
10.9415995263587,-0.00636060106921051,0.0581899233502878,-0.109307603499001,0.912958516014331,NA,"PDE4A"
6.28163535443683,-0.0838763344293411,0.064258115820159,-1.30530335909768,0.191789570711292,NA,"ATG4D"
12.7362697234692,0.0578421710666475,0.0482919509731621,1.19776008011755,0.23101043230753,NA,"KRI1"
21.9623051666039,0.000220212175018112,0.0344141270971323,0.00639888887480928,0.994894460202237,NA,"SLC44A2"
12.8088589592974,0.0208480295146538,0.0484125382154458,0.430632854279933,0.666735348436272,NA,"ILF3-DT"
4.29550952231896,-0.00495449449877267,0.0782063039186626,-0.0633516001974153,0.949486527232581,NA,"QTRT1"
12.6887300826251,0.0352923682799369,0.0457062086378253,0.772156985489489,0.440021454470855,NA,"SMARCA4"
4.43881232358519,0.0908000614348385,0.0873744959537265,1.03920555356252,0.298709148198478,NA,"LDLR"
5.75645530677864,-0.0131524310790513,0.0654898292051645,-0.200831659490938,0.840830206551674,NA,"CCDC159"
17.6274798753685,-0.0111316725404092,0.038173956837339,-0.291603843631977,0.770589536312111,NA,"PRKCSH"
10.7826564422616,-0.0356956398173218,0.0543220642951398,-0.657111254524168,0.51110938279725,NA,"ZNF700"
6.99166085408847,0.0764902265312542,0.0563653406058381,1.35704363193951,0.174767347230947,NA,"ZNF433-AS1"
11.9622755025566,0.0326302340734363,0.0454621825302273,0.717744557286504,0.472914804308007,NA,"ZNF44"
10.1865797454797,-0.023375639123585,0.0500524892936396,-0.467022508839645,0.640483774082756,NA,"ZNF791"
5.15058625627398,0.0332347066948273,0.0663593960648374,0.50082895061846,0.616491508923823,NA,"MAN2B1"
8.55506750171509,0.0181915153520078,0.0515446671034871,0.352927206135299,0.724143014049079,NA,"DHPS"
9.18101020142806,0.0620327442352238,0.051839319057061,1.19663501302829,0.231448847169355,NA,"GET3"
5.50148276756777,0.0561995306755886,0.0750345487923351,0.748982056667334,0.453868020420825,NA,"HOOK2"
9.19429162533515,-0.0854570345242264,0.0590542166774983,-1.44709454010569,0.147870447007095,NA,"PRDX2"
4.75257006359572,-0.0830668748659469,0.0712794313309071,-1.16536949460663,0.243869459847072,NA,"FARSA"
20.97201767583,0.0475114011867966,0.0367806749142887,1.2917490311832,0.196444071484855,NA,"RAD23A"
9.75855085516427,-0.0146091570443164,0.0525114352599184,-0.27820906002673,0.780851880409586,NA,"GADD45GIP1"
7.36853728483307,-0.0406267084765057,0.0577408308394997,-0.703604501110045,0.481679107481282,NA,"STX10"
10.336884065975,0.00242538462998967,0.0471414978888858,0.0514490361699237,0.95896771127065,NA,"YJU2B"
19.0152177143426,-0.0216876850734154,0.0388880695685352,-0.557695080111747,0.57705261782433,NA,"C19orf53"
15.5156350563909,0.0350259197186261,0.0463230715760955,0.756122565428084,0.449575713790792,NA,"MIR23AHG"
5.66014492076981,-0.0226234929392512,0.0624979035829612,-0.361988029073971,0.71736097611184,NA,"CC2D1A"
9.94398523120744,0.0651578946707259,0.0532463127055668,1.22370717069229,0.221062713631102,NA,"DCAF15"
15.706347577338,-0.0176789514915029,0.0391023059321904,-0.452120433054792,0.65118222436861,NA,"IL27RA"
3.54448562935736,-0.00647184251859997,0.0898678831706723,-0.0720150769136176,0.942589909363092,NA,"ADGRL1"
19.4600000251841,-0.0307083269074143,0.0357981808584691,-0.857818083796551,0.390992922543558,NA,"DDX39A"
13.9055658264475,0.0453593604563456,0.0443877988034984,1.02188803407775,0.306833896514552,NA,"DNAJB1"
15.0613325349521,-0.109456173576345,0.0477142467839437,-2.29399353346134,0.0217908701833352,NA,"TECR"
13.6671515747733,0.0209781752882044,0.0468665786308938,0.447614822780681,0.654431203648215,NA,"AKAP8"
20.4473963018172,0.00203200022915183,0.0363461694173228,0.0559068606603526,0.955416005363568,NA,"AKAP8L"
20.3610780463097,-0.0290600729890097,0.0378326619366775,-0.7681212873059,0.442415131154298,NA,"RAB8A"
9.98627099077631,0.0371224377125575,0.0482093970902195,0.770024931925332,0.441285103470689,NA,"FAM32A"
9.26434362974824,0.0254787048188326,0.0518281327674534,0.491599898710465,0.623002215056971,NA,"AP1M1"
18.088016123032,-0.0317404578429089,0.0359955288291177,-0.881788901993662,0.377890974264805,NA,"EPS15L1"
5.35915912137486,0.0206840617749693,0.0661472901847664,0.312697038944353,0.754510845418963,NA,"CHERP"
5.74165303472044,-0.0214094016846751,0.0650029973341432,-0.329360222800521,0.741883429637898,NA,"MED26"
12.7276755193535,0.0554820793540143,0.0465718985261921,1.19132097058081,0.2335276044643,NA,"SMIM7"
6.07003298847335,-0.0238275602802516,0.0679341603720926,-0.350744899911062,0.725779737566163,NA,"SIN3B"
11.1715044975202,0.0226444903289565,0.0512106555251001,0.442183176465251,0.658356659080857,NA,"BABAM1"
7.94450820299488,0.0551669119549824,0.065101680266118,0.847396130629426,0.396774360509281,NA,"MRPL34"
7.39100156029369,-0.00987541456454317,0.0564102067228073,-0.175064321481212,0.861029092620847,NA,"DDA1"
10.5761139576631,0.0210879121674128,0.0497067676605474,0.424246298037811,0.671386199171115,NA,"PGLS"
13.5240056874674,-0.0499148989747382,0.050002859643537,-0.998240887232732,0.318162564217159,NA,"JAK3"
9.08046045179036,-0.0848831377273639,0.0493134468794943,-1.72129800487867,0.0851967613485463,NA,"CCDC124"
12.7306021048621,-0.000739880431239386,0.0460566262783403,-0.0160645816036973,0.987182869652832,NA,"ARRDC2"
11.3827680140005,-0.0422700032165767,0.0470945810867097,-0.897555562470126,0.369422538927059,NA,"IL12RB1"
10.6796664457828,-0.0630425014364034,0.0487440761553419,-1.29333667614284,0.195894641009004,NA,"MAST3"
9.52285575873538,-0.00800652934576344,0.0509301412478748,-0.157206109183872,0.875082413737398,NA,"LSM4"
5.89369580453559,-0.024176996628685,0.0636545974759184,-0.379815403558738,0.704082447327595,NA,"PGPEP1"
7.93680254773489,-0.0106800349256031,0.0559913661333796,-0.190744317617858,0.848725915650194,NA,"ELL"
18.425815130239,-0.0429937010492469,0.0372593655816872,-1.15390319663355,0.248539858490234,NA,"FKBP8"
7.29398428696419,-0.0110681180026847,0.061628609930461,-0.179593828502273,0.857471450046962,NA,"KXD1"
22.1233173432515,-0.0241179376427397,0.0394291351403541,-0.611678079087663,0.540750767973638,NA,"REX1BD"
8.1873504966328,-0.0253748076471122,0.0525720843196834,-0.482666951015515,0.629332232894492,NA,"CRTC1"
9.15024583044573,-0.0566309134919647,0.0534322347488298,-1.05986421414285,0.289206378091563,NA,"UPF1"
6.86190595193707,0.0240233075068358,0.0611576928690545,0.392809250641165,0.694460371736808,NA,"DDX49"
8.21969652900876,-0.0778044077542017,0.0582916493500975,-1.33474363174923,0.181960267977315,NA,"SLC25A42"
5.55179315700947,-0.0296712880766185,0.0713614397459087,-0.415788809506462,0.677564548183388,NA,"RFXANK"
11.2538570178123,-0.0597053611034736,0.047654733041309,-1.25287368731493,0.210251679212773,NA,"MAU2"
10.0120874277638,0.040171691414971,0.0498978524684117,0.805078564060488,0.420774344809227,NA,"GMIP"
8.32406998922989,0.0173755802401127,0.0568943321750423,0.305400899805883,0.760060836559776,NA,"ZNF14"
13.3731536587603,0.000597983736336594,0.0448479315803029,0.0133335856362934,0.9893616531038,NA,"ZNF506"
5.71444026512615,-0.0187504816447539,0.0691488477572695,-0.27116115818116,0.78626708542944,NA,"ZNF626"
6.77776865854535,-0.0398214242318393,0.056587866855605,-0.70370958377794,0.481613650746671,NA,"ZNF66"
11.8256128808313,0.0163220472675235,0.0507216123044597,0.32179669623965,0.747606717306309,NA,"ZNF430"
18.0758937112609,-0.0197273580764059,0.0477725928982287,-0.412943005175199,0.679648371960485,NA,"ZNF431"
16.4261426889578,-0.0159041854911108,0.0491271250203591,-0.323735319022228,0.746138428898004,NA,"ZNF708"
6.60687087732187,-0.127774555963019,0.0630370568123684,-2.02697528127533,0.0426649406797726,NA,"ZNF738"
9.29789916828369,-0.0368932236873646,0.0493672315865573,-0.747322110268192,0.454869149196396,NA,"ZNF493"
8.22700760738309,0.0290977394940962,0.0557433764404544,0.521994564236322,0.601674115290232,NA,"ZNF43"
18.2659777959972,0.0208604487142609,0.0383987432269822,0.543258631954459,0.58695174254506,NA,"ZNF91"
6.60573461597177,0.159285599038041,0.0773590550943079,2.05904271767354,0.0394901464748275,NA,"RPSA2"
9.49193656615466,0.0162889340979389,0.0552675157163611,0.29472889973082,0.768200984491897,NA,"ZNF254"
18.136555834865,0.0448583397434581,0.0401703850370009,1.11670176181132,0.264121864310724,NA,"UQCRFS1"
5.66190378434871,0.0661971771914193,0.065928743620271,1.00407157116014,0.315344117120816,NA,"POP4"
6.86093093496969,0.0250527020275647,0.0583030536476071,0.42969793964802,0.667415382374209,NA,"PLEKHF1"
10.1070569100592,0.0372719639327276,0.047667605601543,0.781913911185022,0.434265168947076,NA,"C19orf12"
8.60682173026945,0.00369102558359278,0.0624042981709493,0.0591469769194687,0.952835041938541,NA,"ZNF507"
10.2221896310563,-0.0254597115770697,0.0519261373084701,-0.490306286905666,0.623917178909011,NA,"PDCD5"
7.18568978239446,-0.0131135863238293,0.0643112492806818,-0.203908126035555,0.838425294834035,NA,"ANKRD27"
7.28638560669002,-0.0260141175886433,0.0554356514205671,-0.469266923397095,0.638878854811806,NA,"CEBPG"
6.83134713373348,-0.0903354482560213,0.0610360009095526,-1.48003550216022,0.138863772432492,NA,"PEPD"
5.41170962013967,0.049209906127675,0.068316958683405,0.720317576719478,0.471329485128108,NA,"GARRE1"
11.6653066788728,-0.0200348334727834,0.0501723614024764,-0.399320121930607,0.689657342421768,NA,"GPI"
17.4111522233418,0.0789048236818635,0.0399516709690362,1.97500684622221,0.0482673710861259,NA,"UBA2"
6.58178515167977,0.0282009297111114,0.0653240431610044,0.431708270745037,0.665953455472602,NA,"ZNF302"
5.32525479153844,0.0552507628252413,0.074958373158347,0.737085938465153,0.461070089745339,NA,"GRAMD1A"
12.6375646663293,0.0582421039582331,0.046170293894101,1.26146270785758,0.207142187738866,NA,"USF2"
7.07910446696001,-0.00839010573684649,0.0615110000686035,-0.136400086610346,0.891505005213164,NA,"TMEM147"
7.25532879182859,-0.0692793043319797,0.0533098624103551,-1.29955886583798,0.193752205607785,NA,"RBM42"
7.84399871534546,0.0509855713229522,0.0557492662612905,0.914551432551392,0.360427165333129,NA,"KMT2B"
9.0998360673606,0.011578201126884,0.0522687014618855,0.221513081501113,0.824692952014979,NA,"IGFLR1"
6.58557996511687,0.0129644681963691,0.0605003611620804,0.214287451303594,0.830322903173843,NA,"U2AF1L4"
7.92880902422762,-0.0206607751804105,0.0621367672993369,-0.332504828918433,0.739508093988172,NA,"PSENEN"
6.8027103243763,-0.0135013865346943,0.0588172048376588,-0.229548251603582,0.818442822272045,NA,"POLR2I"
20.1185545448333,0.00495678513387847,0.0350890067009088,0.141263193231118,0.887662025529846,NA,"TBCB"
6.08104736275887,-0.0465136421931715,0.0631906942982373,-0.736083733684645,0.461679741347724,NA,"ZNF146"
6.05316646247596,0.0942873177671447,0.0665517245024428,1.41675243537354,0.156555320588705,NA,"ZFP14"
6.77479541989831,0.0658779965141557,0.0664627744140997,0.991201422072745,0.321587236329628,NA,"ZNF529"
8.32959083055648,-0.0246382931785653,0.056414541485787,-0.436736567020981,0.662302406733267,NA,"ZNF875"
4.64002850299169,0.0631446737485992,0.0851011063088335,0.741995920939571,0.458089807016933,NA,"ZNF569"
12.3794281079914,0.000642232442476337,0.0455512169406544,0.0140991280938347,0.988750896067344,NA,"SIPA1L3"
17.8591305144361,0.0178687313376488,0.0371300629869052,0.481246997721244,0.630340962073501,NA,"PSMD8"
5.07608711291611,-0.0865067148495013,0.0690184751594784,-1.25338490381906,0.210065662722813,NA,"FAM98C"
7.73638272518568,0.0672749427434311,0.0606909820223588,1.10848334466967,0.267653128205382,NA,"MAP4K1"
7.74123608861764,-0.106360012688864,0.0649843663175801,-1.63670154401568,0.101692846209462,NA,"CAPN12"
17.2082742949902,-0.0364407904288248,0.0437668150688534,-0.832612342741793,0.405063395657413,NA,"ECH1"
8.35578140954947,-0.042864715807504,0.0584394120023244,-0.733489854514606,0.463259713475501,NA,"RINL"
21.3242830757862,0.0986397864636986,0.0382631271244542,2.57793321865366,0.00993932047088472,NA,"NFKBIB"
5.50540286773664,-0.00763601455009807,0.0704268158810041,-0.10842481595363,0.913658716887567,NA,"MRPS12"
9.34424333200798,-0.0286428127624569,0.0502533220019647,-0.569968543797703,0.568699033409915,NA,"SAMD4B"
5.92401060645973,-0.0258512430483619,0.0654772303400909,-0.394812714497691,0.692981110835817,NA,"PAF1"
7.68479826043342,-0.101399583652335,0.0575438229037666,-1.76212803626047,0.0780476673488513,NA,"MED29"
16.9800805668988,0.0133199438853651,0.0405670719859358,0.32834373380418,0.742651780595728,NA,"SUPT5H"
5.66237639046833,-0.0394951388242896,0.0609475947349672,-0.6480180062238,0.51697330421633,NA,"TIMM50"
22.2397407759296,0.0332317051266585,0.0359299512661413,0.924902593952987,0.355016577216928,NA,"FBL"
10.4703628545678,0.0848028696368192,0.0470145899538883,1.80375644496726,0.0712694965530829,NA,"PSMC4"
6.82544235296426,0.0105848017069147,0.0648421580814683,0.163239503744089,0.870329863845545,NA,"ZNF780B"
12.1183351187499,0.0476736040280773,0.0449415769441557,1.06079063685986,0.288785058295679,NA,"AKT2"
9.96775316827747,-0.0548916535863617,0.0502112534807158,-1.09321416577348,0.274299778814349,NA,"PLD3"
14.2263531644595,-0.0266129360507031,0.0430166626837571,-0.618665753927767,0.536136574921587,NA,"SERTAD1"
6.60144886419153,-0.0216532085337487,0.0599377328492289,-0.361261721196838,0.717903806196412,NA,"SERTAD3"
10.7830368329292,0.00959415111179346,0.0477331345324093,0.200995622972955,0.840701996591612,NA,"SHKBP1"
6.17308320658869,0.110794135535459,0.0654949526578209,1.69164387543425,0.090713895523567,NA,"LTBP4"
7.72459852569879,0.0843434732031891,0.0544059428176756,1.55026213746244,0.121078611075426,NA,"SNRPA"
14.9542784917667,0.0194111909780036,0.0407767934916217,0.476035247400999,0.634049266951846,NA,"RAB4B"
5.57082352488741,-0.0535806208263355,0.0632833179676401,-0.846678438285015,0.397174380110199,NA,"EGLN2"
8.0385013973094,-0.0812502883959923,0.0550882515227968,-1.47491136766918,0.140236373730348,NA,"CCDC97"
7.17009756871815,0.0222263611992044,0.0623870568933586,0.356265583055105,0.721641681332238,NA,"TMEM91"
5.42718082149687,0.0649235108298578,0.0723094331490853,0.897856724944871,0.369261938350952,NA,"BCKDHA"
9.51140324255307,-0.0823710808625869,0.0554124621663147,-1.4865082265314,0.137144742519071,NA,"ENSG00000268027"
5.84829823916148,-0.0415919334853859,0.0664671807883008,-0.62575143088823,0.531477993359233,NA,"CEACAM21"
20.4241208563474,0.00263457266038208,0.0390122790309021,0.0675318829308896,0.946158281043107,NA,"RABAC1"
8.3728733480108,0.0139411311853831,0.0562684264190502,0.247761170386368,0.804319199868436,NA,"POU2F2"
6.90163164396937,0.0531076181797956,0.057757857987991,0.919487322241722,0.357840733759332,NA,"DEDD2"
5.62397861043732,0.0229417581035789,0.0651085720359788,0.352361561407019,0.724567125296815,NA,"GSK3A"
6.19688203411472,0.00651577918266147,0.0666002231768262,0.0978341944194664,0.922063954399076,NA,"XRCC1"
11.6184404440687,-0.0137407030164544,0.0505221586264561,-0.271973791105178,0.7856421716578,NA,"ZNF428"
5.2610524343134,0.0309959749947885,0.0775586022275447,0.399645869117795,0.689417366907831,NA,"ZNF235"
6.05768672400543,0.13764742921286,0.0879736991032257,1.56464296279446,0.117666649205799,NA,"BCL3"
11.055953250659,0.0491207567998719,0.0489704777690565,1.00306876791205,0.315827682588956,NA,"CLPTM1"
13.5326331710216,0.114961392556475,0.0545779428480161,2.10637093590372,0.0351721438830075,NA,"RELB"
9.90786105491089,-0.0172162006869754,0.0517829235254725,-0.33246868880446,0.739535379022635,NA,"CLASRP"
8.23989693844711,-0.0949993145339432,0.0544706512185993,-1.74404587440484,0.0811510909062132,NA,"TRAPPC6A"
11.7494631198528,-0.0128750440352582,0.0442748786851305,-0.290797951741926,0.771205851957254,NA,"ERCC1"
19.0035441702527,0.0319185987317744,0.0412808852974248,0.77320528621913,0.439400898167303,NA,"VASP"
6.62996104510362,-0.04352600725973,0.068926887163796,-0.631480820485858,0.52772618594523,NA,"EML2"
8.03812862310847,0.0816353754293705,0.0541301645015929,1.50813093182025,0.131521020006996,NA,"SYMPK"
9.46984110044813,0.129722992070355,0.0549582545305964,2.36039141305216,0.0182556619640276,NA,"PPP5C"
19.6104197655656,-0.0422585754278746,0.0376979231366596,-1.12097887394704,0.262296855056106,NA,"CALM3"
13.6157863592084,-0.00836646794781433,0.0449313498035485,-0.18620557771789,0.852283550069419,NA,"PRKD2"
13.0622614593208,-0.0389822593817642,0.0435969599642196,-0.894150863128008,0.371241178436579,NA,"AP2S1"
13.1270013957697,-0.0327677698937524,0.0519232699708567,-0.631080629400733,0.527987805956504,NA,"ARHGAP35"
12.7925159864031,-0.0434222168511336,0.044169538353146,-0.983080613248945,0.325567764994393,NA,"TMEM160"
6.21495401510436,-0.118678158419849,0.0656248373552879,-1.80843356269722,0.0705390482516704,NA,"ZC3H4"
9.86220686088185,-0.0297357124899522,0.0501030640467923,-0.59349089832473,0.552852672375341,NA,"SAE1"
21.0313620090051,0.00359090374901602,0.0343039583817947,0.104678990950552,0.916630533151409,NA,"NAPA"
20.4438311622207,0.00410382549370284,0.0364117026187317,0.112706223509352,0.910263467045335,NA,"SELENOW"
9.56957140182747,-0.0260700482905165,0.0499184045306671,-0.522253235767992,0.601494024520299,NA,"KDELR1"
15.7836940226134,0.0275695252110936,0.0387144785084919,0.712124411156574,0.47638773914531,NA,"NUCB1"
18.107432106127,-0.0373859780998483,0.0380517376083358,-0.98250383424431,0.325851694944996,NA,"BAX"
5.78578121735782,0.103173420694151,0.065747764491678,1.56923085509941,0.116594157100068,NA,"RUVBL2"
9.16151944795716,-0.0277384962046264,0.051820236337081,-0.535283089490225,0.592454118023009,NA,"PIH1D1"
9.23420535333512,0.0223987437838538,0.0552655434129681,0.40529310670992,0.685262072868915,NA,"FLT3LG"
14.8291014906005,-0.0600013347370154,0.045776830832494,-1.31073588201358,0.189947011448118,NA,"NOSIP"
18.1099071893735,0.0235079959223248,0.0402249179453199,0.584413769452074,0.558941964982065,NA,"IRF3"
9.79110663827447,0.0197243574749364,0.0518134044508515,0.380680591904482,0.703440271863594,NA,"PRMT1"
11.3046201461405,0.0453968696307477,0.0485269235755432,0.935498611612523,0.349531398509049,NA,"AP2A1"
8.16306318320076,-0.0151327672812355,0.0586408268386299,-0.258058559148192,0.796361713582456,NA,"PTOV1"
13.84277607205,0.000563951132150729,0.0480948027052081,0.011725822759008,0.990644361450496,NA,"PNKP"
5.311337049954,0.0412282150626342,0.0661944078478765,0.622835318013299,0.53339274676529,NA,"TBC1D17"
11.9806341517576,-0.0348828223734081,0.0451797036454179,-0.772090553031901,0.440060797029334,NA,"VRK3"
13.0951711715995,0.0569684395877113,0.0437192127682649,1.30305273083654,0.192556759793053,NA,"NR1H2"
11.1732352301562,0.0347097051657726,0.0477195550643604,0.727368583360823,0.46700019471555,NA,"EMC10"
8.32633447910685,0.090908284356462,0.0643812669132058,1.4120300627047,0.157941109559861,NA,"SIGLEC7"
6.47539734519954,0.0891226191967451,0.065374098168918,1.36327110725817,0.17279708432088,NA,"SIGLEC17P"
7.54080531702513,-0.0516562887904877,0.0542906404455126,-0.951476872746256,0.341362353285099,NA,"ETFB"
6.37677939209931,0.0297337445776007,0.0597844468561732,0.49734916255281,0.618942848685384,NA,"ZNF836"
16.2323815543315,0.0181899955843351,0.0382854479866695,0.475115129661501,0.634704915161712,NA,"PPP2R1A"
7.70843859254058,0.149334791154007,0.0613301152284971,2.43493413631512,0.0148945005547724,NA,"ZNF766"
6.90422345264956,-0.0722595213696439,0.0638280698805282,-1.13209629407403,0.257593952760035,NA,"ZNF480"
3.58090050763643,0.0267050194342493,0.0859044395696218,0.310868909314123,0.755900280981243,NA,"ZNF880"
8.14275884005449,-0.00199870094316663,0.0515709512567535,-0.0387563326729384,0.969084660135422,NA,"ZNF808"
18.8647054212751,-0.00673710735669635,0.0401515095902722,-0.167792130991971,0.866746813290384,NA,"ZNF83"
15.4849086760848,-0.0265614988795979,0.0400638914405614,-0.662978505695196,0.507344320318083,NA,"ZNF611"
10.5811804495712,0.0409078850211654,0.0509602810198232,0.802740569763588,0.422124698693563,NA,"ZNF160"
12.5666248241012,0.0344599737345833,0.0531353228083271,0.648532311714552,0.516640719129039,NA,"MYADM"
21.7387685916745,-0.044337920529605,0.0345322490197728,-1.28395693266945,0.199157024923172,NA,"NDUFA3"
8.28580816369739,0.0570134670969665,0.058331664667269,0.977401680925416,0.328370331160645,NA,"PRPF31"
6.15023792408896,0.0932260790857782,0.0630222206585911,1.47925728594696,0.139071564176267,NA,"LENG1"
13.5539648720249,0.0352125420815933,0.0563333324071432,0.62507472178458,0.531922017696177,NA,"LAIR1"
13.3891808788782,-0.169887138105077,0.11043832627216,-1.53829873957355,0.123975587791974,NA,"LAIR2"
7.20185422089402,-0.12214547954102,0.0792929199396587,-1.54043361795696,0.123454692132456,NA,"ENSG00000290933"
9.23535392892866,-0.0198800841814682,0.0708184758806806,-0.280718893399561,0.778926016379457,NA,"KIR2DL3"
8.12610999224784,-0.0260214392831683,0.0797550518472482,-0.326266972191381,0.744222374535465,NA,"KIR2DL1"
8.43146903107698,0.0423120158040332,0.075062047109935,0.563693869713725,0.57296249014048,NA,"KIR2DL4"
12.6753095797944,0.0111163174364409,0.0728871101156276,0.152514174574984,0.878781411523327,NA,"KIR3DL1"
7.55514705747303,-0.112550371575446,0.170739638747222,-0.659192981789514,0.509771853097681,NA,"KIR2DS4"
12.5949684737512,0.0992534721149332,0.0567845038275478,1.74789714490351,0.0804818393353916,NA,"GP6-AS1"
8.15988469845786,-0.0180542936152742,0.0531724356088605,-0.339542347619406,0.734201200988083,NA,"PPP1R12C"
18.0971901962843,-0.0341673187903848,0.0375423548925283,-0.910100575421942,0.362769471138672,NA,"PPP6R1"
14.6089832152939,0.0167367612001438,0.043995197319477,0.380422460174632,0.703631844865778,NA,"UBE2S"
10.3003528268305,-0.0161954631773603,0.0587731808627981,-0.275558731714172,0.782887010116849,NA,"U2AF2"
6.27716919275947,0.0280403956238548,0.0619380045291706,0.452717129604147,0.650752443293951,NA,"ZNF264"
7.08434199232967,0.131187373811682,0.0614292417946868,2.13558510538265,0.0327132465366587,NA,"ZNF460"
7.97893204843607,-0.0431615185312988,0.0593877927129537,-0.726774250390423,0.467364259538328,NA,"ZNF586"
6.35879707007266,0.0511433257932211,0.0642510738849198,0.795991766376139,0.426036821094022,NA,"ZNF814"
7.72710030716915,-0.0468926913172104,0.0604508823320584,-0.775715581116377,0.437916938010601,NA,"ZNF544"
16.6785194552515,0.0149109275408708,0.0484304681577039,0.307883200557064,0.758171209297976,NA,"ERVK3-1"
16.0415090959892,0.0512361974358976,0.039522435271608,1.2963826010161,0.194843703367893,NA,"TRIM28"
12.2625109231567,-0.0462560543766289,0.0442842059512953,-1.04452712616101,0.296241575698012,NA,"CHMP2A"
12.8013441170621,0.072015626019151,0.044807508657051,1.60722227540804,0.108005617252751,NA,"UBE2M"
6.29850238405306,0.0523787512618978,0.0619230326574784,0.845868637468487,0.397626030090984,NA,"MZF1"
14.5094142606798,-0.0125830010597109,0.0437339483282582,-0.287717014829429,0.773563364562119,NA,"RBCK1"
10.3330526851238,-0.0221361961786489,0.0500755928632169,-0.442055598604987,0.658448973533938,NA,"TBC1D20"
13.2172082916745,-0.0216358243739674,0.043524471732202,-0.497095622597985,0.619121621358267,NA,"CSNK2A1"
8.75462461590572,0.0387708984303403,0.0511677358040773,0.757721595866488,0.448617667753616,NA,"FKBP1A"
8.49648320327244,0.0685508377609606,0.0516389663302871,1.32750212935139,0.184342636024247,NA,"NSFL1C"
5.65065019066063,0.0423666635869642,0.0676297689786749,0.626449923262688,0.531019873034352,NA,"STK35"
18.1242142092621,0.0832142794918232,0.0413276639052545,2.01352487966887,0.0440594402861762,NA,"NOP56"
11.4399570293124,-0.0148375862346671,0.0485993195298691,-0.305304402987534,0.760134322828117,NA,"IDH3B"
7.14721258091869,0.00923652097547042,0.063150170138941,0.146262804283005,0.883713927911633,NA,"PCED1A"
12.8421610139676,0.0281014338148067,0.0434541088800897,0.646692212521301,0.517831164173278,NA,"VPS16"
7.67280564782772,-0.0310939871874524,0.0559198570524303,-0.556045541359284,0.57817972237811,NA,"MRPS26"
9.2531173014808,0.00511180157887688,0.0495229063716815,0.103220952754904,0.917787610839314,NA,"DDRGK1"
9.65411088340245,0.023647547847337,0.0507039974236075,0.466384290172886,0.640940454374213,NA,"ITPA"
12.0238391777088,0.0349234671668873,0.0567344309047145,0.615560368016052,0.538184715053055,NA,"ATRN"
12.7644757445147,-0.0483478578177778,0.0530553102887912,-0.911272736972234,0.362151687469136,NA,"CDC25B"
6.94030764112049,-0.0223010795042303,0.0675904481996725,-0.329944246535391,0.741442089899514,NA,"MAVS"
11.0330851545194,-0.0599673271195826,0.0465360657365698,-1.28862047468826,0.197530061779284,NA,"PANK2"
6.6313880798965,0.0240817313280042,0.0679210077686288,0.354554976717041,0.722923010816702,NA,"RNF24"
12.4086012065353,0.0913345235407236,0.0505843385326559,1.80558896666723,0.0709825673658329,NA,"PRNP"
2.77964230534325,0.304806066226216,0.117070315054828,2.60361532369212,0.00922462275243527,NA,"RASSF2"
15.47858653384,0.02626989662245,0.0403669124180519,0.650777952754747,0.515189834220233,NA,"SLC23A2"
15.9911910480093,0.0205755422227364,0.0418517032025448,0.49162974618164,0.622981110980932,NA,"TMEM230"
6.09252897027164,0.023045964952433,0.0789122824335757,0.29204534758999,0.770251952157054,NA,"PCNA"
11.7709741099251,-0.0373952890211704,0.0452675961114217,-0.826093988492908,0.408750777528867,NA,"CDS2"
7.48860540304275,-0.0900165849365727,0.0588734185866983,-1.52898518716069,0.126268116129876,NA,"SHLD1"
6.24256598514901,-0.0302575882515747,0.062735816103143,-0.48230166005697,0.629591668175653,NA,"CRLS1"
5.7287000399173,-0.0721951796389493,0.0699624512169612,-1.03191323893247,0.302112763461413,NA,"SLX4IP"
16.2685736496427,0.00260659137099568,0.0455508367414603,0.0572237868162619,0.954366930064433,NA,"TASP1"
11.1632293560767,-0.00372362477169626,0.0549475338709893,-0.067766913442174,0.945971182440324,NA,"ESF1"
7.71304094037728,-0.0758918468810637,0.0629778727422336,-1.20505573746015,0.228181785505185,NA,"NDUFAF5"
4.65335130488597,-0.0604102469355443,0.0834234311204382,-0.724140042242211,0.468979763726287,NA,"KIF16B"
16.4588449339316,0.00858062345365579,0.043604227994805,0.196784207592853,0.843996409990252,NA,"SNRPB2"
13.2707612089025,-0.0101414084696847,0.046986447328738,-0.215836885873302,0.829114895134697,NA,"SNX5"
9.51631648241282,0.0621355097089502,0.0513439697527055,1.21018125416132,0.226209349611776,NA,"SEC23B"
9.77374109353198,-0.0996706857848017,0.0529977608018764,-1.88065843304974,0.0600183974938816,NA,"SMIM26"
13.3449370040435,0.0112433934229943,0.0529437191011196,0.212365009747805,0.831822281363424,NA,"DTD1"
7.67466424573998,0.00158084287896046,0.0564226218823691,0.0280178911617442,0.977647881664481,NA,"NAA20"
12.3322775113702,-0.0154784675466157,0.047020343128574,-0.32918661406385,0.74201464005626,NA,"CRNKL1"
16.0057802932419,0.0488435306906615,0.0424344918412192,1.15103371270295,0.249718366439873,NA,"KIZ"
10.3077445097913,0.134381666416381,0.064967817169653,2.06843437675403,0.0385991954392962,NA,"NXT1"
10.0612287518021,-0.0150025104116396,0.0515318524849053,-0.291130818866529,0.770951270235509,NA,"ACSS1"
7.06514690954611,-0.00269386203354356,0.0557435826224699,-0.0483259580172315,0.96145646721193,NA,"PYGB"
12.9792170086908,0.0457434191728871,0.0441838172536613,1.03529803480473,0.300529747324659,NA,"ABHD12"
17.9039762376719,-0.0100368423266372,0.0411473395402201,-0.243924453896383,0.807289329643037,NA,"ENSG00000291100"
19.45983218873,-0.0682878353951451,0.0370318454375931,-1.84403003923273,0.0651787625067771,NA,"HM13"
11.8850098726821,0.00490436702548394,0.050812858280242,0.0965182276981051,0.92310899790054,NA,"BCL2L1"
8.05646705290825,-0.00470369165646707,0.0560197843151686,-0.0839648298180512,0.933084394728901,NA,"TM9SF4"
6.41361107755256,-0.0842852875296793,0.0594226285531923,-1.41840389060257,0.156072880389719,NA,"KIF3B"
16.6423289197181,0.0158439574441282,0.0399016431787319,0.397075312742341,0.69131192421358,NA,"ASXL1"
15.1622901103756,-0.0282781736794406,0.0450586787102475,-0.627585506030594,0.530275505986139,NA,"COMMD7"
12.9825703724701,-0.0473641013423973,0.0420543092826938,-1.12626035596044,0.260055332885336,NA,"MAPRE1"
9.79705573253449,-0.0343460751367058,0.0498745532940157,-0.688649278405204,0.491044002300103,NA,"CDK5RAP1"
16.9886338635387,0.00061479750188293,0.0420551731211603,0.0146188317929808,0.988336275259794,NA,"CBFA2T2"
9.62112703524772,0.0199423082207096,0.0532693859506663,0.37436715037749,0.708131179186914,NA,"CHMP4B"
16.3086874470357,-0.0214054662313982,0.0454142939146403,-0.471337642541167,0.637399638617472,NA,"EIF2S2"
14.5624532021472,-0.0304784090769571,0.0495271097157425,-0.615388405499249,0.538298246607807,NA,"DYNLRB1"
4.63451883305662,-0.144000421484725,0.0686864000700133,-2.09649102788824,0.0360386549971068,NA,"PIGU"
16.0720622465595,-0.0157198509792185,0.0432128442002743,-0.363777281272283,0.716024328914352,NA,"NCOA6"
7.09655971927443,0.0169087388648338,0.0595435344198681,0.283972710548264,0.776431293931083,NA,"EDEM2"
16.1812125890856,-0.0569911561447345,0.0375427289575501,-1.518034456397,0.129005712642119,NA,"MMP24OS"
12.2945285220076,-0.00780688963197063,0.0474073862513599,-0.164676651663045,0.869198495329924,NA,"EIF6"
5.51348242717188,-0.0247202813742567,0.0770355488003017,-0.320894467025071,0.748290367060679,NA,"UQCC1"
9.95749792620666,0.0687682696989445,0.0527726253554149,1.30310495708337,0.192538931501797,NA,"CEP250"
7.08289493328984,-0.0919581465603765,0.0622292223969918,-1.47773253494522,0.139479382406214,NA,"CEP250-AS1"
13.6012586940839,-0.0336200542127568,0.0462519414329719,-0.726889578494318,0.467293601811237,NA,"ERGIC3"
20.7055532220768,0.00204109147203753,0.0373917775781089,0.0545866392089499,0.956467783254787,NA,"CPNE1"
16.0400194035396,-0.0728930494661862,0.0449678504341838,-1.62100364510139,0.105016856956042,NA,"ROMO1"
6.78152493379654,0.00510874650603238,0.065950823496622,0.0774629676351812,0.938255250267719,NA,"ENSG00000289872"
16.5347643222065,0.0290636794536625,0.0402567478764132,0.721957957033365,0.470320326575088,NA,"NORAD"
6.97456144678817,-0.0297071652033334,0.0588256797532712,-0.505003347652457,0.613556484709983,NA,"AAR2"
7.441635541942,0.00329935001654534,0.0568180950579628,0.0580686489608552,0.953693946743586,NA,"DLGAP4"
10.6876388487341,0.057795128983006,0.050626859463086,1.14159024667818,0.253624380035826,NA,"NDRG3"
9.64036395790804,-0.021340516087685,0.0491615701535348,-0.434089391796013,0.664223528555902,NA,"RBL1"
9.42036085205497,0.0103131165596241,0.0491664227489635,0.209759343531688,0.833855506243693,NA,"BLCAP"
13.5700392608765,0.0203213896374096,0.0433399916396818,0.468883100078946,0.639153196755215,NA,"CTNNBL1"
7.09779288530646,0.0100811617334029,0.0623659664109574,0.161645242005449,0.871585227821594,NA,"TTI1"
12.3097256015004,0.00930266159467072,0.0468210129492026,0.198685611624068,0.842508679894883,NA,"RPRD1B"
19.8324378260493,0.00193203008211773,0.0346276741431091,0.0557943936440271,0.955505601212587,NA,"RALGAPB"
7.32403345600517,0.042521969830567,0.0647056426060586,0.65716015045936,0.511077945680729,NA,"PLCG1"
12.4248916220065,0.0493056178593382,0.0437374783715672,1.1273081964275,0.25961219814221,NA,"SRSF6"
11.8946656375539,0.0149493329419672,0.0469329915818665,0.318525038317463,0.750086705061842,NA,"OSER1"
19.1531994997152,-0.0160347697125449,0.0363525513369574,-0.44109062838303,0.659147387814341,NA,"SERINC3"
13.411109123602,0.0270632791823718,0.0464849931756877,0.582193893846289,0.5604360858606,NA,"ADA"
5.95942761538813,0.0977630647635569,0.0645203138892039,1.51522921806361,0.12971436621294,NA,"SYS1"
12.8789151160174,-0.0258833117814236,0.04533190106289,-0.570973446392972,0.568017642655573,NA,"PIGT"
6.13520638044733,0.0155340837606457,0.059307003572721,0.261926633025695,0.793378006042492,NA,"ACOT8"
5.38330338289949,0.105120707806003,0.0700395501037693,1.50087639983778,0.133387533320886,NA,"CTSA"
9.17797179617135,-0.0673600779726143,0.0495758179771987,-1.35872852372491,0.174232630000795,NA,"PCIF1"
14.312233650674,-0.0314244909366702,0.0495228222711706,-0.634545639676998,0.525724791592019,NA,"ZNF335"
8.25895500708884,0.0545813321148873,0.0620249280988468,0.879990252111266,0.378864590279792,NA,"NCOA5"
8.86994363684539,-0.0220985281875638,0.0576524281598657,-0.383306113773497,0.701492806672895,NA,"SLC35C2"
10.4275618622644,0.00698256081064199,0.0473564713518041,0.147446813736809,0.882779357264607,NA,"ELMO2"
19.4789566350012,-0.0108743113919115,0.0376483858528305,-0.288838715009448,0.772704803875711,NA,"NCOA3"
17.3856390104724,0.0396303149144912,0.0408245689102783,0.970746684468077,0.331674438080038,NA,"ARFGEF2"
9.61352743747474,-0.00184844635240415,0.054872150703197,-0.033686420683643,0.973127207552472,NA,"CSE1L"
16.9816945791686,0.00920107141564752,0.0390898405219877,0.235382679816051,0.813911727972779,NA,"DDX27"
15.9873004255492,0.057494879878843,0.0403946459370656,1.42332921963023,0.154640740326137,NA,"ZNFX1"
12.2532498440003,-0.0898899974175327,0.0596584988088937,-1.50674252976899,0.131876665618697,NA,"B4GALT5"
12.6645263625183,-0.0435152081135745,0.0430273368053972,-1.01133863595564,0.311854380168578,NA,"SLC9A8"
12.257557169351,0.0759823823638128,0.0441813842560868,1.71978274658393,0.0854719399750218,NA,"RNF114"
5.78824311538996,0.0592145352299982,0.0635318890961876,0.932044302040935,0.351313630701897,NA,"PEDS1"
17.8153277027641,-0.124167046291504,0.0409535635392971,-3.03189846159199,0.00243020936902907,NA,"CEBPB"
20.6461977399007,-0.00248072161442646,0.0368409009474319,-0.067336073511508,0.946314159535861,NA,"ADNP"
11.3032539899458,0.0381001617357035,0.0517401510739009,0.73637515439962,0.461502420688497,NA,"DPM1"
6.31570569023059,-0.151387837699695,0.0738641696899589,-2.04954361952673,0.0404089870986592,NA,"ATP9A"
16.5665528613661,-0.0394039671698163,0.0397917337764997,-0.990255096476536,0.322049448531332,NA,"ZNF217"
8.45193180074656,0.0217642113104953,0.0572699778646655,0.380028282216666,0.703924421155626,NA,"PFDN4"
17.782293408941,-0.0442063539668897,0.0364525419615794,-1.21270977517789,0.225240801181764,NA,"RTF2"
8.53064680261367,0.0731655280594823,0.0520821298095125,1.40481060062408,0.160077606009348,NA,"RAE1"
5.87902205629018,0.0056177011674561,0.0840172497980235,0.0668636640804239,0.946690240138906,NA,"RBM38-AS1"
18.7894318550624,-0.0290939210242427,0.0435497950355714,-0.668061032215624,0.504094634725864,NA,"ZBP1"
18.2777195123297,0.0107120754237645,0.0373476412394377,0.286820668408181,0.774249636453324,NA,"RAB22A"
5.75016625230806,-0.0420406239473262,0.0664955695996838,-0.632231954706441,0.527235319667345,NA,"VAPB"
7.67689634651723,-0.0110414203999271,0.0571323456408696,-0.193260407498982,0.846755031987928,NA,"NPEPL1"
7.96062955850052,0.0697924573323206,0.0581184239861758,1.20086630960471,0.229803064817992,NA,"NELFCD"
5.64303636471263,-0.0111754480987829,0.0723647648375167,-0.154432175988902,0.877268985191412,NA,"CTSZ"
6.05555805778121,0.0433454207334188,0.0635859488019716,0.681682377161835,0.495439813157845,NA,"PRELID3B"
7.9606936760049,0.0169837756602486,0.0541437742899407,0.313679197340405,0.753764702018748,NA,"FAM217B"
5.42013935453076,-0.0588140194593936,0.0732586580595296,-0.802826874218766,0.422074806776039,NA,"TAF4"
11.2013935406681,0.00784310938496531,0.0524709670152746,0.149475220890862,0.881178660560166,NA,"OSBPL2"
10.1026764334214,0.0495590939959018,0.0539225360801484,0.919079435029522,0.358054024961142,NA,"ADRM1"
8.13493255090046,0.000892199495502537,0.0536878539554689,0.0166182745215066,0.986741145611361,NA,"OGFR"
9.42354111449793,0.00505514348900114,0.0494408306242719,0.102246330111603,0.918561154312172,NA,"GID8"
6.21477566647577,0.0499502734125342,0.0632497482045704,0.789730786768963,0.42968500760741,NA,"YTHDF1"
7.54061874443498,-0.134440453445401,0.0658841651374157,-2.04055789680262,0.0412947907240407,NA,"MHENCR"
5.1973939935467,0.0840857943823389,0.0682913695010996,1.23127995523629,0.218218176172785,NA,"ARFRP1"
7.90653946254263,0.00726367153766024,0.0583174533313424,0.124553990661942,0.900876654780434,NA,"ZGPAT"
8.49198122084057,-0.0534634722321974,0.0587695195094693,-0.909714298814082,0.362973201342389,NA,"SLC2A4RG"
7.6739078644475,-0.0446305149990537,0.05519656223538,-0.808574179107958,0.41876012201253,NA,"DNAJC5"
5.96180904319906,-0.0321366056092057,0.0633698940469046,-0.507127336924677,0.612065475079537,NA,"UCKL1"
16.6824580757192,-0.0382844240115766,0.0402697578545294,-0.950699136306588,0.341757126771815,NA,"PRPF6"
16.5677496076965,-0.00710890106714995,0.0459236060273307,-0.154798407226976,0.876980246923727,NA,"RGS19"
8.7607095737493,-0.00879212311681568,0.0581856788221224,-0.151104589562215,0.879893212126568,NA,"PCMTD2"
5.27473349094475,0.21322957348831,0.243895777819005,0.874265128306351,0.381973885286075,NA,"CYP4F29P"
6.84338623276184,0.327249569925498,0.218898797428337,1.49498112264702,0.134919368861085,NA,"ENSG00000290581"
19.2995642876023,0.397460205316827,0.181927110947725,2.18472223983722,0.0289092185135202,NA,"ANKRD20A11P"
14.4079353085285,0.0126345237869844,0.0547856232000257,0.230617505998881,0.817611966355317,NA,"SAMSN1"
8.93758038481934,0.0244845685682184,0.0566606226910838,0.43212671173258,0.665649321546029,NA,"BTG3"
7.79522927672814,-0.0242000313685191,0.0568943801192587,-0.425350119252419,0.670581462492057,NA,"C21orf91"
8.32045195293622,0.0947375496850284,0.062513908174066,1.51546355766524,0.129655052373136,NA,"LINC01684"
17.6051254585072,-0.0290642752212542,0.0492306623856163,-0.59036937170575,0.554943039951661,NA,"ATP5PF"
7.77193799977839,-0.0150072224956061,0.0593071227982834,-0.253042497891003,0.800235373002194,NA,"GABPA"
13.3911790475108,0.003495576930871,0.0449289376663142,0.0778023499427593,0.937985277133638,NA,"LTN1"
10.8045642174573,-0.029167842794588,0.0468936072228803,-0.622000407346707,0.533941600159689,NA,"CCT8"
5.41945829989927,0.0129881882238009,0.156564311582289,0.0829575277567287,0.933885311095612,NA,"TIAM1"
21.1219882246868,-0.0678807416523231,0.0400419931222832,-1.69523883201877,0.0900301231758085,NA,"SOD1"
8.04141924929162,-0.0910479275211852,0.0729285916413484,-1.24845311656291,0.21186516746475,NA,"EVA1C"
21.0255176194181,0.11333157186405,0.0397615074955577,2.85028357832539,0.00436802654926883,NA,"TCP10L"
7.53292390431427,0.00648881984518539,0.0597748490918993,0.10855434925832,0.913555970707158,NA,"CFAP298"
9.54036229430023,-0.0071281056039644,0.0586075085116838,-0.121624443437028,0.903196454137337,NA,"SYNJ1"
21.7083132394673,0.00677111204753504,0.035648440971294,0.189941323184021,0.84935511064043,NA,"PAXBP1"
9.42763110317849,0.0289153211310547,0.0536309320127749,0.539153806317725,0.589780731339323,NA,"IL10RB"
11.8327752190889,-0.0155357283003708,0.0485006034175138,-0.320320309556412,0.748725528801803,NA,"IFNAR1"
11.2105488121408,0.0038206106183195,0.0493546428087212,0.0774113720795559,0.938296294319643,NA,"TMEM50B"
7.50551934559092,-0.0668021448042717,0.0551513046054904,-1.21125230458504,0.225798722201088,NA,"GART"
7.50693594473675,-0.0173309893793107,0.0618045706113869,-0.280415982311147,0.779158376619249,NA,"CRYZL1"
17.6021194602829,0.00420709063858093,0.0423990896117386,0.099225966338111,0.920958858435573,NA,"ATP5PO"
13.8899619357752,0.0262804136033016,0.0552098414594291,0.476009582867825,0.634067550835261,NA,"MRPS6"
7.40286430323649,0.103445910038495,0.0640656432342852,1.61468620021807,0.106378667471677,NA,"SLC5A3"
10.1509982451357,0.0193011153601389,0.0551487962991842,0.34998253190205,0.726351807159106,NA,"DOP1B"
22.0681924742249,-0.00613782315665652,0.0327406593277418,-0.187467915511886,0.851293777418494,NA,"MORC3"
18.3016675859983,0.0396188514674277,0.0448189831529075,0.883974795507104,0.376709818879382,NA,"HLCS"
10.3340124761602,0.0546729518733146,0.0467542172046934,1.16936942038731,0.242254824774073,NA,"VPS26C"
6.3608547400249,-0.00560867843401389,0.0632651980887989,-0.0886534556667563,0.929357323813968,NA,"MX2"
6.20893831667104,-0.0984459243881058,0.0738060808493861,-1.33384571101942,0.182254426651183,NA,"MX1"
7.08155333990763,0.0875980207279191,0.0639972919222497,1.36877699191306,0.17106899502184,NA,"SLC37A1"
7.06567309380046,0.0463609594316568,0.0584983300568459,0.792517656257971,0.428058900829128,NA,"NDUFV3"
10.5725542413911,0.0623594209359746,0.0571702543993799,1.09076689602156,0.275375466378613,NA,"SIK1"
14.5703943291092,0.0684212799249961,0.0468213283238276,1.46132718516181,0.143925672817246,NA,"RRP1B"
14.426522057224,0.0642867100689502,0.0490327753633673,1.3110967020027,0.189825094863553,NA,"CSTB"
8.08258009300677,-0.0459535415598491,0.0534045708460558,-0.860479558806211,0.389524746702858,NA,"AGPAT3"
5.68477858589147,-0.0700195151040171,0.0637033765954342,-1.09914919500571,0.271702994808725,NA,"GATD3"
7.07481874964498,-0.01935317782532,0.0558351781026411,-0.346612628148929,0.728882357521196,NA,"PFKL"
15.6493490514349,0.0195985836258226,0.0384276706869159,0.510012271768937,0.610042864419954,NA,"UBE2G2"
9.55344481578208,-0.0346073062451042,0.0548069859530264,-0.631439690457804,0.527753071148865,NA,"SUMO3"
14.3503292277395,0.0652468770454858,0.0427212672741572,1.52726923166333,0.126694077121393,NA,"PTTG1IP"
11.1731576917745,-0.144072921224454,0.051867482182544,-2.77771187576447,0.00547431366624725,NA,"ITGB2-AS1"
10.1037373176884,-0.0118663779045418,0.0727012581851721,-0.163221080360368,0.870344369046845,NA,"COL6A2"
7.08477570334953,-0.0369504483053094,0.0603866029735681,-0.61189811126622,0.540605171325974,NA,"LSS"
16.7789095355201,-0.022931706734794,0.039169228163795,-0.585452096193978,0.558243768089307,NA,"MCM3AP"
3.43926873911886,-0.272910331715175,0.242343465022444,-1.12613035259647,0.260110348166522,NA,"S100B"
8.89927700606755,0.164564701685029,0.0531239451717219,3.09775000996401,0.0019499584222134,NA,"IL17RA"
11.5895367149686,-0.0622754637573367,0.04793876081404,-1.29906286061316,0.193922357369594,NA,"ADA2"
10.7337879811594,-0.00851283916837594,0.0483163402289714,-0.176189651948669,0.860144950166293,NA,"ATP6V1E1"
5.58169860527946,-4.66178758224719e-05,0.0670447086495995,-0.000695325205544768,0.999445210798463,NA,"BCL2L13"
10.5730657783666,0.0155810585870647,0.0553935908134085,0.281279085870223,0.778496350087785,NA,"BID"
5.85339096488451,0.0477877267993936,0.061672568091079,0.774861956920942,0.43842123398289,NA,"PEX26"
10.4026138456882,0.0613745005356015,0.0482427502751417,1.27220152635507,0.20330152545776,NA,"DGCR2"
6.12088435351212,-0.0495576771204912,0.0625965061987792,-0.791700370035313,0.428535406517036,NA,"SLC25A1"
7.64756360060567,-0.0548549713936376,0.0587555179142938,-0.933613953903939,0.350503064779388,NA,"HIRA"
10.0011011398782,0.0248209310684181,0.0503568786827845,0.492900507689799,0.622082888552056,NA,"C22orf39"
4.35736941224849,-0.0903851099054835,0.0739988340142598,-1.22143964982024,0.221919602528104,NA,"MRPL40"
12.4433593785756,-0.00838634098033654,0.0452266687800662,-0.185429110888504,0.852892477137653,NA,"UFD1"
8.19813227892071,-0.0229185076003713,0.0601888667920522,-0.380776525990313,0.703369078978929,NA,"COMT"
6.3168103972368,0.00436836378682776,0.0604734374813712,0.0722360753541326,0.942414036170105,NA,"TANGO2"
9.74609870042349,-0.0227367190467793,0.0497228629789515,-0.457268903771775,0.64747777780174,NA,"RANBP1"
7.98676705045439,-0.00558235735583277,0.0602167398595192,-0.092704410249641,0.926138393230041,NA,"DGCR6L"
8.02230230070043,-0.0120432445869179,0.0626636386174539,-0.19218872144401,0.847594380207841,NA,"KLHL22"
11.0432985352479,-0.086513896224789,0.0528620901569208,-1.63659620661939,0.101714868769278,NA,"SNAP29"
6.36203241768824,-0.0257326131566868,0.0650126239927385,-0.395809484009766,0.692245579795919,NA,"CRKL"
11.224778617947,-0.0703313188791957,0.0502898151293583,-1.39852013172619,0.161956931541491,NA,"SDF2L1"
13.2390828620744,-0.0364311728474344,0.0460043763587366,-0.791906677820136,0.428415092950247,NA,"PPIL2"
21.2274549511726,-0.11064719372782,0.039310943889947,-2.81466642056682,0.00488278885809273,NA,"YPEL1"
4.61075047953443,0.108442187212253,0.0832017404780745,1.30336440787354,0.192450381677334,NA,"RGL4"
4.53674696213983,-0.0966792838734822,0.0788985811596293,-1.2253615014683,0.220439045506503,NA,"CHCHD10"
8.45427079663042,0.0458348955365029,0.0550559230243527,0.832515250288855,0.405118173789086,NA,"SMARCB1"
8.4967800343707,-0.0688411596036207,0.0609229087410003,-1.1299716482068,0.258488171297791,NA,"DDT"
18.8845331338531,-0.0339789273066677,0.037456782881332,-0.90715017929643,0.364327385512773,NA,"CABIN1"
21.3103140208377,-0.0393084523617574,0.0457772808465879,-0.858689105923321,0.390512062430347,NA,"SPECC1L"
18.4261928708691,-0.00971610979019318,0.0396288096827028,-0.245177936657383,0.806318659106887,NA,"SNRPD3"
9.29332173657828,0.0217943730964385,0.0578926272647001,0.376461980154899,0.706573475500985,NA,"SGSM1"
7.06714596250408,-0.0329254638950782,0.0578901686092412,-0.568757436471212,0.569520763402355,NA,"HPS4"
8.1105287851099,-0.0374927183515988,0.0627589190063782,-0.597408606540664,0.550234608999853,NA,"TFIP11"
6.84904446800278,0.0871587194491718,0.0862825529733086,1.01015461927899,0.312421217390726,NA,"MIAT"
11.6975073959962,0.0409175797411477,0.0494376789373233,0.827659805651933,0.407863188325944,NA,"MIATNB"
3.13370898376424,-0.00133505838644347,0.0965572631500254,-0.0138265972220974,0.988968323045591,NA,"LINC01422"
17.7563718327266,-0.00110194166765294,0.0449820108481585,-0.0244973856631858,0.980455869029042,NA,"PITPNB"
4.65453984601798,0.102692038669941,0.0696424891905062,1.47456014085062,0.140330837663553,NA,"TTC28-AS1"
5.77717762176745,-0.0516786069806097,0.0654396237091938,-0.789714305361283,0.429694634983688,NA,"ENSG00000226471"
8.58094848177651,-0.0152647525657841,0.0525859909077658,-0.29028173287745,0.771600712548369,NA,"AP1B1"
4.56357634492152,0.0306762643514013,0.0806266969742598,0.380472790063504,0.703594490956868,NA,"NIPSNAP1"
5.86377576689888,0.0497497910519955,0.0642561491602698,0.774241713861624,0.438787864582456,NA,"NF2"
22.2112217944162,-0.0204111001111124,0.0358369382751794,-0.569554797186707,0.568979694595804,NA,"UQCR10"
10.3136171218551,-0.0186972514917518,0.0471832341725684,-0.396268967560985,0.691906617713524,NA,"ASCC2"
17.4710386267514,-0.0429366271166523,0.0416762756156475,-1.03024146189617,0.302896670810902,NA,"MTMR3"
7.10178534098183,-0.0300723646805307,0.0618849742458003,-0.485939681595189,0.627009932762416,NA,"TBC1D10A"
15.6766230407011,-0.0087579922843864,0.0386766841502143,-0.2264411357078,0.820858337011593,NA,"SF3A1"
10.2273015894147,0.029553809342737,0.0486891383570376,0.606989779240267,0.543857695063709,NA,"TUG1"
13.9231999388839,-0.113789598799645,0.0512717704750025,-2.21934210083739,0.0264634594397099,NA,"PIK3IP1"
7.65833935817534,0.0123241808190118,0.0563821403906433,0.218583060763989,0.826974849279924,NA,"DRG1"
18.3070838173525,-0.0623839253908126,0.0427855192706719,-1.45806166325004,0.144823547155267,NA,"SFI1"
7.93467616576347,0.0142009007350323,0.053761321047963,0.264147168600321,0.791666518898962,NA,"PISD"
14.0830197314905,-0.0102878683416495,0.0400295658910821,-0.257006742707182,0.797173567941678,NA,"PRR14L"
8.31146618570896,-0.0428013506764673,0.0533419403359745,-0.80239583350142,0.422324022456809,NA,"DEPDC5"
9.04307124078865,0.0408617451900469,0.0672999707239888,0.607158439304965,0.543745770579329,NA,"YWHAH"
9.62149147831295,0.00147494876284017,0.0520327987610735,0.0283465198482386,0.977385778017308,NA,"RTCB"
8.86832355984788,-0.0161626684044888,0.0536208338532072,-0.301425159644773,0.763090311298397,NA,"HMGXB4"
8.21267611365915,0.0691400475529269,0.0603815007056859,1.14505348069986,0.252187004078021,NA,"TOM1"
9.21718179254891,0.039454899664794,0.0503276747742027,0.783960312925445,0.43306339792391,NA,"APOL3"
7.63239372985819,-0.00833019129265254,0.0540777879982396,-0.154040902947504,0.877577484566578,NA,"APOL2"
5.6988011587573,-0.0742583894194797,0.0671117373774386,-1.10648885457767,0.268514985459208,NA,"APOL1"
8.95461896380735,0.0554628451259898,0.0571116021491567,0.971130961816463,0.331483067434308,NA,"TXN2"
5.81519185444553,0.0886351991088113,0.0770378617180484,1.15054074882307,0.249921220931252,NA,"MPST"
18.9950758712065,-0.0397734363519259,0.0399153249129389,-0.99644526102888,0.319033850968112,NA,"CYTH4"
11.0692114235503,-0.0144882242082406,0.0498838963232468,-0.290438904658874,0.771480484126922,NA,"MFNG"
7.60255505717039,0.0400470116911763,0.056420185583243,0.709799361295799,0.47782856522915,NA,"GGA1"
9.39846904444251,0.0914375182941067,0.0512745914027138,1.78329101788351,0.0745389427838741,NA,"SH3BP1"
6.07298394417057,0.0445851393073764,0.0625608722600887,0.712668121410128,0.476051147350763,NA,"TRIOBP"
12.9534248429057,0.0226930006148923,0.0448247397176877,0.506260622098776,0.612673702726843,NA,"POLR2F"
7.7524687239942,-0.0199692662843266,0.0579678020179101,-0.344488933324689,0.730478617251641,NA,"PLA2G6"
17.3606258065792,0.00874183219984619,0.0636589700684736,0.137322865739788,0.890775597399919,NA,"MAFF"
8.52917117217525,-0.0468793055376724,0.0565810341287953,-0.82853391175144,0.407368198010677,NA,"TMEM184B"
7.00109180221919,0.164289832934608,0.0601159714747604,2.7328816103984,0.00627828948752785,NA,"CSNK1E"
6.64184815647741,-0.0341017336607902,0.0635615952244156,-0.536514754552461,0.591602841497997,NA,"ENSG00000291015"
10.0314650491347,0.00104098290728216,0.0527300608387944,0.0197417353730094,0.984249397245521,NA,"TOMM22"
16.6054221478103,0.0316052203560521,0.0469263261157915,0.67350723937062,0.500624644696124,NA,"JOSD1"
16.6128047512032,0.0502377525851702,0.0411847546622492,1.21981429772166,0.222535280062952,NA,"GTPBP1"
6.40209556282493,-0.0460541591834477,0.0608817585459096,-0.756452511941147,0.449377934090887,NA,"CBX6"
18.7136911569566,-0.0771821828605767,0.0421224228234729,-1.83233009136328,0.0669022565068658,NA,"APOBEC3C"
5.62419739826652,-0.0125606903107418,0.0947296371382237,-0.132595148574401,0.89451356941845,NA,"SYNGR1"
16.7627645301398,0.01628665460158,0.0398053138843248,0.409157798602201,0.682423862206809,NA,"RPS19BP1"
21.4652084092068,-0.0143186683809612,0.0502336526711636,-0.28504135414347,0.775612459475777,NA,"GRAP2"
4.35420601342775,-0.0375811240041494,0.0742492674425193,-0.506148077935491,0.612752701548144,NA,"ADSL"
6.94164401329512,-0.0408489518903095,0.0602679326689899,-0.677789167162321,0.497905380543278,NA,"SGSM3"
13.5134668461702,-0.0207591648408333,0.0424125006598826,-0.489458638793942,0.624517030213097,NA,"RBX1"
5.93692810445412,-0.00943225309583889,0.064130541798585,-0.147078955382332,0.88306970039187,NA,"RANGAP1"
7.42534304989164,0.0610658858223564,0.0583112371488295,1.04724044297836,0.29498869678311,NA,"TOB2"
11.3396304170654,-0.00577174683312872,0.0479058523237926,-0.120481038394179,0.904102099393479,NA,"ACO2"
6.71759394700491,-0.0476003588238266,0.0604905405194815,-0.78690582717634,0.431336996094375,NA,"PHF5A"
6.97276551659509,0.0357968504844831,0.0545427192791142,0.656308503822445,0.511625647129698,NA,"MEI1"
5.57414811401856,-0.0588228393033519,0.0716458365296588,-0.821022436928367,0.411633488142988,NA,"CCDC134"
14.7595242928604,0.112637928372919,0.0434191634360942,2.59419849345333,0.00948117316027736,NA,"SREBF2"
16.9238923035813,-0.0223892571845733,0.0399141767868951,-0.560934960630939,0.574841875940725,NA,"SMDT1"
15.7884250228054,0.00182140958289573,0.0381858141910787,0.0476985923039781,0.96195645600636,NA,"NDUFA6"
12.6756970321122,-0.00598242942921305,0.0450672944830927,-0.132744365905022,0.894395554404622,NA,"TCF20"
7.68149412296191,-0.000969502919209371,0.0541269933934728,-0.0179116344438648,0.985709347559602,NA,"RRP7A"
10.0213792008007,0.00051141274868993,0.0499709526187273,0.0102342005082823,0.991834431964577,NA,"POLDIP3"
11.2508118181254,-0.0114798392163266,0.0523259991713435,-0.21939073114945,0.826345689637721,NA,"CYB5R3"
21.9836643869236,-0.00465672023511579,0.0327991584826452,-0.141976820459579,0.887098314788261,NA,"ARFGAP3"
16.9325262987128,-0.0563323559593902,0.043148936993852,-1.3055328794639,0.191711458829326,NA,"PACSIN2"
15.8460410573688,-0.0367127583028015,0.0493471635893005,-0.743968966653264,0.456895249885712,NA,"TSPO"
5.55104275491887,-0.0343397032435262,0.0666825792883875,-0.514972630182982,0.60657214591566,NA,"SAMM50"
12.7760189279149,-0.0336273413036944,0.0443792689241018,-0.75772634653366,0.448614823158042,NA,"PARVG"
19.0064441722341,-0.00252962346069335,0.041375596052061,-0.0611380548454322,0.951249262437682,NA,"PRR5"
3.56201051976767,0.0647712265036479,0.0930409087689403,0.696158575412264,0.486329526753603,NA,"ARHGAP8"
10.589812479208,0.0314270474214073,0.0471850524981102,0.66603819975968,0.50538668419416,NA,"NUP50"
22.1377307979222,-0.0374187704465935,0.0376063518028903,-0.995011976772437,0.319730439349047,NA,"ATXN10"
8.41741142804193,-0.0620490399175386,0.0543475337615232,-1.14170847549053,0.253575216665029,NA,"PPARA"
8.39965544943806,-0.134075296267145,0.0579275610393678,-2.31453377047977,0.0206384610389436,NA,"GRAMD4"
11.6446909340302,0.00472805033103366,0.0482475926588859,0.0979955697367397,0.921935811274571,NA,"CERK"
7.17854687065963,0.0654790773175822,0.0608506439456389,1.07606219214505,0.281899443057306,NA,"TBC1D22A-DT"
21.5742115302204,-0.0514227569473078,0.0528136443268144,-0.973664241556601,0.330223277626174,NA,"BRD1"
8.32340844747448,-0.069363298673829,0.0590250898819189,-1.17514939515707,0.239934951812451,NA,"ZBED4"
7.97710896052103,-0.0237399415043992,0.0584849340139235,-0.405915504645135,0.684804685410061,NA,"CRELD2"
8.19770512578679,0.0264014652465451,0.0736227957747407,0.358604491567042,0.719890986216171,NA,"PIM3"
12.6703308725761,-0.101344379815731,0.0449233463032382,-2.25594013259038,0.0240743806992584,NA,"MLC1"
14.1781834039959,-0.00879473823027119,0.0422254755028013,-0.208280383478162,0.835010047498144,NA,"SELENOO"
7.36288359819026,0.0710170378193405,0.0607758720661228,1.168507096732,0.242602278329608,NA,"TUBGCP6"
11.2255600192066,-0.0201862427977445,0.0465541461068494,-0.433607841316942,0.664573239658094,NA,"SBF1"
9.92562817545768,-0.088036413552619,0.0501502531864294,-1.75545302284618,0.0791818493464184,NA,"LMF2"
5.39876791390627,0.0176230191633964,0.0672722804681716,0.261965538268535,0.793348011069811,NA,"NCAPH2"
17.9063094653359,-0.0191162627957932,0.0379125321483433,-0.504220153932097,0.614106679397032,NA,"CHKB"
8.24214752477771,-0.00772826337430339,0.0586947942659525,-0.131668633836347,0.895246396044013,NA,"GTPBP6"
11.1195991052133,0.0328766285881384,0.0507601299428072,0.647686060401764,0.517188021947038,NA,"ASMTL"
21.1830939240548,0.0166516113862296,0.0383852904796113,0.43380188551847,0.66443231228576,NA,"AKAP17A"
7.56623511816577,0.00112932950869013,0.0565156733128605,0.0199825896515179,0.984057261238854,NA,"LINC02968"
13.3276016461845,0.0561115924635791,0.0496577623126522,1.12996618958166,0.258490471485476,NA,"DHRSX"
5.01899858265693,-0.0356676087927485,0.086574500668004,-0.411987461868555,0.6803486132098,NA,"PUDP"
5.27660023965286,0.042789520586729,0.109935937945299,0.389222317892259,0.697111695295103,NA,"ENSG00000285679"
8.44254340695935,0.014081709164729,0.0545680130472867,0.258057942343003,0.796362189604827,NA,"MSL3"
8.3525105826327,-0.157001861570924,0.0556249802513623,-2.82250637863514,0.00476498741151561,NA,"RAB9A"
9.98064239157651,-0.0397870800383907,0.0479970967595165,-0.828947639015311,0.407134036760222,NA,"TRAPPC2"
11.0619223968047,-0.00937246793628212,0.0484762946285779,-0.193341261086338,0.846691714219199,NA,"CA5B"
10.6559151341756,-0.0138885059718889,0.0493717564714586,-0.281304676286284,0.778476723915524,NA,"ZRSR2"
7.39699276249754,0.117258280703528,0.0608603178608389,1.92667874281641,0.0540196786138262,NA,"TXLNG"
22.3441497664895,-0.0112399409578087,0.0343357626324905,-0.327353758765003,0.743400336538228,NA,"RBBP7"
6.41946379195856,-0.000990775752043816,0.0697145595088817,-0.0142118914474041,0.988660932942342,NA,"PDHA1"
7.54900776221384,-0.105806305038125,0.0648427355354092,-1.63173722028348,0.102734855594042,NA,"BCLAF3"
7.14863343935767,-0.115010738446252,0.0644648773844468,-1.78408372299177,0.0744100617616173,NA,"SMS"
22.3598584369911,-0.00868826014146934,0.0361348564280636,-0.240439868877457,0.809989273643499,NA,"EIF2S3"
15.6791767110226,0.0479189746730482,0.0435368252329179,1.10065385835293,0.271047335409537,NA,"ZFX"
18.0104758209686,0.0461671171940656,0.0401205054761677,1.15071125465978,0.249851044811488,NA,"PDK3"
9.29475713925196,-0.021498993757033,0.052391427070641,-0.410353276463442,0.681546815660131,NA,"POLA1"
5.57258853673725,-0.00113409854134979,0.0701440365569392,-0.0161681391179875,0.987100253441005,NA,"TAB3"
4.6654992715075,0.0886022240788287,0.072364445012795,1.22438891175304,0.220805550209939,NA,"DYNLT3"
8.60673474465007,-0.00606413192503401,0.0532358975400766,-0.113910579237795,0.909308679138692,NA,"RPGR"
15.1498493864793,0.0138104540137304,0.0414154642846823,0.333461286798571,0.738786107439867,NA,"ATP6AP2"
10.177419315617,-0.0152235551707737,0.0497430042052769,-0.3060441445786,0.759571034756483,NA,"CXorf38"
12.2580190543205,0.0409321840930596,0.0438632546795755,0.933177083918472,0.350728544603625,NA,"MED14"
22.151374358812,-0.0640784766790726,0.0765239559630403,-0.837364925436178,0.402387474849764,NA,"CASK"
4.03352244808212,0.157107291412266,0.0925576962714452,1.69739846324087,0.0896213529142026,NA,"EFHC2"
4.5140511309907,-0.062173216853374,0.0739011772205436,-0.841302117120951,0.400178704903194,NA,"KRBOX4"
11.1842373840756,0.00345161382349668,0.0456951522833225,0.0755356673744236,0.939788520123737,NA,"RBM10"
10.1418685252275,-0.0307390699082045,0.0514145221638034,-0.59786746262606,0.549928371895426,NA,"UBA1"
19.6752264490403,-0.00744335114089719,0.0451061326166745,-0.165018606320188,0.868929337100796,NA,"USP11"
11.4635306095397,-0.031261662530575,0.0452619235229849,-0.690683472935031,0.489764477659807,NA,"ARAF"
6.07258292482396,0.00940145584850678,0.0706008899353681,0.133163418437266,0.894064140997961,NA,"TIMP1"
21.1691414161921,0.0373546994249445,0.0391117207635391,0.955076859205016,0.339538830383247,NA,"UXT"
8.01136869015467,0.0215054483744222,0.0518016572775195,0.415149813821786,0.678032235038952,NA,"FTSJ1"
7.27718290339771,-0.0738152282265772,0.060101564982228,-1.22817481122837,0.219381352211673,NA,"EBP"
8.56679062211388,0.060624239570363,0.0537635312784588,1.12760895961931,0.259485101158953,NA,"PQBP1"
6.81654991203748,0.038760331586585,0.0593300976627738,0.653299642398952,0.513563122921039,NA,"TIMM17B"
7.63857731209313,-0.154380437537936,0.0762293988887425,-2.02520864375772,0.042845944482778,NA,"PIM2"
15.640033231508,-0.0302135542817275,0.039642313891757,-0.762154155890734,0.445968003819593,NA,"OTUD5"
12.5600040164052,0.00812388653112259,0.0429310622597159,0.189230969454617,0.849911796018816,NA,"GRIPAP1"
5.067100740314,-0.0386396085180088,0.0669173732982829,-0.577422672371993,0.563653961947293,NA,"PRAF2"
9.5066410957197,0.0450577159562003,0.0478829073429539,0.940997914631236,0.346705927851268,NA,"WDR45"
4.47647932601329,0.00482344499880955,0.091324022704849,0.0528168258027626,0.957877855160403,NA,"PLP2"
17.1051654423363,0.0355922849354636,0.0408131455958197,0.872078944562146,0.383165311797924,NA,"MAGED1"
5.3354922983629,-0.0833988250725506,0.0708052389148087,-1.17786234960515,0.23885148709866,NA,"KANTR"
12.3209885561846,-0.0230379746038761,0.048471749104553,-0.47528663663825,0.634582682700283,NA,"KDM5C"
18.2404930626171,0.0133925255711876,0.0392650527714725,0.341080034939307,0.733043330821556,NA,"SMC1A"
6.57190111717202,0.0136978778530225,0.0612437241821553,0.223661738993556,0.823020519584473,NA,"HSD17B10"
9.61621396875645,0.00262163212046795,0.0482083456043855,0.0543812920273592,0.956631383595989,NA,"PHF8"
8.53695621502754,-0.0326902659200686,0.0565760647575872,-0.577810882749398,0.563391807067121,NA,"TSR2"
12.2084093380678,-0.0190098926253336,0.0464859179389665,-0.408938738185026,0.682584619538609,NA,"GNL3L"
6.03048879323856,-0.0830431391499756,0.0657552740288178,-1.26291222075329,0.206620727542244,NA,"MAGED2"
5.86690369709683,-0.0205694053955942,0.079089986875906,-0.26007597431857,0.794805170113028,NA,"ENSG00000227486"
8.39647570803372,-0.0092581390665553,0.058479431864013,-0.158314449567226,0.874209022620843,NA,"UBQLN2"
14.2615158704196,-0.00659984968381786,0.0427737175034603,-0.154296845563726,0.877375684409205,NA,"NBDY"
12.8549773935183,-0.00326301799235006,0.0464592295281479,-0.0702340100231994,0.944007405068465,NA,"ARHGEF9"
6.50388643996121,0.0297501513009731,0.0608436660671145,0.488960531539253,0.624869639657656,NA,"MTMR8"
4.16011507517859,-0.124654118038241,0.118346627562542,-1.0532967487592,0.292205008552128,NA,"ZC4H2"
7.30556135122285,-0.0136269330419101,0.0568533654733582,-0.239685600464509,0.810573998763655,NA,"LAS1L"
5.20513999948841,0.0841634469225633,0.0766178948906415,1.09848289414231,0.271993683125464,NA,"YIPF6"
16.0481098639712,0.0484203036747288,0.0454554447673991,1.0652256054803,0.286773849039125,NA,"IGBP1"
20.9770146880707,-0.0175606502291341,0.0382069822925532,-0.459618875279683,0.645789808399316,NA,"TAF1"
4.88034328772966,0.00186704817492654,0.0943625591132895,0.0197859001755665,0.984214165712972,NA,"CXCR3"
7.36352222860024,0.0572256437285663,0.0714078072263622,0.801391975910442,0.422904758978948,NA,"NHSL2"
8.09501562159997,0.0404762078030819,0.054306319481926,0.745331449253398,0.456071373581242,NA,"PIN4"
6.60214177200064,-0.0781832988505935,0.0605093054832522,-1.29208719594762,0.196326949536,NA,"CHIC1"
13.9981575139243,0.0201808897898364,0.126379016348979,0.159685447575487,0.873128864944591,NA,"XIST"
19.6233732836834,-0.0307100174653129,0.0402363952567733,-0.763239780038281,0.445320408725588,NA,"JPX"
12.4104650783957,-0.0438516359671573,0.0495746432989266,-0.884557770849494,0.376395191157195,NA,"RLIM"
12.245030749629,-0.0477411133206649,0.0480651507638466,-0.993258370398675,0.320584059242947,NA,"ABCB7"
8.29898021485662,0.0127096679701313,0.0556408556352176,0.228423301996937,0.81931717587506,NA,"PBDC1"
16.8128136484228,-0.0179344507253778,0.0443307077757154,-0.404560441852506,0.685800641081088,NA,"MAGT1"
11.0466600951231,-0.0173308156407956,0.0477743744530591,-0.362763842315175,0.716781304191535,NA,"GPR174"
8.22193063903646,-0.104456903624729,0.0652967132295014,-1.59972682327194,0.109659198625716,NA,"ITM2A"
9.05958041084639,0.0890958268332942,0.052199692216257,1.70682666986198,0.0878542737743728,NA,"CHM"
5.30397583539498,-0.0524998058419852,0.0691060461716327,-0.759699168891764,0.447434425664452,NA,"TRMT2B"
4.86692189386041,0.0687414766041143,0.0712067158728473,0.965379118549223,0.334354956491871,NA,"GLA"
9.26035002795062,-0.0689664586518388,0.0524433299140348,-1.31506635381256,0.188487603210707,NA,"HNRNPH2"
7.0538897949536,-0.0688503832838621,0.0567285073626616,-1.21368226461003,0.224869079434432,NA,"ARMCX3"
12.2745811629945,0.0219569634306844,0.0506618984378376,0.433401907700433,0.664722814857841,NA,"BEX4"
5.05686164126893,-0.110194980494068,0.0742326121510557,-1.48445511077844,0.137688223527639,NA,"TCEAL8"
7.66894292232407,-0.0324121708945966,0.0581912415447228,-0.556993974251027,0.577531546202101,NA,"BEX2"
8.01877983459556,0.131445830971495,0.0591764913017052,2.22125083931272,0.0263339765359548,NA,"SLC25A53"
7.46527397190655,-0.0314829547505647,0.0577830454565357,-0.544847619259634,0.585858324544921,NA,"FAM199X"
7.79287308339422,-0.0200570070889164,0.0590661398922916,-0.339568611144909,0.734181419613861,NA,"RBM41"
7.56975053212552,0.0377093946111029,0.0728269705356151,0.517794360163061,0.604601753710226,NA,"FRMPD3"
5.99766141093307,0.0784549955238073,0.0595975607232598,1.31641286273631,0.188035507510385,NA,"PRPS1"
10.3107628338848,-0.0428466350884701,0.0543553084361444,-0.78826956043871,0.430539048683559,NA,"ACSL4"
6.28922409924111,-0.0429823959151576,0.0654353437523148,-0.656868191567146,0.511265672505643,NA,"TMEM164"
11.9285964365533,-0.0498962113693321,0.054282180630916,-0.919200569862776,0.357990673135492,NA,"AMMECR1"
20.0242401620606,-0.0628287787538375,0.0368052111536016,-1.70706203780845,0.0878105221317585,NA,"ALG13"
10.012953600653,0.0102625000666356,0.0508158676469408,0.201954636255303,0.839952188405734,NA,"WDR44"
4.35815122290642,0.103016700602103,0.0860105164396251,1.19772214917946,0.231025203574103,NA,"LONRF3"
10.3674082961829,0.1095451399751,0.0492870870286747,2.22259310864462,0.0262432493265582,NA,"UBE2A"
8.48809012512885,-0.0131287529631633,0.0529757130401796,-0.247825884914579,0.804269126286887,NA,"UPF3B"
7.23694681640283,-0.0150359808026409,0.055925753406692,-0.268856115237273,0.788040408836577,NA,"RNF113A"
10.457108818056,0.0257490805753616,0.049053298823149,0.524920468003473,0.599638480073542,NA,"NKAP"
7.40793799165323,0.0894428179138668,0.0600241418969268,1.49011406222945,0.136194247317483,NA,"RHOXF1"
7.27371925333269,0.0301502608816475,0.0587537080648698,0.513163541071463,0.607836926952759,NA,"LAMP2"
7.14263958126469,0.00874421035561481,0.0580763744617576,0.150563984695235,0.880319673493457,NA,"CUL4B"
6.74010713886132,-0.068985896218964,0.0732864609966071,-0.941318427453576,0.346541702171459,NA,"MCTS1"
12.0415610398393,0.00600996677905884,0.0435623920480191,0.137962276553455,0.89027023133857,NA,"XIAP"
18.0636304672149,0.00204651942318476,0.0414948028077122,0.0493198975464077,0.960664362863567,NA,"SH2D1A"
6.14290182300456,-0.17451032693336,0.0767026220467888,-2.27515464630281,0.0228966544777157,NA,"TENM1"
11.1581442008224,-0.0969759633226304,0.0469612920893857,-2.06501906161456,0.0389211967513042,NA,"ELF4"
13.1457096379142,-0.053958376820062,0.0492937272046631,-1.09462967967571,0.273678907396934,NA,"ENOX2"
9.87876028359519,0.0243500615882854,0.0518032016674384,0.470049356111342,0.638319755468269,NA,"RAP2C"
5.40177671112363,-0.0363865505423858,0.0771328678149677,-0.471738593068686,0.63711338660343,NA,"RAP2C-AS1"
14.7971795691973,-0.0239658438761191,0.0462275523047967,-0.518432032007725,0.604156870502155,NA,"MBNL3"
7.9012978916471,-0.00186973820992976,0.0556579140616895,-0.0335933935263437,0.973201390498794,NA,"PHF6"
4.79756407243435,0.0167871821016164,0.0770149162316872,0.217973126804616,0.827450049702575,NA,"HPRT1"
6.92853430256684,-0.0152476875119133,0.0595659814758068,-0.25597979138657,0.79796644170284,NA,"PABIR2"
5.68461067596395,0.0139694987297274,0.0633874006199679,0.220382893021281,0.825572967306724,NA,"PABIR3"
10.8773651757385,0.0569337960370156,0.0484843283000408,1.17427214180809,0.240286038019273,NA,"ZNF75D"
10.9799597054965,0.0286374674469175,0.0526861672057799,0.543548125925847,0.586752464810782,NA,"INTS6L"
5.23246454536133,0.0105035449971674,0.0753336331639679,0.139427033531038,0.889112711322755,NA,"MMGT1"
5.31548023147128,0.000203815458902606,0.0870018410672827,0.00234265684958306,0.998130831978137,NA,"MAP7D3"
12.7075560095489,0.00502987038897054,0.0483954655914094,0.103932678971135,0.917222773464358,NA,"HTATSF1"
20.1831034892763,0.0459732406605487,0.0344692841036202,1.33374515473967,0.182287390817012,NA,"ARHGEF6"
13.8875788003426,-0.0825947418966444,0.0424483654230189,-1.94576966800834,0.0516824136981139,NA,"ATP11C"
16.1568326694703,0.0571147742227081,0.0394063564454468,1.44937972892207,0.147231566510797,NA,"FMR1"
6.26304770309807,0.0141648817598933,0.0617854618424265,0.229259138598307,0.818667510379123,NA,"EOLA2"
8.87116908952662,0.000870710712406849,0.0759069137173867,0.0114707695223737,0.990847850802435,NA,"EOLA2-DT"
4.96952939053148,0.0591051752979561,0.0933862795977603,0.632910696866155,0.526791962046525,NA,"MTM1"
15.3793109946161,0.0791750484523888,0.0450951277318962,1.75573398800659,0.0791338405115662,NA,"MTMR1"
4.98079107139384,-0.0403512328963051,0.0713939621863036,-0.565191112254114,0.571943781251038,NA,"VMA21"
17.4619104652899,0.018595710316191,0.0381213457624721,0.487803091529292,0.625689321415961,NA,"BCAP31"
9.47083763323008,-0.012524855472435,0.0527980629001406,-0.237221874903324,0.812484666873058,NA,"IDH3G"
7.94412030434608,0.0362114009776027,0.0582872662885661,0.621257493846578,0.534430216194097,NA,"HCFC1"
5.85703342825719,0.0722687657256971,0.0673667996134926,1.0727653108108,0.283376428627735,NA,"IRAK1"
12.1397395956937,0.0124002445240528,0.0454940766326862,0.272568330689969,0.785185058867046,NA,"EMD"
8.55620703609188,0.0439042955952894,0.0623390227565599,0.704282705340764,0.481256734482397,NA,"TAFAZZIN"
6.99827602299747,-0.0363032170836197,0.0582895644716086,-0.622808171800667,0.533410587650103,NA,"ATP6AP1"
12.766675965526,-0.0289181195642083,0.0441329321387244,-0.655250357563125,0.512306576873152,NA,"GDI1"
13.2564762077816,-0.0325444477140582,0.0423954747284883,-0.767639657828608,0.442701294713431,NA,"FAM50A"
4.7923036721186,0.0600993440254526,0.0731457273918396,0.82163847661945,0.411282683962432,NA,"LAGE3"
14.1019489533665,0.0141693701018156,0.0439394283072844,0.322475067329599,0.747092823143398,NA,"G6PD"
8.82413380413232,0.0391978420580014,0.053046763216162,0.738929949378302,0.459949535120477,NA,"IKBKG"
6.77873099475574,0.0124296823563503,0.0581079557824762,0.213906722220278,0.830619797988034,NA,"DKC1"
8.06790887533318,-0.0720762618271769,0.0589285890662344,-1.22311195583123,0.221287413506874,NA,"FUNDC2"
7.86043640689994,-0.0158287295870099,0.0596308333822372,-0.265445386039581,0.790666376718098,NA,"BRCC3"
6.72181494164836,-0.0270801884616461,0.0603135625030063,-0.448990033714164,0.65343884611856,NA,"VBP1"
7.63281220953244,-0.0998125271748131,0.0616218912289448,-1.61975760860662,0.105284355748738,NA,"TMLHE"
6.45054435711273,-0.034589252319765,0.0586407456513551,-0.58985014490459,0.55529112076003,NA,"ZFY"
6.77321169489843,0.0182581642320023,0.0612407197789983,0.298137649228997,0.765598107494824,NA,"ENSG00000289826"
6.11799979074207,0.0853104086884846,0.08744307832705,0.975610766691117,0.329257387016917,NA,"TTTY14"
6.93396778229075,0.0731745504887021,0.05468406125138,1.33813306499534,0.180853063867796,NA,"TXLNGY"
8.83978675771364,0.0313931309059006,0.0558805675521434,0.561789764869639,0.574259266378456,NA,"KDM5D"
3.67167984972465,0.0303012741995673,0.0863283827280865,0.351000137405666,0.725588245314616,NA,"EIF1AY"
8.24267302827565,0.0563296647066897,0.0757957093547977,0.743177485720359,0.457374232285722,NA,"ENSG00000273748"
