"baseMean","log2FoldChange","lfcSE","stat","pvalue","padj","gene"
49.0827111752481,0.128078749347826,0.0121714758381292,10.5228610770929,6.7783433681651e-26,1.17590700750928e-21,"NR3C2"
44.2915448276167,0.120125357883457,0.011827871792915,10.1561261388894,3.11196470893729e-24,2.69931818853221e-20,"RADX"
60.8862121044833,0.123177737767829,0.0122213594637431,10.0788900067344,6.84955063225257e-24,3.96086681227725e-20,"SELENOM"
323.634848176435,0.138939695585757,0.0146310714919369,9.49620782471923,2.17673090879259e-21,9.44048195143348e-18,"KIF21A"
445.739274397464,0.0418445547111692,0.00445679731399325,9.38892926088148,6.0613285342839e-21,2.10303854825514e-17,"MEGF9"
7.46680467676142,0.18012081628758,0.0194221151314216,9.27400620729387,1.79282500056258e-20,5.18365468495994e-17,"MID2"
20.7347325544394,0.113940311607639,0.0130622278299664,8.72288503085559,2.71201601602676e-18,6.72115054943319e-15,"NAP1L2"
19.5721190472871,0.11094477926751,0.012770371958654,8.6876701498367,3.69948085390146e-18,8.02232423168532e-15,"DMTN"
30.8960565328199,0.136168310608117,0.0158136308029264,8.61081887550573,7.25405240061226e-18,1.39825890050913e-14,"LARGE1"
322.349871112276,0.0945244597827882,0.0111621745549687,8.46828360525074,2.49035365593834e-17,4.32026552232184e-14,"AGAP1"
38.4824108661448,0.0795822749205663,0.00942997472243746,8.43928825505864,3.19275824842331e-17,5.03527000851341e-14,"STX3"
76.1890992478725,0.0840773250533604,0.0100329605885746,8.38011116570186,5.28777373261266e-17,7.6443582261137e-14,"PRR34-AS1"
36.4313866737188,0.0809095930181608,0.00975199990301146,8.29671798839698,1.07027039796038e-16,1.42823468183205e-13,"MIRLET7BHG"
112.024926594136,0.083015815444022,0.0100815564346742,8.23442451390738,1.80422834262583e-16,2.2356966634195e-13,"MYO1D"
339.003978706564,0.044342630292413,0.00540278619138976,8.20736351978547,2.26098235817459e-16,2.61490146330752e-13,"TMEM117"
7.71414502910846,0.203259603882722,0.025184625265064,8.07078134947208,6.9849707468886e-16,7.57345453231397e-13,"ENSG00000237471"
447.898617613597,0.0853835147131657,0.0106887678206239,7.98815318529222,1.36975184909539e-15,1.39779147518275e-12,"SIGLEC17P"
148.590028513883,0.0848152455423898,0.0106519099172825,7.96244487617933,1.68672762943345e-15,1.57094951449578e-12,"NEIL1"
433.80207249052,-0.0724791051926377,0.00910542787029513,-7.95998894561432,1.72054650538504e-15,1.57094951449578e-12,"COTL1"
1298.98334959576,0.0556073031132803,0.00713293283476974,7.79585401985288,6.39743114724848e-15,5.54913177712333e-12,"GPR141"
115.018662951535,0.0643597074129234,0.00826981704018607,7.78248262327642,7.11149744017213e-15,5.87477417105267e-12,"PER3"
16.4836512350573,-0.118150877926553,0.0157662721485143,-7.49390070230942,6.68563112984887e-14,5.27192403820992e-11,"LGALS3BP"
72.8791884549257,0.0618948195687923,0.00828701746897417,7.46888971822743,8.08742809778246e-14,6.10003054957957e-11,"DOCK3"
9.03548828753901,0.0928662593299543,0.012522767577966,7.41579357372677,1.20898681249464e-13,8.7389596763154e-11,"ACSS2"
6.80185625554229,-0.126253940386864,0.0171225897675789,-7.37353064580933,1.66167468012856e-13,1.15306929403481e-10,"BEND4"
9673.91586926458,0.0395247042468208,0.00537865243842163,7.34843991117213,2.00533578182096e-13,1.33802173627039e-10,"S100A4"
38.5396184601608,-0.0933837537711076,0.0128775059187905,-7.25169565908293,4.11585903286468e-13,2.64451564822728e-10,"TRAT1"
417.699622612476,-0.0422580998697498,0.00584676542915183,-7.22760308786324,4.91592962804777e-13,3.04576954240617e-10,"H2BC12"
336.499614859445,0.0551966520935147,0.00766192326300474,7.20402047877839,5.84625799338373e-13,3.49727185066279e-10,"NME8"
166.816883893261,0.0416284771621832,0.00581207880635054,7.16240755660402,7.92723249392813e-13,4.5840543101555e-10,"LTBP4"
9.42470826702721,0.113217837332236,0.0158240360158412,7.15480154487106,8.37940572636242e-13,4.68922356583662e-10,"LINC00899"
17.7096737260973,0.126216886887314,0.0179746724546686,7.02192972949178,2.18824593416378e-12,1.18630282705854e-09,"NINL"
34.1440195297507,0.123673986361295,0.0176984480057052,6.9878435850097,2.79143339545573e-12,1.467448077102e-09,"DRAXIN"
177.085982753426,0.0527068307804054,0.00766240148977585,6.87863078575738,6.04305557389531e-12,3.08338023811576e-09,"CASP4LP"
22.2248416064624,0.112678172640075,0.0164737832597034,6.83984794893461,7.92772796245906e-12,3.92943499122114e-09,"AASS"
5.49612227535521,-0.270557229045324,0.0397902230362024,-6.79959066324314,1.0491682216599e-11,4.8149274137532e-09,"DKK2"
4.91031285085005,-0.148696736197859,0.0218709152178544,-6.79883464942835,1.05468781255835e-11,4.8149274137532e-09,"IGF2BP3"
3.57633282284715,0.151805228205908,0.0223182833726621,6.80183263520416,1.03296564151881e-11,4.8149274137532e-09,"ENSG00000289044"
607.286793926178,0.0647021448893964,0.00953744448831478,6.7840127372347,1.16883017090746e-11,5.19919636023144e-09,"L3MBTL4"
10.0135638314506,0.0846550529225486,0.0125450807464631,6.74806759983716,1.49827144252271e-11,6.49800324622098e-09,"ENSG00000254363"
31.458629184207,0.138936145926902,0.0206876308702711,6.71590414572599,1.86903632667632e-11,7.90830297443436e-09,"BEX5"
248.971249353262,0.0468711839544996,0.00699466243851406,6.70099298808434,2.07007976008806e-11,8.5504151614304e-09,"SVIL"
441.703905899103,-0.0156692173268324,0.00234134607870115,-6.69239693754492,2.19544367233441e-11,8.85733879712960e-09,"N4BP2"
35.690948843151,0.0681934983184491,0.0102526377374424,6.65131257582701,2.90490605125369e-11,1.14532523129884e-08,"SORBS3"
9.05393315787786,0.085884098959389,0.0129664062931394,6.62358536496199,3.50589305336072e-11,1.35156072643782e-08,"PDZD2"
14.8198108601636,0.076415226068722,0.0115486042154034,6.61683651490974,3.66966937901492e-11,1.38394400841632e-08,"ATP8A2"
100.564324572583,0.0347690383432286,0.00526614215356638,6.60237367874356,4.04626020179493e-11,1.49350046767529e-08,"ALDOC"
188.791279303176,-0.0573797886661767,0.00870533506135183,-6.59133603264966,4.3588604781109e-11,1.57536482446392e-08,"SESTD1"
200.78505415971,-0.0261341327130547,0.00397092256901115,-6.58137555161714,4.6611556440173e-11,1.62383908753558e-08,"QSER1"
236.760095189721,0.0708348725685607,0.0107639191188952,6.58076967934621,4.68019105238524e-11,1.62383908753558e-08,"LINC01684"
3.49743229548817,0.17566764103308,0.0267336701958177,6.57102596636965,4.9969743491192e-11,1.69975511781411e-08,"ENSG00000229628"
109.942729872075,-0.0727923276509633,0.0110950732544157,-6.56077936411937,5.35272716208395e-11,1.78575213091985e-08,"GUCY1A1"
318.972752815145,0.0553711812516698,0.00844397110534158,6.55748113783129,5.47242298649432e-11,1.79123762206988e-08,"ZNF595"
23.4565144659229,0.0856658645212385,0.0131231227691545,6.52785667162952,6.67174928268149e-11,2.14336123251775e-08,"EML5"
63.6675212116957,0.0616494719275803,0.0094831534587953,6.50094635665761,7.98162920755747e-11,2.51755097259467e-08,"C1QTNF7-AS1"
425.382362817663,-0.0255129502082333,0.00393444893352514,-6.48450409175205,8.90241087388549e-11,2.75783971143153e-08,"HMGA1"
182.922682341721,0.0277594962177638,0.00430398013886006,6.4497268393799,1.12051929001343e-10,3.41031028827245e-08,"ANO10"
36.6018038192627,0.0963200644950661,0.0149545451607632,6.44085550310046,1.1880193720354e-10,3.55340690794314e-08,"HOXC4"
20.0258490345591,-0.0732417480828188,0.0114404881166764,-6.40197754989638,1.53377223973649e-10,4.50981030761842e-08,"GNB4"
232.087586471172,0.0296388109529462,0.00463149088085361,6.39941040917771,1.55978069171496e-10,4.50984590664518e-08,"THRA"
59.6376613295978,0.0622127537452992,0.00974133211278651,6.38647292023218,1.69755477520915e-10,4.82773446562759e-08,"GGT7"
17.1554549851887,0.0901389745598213,0.0141474194404176,6.37140751636333,1.87301225359045e-10,5.2408091250463e-08,"ELAPOR1"
149.297006269087,-0.0503609517270367,0.0079110113198605,-6.36593093990475,1.94108761299961e-10,5.34507744608211e-08,"TCF4"
72.2092477240583,0.099637280560234,0.0156838493022042,6.3528588320618,2.11349660515113e-10,5.72889673533778e-08,"COL13A1"
1816.23979270633,0.0146062535202617,0.00232039951394692,6.29471495424378,3.0796524593576e-10,8.2193555176824e-08,"EID1"
264.700073155949,-0.0156087303056825,0.00248101433467267,-6.29126969866614,3.14879709973751e-10,8.27656546761308e-08,"CRKL"
152.14109537683,0.0515134925668237,0.00820496481262615,6.27833192990086,3.42224695864767e-10,8.86106570725669e-08,"CATSPER1"
271.913878475708,0.0211333065819678,0.00337571554123554,6.26039318888607,3.84008017321597e-10,9.79672218308099e-08,"EPM2AIP1"
15.309100161296,-0.1738308053426,0.0277784989320092,-6.25774653151953,3.90579932816824e-10,9.81997199203805e-08,"IFI27"
536.828150641606,0.0280950365835242,0.00449693026483056,6.24760334916662,4.16798494600548e-10,1.03294575490433e-07,"ILF3-DT"
1328.08925953871,-0.0175559219772648,0.00281619545218032,-6.23391461117263,4.54921116798543e-10,1.11154528651002e-07,"NIN"
16.5687126065148,0.0785463238039137,0.0126212212959968,6.22335366457975,4.86638707078219e-10,1.17252892922124e-07,"ENSG00000290121"
563.385206585524,0.0452344866997196,0.00728264913891842,6.21126815762506,5.25586928679453e-10,1.24902493681249e-07,"TIMP1"
14.8607617480347,0.123186487825142,0.0198827075810855,6.19565958623913,5.80414497695675e-10,1.36067982513846e-07,"GLI3"
61.2558810787101,0.05846948877387,0.00944850642704971,6.18822553863967,6.08452325535517e-10,1.40739079245202e-07,"ZSWIM5"
39.5390053026566,0.0566756518381547,0.00919518457240644,6.16362307813059,7.1099068130995e-10,1.6229297814954e-07,"ENSG00000289600"
4.24107815762827,0.220162351167673,0.0358316787067496,6.14434933315589,8.0291961424386e-10,1.80896746336396e-07,"IGFBP3"
456.371453918745,-0.0140261428924573,0.00228645250151815,-6.13445627370098,8.54509423907642e-10,1.90051660076279e-07,"NUP50"
368.359015968155,0.0255665496716311,0.00417070238645979,6.13003453678044,8.78599983279305e-10,1.92936107720625e-07,"SVIP"
390.201033211465,-0.0158480137122254,0.00258742307598608,-6.12501830849044,9.06731796680259e-10,1.96624790110114e-07,"RBM14"
16.0929309961429,0.0719637790852808,0.0117696620686737,6.11434539627272,9.69541115928836e-10,2.07649373816462e-07,"CRYBG3"
34.8364179133337,-0.0684193776299604,0.0112069181293125,-6.10510194154135,1.02735088995053e-09,2.17347356571485e-07,"CD93"
538.741840009488,0.0252723789630157,0.00418979436669548,6.03189005262522,1.62053024174768e-09,3.38710344986008e-07,"EXOC6B"
50.2895357765365,0.06287424096483,0.0104413072793063,6.02168284898968,1.72612873098123e-09,3.56486681250742e-07,"ENO2"
20.9665946448515,0.0606599590592073,0.0100968191838042,6.00782859977417,1.88024457793490e-09,3.79284685325751e-07,"HAR1B"
92.2877075710301,0.0867792983919869,0.0144415954330874,6.00898278822887,1.86690941466661e-09,3.79284685325751e-07,"ADAMTS1"
3.21177304742557,0.110948041110751,0.0184918184488986,5.99984481879658,1.97506189385282e-09,3.93831882006422e-07,"FAM131B"
644.65962121166,0.0131295328128071,0.00219755568806483,5.97460755334442,2.30644729410812e-09,4.54684632479405e-07,"ENSG00000284707"
61.2106686446921,0.0410021181595226,0.00689267295049269,5.94865278739096,2.70358452649169e-09,5.2113093739531e-07,"SNX30"
138.885578739839,0.11582408107238,0.0194704034650529,5.94872526808549,2.70238780122431e-09,5.2113093739531e-07,"ENSG00000289193"
1796.49051296194,-0.0491007607929911,0.00827366622894159,-5.9345832227598,2.94592873494266e-09,5.6160408454709e-07,"CD38"
43.6962874413983,0.0572416318690486,0.00968069184701583,5.9129691114684,3.35995207163786e-09,6.33570092812756e-07,"LINC02320"
66.1313429625018,0.047956006222537,0.00812962827003024,5.89891746948949,3.65894184787166e-09,6.82530356740619e-07,"ZNF876P"
126.500741981121,0.0237372811256747,0.00404074492970268,5.87448144800895,4.24168975408996e-09,7.82817381425027e-07,"SARM1"
91.1789439470591,0.0317178045228172,0.00543479243750689,5.83606547766655,5.34478987159875e-09,9.76014891499948e-07,"SGSH"
389.472112820024,0.0434396768808888,0.00745060250137219,5.83035759495805,5.5308721725544e-09,9.99474692182017e-07,"CD320"
704.426183792505,0.0206247921178133,0.00354265891804097,5.82183963936853,5.82033818352093e-09,1.04094048255383e-06,"DIAPH2"
3.17008364099203,0.126731772970921,0.0218030119867753,5.81258098870884,6.1516904902051e-09,1.07797501640483e-06,"ERICH2"
398.579432912161,0.0186127944494451,0.00320161205517156,5.81356957954348,6.11545355381258e-09,1.07797501640483e-06,"FAM162A"
88.3811918953213,0.0527941060393017,0.00908852603569256,5.80887437984643,6.28942562604689e-09,1.09108955760662e-06,"NFIA"
85.6881497472187,0.0505886825376153,0.00873481007801144,5.79161791565047,6.97115897074333e-09,1.1856437825927e-06,"ENSG00000290461"
64.7027890981963,0.069816911850757,0.0120523614410037,5.79279937732624,6.92227799604144e-09,1.1856437825927e-06,"KDSR"
513.713769635817,0.0210251380428593,0.00363598296398328,5.7825183041633,7.35905589332113e-09,1.23946506444015e-06,"NPC2"
98.5871730972807,0.0410373346081397,0.00710996777199317,5.77180318169509,7.84276915380919e-09,1.30823422384886e-06,"BMPR1A"
66.1280106761643,0.0281995879095289,0.00489262732996344,5.76369014186488,8.22944426014109e-09,1.35966094309455e-06,"FGFBP3"
8.3637181938773,0.100182913773671,0.0173895225644133,5.76110778214748,8.35636542367858e-09,1.36760591858468e-06,"CCDC144NL-AS1"
100.282028457983,0.0225577498153099,0.00392262004556935,5.75068437759838,8.88829111756108e-09,1.44106611502289e-06,"CDKL3"
108.422419577634,0.0550854172200463,0.00958491237821991,5.74709658746788,9.07888735191797e-09,1.45833831278771e-06,"SPEF2"
183.11900850352,0.051845914734937,0.00903055060391585,5.74116872923069,9.40253463957177e-09,1.49646945804854e-06,"PTCH1"
719.643900421338,-0.0158208247590204,0.00276632125718344,-5.71908440422011,1.07099587522145e-08,1.68905785848561e-06,"TRANK1"
31.5885991798895,0.0810089145091536,0.0141904432488867,5.70869514703206,1.13845594384994e-08,1.76338693874186e-06,"EDARADD"
3.54473565586295,0.135837698901792,0.0237926639493787,5.70922613755234,1.1349101472544e-08,1.76338693874186e-06,"PCDHGA10"
6.60736990580152,0.111982503394854,0.0196352439829633,5.70313786230601,1.17621774539658e-08,1.80575446434866e-06,"ENSG00000289108"
520.322579043547,0.0170940351301524,0.00299848623953284,5.70088830316448,1.19184714449091e-08,1.81369861952879e-06,"METTL16"
19.999795920767,-0.0834889562503715,0.0146643068246382,-5.69334488488046,1.24574392058562e-08,1.87923178559298e-06,"ADGRA2"
22.1682588199681,0.0727283690631356,0.0127845928487774,5.68875129019775,1.2797169070609e-08,1.91383869859418e-06,"TNIP3"
24.6793309802258,0.0411197064496787,0.0072333800908093,5.68471529678431,1.31030758611255e-08,1.94283897469065e-06,"ERICH6"
31.8201867986942,0.0367983266187089,0.00647844167274465,5.68012007787653,1.34600213302278e-08,1.97885127149823e-06,"TMEM25"
19.873311360771,0.0476220020855346,0.00843938851843482,5.64282613384964,1.67281254955195e-08,2.4386514377838e-06,"PGBD1"
12.1430096736052,0.0797368127145243,0.0141359705130726,5.64070310140966,1.69357168980181e-08,2.44834013955682e-06,"ANKRD35"
134.775778097059,0.0265604591870465,0.00471923884579224,5.62812352901535,1.82180606782124e-08,2.61195798880685e-06,"SCPEP1"
49.1811272956517,0.0497165856236247,0.00883726407716258,5.62578929287665,1.84661644075928e-08,2.62582803395836e-06,"SLC26A11"
15.2660509287582,0.0660504884796379,0.0117459352713418,5.62326344848763,1.87383297067219e-08,2.64286620936758e-06,"ENSG00000266846"
523.49094518715,-0.0158751290851421,0.00282764730433455,-5.61425360963754,1.97412500481878e-08,2.64773772134994e-06,"HDLBP"
40.8865373124076,-0.059028806130728,0.0105142644744501,-5.61416409813251,1.97514707561318e-08,2.64773772134994e-06,"CDCA7L"
222.777887314438,0.0232607891272322,0.00414070068821118,5.6175973292291,1.93631105731517e-08,2.64773772134994e-06,"ATP6V0E2"
12.8258784894454,0.0852779183862585,0.0151919024532877,5.61337980206707,1.98412441650618e-08,2.64773772134994e-06,"HOXB7"
6.60748624383155,-0.154891974720238,0.0275931106242924,-5.61342926606739,1.98355706485845e-08,2.64773772134994e-06,"MIR924HG"
32.9617484676703,0.0417847650645748,0.00744152095224245,5.61508397715165,1.96466804886598e-08,2.64773772134994e-06,"REEP6"
173.789032177049,0.0239700412332241,0.00426821476503255,5.61594075106043,1.95495646333676e-08,2.64773772134994e-06,"ZNF101"
358.526422865145,-0.0192190838216532,0.00343714163853889,-5.59158912922284,2.25000744049617e-08,2.91292008042743e-06,"RCC2"
131.650318420093,0.040713229024202,0.00728099244718101,5.59171422296488,2.24838665113387e-08,2.91292008042743e-06,"CPNE8"
536.810782087414,0.0445547100290936,0.0079667841645783,5.59255894331762,2.23747157615654e-08,2.91292008042743e-06,"BCL2"
24.39976196643,0.0543178758131382,0.00970853383362045,5.59485878547764,2.20801411784532e-08,2.91292008042743e-06,"ENSG00000289837"
353.926761767948,-0.017220582153127,0.00308153298793441,-5.58831666594299,2.29281262323643e-08,2.94634913984486e-06,"RAB35"
531.634319276394,-0.014462805454234,0.00259349723982538,-5.57656481454662,2.45314538922719e-08,3.10243187326232e-06,"ZDHHC3"
4.43061496978166,0.14054897151436,0.0252082295624833,5.57551934244265,2.46792482424603e-08,3.10243187326232e-06,"PRSS22"
2.21113940749926,0.136455391488796,0.0244699075030508,5.5764571840651,2.45466294433365e-08,3.10243187326232e-06,"ENSG00000288801"
766.51402744538,0.0136967540367654,0.00246001447545544,5.56775343130029,2.58044613815311e-08,3.22054529530073e-06,"RNPC3"
7.18507453007618,-0.151788346454312,0.027443074425433,-5.5310255732004,3.18363902457063e-08,3.92421671778995e-06,"PDE1C"
65.8494338292882,0.0645963930590843,0.0116795990900502,5.53070294288728,3.18950056034346e-08,3.92421671778995e-06,"ENSG00000232053"
140.161463467867,-0.0284067400445596,0.00513994606659473,-5.52666111210372,3.26382536863146e-08,3.98738327429709e-06,"VANGL1"
557.198384857944,0.0137207015463441,0.00248486559344434,5.52170772638269,3.35720601812076e-08,4.07278391624887e-06,"GLO1"
8.06158864095289,-0.0796625405056063,0.0144368979648379,-5.51798181989163,3.42914896875575e-08,4.13117196597047e-06,"ZNF730"
22.6298130230103,0.0582887069732212,0.0105692107761486,5.51495359566112,3.48871997816467e-08,4.17395270215178e-06,"ZFYVE9"
2601.92205671546,0.015937656309716,0.00289318188545605,5.50869490433152,3.61503831104149e-08,4.29545785068135e-06,"GNPTAB"
60.0870770719571,0.0308036031634525,0.00560115623791185,5.49950793283643,3.80852573850556e-08,4.46420976429693e-06,"ENSG00000230773"
35.2816814631655,0.0519132851041352,0.0094384668713863,5.500181948142,3.79399537782464e-08,4.46420976429693e-06,"CABP4"
9.17385517526395,0.112826738890484,0.0205374771587528,5.4937000303564,3.93598824701646e-08,4.58265262478131e-06,"MACROD2"
186.215664270893,0.0332451800738276,0.00605952517990462,5.48643319184143,4.101304304425e-08,4.71188258762681e-06,"RNF144A"
327.917478893843,0.0157886764018704,0.00287741292644693,5.48710831759779,4.08566625536577e-08,4.71188258762681e-06,"ZNF44"
1116.78414599196,0.0134226331647239,0.00245103994700524,5.47630126596837,4.34308030769926e-08,4.9568261301294e-06,"NDFIP1"
8.38083824249015,0.0597583748151316,0.01092882034647,5.46796204170688,4.55239337023155e-08,5.16175948933182e-06,"CZIB-DT"
330.275919946889,0.0283178692211988,0.00518637969766149,5.46004551767916,4.76012527146009e-08,5.36225020839543e-06,"ARRDC3"
135.467482156298,0.02280996437051,0.00418132990451468,5.45519365642054,4.89195013406854e-08,5.47519683392394e-06,"CYB5R1"
23.97681233301,0.0371967783815568,0.0068216775165667,5.45273186708445,4.96018326275099e-08,5.51597815655155e-06,"SPACA6"
13.601667690015,0.0757990132245746,0.0139070493219027,5.45040227226316,5.02560133039397e-08,5.55312941908755e-06,"ENSG00000224848"
119.721510616922,-0.0634135301636031,0.0116664038542407,-5.43556788843311,5.46221828483064e-08,5.99737739273683e-06,"SPATS2L"
200.839749815536,-0.0735026197510271,0.0135290363725861,-5.43295307417203,5.5428987998718e-08,6.04768606164628e-06,"OAS1"
335.174418530769,-0.0153609803857322,0.00282884656984643,-5.43012143163569,5.63157197254282e-08,6.10603191122955e-06,"POLDIP3"
653.350715421203,-0.0112768453847283,0.00207832019928536,-5.42594225307819,5.76495967904033e-08,6.21183357217339e-06,"NUMA1"
937.884777945921,-0.0154604447532867,0.00285179904612025,-5.42129529579582,5.91687257606498e-08,6.3361670030602e-06,"IDH2"
132.708546868205,0.0383101518677763,0.00708078351745622,5.41043964602653,6.28702094789598e-08,6.6912416812331e-06,"CACNA2D2"
449.641129630458,-0.0225441020282072,0.00417208562739239,-5.40355688775678,6.53322224376634e-08,6.91087435883284e-06,"PARP10"
81.1121026533354,0.0559864950249699,0.0103718050917603,5.39795093811078,6.74062930301709e-08,7.06660100128867e-06,"WWC2"
4.09287244943746,0.122593379151659,0.0227134756145978,5.39738528932441,6.76190780616739e-08,7.06660100128867e-06,"PCDHGB6"
125.831143539286,0.0320727583866884,0.00595636618222737,5.38461830677691,7.25985405046004e-08,7.54155377648987e-06,"CCDC65"
11.2177902344507,-0.0964954784969703,0.0179587384010074,-5.37317690932885,7.73613605958788e-08,7.98848145010301e-06,"TRIQK"
11.0778029834029,0.0639158143867158,0.0119091791324543,5.36693702192584,8.0085004345229e-08,8.22079677740256e-06,"ADGRB2"
1232.71842822142,-0.0143088139118552,0.00267609104034565,-5.34690849307093,8.94692197562769e-08,9.13007073136407e-06,"NASP"
55.0224478046994,0.0570199638777312,0.0106709243120415,5.3434887372772,9.11744969346921e-08,9.24967937323414e-06,"LAMA2"
58.5543255332687,0.0518800818549405,0.00971196861105729,5.34187083305375,9.19921968908431e-08,9.27837576547875e-06,"PDE2A-AS2"
142.253215117616,0.0224268050234525,0.00420358820242605,5.33515747582247,9.54616719951309e-08,9.57265367497994e-06,"RAP2C-AS1"
51.1685518801412,0.0927232435762403,0.0173887769211869,5.3323614418944,9.69437351237944e-08,9.6654018214229e-06,"ZNF365"
4.52687541605928,0.116301890490146,0.0218215277622794,5.32968597602893,9.83827287680844e-08,9.75282044953559e-06,"GPR156"
6.03236851204998,0.0746916203984703,0.0140733719610956,5.30730095139586,1.11260396928311e-07,1.09667350335928e-05,"SLC29A2"
21.7888586430015,0.0804033264706824,0.015159228457838,5.30391943721321,1.13342349033578e-07,1.11088309097995e-05,"SMPD3"
652.989087478339,-0.0140146881235224,0.00264296305655523,-5.30264245985669,1.1413833198106e-07,1.11239987820642e-05,"STAT6"
15.5599128275438,0.0632009146450013,0.0119314074906085,5.29702088330722,1.17707238135004e-07,1.14077383640562e-05,"ENSG00000290948"
15.3728246426128,0.0487597259852802,0.00920829468831541,5.29519608523741,1.18888767597495e-07,1.14582352237853e-05,"ENSG00000273010"
39.9820881845006,0.0294818312153794,0.00557219341004669,5.29088440509324,1.21726287130167e-07,1.16668929786416e-05,"DLEC1"
89.1972226850579,-0.0557506166128617,0.0105412682182997,-5.28879594545161,1.23124152517477e-07,1.17360318564461e-05,"USP18"
57.9525310883275,0.0413843580284898,0.00783086220574688,5.28477668756818,1.25858191089988e-07,1.19310814154596e-05,"PCBP4"
96.8726424034944,0.0557342254523754,0.0105511561721735,5.28228608722169,1.27581761545789e-07,1.20287413005236e-05,"ENSG00000289298"
106.403533378341,-0.0392240908003621,0.00743882574534404,-5.27288743454065,1.34293938790637e-07,1.25931418926485e-05,"CENPE"
38.0666935584103,0.0553231189338565,0.0105042473424177,5.26673802800257,1.38869154531094e-07,1.29521617892765e-05,"ENSG00000283294"
172.753519828325,-0.0281593634233381,0.00535401000037797,-5.25949025521995,1.44455283921588e-07,1.34011244142872e-05,"FBXO5"
1155.3305032638,-0.026897019304097,0.00511507143727777,-5.25838585715071,1.45325343380103e-07,1.34101279625427e-05,"GBP4"
88.258048189219,0.0470835645538184,0.00895688158824591,5.25669163870671,1.46669930629467e-07,1.34625923627513e-05,"ADARB1"
41.2795616413804,0.0537746566365648,0.0102374803730198,5.25272378331334,1.49866204909575e-07,1.36835732777437e-05,"ENSG00000230649"
38.0103728033636,0.0564127575817144,0.0107442981713451,5.25048325000571,1.51700699356913e-07,1.37785535730038e-05,"FZD3"
34.8784832628402,0.0301698862213261,0.0057477568367914,5.24898444349779,1.52939988682116e-07,1.38187652273821e-05,"BPHL"
244.988350801823,0.0271609295575052,0.00517734450831544,5.24611207808973,1.55342423732878e-07,1.39631107094195e-05,"DOCK9"
231.246088354972,-0.0194698461221486,0.00371207453542098,-5.24500409039889,1.56278860043747e-07,1.39748745569017e-05,"SLC35D2"
198.30592011267,0.0353811648860342,0.0067546537837589,5.23804269155968,1.62288527216182e-07,1.44378531802376e-05,"CTNNA1"
90.3703693662286,0.0326027517801988,0.0062278115238429,5.23502544278686,1.6496213856334e-07,1.46008325499838e-05,"ENSG00000289015"
75.9411869509616,0.0341759058274946,0.00654111912746119,5.22477960751638,1.74362663791681e-07,1.53545354896349e-05,"C2orf81"
645.63128535202,-0.0125051714672913,0.00239423141345859,-5.22304209902038,1.76007354585061e-07,1.53813780252725e-05,"ACTR1A"
14.2756522700279,0.0459654795848493,0.00880128581567601,5.22258685236422,1.76440755535464e-07,1.53813780252725e-05,"ENSG00000286416"
262.353059935034,0.0214465839114183,0.00411109150729625,5.21676150320553,1.82078454469962e-07,1.57934851407245e-05,"LINC01004"
844.744833801882,-0.0116022071439737,0.00223601729102488,-5.18878239025417,2.11673579112562e-07,1.82301332279664e-05,"DCP2"
102.774122389314,0.0515176599077598,0.00992966620531491,5.18825697083198,2.12271553611321e-07,1.82301332279664e-05,"ENSG00000286044"
24.4772942553898,0.0425480978519674,0.00821296051883517,5.18060421140341,2.2116832430858e-07,1.89006309857401e-05,"ENSG00000289412"
545.622950730976,-0.0504758432010944,0.00974773413337954,-5.17821295805023,2.24021424982914e-07,1.90506062774686e-05,"IRF7"
2.01008225466465,-0.237068414555965,0.0458067324866687,-5.17540548488064,2.27416533320093e-07,1.9244985463595e-05,"ESRRG"
79.7031525418534,0.0421313071565025,0.00814875522466875,5.17027521319554,2.33749491364215e-07,1.96152344129242e-05,"KAZN"
94.8380548669781,0.0269065413074108,0.00520456134198028,5.16980001568647,2.34344636621843e-07,1.96152344129242e-05,"BDH1"
17.8959301061193,-0.0780849295333427,0.0151086246878435,-5.16823543814482,2.36314502668963e-07,1.96152344129242e-05,"SH3RF1"
369.92887213558,-0.0157370677367953,0.00304489844545224,-5.16833911498743,2.36183475944075e-07,1.96152344129242e-05,"ATP11C"
482.804193466625,0.0307057500605575,0.00594616292634538,5.16396042976067,2.41778829297371e-07,1.99732339554799e-05,"PSTPIP2"
9.36724033250654,0.135744555327179,0.0263467795905,5.15222571551498,2.57412946448458e-07,2.1123070445991e-05,"ENSG00000289062"
485.793989172412,0.012755379627308,0.00247637864658184,5.15081958282685,2.59350588252022e-07,2.1123070445991e-05,"LIPA"
114.15140410755,0.0247522040493555,0.00480544431783196,5.15086689434845,2.59285164849908e-07,2.1123070445991e-05,"ABCC4"
86.409942599015,-0.0513659728843198,0.00998356776696862,-5.14505175737555,2.67447063885309e-07,2.15798682059644e-05,"KNL1"
473.617134876948,0.0455548201655932,0.00885296506425703,5.14571331016727,2.6650617152267e-07,2.15798682059644e-05,"TCP10L"
14.452113661286,-0.0664014169546102,0.0129103000267847,-5.14328999456625,2.69968403621623e-07,2.16824623427218e-05,"FAM171A1"
155.968521272047,-0.0258194123627275,0.00502207897021648,-5.14118008017197,2.73018217941681e-07,2.18263596536972e-05,"E2F5"
10.3871075210959,0.0504425604323094,0.00982588200394055,5.13364198878839,2.84188448732594e-07,2.26151431587754e-05,"ADD3-AS1"
114.273291185639,0.0374540454589866,0.00730900925279458,5.12436695091967,2.98539069191234e-07,2.36486564946554e-05,"DLG2"
6.92926376586614,0.0754547502026504,0.0147404521115505,5.11888981637984,3.07339442682543e-07,2.42351120529853e-05,"SEPTIN4"
178.574787961895,-0.0733495194290232,0.0143377748850619,-5.11582306299449,3.1237578497493e-07,2.45207923879868e-05,"GPR171"
5524.39460789792,-0.0131263938386076,0.00256736413229473,-5.11279006880692,3.17435010102815e-07,2.48056871858722e-05,"RNF213"
263.210925455487,-0.0700158859080689,0.0136965369080076,-5.11194080506105,3.18865753681407e-07,2.48057537886325e-05,"ENSG00000290933"
711.029470591606,-0.0152165727664384,0.00298162871241386,-5.10344319635944,3.33528656641158e-07,2.5830603283084e-05,"MLLT3"
322.276800431734,0.0173763695360741,0.00340613230042888,5.10149577392697,3.36979547461902e-07,2.58669079175623e-05,"ABHD14A"
50.0176140085666,0.0352669782651737,0.00691202604044759,5.10226351272398,3.35614995473989e-07,2.58669079175623e-05,"SH2D3A"
91.0173399166469,0.0483536473342951,0.00948330574550421,5.09881771524854,3.41781484702291e-07,2.61199347868518e-05,"SREBF2-AS1"
15.5913158547603,0.0498700740106126,0.00979269635069288,5.09257840993753,3.53226555922615e-07,2.6876203035726e-05,"ENSG00000247970"
4.00601259226097,0.1299326988074,0.025559349485154,5.08356829984544,3.70409296909984e-07,2.78389555284586e-05,"CXXC4"
42.6178147836277,0.0364664575298765,0.00717230293845665,5.08434429537961,3.68898245816661e-07,2.78389555284586e-05,"NRG2"
125.522074925843,0.0237583523100023,0.00467369228351811,5.0834224567558,3.7069395475409e-07,2.78389555284586e-05,"DSE"
142.549128364259,0.0227359676536129,0.00447463640266474,5.08107600431471,3.75302908457111e-07,2.80635985168705e-05,"LRRC23"
18.7968627146046,0.0400753614172098,0.00789089988221725,5.07868076079925,3.80064718449582e-07,2.82976941444779e-05,"ENSG00000288961"
152.567777807078,0.0227258721170033,0.00448030241884646,5.07239690370153,3.92835970412505e-07,2.91235829688724e-05,"CFL2"
35.6141764923048,0.0503192920232595,0.00992550815848193,5.06969428867566,3.98455201516257e-07,2.94144716421448e-05,"SLC16A11"
26.6210980828,-0.0609999950152433,0.0120479633848859,-5.06309598282538,4.12502035706642e-07,3.01643056729992e-05,"CALCRL"
18.58317509394,0.0477297764149931,0.00942813391088995,5.0624839301299,4.13828957238518e-07,3.01643056729992e-05,"ENSG00000288764"
40.6968988170501,0.0465452349094655,0.00919286410109951,5.06319188422446,4.12294495198665e-07,3.01643056729992e-05,"ENSG00000256469"
52.7360493030915,0.0322542007911001,0.00637432958959683,5.06001460039661,4.19224375631393e-07,3.04297258094285e-05,"NEK3"
4014.25768556939,-0.00947933707059537,0.0018747052622812,-5.05644127710006,4.27152317015815e-07,3.08759933149599e-05,"WIPF1"
662.40617762982,-0.0147955556590695,0.00293410079373076,-5.04262010721746,4.59200341504736e-07,3.30548030059094e-05,"YWHAE"
494.272173212483,-0.0438690569998961,0.0087072733081524,-5.03820834001186,4.69909791847417e-07,3.36859300370619e-05,"PLSCR1"
22.8053422093997,0.0655939197683278,0.0130360387454544,5.03173709814263,4.86055505179227e-07,3.46999625672808e-05,"ZNF483"
142.860482783095,0.0308618249280676,0.00614820344473227,5.01964926917143,5.17659071479334e-07,3.6804711360752e-05,"GNPDA1"
156.565222129693,0.0179898486035164,0.00358724788088017,5.01494438101176,5.30488091420765e-07,3.75628873876222e-05,"SPEN-AS1"
4.34810273148296,0.119867311730781,0.0239103756461471,5.01319232724379,5.35343388278495e-07,3.75997453435438e-05,"AARD"
188.429091071491,0.0211553555842932,0.00421962116746618,5.0135675087147,5.34300092418585e-07,3.75997453435438e-05,"APBB1"
455.842672295197,-0.00982467153246316,0.00196165105992579,-5.00836857949386,5.48933376613885e-07,3.83987750705551e-05,"ELAVL1"
307.527923725088,-0.0154522624702991,0.003092333145276,-4.99695917107274,5.82413934567924e-07,4.05771764533508e-05,"SLC38A10"
5092.90884307047,0.0363212594324252,0.00727889558366559,4.9899409896651,6.03977402824079e-07,4.19111999367685e-05,"S100A6"
375.467589145683,-0.0140420170430781,0.00281460768736682,-4.9889784306725,6.06994231295038e-07,4.19527327669575e-05,"RHBDF2"
7.98445975435347,0.0595398558277528,0.0119384162018675,4.98724913095586,6.12450685546574e-07,4.21618829081824e-05,"WNT10B"
282.419043614164,0.0263493412751268,0.00528547497378263,4.98523621922847,6.18861571790129e-07,4.24348242980836e-05,"FCHO2"
4007.86394725229,-0.0174636965818109,0.00350408777243886,-4.98380683245729,6.23453221325781e-07,4.25813641085026e-05,"TAGLN2"
18.8730040533517,0.0933524110105683,0.0187483470597641,4.97923420731378,6.38363548592764e-07,4.34287483960285e-05,"RIC3"
278.049227630933,0.0566440693456153,0.0113948995440963,4.97100208092335,6.66077344856288e-07,4.49615166481202e-05,"COLQ"
134.532101756238,-0.110420647121514,0.0222111332219842,-4.97140987890802,6.64677597781483e-07,4.49615166481202e-05,"CHSY3"
104.228103613504,0.0325456255996053,0.0065522034578958,4.96712683126252,6.79521485009553e-07,4.56912353563788e-05,"ENSG00000289152"
62.5314393486788,0.0351897360556218,0.00708577115135879,4.96625353880836,6.82587042616721e-07,4.57201544992852e-05,"ENSG00000287180"
20.9298303213588,0.0435955252738695,0.00878129838741489,4.96458762138745,6.88471986160094e-07,4.59369692919435e-05,"AZIN2"
167.529041887255,-0.0295078946036136,0.00594737759066169,-4.96149675277816,6.99520400196544e-07,4.6495325297355e-05,"ACP5"
178.411869999088,-0.0186985676666289,0.00377112456865528,-4.95835322493642,7.1093218596735e-07,4.70734792448915e-05,"CNP"
34.510827364738,-0.0508073956076011,0.0102494785232681,-4.95707127852985,7.15637276372045e-07,4.72048496977271e-05,"TASL"
28.8628460351876,-0.0414002355372918,0.0083614080043589,-4.95134737064731,7.37014116487486e-07,4.82924889495877e-05,"DEPDC1B"
14.1823372992092,0.0487705872792063,0.00985031951766089,4.95116805010886,7.37693657576708e-07,4.82924889495877e-05,"C12orf40"
1288.12157535438,-0.0230378149944862,0.00466027757955596,-4.94344266005744,7.67549327172917e-07,5.00580666458487e-05,"UBE2L6"
25.0519186813039,0.0321306697091048,0.00652187708865098,4.92659847346968,8.36734520552993e-07,5.43658069758551e-05,"TRIM7-AS2"
547.008849534478,-0.0135090060056487,0.00274259993107186,-4.92562034024742,8.40931368645988e-07,5.4434617101756e-05,"TIA1"
103.912123651693,-0.017758961691291,0.00360773556131751,-4.92246767798181,8.54596827397964e-07,5.48164053694142e-05,"ZNF282"
140.412443048006,-0.0222698470200038,0.00452448243352977,-4.92207613736495,8.56308845694676e-07,5.48164053694142e-05,"POLR3D"
116.535205810633,0.020797839902268,0.00422481459581205,4.92278168203745,8.53226221294154e-07,5.48164053694142e-05,"ENSG00000291159"
405.67510973161,-0.0119170627738238,0.00242240372708918,-4.91951966575928,8.67568518471692e-07,5.53330097737019e-05,"FAM78A"
226.673721139137,0.0136979304879095,0.00278588973765518,4.91689613654228,8.79271712715371e-07,5.58740134512317e-05,"ACADSB"
1551.37191457522,0.0219112658866516,0.00445743001306154,4.91567244408669,8.84782281965979e-07,5.6018989151627e-05,"AKT3"
19.7693240631468,0.0568688136911892,0.0115729722957804,4.91393327813668,8.92671398857227e-07,5.63129579177279e-05,"ZFP37"
45.2218811087612,-0.0362552740550959,0.00737924541498463,-4.91314111622772,8.96287174658758e-07,5.63361953115222e-05,"ARHGAP11B"
112.178835243013,0.0286296902513581,0.00584213698683251,4.90055099972597,9.55682444951842e-07,5.98526319675977e-05,"ENSG00000259088"
91.8626563724766,-0.065985676333182,0.0134904168659756,-4.89130002347116,1.00172135415097e-06,6.25102951503993e-05,"IGF2BP2"
2.02136948853137,0.12071799125707,0.0246941026736215,4.88853524473365,1.01589011891906e-06,6.31672465340782e-05,"ENSG00000266369"
92.5594282941801,0.0474331608095856,0.0097066800616171,4.88665130698492,1.02565510079786e-06,6.35466596022902e-05,"PHLDA1"
47.1175632064405,0.0869776363141604,0.0178032250069124,4.88549890710193,1.0316727826928e-06,6.36920264560665e-05,"TPRG1"
11.119379267921,0.0650124001164533,0.0133194519859347,4.88101163509626,1.05543014079746e-06,6.49276669594123e-05,"ENSG00000271155"
56.3620514052623,0.0377337859956629,0.00774147306455763,4.87423849195026,1.0922896963487e-06,6.69577443542661e-05,"SCN11A"
110.33948652557,0.0511312103635411,0.0104950829824923,4.87192054115601,1.10518619468048e-06,6.75097538919608e-05,"IER3"
23.8999258444045,0.0497576779564506,0.0102216881158274,4.86785327360997,1.12817039475946e-06,6.86719298536391e-05,"HAR1A"
53.2609311141895,0.0294174618187094,0.00604623658796449,4.86541692352349,1.14215779969948e-06,6.92802570251277e-05,"ENSG00000267764"
259.001500573138,0.0126265776690704,0.00259705217097009,4.86188834025385,1.16271207466813e-06,7.01422868508822e-05,"TMEM192"
4390.86004811311,-0.00797706599637407,0.00164083419186539,-4.86159176589642,1.16445576510572e-06,7.01422868508822e-05,"HNRNPK"
1653.3986308323,0.0107671151946153,0.00221545828457017,4.85999455264138,1.17388982880555e-06,7.04658849485077e-05,"ICAM3"
81.4063324499784,0.0773525957690452,0.0159331554637542,4.85481962094777,1.20496374479219e-06,7.2081762222948e-05,"FRMD4B"
229.932278034848,0.0143600925132263,0.00296399415022964,4.84484509259699,1.26710501201457e-06,7.55386176921951e-05,"ZNF43"
36.5354347293455,0.0391368495048948,0.00808640499009249,4.83983297310059,1.29948297143621e-06,7.72035294125867e-05,"MAPRE3"
24.8603248188842,-0.0702916698830299,0.0145303774480919,-4.83756668635337,1.31438293367435e-06,7.78222359501111e-05,"H2AC14"
2433.85621320652,-0.0261314195548295,0.0054053854442033,-4.83433046996725,1.33594497697479e-06,7.85758052394119e-05,"LYST"
13.1554940737377,-0.07049147996793,0.0145815366102846,-4.83429708760676,1.33616915757589e-06,7.85758052394119e-05,"ENSG00000247134"
7.25733373333768,0.0735720549782442,0.0152248178581419,4.83237669335399,1.34912673048568e-06,7.90697652718432e-05,"TPTE2"
88.5821654525597,0.054904635851463,0.0113778352284385,4.8255783942301,1.39597539850315e-06,8.15400040849586e-05,"BMERB1"
54.8154206492432,0.0580993703691957,0.0120425839595429,4.82449369374388,1.40359358069736e-06,8.1709870597107e-05,"LINC02929"
18.6488251219183,0.0844716615976604,0.0175139238686082,4.8231145819394,1.413337246981e-06,8.19841952666586e-05,"FUT7"
335.538660517549,-0.0222812093920632,0.00462026886874344,-4.82249194257887,1.41775758473585e-06,8.19841952666586e-05,"STAT2"
333.179781435524,-0.0221926541529444,0.00460491902489317,-4.81933646020177,1.44036466043493e-06,8.30147711934391e-05,"JAK3"
143.336287207974,-0.0165071874016726,0.00342909781988925,-4.81385725012817,1.48044577582829e-06,8.47616281157399e-05,"PACC1"
159.344090739519,0.0265028931704861,0.00550509860789549,4.81424494966816,1.47757480360213e-06,8.47616281157399e-05,"ENSG00000290927"
174.136957495257,-0.0129265399291686,0.00268704346649616,-4.81069252892456,1.50408242906049e-06,8.58316512478334e-05,"LIG3"
27.4977930788262,0.0336989071943678,0.00701332672381088,4.80498178987682,1.547655905498e-06,8.80286381920634e-05,"NOXA1"
541.023843829661,-0.0393708270142837,0.00820583268469004,-4.79790760147223,1.60331705075964e-06,9.08965496620203e-05,"LGALS9"
323.719339143761,0.016407808827112,0.00342107962410594,4.79609089233053,1.61791889801949e-06,9.14255929734273e-05,"ANKAR"
41.9404938997554,0.0663178484659514,0.0138316100101312,4.79465864186278,1.62952067724397e-06,9.17822230806119e-05,"CDC14B"
62.6232789089068,0.0294945222405465,0.00615439632646798,4.79243140609916,1.64772115871535e-06,9.2507011849171e-05,"LIN7B"
301.950843955603,0.0149333984312728,0.00311870630838924,4.78833110738973,1.68174012206127e-06,9.4112347217803e-05,"ERG28"
3259.66267932294,0.0127475656340181,0.00266498571725851,4.78335232773092,1.72395556787805e-06,9.61645697477439e-05,"PCED1B-AS1"
3059.30217429056,-0.024117888108073,0.00504401121349529,-4.78148978803723,1.74000843968515e-06,9.64398287912394e-05,"IFI16"
235.222266517357,-0.0282857041190617,0.0059150757722469,-4.78196817896672,1.73587162396831e-06,9.64398287912394e-05,"E2F3"
22.8291434634063,0.033613125619195,0.0070364019557351,4.77703318125512,1.77900427197825e-06,9.79751305088214e-05,"NFYC-AS1"
178.144883008057,0.0655085971747393,0.0137116685483007,4.77758027361723,1.77417231259511e-06,9.79751305088214e-05,"EPB41L4A"
576.602663926151,-0.010280395910654,0.00215508039361611,-4.77030738208519,1.83945006902581e-06,0.000100983480371708,"UBE2R2"
16.0228787310742,0.0547031994802607,0.0114696397149288,4.76939126597493,1.84783449986542e-06,0.000101123763103045,"LUCAT1"
793.110704445117,-0.00859765164644529,0.00180316163613235,-4.76809814170992,1.85973188805323e-06,0.000101454807528136,"LYPLA1"
13.9109447734462,0.0686155307256755,0.0143929989429728,4.76728519174778,1.86724907634529e-06,0.000101545570459054,"TLE2"
127.478111719114,0.0236762729776749,0.00496824775083831,4.7655177771036,1.88369287299202e-06,0.00010211969987708,"PIK3CB"
205.075916301109,-0.0112876103695029,0.00236969121480991,-4.76332540668527,1.90428379582978e-06,0.000102914377850639,"ISOC1"
220.705669811298,0.0162995784584161,0.00342297886024695,4.76181102013587,1.91863313259326e-06,0.000103367849640459,"ETFRF1"
53.452819672581,-0.0332735679044461,0.00698878370734706,-4.76099551764161,1.92640327477465e-06,0.000103465151736194,"DYNC2I2"
30.3859930254004,0.0994548182990482,0.0208990245146302,4.758825859524,1.94722336042711e-06,0.000104260589063857,"RAB11FIP5"
1592.25174996425,-0.0110875765549321,0.00233077730003319,-4.75702957754659,1.96462393083149e-06,0.000104560844085716,"LBR"
467.752811353013,0.0226927677967216,0.00477039205312083,4.75700268322304,1.96488558749963e-06,0.000104560844085716,"HOTAIRM1"
41.9781235788334,0.0513292254859063,0.0108040510815686,4.75092399123072,2.02489241184736e-06,0.000107424567464,"CEBPA"
106.796204910436,-0.0249432233822937,0.00525691534493987,-4.74484022389731,2.08670977640017e-06,0.000110366589027409,"ENG"
594.381760598181,0.00821881048542436,0.00173312088510075,4.74220266807677,2.1140697258768e-06,0.000111473804269029,"CHMP3"
35.8847785229048,0.0352732275909517,0.00744052333475387,4.74069175029588,2.12989768115395e-06,0.000111968075674723,"ENSG00000289410"
72.1852181170528,0.0326824771495133,0.00690871772565783,4.73061405130738,2.23841726314071e-06,0.000117317409912281,"LCDR"
36.2246612217735,0.0487157219826403,0.0103014858005254,4.72899957597919,2.2562885494637e-06,0.000117897872759326,"LINC02901"
300.00218517294,-0.134203306543124,0.0284048520222957,-4.72466135144039,2.30499142125996e-06,0.000119886339972516,"IFI44L"
17.6950451429627,0.0457149605027878,0.00967638999340615,4.7243817719149,2.30816448874916e-06,0.000119886339972516,"ENSG00000288868"
14.3772506740313,0.0471446663353201,0.00998295138742442,4.7225178712889,2.32942613032468e-06,0.000120629505996634,"GSTA4"
64.9111782495792,-0.0586609441204524,0.0124427586395777,-4.71446451865303,2.42347227573852e-06,0.000125126181665214,"GPR183"
1133.2458895342,-0.0441501407649171,0.0093691474768097,-4.71229008553836,2.44948351132641e-06,0.000126093887105313,"ISG15"
649.09319116566,0.0184162896907482,0.00390871264961924,4.7115997878591,2.4577969616812e-06,0.000126147519796584,"PURA"
549.987442766518,-0.0373862292309843,0.00793901022206042,-4.70918013521356,2.4871519230669e-06,0.000126903269298131,"PARP9"
13.4376820682737,0.0525127381135603,0.0111504663383391,4.70946564207844,2.48367075100177e-06,0.000126903269298131,"MACROH2A2"
740.888936559042,-0.0208429050114279,0.00443120251229259,-4.70366789908781,2.5552877275899e-06,0.000129997453073987,"JAK2"
253.462054396297,0.0675921334379459,0.0143775111914204,4.70124018948985,2.58586128906463e-06,0.000130810821112752,"TNFRSF18"
28.7086655908462,-0.0979592284158415,0.0208370640536374,-4.70120109837361,2.58635644694916e-06,0.000130810821112752,"MMP25"
471.06259442509,-0.0122797853323399,0.00261978806906866,-4.68732012231256,2.76805809018621e-06,0.00013959381322253,"TIMM17B"
95.7087585304683,0.033140778394901,0.00707224138120529,4.68603609641686,2.78547157975089e-06,0.000140064814392807,"CBX7"
364.304717241227,-0.0116249358028881,0.00248229385732619,-4.68314247669691,2.82509999181839e-06,0.000141567846063646,"CEP250"
631.022618651371,0.0200637107319469,0.00428467729357929,4.6826655445004,2.83168334010176e-06,0.000141567846063646,"CA5B"
646.951153123476,-0.0114154549270626,0.00243819129098537,-4.68193573214233,2.84178583299226e-06,0.000141664656984913,"SEPTIN11"
127.141630276737,0.0276548908527459,0.00590807363423642,4.68086428247777,2.85668015027492e-06,0.000141678748684553,"COPZ2"
54.0661502105177,0.0408913163398809,0.00873607801667421,4.68074074680117,2.85840223885137e-06,0.000141678748684553,"LINC01422"
1202.05524780046,-0.0138250314939057,0.00295436605526948,-4.67952556835233,2.87539501366292e-06,0.000142114964948787,"DNM2"
18.965423245904,0.0398684755510811,0.00853579538607734,4.67073936848465,3.00117532023548e-06,0.000147910197316605,"NDRG2"
1.57863206407454,0.185350392940454,0.039708823354401,4.66773823253845,3.04533545216571e-06,0.00014923864244116,"PRR16"
8.766707810629,0.0617283786622856,0.0132235533606728,4.66806288587057,3.04052844756998e-06,0.00014923864244116,"ENSG00000287200"
7.43139142519294,-0.0990264565131614,0.0212202680795737,-4.66659780836994,3.06227908190836e-06,0.000149646246515341,"KIF18B"
185.770366777365,0.0711165160513309,0.0152498626528384,4.66342010221936,3.10996963188652e-06,0.000151549868466201,"MYO6"
289.582680512363,-0.0172936200391498,0.00371544907221494,-4.65451677657912,3.24741396819532e-06,0.000156925174151121,"TAF5L"
292.694894646818,-0.0237743186228257,0.00510669172308066,-4.65552257939778,3.23159986700381e-06,0.000156925174151121,"H2AC6"
389.659218571217,-0.0133386306844584,0.00286543447056212,-4.6550115947484,3.23962475630468e-06,0.000156925174151121,"ACSS1"
3.4322355918414,0.090617893079328,0.0194730133973302,4.65351156651244,3.26329289166455e-06,0.000157254458568324,"DNAJC6"
65.4195788267502,0.0419793652390893,0.00904257624366587,4.64241208565921,3.44365178810068e-06,0.000165486069861414,"CARNS1"
471.480944423474,-0.0213079191302377,0.00459188700767748,-4.64034047323281,3.47835607596582e-06,0.000166692047529986,"SINHCAF"
7584.82794731381,-0.0100231384185222,0.00216075522270718,-4.63871997771424,3.50573663049484e-06,0.000167541374836982,"IL2RG"
97.140206011633,0.0311781162697096,0.00672632487428066,4.63523794233087,3.56527134787281e-06,0.000169918481711257,"ZYG11B"
2488.21438486304,0.0160520298864294,0.00346760409749687,4.62914145764702,3.6718488565077e-06,0.000174518449212865,"SNHG6"
19.7862824132783,0.0807739247169734,0.017454141976399,4.62777974570126,3.69606791112832e-06,0.000175189579569,"RAB31"
166.331259866738,0.0137289597466315,0.00297189734330557,4.61959420555259,3.84491278875331e-06,0.000181748084630224,"ZNF251"
35.0866049898211,-0.0387053236758111,0.00837964729277547,-4.61896811685391,3.85653103817187e-06,0.000181801903397298,"CD79A"
4.69494313842302,0.0832783317365843,0.0180461891477713,4.6147322880559,3.93602336569527e-06,0.000185046431837619,"ENSG00000289860"
1166.37833196134,-0.0352728987190133,0.00764509399997191,-4.61379529396799,3.95381852506397e-06,0.000185380658845432,"STAT1"
152.709649023958,-0.0167561821908015,0.00363389730249183,-4.61107752806098,4.00587092005547e-06,0.000187222111498501,"PUS10"
1516.45182503459,-0.0104863661891651,0.00227439341367986,-4.6106210676185,4.01467751195772e-06,0.000187222111498501,"PSMA1"
176.573224416423,0.0207147300463028,0.00449642450723323,4.60693380106345,4.08650026815878e-06,0.000190060607646162,"ZNF737"
267.497881266042,0.0206592185782512,0.00448571743843458,4.60555504482708,4.11367150051117e-06,0.000190628697895686,"CCL28"
2.31474169133475,-0.109153287572216,0.0237021806054041,-4.60520022986109,4.12069182101004e-06,0.000190628697895686,"MRC2"
36.6179441787558,-0.0639052398562054,0.0138843022746397,-4.60269724701479,4.17054267579594e-06,0.000191403635819333,"CDCA7"
713.733266517967,0.0138041544074617,0.00299913735214259,4.60270830797398,4.17032111334524e-06,0.000191403635819333,"GALNT10"
1320.97172243016,-0.00775754806279366,0.00168509299751624,-4.60363200976325,4.15185816061803e-06,0.000191403635819333,"DDX39B"
6.62879844150678,0.0761944671537652,0.0165623693584369,4.60045694579029,4.2156514992445e-06,0.000192963383136923,"ENSG00000285517"
550.842418576921,-0.0134089716904515,0.00291679109943533,-4.5971655951115,4.28277228512326e-06,0.000195371568767466,"VAV1"
611.288275045309,-0.0138872094768662,0.00302107602356991,-4.59677590650505,4.2907867016604e-06,0.000195371568767466,"TRIM28"
512.73281048542,0.0142712301901295,0.0031058427038337,4.59496231812182,4.32827477840796e-06,0.000196562593863407,"ACBD5"
46.7742024564277,0.052177100877769,0.0113658825776981,4.59067745254993,4.41809647061179e-06,0.00020011785266886,"ENSG00000290013"
593.363310152733,-0.0201346626741452,0.0043874185868189,-4.58918206132318,4.44986198826856e-06,0.000201031785865841,"CERS6"
36.9501280693756,0.0325001925499556,0.00709012736178472,4.58386583083533,4.56457188947465e-06,0.00020567842373664,"PPP1R21-DT"
1275.35190202032,-0.00981205283363968,0.00214517149538233,-4.57401790708154,4.78458919703536e-06,0.000215033817072978,"PPM1G"
8.04181741042697,0.0637756329110087,0.0139471939830876,4.57264973788586,4.81594825404851e-06,0.000215883902613007,"ENSG00000258077"
362.952722258749,-0.0124580554358338,0.00272700366873725,-4.56840435480694,4.91451238965747e-06,0.000219734435401489,"BRD3"
4588.7404766687,0.0102993614901567,0.00225561555659092,4.5660979150733,4.96886742398695e-06,0.000221593604296467,"PFDN5"
16.533737052499,0.0601824002864117,0.013185996352035,4.56411473806631,5.0160641571692e-06,0.00022312482307326,"MUC12"
114.422678077647,0.0557284878735988,0.0122274377176402,4.55765869845329,5.17270034364621e-06,0.000229145759980085,"RASGRF2"
22551.5930921276,0.0161751580208626,0.0035491684182057,4.55745011645293,5.1778382471866e-06,0.000229145759980085,"RPS14"
33.2252033858399,0.0441588668787476,0.00970131751928991,4.5518422411124,5.31782056192111e-06,0.000234572531605914,"ZNF300"
379.640351952142,-0.00874899718552024,0.00192223994235572,-4.55145946806114,5.32750619395492e-06,0.000234572531605914,"ZC3H14"
332.80522787004,0.0190143860582998,0.00417837851732573,4.55066145382862,5.34775336783492e-06,0.000234867912468861,"SGK3"
157.851634632812,-0.0267482319331687,0.00589340418587608,-4.53867257183421,5.6609457052523e-06,0.000247995166905851,"CKS1B"
7.35813362009141,0.0664210742819589,0.0146376479848446,4.53768763606895,5.68744191823702e-06,0.000248528318381803,"SNED1-AS1"
5.89556136657107,0.0767161591846716,0.0169280137854082,4.53190552401369,5.84539933321144e-06,0.000254788913649628,"ENSG00000289391"
11.8622125041791,0.0401543992340323,0.00886148557643608,4.53133945631063,5.86108702870033e-06,0.00025483242549848,"MALINC1"
642.996063598991,0.0246179467470321,0.00543478205891865,4.52970265967396,5.90667536577438e-06,0.000256172510613635,"ZFYVE28"
24.4104051173495,0.0343424745293966,0.00758617532031763,4.52698139435548,5.9832205668339e-06,0.000257560571695867,"ENSG00000289370"
5.20455544620619,-0.0955125187719383,0.0210955165925992,-4.52762170353516,5.96512466029145e-06,0.000257560571695867,"GPR15"
13.8350911965792,0.0767236988220178,0.0169478433403455,4.52704791289709,5.98133823033664e-06,0.000257560571695867,"ZNF208"
44.2049952774092,-0.0461875888588075,0.0102048628048303,-4.52603721795706,6.01000000638945e-06,0.000258072970571397,"CNTLN"
163.938707617136,0.0195177847020258,0.00431642037072448,4.5217525230866,6.13297377094467e-06,0.00026270328142802,"YPEL2"
35.7174751437507,0.0358692301693145,0.00794025533965149,4.51739001266033,6.26065286840227e-06,0.000267035508145377,"PTPDC1"
244.943414395835,-0.0503666355514551,0.0111498534180776,-4.51724643032473,6.26489807558039e-06,0.000267035508145377,"TYMP"
22.9017986258412,-0.0522862302289288,0.0115852727794741,-4.51316349853803,6.38677479552741e-06,0.000271563159688258,"MAGI3"
1135.64332742386,-0.0126740545149212,0.00281094471770606,-4.50882382534514,6.51880114547771e-06,0.000276499174258551,"MIS18BP1"
8.99507783383109,-0.07754113905263,0.0172018440407773,-4.50772247840506,6.55272066676159e-06,0.000277259995431659,"CD9"
8.03516610731933,0.0477173319204432,0.0105904970211616,4.50567445749675,6.61624550328977e-06,0.000278169429660159,"PRDM10-DT"
4509.26874892858,-0.0120344365466627,0.00267082766223232,-4.50588284554616,6.60975496611587e-06,0.000278169429660159,"LIMD2"
36.0796901757841,0.045947223507288,0.0101980758818629,4.50547966494389,6.62231810293092e-06,0.000278169429660159,"CD40"
76.3752865331908,0.0232832558177007,0.00517413501459764,4.49993201801119,6.79751979492392e-06,0.000284839066189227,"KIFC2"
6.35595637156268,0.0847713382015724,0.0188435630880592,4.49868943603826,6.83736545071171e-06,0.000285818351419149,"SLC45A1"
864.632838478416,0.0147795872709931,0.00328622883885085,4.49743094463298,6.87794894514128e-06,0.000286823697837286,"PEBP1"
110.034317301655,0.0445129995637823,0.00990081038833011,4.49589455992905,6.92780625902347e-06,0.000287520533448658,"NCKAP1"
671.234574754131,-0.0223764569356645,0.00497672591166664,-4.49622047362678,6.91720121191908e-06,0.000287520533448658,"ASAP1"
117.828586658299,0.0290419758258168,0.00646169506018982,4.49448257079523,6.97393149070301e-06,0.000288484382439779,"ENSG00000289312"
252.176712138504,0.0405380527475027,0.00902014879870961,4.49416674293687,6.98428871482056e-06,0.000288484382439779,"FEZ1"
648.452849055151,-0.0110419475011517,0.00245837111037611,-4.4915706398219,7.06998432257838e-06,0.000290153565499561,"IMMT"
260.387372155208,-0.016789758412212,0.00373753263170288,-4.49220383249531,7.04899080858148e-06,0.000290153565499561,"CRELD1"
1017.49022150044,0.0157308957350109,0.00350242997285761,4.49142334234199,7.0748765394463e-06,0.000290153565499561,"CPQ"
808.729148129717,-0.0149571488222484,0.00333167687371132,-4.48937558749115,7.14322526209609e-06,0.000292265735487837,"SMC4"
10.1482562525421,-0.0674127605668968,0.0150186572568559,-4.48860103895929,7.16924191129778e-06,0.000292640020416927,"ENSG00000268119"
28554.8396205292,0.0143413696119097,0.00319741250165173,4.48530479082733,7.28097797641595e-06,0.000296503300316582,"RPS27A"
126.457207922592,0.0210803496921416,0.00470076724354594,4.48444872931848,7.31026799991573e-06,0.000296608458698361,"KIF9"
5.96210580532454,0.0541689142532894,0.0120798685973805,4.4842304215988,7.31775537946152e-06,0.000296608458698361,"RSPH4A"
6.34928321414281,0.138349848857604,0.0308567767304769,4.48361311571982,7.33896705300586e-06,0.000296774826190083,"TMC2"
45.1744180942556,-0.0494918840124386,0.0110444723892439,-4.4811451618674,7.42435902452165e-06,0.000299529721761399,"FAR2"
106.183128678398,0.0181271667342078,0.00404749355805623,4.47861533914665,7.51287738472872e-06,0.000301000916559524,"CLCN6"
52.0796076440041,-0.0375072286770256,0.00837301454529004,-4.47953702625824,7.48051137843849e-06,0.000301000916559524,"RTKN"
3.17936809188587,0.079581207397832,0.0177681944789738,4.47885729143754,7.50436803911476e-06,0.000301000916559524,"AZU1"
4.30881296311098,0.0860596770362311,0.0192303678276256,4.47519661649951,7.63410281811035e-06,0.000305153031540503,"CDH13"
195.3051458091,0.0175292472870552,0.00392462355793066,4.46647863885776,7.95175978479113e-06,0.00031711983619898,"CCNB1IP1"
366.909533127116,-0.0338603013696725,0.00758602141491072,-4.46351249458884,8.06268944681699e-06,0.000320806276429773,"GNAQ"
10.1517683490807,0.0464352637587112,0.0104131933024423,4.45927223379404,8.22384131955971e-06,0.000326409610128125,"CORO6"
2311.72274968608,0.0285636804161177,0.00640610519842934,4.45882162895498,8.24114648582653e-06,0.000326409610128125,"PLCB1"
400.740925294297,-0.0398706659350845,0.00894705003823104,-4.45629182408904,8.33894999170163e-06,0.000329530989649294,"WAKMAR2"
79.946760248698,-0.0348390979792769,0.0078208213257688,-4.45465975095041,8.40263442272909e-06,0.00033129295901251,"DENND5A"
8.81939240455455,-0.0806681058490284,0.018113953649652,-4.45336823805875,8.45335920018291e-06,0.000332537132437127,"WNT3"
18.7301152453726,-0.0438949774909759,0.00987010187800685,-4.44726691107266,8.69697475868488e-06,0.000341346421071641,"SPAG5"
486.969398216738,0.0156197727977318,0.00351394246264142,4.44508496191779,8.78571391906742e-06,0.00034405093694804,"BICRAL"
10.7116252459754,-0.0747961793832663,0.016831851315783,-4.44372861784554,8.84131138835047e-06,0.000345448355777261,"MOV10L1"
24.6476004030897,0.068796376938949,0.0154925786691194,4.44060207201512,8.97075420146343e-06,0.000349718300869635,"DGKH"
38.8950728427409,-0.04358789983409,0.0098215881966416,-4.43796858119082,9.08118706664015e-06,0.000353229670923931,"BEX3"
79.138814220217,-0.0397579155604629,0.00896035444602939,-4.43709183603567,9.1182398588395e-06,0.000353877461009279,"GSEC"
8.60102313184864,0.0763741582054398,0.0172154635346191,4.43636954949581,9.14887343422305e-06,0.000354273786466298,"LINC02614"
32.6977353765994,0.0284626551374262,0.00641735594733043,4.43526202551791,9.19603674058561e-06,0.000355307005291045,"ENSG00000273565"
80.6574019972076,0.0492396675384192,0.0111040313994186,4.43439556024648,9.23309655927259e-06,0.000355946131356135,"PRKN"
302.605135659666,0.0143471024307753,0.00323679712109403,4.43249975022407,9.31468104702707e-06,0.000358295092691409,"PEX1"
1128.58713943392,-0.0288930106652588,0.00651916522438579,-4.43201079751449,9.33583414734925e-06,0.000358314271655343,"IRF9"
1842.75518684198,-0.0445644879582132,0.0100598700209325,-4.42992681470871,9.42650728716384e-06,0.000360995691871343,"KLRC1"
12.9612695132778,-0.102463209566953,0.0231335923423466,-4.42919577948088,9.45851315796405e-06,0.000361423538027225,"SMAD1"
994.76654585157,0.0159618861857036,0.00360775414996767,4.42432757948504,9.67431322060578e-06,0.000368857111540811,"CDKN1B"
702.308806779891,-0.0136560943263801,0.0030895215862103,-4.42013235555057,9.86404674603206e-06,0.00037526640997843,"TBC1D1"
21.4195565870513,-0.0588551741567551,0.0133179840094813,-4.41922547097633,9.90552622798761e-06,0.000376019844645797,"KIF4A"
147.008599088824,0.0188250288554138,0.00426413913602453,4.41473138068482,1.01135492673687e-05,0.000383078280983214,"PCYOX1"
360.322444396996,-0.038608935762097,0.00875130455864581,-4.41179203664596,1.02518558511523e-05,0.000387218880705692,"MIR181A1HG"
775.354686181579,0.00888596136871962,0.00201428952693308,4.41146183302121,1.0267505483319e-05,0.000387218880705692,"DDX50"
1355.74831828539,-0.016106973362467,0.00365745800951853,-4.40387102751381,1.06336175499234e-05,0.000400156176260458,"CARD16"
17.2986021560716,0.0477910179841679,0.0108546619126277,4.40281036561539,1.06857563068959e-05,0.000401247836389676,"CERNA1"
135.485386134849,-0.0158429594091832,0.00359936104315119,-4.40160328993084,1.07453892697207e-05,0.000402615578944091,"UBFD1"
1016.85578483578,-0.0127116918168753,0.00289063665380902,-4.39754052109073,1.09484449189193e-05,0.000409339703563387,"DENND1B"
46.977862905965,-0.0497449920658116,0.0113249409613981,-4.39251667936911,1.1204603111361e-05,0.000415146698392218,"KIFC1"
690.69320072906,-0.0129148394303744,0.00293943698514245,-4.3936439174077,1.11466338236991e-05,0.000415146698392218,"GTF2I"
22.3186632812424,-0.0517910501505293,0.0117917251717424,-4.39215207242457,1.12234148919731e-05,0.000415146698392218,"PLAG1"
258.405288545,-0.0138636227390564,0.00315576456617527,-4.39311059121842,1.11740248518016e-05,0.000415146698392218,"EMC8"
423.432712125287,-0.0149502119208093,0.00340326584474551,-4.39290158419205,1.11847767314112e-05,0.000415146698392218,"CNDP2"
8.92434948582515,0.0802676730581259,0.0182902424502534,4.3885516157832,1.14108054718602e-05,0.000421180113459215,"CYP4F35P"
2.52741202174945,0.17978305778937,0.0409721579483109,4.38793236168274,1.14433349283448e-05,0.000421484021946762,"DUXAP8"
1944.66521664684,-0.0120446373428878,0.00274543547613965,-4.38715003414458,1.14845572134058e-05,0.000422106140970686,"OGT"
19.8111359064362,0.0361379515374263,0.00824306835163744,4.38404123268585,1.16497708306866e-05,0.000427273201629496,"LIPT2"
55.8066849024284,0.0281967303273603,0.00643796852895683,4.37975585008476,1.18812351088222e-05,0.000433927719300732,"ABCA3"
54.1439116416573,0.0500412474165882,0.0114245607377686,4.38014629754266,1.18599656593354e-05,0.000433927719300732,"ARHGAP8"
15.8701558039117,0.0348516251368985,0.00796845781181711,4.3736976413697,1.22159545296519e-05,0.000445215082311765,"ENSG00000253653"
10.5411041427227,0.0826314875576675,0.0189029625901947,4.37135116590296,1.23480008711343e-05,0.000447661750439328,"FKBP1B"
19.5500543306597,-0.0815346763375923,0.0186505039023296,-4.37171439252147,1.23274718091717e-05,0.000447661750439328,"AURKB"
156.421115610157,-0.0174115897031419,0.00398331521092101,-4.37113027244362,1.23605014099861e-05,0.000447661750439328,"ABCA7"
5.68187820116249,-0.0958917424387785,0.0219580487890894,-4.36704296268918,1.25939962206516e-05,0.000454717448022868,"ENSG00000227863"
44.8551620922563,0.0447800354218932,0.0102555730581961,4.36640986981276,1.26305370981897e-05,0.000454717448022868,"CORO2A"
303.836272623403,0.0126472399286908,0.0028965240211904,4.36635078327197,1.26339526139626e-05,0.000454717448022868,"TMEM203"
17.3810463024425,0.0835156481491299,0.0191359277318156,4.36433756019448,1.27508555921723e-05,0.000457974829840591,"GLB1L2"
2412.107723948,-0.0136715528804614,0.0031337513906308,-4.36267947780933,1.28479107757019e-05,0.000460507347390241,"IRF1-AS1"
634.314895028867,-0.0115275273793136,0.00264502767978356,-4.35818780552681,1.31143826377071e-05,0.000469089298966891,"MARK2"
367.123002092992,0.0265266070835715,0.00608845887243885,4.35686725316512,1.31937230437419e-05,0.000470797553570079,"PRDX1"
84.8233275121402,0.0404450116608879,0.0092838507901244,4.35649091903878,1.32164173731052e-05,0.000470797553570079,"GOLGA8N"
24251.1562474058,0.0143822048370121,0.00330399646538034,4.35297222249191,1.3430417277361e-05,0.000476463965087236,"RPL34"
15209.2701612434,0.014762014087961,0.00339105278657788,4.35322450490611,1.34149646283885e-05,0.000476463965087236,"RPS10"
69.2272745176904,-0.06617774416756,0.0152094453097851,-4.35109517932149,1.35459230986106e-05,0.00047958096717285,"H3C2"
2109.65564950656,-0.0100142026743926,0.00230195379916588,-4.35030567425866,1.35947886919688e-05,0.000480330741809112,"SETX"
290.014626264841,0.0186824416314854,0.00429564087641091,4.34916283017935,1.36658218022295e-05,0.000481859098831457,"NT5DC1"
43.8337396156995,-0.0358839198743713,0.00825430491566511,-4.34729759089351,1.3782516157383e-05,0.000484988012775418,"ECT2"
43.4739769495004,-0.0576095786581992,0.0132664551252476,-4.34249979473125,1.40870617199497e-05,0.000494701106715968,"SMCO4"
138.550294133722,0.0750709654679247,0.0172895680461897,4.34198039345865,1.41204136738722e-05,0.000494870578614819,"MIAT"
159.134323956308,-0.0170552298408143,0.00392890431542039,-4.34096340139283,1.41859352943561e-05,0.000496164527190505,"HDGFL2"
1687.34836171274,-0.041396302004924,0.00953992286171955,-4.33927009735406,1.42956733605754e-05,0.000498996662895901,"XAF1"
8.55100080008057,0.0485252620235577,0.0111840056660569,4.33880878394315,1.43257097645788e-05,0.000499040989951633,"CYP51A1-AS1"
292.242803269785,-0.0479760686950241,0.0110592810109364,-4.33808207310955,1.43731484761788e-05,0.000499690139809118,"H1-5"
398.332424285327,0.0116050122285943,0.00267581073997384,4.33700786652341,1.44435457268138e-05,0.00050113326253753,"ZDHHC6"
69.8416684040408,0.0301293768311817,0.00695070686174229,4.33472126367725,1.45944928446524e-05,0.000505359804129799,"HABP4"
390.75214378134,-0.0204254394351232,0.00471386675799057,-4.33305404750773,1.47054989752431e-05,0.000508189235503022,"TOGARAM2"
170.411237288654,-0.0202787369362069,0.00468073870703699,-4.33237961044909,1.47506324885242e-05,0.000508735531632042,"TACC3"
78.055679724452,-0.0409206609083331,0.00945406533921967,-4.32836662748416,1.50219257247987e-05,0.000517064221178189,"NREP"
225.94261437547,-0.0184707645555875,0.00426825879213083,-4.32747062798561,1.50831451502577e-05,0.00051814337042905,"ACOT7"
7.52910144513054,-0.0812138586966555,0.0187808039847414,-4.32430149223847,1.5301591496866e-05,0.000524587762184994,"ZDHHC11B"
31.4364205746064,0.166445257762326,0.0384944657885317,4.32387498703551,1.53312194735873e-05,0.000524587762184994,"FMN1"
262.043098528789,0.0217879622133918,0.00504343169075553,4.32006688091533,1.55981919303843e-05,0.000531459676707973,"TRIM52-AS1"
38.3914756752318,-0.0272810406263821,0.00631549042074432,-4.31970263730792,1.5623958676566e-05,0.000531459676707973,"LZTS2"
24.9359887340188,-0.0459678694793532,0.0106408019096945,-4.31996290030295,1.56055434281423e-05,0.000531459676707973,"BTBD3"
72.2371298332348,0.021666060618523,0.00501917572927795,4.31665711406361,1.58409939800968e-05,0.000537787795629587,"SPAG6"
113.143774091691,0.0550937461213326,0.0127650790620458,4.31597374787455,1.58900864511223e-05,0.000538400819832167,"NEO1"
5.43074867285207,-0.0709116424186439,0.0164394155755366,-4.31351358524978,1.60680261369757e-05,0.000543368649949814,"ENSG00000286147"
22159.5908733226,0.0137911769561779,0.00319779013477406,4.31272109017008,1.61257493905015e-05,0.000544259728456068,"RPL21"
303.460865067481,0.0195506049355632,0.0045337456569728,4.31224122718371,1.61607973656448e-05,0.000544383519804283,"NENF"
1305.7951362661,0.00890987084400567,0.00206848199750215,4.30744422951954,1.65151718147473e-05,0.000555242636903557,"TOMM6"
9.14111625117264,0.0788516457721508,0.0183224933694353,4.3035434196793,1.68087887481757e-05,0.000562932176068246,"ENSG00000291254"
2.40586213675618,-0.11152297745692,0.0259135490393927,-4.30365509901353,1.68003138187956e-05,0.000562932176068246,"FLT1"
522.964725372613,-0.0155663334198129,0.00361794877785848,-4.3025300731391,1.68858742789036e-05,0.000564424175318727,"PREP"
63.168984873849,0.0347770428973476,0.00808642106701303,4.30067178163821,1.70281111781801e-05,0.000566993613664238,"FAM135A"
76.4779890021332,0.0178072262677087,0.00414027331057247,4.30097844561053,1.70045601786763e-05,0.000566993613664238,"DMPK"
135.601897255622,-0.0582920351816974,0.0135576763260027,-4.29955943629494,1.7113797541338e-05,0.000568755095301018,"CENPF"
34.2306043891126,0.0662387070969402,0.0154124058479334,4.29775258648682,1.72538594769798e-05,0.000571221286653902,"CASC8"
355.59459018939,-0.0100507435019666,0.00233851068321654,-4.29792498879763,1.72404483385517e-05,0.000571221286653902,"RBM10"
451.351966893273,-0.0147506756515802,0.00343275530793796,-4.29703673240867,1.73096520195352e-05,0.000571976844256947,"SMC6"
206.187146095821,-0.0188689730372812,0.00439188258487804,-4.29632911914589,1.73649712122538e-05,0.000572713917471823,"SLC37A1"
69.9948382445491,-0.042434571642015,0.00987965667034053,-4.29514638594748,1.74578102143932e-05,0.00057468328576716,"NUDT11"
19.4667883677484,-0.0707994881941298,0.0164869563390588,-4.29427280197258,1.75266859187406e-05,0.00057585785476953,"FOXM1"
78.5193886779615,0.0191598905224103,0.0044628252094807,4.29322001715585,1.7610034347293e-05,0.000576935835795639,"ENSG00000271380"
416.206372321527,-0.0275932895405337,0.00642747933157403,-4.2930187896499,1.76260083566802e-05,0.000576935835795639,"GOLIM4"
15.2774542945118,0.0875056144457859,0.0203939155985297,4.29077064789336,1.78054135189404e-05,0.00058171057198979,"C12orf42"
200.150853056103,0.0163762154731024,0.00381778224472063,4.2894577069575,1.79109915423508e-05,0.000582964129975051,"TRIM23"
1583.01297174674,0.0175560083332561,0.00409249320107573,4.28980757466902,1.78827993510755e-05,0.000582964129975051,"C12orf57"
1193.54898679942,0.00736729885934183,0.00171802509260787,4.28823705255589,1.80096833037166e-05,0.000585078625379916,"RAD23A"
8.94216475784268,-0.0664768143356094,0.0155069961463877,-4.28689178149405,1.81190505801559e-05,0.00058753138217672,"BCL7A"
746.100529867632,0.00938540930951854,0.00218984489484379,4.28587857140815,1.8201839530422e-05,0.000588539748016295,"CFAP97"
5.70165449416135,0.0948470022425267,0.0221311374338627,4.28568131782517,1.82179988866008e-05,0.000588539748016295,"ENSG00000271717"
69.6015896883894,0.0223225887748167,0.00521032496439541,4.28429875820748,1.83316447727025e-05,0.000591110359696734,"LYRM9"
446.782209670775,0.0112738674926859,0.00263203199776388,4.28333223238318,1.84114935866086e-05,0.000592583656290325,"ZNF506"
17.8370363983635,0.0361698748616825,0.00844573127774357,4.28262203380758,1.8470377170742e-05,0.000593120939771109,"ENSG00000223725"
569.417129339605,-0.0120266584092942,0.00280845320089823,-4.28230686039124,1.84965660834776e-05,0.000593120939771109,"CD2BP2"
9.67108982379285,-0.0521637221597005,0.0121898445227714,-4.27927707053649,1.8750133357448e-05,0.000600142644806289,"TP53I3"
17.3752258621343,0.0406044018064597,0.00949086129280704,4.27826311582839,1.88357296036325e-05,0.00060066587713937,"MGLL"
17.7770415362267,0.0340959284507683,0.00796894214060856,4.27860158213729,1.88071155814616e-05,0.00060066587713937,"CDNF"
116.94273116539,0.0348226257044875,0.00814547937679123,4.27508610527048,1.91063438314102e-05,0.000608177711536339,"TCF7L2"
746.355855100573,-0.0259658426248699,0.00607540439559247,-4.27392827442192,1.92058841335172e-05,0.000610226516388749,"AGK"
12.5121086939235,0.0661107313437351,0.0154720118654312,4.27292403332789,1.92926199156191e-05,0.000611269410038469,"ENSG00000291112"
34.4974036048944,0.0283240943151357,0.00662903477666592,4.27273279887383,1.93091789659373e-05,0.000611269410038469,"ENSG00000289537"
36.0282433280459,0.0248098161962887,0.00580889401392103,4.27100514088085,1.94593921981392e-05,0.000614902615397667,"PNISR-AS1"
107.26906428195,-0.030833144529052,0.00722172514900047,-4.26949847756522,1.959129866136e-05,0.000617945180322316,"SCO2"
110.938673310951,0.0210580176576466,0.00493521815927409,4.2668868888957,1.98219595066477e-05,0.000624085941055035,"STX18-AS1"
76.3266756460261,0.0214394997529061,0.00502580281582531,4.26588557859795,1.99110812748131e-05,0.000625756228180176,"SGMS1-AS1"
55.24868406911,-0.05199713041798,0.0121914205888592,-4.26505918969739,1.99849214211701e-05,0.000626941079230486,"H3C7"
63.840172419178,-0.0612671888125185,0.0143706588679402,-4.26335280626559,2.01382174793037e-05,0.00063060974157213,"CAMK4"
396.857776834003,-0.0388670648489434,0.00911762092148315,-4.2628515907438,2.018345741005e-05,0.000630887602071255,"OAS2"
191.11594430749,-0.0218818790577316,0.00514134110124897,-4.25606444443376,2.08056759504624e-05,0.000649167025878816,"INTS7"
3.56423615849443,0.0861822023409008,0.0202785299400951,4.24992356918831,2.13843470829524e-05,0.000666024512019854,"MOCS1"
1533.58657972255,-0.0166426061049001,0.00391937373412154,-4.24624116858564,2.17386640172454e-05,0.00067484886248754,"SAMD9"
73.6960498011777,0.0313959923461622,0.00739395394688609,4.24617093529294,2.17454757972409e-05,0.00067484886248754,"ENSG00000285679"
68.7631548592128,0.0276296584292443,0.0065104447877232,4.2438972036666,2.19671010968336e-05,0.00068050941040691,"ZNF337-AS1"
69.3320108765647,0.0209556572614596,0.00494058508302596,4.24153352473487,2.21997721359627e-05,0.000686491349402283,"SNHG10"
17.9106597702496,0.0325866583621444,0.00768350851047911,4.24111697380192,2.22410180830796e-05,0.000686543027945311,"ENSG00000261840"
54.1237200941355,0.0369144437948826,0.00871763086293591,4.23445823472854,2.29103357491107e-05,0.00070433266059643,"AFAP1"
92.3172596865096,-0.0510449535470665,0.012055463377263,-4.2341759872407,2.29391257342047e-05,0.00070433266059643,"PTK2"
37.6166472214077,-0.0248388053641574,0.00586517527246841,-4.2349638689832,2.28588456853996e-05,0.00070433266059643,"C16orf86"
21.4944765800203,-0.0481304995149213,0.0113703385126628,-4.23298738743089,2.30607442509464e-05,0.000706815885627947,"USP6NL"
259.016159857049,-0.0413334746243858,0.00977256106390205,-4.22954375563471,2.34165731726256e-05,0.000714654420665962,"PALM2AKAP2"
230.416405908928,0.0218240423056954,0.00516017991594805,4.22931809765896,2.34400717868879e-05,0.000714654420665962,"ENSG00000237356"
15.7232210134273,0.0363469894479663,0.00859363947591496,4.22952225885604,2.34188107467331e-05,0.000714654420665962,"DLG4"
30.9182023230925,-0.0465095447934573,0.0110010624629297,-4.2277320895305,2.36058629577082e-05,0.000718446509807583,"CENPW"
533.627914019025,-0.0167395181995896,0.00396327302805595,-4.22366011150148,2.40366465972663e-05,0.00073027626124234,"SUPT3H"
50.438857325384,0.0253845857538683,0.0060121915308121,4.22218514226866,2.41945242061188e-05,0.00073378777260096,"THBS3"
17.8189178506121,-0.0608660123317517,0.0144203152260659,-4.22085172047637,2.43380995486908e-05,0.00073685401565565,"SKA3"
27.2638740958081,-0.0536386593155519,0.0127096295031365,-4.22031651688311,2.43959549142148e-05,0.000737318860368987,"H3C3"
33.6905463778175,0.0365106881979673,0.00866234997823335,4.21487105574248,2.49920938287058e-05,0.000752713270382617,"GPR160"
27561.6317423024,0.0141627618317541,0.0033600273731331,4.21507334880663,2.49697022244055e-05,0.000752713270382617,"RPLP2"
31.6754395209341,0.0409423994541082,0.0097165597950914,4.21367236115723,2.51251684870224e-05,0.000755409745082956,"SERPINB8"
496.695013168923,-0.0243848513909383,0.00578924531600329,-4.21209502446389,2.53013058610125e-05,0.000759389366914955,"H3C4"
1073.37626716809,-0.0116974937275479,0.00277856500444714,-4.20990464820001,2.5547848776709e-05,0.000765464733295938,"ANKIB1"
13.7520063253663,-0.0746820333060353,0.0177475986258154,-4.20800779196144,2.57631985124742e-05,0.000769259841298454,"SLC6A4"
182.005187494325,0.0212444317757575,0.00504831589044138,4.20822156077481,2.57388433335659e-05,0.000769259841298454,"ZNF699"
56.8346481621123,-0.0221852327049962,0.0052760974327054,-4.20485652282967,2.61247829667541e-05,0.000775580074266365,"FANCG"
25.5754932172755,0.0367919388571217,0.00875038851090253,4.2046063224828,2.61536974547973e-05,0.000775580074266365,"TMEM72-AS1"
100.999829410464,0.0179758208289339,0.00427462405066409,4.20524018390373,2.60805040898154e-05,0.000775580074266365,"DNHD1"
23.7609177698729,-0.0538782425505144,0.0128121741855904,-4.2052380626475,2.60807487107083e-05,0.000775580074266365,"TBC1D4"
17.3292095105601,-0.0626207375904021,0.0148971772474547,-4.20353041050789,2.62783827900026e-05,0.000777947755360008,"MELK"
121.389441541758,0.0633569776401644,0.0150758412410904,4.20255006848174,2.63924847555611e-05,0.000779994592060434,"MYO1E"
24.5248797414,0.0263373955004614,0.00626791133383949,4.20194130032916,2.64635762200988e-05,0.00078076551065693,"EGFL8"
34.8175388192569,0.0253255076068083,0.00602927974816633,4.20042006087218,2.66420223370868e-05,0.000784695761466522,"HIF1A-AS3"
3.8326084006558,-0.0879228783451366,0.0209347971989297,-4.19984380596873,2.67099171834329e-05,0.000785362107285076,"HASPIN"
57.4135614411153,-0.0517514009609154,0.0123329299869003,-4.19619676880387,2.71434451699935e-05,0.000796758860929015,"KIF19"
190.561114614209,-0.0149275534912281,0.0035578187899438,-4.19570370852527,2.72025667692559e-05,0.000796878243304383,"YWHAG"
119.865862703495,0.0220075371757978,0.00524563853275297,4.19539719299873,2.7239381962157e-05,0.000796878243304383,"ZMAT1"
1103.37200609142,-0.0085534676597428,0.00203941697888391,-4.1940749480392,2.73987388209953e-05,0.000797938877352376,"NRDC"
3.44855458797802,0.0952728539845912,0.0227167260028184,4.19395180329995,2.74136252537477e-05,0.000797938877352376,"ENSG00000249856"
43.5867531340746,0.0744736702209245,0.0177557428335537,4.19434269346303,2.73663987587827e-05,0.000797938877352376,"FXYD7"
1391.56808812291,-0.0163617009190606,0.00390350983118061,-4.19153572724885,2.77072544854607e-05,0.000805134758482029,"PARP14"
15390.1666571505,0.0131917541674068,0.00314821670987934,4.19023065534534,2.78671031557484e-05,0.0008084255945584,"RPL14"
2302.38187059795,-0.0157487059519864,0.00376131035007468,-4.18702645786029,2.82632889801036e-05,0.000817185895378061,"ADGRG1"
6.9109273300295,0.0669614498904219,0.0159913677659907,4.18734975458639,2.82230730801751e-05,0.000817185895378061,"LINC01730"
73.8028154534409,0.0257896812119017,0.00616256065906285,4.18489693468163,2.85295515058044e-05,0.000823511912683352,"APRG1"
15.2896382495716,0.042497754374902,0.0101634383014883,4.18143477770497,2.89675348811237e-05,0.000834765440394907,"ENSG00000289285"
22.5497164679323,0.0388866805047095,0.00930257624554432,4.1802055127831,2.91245760613961e-05,0.000837899080452902,"CAGE1"
14.6854121670007,0.0337129191024898,0.00806849538389331,4.17834026029054,2.93644124774027e-05,0.000841469189360309,"LINC00471"
38.1555286144771,-0.0496384746134029,0.0118790393561473,-4.17866067492362,2.93230800729697e-05,0.000841469189360309,"KIF15"
84.5501032003467,-0.0670868826370249,0.0160567546344091,-4.17810972170303,2.93941854249681e-05,0.000841469189360309,"DLL1"
54.9599374550897,0.0320226908678538,0.00766555850686143,4.17747654514545,2.94761048197646e-05,0.000842424162130605,"CITED4"
35.8521417755375,0.0589138399571254,0.0141114678390024,4.17489099144561,2.98128774563272e-05,0.000850647694263756,"ERRFI1"
439.914239921441,0.0148672696161612,0.00356263003580537,4.17311634010303,3.00461417308638e-05,0.000854193914520063,"OGDH"
26095.6835135003,0.0136102226635393,0.00326144909262906,4.17305997334089,3.00535790556149e-05,0.000854193914520063,"RPL13"
91.2549927672801,-0.0801308315461046,0.0192030271801815,-4.17282289892313,3.00848790507124e-05,0.000854193914520063,"P2RX5"
19.3663335451094,-0.0440344514110095,0.0105537164192258,-4.17241184638915,3.01392221261604e-05,0.000854338603667698,"HACD1"
503.305806213198,0.0124042002657083,0.00297527733242148,4.16909043420601,3.05817636296189e-05,0.00086546889958667,"UTP23"
240.344950229333,0.0120855581973021,0.00290077943472944,4.16631407841918,3.0956413763406e-05,0.0008746447328462,"PCED1A"
301.054515765488,0.0146847546121873,0.0035261876521418,4.16448472425108,3.12056517949625e-05,0.000880253085104081,"LIX1L"
12.4759314964364,0.0548315360169046,0.0131748624079587,4.16182987867727,3.15707517377379e-05,0.000889106170692008,"ENSG00000247372"
243.928615010157,-0.0290658677657211,0.00698548432809426,-4.16089513633634,3.17002628234004e-05,0.00089130657935227,"IRF2BPL"
106.406381424836,-0.0225572579766291,0.00542710502215965,-4.15640712396841,3.23291508315143e-05,0.000907517975121539,"DHTKD1"
1167.86503526081,-0.00839423664864898,0.00202002243435653,-4.15551654569763,3.24553455466032e-05,0.000909588585690585,"CCT4"
24.4465854792439,-0.0506863908704,0.0122053162608095,-4.15281257669257,3.28413709783612e-05,0.000918922747955823,"PAWR"
92.9378127036968,0.0180369670241055,0.00434455088088965,4.15162982747989,3.30115909014622e-05,0.000922198194780301,"GCSH"
36.4792489940849,0.034168157344088,0.00823161134597394,4.15084676717633,3.31247488196886e-05,0.000923871611774853,"ENSG00000286458"
19.4994565171993,0.0347443318519031,0.0083754527229937,4.14835269220936,3.34876216185393e-05,0.000932493193962152,"FBXL22"
120.134923135377,-0.026135929293018,0.00630258304374867,-4.14685996385901,3.37066074730797e-05,0.000937086901350941,"FANCL"
15.7621508310441,0.0551341968743379,0.0132987753905192,4.14581006561276,3.38614434236365e-05,0.000939885312821195,"POU6F1"
1802.73152304478,-0.0136634621582528,0.00329655339313298,-4.14477198722611,3.40152002621756e-05,0.000942644878831025,"ATF7IP"
8.49891547106897,0.0839821599385483,0.0202670716770188,4.14377376647744,3.41636787674138e-05,0.000945249600091061,"GREM2"
81.0535049872397,-0.0575734805786758,0.0139026805798368,-4.1411784042694,3.45526073630491e-05,0.000954488268366522,"CMPK2"
841.213381304372,0.00816294773418548,0.00197172195692626,4.14000955130143,3.47291361176342e-05,0.000957839512509886,"EMC4"
60.0634136883844,0.0320114377246609,0.0077412050225248,4.13520086750271,3.54644295961377e-05,0.000976566547037773,"ENSG00000288983"
8468.79258479225,0.0115815812264484,0.0028013580518507,4.13427381008905,3.56078748664454e-05,0.000978962619941513,"SYNE2"
981.850565622027,-0.009159953806402,0.00221625941932638,-4.13306931784462,3.57950712008429e-05,0.00097945251607606,"MACROH2A1"
371.983793889204,0.00974757537335347,0.00235828627749937,4.13332998048455,3.57544812180939e-05,0.00097945251607606,"PEX16"
780.017831359596,-0.041687107720935,0.0100860492529017,-4.13314536501413,3.57832247350058e-05,0.00097945251607606,"EPSTI1"
195.370833631485,0.0145022712689502,0.00351129539456936,4.13017694021976,3.62484141214908e-05,0.000990295256975784,"PIGL"
1681.45654412208,-0.0470681282044029,0.0114023660574733,-4.12792642923033,3.66049183074067e-05,0.0009981911584859,"PDE3B"
40.0424302880874,0.0268498091564934,0.00650490111940787,4.12762756322074,3.66525114108553e-05,0.0009981911584859,"MAGEE1"
1158.4357326032,-0.013078510581973,0.00317213982820918,-4.12293003784654,3.74083343911933e-05,0.00101717834642386,"ADAM8"
21.6229287671972,0.067558952241051,0.0163910465567079,4.1216985143272,3.76089187212509e-05,0.0010210321157688,"LINC02391"
560.301561080674,0.0114989314894317,0.00279157787692992,4.11915124577423,3.8027049628345e-05,0.00103077071398833,"DTD1"
18.3576333580045,0.0413636602464422,0.01004320033756,4.11857364746063,3.81224735109682e-05,0.00103174519573834,"CBR3-AS1"
13.9749458524464,-0.0654937323022039,0.0159126839445104,-4.11581933824545,3.85806422030373e-05,0.00104251866189765,"HAPLN3"
84.9079510243866,0.0435266163377409,0.0105909270728035,4.10980229006704,3.95998017780358e-05,0.00106839402993058,"CYB561"
122.416418646681,-0.028044386225803,0.00682483740107838,-4.10916547570376,3.97091473762955e-05,0.00106968057249064,"REC8"
247.970913640069,0.0133690702577094,0.00325583925983244,4.10618252032423,4.02251680347375e-05,0.00108190110863043,"WDR75"
65.5193379672539,-0.0478461333541132,0.0116537579898013,-4.10563986277948,4.03197237474022e-05,0.00108276558447358,"AFF3"
96.7992529399552,0.0252047874322351,0.00614270226683232,4.10320838246206,4.0745994483723e-05,0.00109252165734718,"DPP3-DT"
77.4147181253125,-0.0249478241396907,0.0060815327237282,-4.10222640788436,4.09193570169849e-05,0.00109547686038681,"H3C10"
7.57055728236831,0.0576376177954732,0.0140531761777836,4.10139437991187,4.1066794787227e-05,0.0010977299783803,"TESMIN"
297.289690294121,-0.0589606522696073,0.0143799315915503,-4.10020394702383,4.12786197448723e-05,0.00110169460820622,"IFI44"
2528.1903463716,-0.00922283632463106,0.0022509236617976,-4.09735633471712,4.17895361970131e-05,0.00111361731788907,"HMGN1"
115.056924786138,-0.0175493634440136,0.00428620583930817,-4.09438186170876,4.23296177053451e-05,0.00112456613319273,"TBC1D10B"
228.742584072145,0.0215823219228091,0.00527120700711199,4.09437950239668,4.23300487073352e-05,0.00112456613319273,"TCEAL3"
4.76169597048137,0.0711415212349115,0.0173773740117082,4.09391667503842,4.24146791368666e-05,0.00112509151936753,"C1QTNF7"
7.81869382485627,0.0853262099717591,0.0208500406495628,4.0923761927317,4.26975222722395e-05,0.00113086506317376,"ZNF727"
122.462516153708,-0.0144601756998219,0.00353403200243895,-4.0916934792448,4.28234445611622e-05,0.00113247121379122,"CEP97"
841.193026650282,0.0151336059610082,0.00370266541425525,4.08721941300552,4.36574191856267e-05,0.00115207649809578,"ZYX"
4.03112584106305,-0.09680060774456,0.0236849695512513,-4.08700579222175,4.36976213826968e-05,0.00115207649809578,"DACH1"
6.87208946276367,-0.0833738379066128,0.0204064775267779,-4.08565553742469,4.39525451528544e-05,0.00115703907938045,"ENSG00000228318"
8.4691794881863,0.0405381799981744,0.00992843828104676,4.08303691382774,4.4450958863066e-05,0.00116838671872192,"ENSG00000290072"
155.022687579627,-0.0179404933175306,0.00439501662768401,-4.08200806443468,4.46482471496882e-05,0.00117179696150195,"EXOSC4"
4436.52430732414,-0.027591876106585,0.00676194812950425,-4.08046254986695,4.49461706835551e-05,0.00117783409217268,"LY6E"
763.076391832121,0.0205193351797166,0.00502920315501976,4.08003704508055,4.50285241900681e-05,0.00117821242481041,"PRNP"
20.8089669537574,0.0422489454231332,0.0103583138449619,4.07874737679264,4.52790056556593e-05,0.00118298221402768,"ENSG00000289154"
745.527330321194,0.00892727941974868,0.00218926920860855,4.07774401825285,4.54747929405747e-05,0.00118631083899713,"TMEM109"
1057.09585867937,-0.0269549961783666,0.00661272606786682,-4.07623057445988,4.57716336611489e-05,0.00119226171284326,"SAMD9L"
12.0790511401134,0.0546650867343284,0.0134183444090074,4.07390696408368,4.62309559654751e-05,0.00120101657883843,"IFITM10"
360.794191637795,-0.013497086278488,0.00331328677911462,-4.07362452401259,4.62870846335757e-05,0.00120101657883843,"GNS"
315.247033369637,0.0166602787617539,0.00408993551989284,4.07348200985585,4.63154306688326e-05,0.00120101657883843,"ABCA5"
6.28199467424771,-0.0683214381948917,0.0167748316037951,-4.07285389258005,4.64405593299834e-05,0.00120246391530829,"ENSG00000290087"
10.4458918269443,0.0415163670815192,0.0101947759761696,4.07231774180854,4.65476206661524e-05,0.00120343982610494,"ZNRF3"
1431.0796927513,-0.00732006723565734,0.00179859871602219,-4.06987237923005,4.70388980945742e-05,0.00121433155378672,"SMARCA5"
1042.20520188846,-0.0133167288622741,0.00327232957702815,-4.06949500311886,4.71151500971269e-05,0.00121449275465818,"LASP1"
792.949033366863,-0.0224842678054855,0.00552779204391887,-4.06749523622556,4.75211797314331e-05,0.00122314158157404,"MCUB"
26.4776241103081,0.0347174763607492,0.00854598350329832,4.06243194213399,4.85641089350435e-05,0.00124813357304464,"SEPTIN8"
166.094125958559,0.0494147753465148,0.0121739149698929,4.05907018972299,4.92685039351081e-05,0.00126436391459505,"GOLM1"
14.7108373826749,-0.0636360049912516,0.0156839567378884,-4.05739483057379,4.96231509678808e-05,0.00127158408122717,"KIF2C"
437.335559584952,0.0236266266975954,0.00582462335419455,4.05633553637093,4.984863406744e-05,0.00127547802920641,"SREBF2"
18203.6907065981,-0.0199162375144381,0.00491228517037455,-4.05437323438605,5.0268901122317e-05,0.00128260086132825,"GZMB"
176.06076797064,-0.0155741170180799,0.00384133943503323,-4.05434543900055,5.02748781244644e-05,0.00128260086132825,"PRPS2"
24.8689196675463,0.0345711103669362,0.00853128786967828,4.05227333727749,5.07223559054125e-05,0.00129211663766093,"PTPN23-DT"
35.4989212420446,0.0523616492022147,0.0129271642931629,4.05051316860794,5.11054333559802e-05,0.00129996636049786,"GPR153"
1031.35362082925,-0.029946816223998,0.00739576990567111,-4.04918170872712,5.13970278738279e-05,0.00130356087654264,"HAVCR2"
1060.58637587259,0.0296872649898251,0.00733166792194619,4.0491829834465,5.13967479531059e-05,0.00130356087654264,"ZNF600"
3.67924132935791,0.0738767974642196,0.0182496171597212,4.0481286164881,5.16287749132341e-05,0.00130752698860553,"IGSF9B"
196.373112396675,0.0639131666206332,0.0157927683080307,4.04698944314487,5.18805801324476e-05,0.00131198878154184,"LINC00987"
2251.51376444689,-0.00726359317244008,0.00179507939733386,-4.04639103051838,5.20133203207335e-05,0.00131343097659983,"EIF3A"
281.986077332785,-0.0193984388012561,0.00479588910784012,-4.0448055334608,5.23665738613223e-05,0.00131660191789307,"CCDC167"
1466.51871167424,-0.0136644434107525,0.00337814041728532,-4.04496016235267,5.23320222801105e-05,0.00131660191789307,"CHST12"
232.760904051671,0.0118299347103216,0.00292425284699911,4.04545548188884,5.22214892928951e-05,0.00131660191789307,"NUP205"
215.321873994815,-0.0219797742448951,0.00543506262859769,-4.04407009576008,5.25312023723841e-05,0.00131882966534894,"CMTR2"
24.0152381736626,0.0388155309343137,0.00960220863022693,4.04235446542222,5.29171566349291e-05,0.00132659947009068,"ZBED3"
4025.88605895324,-0.0566964075809889,0.0140343746166974,-4.03982429780195,5.34912586763724e-05,0.00133905679006884,"LINGO2"
336.391137358738,-0.0161038147276125,0.00399125044562329,-4.03477931215054,5.46536414681037e-05,0.00136618353341306,"HLTF"
124.482254386165,0.0537495781946479,0.0133242829835549,4.0339565184098,5.48454711049048e-05,0.00136900609025595,"TNFRSF4"
12216.0602513328,0.0124284629593337,0.00308176460165472,4.03290470422706,5.5091624556226e-05,0.00137317457299053,"RPL7"
228.162630257532,-0.0110893841282231,0.00275244553701686,-4.02892045603996,5.60335723103201e-05,0.00139464908527896,"HCFC1"
6.70559833529786,0.0676175464889662,0.0167855860931702,4.02831012951516,5.61792050068474e-05,0.00139627055653121,"GABBR1"
132.245753886258,0.0206182545613978,0.0051201130059217,4.02691396411594,5.65136995345942e-05,0.00140257462020907,"ARRDC3-AS1"
2.09703826910021,0.104362945474901,0.0259204551015215,4.02627751195523,5.66668065033937e-05,0.00140436537031553,"LOXL1"
264.66811382007,0.0156215145921781,0.00388169834738597,4.02440199988698,5.71202737681954e-05,0.00141358417878838,"SNHG14"
5256.64305856204,-0.0242622316646589,0.00603006264541838,-4.02354554029272,5.73284924913267e-05,0.00141470083604486,"CLIC3"
102.424695482353,0.0225450307022381,0.00560283885451351,4.02385849167808,5.72523259031047e-05,0.00141470083604486,"RNLS"
306.222113392885,0.0130966909893916,0.0032556697837209,4.0227332190992,5.75266445938003e-05,0.00141757419092791,"CTSO"
466.108557488802,0.0522073103400741,0.0129857707877094,4.02034743979052,5.81123724767838e-05,0.00142997650741453,"KIR3DL2"
144.816547135756,0.0264882097808266,0.00659134950485901,4.01863226359033,5.85369469998098e-05,0.00143838379115113,"ENSG00000287697"
4.31647069938198,0.106029025657299,0.0263872024999824,4.01819880896316,5.86447083927438e-05,0.0014389934953286,"NCAM2"
25.9613403565779,0.0418687880698163,0.0104233493333458,4.01682671575363,5.89870651896678e-05,0.00144534972727452,"DDR2"
154.385583872814,0.0467866760223141,0.0116519823291195,4.01534045459283,5.93600436215539e-05,0.00145243728737196,"PCNX2"
4.79043476265089,-0.117926626110538,0.0293743690613589,-4.01460967090751,5.9544252327337e-05,0.00145489252024597,"NDN"
182.529177972946,-0.0276273219108682,0.0068846124507454,-4.01290880329466,5.99750884971386e-05,0.00146335841807083,"ENSG00000287100"
171.270708005403,-0.045880677011352,0.0114410343484306,-4.01018610853532,6.06709074363904e-05,0.0014775933671865,"ATAD3B"
523.148776023304,-0.0113595254320088,0.00283282710668917,-4.00996072269483,6.07288489050019e-05,0.0014775933671865,"CHORDC1"
214.640718577429,0.0459871952191854,0.0114755241430429,4.00741566537207,6.13867706050468e-05,0.00149150937879041,"KIF13A"
98.8836204540408,-0.0209540378781271,0.00523449381304483,-4.00306861112487,6.25261593250192e-05,0.00151494945805927,"SYNGAP1"
89.319804721773,-0.016490599799315,0.00411945583283043,-4.00310149410789,6.25174658369447e-05,0.00151494945805927,"PABPC1L"
1.50514832393597,0.13177535634283,0.0329315897459032,4.00148785283661,6.29454271461889e-05,0.00152298085095131,"CXXC4-AS1"
6.16438878848442,0.0492635814398893,0.0123137061539844,4.00071114446311,6.31524089035719e-05,0.00152586070983171,"ENSG00000278013"
1051.11770138116,-0.0128308435071363,0.00320967360256138,-3.99755398707741,6.40003972168327e-05,0.00152720617732822,"ODF2L"
1466.65558116859,-0.0105439238371402,0.00263667702794639,-3.99894402135118,6.36257251083151e-05,0.00152720617732822,"CAPZA1"
80.4624790247553,0.0233464479362893,0.00583875647210602,3.99853085975142,6.37368719553074e-05,0.00152720617732822,"SNX24"
263.634065167395,0.0119926646344713,0.00299961286782263,3.99807080544248,6.38608499180435e-05,0.00152720617732822,"SH3GLB2"
33.7419031770137,-0.0695137658194225,0.0173885441655979,-3.99767600768734,6.39674241501764e-05,0.00152720617732822,"IFIT1"
2.2344833072772,0.130428656891427,0.0326257617143985,3.99771990101508,6.39555669916377e-05,0.00152720617732822,"STXBP6"
193.252978924933,-0.0147512867507954,0.00368991079147091,-3.99773533411497,6.3951398453446e-05,0.00152720617732822,"MPDU1"
105.945984694789,-0.0558164058460121,0.0139579849798519,-3.99888708338503,6.36410313927732e-05,0.00152720617732822,"TOP2A"
48.9605338543819,0.0254974981991233,0.00637805322732465,3.99769291511833,6.39628566016703e-05,0.00152720617732822,"PPM1N"
91.1943846702293,0.0337280976137683,0.00844932437211959,3.99181001087633,6.55708972177099e-05,0.00156253286391872,"CAPS2"
136.394873271107,0.0204483082012395,0.005124292710966,3.9904645098591,6.59440166130317e-05,0.00156926858738391,"SQLE"
43.6864496854245,0.0282365793432057,0.00707693187523446,3.98994646847159,6.60882091268244e-05,0.00157054555059199,"SLC25A23"
71.5794646175693,0.0318758061047363,0.00799081217559609,3.98905710762229,6.63364514099602e-05,0.00157428831608754,"ENSG00000272009"
81.9921455390846,-0.0204205522310872,0.00511964237393442,-3.98866771145073,6.64454189042996e-05,0.00157472011905982,"IPO4"
136.002563161245,0.0179844071284077,0.00451012326090401,3.98756443849451,6.675507621117e-05,0.00157560144504949,"PLOD3"
10.4716156473879,0.0407364616687716,0.0102145104521593,3.98809731113058,6.66053439163383e-05,0.00157560144504949,"ENSG00000269043"
525.569753128929,0.0351243848084401,0.00880787520270081,3.98783861034608,6.66779967113545e-05,0.00157560144504949,"SIGLEC7"
476.414076027341,-0.0234956653383693,0.00589711448038496,-3.98426474787301,6.7689375757464e-05,0.00159548273184849,"DTX3L"
247.175805430052,-0.0288463345963477,0.00724121472136359,-3.98363198804796,6.78699483374268e-05,0.00159756833617053,"CKS2"
21.8844908334882,0.0424781498151356,0.0106674029692857,3.98205167063076,6.83229210819237e-05,0.00160605153784446,"ENSG00000287724"
50.2993929535639,0.040417087700564,0.0101570024281812,3.97923383265365,6.91377153706027e-05,0.0016230055294306,"SYNE3"
5041.84430119791,-0.011894302488867,0.00299008936800786,-3.9779086926728,6.95240576628698e-05,0.00162986939504793,"FYB1"
19.5731151011851,-0.0571765408844416,0.0143850097697732,-3.97473076484001,7.04589164655202e-05,0.0016495563871037,"C19orf38"
87.7731225342204,0.0183387679784019,0.00461547124728744,3.97332514836482,7.08761922271528e-05,0.00165708919508982,"SNHG21"
63.4722716836397,-0.0620828314998904,0.0156344567344621,-3.97089790546062,7.16022603530083e-05,0.00167181159166082,"OAS3"
155.88429736031,0.0220665226232282,0.00555796099394819,3.97025503548071,7.17957391483998e-05,0.00167407591766995,"SCMH1"
11.9407674628642,-0.0601041191429038,0.0151407379522348,-3.9696954885896,7.19645433818454e-05,0.00167575959542048,"SLC6A20"
10.101182139854,0.0495853383645203,0.0124980241351501,3.96745420142563,7.26444663229905e-05,0.00168911701956964,"LINC02828"
6.30371479913346,0.0508403713587822,0.0128152931410859,3.96716413733742,7.27329037133111e-05,0.00168911701956964,"TOMM20L"
11.7779703586876,0.0726296294423598,0.0183092655821518,3.96682374377488,7.28368158830252e-05,0.00168926882612128,"GLT1D1"
458.813670911492,-0.00885710914244908,0.0022373531881256,-3.95874428295755,7.5344853170053e-05,0.00174045607562461,"HADHB"
1715.83202358344,0.0157205652849663,0.00397093943573818,3.95890331226971,7.52947086343209e-05,0.00174045607562461,"PPP3CC"
70.4397526924154,-0.0183500713876163,0.00463459901663171,-3.95936548593855,7.51491568122139e-05,0.00174045607562461,"ENSG00000278730"
123.788782876327,0.0243274860763919,0.00614698631357637,3.95762815066981,7.56976775046929e-05,0.00174396189820905,"PATJ"
26.7331446843692,-0.0666575368287338,0.0168425826399657,-3.95767907176911,7.56815467087408e-05,0.00174396189820905,"AIF1"
2.41070728165849,0.0958484669376093,0.0242237701959854,3.95679393265934,7.59624046112757e-05,0.0017477397814276,"ANKRD29"
465.230064896151,0.00854193442278716,0.00216001468747449,3.9545723796788,7.66716588808266e-05,0.00176172177253587,"C6orf89"
10.851341837653,0.0414203033963476,0.0104778227234945,3.95314031258332,7.71321756981e-05,0.00176995897355905,"ZMYND12"
32.2912801815262,-0.0607769478482988,0.0153809402926455,-3.95144553531357,7.76805524776716e-05,0.00178018787897311,"TIE1"
488.26719836593,-0.0092219265628759,0.00233457798385169,-3.95014714722066,7.81031617021998e-05,0.00178751141056697,"CKAP5"
8.02589605003091,0.0696947705790865,0.0176459725481225,3.94961345366606,7.82775019282437e-05,0.00178914111126637,"LOXL1-AS1"
49.4176740977225,0.0229577583466674,0.00581867944660913,3.94552725533733,7.96245738014648e-05,0.00181753566619449,"ZSCAN2"
55.0815745096189,0.028826074712074,0.007307532684295,3.94470691510223,7.98976385938359e-05,0.00182137218702479,"SYT5"
1713.71487048658,-0.00794805342512923,0.00201583294395795,-3.94281353965957,8.05312654322744e-05,0.00183340733952637,"PAK2"
215.444071517913,-0.0102202782132237,0.00259894339316037,-3.93247434327365,8.40759556646514e-05,0.00191159853062958,"NOA1"
4.49542745857808,0.0551055604665734,0.0140172849521561,3.93125777600015,8.4502607336757e-05,0.00191878433518071,"ENSG00000288814"
2.21801350361479,-0.0999298366105738,0.0254239740099196,-3.9305356657297,8.47568190868913e-05,0.00192204091179005,"KCTD15"
62.8199482187325,0.0413547056325188,0.0105240249159773,3.92955223526079,8.51041884704734e-05,0.00192523958566301,"MICOS10-DT"
520.540207223432,0.0117751512044352,0.00299659678881585,3.92950805005978,8.51198271964222e-05,0.00192523958566301,"RNF34"
20420.0474858613,0.0116565382017139,0.00296696296050848,3.92877779630798,8.53786838042579e-05,0.00192857995655764,"RPL19"
23.2406382679946,0.029353682108315,0.00747577272596293,3.92650809278503,8.6187993752091e-05,0.00194432940911739,"ENSG00000289065"
365.342370741558,0.0162855973335593,0.00414908628904139,3.92510451676385,8.66920894353532e-05,0.00194890479088894,"ARHGEF12"
17.04507179054,0.0306437241041242,0.00780730774231234,3.92500527909872,8.67278359791481e-05,0.00194890479088894,"KCNAB3"
403.953965757805,-0.0635019514541434,0.0161773631895384,-3.92535858348097,8.66006351254363e-05,0.00194890479088894,"MX1"
1670.06217610835,-0.0111194395069495,0.00283433921227996,-3.92311529219009,8.74112949921334e-05,0.00196035524272927,"H2AZ1"
822.594485245501,-0.00921678328688329,0.00234943909073906,-3.9229717949334,8.74633939285484e-05,0.00196035524272927,"FAM111A"
496.08907714399,0.0122791745750728,0.00313079870908937,3.922058144276,8.77957978528275e-05,0.00196526645309787,"KLHDC2"
1563.37583631384,0.0172606097396219,0.00440239935543108,3.9207278454482,8.82819211817569e-05,0.00197106147832834,"PPP2R2B"
782.974480624316,-0.0111669353447544,0.00284809207490336,-3.92084772931132,8.82380086840716e-05,0.00197106147832834,"RBCK1"
18.965526745792,0.0592452430127482,0.0151187423546643,3.91866212300857,8.90418291940389e-05,0.00198547256151438,"MIR3936HG"
441.409729163414,-0.0100530799510975,0.00256582692514057,-3.91806627820259,8.9262165573212e-05,0.00198783061407456,"FAM193A"
255.343472026585,-0.018247510095904,0.00466096496081634,-3.9149640148138,9.04176922074187e-05,0.00201098221078756,"APOL1"
39.3356299336667,0.0526372893716729,0.0134478186416586,3.91418792700054,9.07089700056851e-05,0.00201487735167558,"MUC12-AS1"
819.297309732171,-0.00797884458780936,0.00204013174811152,-3.91094574906504,9.19354225210364e-05,0.00203950858042831,"ETNK1"
237.041716319874,-0.0311810343323982,0.00797740937143545,-3.90866669623944,9.28068998729615e-05,0.0020562121315404,"PDE6G"
251.106616991095,-0.0235432830649309,0.00602492428219526,-3.90764795742008,9.31989690858052e-05,0.0020622649434956,"KEAP1"
160.65227067465,0.0181345487793162,0.00464282187009312,3.9059324881987,9.38627171614738e-05,0.0020743062640984,"RECK"
362.253429887947,0.0109839872282554,0.0028126937176385,3.90514870473611,9.41674615644919e-05,0.00207839328654047,"MTMR1"
728.832401760281,-0.0063200724825534,0.00161955908403969,-3.90234141182992,9.52666548153916e-05,0.00209998211910726,"SAFB"
4.63712475304875,0.0683697337446234,0.0175275509652954,3.90070089540723,9.59145948988035e-05,0.00211158171612239,"MAST4-AS1"
15.1226798232494,0.0556121483956231,0.0142630272169767,3.89904243675775,9.65738496118915e-05,0.00212340068829796,"TMOD2"
323.763364437287,-0.00938551162736074,0.00240796336787894,-3.89769701340099,9.71118104394815e-05,0.00213252618671408,"KDM4A"
36.1928143094808,0.0235624586221421,0.00604734926970518,3.89632838641894,9.76619512999297e-05,0.00213488562920638,"ENSG00000289558"
90.7462404351618,-0.020564305663211,0.00527794774872029,-3.89626927780729,9.76857770816711e-05,0.00213488562920638,"UGDH"
20.0294926566983,0.0320190130538589,0.00821864249680653,3.8959004563467,9.78345673979175e-05,0.00213488562920638,"ENSG00000287127"
43.2098101908412,0.0302094125550582,0.00775195218450516,3.89700708106039,9.73887727000359e-05,0.00213488562920638,"BAIAP2"
729.390813766153,-0.0095760555468276,0.00245785350106377,-3.89610509441797,9.77519857024885e-05,0.00213488562920638,"HM13"
143.918132218766,0.0107922863848612,0.00277116621528969,3.89449262383312,9.84044860471513e-05,0.00214462440194219,"ABCC10"
1032.27011970688,-0.0199149715228734,0.00511600371270245,-3.89268121002859,9.91423941162609e-05,0.00215799529878155,"TAP1"
17.2154354797374,0.0767060163267462,0.019723368886568,3.88909302299693,0.000100619548176754,0.00218740341073976,"LINC02725"
18.8695865589206,-0.0511746054383936,0.0131612483422914,-3.8882789920431,0.000100957540531391,0.00219186969583088,"CCR7"
92.3007081894349,0.0240437762544424,0.00618411435252813,3.88799024141801,0.000101077689454963,0.00219186969583088,"PROCR"
307.512132018775,0.0436750372540308,0.0112356027816228,3.88720018880219,0.000101407120005896,0.00219626806225005,"FGL2"
1179.24262374873,-0.00878847038326635,0.00226222061932532,-3.88488651734039,0.00010237769776273,0.00220745784389217,"TNFRSF14"
175.821477771268,0.014382852376357,0.00370211889720162,3.88503253831982,0.000102316184120287,0.00220745784389217,"MSMO1"
108.57119366305,-0.0169785012885651,0.0043695524443211,-3.88563851902757,0.000102061277774318,0.00220745784389217,"RFC3"
464.70518834057,-0.0135586616441641,0.00349022231530552,-3.88475587492117,0.000102432762527853,0.00220745784389217,"SRSF6"
99.5103749900762,0.0233430654227913,0.00601462642363633,3.88104992374215,0.000104006486037096,0.00223859121559745,"PHYH"
5569.66997774386,0.0107590681160168,0.00277293005686187,3.88003588096008,0.000104441056583955,0.00224515916929175,"EEF1D"
707.251291066535,0.0133239685623879,0.00343458035704388,3.87935851757323,0.000104732296361403,0.00224710963202684,"WDPCP"
10128.6425722131,-0.00633853614627238,0.00163422381141646,-3.87862182767884,0.000105049914201854,0.00224710963202684,"HNRNPA2B1"
25.7345239515078,-0.0374980365588669,0.00966680076587153,-3.87905341871254,0.000104863727146857,0.00224710963202684,"TRBJ1-6"
1370.38649423779,-0.00971204231079663,0.00250395507837568,-3.8786807298064,0.000105024485633794,0.00224710963202684,"ARRB2"
2.46376799056989,0.0734093592269937,0.0189463840882341,3.87458413621951,0.000106806937770551,0.00228099650195441,"ENSG00000289971"
5.568365309859,0.0541446872872247,0.0139750631089552,3.87437873196643,0.000106897057648659,0.00228099650195441,"PPFIA3"
686.342297449652,-0.00933041479415981,0.00240956981769141,-3.87223259755935,0.000107842962306943,0.00229553338662682,"NUTF2"
46.592508619789,0.0389741700435985,0.0100644651514929,3.87245317629397,0.000107745379732006,0.00229553338662682,"EBF4"
4537.72098487445,0.00976610679908902,0.00252441770729598,3.86865722374842,0.00010943636088051,0.00232374784400867,"CAST"
852.822058553877,-0.0223408970250108,0.00577459778754337,-3.86882305001455,0.00010936197028944,0.00232374784400867,"STARD3NL"
10.8080535928219,-0.083864147901865,0.0216937220950959,-3.86582567685899,0.000110713999489422,0.00234669437245532,"GBP1P1"
55.5693415827815,0.0191345946132844,0.00494988615357077,3.86566357682408,0.000110787565773629,0.00234669437245532,"ITFG2-AS1"
576.359693987575,-0.0258622071407177,0.00669204465306205,-3.86461963144314,0.000111262448175925,0.00235387920848286,"IFI35"
94.999337701332,-0.0259035774327556,0.00670477168138466,-3.86345406879031,0.000111794921892905,0.00236226346528395,"MAP1LC3A"
956.690523610227,0.00812234062318333,0.00210252335422768,3.86313931155686,0.000111939126760465,0.00236243305479384,"ATR"
4.76990115127827,-0.125789086220208,0.0325792168450113,-3.86102240635872,0.000112913547063333,0.00238010232619041,"SCG5"
163.352135888931,0.01350314054779,0.00350097803146195,3.85696237635382,0.000114804824878434,0.00241556180947388,"KHNYN"
513.172320272441,0.0100514907907713,0.00260616388924558,3.85681454349404,0.000114874250219965,0.00241556180947388,"VPS16"
391.042299771235,-0.00877354435410225,0.00227544052982736,-3.85575638611303,0.000115372339896968,0.00241789034419287,"BAG6"
1023.25502788967,-0.0148315862730731,0.00384667383565072,-3.85569115208442,0.000115403113038489,0.00241789034419287,"TAP2"
76.0529000424803,-0.0190699892627103,0.0049456717875219,-3.85589462503851,0.00011530715340267,0.00241789034419287,"SLC25A35"
420.111486606672,0.00987239325116108,0.00256223139820352,3.85304514575966,0.000116657870769309,0.00244123129325208,"NFX1"
47.2418009465956,0.0374754808516007,0.00972881520582711,3.85200870391234,0.000117152857778442,0.00244863587559085,"ENSG00000289928"
2100.68320605734,-0.00795683128251145,0.00206686987695738,-3.84970112111007,0.000118262043083841,0.0024688446731871,"ATP5F1B"
58.8281573464971,0.0337480629434009,0.00877100119927805,3.84768650427032,0.000119238497953275,0.00248623733472766,"UBE2Q2P2"
3.34130354181571,-0.0901654578054236,0.0234684460436392,-3.84198671006006,0.000122042445846932,0.00254164747965496,"SEMA3A"
6.26364908569754,-0.0693107827838086,0.0180440130484154,-3.84120664277038,0.000122430991994934,0.00254590550640663,"LINC03052"
540.853575077016,-0.0105706661768572,0.00275248984968138,-3.84040151068343,0.000122833245567379,0.00254590550640663,"TPP1"
7.13323884734514,0.0409864488618319,0.0106708341088879,3.84097891913562,0.000122544639300925,0.00254590550640663,"PSMD7-DT"
92.1144416921191,0.0326942741118843,0.00851324674223538,3.84040015540529,0.000122833923729672,0.00254590550640663,"EFHC2"
420.462951840347,0.0153944242853305,0.00400912864130044,3.83984293413369,0.000123113048749706,0.00254864578724333,"ULK4"
1370.38140125834,-0.00756275563065902,0.00197063820423977,-3.8377189757044,0.000124182481565952,0.00256772072730171,"RBBP4"
127.860017500023,0.0139841809209437,0.00365025541419186,3.83101436315237,0.000127616054679079,0.00263557537687222,"PAXIP1-DT"
162.910662405511,-0.0145177464183171,0.00379077925159734,-3.82975252705618,0.00012827219149203,0.00264597619263226,"CHERP"
17.1764729880014,0.0304160716573858,0.00794372888878457,3.82894130492407,0.000128695693101778,0.00265155924457203,"TM4SF19-AS1"
41.2021132698675,-0.0239237110600439,0.00625019592065888,-3.82767378234791,0.000129360047050685,0.00266208552341078,"ROGDI"
3.09253355888544,0.0798210657718524,0.0208562875741836,3.82719434069641,0.000129612181004796,0.00266411388160095,"ENSG00000271964"
286.013099631628,-0.00956148826149564,0.00249860780190638,-3.82672632903829,0.000129858750665972,0.00266602320302164,"MKRN2"
174.922530226859,-0.0277450273012012,0.00725211228430366,-3.82578567643692,0.00013035566657822,0.00267306158841485,"NUDT15"
744.722614666543,0.00648004838246674,0.00169442126112378,3.82434317317821,0.000131121175935403,0.00268558460463681,"RCN2"
13.0114700525847,0.036190909857165,0.00946465858442636,3.82379454412813,0.000131413433449017,0.00268839651353012,"TMCO1-AS1"
1552.12388842086,-0.0116558725459932,0.00305014881171829,-3.82141110663609,0.000132690243395789,0.00271131960239122,"PTPN2"
27103.7625509086,0.0141956584918974,0.00371556767802496,3.82058940168282,0.000133133134635257,0.00271716896429699,"RPS12"
13.4728308858063,0.0476532631276904,0.012476193120063,3.81953554815203,0.000133703190664872,0.00272239783058004,"CDHR1"
41.4234282678291,-0.038401352793373,0.0100533987274645,-3.8197383625565,0.000133593304824571,0.00272239783058004,"KIF11"
183.09139952544,-0.0114727232541172,0.00300504810455645,-3.81781683851299,0.000134637820676703,0.0027382144350521,"USP5"
264.105476866399,0.0142149768051741,0.00372412038699883,3.81700249401164,0.000135082805206981,0.0027424228604287,"CENATAC"
77.7712686742447,0.0325952674984576,0.00853981259856195,3.81685981071135,0.000135160914553063,0.0027424228604287,"LDOC1"
8.43070829411812,-0.0535204341836416,0.0140234671149614,-3.81649086812074,0.000135363082693784,0.00274331630674271,"ENSG00000261845"
80.9725281407156,0.028979551271823,0.00759542585454996,3.8153951900489,0.00013596515810085,0.00275230287366807,"RRAS"
307.858489528123,0.018231703857519,0.00477921146501647,3.81479329612718,0.000136296971682164,0.00275580403816106,"TRPS1"
290.094042775665,0.0168366675575281,0.00441460390201824,3.81385690114368,0.000136814706833522,0.00276305184417688,"ZNF75A"
33.2240802275349,-0.0670558884676758,0.0175896281431755,-3.81224025441905,0.000137712917856061,0.00277795778949645,"ENSG00000227240"
7.17786745503071,0.0424025404232095,0.0111271313489191,3.8107342399017,0.000138554656641533,0.00279169126993881,"ENSG00000261766"
194.522912143354,0.0143210906901277,0.00375837757390768,3.81044490834318,0.000138716923266283,0.00279171831186019,"ENSG00000290856"
369.475461024445,0.0109823265987381,0.00288241766432639,3.81010938652592,0.000138905319053864,0.00279227053875601,"ZNF160"
1572.61490772915,-0.0180526411403739,0.00474005711745286,-3.80852818711914,0.000139796412660822,0.00280693074865734,"CCND2"
18.9928228035332,0.037207073233181,0.00977051095014936,3.80809902604042,0.000140039196158528,0.00280855488434468,"CDK13-DT"
1583.89689428638,-0.0413214088973349,0.010855728298478,-3.80641517189854,0.000140995621554359,0.0028223392567329,"ATP1B3"
252.272315226167,-0.0141923912187869,0.00372864195939158,-3.80631644801389,0.000141051886994894,0.0028223392567329,"BTBD6"
1182.10460929259,-0.00879939967988361,0.00231219763159069,-3.80564341026075,0.00014143603349681,0.00282676533306758,"FGD3"
147.330777372205,0.0198862933903415,0.00522688492557497,3.8046166451912,0.000142023973956739,0.00283199068988679,"ZNF821"
102.565820821153,0.0229259551913531,0.00602581019359531,3.80462617553413,0.000142018506177251,0.00283199068988679,"ZNF540"
291.450340630457,0.0161548947776747,0.00424770740074782,3.80320329381223,0.000142837045046513,0.00284493347585178,"MTERF1"
202.267050837571,0.040197239079481,0.0105708442921441,3.80265170582016,0.000143155549573697,0.00284800742431709,"RHOB"
53.4477278341578,0.0492639920321228,0.0129629291394655,3.80037501571609,0.000144477274432622,0.00287101003076418,"CHODL"
30.9786784823992,0.0265385887688699,0.00698525935071956,3.79922740680146,0.000145147863072317,0.00288103561622259,"ZNF19"
18412.5919193051,0.0124238227645506,0.00327078832349367,3.79841846545428,0.000145622316212304,0.00288714964760119,"RPS23"
580.097916295778,-0.0103872061144878,0.00273490559411855,-3.79801267613244,0.000145860865839828,0.00288857796870929,"SMG7"
625.638478031442,-0.0214381868809036,0.00564528587400594,-3.79753786776627,0.000146140456561998,0.00289081486937006,"PCNA"
230.729895200053,0.0118928503129695,0.00313401770727849,3.79476168413131,0.000147785338914839,0.00291405942262319,"C8orf33"
16.6665678124652,0.0292460187690709,0.00770756277542571,3.79445742074485,0.000147966670420561,0.00291405942262319,"PLCB3"
150.450914092379,-0.0108068801589969,0.00284809610966143,-3.79442256963779,0.000147987453961899,0.00291405942262319,"COG7"
715.587391409783,-0.0211302024244365,0.00556820593786209,-3.79479542607389,0.000147765242660701,0.00291405942262319,"MLC1"
7.08394553565484,0.0447253746132778,0.0117891894750742,3.79376162439669,0.000148382130975666,0.0029152131462807,"CAHM"
1352.98655665762,0.0264140299620659,0.00696208449984917,3.79398296051106,0.000148249852033174,0.0029152131462807,"SYTL2"
1154.86727961288,-0.00591036443089264,0.00155828210103096,-3.79287192414154,0.000148914971889758,0.00292237209541123,"DCAF5"
21.4264417690795,0.038384458356174,0.0101319269024505,3.78846578007687,0.000151580466174078,0.00297131969173775,"CC2D2A"
44.6040303124176,0.0397874685728307,0.0105057740866358,3.78720009060955,0.000152354408944154,0.0029799184363356,"ENSG00000272426"
284.137199996922,-0.00895806057153229,0.00236536022597434,-3.78718660826484,0.000152362673105238,0.0029799184363356,"FLII"
1526.75438729852,-0.0101492795750294,0.00268106953259678,-3.78553388923086,0.000153378929128221,0.00299641628661755,"BAZ1A"
145.63086491827,0.0181836427090539,0.00480632790800922,3.78327135748539,0.00015478050830953,0.00302039624089284,"TRIM39"
168.004479584142,-0.0152046638804458,0.00401986442124085,-3.78238226147747,0.00015533457233779,0.00302780242799548,"RITA1"
230.5804395506,-0.0115131389850163,0.0030448542473426,-3.78117901540425,0.000156087380608517,0.00303906159236425,"HSPBP1"
1170.66122100171,-0.00959707909378666,0.00253878500963757,-3.78018582012847,0.000156711356665731,0.00304778992762007,"DYNLRB1"
50.8618884593982,0.0235460626155616,0.00623026124033077,3.77930582800274,0.000157266173520102,0.00305500738933474,"CTNND1"
262.178360449199,0.0136955492190086,0.00362408237679063,3.77903915946219,0.000157434667170005,0.00305500738933474,"DYNLT3"
245.730294642986,-0.0113414333186451,0.00300171152409198,-3.77832220971861,0.000157888512337075,0.00306039096315483,"MRPL27"
39.0928612829457,0.0321951933878808,0.00852182421923948,3.77796966466342,0.000158112132534139,0.00306130499464535,"ZNF502"
4.07200008224843,-0.1157160019013,0.0306426743917929,-3.77630230383196,0.000159173787922719,0.00307842460745076,"PTGER3"
10.0227956552037,0.0403665745523913,0.0106935738950552,3.77484412120228,0.000160107748962692,0.00308648371053963,"ABLIM2"
19.1172549610663,0.0461155888652951,0.0122175336093985,3.77454160059113,0.000160302157205223,0.00308648371053963,"PRXL2A"
92.5102073117724,0.0373532969370608,0.00989406427434107,3.7753238609872,0.000159799909529679,0.00308648371053963,"FADS1"
303.346147326426,-0.0120252335098306,0.00318575799512761,-3.77468518582465,0.000160209857622161,0.00308648371053963,"DCPS"
132.221894740787,0.0191008675393427,0.00506209313384917,3.77331412802722,0.000161093247017012,0.00309484568023381,"ENSG00000288833"
17.0949255827504,0.038145708207341,0.0101092689902263,3.77333991648856,0.000161076588982138,0.00309484568023381,"ENSG00000247416"
110.073135688274,0.0287296661120386,0.00761657628693113,3.77199216941269,0.000161949339759548,0.00310785082538565,"ZNF395"
326.133677097255,-0.030893603746021,0.00819474583871697,-3.76992823866005,0.000163294493268475,0.00312557307369501,"LZTFL1"
203.787347709926,0.0148115994918827,0.00392907027848638,3.76974664285939,0.000163413348964801,0.00312557307369501,"ZNF121"
50.4246646086969,-0.0263404887698023,0.0069871759626068,-3.76983332189835,0.000163356606789644,0.00312557307369501,"CHEK2"
39.1600417769435,0.0207881779532556,0.00551831458704499,3.76712447711096,0.00016513867324491,0.00315509438706245,"PGBD4"
71.404464951648,-0.0672027866689913,0.0178424280301988,-3.76645973043853,0.000165578776256603,0.00316002267381689,"ASPM"
295.08015877303,0.0149765297415367,0.00397722526366334,3.76557241511188,0.000166167953019644,0.00316778203185141,"ZNF766"
421.831913054923,-0.0301813311906121,0.00801574955035413,-3.76525376710137,0.000166380015974397,0.00316834304843451,"KPNA2"
13.0563020503681,-0.0684881127076158,0.0181923122820896,-3.7646733216559,0.000166766961794791,0.00317222944431582,"TCEA3"
2449.698086278,-0.00445243337424487,0.00118293053659953,-3.76390095317338,0.000167283163284068,0.00317856332601534,"NCOR1"
605.616026012373,-0.0168312078392638,0.00447270278642938,-3.7630955247756,0.000167823060668026,0.00318533310335768,"DLEU2"
467.484338906663,-0.0167232796901268,0.00444594518903422,-3.76146780472559,0.000168919166788879,0.0031991372330278,"MRPL1"
22.7852132774198,0.026442261671901,0.00702949301618554,3.76161717651859,0.000168818299928096,0.0031991372330278,"ENSG00000286912"
192.482050637963,-0.0321022590228145,0.00853605049936269,-3.76078597768503,0.000169380307143973,0.0032043724845514,"TRIM69"
3.49632782206658,-0.0657414573593628,0.0174879344184649,-3.75924656315893,0.000170425818616365,0.00322063954396155,"ZNF233"
33.3211104224028,0.0262880065541091,0.00699535502494541,3.75792314476766,0.000171329483141081,0.00323419355117679,"SLC4A5"
1240.46724220051,0.00817597058911655,0.00217612652867961,3.75712095843868,0.000171879428653638,0.003237529129515,"SDF4"
7.36352587497085,0.0594976460376669,0.0158354136368455,3.75725240919688,0.000171789197895663,0.003237529129515,"FZD4-DT"
102.241965269419,0.0159318772215287,0.00424139818470611,3.75627953984061,0.000172458054005145,0.00323788129965503,"IQCG"
74.7214880973926,0.0248322807339056,0.00661058789004357,3.75644059907384,0.000172347155472783,0.00323788129965503,"CYSTM1"
147.147218640327,-0.0227725882469005,0.0060623576485824,-3.75639141848148,0.00017238101201981,0.00323788129965503,"TRAPPC2B"
30.4699194310281,-0.0503854837688647,0.0134181623580777,-3.75502117385937,0.0001733268247778,0.0032471638836342,"CDCA5"
233.134724422938,0.0125653111800305,0.00334606912644892,3.75524554490172,0.000173171619005303,0.0032471638836342,"ACACA"
1534.9243730915,-0.00951934580984374,0.00253589894804307,-3.75383483525231,0.000174149636098002,0.00325558620203325,"BRK1"
393.267693874436,0.0103537668077388,0.00275818610062651,3.7538318409287,0.000174151717517112,0.00325558620203325,"CCNC"
300.792698735615,-0.00928308951878606,0.00247321928358662,-3.75344377281576,0.000174421670144347,0.00325712285647377,"ODF2"
79.1515046444841,0.0330037880648286,0.00879495963095166,3.7525798240938,0.000175024074538629,0.00326485768289906,"KLF2-DT"
328.507298757042,0.0122354703785651,0.00326182841014659,3.75110791864593,0.000176054896674109,0.00327703899946614,"DDHD2"
1357.31075917604,-0.00690727396117638,0.00184137960875532,-3.75114068187458,0.000176031889548485,0.00327703899946614,"ACIN1"
80.437780621377,-0.0170957598755186,0.00455844536319609,-3.75034875125324,0.000176588794784187,0.00328345381770213,"MAP1S"
83.7279551572965,0.0271729411904714,0.00724768941342031,3.74918676014954,0.000177408935419175,0.00329517153281783,"SGTB"
1251.79780463794,-0.0156597905576919,0.00418002832481067,-3.74633599125222,0.000179436224405312,0.00332926162672016,"PLCG2"
465.134052374423,0.0233638376740712,0.0062373436217621,3.74579934838843,0.00017982027926434,0.00333282286824549,"RGS9"
14.1280812932395,0.0429416033322329,0.0114653782890634,3.74532808683637,0.000180158180455083,0.00333552200057074,"SNAP25-AS1"
24.8100996219959,0.04089737041867,0.0109228201606685,3.74421347390993,0.000180959750991889,0.00334679078913357,"CHRM3-AS2"
9466.83768953654,-0.00701690141058477,0.00187522687210995,-3.74189465549284,0.000182638078435952,0.00337423363653556,"UTRN"
3.23765598943178,0.0787723580844916,0.0210684361999547,3.73888015877804,0.000184841811470779,0.00340115368930511,"ENSG00000251187"
2660.73167504648,0.0130771094539697,0.00349764842381244,3.73882902722271,0.000184879405638386,0.00340115368930511,"NCALD"
111.562115697154,-0.0318923464158586,0.0085298229485358,-3.73892243816539,0.000184810731234176,0.00340115368930511,"ARHGAP42"
169.986165712163,0.0264954078002368,0.00708646562372918,3.73887480827063,0.0001848457450624,0.00340115368930511,"ENSG00000258820"
65.8016574128596,0.0199104727096362,0.00532771891681959,3.73714774005418,0.00018611957325844,0.00342034147975363,"AGBL3"
14.5209177271999,0.0350299717387017,0.00937604022770549,3.73611576827399,0.000186884654991941,0.0034286964492049,"C12orf60"
35.1029054679626,0.02281273799541,0.00610619068057605,3.73600157426756,0.000186969497403034,0.0034286964492049,"ENSG00000257342"
3030.81205465572,-0.0181351513299959,0.00485529849620066,-3.73512593390229,0.000187621273780984,0.00343701568907341,"PSME2"
90.5455138451422,0.0541421707975865,0.0145100447788641,3.73135794015274,0.000190450396293334,0.00348516189335101,"B3GAT1"
2.99043591435452,0.0728126299744631,0.0195179583349745,3.73054541488538,0.000191065696988637,0.00349273731439292,"PATL1-DT"
29.2359185421789,0.0238100681616544,0.00638643972114055,3.728222484092,0.000192835103469194,0.00352137197366692,"ALG10B"
35.3450595780152,-0.0361433882915486,0.00969700762372869,-3.72727233946948,0.000193563268880452,0.00353095224872565,"STIL"
36.3719843194702,0.0244602488947494,0.00656318661998035,3.72688608614067,0.000193860021162517,0.00353265088983966,"TRAM2-AS1"
12001.8652428858,-0.0112650098974972,0.0030232092430807,-3.72617605720799,0.000194406640692301,0.00353889444147959,"JAK1"
13.5609879252786,0.0361946270928197,0.00971517430558476,3.7255767065356,0.000194869180937205,0.00354176512741252,"MAP3K2-DT"
36.9095746422521,0.022533422690624,0.00604852198136824,3.72544280404958,0.000194972659481148,0.00354176512741252,"ENSG00000268584"
15.0380133391933,0.0328329783996956,0.0088156846994333,3.72438211201068,0.000195794178395073,0.00354925538850337,"ENSG00000271746"
96.1251378548889,-0.0419850235422529,0.0112727039387573,-3.72448560437235,0.000195713879331465,0.00354925538850337,"LEF1"
2.63702737736458,0.0977170481108993,0.0262485544075872,3.7227592267959,0.000197057420651195,0.00356285040211499,"HOXA7"
181.766846422939,-0.0137630975431112,0.003697146020911,-3.72262752546623,0.000197160271272215,0.00356285040211499,"RFK"
5.92060099625929,0.0659586327998219,0.0177177245321921,3.72274852111956,0.000197065779241788,0.00356285040211499,"SCN8A"
151.292441270784,0.0454434661449277,0.0122101350879241,3.72178242236414,0.000197821445911199,0.0035710785053772,"ADCY9"
8.19276094009412,0.0380324294340537,0.010221836859887,3.72070401390402,0.000198668174825814,0.00358263565164056,"SPTBN2"
167.55841187195,-0.0124029025601572,0.00333376396855786,-3.72039012873564,0.000198915265639873,0.00358336659223314,"GFM2"
103.700043493555,0.0221142918723886,0.00594810231448062,3.7178734835397,0.000200906835814443,0.0036154894063371,"FAM131B-AS2"
612.359757288726,0.0196458273531207,0.00528497067699995,3.71730110795484,0.000201362397824372,0.00361993251549969,"ENSG00000268027"
31.1493101399613,-0.0273908614905938,0.00737042807199422,-3.71631894688345,0.000202146376146919,0.0036302643202865,"ZNF543"
5.74600117741241,-0.0592952096750102,0.0159588218555114,-3.71551297532233,0.000202791857947721,0.00363809012582944,"ENSG00000286831"
24.1482499954955,0.0588838835870498,0.0158495032570705,3.71518795459925,0.000203052706084765,0.0036390065549158,"B3GAT1-DT"
54.8071238359125,0.0177233010596255,0.00477095573889373,3.71483242134104,0.000203338403266167,0.00364036596476932,"ZNF829"
101.884978129902,0.0275013203580028,0.00740597705252995,3.71339529719554,0.000204497091048968,0.00365733560362629,"DYNC2H1"
17.7100574186275,0.0727788156791743,0.0196015130459336,3.71291825833172,0.000204883074842356,0.00366046506937712,"CTSH"
608.611519911678,-0.00788962246651679,0.00212548553169087,-3.71191539480414,0.000205696748870818,0.00367122139857094,"SSR3"
34.372082825865,0.0244893956771256,0.00659948680423792,3.71080303719973,0.000206602811091224,0.00368360284358742,"ZNF596"
25.8682497504479,0.0500619179837097,0.0134923909557043,3.7103815141485,0.000206947137808865,0.00368595374405359,"FAM182B"
464.537967120084,-0.0097397334328606,0.00262520488387033,-3.71008506524693,0.000207189618796545,0.00368648769936662,"OGFR"
37.4810898925355,0.0301254896440728,0.00812072480790205,3.70970453459505,0.000207501265760383,0.00368824995738845,"FAM238A"
71.2645686767823,0.0205329694763433,0.00553616924239657,3.70887676610383,0.000208180712766846,0.00369275971889494,"USP45"
35.0588884846718,-0.0519313401714434,0.0140013605315039,-3.70902099510935,0.000208062176923494,0.00369275971889494,"ZWINT"
4.37296230017741,0.0662996109218191,0.017877805265278,3.70848714022997,0.000208501247317548,0.00369466765931034,"ASB13"
6.6309477246095,-0.0623273153178546,0.0168141942862102,-3.70682735413443,0.000209871908165306,0.00371516108454258,"PLA2G4A"
72.842637508262,0.0183843144838276,0.00496055496460656,3.70610034865035,0.000210474934631696,0.00371984416363417,"DHRS12"
994.445744570506,0.00996588229859896,0.00268912708748062,3.70599156320862,0.000210565308317314,0.00371984416363417,"ARID4A"
12.9674731599812,0.0463917336907467,0.0125302347818579,3.70238343481926,0.000213583498875782,0.00376932506459519,"ENSG00000290117"
1290.86795911285,-0.0115063278444854,0.00310949785063583,-3.70038134682506,0.000215275718203328,0.00379532841401559,"HDAC1"
3.72085318148676,0.0558404688850073,0.0150924138507431,3.69990310610638,0.000215681798940776,0.00379707573638812,"CMTM4"
536.087944276512,-0.00939801386210821,0.00254017588611763,-3.69974926282448,0.000215812582204213,0.00379707573638812,"UBE2A"
104.067369028141,-0.0372745438237785,0.0100798567601189,-3.69792395971894,0.000217369978844376,0.0038090246393861,"CLSPN"
7.20712376926624,0.0463375049554931,0.0125299561852265,3.69813782829723,0.000217186956286891,0.0038090246393861,"LTC4S"
17674.0532861807,0.0127103861415539,0.0034369863862819,3.69811943168733,0.000217202693885227,0.0038090246393861,"RPL3"
19.4848058393436,-0.0632369467721862,0.0171002677122046,-3.69800916783621,0.000217297042849124,0.0038090246393861,"CNKSR2"
5.94051014047959,-0.0624056189632263,0.0168864145282934,-3.6956109811627,0.000219358632782238,0.00383999350303356,"LEF1-AS1"
1.34085381533493,-0.133681587262562,0.0361783912556294,-3.695067210645,0.000219828629579702,0.00384434180035148,"IGLV3-10"
13.4724306785948,-0.0920452838059229,0.0249159239685876,-3.69423521768519,0.000220549575748809,0.0038530654985804,"PHLDA3"
69.0832968458521,0.0282794814107711,0.00765590684264314,3.69381211031139,0.000220917061516734,0.00385560279999225,"KCNK12"
185.377804365325,-0.0109627860583401,0.00296873636942133,-3.69274489013554,0.000221846540379518,0.00386793344975264,"MED25"
544.67348009769,0.0143217882692841,0.00387899529971474,3.69213859845032,0.000222376214685883,0.00387327567507099,"CLIP4"
214.153233654627,-0.0105519940320387,0.00285896367337175,-3.69084578804532,0.00022350961921009,0.00388911221068871,"LRRC41"
6.89419650903392,0.0583356843648003,0.0158101295510583,3.68976637265413,0.000224460092370984,0.00390173715676536,"ELFN1-AS1"
14.7906671973219,-0.0443470443640073,0.0120246634110739,-3.68800712734849,0.000226017321026455,0.0039217952236095,"CCRL2"
164.728658882067,-0.0228730864699774,0.00620333893898764,-3.6872217840978,0.000226715751018334,0.0039217952236095,"PKD2"
6.30148807370471,0.0565389707122385,0.0153321316023393,3.68761318899793,0.000226367409727116,0.0039217952236095,"ENSG00000214803"
751.680298642833,0.0147593147930279,0.00400286288429153,3.68718969888977,0.000226744328411363,0.0039217952236095,"RRAS2"
15329.5581678715,0.0121167712014229,0.00328554346334746,3.68790470635803,0.000226108292518758,0.0039217952236095,"RPS25"
10.1619235304009,-0.0437078259582719,0.0118582202156534,-3.68586728559615,0.000227925110495167,0.00393829165026908,"STAP2"
367.348380593188,-0.0152820146072771,0.0041467912448005,-3.68526258138472,0.000228466971278058,0.00394372638580274,"CDC34"
292.915130976084,0.0154277618937988,0.0041868704800118,3.68479559314081,0.000228886255254061,0.00394703653692589,"SLC2A13"
837.766248151413,-0.0142761201930043,0.0038766011586128,-3.68263837544557,0.000230832497073167,0.00397664563974708,"ZMYND8"
194.306968693683,0.0197991480264729,0.00537758014156042,3.68179506493188,0.000231597545813825,0.00398586728648635,"PPT1"
1220.18573388637,0.00687013624669042,0.00186739020425154,3.67900411550248,0.000234146490083152,0.00402173507977946,"EIF5B"
7.01695162211143,-0.0997484538096451,0.0271123076668549,-3.67908386978025,0.000234073287408468,0.00402173507977946,"PTPRK"
16.5361478200107,0.0350601013387901,0.00953043090914291,3.67875300424828,0.000234377113537989,0.00402173507977946,"ENSG00000286444"
404.458973185631,-0.0277713658145408,0.00755054571935705,-3.67806074511202,0.000235013996540119,0.00402867866796243,"TRGV9"
4.41125019151771,0.0624401660113123,0.016990501208475,3.67500435950452,0.000237845353358781,0.00407318972366055,"HEY2-AS1"
22592.5060153516,0.0119896218952633,0.00326363049629425,3.67370690673381,0.000239056930676443,0.00408990101910742,"RPL30"
59.803553625102,-0.0310473765700083,0.00845320020899531,-3.67285475351333,0.000239855829750735,0.00409952604385789,"CCDC34"
6.13749515048296,0.0473688694304642,0.0128981094236485,3.67254361663377,0.000240148146293963,0.00409982165349486,"UBXN7-AS1"
104.028335837192,0.016809575989822,0.00457735556480091,3.67233345800899,0.000240345781738775,0.00409982165349486,"ABAT"
153.508880180287,0.0189415752394093,0.00516139654436391,3.66985467529964,0.000242688399239286,0.00413571547151585,"SGSM1"
378.405839932249,-0.0296961018065748,0.00809366048324178,-3.66905701914006,0.000243446782422239,0.00414456798965751,"FASLG"
2448.54459457848,-0.00856842080545703,0.00233672682035228,-3.66684745980075,0.000245559178205974,0.00417643198384043,"CCNI"
693.721222039839,-0.0213619974824208,0.0058264527412532,-3.66638131828836,0.000246007012266285,0.00417995068442263,"MAD1L1"
89.532816151142,-0.0383945329843388,0.0104818326439116,-3.66295993159558,0.000249317549653598,0.00423205562758378,"H2AC16"
164.026200741156,-0.0139730263200795,0.00381513320645205,-3.66252646079269,0.000249739946220521,0.00423508170775523,"TM9SF1"
1184.17243059989,-0.00637599135930511,0.0017420766089028,-3.65999481694485,0.00025222034994776,0.004260485521805,"PDS5A"
4.49133225807029,-0.0730828868756631,0.019966166614942,-3.66033642236414,0.000251884315347651,0.004260485521805,"ENSG00000287551"
148.776292670905,-0.0226795040524655,0.00619602607924369,-3.66033063166737,0.000251890008111033,0.004260485521805,"ORAI3"
80.9543660559053,0.0312298748222712,0.00853270861582342,3.66001890236321,0.000252196643538829,0.004260485521805,"MZF1-AS1"
33.5464945607927,0.03650301676566,0.00997548858413412,3.65927106805751,0.000252933685586645,0.00426837896649525,"UFL1-AS1"
203.298914929646,-0.0190683694999539,0.00521397376517912,-3.65716636844237,0.000255018869111427,0.00428335576112115,"ENSG00000235192"
2076.78155784627,-0.0122198992451169,0.00334123889020188,-3.65729588535305,0.000254890089096992,0.00428335576112115,"SP110"
25.1653717895725,0.0356712393017034,0.0097527264044445,3.65756587670165,0.000254621829929677,0.00428335576112115,"ENSG00000249476"
24.5308906719165,0.0326255272520096,0.00892168090219385,3.65688120990597,0.00025530262030201,0.00428335576112115,"ENSG00000272008"
44.33794446614,0.029937274142885,0.00818616934373904,3.65705531926011,0.000255129335053531,0.00428335576112115,"FADS3"
330.663584662017,0.0183180114913233,0.0050077964030889,3.65789860786361,0.000254291597662169,0.00428335576112115,"POU2F2"
2039.01075600362,-0.0148213494856157,0.00405649162780926,-3.65373599787758,0.000258452013605024,0.00433200534494682,"PSMB8"
5.46289114655141,0.0539098835462284,0.0147657602278886,3.65100629525373,0.000261214836473864,0.004374087821572,"ENSG00000288976"
880.730958483632,-0.0133306991108656,0.00365243894911782,-3.64980751124817,0.000262436895422485,0.00439031365649881,"PIK3AP1"
270.775192151032,-0.00872232714166845,0.00239015589718109,-3.64927122618043,0.000262985326236224,0.00439524994175917,"LRCH4"
311.623524861925,0.0118070705707937,0.00323603562134176,3.64862194128075,0.000263650754048228,0.00440213020329996,"SENP1"
103.200369978877,0.013480141623397,0.00369617195051981,3.64705479178295,0.000265263375642563,0.00442479715446844,"ZNF3"
108.425537627839,0.0210732139944849,0.00577891769220179,3.64656759568001,0.000265766589288883,0.00442893255618016,"IL18BP"
54.1482110993263,0.0197300651610115,0.00541754125344278,3.64188554142957,0.00027064841102979,0.00450163819227689,"ANKUB1"
114.627040543725,-0.0486676452061372,0.0133627466839019,-3.64203904761341,0.000270487031307292,0.00450163819227689,"NUSAP1"
9.9865660950565,0.0803698045553125,0.0220756609401755,3.64065224471026,0.000271948244258889,0.00451460109225187,"LINC00951"
20.37215192802,0.029783966539585,0.00818077703768866,3.64072586288208,0.000271870490458382,0.00451460109225187,"LINC00957"
405.921275438038,-0.00952736316487797,0.00261802809972487,-3.63913709172152,0.000273553149823589,0.00453690252690213,"SFI1"
635.834727685576,0.0153536246676793,0.00422164868703005,3.63687881344779,0.00027596168389144,0.00455078010339427,"TMEM14B"
235.671684168199,-0.0325575348281282,0.00895078147952113,-3.63739578523036,0.000275408567479478,0.00455078010339427,"GMNN"
18.8313282151108,-0.0319057754303426,0.00877285021481704,-3.63687680161857,0.000275963838411965,0.00455078010339427,"STRIP2"
141.105472178858,0.0316608154181392,0.00870382125009266,3.63757647456307,0.000275215490216891,0.00455078010339427,"ENSG00000287070"
119.533400261919,0.0296253170985399,0.00814386529895255,3.63774645220989,0.000275033974831331,0.00455078010339427,"ENSG00000273702"
699.522863103906,-0.0111189108697771,0.00305691522467237,-3.63729775037146,0.000275513376652321,0.00455078010339427,"FKBP1A"
58.2817447668375,0.0422702052281702,0.0116246210701955,3.63626521440317,0.000276619534459244,0.00455726085830861,"ARHGEF10"
16.5385645623701,0.0503657861795196,0.0138573076984035,3.63460112712386,0.000278411037506809,0.00458242379380278,"LINC02848"
152.532075241795,-0.02315348065747,0.00637391184786538,-3.63253857444297,0.000280646605966796,0.00461484106190709,"CD27-AS1"
86.2303221910526,0.0749889453174679,0.0206692553078109,3.62804291691774,0.000285577797602343,0.00467819039924972,"TAFA1"
2382.88315819479,0.0117880422731059,0.00324908052693073,3.62811637797158,0.000285496571362078,0.00467819039924972,"ZBTB20"
37.7387830454225,0.0312249521126005,0.00860555518521196,3.62846457207762,0.000285111865825158,0.00467819039924972,"ARG2"
49.1665253655889,-0.0619918356240892,0.0170850877956975,-3.62841773863759,0.000285163581907159,0.00467819039924972,"BIRC5"
11.1442105823973,0.0334136918095181,0.00921602761225391,3.62560673810159,0.000288283789457829,0.00471806337690038,"DIAPH2-AS1"
22.1974769910501,0.0337802977977413,0.00931918784167245,3.62481134318235,0.000289172465442426,0.00472814696559397,"SCART1"
69.9477130553725,-0.0179444707171777,0.00495265894465043,-3.62319935972176,0.000290981373228806,0.00475258527040747,"RHOBTB2"
17.269985721021,-0.0454934707481936,0.0125568791822477,-3.62299183482708,0.000291215018586761,0.00475258527040747,"ZNF772"
364.024406917334,0.0280650177491921,0.0077484560879702,3.6220141703796,0.000292318104512017,0.0047661038318369,"FAM169A"
3.1289338736915,0.117324511358737,0.0324073840802824,3.6203018135648,0.00029425957075052,0.00478875706696062,"HOXC5"
25.1115943623394,-0.0587088919021339,0.016216422301651,-3.62033565789396,0.000294221081403208,0.00478875706696062,"PKMYT1"
41.6689260231281,0.0284372577110793,0.00785673126322422,3.61947695019026,0.000295199103302973,0.00479505060308987,"ENSG00000285693"
165.884053726068,-0.0125351172945454,0.00346314895547151,-3.61957208763455,0.000295090597062483,0.00479505060308987,"STRN4"
122.704952511556,-0.0166497555833935,0.00460139306524247,-3.61841628118247,0.000296411351971018,0.00481023773058299,"RCC1"
349.34139846099,-0.0264649560288483,0.00731518273859637,-3.6178120184495,0.000297104052799777,0.0048169729981033,"BAK1"
6.13795519058446,0.0495538649469294,0.0137010589211691,3.61679087959874,0.000298278089626655,0.00483149234252401,"EFCAB8"
133.01239659397,-0.0197117267979487,0.00545078978861233,-3.61630654682924,0.000298836460817421,0.00483602138270581,"GPR18"
13.6943509103341,0.0393358597766895,0.0108792927893745,3.61566330994492,0.000299579540805584,0.00484352830745132,"RWDD2A"
561.341998394384,-0.0357638732332933,0.00989796112456286,-3.61325658721182,0.000302375212613511,0.00488417615309049,"LMNB1"
90.7979438067658,-0.0168092218946466,0.00465377233256496,-3.61195621389197,0.000303895886624894,0.00490417287550573,"BCKDK"
41.3634486818961,-0.0372835421888808,0.0103296541886817,-3.6093698305731,0.000306941748932442,0.00494872254691449,"GTSE1"
258.158899966819,0.0238205987485377,0.00660896484631941,3.60428589082352,0.000313012362933473,0.0050419113019219,"CORO1B"
89.4798052494474,0.020510433478989,0.0056916312768277,3.60361247617937,0.000313824850447961,0.00505030937437034,"FAM229B"
488.729567046172,-0.0059114739926031,0.00164059226564078,-3.60325604137493,0.0003142556944617,0.00505255587351396,"GLYR1"
41.6108610948622,-0.0349256953072893,0.00969411951901894,-3.60277127167335,0.000314842553278964,0.0050572645577121,"NCAPH"
597.15766570554,-0.0089963077773307,0.00249721743861179,-3.60253281842041,0.000315131599428567,0.0050572645577121,"EIF4G1"
82.0733165979237,0.0217960133106742,0.00605410608214979,3.60020340161178,0.00031796834775353,0.00509807291758617,"NMB"
4.53459610312124,-0.0657378135740803,0.0182640537733561,-3.59930026432465,0.000319074598951901,0.00511108600426369,"KHDRBS2"
25.4402757954123,0.0252714342144875,0.00702259112671634,3.59859114086057,0.00031994572679318,0.00512031224022887,"CD2AP-DT"
675.3204204939,-0.0177573675725518,0.00493570702536562,-3.59773533584814,0.000321000011177413,0.00513244994830024,"VAMP5"
10.7855647622444,-0.0522625567047032,0.0145298869956058,-3.59690042465636,0.000322031688958246,0.00514420418052269,"NCF1B"
613.974050775881,-0.0158752556414696,0.00441626087252513,-3.59472777983618,0.000324730933623677,0.00518255035556904,"GCH1"
9.74703078905521,0.0519552753624775,0.0144593445823427,3.59319712360432,0.000326645284487414,0.00520831102508057,"KRTAP5-AS1"
2891.50961227306,-0.00884581878885274,0.00246295041767391,-3.59155374195759,0.000328712372251776,0.00523645751498973,"SERBP1"
39.654372680495,0.0247839837802439,0.00690194935839785,3.59086723087707,0.000329579503326061,0.00524545433367019,"UBAC2-AS1"
280.51153108881,0.0190690976058267,0.00531314636288095,3.5890405239066,0.000331897251348852,0.00526784402232377,"IFFO2"
95.9136519234206,0.038506202103648,0.0107288070782272,3.58904786178805,0.000331887910520029,0.00526784402232377,"PCAT1"
14.6578833860635,0.041692069401287,0.0116157834325553,3.58926022023081,0.000331617693288083,0.00526784402232377,"GOLGA6L9"
3.08598606784851,0.0797574974581319,0.0222258816918614,3.5884964458952,0.000332590526589956,0.005274022354006,"LINC02240"
571.719559507457,0.00869349428413079,0.0024234815344412,3.58719229364185,0.000334257824623686,0.00529562076855863,"ZNF721"
96.6645304813621,0.0239035375426011,0.00666647283757728,3.58563488144175,0.000336259149726348,0.00531761506786936,"PLCD1"
133.251734391189,-0.0132658625371897,0.00369956089580883,-3.58579380385883,0.000336054416784839,0.00531761506786936,"ZFP64"
355.334401508091,-0.040538339337631,0.0113098112731686,-3.58435152970274,0.000337916718275713,0.00533896104612665,"UBASH3B"
155.061420008277,-0.0174296288386393,0.00486428281201059,-3.58318574643792,0.000339429059550015,0.00535797572800151,"NANS"
9.27952144389365,0.0443504938560016,0.012378477692276,3.58287141266778,0.000339837919410423,0.00535955293266547,"PPM1B-DT"
96.8546035362234,0.0140399992220874,0.00391996075106226,3.58166831601125,0.000341407070442951,0.00537940949867786,"DUS4L"
2.95131517133488,0.0713863490606255,0.019932750707193,3.58135964821276,0.000341810744750764,0.00538088275856284,"LRP1"
8.01567988103647,0.0628104584883139,0.0175702226651587,3.57482427430275,0.000350463202825546,0.00551209033782192,"ENSG00000259033"
13.9873014820465,0.0301703518256492,0.00844086756356093,3.57431882427513,0.00035114085378578,0.00551774595242364,"AKAP1-DT"
825.283721595689,-0.0110227025610725,0.00308511855374842,-3.57286190758534,0.000353100988616213,0.00554352574707154,"PTBP1"
1453.73314144596,-0.0121160055363625,0.00339146295063492,-3.57250122225107,0.000353587832320562,0.00554614983281836,"ANP32A"
18.515793659954,0.0259901450073282,0.00728024021648532,3.56995706659189,0.000357039740334457,0.00559498169929796,"ENSG00000289043"
109.685628642052,-0.0295281833159793,0.00827181984474649,-3.56973240111521,0.000357346075790993,0.00559498169929796,"RBBP8"
4.83543718193517,0.0695044690770296,0.0194742010095267,3.56905369534947,0.000358272996923957,0.00559576247660588,"CNN3"
19.7676084366036,0.0465729085604622,0.0130501958889515,3.56875168440126,0.000358686181345731,0.00559576247660588,"ENSG00000288879"
3.60612243110376,-0.0734901842319161,0.0205907020955704,-3.56909559911149,0.000358215703112401,0.00559576247660588,"PRRG4"
714.017800533942,-0.00854292880676242,0.00239369241310695,-3.56893340179574,0.000358437518462522,0.00559576247660588,"FAM32A"
741.612506265711,-0.00622121858796118,0.00174501953562143,-3.5651283329305,0.000363678194392706,0.00565330583900059,"PSMD2"
140.272618447423,-0.0296428403938953,0.00831407648986829,-3.56537980255759,0.000363329649203811,0.00565330583900059,"H2AC11"
1569.1051907958,0.00688602859800728,0.00193122838293013,3.56562106215504,0.000362995549049987,0.00565330583900059,"TTC17"
91.6628399076632,0.0175710876943319,0.00492841944767616,3.5652581686441,0.000363498198796233,0.00565330583900059,"CFAP68"
52.2051439451661,-0.0315946284657478,0.00886449410039699,-3.56417727937039,0.000364999215039515,0.00566876130931558,"H2BC9"
489.470048166638,0.0113129196038549,0.00317509756448514,3.56301479689785,0.000366620005557936,0.00568884065869327,"ERCC1"
40.287511853301,0.025657961300225,0.00720255933083063,3.56233945764193,0.00036756468453024,0.00569705744989707,"LINC01376"
26.988252654077,-0.0331013207920047,0.00929246751503733,-3.5621669635583,0.00036780633755388,0.00569705744989707,"NOD2"
510.336546717955,0.0077409367900325,0.00217333247789785,3.56178213354631,0.000368345994884749,0.00570032677900145,"PPIH"
10.2983342490926,0.0356016442359547,0.0100000970493671,3.56012987276039,0.000370671427168241,0.0057260978793541,"SAXO1"
5.28786604553122,0.0642617780306616,0.0180502646956552,3.56015710097203,0.000370632994542341,0.0057260978793541,"LINC01284"
126.230831038351,0.0165005162225375,0.00463591042887756,3.55928279367826,0.000371868942034395,0.00572628358536473,"TATDN3"
697.41686758549,-0.0153740362698516,0.00431919344407885,-3.55946925482759,0.000371605032068937,0.00572628358536473,"BTN3A3"
174.857041718574,0.0106017139493676,0.0029786893026099,3.55918757289607,0.000372003781456424,0.00572628358536473,"SLC39A13"
2470.10863776558,0.00943969221801521,0.0026519011639399,3.55959428140631,0.000371428172313864,0.00572628358536473,"PTPRA"
12451.3358223649,0.00878306415345153,0.0024679143307461,3.55890155668258,0.000372409075711386,0.00572744028851164,"CYBA"
107.750598688656,0.014051336746871,0.00394905231899314,3.55815411188414,0.000373470178993978,0.0057386719797941,"EID2B"
377.398303513952,-0.00824796360525943,0.00231861619033303,-3.55727853520886,0.000374716777973824,0.0057527315613185,"DCAF13"
798.846956751804,-0.0191579275823102,0.0053863067590107,-3.55678360692344,0.000375423149894886,0.00575847993313571,"LAP3"
406.160045212769,-0.0120315795393066,0.00338525094020826,-3.55411747956458,0.000379249762917301,0.00581203611933687,"TARS1"
261.119812748964,-0.0172576097758399,0.00485922423676664,-3.55151541376968,0.000383019557525558,0.00586462778813185,"TRAFD1"
14.0046720433063,-0.0718666875094123,0.0202497826047542,-3.54901032332761,0.000386681920575853,0.00591548320824506,"ENSG00000237311"
21.6604836951036,0.0276184918928875,0.00778599499426529,3.54720134205451,0.000389346914721359,0.00595100464897457,"SLC30A6-DT"
78.9513056113674,-0.0476212667936449,0.0134262012277485,-3.54689058996255,0.00038980643905298,0.00595278354286188,"PCLAF"
76.9494343107903,0.0246493175925999,0.00695419434888442,3.54452526863218,0.000393320801561974,0.00600116909894206,"ENSG00000254459"
4.22526098599719,-0.0516327124309675,0.0145729045541012,-3.54306255415889,0.000395508874569615,0.0060292512794672,"CERS6-AS1"
4.04483726308835,-0.0928541360089435,0.0262095843015168,-3.54275500674652,0.000395970379123052,0.00603098695085752,"ENSG00000287038"
44.6029050204812,-0.0454737570114947,0.0128373244545096,-3.54230799203025,0.000396642065027245,0.00603591802113391,"KCNMB4"
59.2087664529676,0.0196464904169304,0.00554727990322104,3.54164396960079,0.000397641792927629,0.00604167057409614,"ENSG00000287780"
170.542446874859,0.0152363127879737,0.00430210558823521,3.54159433688467,0.000397716612613431,0.00604167057409614,"SEPSECS"
965.742272377294,-0.00626829238814209,0.00177159875689942,-3.53821222990278,0.000402846125377439,0.0061142384803568,"NGLY1"
84.8543450365746,-0.0191716680584847,0.00541904460512142,-3.53783174996677,0.000403427036423653,0.00611770299639644,"COQ2"
352.885558678505,0.0109804358994929,0.00310508064671444,3.53628042193093,0.000405803690300704,0.00614836892518481,"C15orf61"
60.7928722337866,0.0202946820937593,0.00573995699331269,3.53568539231278,0.000406718748545733,0.00615685588985286,"ANKRD42-DT"
62.3471506819128,0.0244049177830824,0.00690542899403486,3.53416388817613,0.000409067346038089,0.00618700986841218,"ENSG00000231856"
401.976765662383,-0.0199533969003189,0.00564832241711905,-3.53262356976006,0.000411457884404475,0.00621774510335264,"TMEM156"
481.886187348047,-0.00828389752735542,0.00234540656676046,-3.53196654463084,0.000412481536721118,0.00622778912013747,"STARD3"
2.56045846382081,0.0844675564607178,0.0239184128277162,3.53148668639244,0.000413230663562385,0.00623367439259153,"PTCSC2"
28.5359101711623,0.0287026425266417,0.0081310376125918,3.53000980861194,0.000415544260956015,0.00626312931282793,"PLD2"
18825.3578827456,0.0117978785549894,0.00334322037335019,3.52889646432938,0.000417296357594067,0.00628407744057454,"RPL23A"
41.0465786744551,0.0209774330067731,0.0059477499491642,3.52695274449474,0.000420371783195489,0.00632489999555537,"YTHDF3-DT"
18.2006395415292,-0.0617739207080837,0.0175183030279954,-3.5262502657572,0.000421488468701914,0.00633620620020867,"ANLN"
388.338455590915,-0.00779739484309938,0.00221169726823557,-3.52552537595704,0.000422643683245245,0.0063480715298169,"ELOF1"
113.356217628967,-0.0146579019949274,0.00415880710156144,-3.52454481224294,0.000424211055544701,0.00636610154981789,"SFXN5"
13.8590766467061,-0.0370185276810054,0.0105058753763577,-3.52360239912148,0.000425722559900567,0.00638326272182803,"ZNF221"
103.415380114223,0.0247117666746995,0.007014699252496,3.52285476328959,0.000426925243146796,0.00639576780493144,"SRXN1"
316.681767532789,-0.010434506392054,0.00296252911278989,-3.52216163784043,0.000428043071542032,0.00640698119509161,"JOSD2"
98.6051478927017,-0.052504662734142,0.0149119352760478,-3.52098247224002,0.000429951035699608,0.00641886054317467,"RSAD2"
2.74131403116445,0.0641195989776557,0.0182100760292088,3.52110550635858,0.000429751588357969,0.00641886054317467,"SLC34A1"
50.4107845771186,0.0231035769516847,0.00656122854960528,3.52122727885688,0.000429554271256448,0.00641886054317467,"CCDC180"
140.67864119407,-0.0391944746444959,0.0111323997825244,-3.52075701647216,0.000430316740356937,0.00641886054317467,"LINC01882"
17.361871215163,-0.0455784666602983,0.0129502798560392,-3.51949665698101,0.000432366484952145,0.00644389500081599,"SNN"
455.983644854749,-0.0194143151210122,0.0055173533203668,-3.51877322217992,0.000433547133565914,0.00645594478377809,"CBR4"
2621.96411906255,0.00799173261152668,0.00227143708578258,3.51835965941943,0.000434223421139241,0.00646046990559481,"CNBP"
560.36100826366,0.0124467604976725,0.00353816780581534,3.51785477139185,0.000435050385446483,0.00646209378694584,"HCG18"
201.965327274812,-0.0117813555144828,0.00334903280451629,-3.51783819453642,0.000435077561860315,0.00646209378694584,"RANGAP1"
1522.42526133287,0.0197668977746777,0.00561997538601953,3.51725700148983,0.000436031383317378,0.00646519011776912,"NCR3"
95.7777056296267,-0.0374420576180003,0.0106449622788241,-3.51734995740503,0.000435878698252897,0.00646519011776912,"BAALC"
82.1322552773282,0.0187825893267519,0.00534109053337889,3.51662066189873,0.000437077946708356,0.00646964865144758,"AIG1"
158.766333062678,0.0149485175275613,0.00425070266104171,3.51671681592001,0.000436919655612733,0.00646964865144758,"MARCHF9"
568.153271859969,0.0127761650525133,0.00363470080469701,3.51505274822156,0.000439666649996347,0.00650241862245237,"SCFD2"
8.17592235999178,0.0512031394096167,0.014577149809484,3.51256178874581,0.000443808796231386,0.00655644691888536,"LINC02641"
29.6416269649871,0.0356023278305468,0.0101361767603643,3.51240203009909,0.000444075693433842,0.00655644691888536,"DYNLRB2"
4.6209131731669,0.0489556105570698,0.0139477328920662,3.50993318669853,0.000448219304302912,0.00661199701619636,"RDH16"
179.684102167314,-0.0471840565870524,0.0134451858958056,-3.50936438906153,0.000449179053018775,0.00662052524364462,"IFIT3"
2964.77216720993,-0.00673690969873196,0.00192034472581466,-3.50817726013957,0.00045118831194784,0.00664449476712319,"PPP1R12A"
1262.73216358863,0.00811618742870703,0.00231491612618549,3.50603952208016,0.000454827678829553,0.00668673777316532,"SRPRA"
66.9107472743029,0.0334457231141911,0.0095388938462968,3.50624754328044,0.000454472336117532,0.00668673777316532,"CHRNE"
15.1475159003703,0.0306792590454231,0.00875478873578452,3.50428319532418,0.000457838195933329,0.00672529807201642,"FAM178B"
190.915128841786,-0.0114014643094516,0.00325416817264044,-3.50364938275467,0.000458929171419874,0.0067356203602301,"PABIR3"
2284.13525806331,0.00895443004708464,0.00255654173929483,3.50255578051095,0.000460817284004082,0.00675761474463467,"GOLGA4"
114.804861501434,-0.0157629040522397,0.0045012557176578,-3.50189037037021,0.000461969663836599,0.00676879200020044,"CCDC126"
14.2561316321225,0.0327608222174411,0.00935703851990424,3.50119561309408,0.000463175736989518,0.0067807364432862,"ENSG00000286686"
188.764881434757,0.0158618063194657,0.00453174946300544,3.50015075832243,0.000464995099121984,0.00680163151734247,"ENSG00000226471"
128.206417266687,-0.0133289070318887,0.00380901227537548,-3.49930797494602,0.000466467458477488,0.00681741994074766,"LMNB2"
220.707640450352,0.0140439480158844,0.00401376691073937,3.49894458950966,0.000467103641121244,0.00682097135199607,"WDR54"
29.802517882451,0.0327984897650293,0.00937824388513473,3.49729546029588,0.000470000974370578,0.00685296714812315,"LINC02666"
8685.59751800486,-0.020058078351393,0.00573538935462936,-3.49724789568175,0.000470084788233027,0.00685296714812315,"KLRB1"
214.6291204272,0.00885058303988458,0.00253235982683243,3.49499425243814,0.000474071963970954,0.00689371368899254,"TRMT61B"
101.243652946034,-0.0419198436407158,0.0119929951153527,-3.49536068659385,0.000473421523314918,0.00689371368899254,"GRAMD1B"
24.1652829706797,0.0335991178836972,0.00961288273169138,3.49521770123429,0.000473675231037416,0.00689371368899254,"NR1D1"
103.455951129498,0.014741242239713,0.00421810119999088,3.49475784026825,0.00047449205080056,0.00689404363256961,"PHF7"
42.5138863064929,0.0247207858716539,0.0070755263596279,3.49384407818869,0.00047611900498981,0.00691189330423701,"ENSG00000288872"
68.7967808345087,-0.0191160448753214,0.00547191671266223,-3.49348242656656,0.000476764362153399,0.00691547504568324,"CHAF1B"
3.4006309773885,0.0579026594273325,0.0165803734447304,3.49224096914025,0.000478985921279984,0.00694189453831675,"ENSG00000223884"
243.953157131592,-0.0355460718606681,0.0101806884488174,-3.49151946249736,0.000480281473144469,0.0069548605977548,"RRM2"
133.124124051361,-0.0165101783080735,0.00472929099475854,-3.49104724711838,0.000481131161372309,0.00696135395119835,"MTHFD1"
968.752209922225,-0.0178810920328809,0.00512265892061684,-3.49058805397253,0.00048195876225178,0.00696751717295323,"SFMBT2"
502.685554466884,0.0107051685610997,0.0030689886041752,3.4881747512962,0.000486330110854692,0.00702485825404429,"AVL9"
1071.6313949486,-0.00690556823887613,0.00198019550179977,-3.48731639507299,0.000487893793313941,0.00704158196872732,"PTEN"
199.875187271102,-0.0164626311257767,0.00472214213146424,-3.48626336680637,0.00048981851750794,0.00706348432396321,"LRRC8D"
35.7941767128677,0.039343429530409,0.0112885689915252,3.48524507933164,0.000491686474705841,0.00707078017385301,"LINC02908"
3.69716539380949,0.0611112592158052,0.0175344909232164,3.48520293422898,0.000491763929094353,0.00707078017385301,"PHLDA1-AS1"
72.7050773039367,-0.0279598851349737,0.00802269440916775,-3.48509910872626,0.000491954788439047,0.00707078017385301,"TMEM102"
926.149720145494,-0.00599761171804087,0.00172089257826119,-3.48517495734738,0.000491815351369362,0.00707078017385301,"RAB11B"
59.4346920430959,0.0204297844373639,0.00587277634624249,3.47872679511033,0.000503801928022645,0.0072350627875305,"AMY2B"
2.15509027422345,0.0788499813951141,0.0226707701907186,3.47804599189996,0.000505083254950392,0.00724746427368023,"LINC02609"
23.0197439180503,0.0271173960980859,0.00779835151419905,3.47732415610033,0.000506445126427551,0.00726100004402079,"GOLGA7B"
1212.30011894819,-0.00615013713752296,0.00176886165847168,-3.4768898449847,0.000507266180197429,0.00726676605620561,"NCKAP1L"
163.017454399626,-0.0128734971895845,0.00370333819286303,-3.47618729890614,0.000508596952757135,0.00727981842939833,"PHC1"
1631.60740190092,0.0104265059596072,0.00300018052559406,3.47529286009971,0.000510295920669426,0.00728610175454585,"BLTP1"
188.420633041918,0.0118180999124259,0.00340030361025955,3.47560137770281,0.000509709301089788,0.00728610175454585,"ZSCAN26"
9.86355734106971,0.0419818538810385,0.0120794674082659,3.47547225900956,0.000509954732600657,0.00728610175454585,"OSBP2"
242.911528171636,-0.0116129588376754,0.00334218644991701,-3.4746591824534,0.000511502778369075,0.00729732746640355,"PGM2"
460.664906865707,-0.00933054933532,0.00268568083162647,-3.47418398546984,0.00051240955013233,0.00729964906831574,"ENSG00000290683"
142.100960410366,0.0137902174461608,0.00396939832977051,3.47413292909762,0.000512507065091571,0.00729964906831574,"GRN"
195.575272932998,-0.0355731165432469,0.0102430221183157,-3.47291220621676,0.000514843738524204,0.00732691482848063,"SOX4"
8.47195706367608,-0.0444634786916606,0.0128070507277701,-3.47179687476746,0.000516987352324875,0.00734014800823106,"ENSG00000270640"
8.87457043689101,0.0398447906169853,0.0114768010093878,3.47176801134682,0.000517042936710765,0.00734014800823106,"PPM1L-DT"
11.2568519582752,0.122968197255891,0.0354190968588997,3.47180499112566,0.000516971723067607,0.00734014800823106,"TRDV3"
146.205375429086,0.0290614145344263,0.0083721462244508,3.47120245577563,0.000518133192667186,0.00734961130530691,"PALS2"
2.6161142329981,0.0619225972008616,0.0178592061306449,3.46726482397264,0.000525783604716857,0.00745203756097062,"DUSP5-DT"
12.43353818415,0.032596574670304,0.00940403753502832,3.46623187634968,0.000527807874105147,0.00747462122447028,"LRP2BP"
931.094734353083,-0.0467294222319685,0.0134825005509334,-3.46593141646365,0.000528398048001067,0.00747687547856649,"IFI6"
149.268864271051,0.0209319189302456,0.00604006184140672,3.46551400960005,0.000529218953897872,0.00748238827401816,"DEF8"
120.969788579498,0.0526719254553797,0.0152051882993955,3.46407584163057,0.000532056481177221,0.0075163809735036,"PZP"
13.8003659195466,0.0312439128805208,0.00902802026425781,3.46077123953923,0.000538630311135506,0.00760305828932364,"GLIPR1-AS1"
16.6575705034267,0.0406668390062277,0.0117527188574249,3.46020691038109,0.000539760465432037,0.00761281671082519,"PRMT5-AS1"
256.320584155502,-0.0181653475819109,0.00525474174776172,-3.45694392871895,0.000546338514588219,0.00766642401982309,"IFIH1"
1195.56125335497,-0.0250274605248191,0.00723828264845767,-3.45765173043525,0.00054490530165915,0.00766642401982309,"CHST2"
10.8639281459844,0.0887420080439321,0.0256718110334481,3.45678798929725,0.00054665474478448,0.00766642401982309,"SGCB"
186.541791762542,-0.0335584299886167,0.00970537866075729,-3.45771465098078,0.000544778064829162,0.00766642401982309,"CCNJL"
15.4735542292741,-0.0535983135477335,0.0155049742638164,-3.45684634077818,0.000546536393615878,0.00766642401982309,"TSPAN13"
7.28012813036853,0.0914983410331288,0.0264671318350362,3.45705540001152,0.000546112565955566,0.00766642401982309,"IL7"
61.8835472417536,0.0265274299171151,0.00767131760767627,3.45800177671833,0.000544197795428179,0.00766642401982309,"ENSG00000258740"
105.346396161003,-0.0132316639631331,0.00382840611990573,-3.45618086188279,0.000547887565983677,0.00767750686161941,"PPP2R5B"
42.3433828354744,0.0364955807053695,0.0105629889058719,3.45504298362765,0.000550205098350951,0.00770375952073632,"ENSG00000289319"
1701.85057836781,-0.0166992463128177,0.00483456897878088,-3.45413342660149,0.000552064169326349,0.00771111852614614,"TRIM22"
9.22006726882482,0.0482102808594602,0.0139567951774498,3.45425151308048,0.000551822478736892,0.00771111852614614,"ENSG00000289229"
152.261288284837,-0.0114962420251339,0.00332801202583736,-3.45438716443379,0.000551544959319521,0.00771111852614614,"TRAF7"
8.46018604069413,0.0372550769053216,0.0107892213299544,3.45299032858742,0.000554408879574716,0.00773763897253593,"ENSG00000289943"
315.964199159115,0.00800482175681931,0.00231910558868215,3.45168490640744,0.000557097891163675,0.0077689181799899,"NUDCD3"
309.629787625391,0.0154530849907179,0.0044791137850122,3.45003179924258,0.000560520524136819,0.00780577140880825,"TMEM65"
271.327932178418,0.00867510845157089,0.00251454311823506,3.44997402854635,0.000560640487397688,0.00780577140880825,"APTX"
5.09612868085105,0.0478577767821267,0.0138833624015432,3.44713156639973,0.000566572597734861,0.00788203803167953,"R3HDM2-DT"
29.5482266087547,-0.0516309156274856,0.0149853022758676,-3.44543704738156,0.000570136750603671,0.00792526630566706,"CDT1"
6.84080259369769,0.0438206968754762,0.0127220333501857,3.44447272454577,0.000572174361751507,0.00794722244008418,"ENSG00000289855"
124.659692101063,-0.0129594680506397,0.00376447902708661,-3.44256614458263,0.000576222931072235,0.0079970523265929,"MEMO1"
54.9477463988028,0.0308887878342641,0.00897569923638696,3.44137955392297,0.000578756072537861,0.00802578764699186,"NBPF15"
25.9848283370846,0.0734123488416077,0.021342809153969,3.4396760197781,0.000582410920563824,0.00806357913004087,"NUAK1"
1595.04323928132,0.00527484652777049,0.00153352083976642,3.43969667120659,0.0005823664855685,0.00806357913004087,"URI1"
11.8927549284353,0.0382213894375791,0.0111141785371296,3.43897565707546,0.000583919737872608,0.0080780220196284,"FRMD6-AS2"
71.5640254180884,-0.0458219981498302,0.0133253950486665,-3.43869716300948,0.000584520718551563,0.00807989276926894,"TPX2"
456.368913786555,0.0127325389619334,0.00370381446931381,3.43768270992589,0.000586714746288839,0.00809259126546113,"TPRG1L"
14.1136047375792,0.0309959335121671,0.00901646966268716,3.43770174710813,0.000586673502768229,0.00809259126546113,"ENSG00000285923"
17827.9251576735,0.0117980714752385,0.00343214649730682,3.43751978084163,0.000587067837996207,0.00809259126546113,"RPL27A"
15.370871462079,-0.032404497699264,0.0094270090780763,-3.43741025715407,0.000587305303390337,0.00809259126546113,"GINS1"
52.7752414079497,0.0202949648414006,0.00590549250244548,3.43662528281873,0.000589009875935727,0.00810963756169285,"ASTN2"
38608.8314224755,0.0103578275056326,0.00301604688092727,3.43423955745945,0.000594218791783184,0.00817486724810046,"TPT1"
26.2589698716954,0.0455198869220538,0.0132559128081591,3.43393077344595,0.000594896106174788,0.00817770019803503,"ENSG00000232811"
15909.6807676058,0.0108307545255817,0.00315476658816615,3.43313973408016,0.000596634522416613,0.00819510347971766,"RPL35A"
29.4393165997133,0.0225727378641308,0.0065762350664938,3.43247125990672,0.000598107270087938,0.00820234381145103,"ENSG00000286408"
256.894305595959,-0.00896405885516411,0.00261153139734756,-3.43249132071267,0.000598063023954811,0.00820234381145103,"TIMM50"
23.0052507153393,0.0311318727044834,0.00907144529709232,3.431853655609,0.000599470950469898,0.00821455138132053,"B3GALT1-AS1"
161.903680786869,0.0105539633987461,0.00307579441907034,3.43129675160021,0.000600703084298816,0.00822493852124377,"RAD51-AS1"
113.994273717898,0.015048085921059,0.00438705757098593,3.43010906001792,0.000603338695003819,0.00825451078937401,"TSNARE1"
12.3477441767107,0.0311614440021126,0.00908554879216327,3.42978115190916,0.000604068250670117,0.00825797952137525,"ENSG00000289960"
625.591773720378,-0.00758721052825558,0.00221238130076775,-3.4294316832377,0.000604846679689379,0.00825814229312078,"GRSF1"
205.644656593583,0.0136485914871989,0.00397993720457398,3.42934845090348,0.000605032214350733,0.00825814229312078,"ALOX12-AS1"
12.5798539713524,0.0397731308654417,0.0116009131317104,3.42844829660212,0.000607042150944846,0.00827255870745577,"KLHL32"
286.497382539315,0.0108826814642703,0.00317420190316077,3.42847802259638,0.000606975677270219,0.00827255870745577,"CAPRIN2"
8.19145828325641,-0.0730187736299888,0.0212998420688283,-3.42813685632203,0.00060773900540329,0.00827555436870979,"E2F8"
39.5353342843528,0.0278036550845314,0.00811177657967537,3.42756667561522,0.000609016726717677,0.00828644876478295,"ENSG00000271858"
40.465324047937,0.0286572194002951,0.00836472853874053,3.42595928458069,0.00061263220882997,0.00832910937208646,"POU2F2-AS1"
238.058542594047,0.0120451928342014,0.0035161009712994,3.42572438406112,0.000613162236873597,0.00832978738080123,"ZNF141"
18.4853489571787,0.0288560798593634,0.00842817441481596,3.42376396585208,0.000617602382323501,0.00838354157163388,"ENSG00000257548"
389.541434381363,-0.0176175643037048,0.0051471122593437,-3.42280552978481,0.00061978401315453,0.00840104912241089,"EZH2"
55.8813543110598,0.0338427610978068,0.00988814364941741,3.42255961257205,0.000620344934621187,0.00840104912241089,"ENSG00000288528"
260.195543198303,0.0163636501680114,0.00478098326565729,3.42265372178869,0.000620130221735962,0.00840104912241089,"COQ7"
9.57656089167549,0.0348158514048869,0.0101741290116506,3.42199822363354,0.000621627197321206,0.00841184759682393,"ENSG00000289631"
211.042409668663,-0.0154807350774382,0.004524609378721,-3.42145228055339,0.000622876545116552,0.00842218418135771,"HADH"
11466.4643492894,0.00961182824644032,0.0028096351263172,3.42102366118951,0.000623859043445588,0.00842731820149616,"RPL35"
125.547830704466,0.0172781522910478,0.00505081686628076,3.42086295117858,0.000624227800837132,0.00842731820149616,"ENSG00000291177"
6.17238142597883,0.0496633378223763,0.0145190647452331,3.4205603937872,0.000624922584678151,0.0084301376353006,"ENSG00000271933"
11.2766790439488,0.038334073904898,0.0112136608375174,3.41851554638107,0.000629637207858808,0.00848713774820093,"ENSG00000247934"
141.570415864491,-0.0465498057392909,0.0136187259910132,-3.41807345048344,0.000630660849921013,0.00849433573325289,"TYMS"
1031.40964003798,-0.00899022573155506,0.00263233944086786,-3.41529879922745,0.000637120792171079,0.00856803992448363,"CCT2"
18096.5762334129,0.0113268060740468,0.00331646962539698,3.41532031148665,0.000637070471436278,0.00856803992448363,"RPS28"
18.4535205242352,0.0836654187483313,0.0245020551386724,3.41462862093879,0.000638690303092406,0.00858249370878936,"IL5RA"
155.766283072963,0.0226158430783846,0.00662451705783931,3.41396103005297,0.000640257329486742,0.00859689175846439,"PRKCI"
26.1307301502627,0.0362636517310696,0.0106244008779543,3.41324204043514,0.000641949002645567,0.0086129399055648,"ENSG00000230490"
4700.63993132478,-0.0192098490954303,0.00562936786434726,-3.41243449679189,0.000643853986463104,0.00861850228176075,"ETS1"
3502.58174673362,0.0188237106433797,0.00551603355954935,3.41254461927487,0.000643593899859131,0.00861850228176075,"FXYD5"
354.541519503793,-0.00794224352169781,0.00232737518034393,-3.41253253397852,0.000643622438063485,0.00861850228176075,"ELMO2"
22.134080971757,0.0311839693300636,0.00914263284373564,3.41083032240874,0.000647653816882304,0.00866268189304102,"LINC02693"
122.490420254893,0.0196771416863624,0.00577081293740165,3.40976945532775,0.00065017815357813,0.00868974623133544,"ZNF844"
10.1958543497348,0.0377127855502266,0.0110615155621814,3.40936875586597,0.00065113399777801,0.00869582185793142,"KCNC4"
713.911776008561,0.00990142999080086,0.00290493197561152,3.40848944964245,0.000653236111535928,0.00871718466378867,"PPCS"
4.8893909289733,0.137813889322076,0.0404463663732034,3.40732435765554,0.000656031161093668,0.00874775448320749,"TEX41"
413.300136976056,-0.00792420591167509,0.00232602952048281,-3.40675208199004,0.000657408116568657,0.00875266002013281,"RALA"
103.073252634272,-0.0150293348355616,0.00441147341584486,-3.40687417078843,0.000657114132749345,0.00875266002013281,"MEN1"
214.067527840894,-0.0301271817863853,0.00884440713146024,-3.40635401995693,0.000658367480033435,0.0087587109230215,"HERC6"
5.00858908365794,0.067516342756218,0.0198328716771383,3.40426458938094,0.000663424572469516,0.00881922565762541,"LINC00393"
5.94769475533329,0.0841579747199585,0.0247297847007302,3.40310179560413,0.000666254526373089,0.00885006395369093,"CD70"
60.8766475375953,0.0393613895948384,0.0115673717666861,3.40279454907801,0.000667004161265703,0.00885324268526199,"TSHZ3"
2.6892902154055,0.103676335940224,0.0304757930859302,3.40192413197898,0.000669132106767525,0.00887469708578213,"ENSG00000290596"
3016.69363692451,-0.00595382563130226,0.00175056336660672,-3.40109118291622,0.000671174361119574,0.00889498305324856,"HP1BP3"
137.431027141162,-0.0132027737779345,0.00388268742597856,-3.40042149403952,0.000672820529262239,0.00890999277987887,"NFKBIL1"
16555.2211649398,0.0100502053856321,0.00295611186022278,3.39980550833238,0.000674338002585548,0.00892327663528153,"RPL7A"
330.469018702845,-0.00781803592576845,0.00230240132574142,-3.39560086174416,0.000684781384530415,0.00905456361191588,"SPAST"
8.60853654366782,-0.104825421610113,0.0308752150994624,-3.39513170264319,0.000685955945687105,0.00906318640196489,"PRSS33"
102.316004728389,-0.0383522895388444,0.0113009406425468,-3.39372542091339,0.000689487864558904,0.00910291893026474,"ABCG1"
84.1843066269525,-0.026647965987394,0.00785514059992038,-3.39242380813197,0.000692771959479896,0.00913932163730588,"KLHDC7B"
24.5572249038998,-0.039085564814526,0.0115233454521517,-3.39185915902815,0.000694201140186509,0.00915121685406957,"SPATA9"
125.635299122621,0.0132779154210081,0.00391512356576524,3.39144223623318,0.000695258169624243,0.00915819189570339,"INTS6-AS1"
20.5038835154768,0.061645664236442,0.0181798136219783,3.39088538080038,0.000696672305215722,0.00916985671538873,"CAMK2N1"
93.5699981605551,0.0167320400630488,0.00493517963463166,3.39036089905115,0.000698006671865828,0.00917948774234961,"ENSG00000260719"
9.94555783344546,0.0674800528684102,0.0199045515265875,3.39018202838048,0.000698462290748299,0.00917948774234961,"FXYD1"
41594.056401368,0.00953743055975915,0.00281343703619687,3.3899569946131,0.000699035888729786,0.00918007161066187,"RPL41"
78.795489861744,0.0164370939125666,0.00485084903684794,3.38849834074559,0.00070276454069983,0.00922205692289005,"ENSG00000288012"
6.0596489447682,0.0687982779624274,0.0203166998887709,3.386291983397,0.000708439628053689,0.00928950163830341,"ACOXL"
13396.2382824829,0.0128528647814679,0.00379620531482447,3.38571381565599,0.000709933789301639,0.00930206297341755,"RPS21"
31.3736452040942,0.0338894020876461,0.0100141866886738,3.38413923578792,0.00071401784157861,0.00934851435147602,"ENSG00000251314"
83.7171450248965,0.0258691070559606,0.00764683482000184,3.38298232731465,0.000717032462423297,0.00938090434247312,"ZNF584"
405.826253898809,-0.00871715364298151,0.00257715930609886,-3.3824659664431,0.000718381785876351,0.0093914749219163,"ARPC1A"
21.6146702523783,-0.0580159590380647,0.0171537610701994,-3.38211304218605,0.000719305383310751,0.00939646821511665,"ZNF667-AS1"
47.7533129284859,0.0242360893482103,0.00716817523428828,3.3810682016086,0.000722046186878414,0.00941808815786971,"NTNG2"
39.4655588117263,0.0317363613786653,0.00938611214889005,3.38120415303351,0.000721689013734283,0.00941808815786971,"ENSG00000258561"
28.8233725598657,-0.0488144750653007,0.0144413044860256,-3.38019845177677,0.000724335092369812,0.0094408453662145,"SPRY1"
17.072313990309,-0.0426046414203156,0.0126054155128082,-3.37986807154635,0.0007252063134372,0.00944510444857999,"IFTAP"
414.120907205941,0.00883875438365481,0.00261586035550974,3.37890910921063,0.000727740638169623,0.00947100119352335,"PRKAG1"
19832.6763585203,0.00992660878720507,0.00293974008959585,3.37669606314406,0.000733620661749993,0.00949125911489097,"RPL32"
84.042253519866,0.0329266770201225,0.00975026977940562,3.37700163842336,0.000732806135995156,0.00949125911489097,"ENSG00000289005"
29.6238909343393,-0.0397875876131198,0.0117798614496076,-3.37759385229825,0.00073122995218757,0.00949125911489097,"NCAPG"
47.2862818499323,0.0245071321455186,0.00725743981125579,3.37682885189206,0.00073326660362616,0.00949125911489097,"TMEM67"
126.151184793205,0.0156379015275593,0.0046306525490054,3.37704057086254,0.00073270242003902,0.00949125911489097,"RALGPS1"
42.3677864689007,0.0313111600952166,0.0092700007178027,3.37768691161853,0.000730982560268145,0.00949125911489097,"DNAI7"
9.57817360470226,-0.0352698257261672,0.0104431806051982,-3.37730688183363,0.000731993333584115,0.00949125911489097,"ENSG00000288877"
577.08844432183,-0.00946073977859091,0.0028017907894831,-3.3766760223865,0.000733674110737191,0.00949125911489097,"GPI"
2902.1231017636,0.0105118957972322,0.00311383895175784,3.37586367185046,0.000735843708602067,0.00951223297826279,"EIF4B"
231.482885980909,-0.0486490679360165,0.0144127841834753,-3.37541083781677,0.000737055707507895,0.00951372203411232,"MKI67"
12.9613805563362,0.0321400468618366,0.00952155926229118,3.37550247564208,0.000736810291629159,0.00951372203411232,"RILPL1"
200.049393098653,0.0146215193947084,0.00433236443934173,3.37495139188475,0.000738287297766645,0.00952253385996711,"ZDHHC13"
31.1041977574199,0.0210615136103396,0.00624325414082297,3.37348330458374,0.000742235474556605,0.00956634547742049,"LRRC51"
37.2195003964778,0.0391620296631086,0.0116103244412452,3.37303491054799,0.000743445259511793,0.00957482432220534,"BAG3"
8.11676333538767,-0.0513795350812422,0.015235485498981,-3.37235955392946,0.000745270855329962,0.00959121572571526,"PTP4A3"
15.3935263557945,0.0456537515991233,0.0135385761025352,3.37212357144222,0.000745909734259329,0.00959232177163145,"ENSG00000226530"
18.0124238065059,-0.0267050966364671,0.00791992015664949,-3.37188962871623,0.000746543592934126,0.00959336166683053,"IFT140"
22.5654104715586,0.0330919605071042,0.00981666006316192,3.3709999423618,0.000748958734749622,0.00961727322756213,"SLC22A1"
58.1459141432806,-0.0165301218574689,0.00490421718254939,-3.3705933571392,0.000750064864541196,0.0096243530103999,"MSANTD7"
112.295211039541,0.0123912012507669,0.0036773235389494,3.36962497847198,0.000752705486147891,0.00965109739371295,"MBTPS2"
40.1635719811734,0.0291317000237199,0.00864868506520504,3.36833863229928,0.000756226507881141,0.00968908231811081,"ENSG00000289049"
254.588616591986,0.0106934792890882,0.00317552775062725,3.36746523061431,0.000758625917791398,0.00971265123383408,"SLC25A13"
1561.14988198495,-0.00655069525900451,0.00194573506698133,-3.36669435123428,0.000760749549428068,0.00973265721495437,"WAS"
752.398787883305,0.0079492266020413,0.0023623560017892,3.36495710046272,0.000765555609632405,0.00978692609867573,"NORAD"
6.13653453702235,0.0493912654278967,0.0146855782575457,3.36324961548713,0.000770306780050227,0.00984041385884487,"PHLDA1-DT"
28.7319797918649,-0.0344189298238638,0.0102352078276143,-3.36279735629817,0.000771569793755005,0.00984929564537295,"ENSG00000289398"
132.145063804731,-0.0285343758277659,0.00848591473482884,-3.36255745189755,0.000772240549330954,0.00985060959543632,"PLEKHO2"
162.588291902743,0.014138473996369,0.00420519662456575,3.36214338082919,0.00077339953613839,0.00985814485887494,"SPRYD3"
66.418957324332,-0.0270329732952908,0.00805073653314088,-3.35782610497927,0.000785580175992998,0.0100060535191825,"C21orf58"
4318.76921401859,0.0143052636706652,0.00426229574887302,3.35623441297982,0.00079011568143794,0.0100564393555285,"PPP2R5C"
128.261977138208,0.0159361221412784,0.00474884650381588,3.35578800630283,0.000791392068502858,0.0100653002964718,"BAZ1A-AS1"
135.510211825702,0.0125607689127458,0.00374340847787608,3.35543635886418,0.00079239886269857,0.0100707219561134,"TK2"
162.597371374612,-0.01031808916191,0.00307971483862653,-3.35033913935733,0.000807126739530778,0.0102503914182869,"CYB561A3"
165.257863645333,0.0111333756960479,0.00332366524704343,3.34972834762814,0.000808908499811326,0.0102655045023606,"GPN2"
477.679891514684,-0.0118368359926341,0.00353510543318786,-3.34836858938036,0.0008128882092694,0.0103009383889011,"PHTF1"
5.93929092461628,0.0891826452819467,0.0266336749815485,3.34849191272821,0.00081252652157744,0.0103009383889011,"ENSG00000290955"
971.702563627572,-0.0276636794142722,0.00826286613378071,-3.34795202613485,0.000814111027595593,0.0103089037275389,"EIF2AK2"
702.45633222059,0.00791714101664982,0.00236640690396782,3.34563806561539,0.000820934771150957,0.0103877289642063,"UBR3"
256.421919806942,-0.00950488152762998,0.00284135266753413,-3.3451959822639,0.000822244473164375,0.0103967180178248,"TMEM127"
126.986477650789,-0.0149509027657735,0.00447024834605792,-3.34453515965347,0.00082420582005673,0.0104139275792747,"CDK5"
309.574397265481,0.012543872503244,0.00375158169232572,3.34362237903653,0.000826922126838001,0.0104406441458411,"NDUFAF2"
3.11435627997427,-0.0813676471954011,0.0243388367360637,-3.34311980797487,0.000828421250431244,0.0104519649836227,"ENSG00000235659"
3480.88889919243,0.00890432266699155,0.00266436155810333,3.34200988597443,0.000831740983283096,0.0104862228037755,"ANKRD12"
455.319160245046,-0.00790460374330674,0.00236537850100257,-3.34179233469669,0.000832393115294702,0.0104868233581209,"CLPTM1L"
76.4409653902399,0.0177109950618028,0.00530155681800294,3.34071588210845,0.000835626876446087,0.0105143131380434,"ZNF709"
70.2587987214607,-0.0320930433873939,0.00960678983890449,-3.34066258610417,0.000835787284837551,0.0105143131380434,"ZNF154"
5.42572557392764,0.0441373702669997,0.0132201288153957,3.33864903158878,0.000841868574303269,0.0105449357595763,"GDF9"
658.248913944513,-0.00974362622470794,0.00291824189757841,-3.33886859509258,0.000841203465765686,0.0105449357595763,"PHYKPL"
13029.2513832425,-0.0130928717867051,0.00392154726719796,-3.33870049105906,0.000841712647940936,0.0105449357595763,"IFITM2"
128.296451814885,0.0272978853953824,0.0081762131372722,3.33869542501796,0.000841727997266909,0.0105449357595763,"CTSF"
15459.5556738831,0.00885263728593594,0.00265122512927716,3.33907414658127,0.000840581244605623,0.0105449357595763,"RPS15"
2050.10282693172,-0.0112510579480731,0.00336963894238508,-3.33895059394982,0.000840955197320746,0.0105449357595763,"APOL6"
4.77260678746977,0.0488704953639559,0.0146433966948042,3.33737427063601,0.00084573976601151,0.0105857817177256,"OVGP1"
6.29033563930383,-0.0548151761151153,0.0164262799906316,-3.33704138407344,0.000846753390420978,0.0105908275537297,"TIMP2"
583.455413090164,-0.00837441483297954,0.00251107079188233,-3.33499750785679,0.000853001637322241,0.010638297918236,"MRPS5"
3.04541522743758,-0.0651698001968708,0.0195404620944773,-3.33512072958038,0.000852623733534488,0.010638297918236,"FMNL2"
202.022725288146,0.0110788796845472,0.0033217546415147,3.33524925233349,0.000852229737664462,0.010638297918236,"PCYT2"
478.158215041982,-0.00766934871821692,0.00229960357058807,-3.33507427815294,0.000852766175326984,0.010638297918236,"VPS26C"
1443.2949993313,0.00548076149745273,0.00164423070853803,3.33332875307137,0.00085813479458517,0.0106792843733598,"SPCS1"
308.285112198699,0.0104492310765585,0.00313457743729911,3.33353738600314,0.000857491468111385,0.0106792843733598,"PURB"
3436.37387544188,0.0177655874855999,0.00532943349751784,3.33348516195467,0.000857652460696391,0.0106792843733598,"RBM3"
95.6532646770428,-0.0231713200539827,0.00695279088804045,-3.33266459859161,0.000860185718096944,0.0106971339337246,"BRCA1"
20.3117038707478,-0.068469016967184,0.0205466038343776,-3.33237636346621,0.000861077208023469,0.0107005497168991,"DLGAP5"
1592.20202546237,-0.00896692286520694,0.00269104887362374,-3.33212932440434,0.0008618419633235,0.0107023868144138,"NCR1"
161.355101275598,0.0151550087505899,0.00454841917056521,3.33192878278776,0.000862463240254058,0.0107024408382886,"OTUD7B"
191.267048309288,-0.0111682861684093,0.00335273636609831,-3.33109584199316,0.000865048133889334,0.010726844193504,"MOV10"
10.051494241217,0.0695520013311544,0.0208932407458695,3.3289235584434,0.000871823290954549,0.0108031360367711,"CFH"
40.5379293321757,0.0184033901434547,0.00552881133325961,3.32863413745838,0.000872729673974432,0.0108066483826613,"ENSG00000289827"
503.041799708889,0.00945379176706183,0.00284075209674731,3.32791860926073,0.000874974253166928,0.0108216094682685,"FAM228B"
69.0913546901157,0.0248917047407706,0.00747981267359296,3.32785135497435,0.000875185501728193,0.0108216094682685,"INSIG1-DT"
291.391991167425,-0.00806738724065051,0.00242464489912507,-3.32724484462101,0.000877092713599577,0.0108374675181805,"PRR14"
1676.51566091628,0.00862748727894763,0.00259319084425592,3.32697737926156,0.000877934999782586,0.010840154004433,"SEC62"
24.8551076434504,0.0221476733646402,0.00666065653157647,3.32514869362259,0.000883713910143193,0.0108882591712813,"ENSG00000290126"
191.320783589741,0.0177622272682414,0.0053411880839715,3.3255199010019,0.000882537996409592,0.0108882591712813,"PPP1R13B"
36.3771547616454,-0.0294096371027097,0.00884454715101846,-3.32517161145138,0.000883641268811713,0.0108882591712813,"INAFM1"
36.9285182502111,0.0405937776077129,0.0122102224972187,3.32457312853714,0.000885540062219632,0.0109030156134749,"EPHX4"
187.39293454986,-0.0149151878695946,0.00448707525766355,-3.3240333654134,0.000887255799885531,0.0109163926357547,"BDH2"
100.082733913346,0.0124088490113338,0.00373469936640929,3.32258310345987,0.000891881002570453,0.0109500011554085,"MFAP3"
27.2110296176492,0.0212432217153198,0.00639351137295751,3.32262202663341,0.000891756576737585,0.0109500011554085,"ZSCAN2-AS1"
58.2639816990992,-0.0499676044719361,0.0150379864614511,-3.32275897441621,0.000891318923212492,0.0109500011554085,"ODF3B"
257.251639060826,0.011607556957539,0.00349475328301844,3.321423865296,0.000895594127968156,0.0109878125403052,"ZSCAN16-AS1"
57.0913469572613,0.0201538520234047,0.00606864753462595,3.32097916519498,0.000897022333955338,0.010997557208097,"PLBD2"
56.2729449262497,0.0375292209798868,0.0113051371473893,3.31966083123135,0.000901268731545558,0.0110418149398675,"LINC00540"
391.462627474654,-0.0162884369009816,0.00490949033292933,-3.31774497888924,0.000907472975599261,0.0111099796617473,"PARP12"
864.899861148267,-0.0074039925851544,0.00223224931018324,-3.31683049531176,0.000910448348989205,0.0111385458097777,"PUF60"
998.638932392232,0.0198151353163735,0.0059745944996733,3.31656572131499,0.000911311506685245,0.011141248779405,"TSPO"
4.73834631401889,0.055555216012229,0.016763649628706,3.31402870154817,0.000919620669652012,0.0112191134860219,"FAM218A"
3011.97232192805,-0.00852950538938592,0.00257373845643531,-3.31405289766681,0.000919541092823683,0.0112191134860219,"BPTF"
93.6847233545321,-0.0382534978881949,0.0115419462239825,-3.31430221089661,0.000918721516458877,0.0112191134860219,"P2RY11"
2471.51378577127,-0.0114277942800172,0.00344908608454095,-3.31328183753876,0.000922080116278887,0.0112412128300816,"S1PR5"
29.9974214853411,0.0433726918017271,0.0130969358505153,3.31166711792519,0.000927418285515645,0.0112983514165207,"ENSG00000271254"
783.810162554285,-0.0317783375564369,0.00959670590065989,-3.31137974690376,0.000928371313604524,0.0113020249462535,"CTPS1"
10.487506012276,0.127090681730466,0.038384822877321,3.31096178655431,0.00092975904367145,0.0113109816897702,"ENSG00000287097"
77.9926386726251,0.0154502079102182,0.00466813213194944,3.30971949240136,0.000933895116665885,0.0113533374098947,"ENSG00000287825"
144.249090238698,-0.0217886572770903,0.00658676226943009,-3.30794651238803,0.000939827577246837,0.0114174571499147,"H2AC8"
438.782328446909,0.0101848026014871,0.00307963108418364,3.30715021477546,0.000942503364995176,0.0114419512777721,"SFXN1"
491.364314535932,-0.0106046663922109,0.00320753996312129,-3.30616812701889,0.000945813179939753,0.0114741028290873,"TXNRD1"
119.356715747202,0.0158313920945225,0.00479430774257767,3.30212263053659,0.000959561087427818,0.0116327503457008,"ZNF439"
103.46142315817,0.0195757463070515,0.00592921065538155,3.30157713139842,0.000961428966642159,0.0116391275040532,"HNRNPD-DT"
3.60589811329026,0.0573034167204918,0.017355897279135,3.30166834931555,0.000961116387120047,0.0116391275040532,"UQCRFS1-DT"
1.40940098747917,0.0833632182783171,0.0252584931010509,3.30040347002525,0.000965459199893088,0.0116797672243691,"ADIRF-AS1"
1167.45539405419,0.00928606912822866,0.00281456737058866,3.29928827615397,0.000969303153073369,0.0117180983271894,"FBL"
798.145595300951,0.00864796551944124,0.00262197492508293,3.29826400577333,0.000972846185150741,0.0117478650290516,"RSRC1"
166.342082743966,-0.0289947347506741,0.00879111823137512,-3.29818505309065,0.000973119785954986,0.0117478650290516,"AGPAT5"
317.712435260993,0.0115804511451661,0.00351194417195463,3.29744739043524,0.000975679510283716,0.0117526590080901,"NAALADL1"
27.3675371179236,0.0410795630092722,0.0124579403325669,3.29746024725163,0.000975634843183742,0.0117526590080901,"LINC02694"
4.5482060545697,0.0491321306411401,0.0149007614855354,3.29728991963493,0.000976226748366258,0.0117526590080901,"ENSG00000275445"
231.21698101239,-0.0195529675415029,0.00592991543435468,-3.29734340362153,0.000976040850459025,0.0117526590080901,"TRIM25"
34.336896073946,0.018483696144206,0.00560607153410095,3.29708531754763,0.00097693820033113,0.0117530678913623,"USP54"
10159.948759833,0.0109608356613247,0.0033250854405188,3.29640722243052,0.000979299538362697,0.0117733114286321,"RPL8"
1632.07008147584,-0.0115016372814757,0.00348985763673773,-3.2957325136699,0.000981654328662755,0.0117934482642947,"SHISA5"
6.02185550395853,-0.0599519652510993,0.0181974118732087,-3.29453252302126,0.000985855356107351,0.0118193633156533,"CTNNA3"
521.72372639213,-0.00601571444210574,0.00182586697638428,-3.29471671261534,0.000985209450170978,0.0118193633156533,"LTN1"
30.6442528203806,0.0443947141314921,0.0134749554343553,3.29460934752368,0.000985585904519785,0.0118193633156533,"ENSG00000290931"
81.0134828815762,0.0126936905196551,0.0038541094277058,3.29354699386706,0.000989318022029799,0.0118526858053681,"SAP30L-AS1"
103.663290191586,0.0231952327414053,0.00704641164362192,3.29177940695539,0.000995556679570564,0.0119109774325449,"ADAM22"
194.108800100554,-0.0208677437401236,0.00633909017642744,-3.29191463748575,0.000995078102875962,0.0119109774325449,"UNG"
54.0546854411372,-0.0429596334393479,0.0130516251789097,-3.29151602581777,0.000996489389065724,0.0119139200010422,"MTHFD1L"
49.02655323164,-0.0317524149797047,0.00964928107474431,-3.29065085095431,0.000999558922258441,0.0119423885560189,"GUCY1B1"
12.3859018132996,0.0580694136762947,0.0176487470172491,3.29028534544352,0.00100085831873248,0.0119496834916524,"ENSG00000227757"
796.816665238325,0.00925608563042911,0.00281443101662545,3.28879463584342,0.00100617410220603,0.0119967782172069,"VPS26A"
3.40483276001772,0.0553393377095473,0.0168266490262996,3.28879134657491,0.00100618586038944,0.0119967782172069,"USP12-DT"
7.94608381807707,0.0660620832011405,0.0200907567718567,3.28818291671724,0.00100836301026774,0.0120144790536572,"TGFBR3L"
704.218543740184,0.00717388070853705,0.00218247381617026,3.28704090531796,0.00101246125805599,0.0120550294473269,"TMEM219"
11.6763439089579,-0.0465232991848871,0.0141579845871184,-3.28601143041334,0.00101616886301309,0.0120825890579515,"NEIL3"
51.8235278686499,0.0599477027250664,0.0182432934284427,3.28601318397935,0.00101616253695748,0.0120825890579515,"RBFOX3"
1.46815177013409,0.0861221217566703,0.0262177023477514,3.28488441185071,0.00102024217379704,0.0121227131719391,"PRRT1"
463.227004906259,-0.0198816369991699,0.00605322086490706,-3.2844724226786,0.00102173496794644,0.0121321411525906,"NMI"
97.0825258135441,-0.0146175752770258,0.00445108989685062,-3.28404404668809,0.00102328928139906,0.0121422862200484,"TRAF2"
58.3375501157538,0.0180812167097934,0.00550628489484097,3.28374158894944,0.00102438803255927,0.0121470154400808,"ENSG00000288818"
598.33814401523,0.00870112206503131,0.00264994429633115,3.28351130892752,0.00102522531266999,0.0121486398389338,"ANXA7"
8.83146597855035,0.0454819908395101,0.0138554387229981,3.28260921568771,0.00102851135703502,0.0121792594005757,"B3GNT5"
3.70054213441057,0.0557783184604469,0.0169993492950045,3.28120315033695,0.00103365265672973,0.0122317914658577,"ENSG00000283108"
7.78788756505879,-0.0599238151960861,0.0182752070590431,-3.27896778419449,0.00104187529124757,0.0123206902198792,"KRT73-AS1"
1.4997613821463,0.136306602937877,0.0415838918454855,3.27787027352695,0.00104593452139571,0.0123602670825428,"NLGN4Y"
78.664641787051,0.0262373220879377,0.00800545744496652,3.27742946212706,0.00104756901252098,0.0123693951080413,"ENSG00000290115"
2018.98005165364,-0.0110578402728791,0.00337413367365204,-3.27723834986968,0.0010482783746567,0.0123693951080413,"ZC3HAV1"
561.763990612949,-0.00697113731060695,0.002127236925391,-3.27708551285402,0.00104884598823661,0.0123693951080413,"TXNL1"
1636.24377316405,-0.022116458666653,0.0067495048143504,-3.27675278038624,0.00105008268993186,0.0123736865556446,"LINC00299"
50.9909452634724,0.0188051641439137,0.00573922408311926,3.27660392268446,0.00105063640168691,0.0123736865556446,"C2orf49-DT"
43.0712893963442,0.0574312954434223,0.0175318850293988,3.27581976194329,0.00105355773727596,0.0123996741019426,"BCORP1"
9.3810531621467,-0.0515306397367134,0.0157338115173791,-3.27515298373787,0.00105604768272758,0.0124205526779377,"CD200R1"
1048.31656180067,0.00732907095014259,0.0022380632931834,3.27473801677779,0.00105760003846089,0.0124244162828795,"SSBP1"
586.785203666582,-0.0111693832176644,0.0034108295484322,-3.27468231967159,0.00105780855717161,0.0124244162828795,"ZNFX1"
1917.01139582735,-0.0188796371075197,0.00576802370232779,-3.27315525764925,0.00106354040748707,0.0124832875433597,"BST2"
480.57881192349,-0.0199592894811171,0.00610083166553574,-3.27156862790843,0.00106952627160441,0.0125450586611178,"FBXO6"
994.920986904555,-0.0263116025932428,0.00804342581555782,-3.27119354322261,0.00107094589756669,0.0125532225885047,"SIPA1L1"
4.50202211761545,0.0768851525783746,0.0235136319834336,3.26981185350454,0.00107619038719694,0.012606178823155,"ENSG00000290056"
12.9530516006236,-0.0548993169375467,0.0168031635812798,-3.26720124290817,0.00108616440295631,0.0127144264929055,"SLC27A2"
155.479440115647,0.0120395762459066,0.00368598183913839,3.26631458627068,0.00108957133819383,0.0127457070633759,"GLMP"
55.3577978882257,0.053673833767531,0.0164369384101298,3.26543985432547,0.00109294213594439,0.0127765230285467,"TM4SF19"
308565.296438043,0.00865306518617131,0.00265020010111745,3.26506107313284,0.00109440476731168,0.0127850059955037,"MALAT1"
450.872593740686,0.00904037767373184,0.0027720491063871,3.26126173338771,0.00110917606360251,0.0129488468044256,"TRAPPC2L"
1247.59107615981,-0.0214157837266224,0.00656884865710831,-3.26020355232995,0.00111332282292288,0.0129885166994392,"MIDN"
10.2754142875737,-0.0479490078086928,0.0147096108435641,-3.25970607371111,0.00111527727255098,0.0130025740082086,"NEK2"
115.326285364768,0.0294031470400379,0.00902276221084682,3.25877445874508,0.00111894585392805,0.0130365833941866,"CLEC11A"
1384.76394905763,-0.00619997671962201,0.00190457760327901,-3.25530275529221,0.00113271546255101,0.013188152915661,"SMG1"
141.718288586735,-0.0159570224177201,0.00490644631189601,-3.25225660352814,0.00114492607698644,0.0133170986754916,"BARD1"
61.984740901921,0.0256732260403119,0.00789421385376726,3.25215740488968,0.00114532575650412,0.0133170986754916,"THAP7-AS1"
3.38299499070067,-0.077521414238856,0.0238402162930572,-3.25170767269556,0.00114713938292998,0.0133292525218147,"IL1RL1"
262.98739174435,-0.00790510704893835,0.00243170176660613,-3.25085384955381,0.00115058988491242,0.0133603971375238,"RBBP5"
138.287594112246,-0.0550619487185051,0.0169396702403193,-3.25047347069651,0.0011521301727991,0.0133693339382734,"KRT72"
18.5874727089463,0.0262842517269522,0.00808755695943491,3.24996186843408,0.00115420483592975,0.0133844555439234,"ENSG00000284968"
34.9208216045551,-0.0342295900287721,0.0105333047943981,-3.24965342757159,0.00115545730134624,0.0133900289003036,"FAM50B"
3.13653063619378,-0.0530930968672619,0.0163392867898299,-3.24941336486661,0.00115643297724731,0.0133923893786958,"ENSG00000226180"
104.115278348231,0.0158241899951373,0.00487032057039231,3.24910645334844,0.0011576814527361,0.0133979038305976,"SYCE1L"
1417.2429083212,-0.00824115081113502,0.0025366232425559,-3.24886671101824,0.00115865755930125,0.0134002608925054,"CALM3"
107.726999991964,0.014042295205673,0.0043225036491828,3.24864854846978,0.00115954646512685,0.013401606980027,"ALKBH1"
629.280218931633,-0.00651662721024508,0.00200634601115883,-3.2480076586995,0.00116216142447944,0.0134139563485491,"RNPEPL1"
205.703876279609,0.0119294929159045,0.00367284752380534,3.24802291371593,0.00116209911767302,0.0134139563485491,"RBSN"
821.887248516989,-0.0237793806676253,0.00732267618733556,-3.24736203804168,0.00116480119632241,0.0134265589061801,"ITGAX"
594.913076844017,-0.0130928479030297,0.00403167583120764,-3.24749519832003,0.001164256286062,0.0134265589061801,"ADA"
1.4112771237,-0.106101255419369,0.0326756313185175,-3.24710651754847,0.00116584748160019,0.0134296959567066,"GPR55"
161.310264719663,0.0191830683332974,0.00590827622609257,3.24681304651596,0.00116705023533425,0.013434630048161,"ZNF10"
398.582827643638,0.0338025742353462,0.0104126542193272,3.24629758401123,0.0011691655691034,0.013450055897086,"OXNAD1"
20.320194574316,-0.03862620109591,0.0119024971761546,-3.24521825330011,0.00117360636356404,0.0134921956230014,"H4C4"
18.3085984949656,0.0377776479910058,0.0116425887777231,3.24478075385514,0.00117541084502524,0.0134973286462881,"GNAT2"
2.7569097922209,0.0753782593670911,0.0232314548837597,3.24466374337086,0.00117589389312614,0.0134973286462881,"SCUBE3"
20.946061486447,0.0406014615606366,0.0125137637665719,3.24454435276263,0.0011763869560288,0.0134973286462881,"ZNF532"
258.162433492334,-0.00982391978316592,0.00302889868184263,-3.24339663193671,0.00118113660282573,0.013539926295877,"BICD2"
170.431903665513,-0.0152145541888987,0.00469111511848342,-3.24327026828909,0.00118166061862795,0.013539926295877,"FANCA"
187.00814590547,-0.0230309904727244,0.00710519019281112,-3.24143194590718,0.00118930826794459,0.0136185609454143,"CMTM7"
36.5031018969911,0.0181082357479905,0.00558741371181534,3.24089761058828,0.00119153973173963,0.0136261247634931,"GPAT4-AS1"
17.336522656242,-0.0523626262579172,0.0161565789379828,-3.24094763247292,0.00119133066891345,0.0136261247634931,"KIF23"
95.1569361931,-0.0207663449448579,0.00640833533351115,-3.24052095655237,0.00119311501871569,0.0136351510834518,"ZC4H2"
3.39815800282689,0.0545909204152013,0.0168522716687365,3.23938051132155,0.00119789646371228,0.0136807819963665,"GPR157"
486.09218081585,0.0689961811552696,0.0213124678006179,3.23736236463753,0.00120640117567352,0.0137507540049831,"AK5"
99.6411878101012,-0.0107062449743919,0.00330686830739016,-3.23757827019166,0.0012054886666453,0.0137507540049831,"PGAM5"
3.08108316481334,0.0585003919465176,0.018069390286601,3.23754100269213,0.00120564612946227,0.0137507540049831,"ENSG00000289957"
320.46089508815,-0.0091222702262824,0.00281860150501434,-3.23645262022806,0.0012102531568539,0.0137620184264021,"STRIP1"
16.7073961331922,-0.0278949069057054,0.00861823141642095,-3.23673217367489,0.00120906828218597,0.0137620184264021,"MBOAT2"
561.608153859548,-0.0106994008515742,0.00330612827625801,-3.23623282508691,0.00121118550171799,0.0137620184264021,"GSR"
413.879960787547,-0.00871674976958089,0.00269306019455474,-3.23674524141934,0.00120901292136536,0.0137620184264021,"TSSC4"
155.28106807076,0.0247911030007782,0.00766057695427654,3.23619267174628,0.00121135589907286,0.0137620184264021,"ENSG00000278743"
50.8929458351516,0.0227317017162615,0.00702498910675941,3.23583444341418,0.00121287708068282,0.0137702824579094,"LINC02340"
49.4396389662401,0.0192902835392857,0.00596252736534235,3.23525283110849,0.0012153505989847,0.0137893408706256,"FLVCR1"
2618.08578084852,0.0222058822895841,0.00686695650455692,3.23372985905012,0.00122184968424217,0.0138540185112635,"VIM"
27.5715162257431,-0.0518125762219114,0.0160326731487774,-3.23168667764318,0.00123061911855972,0.013944337340806,"CDK1"
212.664669236446,-0.0112732205250761,0.00348906663234668,-3.23101325167125,0.00123352220831613,0.0139681091839871,"ARHGAP21"
25.4456531161543,0.0551942555246143,0.0170853954387894,3.23049330185857,0.00123576799904925,0.0139832859243166,"LRFN2"
11.5387558984762,0.0378162143935228,0.0117066106493603,3.23032989873882,0.00123647455660028,0.0139832859243166,"POU2F2-AS2"
20.0688885297909,0.0250229857242509,0.00774792475768576,3.22963716179984,0.00123947410685626,0.0140080760949462,"REM2"
478.535956364857,-0.0310920093154463,0.00962767932800381,-3.2294396454408,0.00124033058277624,0.014008629524741,"IPCEF1"
759.740160539629,-0.00902663893382731,0.00279637929087066,-3.22797374565624,0.00124670415785227,0.0140714533054139,"SETD5"
3.17346876494391,0.0758233453795543,0.0234966054081615,3.22699147653121,0.00125099186597198,0.0140998656333288,"ENSG00000290108"
281.149088568889,0.0270270419953295,0.00837640950968823,3.22656646192737,0.00125285131642812,0.0140998656333288,"PALLD"
18.969137693671,0.0383498339863371,0.0118860133186622,3.22646735774089,0.00125328526669316,0.0140998656333288,"FAM66B"
121.199809010918,0.0111119326451507,0.00344372980634292,3.22671442593547,0.00125220368049076,0.0140998656333288,"ZHX3"
3.50934662467729,0.0666235477257965,0.0206462474194291,3.22690832732638,0.00125135544538351,0.0140998656333288,"CLIC2"
38.1522878512074,-0.0551342943246565,0.0170950021793284,-3.22517035951747,0.0012589772768626,0.0141547231361065,"GPR82"
12.7410325614039,0.0374648099265325,0.011619950925509,3.22417970322808,0.00126334094118265,0.014194584616345,"C21orf91-OT1"
115.278034838173,0.0111231813974385,0.00345135624795891,3.22284360069079,0.00126924835275552,0.0142463383496766,"PIAS3"
39.8761274392306,0.0226347933146861,0.00702340443517129,3.22276661177836,0.00126958952551303,0.0142463383496766,"CFAP54"
10.2587946565495,-0.0492085835962676,0.0152703010859474,-3.22250251120143,0.00127076051829426,0.0142502608089004,"SPC24"
4.59297815549648,0.0824036511673381,0.0255751387277006,3.22202166896112,0.0012728950803142,0.0142525070446413,"ENSG00000287647"
2282.51789833494,-0.0132467065641758,0.00411121659108815,-3.22208919687922,0.00127259510972447,0.0142525070446413,"LBH"
246.702701230896,0.0140315074751229,0.00435515212211746,3.22181799433927,0.00127380023329714,0.0142525070446413,"AGA"
1.5071327134849,0.103375595327913,0.0320880340634316,3.22162445737747,0.00127466088390475,0.0142525070446413,"LINC00943"
29.8366843526264,0.0235534619605363,0.00731125938897826,3.22153280405332,0.00127506864960129,0.0142525070446413,"ENSG00000290183"
679.060018482479,-0.00818202917696301,0.00254005337747394,-3.22120363671253,0.00127653410836117,0.0142596997500641,"PSMC4"
205.629180836252,0.015971700947363,0.00496023240112968,3.21995012647501,0.00128212900361689,0.014298236703696,"CROCC"
43.4955262668708,0.0217681793042806,0.00676094934332533,3.21969270865355,0.00128328075557152,0.014298236703696,"ENSG00000273456"
483.77103211391,0.00889864506049549,0.00276345630063618,3.22011426721201,0.00128139509503371,0.014298236703696,"YTHDC2"
111.454595169384,0.0173782348860439,0.00539745083802522,3.21971156524736,0.00128319635403063,0.014298236703696,"MFHAS1"
25.4274240960612,-0.0381535194926517,0.0118574707136025,-3.21767773365726,0.00129232931005944,0.0143898131392241,"POLQ"
2.35278125165117,-0.0914458834884609,0.0284259956461679,-3.21698084481304,0.00129547247702532,0.0143924635642,"CDC42BPA"
6.64799534292182,0.0494559805529075,0.0153715352312426,3.21737417954118,0.00129369755922867,0.0143924635642,"ENSG00000288707"
2200.18644260625,0.00603968669512308,0.00187756043769837,3.21677351836775,0.00129640893919328,0.0143924635642,"CYFIP2"
833.129710768085,0.00986106509743377,0.00306516552580206,3.21713950337264,0.0012947562620809,0.0143924635642,"ZBTB44"
9.13047652100073,0.0402033768478559,0.0124983075490067,3.21670567716594,0.00129671550327672,0.0143924635642,"COQ7-DT"
653.47743223562,-0.00716217117869963,0.00222763148911893,-3.21515080644349,0.00130376009396942,0.014461400326203,"SEC13"
767.349850520268,0.00716076306735474,0.0022274446914353,3.21478827056332,0.00130540769050506,0.0144704233960906,"TMED4"
32.6191846948456,0.0235819013287616,0.00733632829457682,3.21440104393827,0.00130716961983091,0.0144807015101064,"NPL"
226.648905315036,-0.0113363671256656,0.00352840525390684,-3.21288693046619,0.00131408011351308,0.0145386873783322,"DFFA"
479.023258580242,-0.0202993507965175,0.00631800173746871,-3.2129384637761,0.00131384435964695,0.0145386873783322,"DDX60"
14.0897757994774,0.0353912325588436,0.011019528072424,3.21168314343777,0.00131959830045747,0.0145815052777879,"ENSG00000270019"
11.7689840585974,0.0323979285455788,0.0100875458480492,3.21167596495675,0.00131963127081664,0.0145815052777879,"ENSG00000224738"
2.4896300638628,-0.0940661111255894,0.0292968201155212,-3.2107959414938,0.00132367893246561,0.0146169205094929,"MYO18B"
5.38171721300393,-0.0457715945410071,0.0142579982499692,-3.21023987649219,0.00132624245253746,0.0146359122561196,"ZNF547"
194.880627544672,-0.0140236457340134,0.00436997292027373,-3.20909213623571,0.00133154815148282,0.0146851222707717,"ATG101"
678.856547858497,0.01241985465666,0.00387083861583718,3.20856948306893,0.00133397072219408,0.0146951489974123,"ADK"
33.358163129781,0.0267124638527991,0.00832545106164064,3.20853052345432,0.00133415146823406,0.0146951489974123,"APOA1"
378.882674683086,0.00876569643629548,0.00273278249149857,3.20760853216995,0.00133843547914449,0.0147329814036793,"AK3"
74.9008086305345,-0.023591448394573,0.00735742771317159,-3.20648048669762,0.00134369417805381,0.0147814880157752,"HSD17B7P2"
16.1461628957406,-0.0559109370513263,0.0174392400185389,-3.2060420632946,0.00134574314995745,0.0147946464926881,"DEGS2"
77.0030568076083,-0.0153903433098077,0.00480131288361913,-3.20544477788892,0.00134853920192764,0.0148066190348359,"ZBTB7B"
396.577197535149,-0.0165051248606211,0.00514886979571514,-3.20558210160152,0.00134789587905575,0.0148066190348359,"TRIB2"
42.8147508240665,-0.0498942296065619,0.0155695248796189,-3.20460836103453,0.00135246369967511,0.0148403164212295,"DIAPH3"
59.1304800684993,-0.0213426668264626,0.00666668981760725,-3.20138890669474,0.00136766802101828,0.0149976642405974,"H3C11"
647.409084635352,0.0243530914111055,0.0076091189199507,3.20051397110552,0.00137182718528433,0.0150337700633686,"PRDX2"
993.239386770754,-0.00748023378358737,0.00233758605853746,-3.19998220226701,0.00137436074097879,0.0150520266000631,"RPN1"
38.310017939363,0.0459902299489957,0.0143740443778027,3.19953304304644,0.00137650407321892,0.0150659890613261,"LINC00469"
14.6923169858472,-0.0624846089521469,0.0195350513063764,-3.19858944684478,0.00138101684200934,0.0150963328135967,"HJURP"
8.67183648618558,0.041204664976862,0.0128819884332502,3.19862614303449,0.00138084108701617,0.0150963328135967,"ENSG00000254571"
255.933435835872,0.012372555471031,0.00386839101180513,3.19837251024361,0.0013820562730953,0.0150981815023031,"ZNF507"
565.434219179498,-0.00951135692732617,0.00297458394412248,-3.19754194401533,0.00138604252481295,0.0151241077662786,"LIMS1"
339.641877275319,-0.00671166550607433,0.00209902564609541,-3.19751477003595,0.0013861731236098,0.0151241077662786,"GOLGA3"
73.7456782818392,0.0233879013679649,0.00731548945329697,3.19703849172039,0.00138846397191352,0.0151395807572318,"EPS8"
277.874965499478,-0.0123060807054232,0.00385095962266694,-3.19558809004098,0.00139546177283624,0.0152063259014844,"PML"
3.34939879357903,0.0528790900795905,0.0165490327682236,3.19529792587793,0.00139686563554274,0.0152120684528534,"ENSG00000266680"
145.751498785502,-0.0106550301300913,0.00333533289560976,-3.19459270291021,0.00140028305279456,0.0152397179422083,"ULK2"
295.127698678631,0.0074233440681001,0.00232445666435426,3.19358247539638,0.00140519191468512,0.01526475122069,"RAD54L2"
3.03458191139127,0.0561583421037042,0.0175847124977589,3.19358886935804,0.0014051607955391,0.01526475122069,"LINC00511"
309.550152785014,-0.0101616705609222,0.00318190963521247,-3.19357609922938,0.00140522294785808,0.01526475122069,"HPRT1"
707.401209797764,0.00950342641425573,0.00297708031832133,3.1921968499709,0.00141195070597844,0.0153282358243517,"ZNF24"
5.06402266078734,0.0433494313166296,0.0135906183000623,3.18965850997603,0.00142441000164294,0.0154538240828653,"USP2"
161.30870002161,-0.0147087808558169,0.00461231265233964,-3.18902510833815,0.00142753477868094,0.0154780458378481,"MAGEH1"
14.3274796179136,0.0247365355399651,0.00775745255359307,3.18874467733711,0.00142892025356385,0.0154828110197313,"ENSG00000272667"
242.101398046804,-0.0187265961346541,0.00587302987671794,-3.18857498220649,0.00142975923758414,0.0154828110197313,"PDXK"
162.969016277215,-0.0215615125394679,0.00676398624103597,-3.18769313997977,0.00143412644036077,0.01550922715263,"DCAF12"
392.169536140989,0.0112518151495442,0.00352993571121969,3.18754109707466,0.001434880653676,0.01550922715263,"ZNF808"
501.989008568096,-0.00946213156097132,0.00296829705719848,-3.18773066800188,0.00143394033774008,0.01550922715263,"MAGED2"
140.978101863502,0.0139734025312022,0.00438444278015948,3.18704182762626,0.00143735986683757,0.0155263505416551,"CRYL1"
208.787596130294,-0.0163229630206276,0.00512257836782763,-3.18647404657466,0.00144018408499359,0.0155384677744171,"SCCPDH"
456.018391386218,0.00889212718658784,0.00279060080174971,3.18645618571186,0.00144027301021805,0.0155384677744171,"PPP3CB"
50.2288609877125,-0.0407329524396483,0.012789904570035,-3.18477375781834,0.00144867216900121,0.0155999781426648,"DTL"
885.149300187855,0.00778052427190886,0.00244284542383912,3.1850252152595,0.00144741395902516,0.0155999781426648,"SLK"
7.3676679407564,0.0358760571649637,0.0112642855965706,3.18493852605142,0.00144784760937885,0.0155999781426648,"RFPL3S"
975.498401298858,-0.0104229601326978,0.00327314321577204,-3.18438865811721,0.00145060103493955,0.0156013805047312,"CCT3"
210.816928216432,0.0152222388151103,0.00478014983983092,3.18446896544329,0.00145019860084195,0.0156013805047312,"ZNF880"
457.793686637502,-0.0122628954230302,0.00385117562388119,-3.18419532648364,0.00145157027586826,0.0156021320605716,"RPAP3"
804.969045928736,-0.00823504117319043,0.00258791491428149,-3.18211434531526,0.00146204083804581,0.0157049439371014,"RBM4"
2.62500659199176,-0.0669367465738395,0.021036660932003,-3.1819092768667,0.00146307640897728,0.0157063425389467,"GJD3-AS1"
264.499874867085,0.0134244906778425,0.00421926565539788,3.18171259509769,0.00146407026322289,0.0157072918530555,"ERICH6-AS1"
4202.51991055239,-0.0285662127984053,0.00897938240838005,-3.18131153115227,0.00146609881085345,0.0157096245649696,"TNFAIP3"
3.35642679853544,0.0559515901594661,0.0175867587642605,3.18146117254818,0.00146534163455834,0.0157096245649696,"ENSG00000228862"
8.7570309576475,-0.0659111290867299,0.0207236886447986,-3.18047285000457,0.00147034916346228,0.0157454427702121,"E2F2"
8.4292790803016,-0.0470934408768111,0.0148093820165163,-3.17997339958478,0.00147288572011766,0.0157628756771136,"ENSG00000287092"
70.2342670885229,-0.02862735415593,0.00900483336725836,-3.17910981673679,0.00147728111048862,0.0158001681287032,"TLE3"
78.0294425746304,-0.0136755643238851,0.00430226850633768,-3.17868684944689,0.00147943830007346,0.0158134908377538,"IQCE"
4.65370528320386,-0.0816845491480903,0.0257166796038552,-3.17632565348152,0.0014915341366172,0.0159329644101201,"IGLV2-23"
41.2227019044602,0.0295418626002052,0.00930325964554082,3.17543137843789,0.0014961390329565,0.015972319965372,"ENSG00000229337"
350.450008364909,0.0333358580121196,0.0105037447785777,3.1737117299449,0.00150503086114549,0.016030539736465,"ITGA6"
541.268820944147,-0.00939442146254745,0.00296010382360827,-3.173679716104,0.00150519685653152,0.016030539736465,"HDAC2"
97.8641752698147,0.0133438038324617,0.00420454473523547,3.17366199499227,0.00150528874975222,0.016030539736465,"ACO1"
2.48585748016945,-0.0594201773100518,0.018722837452999,-3.17367372649672,0.00150522791519568,0.016030539736465,"ENSG00000289757"
26.8306601873838,-0.0388382193158239,0.0122384974448697,-3.17344669889233,0.00150640558538434,0.0160325914694771,"CDKN3"
39.1827669306493,0.0229063756738928,0.00721979980848599,3.1727161807131,0.00151020079655629,0.016063129012053,"C21orf62-AS1"
104.80049279457,0.0141724251872505,0.00446782163792719,3.17211078144688,0.00151335265834677,0.0160867903903185,"CHD1-DT"
117.998063741103,0.0196599675898258,0.00619910436324225,3.17142065011843,0.00151695304721941,0.0161151876688073,"DYRK1B"
12.6606568473104,-0.0353897227850177,0.011160399717369,-3.17100853743979,0.00151910678431096,0.0161281912449366,"TRBJ1-3"
431.799994626042,0.011969787316486,0.00377606533783962,3.16991001096772,0.00152486154862286,0.0161596201255402,"ASTE1"
24.2627432913183,0.023435324631862,0.00739247978166852,3.17015741997369,0.00152356371730607,0.0161596201255402,"ENSG00000289912"
719.785572111535,0.010574802023016,0.00333593312113746,3.16996823347892,0.0015245560397021,0.0161596201255402,"ZNF652"
59.211128839144,0.0167136250930894,0.00527338890922409,3.16942774007324,0.0015273943205408,0.016176579165288,"NEIL2"
10.5950362039784,0.0365776771645274,0.0115415760282308,3.16920991336522,0.00152853956438866,0.0161788312159942,"SND1-DT"
2072.96981911155,0.00658829361254485,0.00207923110904039,3.16862016151032,0.00153164420941202,0.016201807161512,"CAPNS1"
16.0444327321042,0.066281880379876,0.0209200085647311,3.1683486254217,0.00153307561523301,0.0162070662846205,"ENSG00000197585"
179.483011733112,-0.0159230053363849,0.00502654564255524,-3.16778290076173,0.00153606179804886,0.0162090024772212,"INPP1"
2769.6152546067,-0.0160598958433112,0.00506919893007792,-3.16813288743125,0.00153421375891236,0.0162090024772212,"TUBA1B"
2.43236900605435,-0.0601253760600128,0.018979566636244,-3.16790036423674,0.00153544132568727,0.0162090024772212,"ENSG00000286523"
1502.98808611483,-0.00685327461910116,0.00216357875559381,-3.16756420416055,0.00153721762514058,0.0162113382133366,"SNX6"
3539.72802799147,-0.027761478584186,0.00876759732804825,-3.16637244452078,0.00154353024751738,0.0162612363217873,"PDE4D"
82.1285221894973,-0.0258417425075978,0.00816145114238624,-3.1663171238494,0.00154382385416092,0.0162612363217873,"PRC1"
19.0215977621717,0.0243130912057852,0.00768066863253657,3.16549149155986,0.00154821189726358,0.0162876773764273,"PFKM"
408.190024775531,-0.0165392175262755,0.00522476895047632,-3.16554046371137,0.00154795130159989,0.0162876773764273,"DAAM1"
29.5849138391531,0.0465874583656657,0.0147244156362778,3.16395974661869,0.00155638319923012,0.016363718630451,"LINC00612"
2.21136717749429,0.112234628987702,0.0354759624639183,3.16368101645877,0.00155787438723096,0.0163694759961736,"RCAN2"
1094.3206351727,-0.00516238648383543,0.00163195414899139,-3.16331588545302,0.00155982980464534,0.0163801013625831,"CGGBP1"
52.3961626755585,0.0193719525845421,0.00612569879961004,3.16240697074027,0.00156470721305412,0.0164210948499556,"SEC31B"
295.425809246536,0.0270334973904197,0.00854885530892322,3.16223592674477,0.00156562663602874,0.0164210948499556,"GNAL"
828.440985259091,-0.0144676738292715,0.00457686090955284,-3.1610473018908,0.00157202967464344,0.0164782905110057,"NLRC5"
2.31357689182981,-0.0781712827942145,0.0247326576468816,-3.16065033973697,0.00157417344690894,0.0164868730328679,"PLSCR4"
12.7203978064224,-0.0308624454845931,0.00976491618660496,-3.16054381776761,0.00157474917082443,0.0164868730328679,"ENSG00000285669"
247.934768138721,0.0102878492901921,0.00325556813794801,3.16007801227485,0.00157726900813031,0.0165032947847073,"MFSD8"
33672.0591370103,-0.00750715990075207,0.00237715757010886,-3.15804050818906,0.00158833485322644,0.016609061503178,"TMSB10"
21.8178720184749,-0.0272627911546472,0.00863461207722707,-3.15738459479264,0.00159191234986139,0.0166364430393948,"TEX22"
1313.44862845686,0.0153100374543013,0.00485016349010972,3.15660234660562,0.00159618860241233,0.0166710896295298,"GLIPR1"
30.922558860632,0.0411349953144293,0.0130347397509435,3.15579720810704,0.0016006010285495,0.0166970695389517,"NUGGC"
139.040120431306,0.0188852113690258,0.00598410693559038,3.15589470113014,0.00160006613759499,0.0166970695389517,"AKTIP"
41.4340001809643,0.0260780939497572,0.00826439706430718,3.15547447041056,0.00160237288850883,0.0167055077342856,"AMOTL1"
408.605511463494,0.00762985002191985,0.00241832963717338,3.15500827705103,0.00160493552125849,0.0167221750287041,"MRPL3"
6031.86537288876,0.0103578225399295,0.00328354659989187,3.15446186762527,0.00160794389795312,0.0167270413219545,"EEF1B2"
1185.19244920767,-0.00472970939028157,0.00149926610210575,-3.15468307036263,0.00160672539309729,0.0167270413219545,"NSD1"
694.08688813297,-0.0168138036648693,0.00533027316206725,-3.15439812438212,0.00160829518820729,0.0167270413219545,"CPT1A"
9.56511972795897,0.033945082148387,0.0107651134358665,3.15324890449282,0.00161464069133779,0.0167449982256851,"FALEC"
609.327309499296,-0.00808980447302164,0.00256520901877644,-3.15366288431355,0.00161235222035217,0.0167449982256851,"CD2AP"
597.698608703021,0.0131191449202784,0.00416056619332539,3.15321144062672,0.00161484793818141,0.0167449982256851,"BBS9"
115.259924222438,-0.0241282826005655,0.00765122922894545,-3.15351715111155,0.00161315748944695,0.0167449982256851,"NDC80"
130.103477896319,-0.016806123080997,0.0053288417201775,-3.15380414046848,0.00161157204294101,0.0167449982256851,"FAM110A"
175.940557566377,-0.0129594019672559,0.00411047497669225,-3.15277481087709,0.00161726514211777,0.0167537679525861,"INTS3"
5.86082135566464,0.0493821490343159,0.0156633980585049,3.1527098302595,0.00161762516258829,0.0167537679525861,"ENSG00000286121"
2.9192099950613,0.0570477877424943,0.0181000397279731,3.15180455954075,0.00162264842837257,0.0167957666679041,"WDR93"
364.112483543373,-0.0269933882653449,0.00857062906329306,-3.14952240564864,0.00163537567831767,0.0169174104158945,"CCDC28B"
273.867852428659,-0.0135729691278192,0.0043118587428441,-3.14782323292586,0.00164491131715693,0.0170059127115842,"MCM5"
684.444958641225,0.0249969733908445,0.00794256019673112,3.14721862619718,0.0016483166510466,0.0170309691854416,"ENSG00000288755"
124.843987029532,0.0132451433688764,0.00420922357698647,3.14669513904963,0.00165127033272111,0.0170513319833606,"PRR3"
1105.97055801293,-0.00794460385271282,0.00252513326076706,-3.14621171727764,0.00165400227729226,0.0170693822168151,"DNMT1"
3.62707283700991,0.0626779579470916,0.0199249348141853,3.14570454215333,0.00165687292826131,0.0170888415930305,"LINC00384"
267.701729400172,-0.0129230610067341,0.00410967203480187,-3.14454800706673,0.00166343616128886,0.017136330935601,"TET3"
314.19389659943,0.0078221639387968,0.00248767179296523,3.14437135996667,0.00166444072091812,0.017136330935601,"HACD2"
35.0796035043716,0.0325481572759692,0.0103510943447717,3.14441702411968,0.00166418098378273,0.017136330935601,"LINC01465"
533.699576366251,0.013159063292013,0.00418716852807425,3.14271164482244,0.00167390651184897,0.0172184570207511,"THUMPD3-AS1"
1572.46485691466,0.028455638874982,0.00905473603884056,3.14262489297542,0.00167440263972833,0.0172184570207511,"LINC01619"
25.3944066132159,0.0219697031773737,0.0069917739436427,3.14222160991771,0.00167671076460624,0.0172319776921736,"ZNF563"
717.26679162671,0.0101031179149862,0.00321591453591652,3.14160025154614,0.0016802727377497,0.017258360837467,"TNFSF12"
695.275318549631,-0.010371343934765,0.00330253711304766,-3.14041707322225,0.00168707463137175,0.0172975004166886,"IP6K2"
33.5346320151122,-0.0432057289517504,0.0137577184465405,-3.14047195540732,0.00168675856353877,0.0172975004166886,"UHRF1"
22.8020711042813,0.0295765510614849,0.00941720319240696,3.1406937343491,0.00168548188796574,0.0172975004166886,"ENSG00000287024"
11.9647738619272,0.0596914637914149,0.0190111467486789,3.13981395128429,0.00169055161610287,0.0173126856175635,"THORLNC"
16.3564588042503,0.0289822095524756,0.00923005150147258,3.13998351448545,0.00168957342247289,0.0173126856175635,"ASNS"
2.85090374056281,-0.0698153367121755,0.0222432810862103,-3.13871575158296,0.00169689964701025,0.0173674425229108,"PTGS2"
37.9259507097526,0.0264178675090341,0.00842112814392787,3.13709363609233,0.00170631623786611,0.0174535224613805,"ZNF528-AS1"
971.54248461962,-0.01608166971288,0.00512724621184254,-3.13651208630001,0.00170970389737498,0.0174675755074565,"HSPD1"
47.9876345077352,-0.0219606554986526,0.00700126437711731,-3.13666993785124,0.00170878376514386,0.0174675755074565,"DCLRE1A"
14.8592428069216,0.0333765779472542,0.0106439563889059,3.13573043027894,0.00171426696613995,0.0175038865971724,"ENSG00000289277"
207.003300913106,-0.0118547555014063,0.00378168848413436,-3.13477843326905,0.00171983956038534,0.0175504568785675,"SHMT2"
554.392630247344,-0.0114656757368812,0.0036581088113356,-3.13431784788682,0.00172254161094983,0.0175676965706982,"SLBP"
204.203891945395,0.0118817681500464,0.00379128621839646,3.13396759453098,0.00172459900500543,0.0175783452049555,"TRMT11"
924.997732788589,-0.00914215114221745,0.00291734800068206,-3.13371978251483,0.00172605602171734,0.0175828654519979,"FGFR1OP2"
23.41092926494,-0.0390658054705363,0.0124711395913474,-3.13249684877561,0.00173326288130727,0.0176149059548439,"BUB1"
3294.43173913669,-0.00932804658359402,0.00297774024142364,-3.1325924450463,0.00173269852841182,0.0176149059548439,"DOCK10"
30.9693583524629,0.0383852318278444,0.0122535138888222,3.13258973516648,0.00173271452386882,0.0176149059548439,"JAM3"
132.851059200595,-0.0301851077751929,0.00963544483893223,-3.13271553932095,0.00173197208983195,0.0176149059548439,"TENM1"
11.1726131247321,0.0361387020379483,0.0115375621232963,3.13226500119798,0.00173463229638797,0.0176179659144261,"LINC02427"
794.797875858979,-0.0337770063238699,0.0107841332404408,-3.13210209580917,0.00173559509728812,0.0176179659144261,"ENC1"
4.08185489118084,0.058784953519596,0.0187708830573727,3.1317095386467,0.00173791720168788,0.017631220827416,"GFRA2"
2044.02235845448,-0.012725931010778,0.004063886216582,-3.13146833660155,0.001739345407494,0.0176353969194658,"BRD2"
495.311599775324,-0.00831136586346057,0.0026558746979214,-3.12942695299797,0.00175147613917229,0.0177480187280146,"MDM2"
174.831690180148,0.00947721357037005,0.00302895068930949,3.12887680998549,0.00175475859305161,0.0177709002173143,"ABRAXAS1"
19327.2973487426,0.00970853551571238,0.00310368327571948,3.12806902420216,0.0017595885347338,0.0178094176782742,"RPL26"
26807.30007233,-0.0136159041747029,0.00435313517061994,-3.12783859012673,0.00176096859334703,0.0178129930946847,"IFITM1"
285.303484975809,0.00949634596514069,0.00303661878926264,3.1272762978084,0.00176434031278904,0.0178366991528346,"KHDC4"
80.6664558510924,-0.0139828202108593,0.00447188471121992,-3.12682931556275,0.00176702482212192,0.017853434254031,"RBM4B"
90.571549470369,0.0437083563993714,0.0139832774104744,3.1257590846786,0.00177346773686114,0.0179081014546374,"ENSG00000287277"
38.2899259801447,0.0195056620293933,0.0062409901523241,3.12541144166515,0.00177556523065949,0.0179188514377433,"DYNLT2"
11.3100241655816,-0.0348625948739163,0.011158161431964,-3.12440316323509,0.00178166155379621,0.0179699212995678,"TRBJ1-4"
1348.79890334992,-0.00713105676322883,0.00228271192279656,-3.12394073558461,0.00178446394668118,0.0179877283829315,"PSMD8"
15.1724630743145,0.0338031667323959,0.010823736737484,3.12305884300855,0.00178981960545674,0.0180312372331379,"SPTBN5"
199.494740020639,0.00931692385135016,0.00298549137863686,3.12073379880405,0.00180401030273492,0.0181476337928491,"ARNT"
368.340722523388,-0.0120635179213188,0.00386570436741771,-3.12065196267898,0.00180451166086377,0.0181476337928491,"HACD3"
15.4884284240516,0.0348176900520964,0.0111566388587409,3.12080461624138,0.00180357655245998,0.0181476337928491,"ENSG00000286138"
37.1646232375676,0.0208138526578889,0.00667225018919027,3.11946525800389,0.00181179625596375,0.0182103368762799,"DPY19L2P2"
295.307058520852,0.0126155268039121,0.00404509503688555,3.11872198029374,0.00181637262588103,0.0182457627757869,"CSNK1E"
831.389855606436,-0.0136339634660644,0.00437245610339201,-3.11814759111879,0.00181991642086622,0.0182707812900389,"GSPT1"
797.858317578763,-0.00488171680566065,0.00156626012292179,-3.11679824712259,0.0018282664450294,0.0183439943830943,"STX16"
88.0279073574764,0.013966112066735,0.00448200428170157,3.11604166103849,0.00183296374800669,0.0183804942776995,"GALNT12"
104.31275982614,0.0299272448994126,0.00960686087922559,3.11519499195923,0.00183823348286665,0.0184226888854828,"MICU3"
129.252110489538,-0.0112576849140767,0.00361420396140117,-3.11484493800185,0.00184041631091777,0.0184265504935267,"DNAJC14"
61.7829689267351,0.0191116014743442,0.00613575418524552,3.11479255806912,0.0018407431407241,0.0184265504935267,"NPIPA1"
28.0206306544295,0.0299815012190026,0.00962888341749219,3.1137048730424,0.00184754192241463,0.0184539047083636,"ENSG00000270361"
42.3501754396976,0.0222925787136905,0.00715957211520853,3.11367472175273,0.00184773071699491,0.0184539047083636,"ENSG00000289317"
270.720521168072,-0.00865507148838408,0.00277967116664619,-3.11370337334788,0.00184755131244645,0.0184539047083636,"INTS15"
348.20740136427,0.00839894041814324,0.00269726351522712,3.11387462542235,0.00184647933579459,0.0184539047083636,"ULK3"
387.379576304214,0.00770292396145478,0.00247433254502744,3.11313205532337,0.00185113169570032,0.0184666087734383,"PHTF2"
14.7653653621587,0.0519650753288981,0.0166920202092052,3.1131687283868,0.00185090167857482,0.0184666087734383,"ENSG00000229976"
11.1660054066835,0.0403670009756515,0.0129685112163063,3.11269353145912,0.00185388419661011,0.0184834385303404,"ENSG00000288075"
203.982671037961,0.0293411034977979,0.00942880128443599,3.11185935652615,0.00185913047894677,0.0185250979602346,"LDLR"
179.57790308749,-0.0112130659187532,0.00360452273835137,-3.11083234389078,0.00186560828604345,0.0185789739071652,"CNOT3"
67.0146423305093,-0.0158519317611713,0.00509749938333869,-3.10974667559229,0.0018724785991135,0.0186366946284687,"ARMC5"
76.2618420191814,-0.0151274409981936,0.00486554743792092,-3.10909331194553,0.00187662440135108,0.0186672477721552,"ZNF444"
1326.79472461527,-0.00766132519511499,0.00246465286991157,-3.1084804227988,0.00188052104263125,0.0186952888524738,"ATP5F1C"
481.894023574377,-0.00763432955761257,0.00245629003290419,-3.10807333635033,0.00188311333273277,0.0187103379703597,"EPS15L1"
52.2283922865814,-0.0171846337912493,0.00552939949116175,-3.10786620115212,0.00188443361074878,0.0187127385685575,"TUBG1"
293.955326340705,-0.00958419038838373,0.00308443668512247,-3.10727415304463,0.00188821201008992,0.0187395320086041,"ANKFY1"
30.5092880343066,0.025160968780136,0.00809987837937256,3.1063390833388,0.00189419371936663,0.0187823212128352,"ENSG00000286652"
2.65724147906606,0.065269415624064,0.0210122068598082,3.10626180579396,0.00189468884727124,0.0187823212128352,"ENSG00000289864"
432.690168820108,-0.00761659177342884,0.00245323087257874,-3.10471870322689,0.00190460063736581,0.0188697954637476,"UBE2Z"
268.673817265813,-0.015496150835993,0.00499205414535797,-3.10416321313394,0.00190818035062299,0.0188868520357362,"DGKQ"
6.60377742506271,-0.0395183968250286,0.0127309758794372,-3.1041137143978,0.00190849963215619,0.0188868520357362,"NLRP7"
316.606837721744,-0.00991474141498323,0.00319474457367704,-3.10345355828297,0.00191276252805674,0.0189182464861621,"SMYD2"
8.08990485738688,0.0404087779260498,0.0130215257291674,3.10322912740837,0.001914213759797,0.0189218121395774,"SMIM1"
861.196540838821,-0.00738453116963267,0.00238028068306215,-3.10237831285204,0.00191972454785915,0.0189654791892144,"EIF3J"
19.718545084498,-0.0504500879379946,0.0162650429847841,-3.10174943805501,0.00192380717558603,0.0189733978863368,"KIF14"
11.6420740149941,0.033702622390076,0.0108647327570783,3.10202037579976,0.0019220472830359,0.0189733978863368,"TNFSF13"
22.7872445387082,-0.0385394398847599,0.0124246790096816,-3.1018459192973,0.00192318030625276,0.0189733978863368,"DSCR9"
318.992402727241,0.0147478070406844,0.00475686120778154,3.10032317456711,0.00193309597814835,0.0190541755846122,"ENSG00000253736"
69.0318648331731,0.0282261666623074,0.00910533185848159,3.09996023220338,0.00193546627084479,0.0190667057732058,"CYP2F1"
28.9093292830765,0.0521382231300837,0.0168208704098078,3.09961505319507,0.00193772303076803,0.0190781039374369,"GOLGA8R"
91.8068612672394,0.0246199421564261,0.00794436634768443,3.09904416273579,0.00194146078181388,0.0191040621910988,"UBE2Q2P1"
556.364086544659,-0.012897421381262,0.00416328902791454,-3.09789238623256,0.00194902188507513,0.0191675916452853,"UNC119"
10.127806064229,0.0298088418500867,0.00962490856398461,3.09705195139497,0.00195455616467281,0.0192111276740759,"ATF6-DT"
7.61856182862723,0.0443414786784805,0.0143184291702596,3.09681167893618,0.00195614101323518,0.0192158178355628,"ENSG00000290051"
339.126224479826,-0.00762059075129283,0.00246186333598956,-3.09545645360922,0.00196510225886662,0.019292922459999,"CEP104"
10.8504120368974,-0.0425798631439828,0.0137590587750448,-3.09467848347382,0.00197026349279017,0.0193217247444454,"LDLRAD2"
51.4681970217511,0.0361360795310767,0.0116765968735192,3.09474412129684,0.00196982755610922,0.0193217247444454,"ENSG00000254092"
16181.9536651651,0.010023578916591,0.00323957061263179,3.09410724912336,0.00197406111336091,0.0193480294884661,"RPL39"
322.618489831334,-0.00931175143860137,0.00301003507201538,-3.09356908335512,0.00197764503662242,0.0193503587678092,"UXS1"
263.678839087277,0.00819309995269418,0.00264835564999739,3.09365547361521,0.00197706931721436,0.0193503587678092,"ASB1"
3005.79583407887,-0.0107339426340005,0.0034697070014469,-3.09361644355686,0.00197732940111686,0.0193503587678092,"USP15"
12.1732439345735,0.0288075109398266,0.00931277834541608,3.09333153558907,0.00197922888882468,0.0193549395509191,"ANKRD34A"
1159.10455067145,-0.0130251022923053,0.00421139497586302,-3.09282372395767,0.00198261863384044,0.0193771651041487,"TERF1"
377.204199892481,-0.010993074117011,0.00355648763235344,-3.09099180241956,0.00199489141322812,0.0194861352684017,"VGLL4"
19.4008804539346,-0.0505799377391533,0.0163657185540472,-3.09060293149456,0.00199750557106741,0.0194917859458376,"NRXN2"
11.730028245654,-0.0576340283044371,0.0186483401000147,-3.09057149297656,0.00199771705163127,0.0194917859458376,"E2F7"
122.765089594786,0.0234550480860906,0.00759203934265746,3.08942657268693,0.00200543271449004,0.0195560689887427,"LINC01135"
5.39774280673653,0.0513159856103222,0.0166180745278101,3.08796217783508,0.00201534118803064,0.0196306226445567,"SLC44A4"
325.328619533911,0.0141932267182554,0.00459626529005273,3.08799118905788,0.00201514445518871,0.0196306226445567,"CDC25B"
1106.86541757055,-0.0139534710425661,0.00451994843146483,-3.08708633608105,0.00202128880916322,0.0196421332619525,"CLDND1"
40.8628198831479,0.0210804675881457,0.00682890486629961,3.08694702897049,0.00202223629203414,0.0196421332619525,"C3orf33"
47.5977182729494,0.0235386706882158,0.00762416786656669,3.0873757110513,0.00201932195714825,0.0196421332619525,"RPS6KA2"
23695.5271908137,0.0114196292555416,0.00369879967604353,3.08738787058529,0.00201923934850478,0.0196421332619525,"RPS3"
298.858714143599,-0.00734400688436918,0.00237917413393267,-3.08678830171621,0.00202331635572453,0.0196421332619525,"LCMT1"
9.43624058082701,0.0819927242309371,0.0265591676078677,3.08717221268065,0.00202070493135524,0.0196421332619525,"CDH4"
33.6333354556746,0.0184691064499992,0.00598689449361375,3.08492265392354,0.00203605094023416,0.0197547045364554,"SEMA4F"
17.6118206085086,0.0270392269855861,0.00877062406089039,3.08293079236611,0.00204972817799653,0.0198762909065868,"PLEKHB1"
161.415065892015,0.0354092282255057,0.0114873868748854,3.08244412860508,0.00205308267286165,0.0198976973233541,"PDZD4"
15.7188452892294,0.0365385484700613,0.0118550672467647,3.08210385563463,0.00205543111069861,0.0199093349572303,"ADAM12"
391.419605766091,0.0100837618772156,0.00327226765685945,3.08158223428871,0.00205903593272333,0.0199331224112078,"BMI1"
579.751607287392,0.00647376834621121,0.00210095402255672,3.08134698651476,0.0020606635805318,0.0199377533714811,"MYSM1"
52.0939205028511,0.0223171486948976,0.00724353209308884,3.08097602220755,0.00206323263119536,0.0199514825451377,"LINC01353"
25.5664485436257,-0.0348941571873232,0.0113298807469752,-3.07983446309785,0.00207115675003314,0.0200169511418245,"RTN4R"
33.1209716713367,0.0210618070523045,0.00684048097892485,3.07899504686802,0.00207700134890818,0.0200622602454672,"NEK11"
3.19365620123365,0.0588503791178181,0.0191163445334452,3.0785372702849,0.00208019507869861,0.0200819277825618,"ENSG00000246331"
64.8878196851916,-0.0141789744456081,0.00460652419211698,-3.07802018490908,0.00208380800038803,0.0201056180148674,"CTNS"
1888.66593129001,-0.00551355272787343,0.00179151652647412,-3.07758965457307,0.00208682054449222,0.0201123126699173,"ADD1"
3.76752458497037,-0.0482362332167573,0.0156731385952689,-3.0776371256819,0.00208648817970302,0.0201123126699173,"GFOD1-AS1"
163.740826455795,0.107990251983171,0.0350931081747253,3.07724956836248,0.00208920304864999,0.0201240946629539,"ENSG00000290581"
340.266278623522,-0.00893683487922835,0.00290605288462505,-3.07524853608486,0.00210327205728155,0.0202483705048393,"NADK"
1782.17154625493,0.0100558310476771,0.00327073908524708,3.07448279596337,0.00210867882941734,0.0202891626914764,"NDUFB7"
579.897287810931,-0.0159437348629737,0.00518741926379818,-3.07353889326845,0.00211536111918249,0.0203421755518724,"DDX60L"
22.5087955688203,-0.0510369531543086,0.0166127927777387,-3.07214770190227,0.00212524536461792,0.0204259039254248,"MYBL2"
30.8479099413431,0.0256840627035858,0.00836120265956354,3.07181439672538,0.00212761973765954,0.0204298963403292,"MINDY1"
2545.94598225577,-0.0129330840351171,0.00421031887516263,-3.07175879513817,0.00212801606450167,0.0204298963403292,"SELPLG"
1.84102129816283,0.0883417910908581,0.0287704244892968,3.07057656113914,0.00213645904032263,0.0204996080926532,"ENSG00000286907"
9.39924010202975,0.0315704812764498,0.0102871261352548,3.06893109517294,0.00214826133763622,0.0205900760692338,"ENSG00000287710"
600.818142430578,-0.0105213005624034,0.00342825827785674,-3.06899297242593,0.00214781643628387,0.0205900760692338,"NBDY"
120.353754371545,-0.0277698470429926,0.00904980201559902,-3.06855851599031,0.0021509419920292,0.020604385244463,"CENPN"
7.39934155054382,0.041448999054776,0.0135105694789834,3.06789429707257,0.00215572856141617,0.0206388405537791,"EFCC1"
3.65295136881927,0.0558174490616409,0.0181964768895739,3.0674866019599,0.00215867137457549,0.020655615557714,"ENSG00000259410"
486.138700048607,-0.0454138762961839,0.0148061418123992,-3.06723229262554,0.00216050888763338,0.0206618016442469,"NR4A3"
18.913548113198,0.0251170385682323,0.0081897405703954,3.06689062398709,0.00216297987315503,0.0206740357242388,"ENSG00000270175"
115.163703543976,-0.0106908767617544,0.00348636535915477,-3.06648204086856,0.00216593819315964,0.0206909117703378,"COLGALT1"
36.8986964939139,0.0374185231341375,0.0122031297819906,3.06630543169015,0.00216721806845163,0.0206917441119972,"MIR155HG"
349.986306994526,-0.0121552566234245,0.00396452810769124,-3.06600339138549,0.00216940854190493,0.0207012647882105,"HSBP1"
418.246416401461,-0.00829844879890293,0.00270767126165754,-3.06479184397847,0.00217821540710751,0.0207738762410671,"CHMP1A"
23.192810413534,0.0244956769355375,0.00799557487848734,3.06365424723178,0.00218651453853776,0.0208415682497544,"ENSG00000290767"
180.372373785388,-0.015463631453116,0.00504928563404201,-3.06253846066086,0.00219468270389655,0.0209079382466762,"FKBP4"
145.645701965316,0.0611179490552766,0.0199614044539058,3.06180605660329,0.00220005949483682,0.020946544602146,"TMEM273"
5.32092147343427,0.0512094739583683,0.0167260611225096,3.06165770788985,0.00220115003514597,0.020946544602146,"GATM"
4922.07879390705,-0.00717592474263514,0.00234430237207683,-3.06100647600247,0.00220594323150539,0.0209806486733309,"EVL"
1228.52699508282,-0.015650941138319,0.0051148157794506,-3.0599227446663,0.00221394091988714,0.0210422214580529,"PCBP1"
73.787466188232,-0.0112962331181252,0.00369181986155979,-3.05980073289724,0.0022148430010609,0.0210422214580529,"RNF123"
146.168474483835,0.0140299359307027,0.00458576911104296,3.0594510083199,0.00221743051974303,0.0210552734846755,"ZNF846"
14.9710671401954,-0.0463648961808048,0.0151563389474695,-3.05910921770102,0.00221996201365422,0.0210677795475238,"CMYA5"
104.911176194517,0.0126797370749564,0.00414541411049475,3.0587383400022,0.002222711938846,0.0210823437480046,"NR2C2AP"
670.677004094872,-0.0140652419679867,0.004598799244795,-3.05845965855239,0.0022247803156102,0.0210904311012053,"CMC2"
555.854621943006,0.00630712771188034,0.0020629464392487,3.05733953721906,0.00223311167304522,0.0211578488825716,"RABGAP1"
61.5114636436229,0.0334318034669966,0.0109376458516301,3.0565812717381,0.00223876779761695,0.0211998601272155,"TRPM2"
42.0114477896581,-0.0162005822264495,0.00530241964231623,-3.05531876375079,0.00224821434608587,0.021277699113965,"ZNF17"
126.321118062452,0.0163252734763368,0.00534542364796915,3.05406541210988,0.00225762849603669,0.0213551467553133,"NDUFV2-AS1"
262.601449896216,-0.012622500518307,0.00413399367207223,-3.05334297040173,0.00226307128126601,0.0213949648977671,"UTP11"
213.943893650338,0.0207171604058615,0.00678611051499091,3.0528769550829,0.00226658855790117,0.0214165459163777,"CARD19"
363.819481322312,0.0131761836035779,0.00431629786178181,3.05265855728934,0.00226823865035402,0.0214204703899519,"TBC1D19"
740.996854003119,-0.00601384064879172,0.0019708282688888,-3.05142804359228,0.00227755631496545,0.0214733950826199,"KMT5B"
2.89328406704334,0.0853852025489228,0.0279805875465993,3.05158719082368,0.00227634925328324,0.0214733950826199,"ENSG00000289640"
2166.80388767644,-0.00505152724558393,0.00165538896815231,-3.05156512624479,0.00227651656839951,0.0214733950826199,"RALY"
9651.34274552144,-0.0163676558784474,0.00536427141537868,-3.05123559399388,0.00227901674365989,0.0214754929217881,"SPON2"
25.2354816781299,-0.0457381813928019,0.0149942087698158,-3.05038979348316,0.00228544538604099,0.021524236053751,"ESCO2"
302.549876804628,-0.00875513771363833,0.00287032163321388,-3.05022880095679,0.00228667091578644,0.021524236053751,"UBE2D1"
1891.71556923842,-0.0123519788536826,0.00405131002314235,-3.04888512188014,0.00229692296031182,0.0215915631772075,"CYCS"
23.4758185063731,0.0343154850563428,0.0112553991225346,3.04880215110623,0.00229755739134915,0.0215915631772075,"IL23A"
156.764306385821,-0.0162415947243263,0.00532694329933151,-3.0489520559313,0.00229641127005714,0.0215915631772075,"ZNF814"
2.80405448594281,0.0592867334802886,0.0194490591226569,3.04830856374041,0.00230133489629395,0.0216036568078504,"PLXNB1"
7.86646704161819,-0.0496610755714702,0.0162908043530613,-3.04841151456946,0.0023005465275322,0.0216036568078504,"ENSG00000288930"
12.1831903003679,0.0388069826987611,0.0127335315419063,3.04762135869743,0.00230660366301904,0.0216414063526524,"ANKRD33B"
16741.2862621597,0.00856678837522218,0.00281125536505083,3.04731775054071,0.00230893492850665,0.0216515692647208,"RPS7"
244.876179751468,-0.0251039989497548,0.00823944298300689,-3.04680777590543,0.00231285564331149,0.0216649134450149,"ENSG00000289366"
205.853137706549,-0.00963174609905065,0.00316122144500178,-3.04684321127817,0.00231258301709578,0.0216649134450149,"POLA1"
255.146688312086,-0.0101428620120021,0.0033294835488437,-3.04637697204559,0.00231617243869139,0.0216725779214769,"MRPL37"
655.853534450621,-0.00766679802874973,0.00251666708708862,-3.04640930383008,0.00231592336242568,0.0216725779214769,"PPP6R1"
122.307928735284,0.0204046720201569,0.00670057323050813,3.04521289719708,0.00232515655040295,0.0217214947961176,"ENSG00000288999"
160.320074020143,0.0182856459088659,0.00600469286144601,3.04522584764852,0.00232505642593809,0.0217214947961176,"C9orf72"
254.200773428286,-0.0123166935510573,0.00404456052679038,-3.04524891381248,0.00232487810314464,0.0217214947961176,"OCEL1"
357.837196531318,-0.0127302377276456,0.00418356714429585,-3.04291464402641,0.00234298780812773,0.0218762930545747,"CDK10"
26162.4818602843,0.012132323448937,0.00398789941637458,3.04228421587587,0.0023479008944888,0.0219103737049983,"MT-ND4L"
47.51141551595,0.0315017208619827,0.0103589943498548,3.04100183840957,0.00235792391090719,0.0219920774228053,"ENSG00000288957"
1316.35428208019,-0.00632827597109677,0.00208136282852934,-3.04044825071092,0.00236226282686565,0.0220207068890195,"PSIP1"
1056.17698403323,-0.00677597045574574,0.00222973479077405,-3.03891318545263,0.00237433264774783,0.0221213333905098,"EIF3I"
13.5026113857409,0.0308912342431397,0.0101679790556761,3.0380898774467,0.00238082934205895,0.022169955676886,"NLGN3"
3.29914356784909,0.0637930263644921,0.0210033996609039,3.03727146054538,0.00238730356647854,0.0222183166691361,"PARD6G-AS1"
73.7013056259728,0.0480831736089722,0.0158319390292739,3.03709946836358,0.00238866618728093,0.0222190782932706,"EGR1"
122.025126108268,-0.0116622031729318,0.00384077118326123,-3.03642227471341,0.00239403822759237,0.0222571142402317,"RFC5"
223.402695522112,-0.0175617704725382,0.00578455348466878,-3.03597685095029,0.00239757771150218,0.0222661553207387,"STX11"
282.716839662624,0.0192104147341677,0.00632746184753942,3.03603801920008,0.00239709136486481,0.0222661553207387,"PRXL2C"
13.74149258191,0.0372243498563923,0.0122654438515046,3.03489627501951,0.00240618423903022,0.0223221840527788,"LINC01962"
1140.92425615334,-0.00557531222493818,0.00183704860073158,-3.03492908283313,0.00240592251695755,0.0223221840527788,"ASCC3"
136.66404298837,0.0169190684479004,0.00557611146698263,3.03420556566739,0.00241170037871136,0.0223613993425359,"HEXIM2-AS1"
104.901313877375,0.0306176432121428,0.0100931134772798,3.03351817861405,0.0024172014750642,0.0224004333276783,"CCDC112"
237.380505318986,0.0139566056495552,0.00460142725967549,3.03310361371212,0.00242052475009198,0.0224192543324056,"CLN8-AS1"
2.50450815464093,0.0624057815937419,0.0205783633987331,3.03259206694659,0.00242463122401859,0.0224453054825371,"FHL1P1"
14780.1545408783,0.0102931265738159,0.0033951198381135,3.03174175422781,0.00243147127369096,0.0224966206165284,"RPS16"
221.097272459642,0.00974215653924073,0.00321362923100795,3.0315122993156,0.00243332006855106,0.0225017252394583,"ZFP14"
118.435647895478,0.0259508831900031,0.00856210277656914,3.03090068727272,0.00243825431781816,0.0225353414520562,"FBP1"
1085.57893599327,-0.0389926911217653,0.0128669579378037,-3.03045143306197,0.00244188455840633,0.022556876101828,"RGS1"
217.279988261909,-0.035495624403557,0.0117136478697825,-3.03027927748491,0.0024432769880273,0.0225577270826491,"TTN"
131.505706672646,-0.0376159085097898,0.0124191809860455,-3.02885581199404,0.00245481814193087,0.0226522261309664,"GIMAP8"
41.1951436076193,0.0190509057136767,0.00629177973954946,3.02790410699293,0.00246256216617123,0.0227116047095898,"ENSG00000278376"
334.045860822721,0.0305138747140255,0.0100797216432603,3.02725370739066,0.00246786731973366,0.0227363580789908,"CD83"
35.6492819274241,0.0180173435872167,0.0059514592419984,3.02738250479336,0.00246681592053904,0.0227363580789908,"CTRL"
23.8286750026771,-0.0399524839153408,0.0131994598741897,-3.02682718051699,0.00247135207270842,0.0227563777905232,"CDC6"
2.48693506538037,0.0652179322153814,0.0215512081632548,3.02618450535777,0.00247661127510748,0.0227927068438009,"CCDC113"
114.365545068504,-0.0105759630738569,0.00349572958345115,-3.02539507744641,0.00248308541296004,0.0228401727168774,"THAP3"
10.689482155435,-0.0651775870850853,0.0215508925984806,-3.02435673080569,0.00249162452353602,0.0229065724612098,"PIMREG"
5.60859860239354,0.0382964465278454,0.0126659117828116,3.02358386703877,0.00249799779849207,0.0229530009577545,"GAS5-AS1"
13.8883094414046,0.0265235679410488,0.0087739338864422,3.02299610235655,0.00250285466882586,0.0229611437307198,"FAXDC2"
99.2183989319642,0.0426060486239975,0.0140938984368171,3.02301373995282,0.00250270879860548,0.0229611437307198,"A2M-AS1"
633.519329013574,0.0105418457659035,0.00348685481295609,3.02331078619424,0.00250025327145225,0.0229611437307198,"ZNF91"
33.2221099171104,0.0304368243083245,0.0100700398002456,3.0225128114769,0.00250685471210494,0.0229856847492582,"SPA17"
71.0998936178354,0.0160241612744511,0.0053026422744656,3.0219201004024,0.0025117683749792,0.0230185725140725,"ZNF552"
57.2257313522565,0.0197306367156147,0.00653053919265439,3.02128754357801,0.00251702208244774,0.0230545401722826,"ENSG00000233230"
90.7623124380272,0.0150945082646169,0.00499674527395876,3.02086807251994,0.00252051154482546,0.0230743188810723,"PALS1"
671.44126667089,-0.00838193132601957,0.00277510799469627,-3.02039824829843,0.00252442513441,0.0230979574007093,"VPS26B"
1931.97428870961,-0.00364397672523924,0.00120672657923258,-3.01972028125596,0.002530082331175,0.0231375162262645,"KDM5A"
29.8667559746769,-0.0493138168797512,0.0163343409859768,-3.01902702546051,0.00253587909166252,0.023178309000085,"CKAP2L"
802.298039275336,0.0122273476922007,0.00405131460692981,3.01811853152203,0.00254349398768998,0.0232356680876492,"GLTP"
18.2692355339517,0.0373810152045116,0.0123876746565803,3.01759742976903,0.00254787123767266,0.0232634053848133,"ENSG00000290689"
324.090643389162,-0.0089526289182642,0.00296705256367195,-3.01734759534717,0.00254997228694255,0.0232703415222932,"DNAJC4"
9.2931135031043,0.0336706271006603,0.0111677908581617,3.01497650952631,0.00256999159202942,0.0234227764662629,"NAV1"
242.293636774336,0.00798102337107405,0.0026471994945314,3.01489305492891,0.0025706988183993,0.0234227764662629,"MLH1"
20.9434688283909,-0.0516562536298057,0.0171337122101475,-3.01488976797522,0.00257072667695207,0.0234227764662629,"TROAP"
1053.40675659389,-0.0234392271509059,0.00777502046523292,-3.01468365976882,0.00257247409710389,0.0234263940349388,"SLAMF6"
35.9569793162083,-0.0290774014418511,0.0096475453734017,-3.01396887150358,0.0025785426111245,0.0234434453502465,"H2AC4"
464.175493793315,0.00593840007117753,0.00197038544046555,3.01382660936352,0.0025797519698882,0.0234434453502465,"EBLN3P"
26.852292423374,0.0362234624124659,0.0120179811034976,3.01410545585929,0.00257738200654808,0.0234434453502465,"ENSG00000262580"
313.934438477682,0.0105404402628321,0.00349735006836203,3.01383620649924,0.00257967036911479,0.0234434453502465,"ZNF480"
182.336752796069,-0.0093203524558459,0.00309317162185565,-3.01320249739472,0.00258506362554408,0.0234794155894967,"UBALD1"
450.481163892608,-0.00660311168057645,0.00219160782227477,-3.0129075163287,0.00258757761171852,0.023489951024643,"TMEM167A"
778.943229936313,-0.00729967820864433,0.00242311448902381,-3.01251890561107,0.00259089297222927,0.0235074172230473,"C1GALT1"
83.0636958616245,0.0189897975982045,0.00630395089757987,3.01236445313919,0.00259221173320783,0.0235074172230473,"TTC12"
339.268905579033,0.00843896701494845,0.00280193544942929,3.01183491456498,0.00259673775110544,0.0235361580492044,"ANAPC15"
118.427433570122,0.0270790927408311,0.00899147484690565,3.0116408266604,0.00259839844800321,0.0235389118934516,"DNAAF9"
19084.4721126748,0.0088681650068215,0.00294522881452778,3.01102751782067,0.00260365255812823,0.0235521137004464,"RPL11"
2689.67356745678,0.0107567196169009,0.00357266748446472,3.01083704645762,0.00260528626880082,0.0235521137004464,"ARHGAP26"
1070.795534149,0.00899511458909712,0.00298749243297418,3.010924643629,0.00260453481411832,0.0235521137004464,"CEP85L"
5.11506432584718,-0.0578562042715925,0.0192131757115423,-3.01127752851579,0.00260150958836487,0.0235521137004464,"ESPL1"
530.79641169344,0.00553777221670571,0.00183948037998993,3.01050898772622,0.00260810229101577,0.0235652909086154,"UPF3B"
336.940506410117,-0.0105298968960373,0.00349860752513143,-3.00973939500165,0.0026147193199541,0.0236004946735503,"TXNDC9"
50.2062619407658,0.0248411471642992,0.00825322355003064,3.0098720837638,0.00261357735592735,0.0236004946735503,"ACOT4"
1689.93762251973,-0.00845453618697937,0.00280961207586645,-3.00914715579449,0.00261982189320048,0.0236247162846341,"SH3GLB1"
47.9115946012605,-0.0249925764524,0.00830563229480646,-3.00911183703954,0.00262012647749804,0.0236247162846341,"SOCS6"
1453.23065421816,0.0154641531702815,0.0051397810162482,3.00871829391081,0.00262352253237779,0.0236430487749038,"NCAM1"
431.331993530551,-0.00846128278491168,0.00281258613419959,-3.00836396867171,0.00262658360096345,0.0236583449166739,"TMEM43"
1390.26873326744,-0.0107016389856509,0.00355939190485435,-3.00659193247473,0.00264194153854224,0.0237843289105505,"ADAR"
488.88457981651,-0.00847307477911619,0.00281839440522087,-3.00634814042366,0.00264406085421232,0.0237910620844789,"LGALS8"
646.466108581605,-0.00546947465759805,0.00181956533611315,-3.00592374950471,0.00264775384653495,0.0238119407618913,"USP4"
313.262838235829,-0.0119800545911373,0.00398582622351128,-3.00566405039695,0.00265001603766113,0.0238199369022514,"LAGE3"
881.204164792662,-0.00686828755969254,0.00228614509722019,-3.00430955499891,0.00266184345906134,0.0239138582743636,"SLMAP"
248.473234512237,0.00794979436481899,0.00264634843750522,3.00406184316131,0.00266401168422509,0.0239145920383855,"MMS19"
58.7022934493658,0.0369348171557252,0.0122952723546858,3.00398527907756,0.0026646821772077,0.0239145920383855,"GAB2"
158.236116628769,0.0213607830906388,0.00711315532476435,3.00299685798671,0.00267335191447561,0.0239799943186778,"SC5D"
21.8153044214506,-0.0410594965286284,0.013674252710273,-3.00268668413462,0.00267607785163842,0.0239920406047666,"INF2"
25.3034950623926,-0.040246130979902,0.0134075639075975,-3.00174821147757,0.00268434101807852,0.0240536921392697,"OCA2"
3.14511812340594,0.0506839351290115,0.0168875693757681,3.00125696014832,0.00268867573241302,0.0240800963375844,"TUBA4B"
34.6184499364647,0.0192916171533567,0.00642949691732986,3.0004862590973,0.00269548915238932,0.0241286614115841,"C3orf18"
22.7363511630262,-0.0619745813510085,0.0206572229917783,-3.00014098582731,0.00269854667187294,0.0241311276616761,"PTPRD"
104.713926610984,-0.0172330971509216,0.00574381404806274,-3.00028813724114,0.00269724320566538,0.0241311276616761,"NTHL1"
169.733980642892,-0.00981280747508923,0.00327121730424557,-2.99974185828426,0.00270208503934664,0.0241503200734598,"RP2"
400.233533087026,-0.0103109721998486,0.00343901795620854,-2.99823156818184,0.00271551255201405,0.0242578330341605,"PEF1"
3.45023740946436,0.0504944653560007,0.0168497270504196,2.99675271919276,0.00272871958055825,0.0243616327639916,"ENSG00000232519"
8.77664987175068,-0.0504008876278763,0.016819266341379,-2.99661629733986,0.00272994086310812,0.0243616327639916,"DKK3"
76.8753769469222,0.0123045697160742,0.00410753958706898,2.99560587433179,0.00273900198108431,0.0244173722342501,"IFT122"
94.4750034557353,0.0120095356408116,0.00400887077886505,2.99574027282855,0.00273779516046437,0.0244173722342501,"ZNF169"
1068.88491658925,-0.00697081874149255,0.00232727381550996,-2.99527227738997,0.00274199958884956,0.0244315402503144,"PCMTD1"
79.6372723648125,-0.0133794614855187,0.00446717425555019,-2.99506146842056,0.00274389540366707,0.0244358816544231,"PXMP2"
600.521048075189,-0.00826760154048791,0.00276123109750986,-2.9941722545222,0.00275190533067565,0.024482078808493,"DCAF11"
66.5310988697637,0.0147551114378415,0.0049277504744929,2.99428948649433,0.00275084809881658,0.024482078808493,"SMG8"
676.89776594451,-0.00631530746554849,0.00210931828322322,-2.99400404186426,0.00275342296952303,0.0244830249488906,"RNF10"
4.381034608327,0.0470964059512853,0.0157336840943477,2.99334889838069,0.00275934105889981,0.0245164038263136,"ARG1"
1025.26997978493,-0.00607932595272915,0.00203099434256637,-2.9932756705995,0.00276000326681984,0.0245164038263136,"PHF20L1"
9976.26349077189,0.00846154983998946,0.00282712166610514,2.99299104861191,0.00276257851770526,0.0245267206372318,"RPL24"
1352.78966459687,-0.00576487576770904,0.00192691165537417,-2.99176962868576,0.00277365482590782,0.024612462363094,"TOP2B"
552.783433747935,0.00701637065846838,0.00234583117567397,2.99099557173057,0.00278069525678022,0.0246623217354925,"SLC30A9"
14562.4425484513,0.0102797027402975,0.0034371105571736,2.99079781383311,0.0027824965785092,0.0246656876055072,"RPL9"
3.19520718039079,0.0523627603438106,0.0175188331052014,2.98894110294731,0.00279946089247203,0.0248033950779391,"ENSG00000272115"
185.051122345774,-0.0214195887633955,0.00716781462131179,-2.9883011622133,0.00280532972786665,0.0248427055227313,"PLXNC1"
942.886307506977,-0.00855998336905947,0.00286475539127715,-2.98803290330603,0.0028077932452254,0.024851835315393,"TLK1"
9.82227068624666,0.0359665175066605,0.012038757983813,2.98756047384791,0.00281213653744183,0.0248775852379097,"PP7080"
465.096095345284,0.00587869525437059,0.00196799531450117,2.98714900947855,0.00281592434342852,0.0248869700064485,"NSMCE4A"
110.176662125886,0.00972976679288107,0.00325722521331618,2.98713357403224,0.00281606652770685,0.0248869700064485,"WDR81"
43.5596515326165,0.0311072802408133,0.0104151243783231,2.98674111905535,0.00281968384678087,0.0249062501904046,"DHCR24"
16.0501054178322,0.0294965429446223,0.00987823550389304,2.98601333537732,0.00282640317518022,0.0249528968361457,"ENSG00000290033"
17.6809013480966,-0.026854456071338,0.00899436247068759,-2.98569867056793,0.00282931287121367,0.0249658798015335,"ZNF213"
22975.8541214235,0.0106208982823356,0.00355792641525212,2.98513713965695,0.00283451212722507,0.0249990423910018,"RPS3A"
314.761785492206,-0.0112970411970358,0.00378576457144338,-2.9840844521213,0.00284428255199269,0.0250724663170575,"TUBA1C"
25.02050916901,-0.0310953410238115,0.0104220426666992,-2.98361290758944,0.00284866911406513,0.0250983807977663,"ENSG00000242282"
49.2008822824616,-0.037303155709315,0.0125036613139621,-2.98337860988452,0.00285085097410913,0.0251048541618504,"MAP3K20"
284.969393846795,0.0171327860682283,0.00574349938981332,2.98298735760554,0.00285449785009631,0.0251242154761394,"ENSG00000289340"
11.9262089512174,0.0278481030389552,0.00934381748579647,2.98037746149121,0.00287893395108738,0.0252781925749853,"ENSG00000244380"
261.81457952086,0.0134562356287275,0.00451432145707712,2.98078808890141,0.00287507668709586,0.0252781925749853,"SEL1L3"
857.240594946419,-0.00623722029474149,0.0020927875394333,-2.98034089806863,0.00287927764169766,0.0252781925749853,"CNPY3"
6.82764430561479,0.0356212757977072,0.0119512223074452,2.98055503289536,0.00287726533943074,0.0252781925749853,"CCER2"
3052.53539068366,0.0127971218188129,0.00429326185729384,2.9807456996996,0.00287547465523244,0.0252781925749853,"NOP53"
1706.03061175514,-0.00521842445328064,0.00175133813946664,-2.97967841599675,0.00288551136322047,0.0252945180036123,"CSNK1A1"
17.8294391142057,0.0338537827677724,0.0113614910262744,2.97969541933208,0.00288535121393998,0.0252945180036123,"ENSG00000288865"
8.51193102663052,0.0460630489585973,0.0154576118013958,2.97995897105127,0.00288286993720542,0.0252945180036123,"ENSG00000290075"
495.055453581377,-0.00534154185179042,0.00179293196958648,-2.97922171192162,0.00288981595804984,0.0253194582021457,"SCYL2"
602.638925124914,-0.00736796605422879,0.00247406722827634,-2.97807835212383,0.00290061824069139,0.0253967984424837,"ATG4B"
4.04198033471342,-0.064904335592673,0.0217959004874283,-2.97782308329538,0.00290303500757696,0.0253967984424837,"UGGT2"
3915.84609541301,0.00901013889573162,0.0030256647333734,2.97790392846531,0.00290226940420707,0.0253967984424837,"CIRBP"
22.1464341150138,0.0261655048561601,0.00879094900023056,2.97641413406833,0.00291640738468107,0.0255009250551649,"ENSG00000288942"
365.90008754133,0.00851218862614568,0.00286216928880004,2.97403394671823,0.00293912557496469,0.0256866249241751,"XPO7"
579.575188757907,-0.0155527249529615,0.00523093571754733,-2.97322043182244,0.00294692729144031,0.025741840207405,"H2AX"
2.48857465188454,-0.0893690750191447,0.0300669143501005,-2.97233942860006,0.00295539754062282,0.0257898574118334,"CUEDC1"
238.777015889619,-0.0142439764924618,0.00479215173570066,-2.9723550667953,0.00295524699650535,0.0257898574118334,"FTSJ3"
1.36318889831357,0.105880324752893,0.0356363490066225,2.97113278167796,0.00296703468444706,0.0258783899978821,"RAB6B"
263.863259116898,0.0334296926935828,0.011257399525136,2.96957504430217,0.00298211963962588,0.0259968902051405,"TOB1"
4.08787084180873,-0.0726921734132293,0.0244831567947741,-2.96906865493527,0.00298703850791116,0.0260266921322164,"CRACD"
10.8017408752146,0.0360315584674505,0.0121378574271335,2.9685270801504,0.00299230734418605,0.0260595119512749,"ENSG00000287124"
724.303585638854,-0.00613942632137166,0.00206852368834186,-2.96802321190388,0.00299721695599309,0.0260760881407062,"SUGT1"
19.0673860084235,-0.0285825871971152,0.00962974664056752,-2.96815568092981,0.002995925487389,0.0260760881407062,"WDR62"
1492.7716570371,-0.0282558139813896,0.00952564882589327,-2.96628759865498,0.00301418480154395,0.0262105653820474,"ISG20"
605.144349383594,-0.0135745815452993,0.00457745236016379,-2.96553202026412,0.00302159888877557,0.0262222185363162,"MAT2A"
102.130909351122,0.0121565469698216,0.00409948903861509,2.96538101585664,0.00302308260736871,0.0262222185363162,"CEP70"
4124.31526300583,-0.0132042547458291,0.00445264812521211,-2.96548354473892,0.00302207512059852,0.0262222185363162,"RASA2"
9.95659385348026,0.0287350909573165,0.00968931805754292,2.9656463733221,0.00302047573604146,0.0262222185363162,"C16orf95-DT"
170.170912742129,-0.00822133091257299,0.00277221416400662,-2.96561896960041,0.00302074485518324,0.0262222185363162,"MED24"
368.025581616462,-0.00805914472152566,0.00271837488472828,-2.96469216472003,0.00302985946149449,0.0262678670354854,"IMPA1"
421.629065365522,-0.00902899138738048,0.00304629026648451,-2.9639300912057,0.0030373728129402,0.0263198519275158,"STK25"
6.90657770587345,0.0533100189218028,0.0179872041531325,2.96377460710139,0.00303890783044502,0.0263200065115128,"LINC02861"
346.40125265987,-0.00720972297587484,0.00243304093935822,-2.96325592358368,0.00304403365435652,0.0263381026612354,"ACLY"
850.6013429989,-0.00707137078052449,0.00238634202083995,-2.96326793006624,0.00304391491271898,0.0263381026612354,"EIF6"
2535.02319971916,-0.00383709435406522,0.00129521142163273,-2.96252356177359,0.00305128455491045,0.0263876791917181,"ROCK1"
37.5308869469025,0.0179519571282671,0.00606226925100425,2.96126027811998,0.00306382898783889,0.0264829622725606,"MYLK-AS1"
58.6285022849825,0.0171408769719641,0.0057889763394136,2.96095129207254,0.00306690437581673,0.0264963431831019,"HDAC4-AS1"
148.99740252872,0.016806407680823,0.00567957672551837,2.95909510392063,0.00308543864447425,0.026643200400368,"HLA-F-AS1"
9.47592348235769,0.0299932868264177,0.0101377985962997,2.95856013921654,0.00309079926138536,0.0266762117345837,"PDZD7"
48.2765630501702,-0.0189450990851823,0.00640504370897898,-2.95784071834263,0.00309802161202051,0.0267252505844514,"ZNF790-AS1"
245.652790861741,-0.0125425892745293,0.00424130841643981,-2.95724527504597,0.00310401097247577,0.0267617802579284,"UQCC2"
12.4272799416534,0.0292233213121276,0.00988238186562389,2.95711314433028,0.00310534146064157,0.0267617802579284,"TEF"
304.221425556215,-0.00640404908537082,0.00216596024166947,-2.95667896490784,0.00310971708593454,0.0267728893333957,"APAF1"
42.2348423894392,-0.0223159297840171,0.00754759290088695,-2.95669494593364,0.00310955593084646,0.0267728893333957,"PYCARD-AS1"
208.863009217944,-0.0194362637407904,0.00657444841666591,-2.95633374984286,0.00311320014644648,0.0267895814189254,"GFI1"
411.159159982267,0.0147972719432234,0.00500572232119987,2.95607127078444,0.00311585081881022,0.0267990976721466,"LINC02256-1"
78.2538409806566,0.0117201638670114,0.00396576636072229,2.95533392564176,0.00312330798882912,0.0268388877344687,"ACTR3C"
918.946612423313,-0.0136584021853768,0.00462165112480211,-2.95530792276355,0.00312357126676806,0.0268388877344687,"N4BP1"
23.0931993354994,0.0583995904756515,0.0197629847759078,2.95499850543041,0.0031267056561392,0.0268392329157362,"ENSG00000289397"
292.656735469327,-0.0333983387737517,0.0113019273960756,-2.95510116136021,0.00312566543658488,0.0268392329157362,"MX2"
87.8477536112844,0.0193616025060397,0.00655509769457119,2.95367108290005,0.00314018497494623,0.0269416067979066,"EFHD2-AS1"
4.47986328023985,-0.0676063553998898,0.0229015649450023,-2.95204085669452,0.00315681158410807,0.0270574937554876,"HEMGN"
23.4262680027243,0.0225315223795409,0.00763222613229943,2.95215602747775,0.00315563433300864,0.0270574937554876,"RILP"
44.80216907579,-0.0327676007808412,0.0111044512761368,-2.95085276759761,0.00316897936384448,0.0270948516530183,"CDCA8"
107.379410929221,-0.0360471519820923,0.0122146005041547,-2.95115275934166,0.00316590297955405,0.0270948516530183,"MAML3"
412.411903200343,0.00752902346268194,0.00255098143016351,2.951422293262,0.00316314125896972,0.0270948516530183,"TDP2"
2255.27831294861,-0.0230421653882107,0.00780847796449655,-2.95091636205908,0.0031683269817316,0.0270948516530183,"CNOT2"
1253.13655235042,0.00711123063852354,0.0024096267623076,2.95117515698298,0.00316567340330192,0.0270948516530183,"SCAPER"
59.2642103736205,0.0170773964333977,0.00578768849542033,2.95064194400073,0.00317114296802418,0.0270999941917652,"ENSG00000242861"
525.999028899863,-0.00644273448741404,0.00218471435049149,-2.94900543220427,0.0031879837242374,0.027230498103432,"AP3D1"
503.164471250781,0.0107427621735064,0.00364387759087203,2.9481676882937,0.00319663615226604,0.0272909665204288,"OTUD6B-AS1"
42.5029431411497,-0.0328853332106608,0.0111559300394668,-2.94778948006315,0.00320054938862621,0.0273109349699397,"HAVCR1"
11.8304184165815,-0.0499579412762363,0.016949837803417,-2.9473993707577,0.00320459033622236,0.0273319730348011,"SIRPG"
3.51780377772668,0.0498137539382881,0.0169052505364009,2.94664393355352,0.00321242875541934,0.027385363169049,"ENSG00000286577"
13.4804872895866,0.0337475548779732,0.011456066189817,2.94582401313031,0.00322095602181185,0.0274176374221747,"LINC03060"
96.4811228471581,0.012222162577225,0.00414878379646245,2.94596276326726,0.00321951155615456,0.0274176374221747,"MRPS31P5"
1575.98770562416,-0.00528432051059329,0.0017936807431819,-2.94607640221368,0.00321832895161117,0.0274176374221747,"COPE"
2.74653799801965,0.0575903455144418,0.0195623834075783,2.94393297148709,0.00324070177053246,0.0275721894630687,"TNK1"
1483.5091272205,0.00666631460424434,0.0022647143493656,2.94355648256997,0.00324464610719537,0.0275922160135418,"SOD1"
8.94176580867907,-0.03972740056871,0.01349756137423,-2.94330208748365,0.00324731378726401,0.027601371671463,"SHOC1"
104.590589424539,0.0116372104335496,0.00395429637632208,2.94292822946504,0.00325123782583008,0.0276211918719394,"ENSG00000272368"
13.11367064329,0.0315940752687465,0.0107390291962151,2.94198616015326,0.00326114501438349,0.0276793013606841,"LINC02018"
6.35692851118287,0.0333753624991939,0.0113445455146808,2.94197440135466,0.0032612688483536,0.0276793013606841,"ENSG00000272109"
2.42869890510622,0.0708606329224068,0.0240896441528342,2.94153921381482,0.00326585489893782,0.0276911294168002,"EGR3"
580.453884758326,-0.0119968249808978,0.00407830764226345,-2.94161844402685,0.00326501952570031,0.0276911294168002,"SPTLC2"
13.3367516994155,0.0296599145364704,0.0100853318374511,2.94089624560796,0.00327264131645255,0.0277351155631748,"ENSG00000261135"
331.46570226233,-0.00705792735218708,0.00240064211009194,-2.94001647414107,0.00328194796710792,0.027786839108535,"USP39"
17.2197871867133,0.0320200546865691,0.0108905793663911,2.94016081324237,0.00328041942648501,0.027786839108535,"ENSG00000255647"
433.917847841664,0.00940375966994962,0.00319886881841346,2.93971406886688,0.00328515252088782,0.0277868483336723,"SOD2"
29.849714693183,0.0182589278463342,0.00621109551069811,2.93972743051281,0.0032850108689025,0.0277868483336723,"SF1-DT"
27.4119000201708,0.0181817252936383,0.00618522874753012,2.93953967359714,0.00328700186302451,0.027788941676291,"ENSG00000255139"
12.0026010138985,0.0391431531379336,0.0133190067964992,2.93889429865161,0.00329385387270302,0.0278251542518111,"EAF1-AS1"
216.279989432364,0.00832128009291464,0.00283163556342561,2.93868328269188,0.00329609707098639,0.0278251542518111,"MOSPD3"
13.8190965040807,0.0308869995802036,0.0105104077742367,2.93870611337406,0.00329585430304741,0.0278251542518111,"EPHA1-AS1"
373.262584990558,-0.0156670325884064,0.00533158557588844,-2.93853158040996,0.00329771059685478,0.0278252351333836,"MTHFD2"
146.568896832519,0.0105787701108829,0.00360027543105779,2.93832244600652,0.0032999361581008,0.0278296528118897,"FCHO1"
40.4943816672044,-0.0613389212156638,0.0208764953469313,-2.93818096363001,0.00330144255746306,0.0278296528118897,"UBE2C"
15363.6097917972,0.00891563446903246,0.00303556164030522,2.93706256880226,0.0033133724588618,0.0279166514892348,"RPS4X"
45.4731064031357,0.0404191817571024,0.0137632089016638,2.93675566838315,0.00331665301977898,0.0279177424146798,"PPFIBP2"
171.940329629327,0.0106819881021809,0.0036373509605843,2.93674935906239,0.00331672049323582,0.0279177424146798,"ZNF564"
346.895148142087,-0.005914968106739,0.00201428549532271,-2.93650930837456,0.00331928858429439,0.0279258090981276,"PRCC"
291.552761174029,-0.0184435261906278,0.00628228875686396,-2.93579727141268,0.00332691669774309,0.027976418261002,"HERC5"
3.13343562646848,0.0523894229178384,0.0178487572362102,2.93518603141483,0.00333347769639831,0.028006498105908,"DISP3"
7.72358990242456,0.0343129382251982,0.0116902997856819,2.93516324253927,0.0033337225379698,0.028006498105908,"PPP2CA-DT"
2725.80908556305,-0.00753460715956083,0.00256792072782609,-2.93412763015444,0.00334486636010628,0.0280744473536903,"CDC42SE1"
150.037031572739,-0.0145447017515873,0.00495710714271181,-2.93411082973498,0.00334504742218572,0.0280744473536903,"CEP152"
131.503042086292,-0.0350122534774598,0.0119391437377625,-2.93255984235443,0.00336180127649016,0.0281605642416955,"MEF2C"
58.2475822828582,-0.0135108611881281,0.00460683929727138,-2.93278326338203,0.00335938316840316,0.0281605642416955,"AP5B1"
1425.04835708211,-0.00966692068928441,0.00329631847223099,-2.9326416032677,0.00336091618614456,0.0281605642416955,"LDHB"
14.2348300649204,0.0296801958443984,0.0101208421651068,2.93258163305082,0.00336156536387349,0.0281605642416955,"ENSG00000288906"
2.68759332212836,0.0528544003618064,0.0180309684154528,2.93131234795517,0.00337533218848005,0.028260261971888,"PIN1-DT"
27.0510094646237,0.0195319392374018,0.00666389258693881,2.93101051413767,0.00337861346195462,0.0282729698981308,"PARP3"
157.114788093337,-0.00946788930091249,0.00323039904572598,-2.93087298717448,0.00338010949785124,0.0282729698981308,"ENSG00000290440"
17.8950221265255,-0.0471066264509484,0.0160776541577744,-2.92994400729598,0.00339023086773911,0.0283439639005003,"MCM10"
310.992029311548,-0.00666145454734913,0.00227388471469992,-2.9295480568056,0.00339455318633322,0.0283664299983182,"CARNMT1"
2042.66141356286,-0.010870441012686,0.0037119022295213,-2.92853645934738,0.00340561889146598,0.0284405110566606,"PTPN22"
6.50381385541149,-0.0732262871380179,0.0250052368931731,-2.92843804883169,0.0034066971394824,0.0284405110566606,"CPXM1"
17850.1364184068,0.00888303835581966,0.00303522142992578,2.92665249007447,0.0034263149072662,0.0285430468585826,"RPL31"
492.349984006833,0.00969943381375814,0.00331437549416467,2.92647403133263,0.00342828125884317,0.0285430468585826,"NDUFC1"
49.1341179961685,-0.0236718686727761,0.00808843292173706,-2.92663225396353,0.00342653782767989,0.0285430468585826,"ICA1"
2.44189221365435,0.0611944537395787,0.020909177031209,2.92667921115402,0.00342602056885133,0.0285430468585826,"DYNLRB2-AS1"
7.49544428592395,0.0583872667410917,0.0199517568538557,2.9264223280572,0.00342885114441354,0.0285430468585826,"ENSG00000244676"
344.378494332914,-0.0188026179952232,0.00642379578401563,-2.92702611157252,0.00342220147495337,0.0285430468585826,"CASK"
7.87660913810937,0.059147894927217,0.0202128612873597,2.92625047420701,0.00343074597739413,0.0285451228852918,"FGF9"
33.9453417429332,0.028795756034109,0.0098455730396509,2.92474149733493,0.00344742468838288,0.0286241732753655,"LIX1-AS1"
9.42136396743825,-0.0471541976014758,0.0161227167009945,-2.92470546223559,0.0034478238848343,0.0286241732753655,"GCNT2"
2.57146362624492,0.05320296187593,0.0181920396620918,2.92451879306272,0.00344989247755456,0.0286241732753655,"HDAC2-AS2"
106.242696772746,-0.0197902564705686,0.00676706600792261,-2.92449585202789,0.00345014677880962,0.0286241732753655,"COQ5"
568.868595078495,-0.00756850966357123,0.00258785421170856,-2.92462752705622,0.00344868739383696,0.0286241732753655,"TINF2"
1019.51995930704,-0.00953087455272959,0.00325845898235817,-2.9249637955645,0.00344496300106111,0.0286241732753655,"TBL1X"
7.16846692696399,0.0379223057357214,0.0129694932780671,2.92396201784171,0.00345606914807769,0.0286596020940974,"B4GAT1-DT"
40.0573963735507,0.0175723957861327,0.00601057024463558,2.92358213462625,0.00346028921503089,0.0286808873876521,"ENSG00000215014"
4.48811981809855,0.0407768935829973,0.0139511241973609,2.92283926414411,0.0034685552102394,0.0287302185632826,"ENSG00000273271"
295.610829179974,0.00739059976525514,0.00252864615618642,2.92274968847412,0.00346955314100052,0.0287302185632826,"CRYZL1"
28.8419314885614,-0.0303761756211609,0.0103946235413214,-2.9222968489823,0.00347460206587089,0.0287582999230574,"APP"
203.121771427445,0.00977302190677824,0.00334608484565112,2.9207334414966,0.0034920846824115,0.0288892155796255,"PEX13"
37.6726700483764,0.0480182491637359,0.0164414966573433,2.9205521957327,0.00349411661091252,0.0288922473623024,"ENSG00000254802"
176.198703795592,-0.016870863767748,0.00577784145932787,-2.91992500772263,0.00350115626038079,0.0289366645093311,"TMEM218"
651.2362059281,0.0067023165241878,0.00229557933311858,2.91966233860565,0.00350410832929619,0.0289472720460145,"DUS1L"
158.364699194687,0.0155235661314574,0.00531810843401341,2.9190014314436,0.00351154611241125,0.0289949081190435,"BHLHE40-AS1"
518.706767981551,0.0150033611841538,0.00514036139325024,2.91873664833266,0.00351452998348305,0.029005740320392,"ARHGAP12"
60.6956985501751,-0.0183389098316852,0.0062837254674423,-2.91847725154514,0.00351745539245927,0.0290160799564352,"ALDH5A1"
3201.66593600004,-0.0216146245663179,0.00740658931124225,-2.91829662183505,0.00351949379541536,0.0290190961800692,"CMC1"
4525.70196749642,-0.0134162455226063,0.00459775396975959,-2.9179998779508,0.00352284487813986,0.0290329277653066,"PLAAT4"
90.77403721211,0.0146015624632225,0.00500485284400189,2.91748087672985,0.00352871285849542,0.0290625243843621,"ENSG00000288826"
114.848077513608,-0.0167494693478608,0.00574125926912017,-2.91738598846235,0.00352978665424551,0.0290625243843621,"APEX2"
225.066527557613,-0.0270701610290826,0.00927973193828804,-2.91712747836944,0.0035327135722133,0.0290728249766397,"CCDC50"
4.12562179258643,0.0440998507638349,0.015123063191678,2.9160660247788,0.00354475478607346,0.0291442682600959,"ENSG00000261654"
306.425832149785,-0.0108154374877053,0.00370883666808241,-2.91612666062678,0.0035440659238696,0.0291442682600959,"PRPSAP1"
2280.85567593082,-0.00983739310616489,0.0033738162369907,-2.91580584570884,0.00354771197048648,0.0291547642179059,"SLC25A5"
80.1741111760079,-0.0321062684714805,0.0110117936948653,-2.91562567926162,0.00354976104981476,0.0291577910474368,"TSPAN4"
295.074073520728,-0.0373958806111952,0.0128279085199383,-2.91519701384455,0.00355464070103489,0.029184054368932,"LDB2"
12.9894375480829,0.0405911707775943,0.0139261354462776,2.91474766522137,0.00355976234702783,0.0292122787115605,"ENSG00000255910"
28.0281059192096,0.0193419729785088,0.0066370096301146,2.91426019494487,0.00356532609212202,0.029244102622285,"ENSG00000289496"
21.6952058440955,0.020194272492555,0.0069322486921292,2.91309117566475,0.00357870094814956,0.0293399357507082,"MST1"
134.658739562981,0.0151990516567371,0.00521840321420866,2.91258667313272,0.003584487093259,0.0293734917779203,"ENSG00000285080"
8.37267360581471,0.0401049392889553,0.0137743084167507,2.9115755271012,0.00359610956508435,0.0294548199882358,"PLXNA2"
1.7609249736345,0.0946305002719358,0.0325059326370831,2.91117628675513,0.00360070800670478,0.0294785665409695,"ENSG00000290700"
441.68217164258,-0.00653687256907111,0.00224565441540956,-2.91089872253515,0.00360390813635399,0.0294881946572526,"ATP2C1"
626.748188883588,0.00739880834582952,0.00254186494828657,2.91077948528183,0.00360528365621586,0.0294881946572526,"PPP1R35"
362.294840716521,-0.010894687340258,0.00374370750163788,-2.91013315957285,0.00361274797629141,0.0295353213443466,"PHF6"
395.398255175752,-0.0382681821597811,0.0131516927757695,-2.90975335359764,0.00361714085320012,0.0295573054740064,"MARCHF3"
25.7300729191593,0.0259573449771129,0.0089233076522575,2.9089375810713,0.00362659259346483,0.0296205877172447,"BRME1"
5.36760442792648,0.0534648791177629,0.0183839056960693,2.90824376504469,0.0036346489851884,0.0296724191035522,"ZNF629"
21300.4637830429,0.00941288414714347,0.00323680643455142,2.90807755652772,0.00363658136550546,0.029674230258132,"RPS6"
42.8530986338117,-0.023904989422609,0.00822129304003696,-2.90769217277548,0.0036410655251035,0.0296968522470594,"MAFG"
19.3593730446499,0.0272043216315093,0.00935927748461487,2.9066689898049,0.00365299524924944,0.029780151120291,"CFAP70"
12.2402907923578,0.0276647839062648,0.00951819539989683,2.90651565175524,0.00365478614184817,0.02978075621831,"MKLN1-AS"
602.829218505331,0.00593956089348672,0.00204420796868128,2.90555608063614,0.00366601147529462,0.0298582005039488,"GNPTG"
7.33986799482626,0.0308098056700141,0.0106067795016369,2.90472764756348,0.0036757279249222,0.029909253302791,"OSGEPL1-AS1"
4.47265089286233,0.0414893527168008,0.0142828546594085,2.90483616238933,0.00367445385492216,0.029909253302791,"EXTL3-AS1"
5.11012232998567,0.0395152946220466,0.0136059345615402,2.90426904843011,0.00368111676340276,0.029936859558719,"ENSG00000284602"
895.329472318049,-0.00654216498226885,0.00225269890982012,-2.90414531376111,0.00368257195632387,0.029936859558719,"ARHGAP45"
6.55390493386224,-0.0569814118845946,0.0196223898133423,-2.9038976611223,0.00368548606901973,0.0299465163116414,"SLC16A8"
11.4246627033575,0.027320035291335,0.00940939353022791,2.9034852462668,0.00369034358136843,0.0299719477760204,"ERFL"
15.4584792783955,-0.0473243788223309,0.0163008125448382,-2.90319140178792,0.00369380809621066,0.0299860471937588,"LINC00221"
931.627261863472,-0.0130469855916502,0.00449529295753722,-2.90236603373633,0.00370355525782338,0.0300511116055753,"CCT5"
522.723577648972,-0.0124895932982671,0.00430347136678274,-2.90221363959121,0.00370535750754752,0.0300516793085247,"CARHSP1"
22.4841489834427,-0.0632573654141945,0.0217999222187563,-2.90172436302404,0.00371114920017796,0.0300845870676109,"H3C8"
16.7186403137329,0.0309302907516911,0.0106638353716992,2.90048464493152,0.00372586092435255,0.0301897409227782,"BMP8B"
467.216141323238,-0.013816795021135,0.00476386843940073,-2.9003309383735,0.00372768864801632,0.0301904494238035,"HEATR5B"
23.9132452936155,-0.0310097466935595,0.0106924055676659,-2.90016558924157,0.0037296557233737,0.030192285342551,"PAQR4"
444.582372242704,0.00833563598717365,0.00287459943067875,2.89975566620266,0.00373453644122715,0.0302176950477652,"LSM5"
523.311477105988,-0.0180986028001198,0.00624258155627794,-2.89921767732752,0.00374095077500308,0.0302554844031484,"GIMAP2"
134.330256321291,-0.0109383581116546,0.0037731701660531,-2.89898351525891,0.00374374576913499,0.0302639802436877,"NHEJ1"
435.256744428626,-0.00828324189489007,0.00285749592852708,-2.89877644695709,0.00374621894917326,0.0302698678762263,"NSUN2"
18.1472206998899,0.0221890380801984,0.00765685444558119,2.89793128991812,0.00375632873399692,0.0302951143084047,"PPIL6"
28.7746120733603,0.0190113007330716,0.00656029817387335,2.89793241544796,0.00375631525391325,0.0302951143084047,"TNS2-AS1"
599.268869247517,0.0159057562546037,0.00548813890539689,2.89820584514768,0.00375304178295264,0.0302951143084047,"SNHG9"
62.417618021444,0.0370777038960651,0.0127931358119721,2.89824984593433,0.00375251525252787,0.0302951143084047,"A1BG"
38.3535471472382,-0.0205435528236807,0.00708972689791916,-2.89765080086657,0.0037596894259545,0.0303081283278153,"ADAT3"
3.79286879140931,0.05372450892031,0.0185441264124544,2.89711727181864,0.00376608947161718,0.0303407076561228,"HOXA1"
1176.95864813972,-0.00530723839024785,0.00183196319732595,-2.89702238450785,0.00376722874632744,0.0303407076561228,"OTUB1"
74.1724868864576,-0.0189858301646574,0.00655408309227573,-2.89679424220805,0.0037699692434392,0.0303486897611059,"CREB3L4"
5.85684488767603,0.0365647301174104,0.0126240204432241,2.89644097788485,0.00377421630974682,0.0303687868930834,"RBM12B-DT"
16.0055101426461,0.0388479651360533,0.013413704307818,2.89613996585651,0.00377783861144405,0.0303715541787644,"TOB1-AS1"
615.134633833953,-0.00713275944275219,0.00246286614542721,-2.89612143802275,0.00377806167383984,0.0303715541787644,"GET3"
10.0942119050559,0.0325477969246312,0.0112391043642448,2.8959422272273,0.00378021986665232,0.0303748282754444,"ENSG00000288996"
80.9527293255314,-0.0183228461921466,0.00632806167531846,-2.89549108909792,0.00378565777664214,0.0303763141115577,"LXN"
81.8439340362551,-0.0148082035844551,0.00511402806659977,-2.89560467631552,0.00378428795456637,0.0303763141115577,"GID4"
15.3671342916519,0.0321028730101049,0.0110865772536295,2.89565230780266,0.00378371366957019,0.0303763141115577,"ENSG00000269072"
69.9217770589353,0.0146895181441864,0.00507395897639428,2.89508019527293,0.00379061677646661,0.03040204338333,"MRPL45P2"
1325.98400839831,-0.00583143271195644,0.00201502683233558,-2.89397273444608,0.00380401192279476,0.0304877500312254,"TRIP12"
2992.24945793629,-0.00939916869546194,0.00324791751120629,-2.89390622238157,0.00380481777828009,0.0304877500312254,"SUB1"
82.8279081473265,0.0132420969755029,0.00457661219870821,2.89342780217221,0.00381061885634814,0.0305060525703404,"SLC38A6"
2.33012472609115,0.0684985350324,0.0236738094130391,2.89343104176011,0.00381057954775518,0.0305060525703404,"CYP46A1"
376.780325360171,-0.00594192927219786,0.00205389889422412,-2.89299988860575,0.0038158143245901,0.0305194775947391,"ZNF384"
23.2382447692717,-0.0295380853054235,0.010209994747904,-2.89305587659459,0.00381513418643605,0.0305194775947391,"ENSG00000290886"
103.298004878453,-0.0166945898954003,0.00577883726355615,-2.88891850280741,0.00386569247726002,0.0309041627168235,"B9D2"
1.69988919279491,-0.0816507781554067,0.0282721033271063,-2.88803338084587,0.00387658730000605,0.0309769859421948,"TIAM1-AS1"
353.707449959293,0.010665766874822,0.00369355159168353,2.88767236901122,0.00388103893887867,0.0309982797015042,"PIAS2"
579.983312748292,-0.0100438792590869,0.00347891040484846,-2.88707615036279,0.00388840108260761,0.0310427896829622,"PARVG"
17.8956950734413,0.0222594643844247,0.00771339766181967,2.88581833328861,0.00390397431093882,0.0311241481370251,"ENSG00000287875"
621.687657217455,0.00577778129642176,0.00200212596023601,2.88582307565738,0.00390391548869325,0.0311241481370251,"IER3IP1"
331.418625638737,-0.0118304829457943,0.00409914433817869,-2.88608596569956,0.00390065597576747,0.0311241481370251,"ELF4"
532.468337840394,-0.00810030936634268,0.0028075315483451,-2.88520688970259,0.0039115651333622,0.0311703408054972,"YY1AP1"
44.2494806874099,0.0147256303993216,0.00510603846223292,2.8839638612675,0.00392703816620151,0.0312792736947951,"C2CD5-AS1"
147.106810092756,-0.0131128934589432,0.0045477199061779,-2.88339953415553,0.00393408115585492,0.0313209912307348,"SLX9"
9.04718842040444,0.0291542674082882,0.0101116434841234,2.88323727533158,0.00393610832210684,0.0313227555834447,"ENSG00000281021"
1194.94480095577,-0.0148853108151594,0.00516396653007123,-2.88253433256743,0.00394490143676917,0.0313783356832057,"IRAG2"
4.62440762301326,-0.0484376377151242,0.0168156585407143,-2.88050792645713,0.003970349687346,0.0315662815655722,"IDH1-AS1"
365.000458202583,-0.00766882623877613,0.00266275001877429,-2.88003987783511,0.00397624874148119,0.0315842322194211,"COPG1"
281.270829653435,-0.00734801408784412,0.00255128351934283,-2.88012446760008,0.00397518202495156,0.0315842322194211,"SMARCD2"
44.1704036853025,0.044617108640751,0.0154938494278308,2.87966582149737,0.00398096888352774,0.0316072531768601,"GDPD5"
15.9705676107536,-0.0379805033479923,0.0131905090638275,-2.87938116445761,0.00398456432212247,0.0316213274749225,"TBXA2R"
101.442787823332,-0.0101661803349479,0.00353092822779921,-2.87918067971728,0.00398709836874668,0.031626969593515,"TMEM185B"
30.7780341276738,0.0307906448471463,0.01069812140635,2.87813567238731,0.00400033054833335,0.031717428863111,"ENSG00000288727"
150.368558081525,-0.00902915813869862,0.00313750189428732,-2.87781758957299,0.00400436611086508,0.0317349215583771,"KLHL42"
83.3699240454593,-0.0197157738035188,0.00685284092169289,-2.87702195758082,0.00401447659906033,0.0317440156772629,"MLLT11"
105.674501652261,0.0124771125174478,0.00433637061223741,2.87731691618721,0.00401072571441112,0.0317440156772629,"DNAJC30"
3.91145686571183,0.0561518193608746,0.0195169449067942,2.87708038471365,0.00401373334896375,0.0317440156772629,"LINC02389"
1870.66231339566,0.00584735492795478,0.00203244353427454,2.87700732116129,0.00401466280815741,0.0317440156772629,"ARL6IP4"
36.6332160581356,-0.0264968700032668,0.00920983950164899,-2.87701756350071,0.00401453250109517,0.0317440156772629,"ORC6"
46.0316518713427,-0.0267590259741576,0.00930183471736554,-2.87674709207651,0.00401797483312594,0.0317557300250883,"BCAR3"
552.641791145129,-0.0100625369376958,0.00349835159089255,-2.87636524696149,0.00402283919753584,0.031779696902938,"RANBP9"
197.201081625164,-0.0103921958368122,0.00361342631574799,-2.87599495014498,0.00402756155246147,0.0318025206245342,"RNF31"
4.01511387434411,0.0452584714345528,0.015739991280201,2.87538097250934,0.00403540263292836,0.0318499385241316,"ENSG00000276337"
552.830993889029,0.0049076060335177,0.00170693109722122,2.87510494214265,0.00403893231754244,0.0318633005205668,"VPS4A"
13.5798324300947,-0.0316145647659749,0.0109987992184913,-2.87436511367752,0.00404840655651396,0.031923525882911,"SOGA1"
11.8049481391354,0.0288604043901987,0.0100430840682969,2.87365954461166,0.00405746085872095,0.0319803866320268,"GOLGA7B-DT"
443.92110486495,-0.0165942228894165,0.00577498897774966,-2.87346399332571,0.0040599735457654,0.0319856589790818,"CASP10"
55.6828598872978,-0.0355090779950015,0.0123584148799054,-2.87327123583938,0.0040624517167592,0.0319906547355146,"ENSG00000290846"
18.7750761881041,0.0444847161004523,0.0154836040031366,2.87302078323889,0.00406567369120405,0.0320015005421996,"AKR1C8"
102.142101061337,-0.0474222289203736,0.016507023254097,-2.87285164565352,0.00406785089177138,0.032004116675941,"KRT73"
210.206830308224,-0.00958373476580872,0.00333677975414208,-2.87215083761883,0.00407688322850768,0.0320170983468317,"TXLNA"
1584.18386052592,-0.00940035764393875,0.00327263740183637,-2.87241038028348,0.00407353600292131,0.0320170983468317,"RHOG"
27.3671475616595,0.039061221372492,0.0135994031242267,2.87227468850499,0.00407528565825192,0.0320170983468317,"LINC02284"
61.3954517876034,0.0316486422048919,0.0110176812643696,2.87253201880521,0.00407196813455931,0.0320170983468317,"PBX4"
1492.09243890053,-0.0159424407136599,0.00555125156390586,-2.8718642147867,0.00408058259739679,0.0320316501808323,"HNRNPF"
4.42949660899205,-0.196741439680808,0.0685730566433128,-2.86907787564687,0.00411670426354091,0.0323005814400306,"LIPH"
814.927280047228,0.0228159108570101,0.00795353754276026,2.86864941975139,0.00412228436630739,0.0323297419469714,"F2R"
239.978613337408,0.0122883295079746,0.00428437995247365,2.868169873888,0.00412853799135809,0.0323641559304474,"DGKE"
52.5105881474791,-0.0352858451867261,0.0123035765818176,-2.86793396636162,0.00413161755418227,0.032373668170711,"SPRY2"
180.311246735516,-0.0105496202449262,0.00367961703462901,-2.8670429954105,0.0041432671981243,0.0324502931616525,"TTI1"
22.1606080254276,0.0226460450282972,0.00789921591085248,2.86687252049719,0.00414549958958107,0.0324531258483991,"HNRNPA1L2"
1029.0563745052,-0.013287525870659,0.00463656957644432,-2.86580965767559,0.00415944254913198,0.0325475910430048,"MNAT1"
16.4035032124179,0.0295535107305398,0.0103161532674599,2.86478011370381,0.00417298897599149,0.0326388695922004,"ZNF382"
7675.00729043341,0.00786991811966674,0.00274757968179901,2.8643093307903,0.00417919672010554,0.0326579750902661,"RPL22"
4.94253905582508,-0.0374387958608523,0.0130706329040716,-2.8643445298804,0.00417873229524656,0.0326579750902661,"TMEM81"
26.4125047079087,0.0201011211211968,0.00701969688568151,2.86353121061371,0.00418947538267641,0.0327235564784649,"IPO9-AS1"
5.15314592063878,0.0445824850002597,0.0155700622544889,2.86334661169428,0.00419191722529799,0.0327278938003913,"ATP13A3-DT"
20.3558886700029,0.0606754198899651,0.0212013348506306,2.861867911499,0.00421152385717722,0.0328661789807964,"ENSG00000233005"
49.4441012800119,0.0276535872889483,0.00966725679974839,2.86054129540327,0.00422918470095408,0.0329891619569026,"NUBPL-DT"
12.9175303933757,0.0404013477594888,0.0141248258511085,2.86030767284243,0.00423230179562962,0.0329986388991383,"IKBKB-DT"
506.019552190243,-0.0072454984184279,0.00253408715256673,-2.85921437669934,0.00424691674365231,0.0330977141369633,"NUP42"
348.744441158082,0.0105184464064246,0.00367926153492187,2.85884716446177,0.00425183581714862,0.0331211709725614,"KPNA5"
700.471287609576,-0.00758579297165751,0.0026538084087592,-2.85845539814394,0.00425708950697191,0.033147212193424,"NBN"
11.0346639798698,0.0353402819736189,0.0123641440528237,2.85828778948494,0.00425933898099864,0.0331498486506794,"ENSG00000275091"
4.63320745472533,-0.071118090451975,0.0248927234298998,-2.85698311204276,0.0042768859300107,0.0332675259680946,"DEPDC1"
120.859216938111,-0.00984926473880643,0.00344756152185657,-2.85687860140127,0.00427829435294092,0.0332675259680946,"TEX261"
17.7068186553069,-0.032143042460754,0.0112548974921384,-2.85591605638399,0.0042912857439723,0.0333535954688313,"ANKRD50"
12.7781133969087,0.0232776354097877,0.00815546819351164,2.85423655116539,0.00431403957786525,0.0335154315256634,"PPP1R12A-AS1"
5.30231560966766,0.0470728894337203,0.016494014677665,2.85393764669454,0.0043181005651462,0.0335169613441415,"ENSG00000288766"
119.641219880814,-0.0105138345713432,0.0036838080438636,-2.85406689115,0.0043163441940706,0.0335169613441415,"C8orf82"
771.335130239731,0.00568671666512798,0.00199286208180564,2.8535425090609,0.0043234743185465,0.0335286689665377,"ACBD6"
225.97530930914,-0.0155683419905447,0.00545566490607421,-2.85361037720833,0.00432255090102603,0.0335286689665377,"STYXL1"
134.761768784517,-0.0172440559865581,0.00604468030571387,-2.85276559130146,0.00433405785163461,0.0335361082538916,"H2BC15"
447.216192608507,0.00851394696808054,0.00298423711132818,2.85297268630618,0.00433123441404353,0.0335361082538916,"MARCHF8"
416.085677823991,-0.00839519046211687,0.00294227190243387,-2.85330205382185,0.00432674740451928,0.0335361082538916,"TM7SF3"
20.3378954922409,-0.0411802244635717,0.0144343476095912,-2.85293284998962,0.00433177739440405,0.0335361082538916,"PINLYP"
478.876720959295,0.0216875445677658,0.007602295730452,2.85276255182938,0.00433409930281444,0.0335361082538916,"ZC3H12B"
34.4213743449566,-0.0329815721735897,0.0115632801820841,-2.85226783873063,0.00434085080648808,0.0335733748510723,"ARHGAP11A"
14.8995953704264,-0.0582881737059896,0.0204369587163187,-2.85209626907193,0.00434319449688347,0.0335765321443558,"TDRD9"
127.162454716257,-0.0120192560907194,0.0042151905647308,-2.85141464096227,0.00435251706754942,0.0336336151838964,"DOT1L"
202.644014723858,0.0129850754865354,0.00455454439109993,2.85101524356852,0.00435798801749928,0.0336608976525279,"ZNF66"
651.577078182807,0.0103068269116781,0.00361543311762675,2.85078622017042,0.00436112799409058,0.0336701595200193,"PRKD3"
11.9605089726188,0.0415161645000032,0.014565105973002,2.85038533718587,0.00436662915216954,0.0336774312672771,"ENSG00000289225"
53.4391388351974,0.0173857026454452,0.00609961892504241,2.85029324931546,0.00436789372558067,0.0336774312672771,"SLC25A30"
467.485997326618,-0.00940671096414015,0.003300104295015,-2.85042838747537,0.00436603808879643,0.0336774312672771,"NSMCE1"
105.48975414578,0.0209720323106201,0.00735915445223924,2.84978830743779,0.0043748336149457,0.0337159544878179,"SP2-DT"
96.8085488366379,0.0176243142347151,0.00618511546027207,2.84947214775839,0.00437918398042804,0.0337344954229421,"ZNF441"
5.33957270819037,-0.0764520677588824,0.0268379823668771,-2.84865183655676,0.00439048977639637,0.0337915779241013,"UNC5C"
33.0817720254717,0.0222151482753863,0.0077981030165343,2.84878876674026,0.00438860072242248,0.0337915779241013,"SDR42E2"
33.9602137602935,0.0307316965245538,0.0107901724122906,2.84811913566354,0.0043978457953504,0.0338230277962584,"ENSG00000289582"
502.003244386596,-0.00818903902168593,0.00287549062478129,-2.84787540293538,0.00440121520210121,0.0338230277962584,"JADE1"
462.344560963608,0.0102186421518594,0.00358793972791756,2.8480529013207,0.00439876119985199,0.0338230277962584,"PPIL4"
772.21398749734,0.00645747971103461,0.00226753944678937,2.84779156551293,0.00440237472699744,0.0338230277962584,"XPA"
632.614812960113,-0.0113168804349079,0.00397412827088245,-2.84763844132161,0.00440449324668461,0.0338243244105731,"ME2"
103.713285490591,0.0104809549330897,0.00368214919722948,2.84642320875423,0.00442133915127378,0.0339236583796097,"DCUN1D2"
1025.84831810673,0.0100083907136842,0.00351596763369445,2.84655371049811,0.0044195273039118,0.0339236583796097,"LINC01278"
5220.59891135787,0.00598866054919628,0.00210489921706401,2.84510559966357,0.00443967018979106,0.0340492477685656,"COX4I1"
2560.97278385191,0.00946878477101074,0.00332829736052374,2.84493353367944,0.00444206910951421,0.0340525916534921,"DPYD"
1015.77597693259,-0.0216450982378559,0.00761027547593956,-2.8441937885545,0.00445239591820211,0.0340630310054198,"TIPARP"
370.638426368679,-0.0117170892709228,0.00411929657912933,-2.84443934682638,0.00444896552608113,0.0340630310054198,"UBL7"
4.13407234296818,-0.0601687114925041,0.0211536687832692,-2.84436293812507,0.00445003268115765,0.0340630310054198,"LUNAR1"
227.70754496655,0.0101228009011945,0.00355918716106409,2.84413278737726,0.00445324846208739,0.0340630310054198,"COG1"
87.5292351203434,-0.0189152566453041,0.00664959086253548,-2.8445745063617,0.00444707840081318,0.0340630310054198,"ZNF577"
144.538895553711,0.0132300318196053,0.00465306412794006,2.84329453792899,0.00446497871102097,0.0341262108404362,"GARRE1"
153.802714669932,-0.01042293639537,0.0036658382145263,-2.84326142765055,0.0044654426220769,0.0341262108404362,"GSPT2"
44.6717568541772,0.0168678330116787,0.00593290137858739,2.84310018578042,0.0044677024205584,0.0341284463196157,"ENSG00000291272"
181.337519859152,0.0195045413298717,0.00686086916366361,2.84286740711676,0.00447096663224709,0.034138061163913,"MEPCE"
3.82658926925841,0.0450244866986483,0.0158384683995168,2.84272983743946,0.00447289676190767,0.034138061163913,"SLC46A1"
13.015250355523,-0.0316460796495728,0.0111353582647605,-2.84194535075909,0.00448391769996191,0.0342071258834386,"ENSG00000273691"
204.775647515805,-0.0252200411296494,0.00887601801194963,-2.84136885433266,0.00449203234405473,0.034253967958093,"POFUT2"
34.3617467059079,-0.0340657934135133,0.0119937771947145,-2.840288998242,0.00450726798616375,0.0343487699034086,"UBE2T"
26.2342524196022,0.0353121785301989,0.0124329587753668,2.84020715971185,0.00450842454865468,0.0343487699034086,"MAP3K9"
95.5664050190836,0.0225524178254186,0.00794218964254309,2.83957181085358,0.00451741260706499,0.0343944573759681,"LINC03033"
422.77845062746,-0.0157620986815934,0.00555100609570531,-2.83950303960001,0.00451838646298313,0.0343944573759681,"ASMTL"
4.81333041557222,-0.0525128286741374,0.0184970399228392,-2.83898552920877,0.0045257209265643,0.034435178348262,"TCEAL9"
15.9164755445194,0.0209853615569676,0.00739535504794879,2.83764084630233,0.0045448290166489,0.0345502602019391,"ENSG00000287510"
15.0223804822015,-0.0406360573726025,0.0143198358846033,-2.83774602586714,0.00454333177328114,0.0345502602019391,"NCF1"
10289.0156952835,-0.00497090707208185,0.0017519672095143,-2.83732882960745,0.00454927324061875,0.0345688971433438,"SERF2"
8.98125244571604,0.0333179828003052,0.011744298140643,2.83694967560496,0.00455467903591875,0.034594821328861,"SLC14A2"
678.442340767712,-0.0138522065597956,0.00488311824010747,-2.83675427844868,0.00455746718586725,0.0345977379291019,"SATB1"
31.2384200997194,0.0383747032010501,0.0135282090091346,2.83664328183712,0.00455905170082586,0.0345977379291019,"MPIG6B"
39.9660196224326,0.0186354108340384,0.00657086193608495,2.83606793375144,0.00456727299305032,0.0346449724020276,"ENSG00000274015"
139.218055685923,0.0111279538423426,0.00392414856384474,2.83576262755961,0.00457164104056303,0.0346629496379752,"ZNF525"
326.670934221459,-0.0158712497710484,0.00559877870438809,-2.83476997556791,0.00458586917890181,0.0347556393689771,"CHMP5"
6.91375425114549,-0.0463380366645973,0.0163511366250934,-2.83393367244478,0.00459788741121359,0.0348315069038137,"TEDC2"
3.0585906338928,0.0598845656069083,0.0211335717505961,2.83362255626379,0.00460236563230495,0.0348502134392083,"S100A2"
490.924002552128,0.0160619823293726,0.00566988642212561,2.83285786231871,0.00461338946412986,0.0349184469562499,"SBDSP1"
18.5635068877669,-0.0253185067792389,0.00894182096022338,-2.83147100482835,0.00463344343512954,0.0350549396915078,"KCTD1"
59.5090163553486,-0.0425028744129546,0.0150119126040622,-2.83127643585224,0.00463626320935388,0.0350609826311557,"TTC9"
9.62734407748713,0.0505007389396694,0.0178388257121131,2.83094525136696,0.00464106644581042,0.0350820133777425,"HPSE"
10.210683536913,0.0331119057015742,0.011697058659922,2.83078906110188,0.00464333326846279,0.0350838612984723,"FUT8-AS1"
144.985652163868,-0.0123565204211161,0.00436566177075491,-2.83038885510809,0.00464914611953328,0.0351124888470454,"ERAL1"
23.6824651537101,-0.0316446653491249,0.0111836202422322,-2.82955471159748,0.00466128294388503,0.0351888322500076,"ZNF418"
16.3837353993498,-0.0290755697165627,0.0102767956221522,-2.82924471650373,0.00466580069249776,0.0351923088754135,"ENSG00000227355"
121.724013337534,-0.0135733012344952,0.00479749292484892,-2.82924882790164,0.00466574074864283,0.0351923088754135,"C15orf39"
9.7832473069928,0.0324899594591958,0.0114870064043989,2.82840962348152,0.00467799074675523,0.0352689193718861,"RBM25-AS1"
211.779089764298,-0.00867189834493438,0.00306668689755519,-2.82777428365698,0.0046872842606729,0.0353236348193542,"ZNF875"
1.61953117436289,0.0746035909728884,0.0263843643847747,2.82756824780433,0.0046903016634744,0.0353310261649821,"AQP8"
3501.00707008457,-0.00558056518729525,0.00197407263977445,-2.82693000999845,0.00469965984413742,0.0353861540694861,"SET"
14.6528685712841,-0.0550775145833416,0.0194879936264037,-2.82622806837943,0.00470997159902003,0.0354484109760519,"LY86"
82.3947518862482,0.0125947376423851,0.00445662795876356,2.82606889310083,0.00471231278355616,0.0354506514176636,"ZSCAN9"
218.538842066641,-0.00823573625907985,0.00291613280811061,-2.82419793644991,0.00473991028985206,0.0356428104500882,"TOR3A"
199.492167982377,-0.0143797257783901,0.00509285422538787,-2.82351018544909,0.00475009166169864,0.0357038952110694,"TMEM140"
18.8996025171391,-0.0411428068108237,0.0145734240770257,-2.82313933865984,0.00475558983737286,0.0357297412294259,"PHGDH"
267.489045532792,-0.0215327595850398,0.00762941580459067,-2.82233399470552,0.00476754971060986,0.0358040919392467,"TTC7A"
46.2313383622725,0.0218590715241036,0.00774559424643958,2.82212969445844,0.00477058802558843,0.0358090672779014,"LINC00513"
32.0870754109258,-0.0256386080685575,0.00908522320657168,-2.82201190720467,0.00477234053184851,0.0358090672779014,"PEBP4"
18.2219981877755,0.0212385210964122,0.00752686190661891,2.82169665923266,0.00477703383870274,0.0358287864391765,"ENSG00000289296"
5.08652935264113,0.0407271463001054,0.014436351765174,2.82115225249324,0.00478514862124412,0.0358741392745648,"LINC02935"
6.15974130588455,0.0371603061540672,0.0131758541382394,2.82033375325697,0.00479737243212447,0.0359502449038857,"PELI3"
2093.78043406355,-0.00725462061343721,0.00257279521291287,-2.81974273623731,0.00480621648916572,0.0359803198786099,"SCLT1"
6.12934356631688,0.0446045658128449,0.0158191861675343,2.81964984421176,0.00480760787863833,0.0359803198786099,"ENSG00000289623"
539.145609712813,-0.00867140725511128,0.00307517042020689,-2.81981356159373,0.00480515587162687,0.0359803198786099,"AP1M1"
70.3705692528254,-0.0251483112381824,0.0089195644247164,-2.81945508106827,0.00481052633485941,0.0359866368508586,"PVT1"
10.4912906246164,0.0246619309310638,0.00874760223860279,2.81927895877933,0.0048131668447452,0.0359908700097585,"UNC5CL"
5147.3445268846,-0.00733411237632779,0.0026016373093573,-2.81903720781879,0.00481679342680201,0.0360024697837834,"IQGAP1"
57.5756473334845,0.0164520116998711,0.00583690575760697,2.81861869680352,0.00482307748760454,0.0360184021760497,"RBKS"
693.910833639329,-0.0125120726806175,0.00443892086355302,-2.81871947376925,0.00482156361537458,0.0360184021760497,"RNASEH2B"
8.16446072279556,-0.0383742777809229,0.0136175157734926,-2.81800868963346,0.00483225020364097,0.0360713754443905,"PDIA5"
4243.70738053585,0.0100586247079305,0.00357067901419036,2.81700614027645,0.00484735989444632,0.0361686019134859,"TOMM7"
8413.79714636645,0.0220910837391201,0.00784379362672692,2.81637748140734,0.00485685637397525,0.0362160752709709,"JUN"
405.514070964943,-0.00735132613001409,0.00261027007894589,-2.81630862235635,0.00485789757640934,0.0362160752709709,"HK1"
323.206108786933,0.0112547268270173,0.00399771415198217,2.81529053832848,0.00487331538192854,0.0363154103289073,"C6orf226"
18.5443212753791,0.0239690141891183,0.00851726656488677,2.81416743347364,0.00489037495812524,0.0364268891256147,"RIBC1"
483.141297664599,-0.00769112180375759,0.00273328620588431,-2.81387356625877,0.00489484760779646,0.0364326891883781,"GANAB"
477.864031041504,-0.0187392662548601,0.00665967649988901,-2.8138403201976,0.00489535384471463,0.0364326891883781,"BANP"
1.81919005363335,0.0994261358551072,0.0353524899852522,2.81242243181694,0.00491698812582653,0.0365780060063631,"ENSG00000286475"
14.0965753249457,-0.0459129097555923,0.0163317140884244,-2.81127317726769,0.00493458697976198,0.0366931911379815,"MND1"
429.482920225052,-0.00792573803263283,0.00281956828441426,-2.81097573569825,0.00493915105591896,0.0366956713139538,"CHTOP"
21.7867161659216,-0.0346784712947584,0.0123365421080255,-2.81103659283896,0.00493821692624899,0.0366956713139538,"ZNRF1"
476.317997837509,-0.00528660821018968,0.00188119939220943,-2.81023278663761,0.00495056788078612,0.036748655653799,"INTS11"
45.8407274323245,-0.0199174459556752,0.00708732129424562,-2.81029251091618,0.00494964922227703,0.036748655653799,"DOLPP1"
173.328604303753,-0.0111841561842214,0.00397998757482433,-2.81009826637839,0.00495263759041861,0.036748655653799,"WDR18"
78.5501475057691,0.015849701287786,0.00564083152203118,2.8098164651581,0.00495697588102592,0.0367651208140392,"CYP2U1"
18.5770418975875,0.0239457278432171,0.00852468836010444,2.80898571674282,0.00496978514427219,0.0368122592036973,"ENSG00000272906"
997.209412625487,-0.0137255691622997,0.00488653712548849,-2.8088539613679,0.00497181942092822,0.0368122592036973,"NOP10"
24.2218617330793,0.0330634141676491,0.0117705498801185,2.80899486467459,0.0049696439299831,0.0368122592036973,"SYNGR3"
19.8416570269047,0.019226504541362,0.00684406135036513,2.80922445856454,0.00496610093585211,0.0368122592036973,"HSD17B1"
4.00825379152306,0.0404063747233178,0.0143888542921738,2.80817179066822,0.00498236404763033,0.0368216870758899,"ENSG00000283031"
195.98376576553,-0.0127215093886167,0.00453031475266153,-2.80808510736321,0.00498370539855831,0.0368216870758899,"MTHFD2L"
50.1355025476993,0.0183073152543177,0.0065194728642976,2.8080974697469,0.00498351408114995,0.0368216870758899,"ENSG00000286656"
238.366020138587,-0.00970294518108686,0.00345529605570291,-2.80813713923943,0.00498290021004997,0.0368216870758899,"CILK1"
15657.2795248396,0.0131215113183593,0.00467219693256274,2.80842428257022,0.00497845880891811,0.0368216870758899,"MT-ND4"
306.125313450239,-0.0105336327376974,0.00375136619496733,-2.80794574302793,0.00498586262849064,0.0368219433286742,"ZDHHC21"
11.8700511596524,0.0346765360586934,0.012352270119554,2.80730065996528,0.00499585891658694,0.0368800682914682,"ENSG00000287244"
260.092822365749,0.025054604144978,0.00892587289469724,2.80696402923939,0.0050010825814702,0.0369029266794322,"PLP2"
16.9813868289088,0.0541209078839211,0.0192832591726683,2.8066265873059,0.00500632379035702,0.036925895031936,"PTPRG"
2.93659000152492,0.0542274333439726,0.0193234576163029,2.80630073668709,0.00501138967401763,0.0369475512387836,"PACRG"
1.84239088710642,-0.0763595596892207,0.0272175244216779,-2.80552920633747,0.00502340286643007,0.0370203878193836,"TLCD3B"
7.19455685552264,0.0460552981594659,0.0164184852342857,2.80508813707682,0.00503028227199665,0.0370396166615441,"ENSG00000260879"
1.24975187947815,0.0923676438320977,0.0329282963902146,2.80511456582816,0.00502986982008799,0.0370396166615441,"CDKN2B"
312.74448238024,0.0119926356192077,0.00427600619232778,2.80463476426333,0.00503736245391672,0.0370760135131724,"DNASE2"
100.72219892066,-0.0284877264490475,0.0101600122169131,-2.80390671200422,0.00504875107199739,0.0371440770131513,"HMOX1"
238.305514337535,-0.0403413924775315,0.0143900019282468,-2.80343204112736,0.0050561886807895,0.037183027229477,"CHKA"
105.438008327796,0.00917007839541707,0.00327198077072859,2.80260766733514,0.00506912932080773,0.0372623963802425,"ZCCHC4"
203.887113596793,-0.0136462233124235,0.00487044727620439,-2.8018419127736,0.00508117659746001,0.0373240351188379,"RFX5"
2185.05811359955,0.00753857213698086,0.00269061633951613,2.80180121790852,0.00508181755537785,0.0373240351188379,"IGF2R"
905.062374772877,-0.0168759368995993,0.00602389102028987,-2.80150103027383,0.00508654787082327,0.0373429676102591,"ARID5A"
112.004142923327,-0.0243132852989391,0.00867971787184529,-2.80116078171216,0.00509191427286013,0.0373507521376649,"METTL13"
598.79461567213,-0.00561206710629421,0.00200342008505343,-2.80124330796281,0.00509061219852689,0.0373507521376649,"FAM120A"
446.954442543587,-0.00836931135985596,0.00298795959634411,-2.8010122259003,0.00509425890044725,0.0373521569758913,"ABHD3"
170.113878382313,0.0437369574242674,0.0156182414752899,2.80037656566298,0.0051043024281347,0.0374099867018507,"LILRB1"
19.1449002320931,-0.0515551960211112,0.0184121442370634,-2.80006474842464,0.00510923572772676,0.0374303299850523,"SPC25"
229.344967974676,0.00698139285772232,0.00249374054321666,2.79956664967121,0.00511712515151191,0.0374723035578002,"CCDC159"
47.188026142382,0.0202929882827184,0.00725116254190409,2.79858411191948,0.00513271993077704,0.037570643611443,"MAD2L1-DT"
454.809162078681,0.0157497207770919,0.00562812868574991,2.79839386348241,0.00513574450138023,0.0375769277140212,"NMRK1"
8487.8791204659,-0.0096777848993693,0.00345861869599043,-2.79816474437866,0.00513938917603303,0.0375877417478166,"CD7"
99.5504699492829,0.020726821625583,0.00741081077524131,2.79683590017289,0.00516057367954979,0.0377267729426169,"ENSG00000289155"
16.4227787203462,0.0326900936442844,0.01169203095877,2.79592944626649,0.00517506965468933,0.0378168106021696,"GOLGA8M"
1003.28715172773,0.00571095279617138,0.00204352745774442,2.79465429961727,0.00519552403900539,0.0379502951699644,"PCSK7"
212.698657365976,-0.00757652126566871,0.00271181815038913,-2.79388987221784,0.005207821067214,0.0380081110113708,"ZNF330"
56.5640909377568,0.0275354747564696,0.00985523746335173,2.79399404213898,0.00520614378250137,0.0380081110113708,"ENSG00000286931"
1051.46450961255,-0.00728183261172683,0.00260743950442383,-2.7927139246653,0.00522678939862406,0.0381160028508821,"HOOK3"
3.97193890396108,0.0402429747840085,0.0144100550228363,2.79270097999165,0.00522699854635973,0.0381160028508821,"ENSG00000283538"
5.88544552338332,-0.0621579590477707,0.0222621542489413,-2.7920909339098,0.0052368636698843,0.0381521508327419,"PBK"
15.2022630779865,0.0510716616254721,0.0182907187107955,2.7922173225117,0.0052348184452751,0.0381521508327419,"A2MP1"
542.35650462109,-0.00652303151639149,0.00233634059350705,-2.7919865513272,0.00523855333661466,0.0381521508327419,"CABIN1"
6223.69108504582,-0.00644530015408405,0.00230973610763452,-2.79049201022575,0.00526279991236557,0.0383053207845386,"PSME1"
286.085134584144,-0.00861592896752122,0.00308768381349434,-2.79041815417316,0.00526400073497463,0.0383053207845386,"PAF1"
51.3975714175147,0.0178216788787444,0.00638845646323531,2.78966898832382,0.00527619538859648,0.0383727850498025,"ENSG00000242880"
636.884806719088,0.0087436055927069,0.00313438411092259,2.78957692589031,0.00527769570721862,0.0383727850498025,"ATOX1"
26.709245240774,0.0192902130522852,0.00691584285506168,2.78927868324347,0.00528255874033064,0.0383920523784064,"ZBTB44-DT"
2.97052992804809,0.0496654259268927,0.0178077874261143,2.78897230399666,0.00528755866010679,0.0384122980048294,"ENSG00000277763"
538.618805009905,-0.0108077202104885,0.00387621190811781,-2.78821707034496,0.00529990186644395,0.03848585080748,"PIK3CG"
392.022706077324,-0.0204242128415409,0.00732653430289085,-2.78770452674767,0.00530829347134585,0.0385306590547731,"ITGB2-AS1"
42.0262396932537,-0.0309008770901046,0.0110896615774822,-2.78645807847279,0.00532875100886869,0.038662974697555,"LRP12"
34.1679589538706,0.0209724536430392,0.00752733347450127,2.78617304708009,0.0053334391248246,0.0386719361638161,"ENSG00000248367"
736.407320850779,0.016379093784947,0.00587883547894689,2.78611195084525,0.00533444450311343,0.0386719361638161,"KMT2E-AS1"
1197.68993443237,-0.00739643833289391,0.00265573398067773,-2.78508253714718,0.00535140993129309,0.0387735344386957,"CASP4"
303.842554099237,-0.00978422696416795,0.00351319940527399,-2.78499049882564,0.0053529291549848,0.0387735344386957,"RBM41"
40.7124783250867,-0.0289405548691425,0.0103923230372988,-2.78480131586296,0.00535605311256555,0.0387799705328828,"KRT2"
72.1565433424307,0.0127808054751129,0.00459051402552312,2.78417741543801,0.00536636718298747,0.0388384388362397,"SLC2A8"
19.322173726395,0.022840169289015,0.00820472147438652,2.78378362511358,0.00537288639504445,0.0388694049963433,"ENSG00000278834"
182.713606764801,-0.0121135210852457,0.00435243721287236,-2.78315814629557,0.00538325591922339,0.0389281882812369,"TSPAN17"
337.734588862401,-0.00810393345475517,0.00291232955032663,-2.78262927141823,0.00539203798713964,0.0389650165137275,"ABHD16A"
51.2611945989902,0.031299961492846,0.011248535803021,2.78258095461988,0.00539284094128774,0.0389650165137275,"ENSG00000229151"
13.3636555899612,-0.058131501663014,0.0208996566649918,-2.78145725524706,0.00541154565167696,0.0390838859139433,"PPP1R9A-AS1"
101.89927313658,0.0298131261768838,0.0107202154456255,2.78101931142153,0.00541885136111139,0.0391132923578039,"MLF1"
20.7771041189528,0.0203009222551873,0.00730001398568623,2.7809429262729,0.00542012651764817,0.0391132923578039,"ENSG00000258982"
11.7242380147409,0.0416457927578533,0.014978908901302,2.78029548295292,0.0054309456754955,0.0391487715293426,"RUNDC3B"
14.4080117332431,-0.0355952897775017,0.0128020452102328,-2.78043774982532,0.00542856664257513,0.0391487715293426,"FAM171A2"
289.821168604061,-0.00818527884912735,0.00294408690318536,-2.78024362673237,0.00543181306612449,0.0391487715293426,"FAM104A"
4.63330294636878,0.0370178604387045,0.0133165353474168,2.77984171354942,0.0054385400452183,0.0391809770367305,"ENSG00000230303"
11.5774395756511,0.0333109791862652,0.0119891823507698,2.77841959623931,0.00546240301125546,0.0392849473223896,"MANEAL"
821.050781281036,-0.00893747942213446,0.00321630451840815,-2.77880386355889,0.00545594574807946,0.0392849473223896,"PARP1"
2.38772483531382,-0.0645208443880497,0.0232251321258067,-2.77806145681114,0.00546842742906987,0.0392849473223896,"ENSG00000235586"
4.1190629106767,-0.0436500090349137,0.0157125316898773,-2.77803793153429,0.005468823367741,0.0392849473223896,"LINC01366"
3.26048283067788,-0.0538637827810678,0.0193857345569513,-2.77852678849115,0.0054606010494224,0.0392849473223896,"RHOBTB1"
56.3710848562831,0.0129875742289341,0.00467441396143238,2.77843903772579,0.00546207614912826,0.0392849473223896,"TRIM3"
528.697740443869,0.00730056001844624,0.0026277873569475,2.77821567226305,0.005465832569563,0.0392849473223896,"GLOD4"
258.91478788864,0.00967995677003672,0.00348463337515343,2.7778981969977,0.00547117568244831,0.0392855777065867,"SLC25A42"
14.7025048123823,-0.0355302617134521,0.0127922946683881,-2.7774736772796,0.0054783277220137,0.0393206575595754,"NEURL1"
15.1975893785556,0.025981739771189,0.00935565009725561,2.77711751733965,0.00548433458811336,0.0393382550806886,"ENSG00000289304"
719.719956963161,0.0951830044099433,0.0342747451025183,2.77705943910725,0.0054853146783598,0.0393382550806886,"ANKRD20A11P"
84.7262314933722,-0.0130856171390746,0.00471269375218281,-2.77667462117895,0.00549181260888921,0.0393685806359545,"ZNF672"
509.756738349316,-0.018160854513121,0.00654104129651591,-2.77644700436219,0.00549565935365474,0.039379883712186,"RIGI"
38.820300384131,0.0293244688598714,0.0105656267394388,2.77545947656947,0.00551237684177154,0.0394833664124908,"ENSG00000285190"
20.2204828453133,-0.0254976803642029,0.00918937535854474,-2.77469135489105,0.00552541180448176,0.0395530203832462,"ENSG00000270605"
28.0089985938198,-0.0400823579276758,0.014446082566575,-2.77461780679681,0.00552666136782274,0.0395530203832462,"NAALADL2"
1231.48236853555,-0.00702731663940772,0.00253289119902815,-2.77442498994984,0.0055299384876055,0.0395601537661774,"RALBP1"
5.42306350299993,0.0408617191927587,0.0147293987596908,2.77416070128966,0.00553443319327305,0.0395759880613771,"LZTS3"
12.6979801497631,0.0260010156407126,0.00937335755762895,2.77392764341423,0.00553839949831956,0.0395880323431594,"ENSG00000287637"
10.2667582065844,0.0428245095170149,0.0154391045437951,2.77376899648146,0.00554110090488591,0.0395910290354039,"WNT10A"
202.591140284289,0.0124750851261334,0.00449839466772798,2.77323046277623,0.00555027981467929,0.0396402858069396,"ING1"
4.92068295475768,0.0378131111123685,0.0136364356475388,2.77294683814192,0.00555511950140175,0.0396573387437334,"CBLN3"
4.81467983286703,0.0717192677401817,0.0258650755178508,2.77282266934363,0.00555723947924925,0.0396573387437334,"ENSG00000291095"
1670.76293932588,-0.00823849714394933,0.00297157652006803,-2.77243311363919,0.00556389524059674,0.0396721967258004,"GNG5"
1182.12284455404,-0.00427570285912875,0.0015421648231913,-2.7725329970118,0.0055621879959803,0.0396721967258004,"HNRNPUL2"
2085.99841751286,-0.0155360206751309,0.00560555338620254,-2.77154093534658,0.00557916567900545,0.039748405010015,"TOX"
19.2467044519135,-0.0438769745953019,0.0158307940606721,-2.77162184203406,0.00557777933033335,0.039748405010015,"C19orf84"
401.300219411798,-0.00841543722029907,0.00303657243155595,-2.77136060804812,0.00558225673411163,0.0397541009127129,"AKR7A2"
6.99657321568069,0.0530656418035024,0.0191492182700767,2.77116491415343,0.0055856129418561,0.0397600182499986,"TRPC1"
564.460445975291,0.00885646217336491,0.00319607309518178,2.77104493846415,0.00558767146031223,0.0397600182499986,"CEP95"
126.990826215577,-0.0117418193466487,0.0042378964783147,-2.77067158358669,0.00559408178752091,0.0397893115415796,"GET1"
2019.89302237063,-0.0124023046532158,0.00447746439630789,-2.7699393128492,0.00560667380353972,0.0398625316163144,"IKZF3"
2327.4026807551,0.00745987214655182,0.00269394829321298,2.76912224534744,0.00562075415310707,0.0399349487085843,"FAM172A"
166.959889317262,-0.00872205894806694,0.00314980258466753,-2.7690811451244,0.00562146326644932,0.0399349487085843,"YARS2"
3169.86473626662,0.0133811460889404,0.00483316623849175,2.76860869844943,0.00562962031570088,0.0399765260895533,"MYBL1"
6.26524340188063,0.0335388273984667,0.0121171457571613,2.76788181562023,0.00564219119769517,0.0400493997126088,"ENSG00000250132"
20.1388364614955,-0.0454098091758954,0.0164122418028795,-2.76682550265183,0.0056605044617949,0.0401465377772764,"CCNA2"
561.516948012139,0.00888028630382324,0.00320947261921399,2.76689891375301,0.00565923000432315,0.0401465377772764,"KLHL28"
1751.7579640192,0.00487056435236713,0.00176083893004594,2.76604763176155,0.00567402464653208,0.0402259826595989,"LAMTOR4"
677.506223475868,-0.00714115897945029,0.00258206272865893,-2.76567989622749,0.00568042639740413,0.0402549171332381,"CFDP1"
18.2651937163112,0.0237502187078238,0.00858947799126343,2.76503633072705,0.00569164563361437,0.0403179536349294,"EXD2"
656.425037526928,-0.009394578555462,0.00339833887334706,-2.76446196379739,0.00570167540950085,0.0403725163281717,"RMND5A"
56.0911798699575,0.0241913117086358,0.00875794507761223,2.76221322402165,0.00574109716978133,0.040614460731467,"ENSG00000288880"
26.6469130399581,0.0258230168460118,0.00934884723679444,2.76216053080637,0.00574202385362959,0.040614460731467,"PPP2R3A"
982.762813925137,-0.00994728699114243,0.00360150648894896,-2.76197947210846,0.00574520905205326,0.040614460731467,"SFT2D1"
92.0307769078682,0.0202311505208784,0.00732471584691312,2.76203895737532,0.00574416240699785,0.040614460731467,"CPPED1"
407.292031117067,-0.0109679293819616,0.00397187314682812,-2.76139971658471,0.00575541887750589,0.0406412012319846,"TAF1B"
360.263889286952,0.00992549539625076,0.00359450756813652,2.76129489453166,0.00575726659919186,0.0406412012319846,"DTNB"
6.11098745899736,-0.0525213242816473,0.0190199569061332,-2.7613797728801,0.00575577038843391,0.0406412012319846,"PNLDC1"
3.67975986651941,0.0517394337067835,0.0187378025019923,2.76123273800554,0.00575836249874442,0.0406412012319846,"FRMPD3-AS1"
74.4227269348635,0.0356054066477188,0.0128972900061523,2.76068899983904,0.00576795732564286,0.0406923642477643,"TTC28"
395.480275167145,-0.00676625570341663,0.00245253162282217,-2.75888622207879,0.00579987243895208,0.0409008890532279,"NFYC"
237.652934426685,-0.00828062500430724,0.00300177734742905,-2.75857401995501,0.00580541559235204,0.04092334404556,"PTPA"
2657.4980896311,-0.00946650202686544,0.00343321624074107,-2.75732763772027,0.00582759275632479,0.0410629890888394,"HELZ"
344.951675128582,-0.0316565824924282,0.0114827158583927,-2.75688982317631,0.00583540099822277,0.0411013140548797,"TKTL1"
461.910928829622,-0.00972603771803242,0.00353011705945495,-2.75516011345361,0.0058663419788669,0.0412857203445772,"RNASEH2C"
8.99352254371849,0.0338598196890037,0.0122891471284375,2.75526196693105,0.00586451593830207,0.0412857203445772,"ENSG00000245059"
2262.65477320794,-0.0192032704791731,0.00697132028079534,-2.7546102754846,0.00587620838972732,0.0413383873256243,"ALOX5AP"
626.614389425484,-0.00681919386083562,0.00247586916418125,-2.75426260785096,0.00588245472898021,0.0413500629899622,"UBQLN1"
502.891737647848,-0.0110951261003533,0.00402836189747014,-2.75425256785423,0.00588263520055491,0.0413500629899622,"SEPHS2"
2.66668213634086,0.0508674565941811,0.0184747895496965,2.75334430507852,0.00589898212376222,0.041418600058558,"LINC00877"
18.7667440582804,-0.0199351946118583,0.00723998224539358,-2.75348667112299,0.00589641711537977,0.041418600058558,"PLEKHG4"
1467.20520575882,0.00667666940840766,0.0024249584610937,2.75331289815017,0.00589954811763297,0.041418600058558,"UXT"
2214.09903030824,-0.0059652335162381,0.00216722581260636,-2.75247437601538,0.00591467749130526,0.0415080198702118,"LNPEP"
9.48981268587216,0.0289080839248991,0.0105047724904693,2.75190004839483,0.00592506019705388,0.0415640696718523,"ENSG00000273363"
762.977672898836,0.00748454952912426,0.00272016207965863,2.75150866380122,0.00593214506298153,0.0415969492936959,"THAP12"
3.21875978110564,0.0448054775139404,0.0162875818461562,2.7508980729705,0.00594321325959215,0.0416072895994369,"ENSG00000230623"
101.171820091662,0.011546578071989,0.00419707071918175,2.75110400671069,0.00593947821496878,0.0416072895994369,"ENSG00000289294"
117.366129359386,-0.0231230554217716,0.00840546918225083,-2.75095356611369,0.00594220656560403,0.0416072895994369,"H2AC12"
1501.0917512086,-0.00856333975936188,0.00311254009413904,-2.75123837777601,0.00593704225161796,0.0416072895994369,"GPCPD1"
5.59673252768421,-0.0514588852910128,0.0187073964552281,-2.75072404725948,0.00594637123448096,0.0416126051536005,"TYMSOS"
5.65152955357795,-0.0495384814091266,0.018010835288823,-2.75048217446465,0.00595076291461953,0.0416265463882337,"CCR9"
3728.66250410063,0.00638738776219159,0.00232303199236403,2.74959095836277,0.00596696994695601,0.0417230933654949,"UQCRB"
13.022010811363,0.0330761698900051,0.0120308260544403,2.74928502335028,0.00597254263060516,0.0417315080912254,"ENSG00000254180"
332.914370364949,-0.0127696970363862,0.00464477474803094,-2.74926077778037,0.00597298447028549,0.0417315080912254,"TOR1A"
1196.89551298301,-0.00578784776352024,0.0021054771743998,-2.74894823553248,0.00597868272839373,0.041754504014563,"NDUFA2"
24605.2051668017,0.00872820280379712,0.00317584782553632,2.74830636833903,0.0059904005881862,0.0418026827851385,"RPS8"
4.58382320128569,0.0441459911527133,0.016062808803602,2.7483357171514,0.00598986434823517,0.0418026827851385,"PMEL"
414.698655528855,0.0154785552199032,0.0056331302757555,2.74777156965844,0.00600017961543677,0.0418540876431834,"WARS2"
3330.94858947004,-0.00443114013462904,0.00161275939294497,-2.74755190018616,0.00600420053319101,0.0418653017885039,"SUMO2"
4539.48360311957,-0.0146997471439161,0.00535065454001338,-2.74728017553519,0.00600917764848977,0.0418663509421689,"TRBC1"
11562.6410623954,0.0080726778081186,0.00293835591923123,2.7473451242866,0.00600798765983952,0.0418663509421689,"RPL27"
14.2913552440321,-0.0313918011094666,0.0114271722792032,-2.74711891467654,0.00601213318229109,0.0418701270358835,"LINC02246"
1801.3461463664,0.0159747680509362,0.0058167022365293,2.74636166703077,0.00602602927960609,0.041916421789337,"PRSS23"
703.822991902802,-0.00590489768895215,0.00214997709026227,-2.74649330715976,0.00602361150245586,0.041916421789337,"SPECC1L"
133.609245299777,-0.0112330000102743,0.0040900169576796,-2.74644338312161,0.00602452833271881,0.041916421789337,"FAM104B"
347.317289028365,-0.0128183472337973,0.00466842549116516,-2.74575384314381,0.00603720425938833,0.0419773224416308,"H4C5"
68.318582579509,-0.0117243599154251,0.00427069662133417,-2.74530385906045,0.00604548934163685,0.0419844471972442,"ATXN7L2"
70.6389426134453,-0.0179641140161479,0.00654309241601657,-2.74550822057384,0.00604172537993448,0.0419844471972442,"LINC02245"
295.174459078455,-0.00961425807636165,0.00350193698977481,-2.74541149781792,0.00604350657127054,0.0419844471972442,"MPST"
40319.5830415037,0.0116588801864716,0.00424781547892245,2.74467670366632,0.00605705357818508,0.0420479253598858,"RPS27"
22.9061900489825,-0.0405285894776804,0.0147700252399438,-2.74397564115703,0.0060700041865557,0.0421041313987878,"CDCA2"
1138.96699638024,0.00479170917225167,0.00174626328417223,2.74397865183488,0.00606994851753069,0.0421041313987878,"REX1BD"
66.2636386483995,0.0128085607310905,0.00466925760503618,2.74316857508041,0.00608494386135775,0.042190889730949,"FLJ40194"
519.659453216189,0.00764493433524844,0.00278709157306208,2.74297924371721,0.00608845338440833,0.0421983576958513,"WWP2"
17830.1345118694,0.00914564428304662,0.00333500152361869,2.74232087100309,0.00610067144584251,0.042266153451468,"MT-ND5"
2484.95876122257,-0.0128812669261618,0.00469991631344486,-2.74074389139927,0.00613002683297244,0.0424356366713511,"SH2D1B"
74.8631555774974,0.0143774352649127,0.00524576927375228,2.74076775294933,0.00612958170533467,0.0424356366713511,"TMEM97"
458.521867784888,-0.00580663010854844,0.00211885055969406,-2.74046231433464,0.00613528173919856,0.0424550728406927,"GRIPAP1"
45.7077063259583,-0.0204999598361413,0.00748141812002269,-2.74011684780413,0.00614173451859098,0.0424827792777178,"NMNAT1"
4.0014017710945,-0.0618542512564979,0.0225770998260434,-2.73968985091465,0.00614971860405606,0.0425210515516797,"MNS1"
5.77980707733911,0.04279336390222,0.0156304841935954,2.73781434869143,0.00618489797376451,0.0427472549995485,"FAM66D"
91.9570461206231,0.0118034269231804,0.00431184055441686,2.73744512910837,0.00619184484887234,0.042778225582731,"WDR91"
336.340866156962,0.0117508734117558,0.00429355043539674,2.73686628084758,0.00620275003462692,0.0428365078028295,"XKR6"
403.264245383623,-0.0267164652256527,0.00976780256416756,-2.73515614695776,0.00623506911246326,0.0430425702200607,"IRF8"
12044.7374586017,0.0119213733221171,0.00436084720484542,2.73372873712957,0.00626216110578132,0.0432123989113342,"MT-ND2"
186.611322213084,-0.0101197580474764,0.0037021555553863,-2.73347726644093,0.00626694494025136,0.043212712082576,"CAPN10"
3.25592703795082,-0.0455019337673701,0.016646250271576,-2.73346447548407,0.00626718835599269,0.043212712082576,"ENSG00000290285"
66.4982168992406,-0.0370079038142522,0.0135426186518859,-2.73269924861235,0.00628176634701429,0.0432960200985316,"TOX2"
463.139199682619,0.0112685040343768,0.00412416576277303,2.73231113455537,0.00628917179271194,0.0433298460126953,"G2E3"
174.040765069198,-0.0119274370442005,0.00436649782594399,-2.73157975101521,0.00630314838346614,0.0434088996253953,"PDP1"
38.0778988013008,0.0155473854252206,0.00569215002211779,2.73137309536971,0.00630710259330496,0.043418895154228,"ZNF449"
116.608874065426,-0.00969107210965156,0.0035488346934493,-2.73077585933773,0.00631854283647251,0.0434803971150833,"SPINDOC"
19.2122254102098,0.0356695891361377,0.0130628248021836,2.73061835217871,0.00632156304604436,0.0434839316902369,"TMEM132C"
132.066960357677,0.00991595850069489,0.0036324594234381,2.72981948172996,0.00633690145301715,0.0435721626662472,"ENSG00000267009"
6.26696337937211,0.0362735949234078,0.0132932117187998,2.72873070035499,0.00635786011560894,0.0436989529657622,"KCNH3"
29.274533797181,0.0283502433666799,0.0103911898401774,2.72829616268428,0.00636624221632346,0.0437392356311997,"NXT1-AS1"
122.272289717621,0.0113694010559971,0.00416896548145581,2.72715164147314,0.00638836729679936,0.0438304232334264,"VPS33B"
47.4357441018641,0.0292413475018484,0.0107230709066299,2.72695646204942,0.00639214726657648,0.0438304232334264,"EPN2"
188.605191355845,-0.00717442106192638,0.00263086457598564,-2.72702028352733,0.00639091103755561,0.0438304232334264,"DAPK3"
167.759021058099,-0.00852048750913816,0.00312438439094261,-2.72709322637717,0.00638949839001508,0.0438304232334264,"RAVER1"
364.842922675476,0.010042020162763,0.00368244975428463,2.72699448270239,0.00639141077645386,0.0438304232334264,"SLC9A8"
3.30453307313838,0.0495702420040375,0.0181850191918249,2.72588340331925,0.00641296477964768,0.0439557933612517,"EFCAB6-DT"
593.621188532487,0.00714133593726925,0.00262013483291108,2.72556047405199,0.00641924158999024,0.0439814388243091,"SDR39U1"
2.47570893808836,0.0642852791528455,0.0235888533635876,2.72523967833375,0.00642548240270113,0.0440068174978521,"ENSG00000260179"
492.247562339781,-0.0188724645674439,0.0069259089292008,-2.72490798830381,0.00643194089478073,0.0440336663941026,"SLC25A20"
37.7803258543977,0.0273181122029426,0.0100290118063873,2.72390866920152,0.00645143442628988,0.0441496979989257,"F8"
841.637349161377,-0.00788988268112692,0.00289821168770907,-2.7223279495376,0.0064823777776609,0.0443439628102765,"HACD4"
174.173621522824,-0.00886430190568401,0.00325680502934572,-2.72177849942243,0.00649316475750694,0.0444002452555106,"PIAS4"
20.2930516586105,0.0264527948726296,0.00972173335170106,2.72099572325763,0.00650856035655424,0.044470462806421,"ENSG00000289375"
41.8707353384551,0.026770360403987,0.00983800740533266,2.72111610624284,0.00650619053606419,0.044470462806421,"LINC02404"
29.3219748712088,0.0196615613377506,0.00722644743619576,2.72077829546922,0.00651284253725435,0.0444822017072002,"GAS2"
23.570235897561,0.0198914630582033,0.00731522529116337,2.71918666431665,0.00654426652771902,0.0446792348378078,"DOLK"
745.273069405973,-0.00497965223822818,0.00183157093345162,-2.71878754313051,0.00655216783599342,0.0447155812819881,"WDR82"
371.872973082879,-0.0126426497647373,0.00465124300499742,-2.71812282246998,0.00656534619964693,0.0447878984944849,"ATAD2"
782.856485355837,0.00739285465945356,0.00272047304997777,2.71748865864118,0.00657794097481523,0.0448561792575057,"CDK5RAP3"
104.325431784526,-0.0155733530270239,0.00573238724930147,-2.71673080511468,0.00659302077757233,0.0449239516053748,"C5orf63"
4850.82732374623,-0.00661982342622358,0.00243668899474363,-2.71672890570102,0.00659305861121076,0.0449239516053748,"ARPC3"
158.143155496615,0.00827085197116391,0.00304463738904216,2.71653103943715,0.00659700089745985,0.0449331651233347,"VAC14"
55.2706702921929,-0.0193281702395562,0.00711675846601747,-2.71586710885977,0.0066102445402936,0.0449793583691161,"TRIM35"
165.454682020267,0.0107084633164958,0.00394277630290764,2.7159702944848,0.00660818469474386,0.0449793583691161,"IDNK"
144.393082060915,0.00811803320688179,0.00298918540336191,2.71580116701745,0.00661156120828026,0.0449793583691161,"RRAGB"
5653.26202016666,-0.0117568753920624,0.00432973449512511,-2.71538021680072,0.0066199719264752,0.044994597689555,"PLAC8"
196.932563002252,-0.0258662930730339,0.00952600996931211,-2.71533340363508,0.00662090786248067,0.044994597689555,"TRGC2"
63.7132286591593,-0.0176796233119291,0.00651185285319456,-2.7149912183989,0.00662775278888908,0.044994597689555,"LIG4"
9.32736405584534,0.0269112558086979,0.00991217500043739,2.7149698030463,0.00662818138388866,0.044994597689555,"ENSG00000260510"
702.886694246893,-0.020631717497349,0.00759938389264844,-2.71491976044372,0.00662918300596091,0.044994597689555,"PYCARD"
406.564163463769,-0.00828361933458189,0.00305115713263368,-2.71491076155481,0.00662936313664414,0.044994597689555,"TIMM13"
128.564340142383,-0.0174832596741932,0.00644155258026389,-2.71413754003339,0.00664485714985023,0.0450821203893632,"PANX1"
452.564391333179,-0.00886804991737011,0.00326768322924245,-2.71386462372181,0.00665033368663783,0.0451016375276751,"OTUD4"
366.325428963886,0.00943652574440907,0.00347790077691385,2.71328204848405,0.00666203764320501,0.0451633564026262,"HACL1"
1121.88826732741,0.00644715543756049,0.00237651923457467,2.71285640939251,0.00667060045107955,0.0452037408692688,"FIS1"
424.395434243543,0.00822463748543269,0.00303218463117752,2.7124461356559,0.00667886350973258,0.0452420633216871,"RNASEH1"
8.54004771157015,0.030683292113303,0.011312811468891,2.71226053732786,0.00668260454789855,0.045249736025349,"ENSG00000269296"
5.14752512853744,-0.0802528365425082,0.0296001558866114,-2.71123019925742,0.00670340697584861,0.0453728849851821,"SPRY4-AS1"
5087.6493331795,-0.0127332240094884,0.00469709844673484,-2.71087015822285,0.00671068988328569,0.0453867633899572,"HSPA8"
47.8939937646044,-0.0197885363102989,0.00729960845466235,-2.71090380164976,0.00671000904315798,0.0453867633899572,"CLUAP1"
669.139927845208,0.00848658626188805,0.00313122698661807,2.71030694937071,0.00672209673382667,0.0454107998981406,"PHACTR4"
114.793519945464,0.0267960878969544,0.00988608947769486,2.71048405513749,0.00671850787644818,0.0454107998981406,"ENSG00000270240"
45.8748237807678,0.0165359911866565,0.00610106087186536,2.71034686162716,0.0067212878046124,0.0454107998981406,"LENG8-AS1"
19.5385210712977,0.0219820073216408,0.00811506722201983,2.70878930762197,0.00675292082772483,0.0456012730709888,"STON1"
17.2579270631656,0.0268169971803503,0.00990051860682644,2.70864570284833,0.00675584408438653,0.0456022661445812,"LINC01023"
46.5376787349481,0.0195767149463199,0.00722781705371944,2.70852386008382,0.00675832523966556,0.0456022661445812,"EFCAB10"
42.7083001247933,0.0241154092333394,0.00890476306472255,2.70814720819198,0.00676600040165335,0.045636304419861,"GCA"
363.94036833821,0.00855394870422923,0.00315914252354143,2.70768053055111,0.00677552091419399,0.0456692664902118,"SEC23A"
539.809223024659,-0.00602074193614237,0.00222360453995864,-2.7076495968363,0.00677615240637568,0.0456692664902118,"CRTC3"
2987.24746585039,-0.0156992910808286,0.0057995443960717,-2.7069869646075,0.0067896923317393,0.045724993234089,"PSMB9"
294.637378040265,-0.00898616759592904,0.00331947943252019,-2.70710145328619,0.00678735118605487,0.045724993234089,"ADSL"
571.145109554173,-0.0194526005184147,0.00718704457730718,-2.70662026778511,0.00679719569371924,0.0457317242941674,"B3GNT2"
10.8586763016014,0.0257822006725948,0.00952546599732627,2.70666030195601,0.00679637615104295,0.0457317242941674,"SLC51A"
2.71134194520439,0.0513015302127147,0.0189545726560039,2.70655166664835,0.00679860023948914,0.0457317242941674,"ENSG00000286958"
13.3238994341062,0.0255665704996654,0.00945273086794768,2.7046755965894,0.0068371123013059,0.0459626451144456,"C2"
46.2767245921486,0.0150804210204143,0.00557579748716678,2.7046213667414,0.00683822844364676,0.0459626451144456,"ENSG00000264895"
198.755055516447,-0.0115277829511108,0.00426333789644022,-2.70393368556036,0.00685239629818358,0.0460400352365952,"SLC7A6"
5.9370486941193,-0.0977557114842935,0.0361608267680676,-2.70335941463092,0.00686424783665072,0.0461018085444122,"GP9"
153.612907711292,0.0120016591974983,0.00443993787093183,2.70311422060044,0.00686931364578661,0.0461179772163723,"SLC25A4"
60.6555544477904,0.0159232361997711,0.00589251680594154,2.70228099879416,0.00688655346063912,0.0462158334372021,"SNX16"
3622.7047694338,-0.00491033575548261,0.00181722824876787,-2.70210181842151,0.00689026587493399,0.0462175286498562,"HNRNPU"
409.159834545096,0.0127184595408148,0.00470703353576306,2.7020116691718,0.00689213434500681,0.0462175286498562,"FAM3C"
16.9717267284663,0.0209372819182997,0.00774982503218256,2.70164575733695,0.00689972305716298,0.0462431824213565,"PARTICL"
236.591805669822,0.00943748643728434,0.00349333379099467,2.70157019109164,0.00690129117413489,0.0462431824213565,"RARS1"
5.86368335487775,-0.0525858767110515,0.0194741758719323,-2.70028765565594,0.00692795465206078,0.046403921738977,"LINC01091"
12760.5334281427,0.0083219676356157,0.00308325538725649,2.69908476281644,0.00695304644571394,0.0465473599804471,"RPL5"
32.0886747583745,0.0222775743756447,0.00825399854148593,2.69900391472981,0.00695473582368681,0.0465473599804471,"C8orf58"
976.704720343345,-0.0148729162026365,0.00551206251496197,-2.69824882469409,0.00697053177481845,0.0466350887888741,"CORO7"
113.250384620556,0.0166329418385764,0.00616487133646901,2.6980192985022,0.00697533968301345,0.0466398958881744,"MICA"
19.6633104673438,0.0214415018129629,0.00794730791629675,2.6979578542559,0.00697662726710933,0.0466398958881744,"ENSG00000289000"
23.7370570585169,-0.0215990734418873,0.00800705919138808,-2.69750390569337,0.00698614652262977,0.0466855430949851,"OPN3"
4.88580988392677,0.0371769645534123,0.0137855699133174,2.69680287337978,0.00700087001818485,0.0467659195515867,"LINC02728"
17.2789657341749,-0.0248898597481569,0.00923036453338952,-2.69651969411624,0.00700682541458107,0.0467876856397815,"GPR137C"
1189.55565780887,-0.0158486095915821,0.0058782103915208,-2.69616235826527,0.00701434685236618,0.0468198881088297,"SYK"
100.789105433684,-0.0134189414450413,0.00497826299650915,-2.69550673687808,0.0070281656563796,0.0468940837718744,"ENSG00000231128"
10.3528893342319,0.0511080677255623,0.0189652182271271,2.69483151279849,0.00704242318463955,0.0469711485609869,"SATB2"
13538.1609494208,0.00884343084919597,0.00328219527070954,2.6943646309271,0.00705229669641734,0.0470189250920246,"RPS20"
497.270420285246,0.00807087302387864,0.00299625358012902,2.69365486199306,0.00706733054143254,0.0471010565627244,"HYCC2"
579.665022894061,0.00705213741423153,0.00261871171103515,2.6929796756604,0.00708165858222827,0.0471603121245666,"CEBPZOS"
222.67026056859,0.00832924330495308,0.00309294414618558,2.69298212682736,0.00708160651919932,0.0471603121245666,"PEX3"
115.042541333721,0.0114595769115564,0.00425631889590337,2.69236802782471,0.0070946607902891,0.0472287702954471,"LIPE-AS1"
3942.20452364005,-0.0107786235947615,0.00400367066494831,-2.69218537107139,0.00709854780124128,0.0472365198526788,"SP100"
9682.24510138717,0.00696662089058801,0.00258799475607603,2.69189915251256,0.0071046424955652,0.047240834807614,"NACA"
861.77199689974,-0.00619402107949273,0.0023009149288587,-2.69198178594334,0.00710288242969632,0.047240834807614,"CCNDBP1"
223.77128603717,0.0117427892993707,0.00436301597375838,2.69143853013568,0.00711446078283895,0.0472735462612176,"FGGY"
17.3945048932077,0.0262266827703517,0.00974457872171699,2.69141268384465,0.00711501206410187,0.0472735462612176,"ZFAND3-DT"
2921.27819195263,-0.00785180412075425,0.00291767205022963,-2.69111949032664,0.00712126833907618,0.0472942072273315,"C1orf21"
122.705186907726,0.0124518029478631,0.00462769800857596,2.69071208293792,0.00712996995237437,0.0472942072273315,"LIPT1"
2.10022156509653,0.0752444346364168,0.0279647576000502,2.69068789054269,0.0071304869659095,0.0472942072273315,"STK32B"
34.2189077229787,0.023464685942622,0.00872130678896879,2.69050114970172,0.00713447892056297,0.0472942072273315,"ENSG00000273391"
3.83615532346229,0.0608361445802516,0.0226112101957532,2.69053023051715,0.00713385712878158,0.0472942072273315,"REC114"
494.373664544549,-0.00914878132410474,0.00340031885512042,-2.69056571277953,0.0071330985302806,0.0472942072273315,"RPA1"
1.99508640021354,-0.101802210938007,0.0378400426950603,-2.69033023451891,0.00713813432881311,0.0473003645287433,"TRBV6-2"
8.1354784380999,0.0317451189884128,0.011801489165171,2.68992485135692,0.00714681108970826,0.0473397780772275,"ENSG00000254718"
2.57147014789806,0.0665523092569173,0.0247428527185248,2.68975893822826,0.00715036499924354,0.0473452412239988,"ENSG00000258807"
80.6576461285146,-0.0145657509853286,0.00541653546316844,-2.68912685689465,0.00716391891213305,0.0474168887019016,"DOHH"
9.97607283922235,0.0278354832560601,0.0103523524104982,2.6888075436683,0.00717077480732121,0.047444165277425,"IQCK"
742.114556152114,0.00762159278488969,0.00283548757937353,2.68793023123508,0.00718964169461946,0.0475508593664729,"KIAA1143"
583.104222120866,-0.00825936593919714,0.00307397217846637,-2.68687075213472,0.00721248552072663,0.0476837647917552,"ATP6V0D1"
25.4639057533057,0.030514253548397,0.0113584720424573,2.68647520849077,0.00722103067156591,0.047722072415362,"LINC00239"
19.1506672023709,-0.0241389351158132,0.00898855524430812,-2.68551891374299,0.00724172759281132,0.0478406284387246,"ZFHX3-AS1"
396.009780028956,0.040772570714706,0.0151846103964418,2.68512458668418,0.00725027743563829,0.0478788781703285,"PRSS30P"
19.6046109706472,-0.0484748914698203,0.0180599753058724,-2.68410618778964,0.0072724003957578,0.0480066978940663,"CEP55"
242.874853944922,0.0109889807317254,0.00409550733681082,2.68317935435138,0.0072925868839486,0.0481216421691671,"USP20"
2.57903675673742,0.0950270543013037,0.0354253541347863,2.68245883837167,0.00730831448540522,0.0482070873356691,"ENSG00000256084"
4.39434283435417,0.0499588495282185,0.0186275352684351,2.68198925989286,0.00731858093459312,0.0482564584011104,"RYR2"
4.51561688178013,0.0459390723113682,0.017133297796691,2.68127437324065,0.0073342354309226,0.0483229457864205,"STEAP3"
49.1711629795704,-0.0216588435468608,0.00807764873685938,-2.68133020541345,0.00733301174452347,0.0483229457864205,"XPNPEP2"
5.25519675830829,0.0504140429501884,0.0188048929141623,2.68090029442393,0.0073424389281355,0.0483586296603245,"DIXDC1"
5.09172803884187,-0.0641651292886755,0.0239376278317857,-2.68051327974418,0.00735093477016912,0.0483962111547985,"BICC1"
9.63982615607831,0.0423328476373323,0.015796878982964,2.6798235070982,0.00736609869902659,0.0484776480389656,"NRTN"
3244.76031639701,0.012328120475261,0.00460087584017255,2.67951601032525,0.00737286773213392,0.0485037957592185,"AHNAK"
363.963274170142,-0.0236249254952696,0.00881834444868984,-2.67906585331667,0.00738278725855869,0.0485132824405862,"TCF7"
28.4808093268167,0.019078515012452,0.00712165758897447,2.67894303736095,0.00738549567244571,0.0485132824405862,"ALDH1B1"
958.267760702119,0.00700390103041483,0.002614119810595,2.67925785269217,0.00737855495399445,0.0485132824405862,"BCL7C"
2232.51691301898,-0.00527236914587017,0.00196794360614401,-2.67912613420913,0.00738145823280843,0.0485132824405862,"ARHGEF1"
2.76652676568234,-0.113156304269202,0.0422532785707109,-2.67804790768687,0.00740526256510633,0.04859375395756,"TRBV11-2"
5.64066237697962,0.0364413563184322,0.0136076364465384,2.67800778346797,0.00740614972698804,0.04859375395756,"TMC3-AS1"
9.8870754164809,-0.0367701993268847,0.0137294924958944,-2.67819071519798,0.00740210580955219,0.04859375395756,"LRRC25"
2.61070858935671,0.0485700379343429,0.0181416804110402,2.67726235022779,0.0074226488890319,0.0486514277164419,"ENSG00000288095"
55.6486207529435,0.0339944568578711,0.0126974730821035,2.67726158095068,0.00742266593296123,0.0486514277164419,"SIGLEC9"
6004.17220291058,0.00836329828376356,0.00312386179339766,2.67723056808708,0.00742335307617141,0.0486514277164419,"CD99"
1899.08519308379,-0.00506624407098571,0.00189272406625119,-2.67669448564688,0.00743523992313517,0.0486741668628487,"THRAP3"
323.008055742953,-0.0065472614096114,0.00244594858558245,-2.67677801904913,0.00743338656955211,0.0486741668628487,"METAP1"
45.2569280298856,-0.0214430111144793,0.00801053385784298,-2.67685169241058,0.00743175232434454,0.0486741668628487,"ZNF74"
24.1618242128334,-0.0239407804653751,0.00894714866411937,-2.67580000781528,0.0074551116768004,0.0487858458578398,"INSL6"
49.0464976185618,0.0291608129248942,0.0108989074353211,2.67557212481594,0.00746018194154657,0.0488006170143099,"TNFRSF10B"
117.659457662363,-0.0159570678071178,0.00596627691463528,-2.67454361160729,0.00748310426298675,0.048922498785751,"H2BC5"
42.9076573605285,0.0125682287599884,0.00469931129075787,2.67448312792267,0.00748445421820285,0.048922498785751,"NEURL4"
40.880081111164,0.0142409556332453,0.00532532815591953,2.67419306684702,0.00749093122212565,0.0489463935372639,"RBM33-DT"
3.32446740749305,0.0450556439292269,0.0168541757744502,2.67326296653013,0.0075117340839165,0.0490638414487137,"KDELR3"
5.28963762630119,0.0583001055578415,0.0218098026570145,2.67311476745943,0.0075150535227278,0.049067048743802,"ENSG00000248242"
57122.8453943198,-0.00673966614525383,0.00252145003689773,-2.67293265645906,0.00751913433953749,0.0490752229203523,"NKG7"
6.82367270787894,0.0375808387751148,0.0140609633082235,2.67270726416985,0.00752418777237354,0.0490802622935615,"ENSG00000290851"
1003.51618199272,-0.00882473644946366,0.00330187270430038,-2.67264587092357,0.00752556477408771,0.0490802622935615,"SIPA1"
70.4707402358619,0.0233436242973396,0.00873520802066487,2.67236043401778,0.00753196986498855,0.0491035750536721,"ENSG00000288900"
12994.0080336479,0.00708103820289606,0.00265002432594399,2.67206535939011,0.00753859636051672,0.0491161027170519,"RPS13"
78.2890536225652,0.0176398469936493,0.00660206705160266,2.67186728880119,0.00754304736641708,0.0491161027170519,"CSRNP2"
1077.15009149344,-0.0084251614393893,0.00315339976865588,-2.67177080531737,0.00754521637888767,0.0491161027170519,"MIEN1"
299.326004048586,-0.00887483531306229,0.00332165274694408,-2.67181309702742,0.00754426556447046,0.0491161027170519,"ARMCX6"
5.37917606763589,0.0635637842914266,0.023793749180836,2.67144886702522,0.0075524578110794,0.0491448004900996,"ZC3H12D"
10.879530973724,0.0270992144626989,0.0101472054668947,2.67060862728267,0.00757138688045495,0.0492495011631543,"TMEM167B-DT"
45.8482102414486,-0.0392070056500352,0.014683198030185,-2.67019525102333,0.00758071509519609,0.049273227977318,"ENTPD1"
2.47057313689812,0.0628979581548903,0.0235548145526804,2.67028033755982,0.0075787941976954,0.049273227977318,"ESRRB"
303.524986558525,-0.00673077198356245,0.00252096421316428,-2.66991968724303,0.00758693916705177,0.0492936558151618,"BCKDHA"
113.059068647641,-0.0163479441614746,0.00612327374155963,-2.66980456067455,0.00758954085095096,0.0492936558151618,"APOBEC3D"
31.6700082054346,0.0180100400296183,0.00674616154390318,2.66967221469738,0.00759253265526615,0.049294631924984,"TMEM276"
357.300167240011,-0.00763665499800665,0.00286084889875874,-2.66936677477794,0.00759944144586792,0.0493210288824978,"XPNPEP1"
301.238796045554,-0.0116078373569592,0.00434938201704112,-2.66884750787102,0.00761119975643305,0.0493442987591675,"LCLAT1"
6.15547628939189,0.0321381615179116,0.012042034204296,2.66883160873653,0.00761156003455916,0.0493442987591675,"PRKG1"
19.0024568673164,0.0244846428331512,0.00917397114921352,2.66892520533491,0.00760943933351637,0.0493442987591675,"AMDHD1"
103.772104921043,-0.0154412362954354,0.00578717224861822,-2.66818329091936,0.00762626409659179,0.0494211541082086,"CA13"
1216.64810085288,-0.0077085718438156,0.00289003254781682,-2.66729585784036,0.00764643265231661,0.0494779237793318,"STT3B"
12.8960235179747,-0.0290611360739579,0.0108949208821816,-2.66740221321724,0.0076440130110062,0.0494779237793318,"FAM88C"
236.940249553335,-0.0125542821554482,0.00470663224080002,-2.66735991111008,0.00764497532419796,0.0494779237793318,"ACSF3"
16.6446471434089,-0.026770919018616,0.0100365942001698,-2.66733101734482,0.00764563267896347,0.0494779237793318,"BRSK1"
2.07619348780719,0.0554688750699508,0.0207980208011129,2.66702661759924,0.00765256107988244,0.0494991161870994,"ENSG00000286757"
28.2013083884264,0.0169114106531764,0.00634217244359562,2.66650123495991,0.00766453248180443,0.0495580728640862,"ENSG00000275764"
149.895928302647,0.0111810215102567,0.00419377786292609,2.66609769895049,0.00767373887349194,0.0495991140004986,"RRM2B"
235.27217419566,0.011325674551174,0.00424916556152325,2.66538791844908,0.00768995606986499,0.0496669240134095,"IFT57"
18524.1008737865,0.011740912179951,0.00440474821856949,2.66551266890892,0.00768710352526513,0.0496669240134095,"MT-ATP6"
88.0620974621493,-0.0179365226757013,0.00673024055734051,-2.66506412703754,0.00769736431298058,0.0496887955533448,"H2BC7"
25.0209252882358,0.022177761093809,0.00832189412497689,2.6649895757801,0.00769907092733404,0.0496887955533448,"LINC03072"
44.4798171623983,-0.0248633460257998,0.00933093469483029,-2.66461472928056,0.00770765698799272,0.0497257097165108,"CCND2-AS1"
49.270764380955,0.0132161204900098,0.00496078825713133,2.66411703241135,0.00771907026277021,0.0497808293377463,"L3MBTL1"
10.0632246431919,-0.221151278144475,0.0830434309197345,-2.66307973665285,0.00774290640755351,0.0498983660177683,"LINC02109"
84.0161207021272,0.0149393545894492,0.00560981669726402,2.66307357185759,0.00774304826607288,0.0498983660177683,"AJM1"
