"baseMean","log2FoldChange","lfcSE","stat","pvalue","padj","gene"
23.5842488616013,0.171102051617435,0.0129825199354209,13.1794175913883,1.15277301951351e-39,1.57468794465546e-35,"PPP2R2B"
23.0311130570514,0.130121578447604,0.0103831622963561,12.5319796352668,4.99013214576206e-36,3.40826025555549e-32,"KIF21A"
16.7405419446299,0.161642904653544,0.0135019286786016,11.9718381352231,4.99104862771277e-33,2.27259080848521e-29,"RADX"
10.585486144643,0.164047209492386,0.0137626599101654,11.919731400993,9.34091965013962e-33,3.18992406052268e-29,"MID2"
39.5319147420418,0.0909666901425493,0.00773866475202659,11.7548302010017,6.66946873336269e-32,1.82209885795469e-28,"HACD1"
388.02328879459,-0.0647912305900028,0.00561747709467915,-11.5338664489389,8.90524543285306e-31,2.02742754354621e-27,"AFF3"
25.2964018986382,-0.168999864713723,0.0147526885153054,-11.455529921776,2.20609878764297e-30,4.30504420560042e-27,"MCTP1"
43.4925294077839,0.12766274734108,0.0112662386491008,11.3314435560327,9.16811291655462e-30,1.5654552805017e-26,"ST8SIA6"
484.778782269073,0.0469430910555511,0.00416679001063698,11.2660083507244,1.93128360261542e-29,2.93125933463629e-26,"TTC39C"
215.650448312087,0.137971441336984,0.0122712028115124,11.2435140593997,2.49258670005882e-29,3.33068355386441e-26,"ENSG00000227240"
176.021324598194,-0.0581046756363684,0.00517081450325877,-11.2370450728313,2.68210242258481e-29,3.33068355386441e-26,"NRIP1"
14.7268956207302,-0.238960230375539,0.0213067171262867,-11.2152533381469,3.43202253204767e-29,3.90678564898093e-26,"HES4"
265.933622455957,-0.0689135637586545,0.00620147482276996,-11.112447559349,1.09126730697604e-28,1.14667010871483e-25,"PLAC8"
11.3187595593326,0.174995092875495,0.0157749646621566,11.0932161575803,1.3533294281957e-28,1.32046285636809e-25,"DISC1FP1"
533.632634525923,-0.0539716989079938,0.00499944729645808,-10.7955331274781,3.61359161615669e-27,3.18445938876054e-24,"RBMS3"
76.9089708605574,-0.0676663785597654,0.0062696890303417,-10.7926211702524,3.72996707321878e-27,3.18445938876054e-24,"CDCA7L"
727.690701965982,-0.037418126110342,0.00347303428333328,-10.7739005888619,4.57211429773395e-27,3.67382831217916e-24,"MLLT3"
12.6358819036571,0.123883630715461,0.0115163435954174,10.7572016837668,5.48092632315444e-27,4.15941408746053e-24,"BMPR1A"
56.399432734033,0.0723504390673947,0.00674894448172189,10.720259925584,8.17732062264714e-27,5.87906314238736e-24,"ZFYVE28"
207.17445688053,0.0369326379772653,0.00345797517453482,10.680423112706,1.25697437716125e-26,8.58513499601132e-24,"TMX4"
71.5200338279668,0.0841130364017716,0.007899257249921,10.6482209327482,1.77729167396266e-26,1.15608591744428e-23,"CPQ"
74.413517103474,-0.0807319998710332,0.00758525048685434,-10.6432872600511,1.87398830189017e-26,1.1635763729009e-23,"TMIGD2"
51.3222313863531,0.084608715901118,0.00799900753905117,10.577401694905,3.79331895319631e-26,2.25290160437659e-23,"RIC3"
110.165923298637,0.117976155117308,0.0111899336288687,10.5430612039507,5.4689185344663e-26,3.11272613253374e-23,"HLA-DPA1"
338.509645050512,0.0461416037676468,0.00438840773222331,10.5144295113777,7.41280631654959e-26,4.0503573713627e-23,"STAM"
8.08970056063895,-0.211364529174437,0.020152777399874,-10.4881091563964,9.79693028229291e-26,5.14715644831235e-23,"NREP"
1915.58203494392,0.0544077622715686,0.00528302828606337,10.298593784761,7.14988058319432e-25,3.61730995431239e-22,"S100A4"
121.039448023427,0.133222982676468,0.0130965233501032,10.1723930172215,2.63357614328479e-24,1.28480893275965e-21,"HLA-DRB1"
11.3251184146293,0.0969252030928707,0.00958577715442703,10.1113557650469,4.91986683956468e-24,2.31742693201564e-21,"DMTN"
137.825836861593,0.121445159547142,0.012112954969231,10.0260555624647,1.17101562128633e-23,5.33202446225709e-21,"HLA-DPB1"
103.91363679394,-0.0496406342541234,0.00496492963926633,-9.99825533508645,1.55105516403953e-23,6.83464952928389e-21,"ZNF22"
1598.72758890587,0.0420968765856045,0.0042118502313028,9.99486550417611,1.60504971225623e-23,6.8515559591938e-21,"VIM"
95.0558603783528,0.0538027630228395,0.00539256812957405,9.97720598610022,1.91791358403237e-23,7.93899986602491e-21,"SEL1L3"
26.7423912979364,-0.112797641621458,0.0113136200870885,-9.97007507351132,2.0607301323181e-23,8.27928635513685e-21,"TNIP3"
75.912362929494,-0.053636538943958,0.00538805506302639,-9.9547124735268,2.40517115497086e-23,9.38703942197197e-21,"ENSG00000290879"
1103.15968107932,0.0358011326629222,0.00359889433793596,9.94781432884604,2.57782539545237e-23,9.78141525052204e-21,"S100A6"
397.270043944767,0.0478471462247649,0.00488112834168855,9.80247657413838,1.09858488001892e-22,4.05585661109689e-20,"PCNX1"
236.551614539506,0.0736904179362938,0.00753285229561532,9.78253854508565,1.33811488693252e-22,4.81017088302585e-20,"PLP2"
108.353594835566,-0.167002429318241,0.0171630168313002,-9.73036564374156,2.23787085343438e-22,7.83828611741375e-20,"SOX4"
58.5316078987288,0.0463046515687955,0.00476454035640199,9.71859783002511,2.51216913633966e-22,8.57905760059994e-20,"TP53I13"
4.86813121437023,0.223255715232785,0.0230932459749105,9.66757620281444,4.14068346700345e-22,1.37955454046993e-19,"ZNF208"
64.4942490508225,0.0866466053850485,0.00897881834585419,9.65011230292414,4.91019272416462e-22,1.59698172885926e-19,"NBPF15"
531.803118478843,-0.0376791695981783,0.00392786680335914,-9.59278190542378,8.57414186247905e-22,2.72378553119683e-19,"CD7"
103.170119780543,0.0572490808728469,0.00601846325847297,9.51224231405749,1.86596271560153e-21,5.79296606707202e-19,"HNRNPLL"
272.447428328459,0.119090147301303,0.0125228021414245,9.50986416269894,1.90911663630356e-21,5.79522961153481e-19,"LINC02694"
645.426077622442,0.0420855684053197,0.00443005179762893,9.50001722956036,2.09855576669994e-21,6.23179821154809e-19,"RORA"
61.466008313588,0.0903428956511425,0.00955718936477,9.45287282725267,3.29656342744597e-21,9.58107583381104e-19,"CD84"
167.762444933056,-0.0283677549126722,0.00300302405677552,-9.44639615812198,3.50697389930306e-21,9.98026322176663e-19,"CD2AP"
11.89395840309,-0.193903756020094,0.0205589425563284,-9.4316016248806,4.03874151404438e-21,1.12590222616013e-18,"PARD3"
64.7493947123653,-0.063058799109293,0.00669138347988768,-9.42388062182194,4.34717518738786e-21,1.18764826119436e-18,"MAN1C1"
61.5436414380439,0.088227110713803,0.00942726088279408,9.35872167013309,8.07072038732658e-21,2.16168706844865e-18,"RUNX2"
86.0332573449446,-0.07776420724541,0.00837043634600761,-9.29034091305177,1.53794926667836e-20,4.04007441977431e-18,"PECAM1"
120.558625815707,-0.0520252625390974,0.00562508762483527,-9.24879148715855,2.27045138707745e-20,5.85176715990151e-18,"LEF1-AS1"
365.90713951888,0.0312873909737521,0.00339214162655025,9.22349194646417,2.87578949761102e-20,7.27468232173455e-18,"VOPP1"
265.113257656506,-0.0423107165881474,0.00459834239305987,-9.20129754843955,3.53653097930376e-20,8.78345694132534e-18,"FAM117B"
27.6423247283086,0.0746924556213854,0.00816330554328424,9.14978071387186,5.70492331846007e-20,1.39159379518151e-17,"PER3"
34.6299242973766,0.0629386894441004,0.006883791071694,9.14302726340765,6.07280750327425e-20,1.45534299113555e-17,"PRXL2C"
81.9123346696525,0.0467634279111986,0.00512074722720938,9.13214924234464,6.71526586715546e-20,1.5815608921611e-17,"CD63"
428.693397833507,0.0447080542581231,0.00490794210030297,9.10932797177115,8.28938322907047e-20,1.91920296456106e-17,"EVI2B"
13.0246469525191,0.122022322747044,0.0134016669267321,9.10501084784069,8.62578164956426e-20,1.9638029555508e-17,"TTC39C-AS1"
20.9199752748099,0.0962813297416296,0.0106155786122204,9.06981458653536,1.19219714904264e-19,2.6697398452332e-17,"SNX24"
935.304657045825,0.0228419697539125,0.00251987045478887,9.06473970140115,1.2490211650521e-19,2.75187566364705e-17,"GSTK1"
54.2021188772281,0.0984233583679587,0.010942853135936,8.99430497195831,2.37731594894795e-19,5.15462474009983e-17,"FANK1"
160.524773554741,0.0403901920418268,0.00449652634048972,8.98253206661477,2.64605831261564e-19,5.647680710989e-17,"PATJ"
8.80034112185036,-0.192791394808613,0.0214888243473376,-8.97170509155837,2.91959228735867e-19,6.1356354838953e-17,"DACH1"
45.2928055357064,0.116366229318417,0.0129874336425548,8.95990944177989,3.24945166247828e-19,6.72538025900807e-17,"PI16"
13.9438138080972,0.133357957335392,0.0148962615659556,8.95244466169771,3.47695197287208e-19,7.08883044021382e-17,"MLF1"
32.3886270275641,-0.0905183280185185,0.0101242269705227,-8.94076439436496,3.86487590157711e-19,7.7638536493446e-17,"CD38"
21.3616051540305,0.0788058170707162,0.00883486954492055,8.91986199343761,4.66869621363826e-19,9.24266525772445e-17,"MICAL3"
14.3963236346431,-0.1967143809194,0.0221152317887935,-8.89497260521962,5.84337115617969e-19,1.14029214276306e-16,"PTPRK"
13.2697658715755,0.108364377505971,0.0121944265209524,8.88638570413949,6.31289316377056e-19,1.19769611968203e-16,"SOGA3"
285.774681145566,-0.0374638922448069,0.00421557348264472,-8.88702151653712,6.27688576397512e-19,1.19769611968203e-16,"PHKB"
1701.95930212098,0.0292943901846756,0.00330422261512927,8.8657435036439,7.59952374290761e-19,1.42204786750847e-16,"SH3BGRL3"
20.9678239348287,0.152326781069638,0.0172832826968193,8.81353292321436,1.21262476571772e-18,2.23843977023027e-16,"ENSG00000289731"
10.6895798643883,0.123607787736398,0.0140649223483005,8.78837327895622,1.51741066640985e-18,2.76371062708781e-16,"BEX5"
16.7047284200872,0.136698170477186,0.0155789336512091,8.7745524525407,1.71584884633954e-18,3.08401253171028e-16,"ENSG00000287292"
817.460500439858,-0.0478836094071401,0.00545986954498681,-8.77010137561003,1.7850549699751e-18,3.12613472946921e-16,"BACH2"
4.60428564169206,0.168044820235829,0.0191596814550329,8.77075230244429,1.77476478877165e-18,3.12613472946921e-16,"NAP1L2"
25.8685504462044,0.0986555214457708,0.0112876702964492,8.74011366869967,2.32876000005969e-18,3.97635770010192e-16,"ARHGEF12"
170.08562345361,0.0311734253681883,0.00356660413513437,8.74036595794333,2.32356516192273e-18,3.97635770010192e-16,"DHRS7"
104.713863442516,-0.0874018012793068,0.0100036480068209,-8.73699286697342,2.39397596034682e-18,4.0372483479429e-16,"FCER1G"
149.558874930146,0.0550489312461501,0.00630916386625891,8.72523402673832,2.65630721114769e-18,4.4250190858875e-16,"GLIPR1"
102.345540950694,-0.0664260310319669,0.00764211035026097,-8.69210571261883,3.55782794260825e-18,5.85541321638899e-16,"UBE2E2"
176.654496745662,-0.0438662700468519,0.00507005374816605,-8.65203254752857,5.05902110351951e-18,8.22693193739006e-16,"MARCHF3"
27.2537947702841,0.0663085162010146,0.00773977387056638,8.56724205511734,1.05992940518112e-17,1.7033689029146e-15,"MORC4"
3.64561995379675,0.143787205909828,0.0168009743597105,8.55826589763963,1.14577858807425e-17,1.81992273408072e-15,"ADIRF-AS1"
67.3650285049066,0.0946951908085535,0.0110830635100052,8.54413499688672,1.29502588163094e-17,2.03333948771019e-15,"HLA-DRA"
146.182608149789,-0.0526015370281067,0.0061648035222414,-8.53255693199802,1.43148065841124e-17,2.22204838567018e-15,"ABTB3"
51.0715774705411,0.0494752194478767,0.00580016310384461,8.52997037533,1.46385198320065e-17,2.24676607758662e-15,"DCP1B"
11.2691071418695,-0.127206305470889,0.0149194043958175,-8.52623215351343,1.51191684820167e-17,2.29475379404831e-15,"TTTY14"
387.099909885364,0.0753799666837415,0.00886815190419901,8.5000761712313,1.89466330264678e-17,2.84407700155549e-15,"NIBAN1"
11.3674804700963,0.0971292135709024,0.0114630334395762,8.47325571218901,2.38627962466442e-17,3.54310648618651e-15,"ENSG00000286285"
665.740248679194,-0.0259630256209785,0.00306725232148752,-8.4645874873402,2.57060897864562e-17,3.7757546933655e-15,"ABLIM1"
299.940994668228,-0.0368866516480345,0.00436280500013366,-8.45480181830371,2.79561764797429e-17,4.06256777354562e-15,"SCML4"
15.052881531671,0.0966909167214967,0.0114814673544913,8.42147730217371,3.71766358816335e-17,5.34560890676962e-15,"KIF5C"
237.899645758607,0.029404926144331,0.00350570305257624,8.38774012040814,4.95576226891739e-17,7.05163672848037e-15,"CAPN2"
57.1668856777818,-0.0367866958445251,0.00439031740773648,-8.37905154185451,5.33559070361317e-17,7.51383185684081e-15,"IFNGR2"
46.748844541554,-0.0569913020718767,0.00683009751893356,-8.34414178039075,7.17328907428928e-17,9.99868660763179e-15,"RALGPS2"
526.785470320259,0.0454743793735935,0.00545124224391289,8.3420213850104,7.3031242159321e-17,1.00768360393568e-14,"AHNAK"
5.88094947139469,-0.182135738063692,0.0218450192331272,-8.33763230510182,7.57928243721364e-17,1.03532998092338e-14,"ENSG00000286863"
73.1316448996914,0.0681158644049117,0.00818720521765657,8.3197944346152,8.81160017221795e-17,1.19174711240096e-14,"LINC00426"
2305.41280591499,-0.0241163466738787,0.00290023769536982,-8.31530005708843,9.15204180533724e-17,1.2137562238923e-14,"FYB1"
50.6542065938163,-0.0548598312744411,0.00659707442642009,-8.31578177362035,9.11494072518863e-17,1.2137562238923e-14,"ENSG00000286181"
48.2898538851003,0.0493117490813868,0.00595905219546328,8.2750993721667,1.28348533276715e-16,1.68580861976916e-14,"ARHGAP10"
1625.12888995402,-0.0339740729022055,0.00411593754752113,-8.25427317833496,1.52829426927287e-16,1.98823806840642e-14,"LEF1"
348.370443554435,-0.0320500703476617,0.00388554940242448,-8.24852988039819,1.60354926839199e-16,2.06646066096553e-14,"SPTBN1"
9.66271704358459,-0.193447244995991,0.0234567808653745,-8.24696475216453,1.62468313568819e-16,2.0741281900468e-14,"CASC15"
193.155203395391,-0.0499835655061924,0.00606874923851446,-8.23622192015757,1.77734116407651e-16,2.24800743530417e-14,"IGF1R"
256.193893740374,0.04371558885679,0.00531492080608976,8.22506871724245,1.95078981209136e-16,2.44475126909798e-14,"SGMS1"
3.47550389494048,-0.219342247528305,0.0266713576460984,-8.22388760402646,1.97010730200449e-16,2.44651506776194e-14,"BCL11A"
215.341161452356,0.0693033332445961,0.00846948686505279,8.18270744719599,2.77536388505017e-16,3.41544780808877e-14,"ANXA2"
733.223301978273,0.0518133665156161,0.0063338579409772,8.18038026719972,2.8294951702529e-16,3.45097357371916e-14,"ITGB1"
140.796508727434,-0.0497284556300307,0.00609086360143558,-8.16443428782578,3.22945071615207e-16,3.90392006925994e-14,"SATB1-AS1"
6.96011209166477,0.133218491341787,0.0163216025419902,8.16209627694702,3.29259583593377e-16,3.91103122772654e-14,"SEMA3G"
31.5561576416474,-0.0622438669775319,0.00762555804528756,-8.1625327101139,3.28071696008896e-16,3.91103122772654e-14,"PAK1"
19.1439895614908,0.157056103231668,0.0193441321985104,8.11905655006653,4.69821577956382e-16,5.53255409903808e-14,"HLA-DQA1"
10.5120249034202,-0.149844558756275,0.0184885919319151,-8.10470366310661,5.28742302196823e-16,6.1731793572723e-14,"NAALADL2"
119.820864622984,0.0782570198701561,0.00965721993419768,8.10347288385098,5.34121360177076e-16,6.18313371188038e-14,"F5"
4.07009976626499,-0.166149763401095,0.0205241641529316,-8.09532423162591,5.71120246320709e-16,6.55588450818562e-14,"BTBD3"
255.678961153181,0.0281660685414805,0.00348779103121518,8.07561814609838,6.71356680927342e-16,7.64227688455625e-14,"EPS15"
29.2226225261728,0.0564556920030731,0.00699952078095043,8.06565103095632,7.28466174177438e-16,8.22384127211885e-14,"PCBD1"
131.948931905587,-0.048048392759309,0.00597923072581249,-8.03588203276433,9.29081008068064e-16,1.04026611231227e-13,"CDK6"
49.8647431272637,0.050208853619845,0.00625370459120438,8.02865771601397,9.85448700122859e-16,1.09440888159986e-13,"RCBTB2"
130.246873286264,0.061787711531909,0.00769835724641849,8.02609044425088,1.00628046369765e-15,1.10853154307338e-13,"CEP128"
39.1456258425015,-0.0587128473865158,0.00731625129604141,-8.02499053282704,1.01533773437405e-15,1.10956107612397e-13,"LAPTM4B"
25.4332256155896,0.0745730860810973,0.00930128320082479,8.01750516256558,1.07914549862535e-15,1.16071870167105e-13,"CDC14B"
35.6222460293859,0.0487328235154859,0.00607808895361173,8.01778715109587,1.07667165906323e-15,1.16071870167105e-13,"TMEM116"
69.4147667647952,0.0435923948860757,0.00544774854939186,8.00191023701745,1.22503679365819e-15,1.3073439532321e-13,"UBXN11"
245.234063118025,-0.0233238834636619,0.00291711752223994,-7.9955241041343,1.29023831320574e-15,1.35809487893374e-13,"CCNY"
55.6575151260948,0.0790380203680393,0.00988554727902174,7.99531054145754,1.29247682475392e-15,1.35809487893374e-13,"LINC01727"
45.6481169954357,-0.105280885603598,0.0131728667169315,-7.99225315688322,1.32494613201008e-15,1.38158505063036e-13,"YBX3"
15.4648106409052,0.132948976872341,0.0166404030991864,7.98952862378923,1.35455674795641e-15,1.40176099826399e-13,"CCR8"
292.173319443886,-0.0215414973427487,0.00269952352928487,-7.9797405390481,1.46641211199102e-15,1.50610446990957e-13,"MSL3"
152.078207232226,-0.0511994063348075,0.00642030161158447,-7.97461076321179,1.52861802093498e-15,1.55827777357999e-13,"ZBTB10"
15.3863822341681,0.0797778905391253,0.0100121545242722,7.96810420231945,1.61126979921005e-15,1.63036633016365e-13,"RGMB"
251.842285640076,0.0366777343376248,0.00461684572867934,7.9443274679478,1.95247172518505e-15,1.96108557103145e-13,"TSPO"
27.22871098614,0.0545371164551499,0.00687807863923161,7.92912080767407,2.20702769878563e-15,2.20058382229282e-13,"NAALADL1"
125.051005355968,0.0361702450404506,0.00457605113590473,7.90424843740288,2.69554948810451e-15,2.66820333387736e-13,"PCNX2"
10.1235100812746,0.129731612079694,0.0164330587074272,7.89455051487522,2.91363370198384e-15,2.86332635748915e-13,"ANKRD18A"
8.65810167260839,0.12649453805172,0.0160392990605441,7.88653778286924,3.10685520469685e-15,3.0314030068685e-13,"NCAPH"
35.2500306856547,0.0766618661053826,0.00973105482807347,7.87806331994122,3.32494224447704e-15,3.22118518152882e-13,"SYT11"
599.292290829702,0.02346484390616,0.00298088602477969,7.87176822968072,3.49663499768329e-15,3.36366437101082e-13,"LIME1"
68.879370337528,0.0858259736602279,0.0109577254461736,7.83246250162237,4.78405906969413e-15,4.56994733510642e-13,"IATPR"
31.0708914747461,0.075742704751511,0.00967279699211187,7.83048634363762,4.859863261428e-15,4.61012028827129e-13,"RHOC"
192.680516898609,0.0450177279162603,0.00576622592714589,7.80713910364291,5.85006923687822e-15,5.5111686741901e-13,"PAM"
42.2432247365256,-0.0765540279934133,0.00981044535534433,-7.80331832251731,6.03001918447464e-15,5.6417850725975e-13,"LIMS2"
49.5851650566342,0.0739630480958221,0.00948378385392965,7.79889643574861,6.24508887413111e-15,5.80325945718578e-13,"MIAT"
89.49738552213,0.0420195478012927,0.00543562789736673,7.73039446310314,1.07213842102406e-14,9.89554785891128e-13,"OSBPL3"
20.8832344012586,0.108113576809279,0.0139911577490043,7.72727881057402,1.09869837086722e-14,1.00726307020445e-12,"ZNF365"
306.665520485549,-0.0501271685627271,0.00650418809361618,-7.70690635652536,1.28904314455516e-14,1.17388862364156e-12,"SATB1"
180.0641186052,0.033068171417267,0.00430364810386109,7.68375355494315,1.54493735923974e-14,1.39760558458377e-12,"TIAM1"
23.1957793497479,-0.0882420432259547,0.0114958774749167,-7.67597283621834,1.64167915814039e-14,1.46570832027436e-12,"PPM1L"
194.846252990353,-0.0226266240316758,0.0029476719905078,-7.67609968291549,1.64005521435168e-14,1.46570832027436e-12,"SINHCAF"
52.8742369858081,0.0537100558153583,0.00700341379177615,7.66912500278479,1.7317360738272e-14,1.53607238756361e-12,"TTC12"
24.7495247641055,-0.0873400341049251,0.0113903492559039,-7.66789780916108,1.74838090853705e-14,1.54083117487846e-12,"CHKA"
19.0382529652386,0.104213228225586,0.0135940637257521,7.66608354411109,1.77327711175959e-14,1.54801595689342e-12,"CHN1"
11.9037968886778,-0.100332796329377,0.0130886123617775,-7.66565572851541,1.77919842776184e-14,1.54801595689342e-12,"DNAAF4"
3.36213042676303,0.177231150062195,0.0231422237806676,7.65834570359005,1.88343339246835e-14,1.62513989575012e-12,"SEPTIN10"
91.0845256721258,0.0610913340012378,0.00797767415269488,7.6577875746656,1.89163428568279e-14,1.62513989575012e-12,"MYO1F"
151.75289975556,0.0374301972196912,0.00489662614594349,7.64407902586141,2.10446133987147e-14,1.79668386891526e-12,"MYO5A"
212.741075260379,0.0194659659228439,0.00254746207016789,7.64131727447505,2.15010504603562e-14,1.82425061669855e-12,"USP48"
71.0078932001798,0.0636057366119014,0.00832566264105934,7.63972062694681,2.17693575965832e-14,1.83561373314399e-12,"CD58"
280.771574155857,0.0185899885972458,0.00243792090525004,7.6253452510344,2.43382116646716e-14,2.03963172600867e-12,"PPP3CC"
40.5793553536906,0.0536508505603014,0.0070390637863121,7.62187304860469,2.50020871431662e-14,2.0824909169247e-12,"SGPP2"
20.5235282711916,0.0705801441008823,0.00927222413727847,7.61199719246634,2.69892425105819e-14,2.23438213754272e-12,"FXYD1"
80.4999129905823,-0.0526241282559587,0.00694220094372334,-7.58032339924384,3.44694664165508e-14,2.81947851047954e-12,"SNTB1"
2.63733965351993,-0.223584729239862,0.0294950191790496,-7.58042325324796,3.44429461540237e-14,2.81947851047954e-12,"ERVH48-1"
30.2128405397735,0.0528380263021485,0.00697307406136396,7.57743655626873,3.52449271059643e-14,2.86574823968733e-12,"ASTN2"
124.324973968498,0.0503113119398186,0.00664837749304128,7.56745717169015,3.80600592728717e-14,3.07633378501436e-12,"BATF"
154.859523270377,-0.0608442328570894,0.00806178903147014,-7.54723704869685,4.44588953437605e-14,3.57240300232805e-12,"CERS6"
500.400086059003,-0.0270744017199116,0.00359175397672756,-7.53793324802802,4.77478144289114e-14,3.81424061461362e-12,"STK17A"
327.141071864333,-0.0214299796388331,0.00284364862566605,-7.53608566312012,4.84288513659424e-14,3.84615180034171e-12,"PRKACB"
598.542257095223,-0.0126611937770625,0.0016820495396358,-7.52724190263973,5.18233085744295e-14,4.06863322138222e-12,"SERBP1"
118.784143276249,0.0418023572358096,0.00555348086924803,7.52723529980753,5.18259282957911e-14,4.06863322138222e-12,"SELENOM"
81.0150927322945,0.0995205240404181,0.0132408716678571,7.51616106075623,5.64080565883109e-14,4.40305173140758e-12,"CCR6"
91.4263902265762,0.0549163669147861,0.00730931937624875,7.51319843722165,5.7699963547295e-14,4.47830398895483e-12,"CD82"
3225.54490856868,-0.014470764674708,0.00193013575522318,-7.49727817618445,6.51566083029974e-14,5.02847044869460e-12,"DDX5"
167.82394968791,0.0264092592212313,0.00352662356535767,7.4885393158067,6.9644326045337e-14,5.34461513359159e-12,"SEC11C"
133.873759832783,0.0260375941146783,0.00348099001245856,7.47993933377832,7.43569283825374e-14,5.67438905980704e-12,"STX8"
45.7802480536384,-0.078101077164251,0.010454876587847,-7.47030120422825,8.00114623843619e-14,6.07198097872436e-12,"TRIO"
7.84710662015494,-0.111237113247476,0.0149242793739139,-7.45343278965328,9.09423370297418e-14,6.86338300456504e-12,"BCL7A"
107.357218184559,-0.0392965535668143,0.00527323475748638,-7.4520774010725,9.1881790367266e-14,6.89618272756513e-12,"MAGEH1"
36.7212813985713,0.0596693016198034,0.00800867440052279,7.45058403372078,9.29279266402999e-14,6.89888846688313e-12,"HLA-DMA"
23.5065583901472,0.0558594132237816,0.00749687982661396,7.45102156039375,9.26202231244401e-14,6.89888846688313e-12,"EVA1C"
106.965489543433,0.0420130592444222,0.00564993370717245,7.43602693799533,1.03758687782129e-13,7.6356626126679e-12,"LRIG1"
106.838615492951,0.0491069172666745,0.00660415776251465,7.43575775027764,1.03970222983619e-13,7.6356626126679e-12,"CDHR3"
176.00609619066,0.0314185886191611,0.00423436727925015,7.41990161626342,1.17207365646387e-13,8.56177868839385e-12,"CKLF"
11.3788527614931,0.0922431575694549,0.0124353006139157,7.41784701740385,1.19039482099964e-13,8.64935811428464e-12,"GALNT3"
40.0610165211795,-0.060334347732307,0.0081378046173256,-7.41408163128586,1.22470471390195e-13,8.85156951952417e-12,"GRK3"
124.231362080139,-0.0462390455314979,0.00625274699991128,-7.39499703604736,1.41411428063321e-13,1.01667374070788e-11,"IRAG2"
19.1314336673363,0.114070598967463,0.0154462905125693,7.38498339615192,1.5247241471568e-13,1.09045716492994e-11,"ENSG00000259345"
72.2020379254188,-0.0373652870913107,0.00506096464637013,-7.38303657546988,1.54719500350102e-13,1.1007647785325e-11,"ZNF518B"
111.292021656186,0.0871186043153719,0.0118047060451105,7.37998930108522,1.58302252906769e-13,1.12041905425206e-11,"LMNA"
216.035970004355,0.0377225886766865,0.00511708462592492,7.37189072183228,1.6822489098216e-13,1.1845113457816e-11,"GATA3"
137.333680954996,-0.0234003995312171,0.00317534064389877,-7.36941391663902,1.71379785586471e-13,1.20053736980061e-11,"MRTFA"
8.36364200331359,0.0929244257737539,0.0126164535404852,7.36533650090863,1.76700573119087e-13,1.23149481061568e-11,"ENSG00000290121"
13.789188166517,-0.100244378648415,0.0136885600493154,-7.32322306270836,2.42084895470019e-13,1.67861912290379e-11,"PMEPA1"
637.843281590447,0.0363856523741485,0.0049716844627631,7.31857635911322,2.50615402975538e-13,1.72899313365952e-11,"TTN"
64.5720143168354,0.125936022349595,0.0172290360355281,7.30952225591153,2.68093849162759e-13,1.8402824017906e-11,"HLA-DRB5"
178.192580150691,0.0315319361115828,0.00431591537485237,7.30596718724156,2.75279350412822e-13,1.88015796331957e-11,"ZYX"
367.260178809895,0.021146809622271,0.00289555972117116,7.3031854489666,2.81033406782225e-13,1.90990862519661e-11,"SPTAN1"
140.666687917294,-0.0672987253039695,0.00921886648437384,-7.30010846973889,2.87535827896241e-13,1.94442545003101e-11,"SAMD3"
56.3921699262438,0.0405494373385505,0.00555552600973583,7.29893753849578,2.90048920412153e-13,1.95175776001479e-11,"CORO2A"
47.4234133308433,0.0362017911309564,0.00496139448110029,7.29669677927484,2.94918403552891e-13,1.97479676104534e-11,"FCHSD1"
80.0551437583654,-0.0603436427361858,0.00827762677027864,-7.28996902262537,3.10026299898231e-13,2.06130048921714e-11,"MAML3"
46.9140153885925,0.0944748820092831,0.0129602118724616,7.28960937822533,3.10854978608148e-13,2.06130048921714e-11,"CST7"
30.6183407786561,-0.0773421999004039,0.0106211946590236,-7.28187387420634,3.29214801410037e-13,2.17249960737251e-11,"PDE7B"
23.3743839715269,0.0591386910201445,0.00812820466486102,7.27573842669176,3.44530599116189e-13,2.26263845381113e-11,"FXYD7"
99.7610781256682,-0.0427411742414164,0.0058813215490391,-7.26727384058768,3.66814734728463e-13,2.39745898391905e-11,"GPA33"
94.0902998991707,-0.0313349231979911,0.00431379295184256,-7.26389132436385,3.76110223444862e-13,2.44650745345562e-11,"STK26"
154.940800755125,0.0906392392426834,0.0124952429518489,7.25389971143153,4.04939999324959e-13,2.62155468757296e-11,"PRDM1"
126.774672303276,0.0231818426457483,0.00319641304017498,7.25245528483993,4.09283387636133e-13,2.63717503542905e-11,"ERO1A"
15.1166879759555,-0.0740033753009882,0.0102219092587299,-7.23968227733842,4.49737068235092e-13,2.88422927328233e-11,"PAWR"
225.492081563698,-0.0207108875547339,0.00286117559330551,-7.23859367568793,4.53361026831227e-13,2.89388393762362e-11,"TKT"
178.463482624637,0.0362471457777084,0.00500839606101033,7.23727623298153,4.57785161887652e-13,2.8950672737895e-11,"CCDC141"
18.7150705773756,-0.0792951890039397,0.0109559567800142,-7.23763251317218,4.56584564412865e-13,2.8950672737895e-11,"PTK2"
44.1718715358276,-0.0556380320971723,0.0076887816862392,-7.23626113572051,4.61222873101117e-13,2.90336610440611e-11,"PEAK1"
3.98409321211069,0.13656987613966,0.0188825076482812,7.23261330981597,4.73787036778004e-13,2.95521959926371e-11,"CD40"
34.6942816306957,-0.0968694537855738,0.0133932156181796,-7.23272562371698,4.7339522811296e-13,2.95521959926371e-11,"PCBP3"
271.73055046504,0.0231332596703037,0.00320108638417037,7.22669022138842,4.94907246433947e-13,3.07292408467623e-11,"ELOVL5"
30.0983077243355,0.0511174069265184,0.00708235435916998,7.21757262263126,5.29237338766651e-13,3.27121359617758e-11,"ADHFE1"
60.7183584965118,0.0322773713468938,0.0044786581980003,7.20692893271147,5.72278510790772e-13,3.52131732315403e-11,"CARD19"
24.5219860643425,0.0492769503736476,0.00685186254093678,7.19175991626221,6.39614303331722e-13,3.91799613610373e-11,"AGFG2"
24.093683433736,0.101736444619741,0.0141642444129876,7.18262419465567,6.83858900844512e-13,4.17031811854287e-11,"FAM153A"
21.0060771489799,0.0725801376693355,0.0101154800382262,7.17515504899983,7.22252845421447e-13,4.3666213760853e-11,"GDPD5"
253.54647412117,-0.0188053271878038,0.00262090800706936,-7.17511913317076,7.22442482426996e-13,4.3666213760853e-11,"CCT2"
8.61202127333016,0.0928804559709189,0.0130184577372944,7.13452068172724,9.71250116302437e-13,5.84461523730894e-11,"C12orf40"
160.771613062719,0.0948703331685326,0.0133203241580254,7.12222405724065,1.06199227425348e-12,6.36263792381689e-11,"LGALS1"
72.9246560835969,-0.0636947230873162,0.00895487661719804,-7.11285323183449,1.13668139605444e-12,6.780378982578e-11,"SIK1"
39.9392319746808,0.0458943108265602,0.00645525014991043,7.10960997029634,1.16371345466653e-12,6.91144599597597e-11,"ENSG00000234961"
256.588591167231,0.0358595611835092,0.00504556316098214,7.10714741633103,1.18465882138396e-12,7.00538506498045e-11,"FLNA"
140.120515453303,-0.0251243669689103,0.00353912923711996,-7.09902501027507,1.25640074233505e-12,7.38947728397988e-11,"IMPDH2"
5.89615193406958,0.125609254473958,0.0176949773887044,7.09858236688908,1.26043060553976e-12,7.38947728397988e-11,"ZNF532"
60.5147789866868,0.116161478456552,0.0163917941114471,7.08656280494831,1.37483838481397e-12,8.02576595579437e-11,"HLA-DQB1"
76.0211008779011,-0.046704957884815,0.00659382580376306,-7.08313493179645,1.40929331510302e-12,8.1918922060882e-11,"PELI2"
548.531736362113,-0.0366873680022629,0.00518001592756744,-7.08248169798417,1.41595467511387e-12,8.19573765341335e-11,"CCR7"
48.4293161487641,0.0478720134155809,0.00676429063191122,7.07716684876606,1.47131351481518e-12,8.48022895036934e-11,"HOTAIRM1"
6.01632323996717,0.116226119882076,0.0164317795350329,7.07325214741832,1.51344121181123e-12,8.68638947619386e-11,"ADAM7-AS1"
145.970925943786,-0.0353260171358835,0.00499839738846744,-7.06746870854837,1.57785309988329e-12,9.01818968385179e-11,"ACTN1"
99.7511234438365,-0.0405294843525227,0.00573552908123614,-7.06638982707201,1.59016310472144e-12,9.05067833770617e-11,"MARCKSL1"
73.3469410221579,-0.0389091933839146,0.00550977760588256,-7.0618446273354,1.64306649525416e-12,9.31298270754017e-11,"LINC01215"
284.267674011413,-0.0264482443444717,0.00374843453785236,-7.05581065305867,1.71597358483633e-12,9.68603271440672e-11,"PITPNC1"
59.3085448116412,-0.0584530846109356,0.00830653439298268,-7.03700025131016,1.96422500484223e-12,1.1041692825574e-10,"RFLNB"
638.083891317613,0.0289890071212793,0.004127953175827,7.02261045281155,2.17760729328337e-12,1.21910309943651e-10,"IQGAP2"
676.654782072903,-0.034575174483468,0.00492714251393649,-7.01728727871615,2.26217187186729e-12,1.26127623549825e-10,"ITGA4"
38.6433410438377,0.0529490623815371,0.00754813959344456,7.01484938454536,2.30196797158845e-12,1.27824725576822e-10,"ENSG00000258561"
303.458330191839,0.0306200927563205,0.00436893274227857,7.00859788021158,2.40718195059514e-12,1.33125932976233e-10,"GPHN"
95.7020313676478,-0.0747181719173356,0.0106836801335065,-6.99367362029141,2.67780110764487e-12,1.47495012622697e-10,"BCL2L11"
8.51613331217304,0.107997190043652,0.0155067484992297,6.96452838253078,3.29505708125392e-12,1.80764978835054e-10,"ACVR1C"
2394.09694384134,-0.01930762335862,0.00277331840824685,-6.96192088914353,3.35663996207018e-12,1.83406807527515e-10,"FOXP1"
43.5203858112271,-0.0374246665625075,0.00537714140438745,-6.9599558107159,3.4037948749109e-12,1.8524238243539e-10,"AGMAT"
119.785030345782,-0.0255868092382546,0.00367940280217222,-6.95406581284029,3.54905908145193e-12,1.92381535923148e-10,"RPIA"
4.75617344985155,0.231397558671411,0.0333584224980368,6.9367056756065,4.01348771970925e-12,2.1669660968865e-10,"MYO16"
29.5238021504899,0.0657522486448341,0.00949462417937731,6.92520813911208,4.35334977164555e-12,2.34121094018418e-10,"MYBL1"
4.81528333899001,-0.304762312974541,0.0440146160664783,-6.92411612802068,4.38705929192502e-12,2.35008744814493e-10,"IGF2BP3"
52.7836551844161,-0.0366767523637863,0.00529822990188594,-6.9224539219657,4.43886203310542e-12,2.36854903797734e-10,"MTA3"
39.8149178680271,0.0507025517294738,0.00733121420720303,6.91598285037938,4.64630609670643e-12,2.46959304595369e-10,"BLVRA"
57.6596052595201,0.0376656830093144,0.00546104298444576,6.89715922701844,5.30527083016611e-12,2.80891471085539e-10,"SLC35D2"
58.5745097836973,0.0417486034781508,0.00606467654996362,6.88389613761038,5.82373425501418e-12,3.07151389665999e-10,"ENSG00000291015"
2.16823035662814,-0.182269433160668,0.0264883363532066,-6.88112045732924,5.93836089977978e-12,3.11992345734584e-10,"P2RY1"
170.090346664575,-0.0442089837770213,0.00642688937881055,-6.87875287270048,6.03787970456508e-12,3.16005504844287e-10,"GZMM"
150.206205209454,-0.0314400489466249,0.00457961137011635,-6.86522204739527,6.63879078328108e-12,3.46129320990914e-10,"TFDP2"
16.6667736835692,-0.06370115123091,0.00928168849820191,-6.86309945041254,6.7382280895682e-12,3.49977930431565e-10,"NDFIP2"
632.681231577922,0.0240926387855503,0.00351184929720034,6.86038515512528,6.86751351390076e-12,3.55341797726835e-10,"CASK"
16.4176128311404,-0.0575522792125944,0.00839546236174236,-6.85516493705658,7.12302871704847e-12,3.65791625093542e-10,"CHML"
25.5301449132498,-0.107644489954038,0.0157017915362927,-6.85555464834898,7.10363591399226e-12,3.65791625093542e-10,"CD8B"
61.9768964584671,-0.073036277008933,0.0106608613467909,-6.85087955214033,7.33972968349299e-12,3.75508267702301e-10,"SKIL"
121.580529344334,0.0949512644703234,0.013891528392788,6.83519205270595,8.18952397662030e-12,4.17421259405348e-10,"LGALS3"
84.8572150905875,0.0611153476023478,0.00894408494335508,6.83304641999771,8.31300409273354e-12,4.20576429284223e-10,"MCF2L2"
80.9399175629137,0.0443886850122447,0.00649607926028706,6.83315015621949,8.30699237965766e-12,4.20576429284223e-10,"CTSA"
9.36814510956055,0.0838806484884309,0.012285666432359,6.8275212378792,8.63943406632149e-12,4.35478484671408e-10,"HLA-DMB"
145.749841534281,0.0345352853263169,0.00507086664693205,6.81052919173318,9.72403781274953e-12,4.88346898978524e-10,"ACTN4"
102.858814820944,0.0207611383953423,0.00305557594423555,6.79450904648889,1.08681997066653e-11,5.43808087886625e-10,"CBX5"
28.7056156044366,-0.0758498590454894,0.0111651168854113,-6.79346753141451,1.09469884254891e-11,5.45751320774384e-10,"CLEC11A"
3.26293457698811,0.110518980436039,0.0162822045769612,6.78771599470131,1.13922628469827e-11,5.65884765417396e-10,"CALY"
36.5048433466241,0.037754022681008,0.00556652131205026,6.78233686077498,1.18247357309714e-11,5.85238732192282e-10,"ARSG"
81.1806692387662,0.0408562597256879,0.00603499883498251,6.76988692837193,1.28883082440616e-11,6.35575056367805e-10,"GALM"
49.922858848208,0.0354135078787947,0.00523269744055408,6.76773466861192,1.30814369702752e-11,6.42778521632947e-10,"ADARB1"
7.86640158002642,-0.120196976303012,0.0177945175688194,-6.75471958361089,1.43111772584493e-11,7.00683445700419e-10,"ZNF711"
53.3459134741541,-0.0480199897654281,0.00712247707943389,-6.74203500128987,1.56183443812578e-11,7.61952086599934e-10,"LGALS3BP"
35.1358308838737,0.0379766444119083,0.00563489883908863,6.73954324582879,1.58885301411098e-11,7.72374810418362e-10,"CD99P1"
51.5837962790942,-0.0493246493413016,0.00732027796899766,-6.7380842025669,1.60488561693886e-11,7.77402039978186e-10,"RRAS2"
415.063901594289,-0.0191732372991091,0.0028473216571684,-6.73377988427781,1.65311205843971e-11,7.97933240928849e-10,"TMEM131L"
87.2544256954921,-0.069415960476188,0.0103419506787173,-6.71207614817185,1.91874510632544e-11,9.22889371563572e-10,"GPR171"
3.00271895631113,0.128865366635933,0.0192017493352703,6.71112638676256,1.93127736563878e-11,9.25657853144765e-10,"ENSG00000271857"
305.838995571991,-0.0183039871357293,0.00273382838124292,-6.69536802723785,2.15129520442005e-11,1.02392656767867e-09,"NECAP2"
114.055944898833,-0.0529929256287163,0.00791438978675596,-6.69576897986442,2.14540427268703e-11,1.02392656767867e-09,"HVCN1"
207.520245290754,-0.0356949677086563,0.00533303978660145,-6.69317483779798,2.18379959889509e-11,1.03578828197594e-09,"RBMS1"
22.7260475469678,0.0545038305306887,0.00814526388103126,6.69147511078401,2.20932083307753e-11,1.04426721729547e-09,"SLFN11"
54.3888993950362,0.0550522238923558,0.00822975184792594,6.68941480978313,2.2406477475755e-11,1.05542235282349e-09,"TGFBR3"
13.4387885396237,0.100418350537537,0.0150142340967484,6.68820999396064,2.25916806470954e-11,1.0604892015097e-09,"TNFRSF9"
37.5493197701587,-0.0496282506593509,0.00742144982988867,-6.6871368528938,2.27579042482318e-11,1.06099990454214e-09,"DENND5A"
268.978420017954,0.0266097159801297,0.00397916431846093,6.68726241253134,2.27383940777194e-11,1.06099990454214e-09,"UBL3"
159.270233942374,-0.0246784541708199,0.00369304528490569,-6.68241309460415,2.35039350478548e-11,1.09205358079488e-09,"DNPH1"
7888.95016340407,-0.0195221859257757,0.00292390758275326,-6.67674520252548,2.4430715430524e-11,1.13126634841003e-09,"RPS24"
9.07471948949791,0.100220160420225,0.0150237091558279,6.67080009208969,2.54412576472135e-11,1.174079660341e-09,"EDARADD"
220.897338489969,0.0363600191630067,0.00546058963509366,6.65862509230344,2.76400984529304e-11,1.27125840022569e-09,"PCAT1"
204.448062410732,0.0645853234633133,0.00971435495469209,6.64844179202224,2.96212077803578e-11,1.35780435664325e-09,"TSHZ2"
1377.23504124944,-0.012884956739192,0.00194310497926934,-6.63111714326269,3.33155696586672e-11,1.52204241316854e-09,"EVL"
20.4621663584095,0.120873827079807,0.0182644595945795,6.61797993276956,3.64140441264071e-11,1.6580528092224e-09,"CCR10"
76.665667022276,-0.0366258281619149,0.00554885505155584,-6.60061000361605,4.09469423329666e-11,1.85825658560905e-09,"PYGB"
464.842684385351,-0.0239562319530648,0.00363418302344238,-6.59191675227543,4.34184048348410e-11,1.96389208623817e-09,"PDCD4"
9.45795783100546,0.0912178264200874,0.0138419239715099,6.58996730568933,4.39923441105182e-11,1.97676125180815e-09,"ITPRIPL1"
180.211174645058,0.0182221047509977,0.00276510924429979,6.59001259663146,4.39789261013936e-11,1.97676125180815e-09,"TMEM219"
75.5480607451863,0.0682547863305053,0.0103594943386721,6.58862142293077,4.43929118858191e-11,1.9882202503616e-09,"CCR4"
54.3406445646474,0.0578046702362829,0.00877413681669127,6.58807486638681,4.45565974248752e-11,1.98902980661371e-09,"ALCAM"
145.162112110415,0.0358625696930301,0.00544673555899694,6.58423184026112,4.57243168939216e-11,2.03450869306505e-09,"RNF214"
2.59512067728732,0.150113130181223,0.0228082647476652,6.58152348904973,4.65651923583802e-11,2.06519651823206e-09,"ENSG00000288950"
7.2369679728542,-0.105448921768533,0.0160258149880344,-6.57994129142676,4.70634062875086e-11,2.08053763717595e-09,"AFF2"
57.5191975133965,-0.0484243800568261,0.00737863384891369,-6.56278398527057,5.2812328832703e-11,2.3271497156604e-09,"TAF4B"
20.8544677806677,-0.127550597329041,0.0194666913091703,-6.55224841773469,5.66771533500028e-11,2.48942094778469e-09,"SDK1"
1.94304906531621,-0.169962838060949,0.0259574430523606,-6.54774962688369,5.84105361673988e-11,2.55733308989317e-09,"ANKRD50"
198.090404374566,-0.037344023201691,0.00570522945620265,-6.5455777876017,5.92657996139846e-11,2.58648825152406e-09,"RETREG1"
3.16013234239272,-0.168711027029512,0.0258249659731664,-6.53286541422019,6.45231222664082e-11,2.80696130623929e-09,"ZNF704"
515.714007031638,0.0150634595908594,0.00230661109099947,6.53055890073446,6.55247124658502e-11,2.8414843564556e-09,"NKTR"
29.284270045277,-0.0423383632689123,0.00648417844674952,-6.52948767783161,6.5995040582054e-11,2.8528235897179e-09,"SQLE"
562.37319629024,0.0132830847063269,0.00203576272248858,6.52486881677902,6.80610763424639e-11,2.93285269034087e-09,"VPS13C"
3.91863571373725,0.116721990182883,0.0178975033917325,6.52169118944276,6.951903279426e-11,2.98625782380375e-09,"KIAA0408"
12.4199871031775,-0.0682777189861574,0.0104768178238751,-6.51702837006124,7.17138667452971e-11,3.0708821935447e-09,"RBMS3-AS2"
63.5446958585713,-0.0463564121733679,0.00711488478350812,-6.51541291024406,7.24899720312629e-11,3.09441568108454e-09,"ITPRIP"
44.3799598458551,0.0532323430928121,0.00817111490489223,6.51469765294094,7.28362164884124e-11,3.0995100225287e-09,"MEGF9"
7.04160670026284,0.0981506889097038,0.0150848221046301,6.50658577402631,7.68780147957378e-11,3.26134683885025e-09,"ENSG00000230747"
1138.35639860433,0.033412519984624,0.00513588443753569,6.5056993378644,7.73327609997089e-11,3.27048147138088e-09,"SYNE2"
127.36672094217,0.0198218735753139,0.00304908392947781,6.50092750274298,7.98262972716726e-11,3.36551611336743e-09,"CCDC14"
7.95758107040221,0.131209648949198,0.0201969603428334,6.49650475724955,8.22075175465679e-11,3.45524519903421e-09,"TMEM45B"
5.25140589214374,0.146778305428901,0.0225971017303186,6.49544827388054,8.27865288792457e-11,3.45829964675993e-09,"NAV2"
117.445786201396,-0.0311104916330472,0.00478926905999259,-6.49587468219948,8.25523551763315e-11,3.45829964675993e-09,"ENOX2"
120.942677756031,0.0282423986973694,0.00434955080247528,6.49317595768672,8.40454285665413e-11,3.5001846165212e-09,"PURA"
27.0614607965121,0.105669184959902,0.0162950742387611,6.48473173006767,8.88898058139653e-11,3.69068312285339e-09,"TSHR"
443.079938627422,0.0255437927370726,0.00394015629379693,6.48293895784964,8.99528989837595e-11,3.72350484884289e-09,"EMB"
406.605679540036,0.0379996427362112,0.00586485895078275,6.47920829044655,9.22051445508431e-11,3.80520324641848e-09,"H1-4"
430.099029163232,-0.018847530839218,0.00291355107657305,-6.46892068952045,9.87053823629407e-11,4.06119133457159e-09,"RGS10"
2730.54744460243,-0.0338131973806577,0.00522964069806848,-6.46568269845886,1.00842482456557e-10,4.13666159266235e-09,"IFITM1"
131.743825419522,0.0729912965631331,0.0112900490928544,6.46510001531617,1.0123183137599e-10,4.1402000496887e-09,"NR3C2"
39.6244598860628,-0.0784140607614704,0.0121442803469095,-6.45687175538776,1.06889402545595e-10,4.35853504111292e-09,"SESTD1"
21.8283534667411,0.0758873436764063,0.0117543890976902,6.45608572642186,1.07445759620889e-10,4.36818177506353e-09,"CTNNA1"
10.9060421557692,-0.0646376208745092,0.0100139619202401,-6.45475001696029,1.08397683830918e-10,4.39380522590606e-09,"SCCPDH"
8.25108815654647,0.0961876792651443,0.0149055470050744,6.45314655224651,1.09551322887751e-10,4.4274292030967e-09,"SLC25A4"
9.82042911863117,0.0925397325140261,0.014343100120315,6.45186408362,1.10482646621766e-10,4.42773661931814e-09,"LINC00299"
89.0073682401955,-0.0336584700632239,0.00521687609123608,-6.4518438764086,1.10497382778799e-10,4.42773661931814e-09,"FLNB"
26.513556518595,0.0490297713100079,0.00759939733474032,6.45179731369885,1.10531346060577e-10,4.42773661931814e-09,"TRIM16"
21.3594759002085,0.0660594409513908,0.0102463680905939,6.44710792812849,1.14004606257347e-10,4.55061734420241e-09,"TRPC1"
51.338307948651,-0.0334634550334721,0.00519073853197732,-6.44676182923142,1.14265135363208e-10,4.55061734420241e-09,"PRKAR1B"
2.98222265702335,-0.183787742280118,0.0285394862773325,-6.43977051633517,1.19654275667546e-10,4.75138780703104e-09,"NDNF"
8.02702374075482,0.0963269586006116,0.0150004260553785,6.42161484247129,1.34836231506556e-10,5.33873310834653e-09,"PRR34-AS1"
72.2204096151401,-0.0724804746684218,0.0112940760860845,-6.41756564379141,1.38470658690004e-10,5.46678958874409e-09,"AIF1"
150.776996808702,-0.0345764549329836,0.00538988159562387,-6.41506762617138,1.40760363289896e-10,5.54117164997113e-09,"ARHGEF7"
10.5153084052416,-0.113833510121282,0.0177561861200682,-6.41092120523711,1.44642944054901e-10,5.67765119479871e-09,"DNMBP"
31.3336803313666,-0.0535996725851664,0.00836371952521001,-6.40859278262569,1.46868890572402e-10,5.74850729289115e-09,"GLUL"
21.3910056548125,0.0456480214420737,0.00712505141374618,6.40669362104617,1.48709225016457e-10,5.80390861064231e-09,"FANCI"
340.413970299917,-0.0300628706923311,0.00469384771335958,-6.40473925192896,1.50626580266143e-10,5.86199169924648e-09,"TRAT1"
89.1320521602327,-0.0270972412742752,0.00423273350337747,-6.40183022452353,1.53525330441342e-10,5.95782958474071e-09,"LRCH1"
45.5823778643691,-0.0461459270114284,0.00721092956435277,-6.39944220777732,1.55945591000613e-10,6.03460842229001e-09,"DHRS3"
200.884286365421,0.0403484851923846,0.00630573164426893,6.39870001906218,1.56705366799114e-10,6.04687940812402e-09,"ANXA5"
1509.46476703905,0.0159188829568025,0.00249253796830814,6.38661603522445,1.6959675654627e-10,6.5258920969635e-09,"FXYD5"
353.124302815396,0.0205061584151055,0.00321340489226421,6.38144245826943,1.75427639427544e-10,6.73129650162992e-09,"PIP4K2A"
15.2421907652976,-0.103774815505383,0.016289725355523,-6.37056876285505,1.88328482519536e-10,7.20607022749819e-09,"CCR9"
8.98561061277521,0.133070226999109,0.0209037047807764,6.36586807911123,1.94188285299982e-10,7.40953066256356e-09,"MSC-AS1"
98.2172987659566,0.0381147985673431,0.00599009388369406,6.36297181770345,1.97887011121644e-10,7.52962833404361e-09,"RAP1GAP2"
201.699627737233,0.0194048746751225,0.00305328830125838,6.35540203233511,2.07882203214364e-10,7.88797471085615e-09,"RSRC1"
10.6231265247367,-0.094403034363017,0.0148726000235493,-6.3474465939741,2.18917937589164e-10,8.28370921736283e-09,"MAP3K20"
111.980030762497,-0.0268300012029442,0.00422818779074912,-6.34550841418296,2.21692079721527e-10,8.34646765633634e-09,"YARS1"
153.213023024316,-0.0217264314995492,0.00342417553729294,-6.34501101445445,2.22409533448494e-10,8.34646765633634e-09,"RPL7L1"
10.918654315183,-0.0835512224616342,0.0131678199412552,-6.34510669453079,2.22271347717946e-10,8.34646765633634e-09,"LRMDA"
12.4826833402792,0.0550655259472472,0.0087007113996771,6.32885328770826,2.46989806607549e-10,9.24350892673733e-09,"KCNK12"
32.3454584125912,0.0400304055719984,0.00632618575574622,6.32773160915135,2.48791379567167e-10,9.28549247237023e-09,"SLC26A11"
4.06476919775729,0.148717929587512,0.0235123197188838,6.32510664050175,2.53057757335926e-10,9.41898900601838e-09,"LINC00944"
97.0392283002911,-0.0249593550168061,0.00395170875561492,-6.31609173660427,2.68260844609359e-10,9.95772591674958e-09,"CNKSR2"
5.86909418967028,0.100497266276478,0.015936469657938,6.30611850890202,2.86119990339379e-10,1.05918673930513e-08,"LOXL1"
16.0781443720358,0.0755153799048737,0.0119785472682543,6.30421855119321,2.89651540256931e-10,1.06936217294856e-08,"LONRF3"
11.1524520130805,0.0641394084630303,0.0101796288256171,6.30076101612105,2.96187772980322e-10,1.09054581641811e-08,"LINC00544"
41.8949424963758,-0.046589536558921,0.00739552251655903,-6.29969504583404,2.98231806654974e-10,1.09512002121154e-08,"CENPV"
59.5583772024816,0.0464399149895613,0.00737606482415359,6.29602858661025,3.05368080854103e-10,1.11831849449519e-08,"ENSG00000227486"
8.09678002037617,0.0745449476714143,0.0118413258483803,6.29532103295769,3.06764306762318e-10,1.1204279225597e-08,"ANKRD33B"
15.5635636186261,-0.0809007952831669,0.0128517978924868,-6.29490099050359,3.07596129390339e-10,1.12047016732587e-08,"ABCA1"
38.0033802143296,0.0462147686349167,0.00734528641553397,6.29175855378229,3.13889451466156e-10,1.14035369867758e-08,"A1BG"
43.3053006966523,0.046217080921563,0.00735420867997479,6.28443969062371,3.29038234865777e-10,1.19221811359854e-08,"ADAM8"
122.12393174655,0.0259578947668574,0.00414931836943891,6.25594192965422,3.95123760650382e-10,1.4278811033027e-08,"LRRFIP2"
56.7118137708516,0.0430376276585952,0.00688182227661482,6.25381271539687,4.00551319926878e-10,1.43987658689504e-08,"HELLS"
67.4939237928685,0.0274521680773748,0.00438955561067252,6.25397432273763,4.00136828611473e-10,1.43987658689504e-08,"DDB2"
29.386537783587,-0.0418138377289873,0.00668913580754798,-6.25100744431065,4.0781343595038e-10,1.46213426117643e-08,"MPP1"
4.36433981605153,0.100052865610815,0.0160192669668648,6.24578301977053,4.21682224906844e-10,1.50790031210144e-08,"ADPRH"
41.5901178837436,0.0363125292727554,0.00581810770491086,6.24129547173994,4.33961607627343e-10,1.54775863190327e-08,"PIEZO1"
2.40635397580602,0.140427203511486,0.0225117006817454,6.23796511408655,4.43299481784008e-10,1.5769455523879e-08,"ENSG00000261804"
6.24406474671522,0.101226450432472,0.0162377038964392,6.23403721844379,4.54565009179967e-10,1.61282026633723e-08,"CNTNAP1"
119.452837342329,-0.0378265888372087,0.00609158163825026,-6.20964982225438,5.31028001348556e-10,1.87923380788116e-08,"ATP10A"
166.717099211708,-0.0159138533280341,0.00256569056518985,-6.20256142496143,5.55514913618786e-10,1.96080974677845e-08,"EIF3B"
203.9607982818,0.0578596876574343,0.00933273624509968,6.1996488637311,5.65892704794778e-10,1.99229235760223e-08,"PMAIP1"
181.623599512174,-0.0221016959892732,0.00356555871008894,-6.19866275844379,5.69448993376906e-10,1.99965893304075e-08,"ASAP1"
13.3881484004136,0.116481722534252,0.0188121806530998,6.19182457803258,5.94717199613731e-10,2.0830351145445e-08,"GTSCR1"
82.4034971521787,-0.02703217845316,0.004372206383055,-6.18273157413758,6.30017915446616e-10,2.20103445652194e-08,"PITPNM2"
16.3571780083289,0.0643319878620206,0.0104240329390273,6.17150657891375,6.7642316152119e-10,2.3571276495866e-08,"BRIP1"
146.359734557728,0.0425826852157671,0.00691162288749556,6.16102555201721,7.22753268224667e-10,2.5121653038038e-08,"ALOX5AP"
30.3251530584515,-0.0499442196285218,0.00810985687618958,-6.15845882251723,7.34562779401401e-10,2.54673288492973e-08,"SMPD3"
50.0725786268913,0.0305159246117245,0.00495950815125008,6.1530143072822,7.60239440371253e-10,2.62908120391679e-08,"LPCAT4"
24.3020910753786,-0.0809113045465718,0.0131527595869751,-6.15165996242312,7.66761361791384e-10,2.64493944496725e-08,"CHI3L2"
45.4361641086498,-0.0360463006583619,0.00586055655763645,-6.15066168270191,7.71603539315396e-10,2.6549381226822e-08,"ZNF827"
707.064839365833,-0.0144177443747076,0.00234744965259286,-6.14187586889566,8.15525796356336e-10,2.7990156729215e-08,"EIF4A1"
5.70747317106438,-0.123546602605597,0.0201650117484758,-6.12678059138425,8.96749958668959e-10,3.0700762996035e-08,"WDFY4"
15.8353144752546,-0.0514679820416846,0.00840265740294737,-6.12520296538942,9.056808108571e-10,3.092899969077e-08,"ETS2"
84.4542006839219,0.0788449377798536,0.0128945755966559,6.11458184015779,9.68104776910187e-10,3.29783323007311e-08,"DUSP4"
138.573298728409,0.0177261139892473,0.00290386241275295,6.10432295669352,1.03237352483801e-09,3.50801550977295e-08,"NT5DC1"
533.685743717813,0.0180034114173638,0.00295019150346578,6.10245517832116,1.04451406631633e-09,3.53169855096068e-08,"RAP1A"
84.4109755891498,0.0277080138457758,0.00454034571674972,6.10262204121562,1.04342382071904e-09,3.53169855096068e-08,"NSD2"
69.3204187722548,-0.0401671907601421,0.00658394894067753,-6.10077494859926,1.05555440897231e-09,3.56021561149672e-08,"LINC01281"
162.345348763925,0.0230469598069655,0.0037793539687105,6.09812153023312,1.07322142589334e-09,3.610887851651e-08,"ANKH"
68.7473934546633,0.0283943361729364,0.00465904187639187,6.09445824404694,1.09808689657447e-09,3.68547100914185e-08,"CRTAP"
17.892209745496,-0.0850981725504995,0.0139662562472246,-6.09312696574718,1.10726171501467e-09,3.70715564389716e-08,"ENSG00000259097"
10.7002437799575,-0.0806271960744653,0.013245107522909,-6.0873191051874,1.14816985914715e-09,3.82536592096343e-08,"RAPGEF4"
101.258734186057,-0.0332388872178741,0.00546019655846583,-6.0874891337636,1.1469515775852e-09,3.82536592096343e-08,"SFMBT2"
507.896885070233,-0.023840899166877,0.00392361096947094,-6.07626478577504,1.23014223641066e-09,4.0885019341532e-08,"PRMT2"
34.972650881516,-0.0577059636218567,0.00951164631882352,-6.06687440718404,1.30423465232335e-09,4.32423430843131e-08,"SOCS2"
60.3950955886883,-0.0518643517294698,0.00856143924294273,-6.05790104417573,1.37909186645901e-09,4.56135469632691e-08,"AGPAT5"
19.7533214424782,0.0632127308901883,0.0104433596726323,6.05291140702951,1.42251109498746e-09,4.6935994100311e-08,"ZFYVE9"
152.954500194469,0.0260757146950424,0.00431487295428376,6.0432172560619,1.51071007758454e-09,4.97260232766382e-08,"DENND1B"
60.2866507962242,0.0444371468451751,0.00736162851594206,6.03632019042304,1.5766825612323e-09,5.17727975635413e-08,"DLG2"
21.199961722663,-0.0542792850930515,0.00900172451638482,-6.02987627473525,1.64085250707739e-09,5.37507080256048e-08,"AXIN2"
120.951050178051,-0.0240651018327729,0.00399378379354296,-6.02563961316101,1.68442140690068e-09,5.50459244456059e-08,"BZW2"
3.40255390269483,-0.140166725346625,0.0232664184281258,-6.02442209915657,1.69714921653317e-09,5.53294947442555e-08,"GNB4"
7.88929508626863,0.0967549621407082,0.0160621521616838,6.0237856774584,1.7038395743858e-09,5.54153537764525e-08,"PLAAT3"
106.750219092219,-0.0192849730514362,0.00320304944079393,-6.02081653995828,1.73539367724941e-09,5.63075478176412e-08,"NUDT4"
2.83839625814984,-0.167958706752385,0.0279012308186773,-6.01975976772867,1.74676120209836e-09,5.65420806176862e-08,"LY86-AS1"
11.5690641016817,-0.0762070738249916,0.0126661588519419,-6.01658914243822,1.78130424515416e-09,5.75239148671532e-08,"MATK"
178.337138751573,-0.0431336259413763,0.00716983986875814,-6.01598176959666,1.78799694422392e-09,5.76038638162707e-08,"AK5"
5.00773048485259,0.0863546606854851,0.0143558376240254,6.01529934700326,1.79554585533477e-09,5.77109561973482e-08,"MIRLET7BHG"
110.200817389902,-0.0171234873437828,0.00284710170827561,-6.01435744076523,1.80601618945377e-09,5.77755998780761e-08,"BTF3L4"
12.4002781130804,0.119940034198628,0.0199414429556455,6.01461160385447,1.80318503826329e-09,5.77755998780761e-08,"CADM1"
120.808557610423,0.0326930723221148,0.00544130142981842,6.00831855095477,1.87457252417345e-09,5.98286464490872e-08,"NPC2"
122.092994250422,-0.0213619167112586,0.00355728655378929,-6.0051155250632,1.91195719117324e-09,6.08795693040243e-08,"SRSF6"
95.8096546693321,-0.0263666399361273,0.00439122508243168,-6.00439272439356,1.92049340364044e-09,6.10091625435544e-08,"UNC119"
1068.53654182497,0.0193360613607572,0.00322131692267495,6.00253307107105,1.94262676947037e-09,6.15690990045596e-08,"SNHG6"
604.642264924102,-0.0159870717657693,0.00266410547392466,-6.00091547509858,1.96208114984656e-09,6.19432806559892e-08,"GTF3A"
10.7793375174545,0.112098932606922,0.0186806711303894,6.00079792768052,1.96350223455661e-09,6.19432806559892e-08,"CD70"
398.464941833188,-0.0318762711998054,0.00531301477537273,-5.99965792445385,1.97733638064389e-09,6.2235979169575e-08,"NOSIP"
40.2536160199806,-0.0910541142735563,0.0151870246423987,-5.99552028244915,2.02834976133888e-09,6.36948453790555e-08,"COL18A1"
50.1702229428021,0.0389454352522381,0.00650682662967614,5.98531933748118,2.15965718824242e-09,6.76626541086959e-08,"TBK1"
27.9036382463593,-0.0513975173270271,0.00858934464905684,-5.9838694832988,2.17897940174442e-09,6.81118046403405e-08,"CD79A"
505.453668337563,0.012492480217033,0.00208802575252084,5.98291481891498,2.1917940582846e-09,6.83559516807482e-08,"PRR13"
136.060180860076,0.0285991729899942,0.00478347837214704,5.97873989700043,2.24870271383598e-09,6.99710229407734e-08,"NABP1"
364.014901699961,0.0154419587954398,0.00258340020979861,5.97737769659916,2.26758048338512e-09,7.03980668250926e-08,"ICAM3"
4.3818753902918,0.10448298626187,0.017515236866363,5.96526253450354,2.44241015532222e-09,7.56537930197313e-08,"HLA-DOA"
93.2581678992159,0.0208498801534099,0.00349831981915999,5.95996970866328,2.52284694041148e-09,7.79685276154316e-08,"SHLD2"
26.5482176514316,-0.0492586405374733,0.0082724642641391,-5.95453047177346,2.60819531915645e-09,8.0424261985727e-08,"MTHFD1L"
106.587447939608,0.0331974336302768,0.00557805502058759,5.95143531351898,2.65801074080915e-09,8.1775735854624e-08,"PRNP"
263.626029353696,0.0126233162416196,0.00212324818202607,5.94528531731702,2.75975729031106e-09,8.47152462598854e-08,"CANX"
193.104214458152,0.0246504315322143,0.00415196845939698,5.93704691480109,2.90201645828386e-09,8.88823874891425e-08,"TXN"
3.70271440583388,0.137069174124301,0.023161579057247,5.9179546345055,3.2596984267984e-09,9.96140503580898e-08,"CD80"
38.1405088783585,0.0638959568631754,0.0107999660461845,5.91631090226892,3.29242598967251e-09,1.00389596024389e-07,"DNM3"
46.0314388868678,0.0435354480622395,0.00736355495128301,5.91228670801919,3.37390593642236e-09,1.02644888845277e-07,"MFHAS1"
282.054315763029,-0.0331274689798905,0.00560486737745537,-5.91048221999689,3.41107671224688e-09,1.03545128642872e-07,"ATP8A1"
4.51254331147193,-0.120057217197515,0.0203220924276237,-5.90771927768236,3.46876450635562e-09,1.04830360966411e-07,"CALCRL"
52.9308067227565,0.0497213714966204,0.00841590026257717,5.90802765542689,3.4622790618048e-09,1.04830360966411e-07,"PTTG1"
213.399092225672,-0.0256231056081731,0.00434005623614467,-5.90386488423348,3.5508301169789e-09,1.07073596904927e-07,"LYST"
35.5131790234921,0.0661998020729728,0.0112154821713831,5.90253731951757,3.57953110558747e-09,1.07701310357544e-07,"ADAM19"
134.905142924041,-0.0213661368353305,0.00362896745537364,-5.8876628402088,3.9169516590122e-09,1.17336753644971e-07,"GTF2I"
281.767754528032,0.0281466180731368,0.00478034831396478,5.88798477109133,3.90933131404861e-09,1.17336753644971e-07,"SLFN12L"
44.6471518958066,0.0726780756211046,0.0123645936219347,5.87791866383494,4.15456951421207e-09,1.24182537339468e-07,"CDC42EP3-AS1"
164.203738269957,0.0408071755138323,0.00694320191964883,5.87728485878403,4.17050199673093e-09,1.24386587937433e-07,"HERPUD1"
15.8597755343155,0.0509234674542169,0.00866596043440183,5.87626355320787,4.19630059586056e-09,1.24883368495545e-07,"TTYH2"
61.1254129318889,0.0253106960793364,0.00430890959049686,5.87403739803642,4.25307359291841e-09,1.2629779408536e-07,"ABHD2"
1116.47749031182,0.034344634152875,0.00584907370417986,5.87180738179648,4.31069427647989e-09,1.27731201337777e-07,"LINC-PINT"
51.3020951680741,0.0368555601215726,0.00628360374059454,5.86535396614386,4.48175566635919e-09,1.32512516022655e-07,"NBEAL2"
573.141948788017,-0.0178213616850059,0.00304185627602647,-5.85871259778442,4.66469173142796e-09,1.3747757310379e-07,"ENO1"
40.9674863599403,0.0486434151362497,0.00830300624415008,5.85853047750285,4.66980921816679e-09,1.3747757310379e-07,"ENSG00000291113"
34.5734569169481,0.06794740401297,0.0116114387863347,5.85176439055392,4.86385326020931e-09,1.42882226955826e-07,"NINJ2"
72.0879515785068,-0.0454650447466987,0.00777164311561442,-5.85011999011541,4.91218516097949e-09,1.43071320466908e-07,"ARMH1"
137.796989850068,0.0441547587854574,0.00754752554241356,5.85022979217869,4.90894337173401e-09,1.43071320466908e-07,"ATP2B4"
242.263320476031,0.0506314424427626,0.00865335966717395,5.85107338538467,4.88410651821856e-09,1.43071320466908e-07,"PPP1R16B"
88.0091649449006,0.0378753895291506,0.00647409754392463,5.85029639608895,4.90697797649475e-09,1.43071320466908e-07,"YWHAH"
11.3958966545168,0.0484504295536002,0.00828475868956784,5.84814010510758,4.97099784334452e-09,1.44476235191672e-07,"SSH3"
39.3938286989502,0.0493314858464665,0.00844639344300113,5.84053847116768,5.20323676398854e-09,1.50904913367481e-07,"MT1F"
190.899436041758,0.0174054087016946,0.00298259480773339,5.83565982766587,5.35781087502765e-09,1.55058679137453e-07,"GLUD1"
130.880219622862,-0.022059896189532,0.0037822722691221,-5.83244531855247,5.46209077757983e-09,1.57742410193955e-07,"FAM32A"
667.676134041428,-0.0123338395200347,0.00211551812527819,-5.83017435429102,5.53694922019898e-09,1.59566933223456e-07,"MCUB"
75.5743511037651,0.0368543952905979,0.00632927033455891,5.82285055662206,5.78522829708418e-09,1.66370986396147e-07,"GPR65"
106.088235249415,-0.0315869182263175,0.00542540035524281,-5.82204374941539,5.81323263465096e-09,1.6682512140616e-07,"B3GNT2"
28.9393294253307,0.0355348914341321,0.00610763964415202,5.81810543917014,5.95183558134215e-09,1.70444599666947e-07,"SLC25A25"
23.329716290407,0.0474581656535089,0.00816170658021173,5.81473558098406,6.07298042754842e-09,1.73482064784997e-07,"ENSG00000230773"
11.7485023993051,-0.150169752265441,0.0258269851431179,-5.81445149069042,6.0833022717433e-09,1.73482064784997e-07,"CD8A"
46.7857347896799,-0.0535484410855002,0.00921371600987174,-5.8118180577877,6.17979853544017e-09,1.75866766654402e-07,"SUSD4"
4.66183119101773,0.0885917020615212,0.0152451761498375,5.81113010376504,6.20525135090078e-09,1.76223978073398e-07,"NEK6"
2.58621299703093,-0.131387268515049,0.0226119211667038,-5.81053098259151,6.2275005890001e-09,1.76488917107347e-07,"DACT1"
195.263424453118,0.0392283425677549,0.00675415900467282,5.80802769680356,6.3213061364526e-09,1.78776484107541e-07,"GPR183"
92.7767694072027,0.0238913422937519,0.00411379232322951,5.80761993230523,6.33671588758415e-09,1.78842022777685e-07,"MAP4K1"
348.760697905165,0.0258639573265856,0.00445406293354988,5.8068235030465,6.36691904114039e-09,1.7895496728802e-07,"LRRC8C"
10.6085721041601,0.0931353497640564,0.0160386271270345,5.80694027153163,6.36248206181674e-09,1.7895496728802e-07,"MCC"
100.160655844723,0.0359744805124604,0.00620204341285042,5.80042384706991,6.61475092021932e-09,1.85539009384386e-07,"RFX3-DT"
6.73301187034724,0.0794617720203761,0.0137033319173351,5.79871906334364,6.68233700802338e-09,1.87050662970491e-07,"TMEM244"
62.9427692847142,0.0373758541582219,0.00644876199775495,5.79581851078296,6.79887583280356e-09,1.89923607108582e-07,"GLB1"
193.611837680155,0.0230623897356977,0.00398173895224053,5.79203961191891,6.95367360052396e-09,1.93851390577872e-07,"THADA"
10.3453971848767,0.0957871256809086,0.0165497476573387,5.78782998171174,7.13015241360119e-09,1.98366358390616e-07,"LDOC1"
58.0219869158311,0.0345230668135686,0.00596788888448336,5.78480388656856,7.25969738667156e-09,2.01559890857588e-07,"GTDC1"
111.897830044676,-0.033973434364853,0.00587704837361517,-5.78069673841306,7.43918848317554e-09,2.06124370548028e-07,"APBA2"
29.7812893353463,-0.037834050111877,0.00654559129041704,-5.78008134532739,7.46645153047256e-09,2.06460987664484e-07,"TSPAN3"
19.452326820546,0.059410765233079,0.010281737257268,5.77828082419464,7.54677710011117e-09,2.08260555934381e-07,"MICAL2"
3.72212250108393,0.104889407339169,0.0181577311322261,5.77657013287374,7.62387325614655e-09,2.0996392878823e-07,"E2F2"
3.85967411026602,-0.100636291604865,0.0174227524259908,-5.77614197483162,7.64328866859586e-09,2.10075097008087e-07,"ZBED3"
58.9749924854687,0.0308129420460201,0.00533489182796206,5.77573886025552,7.66161238868768e-09,2.10155873954767e-07,"ACSL5"
61.9549875437584,-0.026211084253,0.00453960394716205,-5.77387026667512,7.74710939566776e-09,2.12075179047739e-07,"SWT1"
9.35365597472014,0.0969213237428101,0.0168120206271772,5.76500147674895,8.16571262268521e-09,2.22198474951952e-07,"ENSG00000273319"
13.0659557240957,0.0487748555887737,0.00846040732045942,5.76507179161737,8.16230886919194e-09,2.22198474951952e-07,"ABCA2"
454.369098712551,0.0140601158122249,0.00243874033109014,5.7653189365757,8.15035618902981e-09,2.22198474951952e-07,"ERP29"
860.832529709346,-0.0221962257329742,0.00385117117011837,-5.76350018020415,8.23871651812652e-09,2.23739299478347e-07,"TCF7"
261.687203176357,0.0174583532148462,0.0030295803622893,5.7626308356626,8.28128004553834e-09,2.24448979012011e-07,"RPS27L"
37.8605595985518,0.0415087029373417,0.0072147913615101,5.75327834963943,8.75291878736355e-09,2.36762120070072e-07,"VCL"
55.369088640299,0.0291635350399461,0.00507738619641758,5.74380870624395,9.25703615905799e-09,2.49903387218838e-07,"TVP23C"
7.70134309769664,0.0803587431854031,0.0139922453184406,5.74309135929007,9.29635368498872e-09,2.50469805398316e-07,"CALCB"
974.479053229515,-0.0229549604423159,0.00399996482370008,-5.73879057793362,9.53550446431218e-09,2.56407462563985e-07,"TAGLN2"
16.7751187638136,0.0548175851209007,0.00955315642631282,5.73816471484894,9.57080113024506e-09,2.56850969428581e-07,"SLC16A6"
62.1170461351197,0.0308319744396871,0.00538539428880832,5.72510995225747,1.03366772319886e-08,2.76860805860714e-07,"CLOCK"
361.529670918477,-0.024261707996795,0.00423814209257033,-5.72460938469406,1.03671993928883e-08,2.77134919191496e-07,"NFKB1"
13.8285807252845,0.068491400091903,0.0119657128681017,5.72397155496583,1.04062180693994e-08,2.77634646148428e-07,"ACVR2A"
26.5486468549805,0.0719908838192864,0.0125902533778246,5.71798530648201,1.07794461381783e-08,2.87031645706658e-07,"IL7"
103.491606305892,-0.0294828795046396,0.00515713570719738,-5.7169097690202,1.08478680648983e-08,2.88291590985429e-07,"APP"
200.991564836788,0.0201767792804657,0.00353037096516693,5.71520088952228,1.09574499376195e-08,2.90638380869674e-07,"PICALM"
15.8271433177671,0.0524339031323705,0.00917652688085731,5.71391593062842,1.10405557363583e-08,2.92275177051655e-07,"FAM131B-AS2"
220.850368722514,-0.0420381074734051,0.00736172872476252,-5.71035812987814,1.12738682993272e-08,2.97874353904854e-07,"SMC4"
61.5527318917078,0.058634188968035,0.0102795908719014,5.70394188822316,1.17068002513367e-08,3.08716006627915e-07,"ZC2HC1A"
19.2680086374472,0.0709883229288063,0.0124518071124764,5.70104582311412,1.19074619439343e-08,3.13402562917423e-07,"PHLDA1"
17.319931841633,-0.0452022363675345,0.00795043453317091,-5.68550513546663,1.30426564965133e-08,3.42620553350715e-07,"CYP2U1"
5.09738896221517,0.0856367028761796,0.0150632168466996,5.68515369244937,1.30695069223046e-08,3.42666918538734e-07,"ENSG00000226990"
151.598314857344,0.0214837447109085,0.00378150963820917,5.68126139196691,1.33704949907365e-08,3.49886899566016e-07,"MAP4"
26.7614664664001,-0.0341419522053771,0.00601162003586427,-5.67932637154248,1.35226238549092e-08,3.53191284623441e-07,"SLC25A33"
6.13571990938357,-0.0794898662091722,0.0140106432154716,-5.67353439714985,1.39880997931345e-08,3.64651609111101e-07,"MEST"
101.310017634741,0.0190936290498937,0.00336619030640902,5.67217753955877,1.40993743785139e-08,3.66477516970113e-07,"CYB5R4"
7.75496578478993,0.0772490411402374,0.0136193014345505,5.67202668297406,1.4111798969713e-08,3.66477516970113e-07,"CDC42BPB"
39.6596159575538,0.0441056852539243,0.00778699405921545,5.6640193787907,1.47867696457279e-08,3.83277558559094e-07,"DNAAF9"
19.9049428634721,0.04588885057342,0.00810471624817951,5.66199348234154,1.49624508783804e-08,3.87096740527797e-07,"DLG3"
70.396072172102,0.0339286833081605,0.00600160488301831,5.65326841228129,1.5742517532685e-08,4.06508108688992e-07,"APOBEC3C"
82.9531460747763,-0.0258879563948857,0.00458116553090446,-5.65095415571563,1.59559646066621e-08,4.11242408541518e-07,"TTC7A"
486.845575517156,0.0243537640177236,0.00431436176899253,5.64481267953814,1.65361192106332e-08,4.25392445230225e-07,"NEAT1"
42.948880304046,0.0332114428023865,0.00588820058610647,5.64033821822421,1.69716464446111e-08,4.35775733897346e-07,"APOBEC3G"
92.46675814206,0.030386835533592,0.00538806078867872,5.63966085858574,1.70385414798906e-08,4.36672564006202e-07,"DENND10"
44.8890467419475,-0.0305311002640564,0.00541755755297229,-5.63558392606384,1.74466150824643e-08,4.46293561847308e-07,"GRAP"
4.83436325131787,-0.0831366402596388,0.0147554058964891,-5.63431740494652,1.75753063038593e-08,4.48745203945266e-07,"FRMD6"
4.10449859810229,-0.0987655789101073,0.0175549469712861,-5.62608244112923,1.84348267470093e-08,4.69812935380872e-07,"FLT1"
734.221247688852,0.018599809271704,0.00330720388371313,5.62402861320461,1.86554729131257e-08,4.74550763488449e-07,"LCP1"
113.653231612064,0.0285888203004135,0.00508372973649781,5.62359169000758,1.87027420018923e-08,4.74868876851019e-07,"HABP4"
63.0609699995322,0.0943410138124789,0.0167970086476025,5.61653659837487,1.94822999266479e-08,4.93744372909111e-07,"TAFA1"
64.1536778616139,0.0507450444500717,0.00904033050069672,5.61318465582214,1.98636427954663e-08,5.02476593677907e-07,"MAF"
88.5921413124535,-0.0237402519208124,0.00423142184914208,-5.61046682821892,2.01781549352393e-08,5.09489087643935e-07,"RP9"
589.111554203877,-0.0215520639626624,0.00384371566390173,-5.60709111890577,2.05755351841623e-08,5.18564226228149e-07,"GYPC"
376.817433850578,0.0156229979205589,0.0027878672748543,5.603924570396,2.09551929734826e-08,5.27160103163485e-07,"SMARCA2"
1555.53081255326,-0.018312754632539,0.00327316478421442,-5.5948159777523,2.20855896500536e-08,5.54575651874508e-07,"CAMK4"
401.651380388002,0.0229346943688236,0.00410775561098758,5.58326651845525,2.36042594812284e-08,5.91622356905651e-07,"CASP8"
5.61846111859872,0.0820081181870969,0.014703858997643,5.57731940983947,2.44253138020195e-08,6.11080195120122e-07,"OSBP2"
15.9726058499008,0.0667372406809019,0.0119712138788192,5.57480981932676,2.47800426487523e-08,6.18821540369208e-07,"SELP"
131.874059260283,-0.0190409370438517,0.00341659558710743,-5.57307312451697,2.50284451126528e-08,6.23884234012476e-07,"LEMD3"
3.05726537993246,0.120542360783325,0.0216427676740108,5.56963705377091,2.55270525518038e-08,6.35153985168744e-07,"LINC00824"
990.009865887297,-0.0593935836560928,0.0106710938783093,-5.56583836047209,2.60895002072964e-08,6.47968314239398e-07,"RGS1"
928.589177772717,-0.00800177884009726,0.00143786700572165,-5.56503404574699,2.62101232809163e-08,6.49782729614005e-07,"HNRNPK"
5.35617458545469,0.0921978623496044,0.0165710113224493,5.56380419731539,2.63956107315212e-08,6.53195729334382e-07,"MALINC1"
4.32552912796431,-0.109277385187675,0.0196602338400876,-5.5582952917303,2.72422216069659e-08,6.72927210038253e-07,"OSBPL5"
70.6689065929346,-0.0284571109023615,0.00512036939454224,-5.55762850482891,2.73464641193437e-08,6.74282851751328e-07,"ENSG00000272449"
25.0382228160404,0.0375073582576287,0.00675358143462302,5.55369897005208,2.7968697329798e-08,6.8838271265773e-07,"SPNS3"
229.591058109248,-0.0205652565388667,0.00370520817673408,-5.55036466452844,2.85074324753615e-08,7.0038044534791e-07,"CRTC3"
116.561477297162,0.0248958606702443,0.00448711552051236,5.54829947132754,2.88461479207944e-08,7.07316717822252e-07,"ULK4"
9.23453689428887,-0.0749661234772973,0.0135122454728086,-5.54801373525635,2.88933183414946e-08,7.07316717822252e-07,"ENSG00000289976"
2.44837379317579,-0.130987975675336,0.023620756886069,-5.54546055857293,2.93181421109287e-08,7.15153252205869e-07,"WASF1"
20.5525690129298,0.106950992306792,0.0192856459262806,5.54562666532466,2.92903202262996e-08,7.15153252205869e-07,"FUT7"
146.737953483002,-0.0296199513225169,0.00534278405853463,-5.54391699121765,2.95779095677328e-08,7.2020364473303e-07,"BAZ2B"
54.550903615806,0.0269296389595642,0.00486366554189174,5.53690189582604,3.07868883317671e-08,7.48307641658253e-07,"ARHGAP35"
563.75812337529,-0.0375610668944173,0.00678481475521138,-5.53604899316769,3.09371059986015e-08,7.50623211262694e-07,"TXK"
34.5980338766134,-0.0365560116313184,0.00660609874505994,-5.53367623495714,3.13587588878232e-08,7.59504692212171e-07,"CPLANE1"
364.418307564181,0.0169737274462003,0.00306764852489719,5.53313957203399,3.14548972321956e-08,7.60484772020871e-07,"BLTP1"
10.6161204651315,-0.0733744158635243,0.0132667758259859,-5.53068935707831,3.18974761639241e-08,7.69822481270676e-07,"TCF4"
26.9487250930098,-0.0518490758253497,0.0093855792424448,-5.52433413921545,3.30737504542397e-08,7.96803229638297e-07,"FRMD4A"
251.979087311572,-0.0281518119669619,0.00510180009238157,-5.5180154959424,3.42849207537499e-08,8.24528199817294e-07,"NUCB2"
53.0624930212336,0.0332608131624235,0.00603611313674308,5.51030313861382,3.58216241720532e-08,8.59970801740329e-07,"ENO2"
52.174218447267,-0.0298099467891543,0.00541259178210388,-5.50751802264443,3.63928162776618e-08,8.7215064974186e-07,"NANS"
21.2602030852422,0.0387432642864981,0.0070356288518128,5.50672372044121,3.6557329973949e-08,8.74558892196398e-07,"SLC4A5"
29.8072095991401,0.0890625972630136,0.0161933293459871,5.49995589912983,3.7988625199682e-08,9.07210874523875e-07,"KANK1"
97.0166073124213,0.022391036142179,0.0040716420151843,5.49926443893557,3.81378821571494e-08,9.09185811983701e-07,"SCMH1"
38.6145283265509,0.0362777046030535,0.00659893668364426,5.49750760497056,3.85196707853095e-08,9.16687635761895e-07,"SLC2A13"
6.94021735121615,0.109894500084892,0.0199975464164117,5.49539917530596,3.89827617003713e-08,9.26094825786213e-07,"NLGN4Y"
6.43489475279138,-0.0779882310420389,0.0142359839224341,-5.47824663661915,4.29561108677853e-08,1.01871610148255e-06,"CNN3"
31.1800665368795,-0.0289080245157513,0.00527743187227657,-5.47766891461188,4.30965538673934e-08,1.0202754347116e-06,"KAT2A"
22.0086942183132,0.0972243060047741,0.017751700202052,5.47690107979266,4.32839020975195e-08,1.02293789386179e-06,"MT1E"
66.078565706693,-0.0222557465321676,0.00406504604379539,-5.47490638295161,4.37742967751406e-08,1.03096016198004e-06,"RAB43"
232.403545629055,0.0354355899576937,0.00647210026238052,5.47512994563222,4.37190671696498e-08,1.03096016198004e-06,"ENSG00000290067"
2.60534594819468,0.128982186018671,0.0235799886955134,5.46998506590517,4.50073501366111e-08,1.0581762527816e-06,"SH3RF2"
10.8746157500622,0.0619422536346847,0.0113277969833168,5.46816417401468,4.54720614167429e-08,1.06726522156823e-06,"CAPS2"
171.940606749399,0.0465770335172185,0.00852320955179103,5.46472936447174,4.63613573111331e-08,1.08469523655504e-06,"SNED1"
174.648614263708,-0.0175663343219027,0.00321452033444572,-5.46468290577221,4.63735005964967e-08,1.08469523655504e-06,"GNL3"
50.2194494037661,0.0253926375704453,0.00464869015400393,5.46232093971128,4.69949465274633e-08,1.09735208472675e-06,"CTSZ"
352.296004803293,-0.0182715893585966,0.00334659983361481,-5.45974728590739,4.76812790597423e-08,1.11147827978853e-06,"SLC25A5"
450.298614792093,-0.0135524931795788,0.00248292185689417,-5.45828421540873,4.80757667272465e-08,1.11876486114853e-06,"TRA2A"
159.085204196804,-0.0233002475467791,0.00427348606961497,-5.45228115108338,4.97277521842459e-08,1.15523995720544e-06,"ADSL"
6.67618651130165,0.0677588874359969,0.0124297420630519,5.45135104914318,4.99885811891939e-08,1.1593277063572e-06,"RXRA"
71.0615126758738,-0.0273177660027597,0.0050153805608309,-5.4467982382246,5.12845798651017e-08,1.18736840840218e-06,"IFT80"
79.616720221036,0.028912572696209,0.00531171521755393,5.44317071078283,5.23404426301174e-08,1.20976386857429e-06,"LINC02328"
110.994693572434,0.0448677607791512,0.00825345736426939,5.4362382694786,5.44171756948706e-08,1.25563956079718e-06,"C12orf75"
1.17429418644261,-0.23743223251358,0.0436813644487233,-5.43554981649663,5.46277197188139e-08,1.25837209335413e-06,"ARPP21"
74.7521738093265,0.0329811496913599,0.00607224971241099,5.43145477432362,5.58964829010363e-08,1.2832705150053e-06,"C1orf112"
2.30135258851622,0.13815979403727,0.0254368647653421,5.4314788914361,5.58889277855796e-08,1.2832705150053e-06,"NEO1"
141.163532893295,-0.020962356529619,0.00386044008042257,-5.43004323158007,5.63404021764795e-08,1.29129176800455e-06,"SNX29"
118.567653185378,0.0331646080701183,0.00611039199062906,5.42757455184215,5.71250085927956e-08,1.30708143614336e-06,"ELK3"
1.9712894499293,-0.173756661557956,0.0320346108928221,-5.42402909588295,5.82703905366845e-08,1.33105942262727e-06,"REG4"
1324.29283891357,0.021115826859646,0.00389389809448259,5.42279904283213,5.8672942218613e-08,1.33578731784376e-06,"RPL36AL"
74.4638512560639,0.0263272019368767,0.00485465442916742,5.42308465432664,5.85792324318253e-08,1.33578731784376e-06,"PSTPIP1"
790.016772448199,-0.0209030017466756,0.00385740941677419,-5.41892225797385,5.99593813663256e-08,1.36280390925792e-06,"ATM"
20.8459276574362,-0.0729459263510964,0.013473891978339,-5.413871988017,6.16762672573734e-08,1.39949802447794e-06,"KLRK1"
215.313881254025,0.0227522878894161,0.00420558635310393,5.41001562662571,6.30192498311715e-08,1.42760025322355e-06,"PHTF2"
355.861468821371,0.0136519706000239,0.0025243179124902,5.40818196173888,6.36677227188734e-08,1.43990247076128e-06,"PKM"
541.055758887597,-0.0211669136069993,0.00391605979270599,-5.40515587796297,6.4752055525545e-08,1.46200508839495e-06,"RAPGEF6"
43.5048221710021,0.0313916495471407,0.00581786169892546,5.39573664202753,6.82429827868694e-08,1.53828241727498e-06,"ABCC4"
94562.7519290013,0.0127418785039506,0.00236270722892282,5.39291468192599,6.93238736452647e-08,1.56007267544368e-06,"MALAT1"
194.770756322783,0.0411154398825072,0.00762815904815224,5.38995577084442,7.04750264359279e-08,1.58336983735983e-06,"CYTOR"
48.8750205041618,0.0288820160077503,0.00535964617949459,5.38879154341375,7.09330220361244e-08,1.59104282596627e-06,"SLC16A1-AS1"
9.95837723383812,0.0569072306593872,0.0105625636312706,5.38763435146678,7.13911062315179e-08,1.59869264118448e-06,"LINC02614"
42.0918825567038,0.0272661847624335,0.00506386456054004,5.38446169648852,7.26617746353722e-08,1.62448419233909e-06,"LTBP4"
9.98859189675826,0.0684684561669077,0.0127366188487702,5.375716819344,7.62785979232577e-08,1.70255824776422e-06,"HHAT"
132.620761148539,0.0377301483456845,0.00702017252628707,5.37453291986825,7.67814550371306e-08,1.7109864205664e-06,"FAS"
104.786344037716,-0.0187577172288374,0.00349049986839075,-5.37393437504567,7.70369052135809e-08,1.71388294009367e-06,"TMEM263"
481.140218093066,0.0243835237687625,0.00453895049604133,5.37206206369263,7.7841305736208e-08,1.72896298594569e-06,"SORL1"
3.63051417145053,-0.104886893786364,0.0195629519387549,-5.36150649016212,8.2530756902719e-08,1.83014633001809e-06,"PHGDH"
5.56999290763178,0.0739255916907753,0.0137968543453734,5.35814830251978,8.40792136861108e-08,1.86146200802638e-06,"TMEM220"
203.976555068053,0.0581703318979717,0.0108812439371486,5.34592664533306,8.99556366899883e-08,1.98833980127061e-06,"ANXA1"
8.52826648947657,0.0804828255321675,0.0150646964042919,5.34247908967076,9.16839503773548e-08,2.02326779023371e-06,"IRAK3"
544.039917900927,-0.0310531894995005,0.00581795101655377,-5.33747867782748,9.42479820964993e-08,2.07649586360997e-06,"PRKCQ-AS1"
71.2419463666175,-0.071176623474447,0.0133392043062062,-5.33589724248631,9.50732359451072e-08,2.09130499679576e-06,"NOG"
52.4596665240356,0.0248132633555905,0.00465877743367186,5.32613195390054,1.00326260124689e-07,2.20330661302773e-06,"CBX7"
16.1737293064766,-0.042868130280351,0.00805647034811103,-5.320956750049,1.03222942899408e-07,2.2632831460769e-06,"HYKK"
29.4896135579069,0.0362896128093132,0.00683503390704454,5.30935373589168,1.1001462975226e-07,2.40833308079467e-06,"EOGT"
31.9369684422869,0.0337967475627263,0.00636764542474118,5.30757372755253,1.1109407499738e-07,2.42807210314273e-06,"GLCE"
174.239397620016,-0.0188715582528763,0.00355679178805167,-5.30578098956241,1.1219159665921e-07,2.44814250856997e-06,"C17orf49"
187.347106940147,0.0163253179113359,0.00307765320370259,5.3044696172056,1.130010615304e-07,2.46187320654747e-06,"STXBP5"
20.0076553707183,0.0475618378964133,0.00897046899334283,5.3020458497443,1.14512070595595e-07,2.48846393521949e-06,"HLA-F-AS1"
248.628703409374,-0.0235508683483153,0.00444194406346601,-5.3019281674472,1.14585930838438e-07,2.48846393521949e-06,"MAPK8"
5.91412141833754,0.0868154693499739,0.0163837478038193,5.29887730142768,1.16516897291829e-07,2.52638224921648e-06,"GNA15"
106.153746468297,0.0194034486754481,0.00366753230512447,5.29060061675164,1.21915329245316e-07,2.63924468699052e-06,"PYM1"
30.3864382969312,0.0367315443750617,0.00694489628317288,5.28899826251694,1.22988059437912e-07,2.65825457582576e-06,"TSPAN18"
97.580888520157,0.0393277267066843,0.00744576608861532,5.28189124377906,1.27857093749888e-07,2.75912780509237e-06,"ABCD2"
177.445878417797,-0.0183909424751432,0.00348257704941864,-5.28084295456242,1.28590878709747e-07,2.77058580942452e-06,"MEF2A"
171.323890356123,-0.0448849335283436,0.00850018252737013,-5.28046702336291,1.2885501545778e-07,2.77190474197367e-06,"THEMIS"
230.177500155246,-0.0286464546158204,0.00542696618714781,-5.27853935844693,1.30217698766461e-07,2.79681409614757e-06,"TSPAN14"
608.410532228402,-0.0242255363443232,0.0045896927840151,-5.2782479099027,1.30424935771727e-07,2.79686753946906e-06,"SSH2"
173.699989757863,0.0219917902423191,0.00417441032073225,5.26823875772264,1.37738884917202e-07,2.94908020057834e-06,"OGDH"
91.1311923727838,-0.0502224691785619,0.00953803181119876,-5.26549608689655,1.39811297782568e-07,2.98876733600921e-06,"FANCC"
154.912703694387,-0.0233451446601443,0.00443840279491303,-5.25980757918158,1.44206225083998e-07,3.07790161663659e-06,"REXO2"
67.605712511044,0.034929263245139,0.00664840674164269,5.25377952981689,1.49009239685668e-07,3.17545431217819e-06,"TCEAL4"
297.907224529162,0.0163491586320432,0.00311403008283857,5.25016078750925,1.51966505035323e-07,3.23343062115656e-06,"FBXL17"
315.824019165707,-0.0160940843253029,0.00306621519317794,-5.24884370839686,1.53056857155746e-07,3.24148320736044e-06,"SENP7"
19.1052389044831,0.0382915768548812,0.00729472099104282,5.24921746861866,1.52746670952134e-07,3.24148320736044e-06,"LSS"
51.9159919654931,0.0259948343954041,0.00495234419885657,5.24899590004386,1.52930478799153e-07,3.24148320736044e-06,"PRR5"
780.710219702019,0.0153367825192873,0.00292292832612596,5.24706075828232,1.54544943198532e-07,3.26793177104016e-06,"CYBA"
92.3161899341425,0.017812069776407,0.00339536865905102,5.24598992481286,1.55445397090495e-07,3.27682735224717e-06,"PTPN18"
612.679842904031,-0.0362312011270414,0.00690627482265863,-5.24612791373018,1.55329079359529e-07,3.27682735224717e-06,"TGFBR2"
86.9998012533602,-0.0232955120483111,0.00444451655392973,-5.24140517098845,1.59358367720201e-07,3.35413760101378e-06,"IL4R"
12.3232931864597,-0.0686347280679097,0.0130998466326638,-5.23935355829073,1.61140057216139e-07,3.38642027934225e-06,"CHST2"
112.461571471146,-0.0449217009122093,0.00858085624540869,-5.23510703681177,1.64889280298213e-07,3.45988873866911e-06,"TMEM156"
66.8194099113583,0.020687385591813,0.00395390000108151,5.23214688943938,1.67552517300667e-07,3.51037942688208e-06,"SACS"
45.0506616139913,-0.0329051495422548,0.00629891173056534,-5.22394199978755,1.75153662992529e-07,3.66401077561707e-06,"MTHFD2L"
16.3747470949507,0.0786250137765971,0.0150537107960524,5.22296560906533,1.76080102046246e-07,3.6777587063482e-06,"ADAM12"
3.66782449786694,-0.127100192169825,0.024353530771521,-5.21896366330814,1.79927055575331e-07,3.75237187657865e-06,"LINC02752"
440.683024990816,-0.0137423758521369,0.00263348751450133,-5.21831820977482,1.80555071968917e-07,3.75972909008445e-06,"CNST"
14.2507247014942,-0.0729598726915735,0.013997179310447,-5.21246967502366,1.86343036721895e-07,3.87434685178248e-06,"ZNF667-AS1"
76.4227853722298,0.0321451048323782,0.00617176558746321,5.20841311563662,1.90462498587995e-07,3.94797834705921e-06,"LIMA1"
206.687801257483,-0.0270026309599189,0.00518426679435669,-5.20857278975545,1.90298697175481e-07,3.94797834705921e-06,"RNF138"
168.552459624528,0.0217773351670359,0.00418307169301443,5.20606309554849,1.9288908316972e-07,3.99221950923996e-06,"PPP3CA"
583.322572075698,0.0173261629106455,0.00332879020436679,5.20494289123917,1.94056275270358e-07,4.01030063569303e-06,"CDKN1B"
162.93564315921,-0.0142829995708583,0.00274475040404017,-5.20375169626873,1.95304924499908e-07,4.03000795871411e-06,"MRPS35"
475.472315481373,0.0171749557393555,0.00330589265310064,5.19525512216705,2.04439280602562e-07,4.21212756113272e-06,"ADK"
34.1093151176654,-0.033255170711656,0.00640148807883379,-5.19491254254031,2.04816103548347e-07,4.21353610613015e-06,"ZBTB18"
15.1655858951935,0.0595081182340422,0.011458432806903,5.19339068761585,2.06498208822101e-07,4.2378667495375e-06,"SUGCT"
67.0152468114384,0.0345288930873361,0.0066487619217413,5.19328162051154,2.06619271975986e-07,4.2378667495375e-06,"NPC1"
1670.24575598821,-0.023183181436017,0.00447697701339264,-5.1783114737167,2.23903182788784e-07,4.58548347360538e-06,"SELL"
11.8512717250118,0.0455702950506841,0.00880278772356588,5.17680267680296,2.25720725821101e-07,4.61578609987462e-06,"PCBP4"
1363.97008311474,-0.0108938902715868,0.00210534019624189,-5.17440853076042,2.28634080680865e-07,4.66377040948759e-06,"NCL"
41.1976174191299,0.0351692544474513,0.00679689244458541,5.17431381093401,2.28750085970475e-07,4.66377040948759e-06,"ENSG00000227598"
440.888426379044,0.0120086175158165,0.00232127070770109,5.17329472860553,2.30001779619935e-07,4.68230150463235e-06,"PEBP1"
5.46348552195863,0.0849483472188828,0.0164261610150979,5.17152773193952,2.3218780477002e-07,4.71275692891304e-06,"FLT4"
34.0101437861771,-0.0363887932619959,0.0070361639584054,-5.17168068810077,2.31997785491976e-07,4.71275692891304e-06,"P2RX5"
83.8218169181205,0.0266861602305306,0.00516285401197265,5.16887755660831,2.35504121818419e-07,4.77297671222494e-06,"MIB1"
1366.51141405665,0.0191839271230206,0.00371254499722916,5.16732514685706,2.37467947399402e-07,4.80564764663087e-06,"S100A10"
83.2719257559177,0.0205938034217631,0.00399128205459739,5.15969634319426,2.47350697912403e-07,4.99824043414709e-06,"DTD1"
299.691059839681,0.0142577302535925,0.00276547669008608,5.15561396872549,2.52801225591961e-07,5.0933108282982e-06,"ANKRD36C"
4.25244934012474,0.0931412447667923,0.0180653585431744,5.15579275906394,2.52560105654159e-07,5.0933108282982e-06,"SLC22A17"
45.5940169218445,-0.0680644681057986,0.0132036308147224,-5.15498116093225,2.53656429451714e-07,5.10301447173847e-06,"AOAH"
16.1739334968957,0.0497952762781939,0.00966501122535452,5.15211779036163,2.57561169803844e-07,5.17394938164781e-06,"EPN2"
9.73141248844334,-0.0740529043461407,0.0143782587103182,-5.15033884409092,2.60016269059813e-07,5.21559799611902e-06,"TTC24"
11.5243447530472,-0.0684691056695182,0.0132966204513556,-5.14936151783875,2.61374668368643e-07,5.22772033657e-06,"MYO5C"
200.270673557212,0.0157248328856688,0.00305374903305654,5.14935337365611,2.613860168285e-07,5.22772033657e-06,"MED15"
16.4533680359056,0.052060005510264,0.0101107179564718,5.14899196420969,2.61890099997926e-07,5.23014439469543e-06,"EML5"
32.2193772510509,-0.0310497359887774,0.00604727351689137,-5.13450167286938,2.82892577935643e-07,5.64133228408889e-06,"NPM3"
12.7265597073448,0.0493975453408027,0.00962154343411948,5.13405626436517,2.83563263888738e-07,5.64646382612268e-06,"RALGPS1"
3.43209231611608,0.102597409220532,0.0199941933279412,5.13136026734101,2.87655730611745e-07,5.71961758392494e-06,"PHLDA2"
90.7348627830653,-0.0226340570320284,0.00441151043310214,-5.1306819682873,2.88694320409197e-07,5.73192502440353e-06,"KLHL6"
3.62944296817276,0.104092902570273,0.0203064249006418,5.1261067903185,2.95794871610911e-07,5.86438018317132e-06,"SRXN1"
95.7686048252395,0.0181550627092941,0.00354466831418898,5.12179450941038,3.02641597867749e-07,5.99142641575863e-06,"HIPK3"
115.405454483332,0.0217486390768328,0.0042466884760841,5.12131728035002,3.03408645298343e-07,5.99791909518867e-06,"EFHD2"
15.1139191279008,-0.0714630077761703,0.0139706393441141,-5.11522815928092,3.13361944374006e-07,6.18572855512851e-06,"TENM1"
10.1642710954752,0.0506583445470506,0.00990623436899617,5.11378417470088,3.15768125959644e-07,6.22423174691015e-06,"CATSPER2"
195.010412999994,0.0155504819100452,0.00304641144469111,5.10452451757445,3.31627279451316e-07,6.52741878574203e-06,"TBCB"
427.483617525787,0.0192685902714129,0.00377516471851799,5.10403961366146,3.32478628750641e-07,6.53475981112771e-06,"PAG1"
27.0006156487197,-0.0672132038659013,0.0131779449933868,-5.10043135706149,3.38880267616796e-07,6.65101214891586e-06,"ENSG00000290109"
348.832246568158,0.0187716765631028,0.00368222372911292,5.09791852534312,3.43408553766612e-07,6.73021641958668e-06,"ANKRD36"
171.220887572375,-0.0159109150240448,0.00312149825962611,-5.09720451548501,3.44705865854129e-07,6.74596293347765e-06,"TFAM"
99.8980862546892,0.0173933171604231,0.00341283573715711,5.09644134672352,3.46097726888517e-07,6.76351208769263e-06,"MEI1"
2.21294369679024,-0.118297549552613,0.0232215284346758,-5.09430504910105,3.50022796894214e-07,6.83044486510709e-06,"PDE6G"
27.5702813338512,-0.0458875883377145,0.00900916993596597,-5.09343132207156,3.51640465818653e-07,6.85222362779287e-06,"ENSG00000274292"
40.8213356886485,-0.0445684732136918,0.00875312384105829,-5.09172199810933,3.54826100910437e-07,6.9044509094538e-06,"IKZF4"
28.2867347690831,0.0322105303727056,0.0063270183124627,5.09094944600661,3.56275014869628e-07,6.92278336147811e-06,"SLC9A7"
30.1933144039847,-0.0391199760743576,0.00768493764116458,-5.09047410675272,3.57169345028836e-07,6.93030291632657e-06,"ZNF814"
340.40592418108,0.0104719276012559,0.00206119712758567,5.08050756577653,3.76427741787606e-07,7.29362120967191e-06,"KRTCAP2"
25.3202081242975,0.0471438965760015,0.00928281674273033,5.07861976408415,3.80186739671166e-07,7.35602105369423e-06,"LINC00513"
124.577740091314,-0.0194135141620982,0.00382293724873827,-5.07816710004995,3.81093456047084e-07,7.36313523281919e-06,"NT5C2"
159.665935290953,0.0307718335618266,0.00606066624295753,5.07730211964457,3.82831876940874e-07,7.38627604380275e-06,"ANTXR2"
764.125618938248,0.0237841248196351,0.00468799257116656,5.07341350451771,3.90742127285106e-07,7.52826157787665e-06,"EZR"
4.61584112223703,0.0811982383682856,0.0160144080221927,5.07032406416532,3.97138893052535e-07,7.64072856210933e-06,"ENSG00000289600"
19.953007352494,0.0969143396320127,0.019119380295367,5.0689059025358,4.00108960438083e-07,7.68704416256569e-06,"SYDE2"
29.3138978080888,-0.109581789907376,0.0216244116361972,-5.0675038817679,4.0306628623906e-07,7.73298521071005e-06,"GNG8"
36.364467370762,0.0344552409570796,0.0068010664482586,5.06615267167428,4.05936387311345e-07,7.77712629827907e-06,"TFAP2E-AS1"
85.5628736052893,0.0263271312742162,0.00519786500150649,5.06498942673306,4.08423018930562e-07,7.81380733696286e-06,"C7orf50"
4.34832541677122,0.0851909172118115,0.0168266737823365,5.06284951582287,4.1303587821e-07,7.87998616808464e-06,"ENSG00000290100"
158.703104117867,-0.0191359417664851,0.00377954384086171,-5.06302944805167,4.12646083033381e-07,7.87998616808464e-06,"OXR1"
6.67411993720411,-0.0702851609056062,0.0138861358587077,-5.06153487339905,4.15894646255416e-07,7.92346006673499e-06,"TLR2"
10.3919670078896,0.0576895891376519,0.011400622510656,5.06021395618796,4.18786282237414e-07,7.94530641022649e-06,"HYI"
58.0115513654878,0.0310233382538709,0.00613069845395569,5.06032689209396,4.18538296486135e-07,7.94530641022649e-06,"DAPP1"
31.7147013526478,0.0892725055729187,0.0176410169548164,5.06050789484364,4.18141144373096e-07,7.94530641022649e-06,"NEDD4L"
97.0977177196407,-0.0160507976904486,0.00317354133851392,-5.05769296137946,4.24358952041393e-07,8.03986585975787e-06,"CISD2"
45.9292148818869,0.0275415298671697,0.00544817923068943,5.05518058437377,4.29983713651632e-07,8.13514893141453e-06,"VIM-AS1"
18.0183470172366,0.0741076467554417,0.0146770561154618,5.0492173752318,4.43623719202203e-07,8.37002763025151e-06,"LINC02725"
410.330122447045,0.0182588073127035,0.00361602233785417,5.04941773217549,4.43158729220078e-07,8.37002763025151e-06,"MBP"
6.90407634529141,-0.0952640246720639,0.0188695709824339,-5.04855276046008,4.45169534922136e-07,8.38760806487776e-06,"UNC45B"
4.82563450617435,0.0990338811806909,0.0196195986227565,5.04770169282786,4.47156606560181e-07,8.41344248706897e-06,"DBNDD1"
13.6613722382254,-0.0510648967967225,0.0101232406923735,-5.04432309262321,4.55129693911788e-07,8.55168035603166e-06,"ENSG00000288960"
145.750410300266,-0.0205200856799226,0.00406834233303413,-5.04384439659946,4.56270390979443e-07,8.5613372812901e-06,"SLC7A6"
18.5476017759497,0.0717020533257364,0.0142308759771169,5.03848487198065,4.69231500130928e-07,8.79245856212412e-06,"PDE4A"
55.1640760562351,-0.023865883330022,0.00473758586432844,-5.03756217058138,4.7149843799405e-07,8.82283378492976e-06,"SPIN1"
12.5854725075943,-0.0530039355822238,0.0105230002476645,-5.03696040432835,4.72982573929039e-07,8.83849789311994e-06,"AEBP1"
9.57972462429328,-0.101973129226967,0.0202707233739458,-5.0305619264695,4.89044395350909e-07,9.12615633947188e-06,"SYNM"
4.34747906452436,-0.0965111137745131,0.0191861447542128,-5.03025047558457,4.89839495183936e-07,9.12852319810719e-06,"ENSG00000222012"
8.98363799597282,-0.0518915135578445,0.0103259768408687,-5.02533700758124,5.02549235843547e-07,9.3526192937641e-06,"NCKAP5L"
267.168344016108,-0.0186956652290928,0.00372108647572733,-5.02424906033351,5.05406145628393e-07,9.3929904071889e-06,"TCP11L2"
333.480407981881,0.0249624385995249,0.00496969524859959,5.02293145773056,5.08887095779974e-07,9.44483387004681e-06,"PARP8"
19.0214903907628,-0.06898555590911,0.0137370055963631,-5.02187725157322,5.11688821630388e-07,9.48394749453337e-06,"USP18"
120.607462121863,-0.01994481979795,0.00397941493909958,-5.01199802060927,5.38677583192681e-07,9.97064469703527e-06,"AP1M1"
329.202603930881,-0.0128793910182364,0.00257117001037779,-5.00915574086987,5.46693213595894e-07,1.01053170469823e-05,"KLF13"
2848.95387583784,-0.0168753125116178,0.00337708066506189,-4.99701197137632,5.82254552581903e-07,1.07481043084713e-05,"LTB"
4.51361093924024,0.0846939378741307,0.0169564479520349,4.99479243021335,5.88990814870338e-07,1.08577793942359e-05,"PRELID2"
16.8847214097854,0.0559871373081972,0.0112115551086583,4.99369951497275,5.92335333039952e-07,1.09047178562342e-05,"NR1D1"
102.660491611266,-0.0177893398947254,0.00356294775508257,-4.99287138559604,5.94881742241297e-07,1.09368567954457e-05,"FBH1"
6.72986464657326,0.0643576903397388,0.012897237099064,4.99003700136748,6.03677279277829e-07,1.10836446706118e-05,"SNTA1"
7.57062563890291,0.069417856343817,0.0139162603135979,4.98825509005368,6.09270860855061e-07,1.11713288044029e-05,"ENSG00000250101"
47.8378198127328,0.0237322410557068,0.00476416690624621,4.98140420407855,6.31245313197154e-07,1.1542391589122e-05,"TMEM120A"
13.4659510022304,0.0681746343312133,0.0136864980711339,4.98115982458655,6.32043111907996e-07,1.1542391589122e-05,"LINC02391"
35.6276934125378,0.0346750254944641,0.00696106629619402,4.9812807433572,6.31648240380823e-07,1.1542391589122e-05,"SNTB2"
148.757727659635,0.0229075584416896,0.0046007775978269,4.97906233339982,6.38930640642139e-07,1.16370567348955e-05,"NAAA"
45.2629463916091,0.0247847604157456,0.00497771890054487,4.97914022686831,6.38673573697243e-07,1.16370567348955e-05,"TMEM192"
99.6936025061018,0.020869266629739,0.00419548693005699,4.97421800559764,6.55115517058796e-07,1.19159493515621e-05,"SH3BP1"
6.14195093003865,0.127879448410202,0.0257139949233648,4.97314589939523,6.58750445362868e-07,1.19661317601819e-05,"LINC02195"
110.902258888315,0.020169449258055,0.00405641792159888,4.97223157176691,6.61865781591805e-07,1.20067550817318e-05,"PPP3CB"
11.4410078579029,-0.0707924837415867,0.0142423211462582,-4.97057207281031,6.67556403898461e-07,1.20939263624045e-05,"CACNB2"
48.70916783029,0.0242505308554196,0.00487930334755479,4.97008058897844,6.69250791351163e-07,1.21085639865654e-05,"ARNT"
323.21207773996,0.0169080022497958,0.00340300119982705,4.96855606476282,6.74532985419293e-07,1.21879901862798e-05,"WNK1"
37.7013606612595,0.0281436665066961,0.00566568704623691,4.96738811674902,6.78606864263955e-07,1.22454025968899e-05,"MIR29B2CHG"
995.228727320462,0.0254769699329258,0.00512959626719865,4.96666182012003,6.81152179327346e-07,1.22751171103055e-05,"CD74"
11.2775500451628,0.0578508464386361,0.0116516130907844,4.96505041730162,6.86832248350693e-07,1.2361170635666e-05,"ENSG00000290797"
188.414368085833,-0.0164538638865654,0.00331554306412654,-4.96264520421787,6.95395421866571e-07,1.24988177140755e-05,"QKI"
9.57237858512937,0.0617883227129966,0.0124642149831363,4.95725746038514,7.14952081104943e-07,1.2816595049729e-05,"RAB11FIP5"
25950.3471242122,0.00856622604481543,0.00172799564273482,4.95731923910298,7.14724859846054e-07,1.2816595049729e-05,"B2M"
1.95942114347825,-0.12976434566731,0.0262015227844212,-4.95254977105622,7.32473134898857e-07,1.31134770939953e-05,"LINC01953"
136.780731891936,0.0501078500643675,0.0101305047620913,4.94623429346511,7.56628847285763e-07,1.35282068768633e-05,"ENSG00000249806"
16.9725444693585,0.036554303202148,0.00739955229625058,4.94006957970557,7.80946985126965e-07,1.39447527017442e-05,"PIAS3"
47.4841548529058,-0.0270081863124462,0.00547255874741258,-4.93520262806053,8.00675892293651e-07,1.42783716563071e-05,"ZNF586"
89.4918974077124,0.0175044170568564,0.00354824106768466,4.93326601066554,8.08659030035451e-07,1.43831801435993e-05,"PEX1"
19.8125106779476,-0.0445675071633101,0.00903366983103436,-4.93348860395611,8.0773756970937e-07,1.43831801435993e-05,"ADAMTS10"
292.461399831114,0.0167661887522909,0.00340566988055862,4.92302229526158,8.52177393921003e-07,1.51375074134732e-05,"CD28"
10.655194118952,0.0727746550282473,0.0147914991801886,4.9200323876379,8.65298927434827e-07,1.5350627725662e-05,"ENSG00000271204"
309.354998033322,-0.0148484818699747,0.00302337823975081,-4.91122204782373,9.05105206247272e-07,1.60359755088687e-05,"SNRK"
7.44266912289896,-0.080287498465115,0.0163513379418164,-4.91014856098045,9.10074199814837e-07,1.61031263853247e-05,"TDRD12"
32.7685347940379,0.0325202804792562,0.00662495790851564,4.90875276919948,9.16574380689696e-07,1.61971617596653e-05,"GK"
99.9415725260061,0.0179072604894202,0.00365130183609629,4.90434954250875,9.37374387918037e-07,1.65433257609307e-05,"VRK2"
129.913186096637,-0.0251206573892755,0.00512469188112562,-4.90188639082782,9.49207288462161e-07,1.67305439488944e-05,"FLOT1"
16.6935147989703,-0.092949274621554,0.0189632631001741,-4.90154432444175,9.50861893188926e-07,1.6738110130104e-05,"CTSL"
251.006531050386,0.0314879058824545,0.00642556109999146,4.90041342576236,9.56351936107316e-07,1.68130855176653e-05,"CSGALNACT1"
1606.34971208418,-0.00966071670643072,0.00197195507167704,-4.89905517888642,9.62986000610206e-07,1.69079547150841e-05,"SERF2"
186.788718243757,-0.0147557699600095,0.00301316873523556,-4.89709380940326,9.72644120111081e-07,1.70556080625383e-05,"MAF1"
52.5999218624145,0.0255059284192844,0.00521306857127713,4.89268999065474,9.94670183768903e-07,1.7419480397799e-05,"PTER"
5.32636479896692,-0.123535267008188,0.0252969973373115,-4.88339645061281,1.04273920237741e-06,1.82379225409417e-05,"MPPED2"
27.5396739295155,-0.0346676367312726,0.00710122126319577,-4.88192600207349,1.0505468086406e-06,1.83509838951797e-05,"BMP2K"
305.89702154596,-0.0354372436328151,0.00726074960705648,-4.8806590986659,1.05731875072553e-06,1.8445688550333e-05,"PDE4D"
53.2611171545609,-0.026319169489173,0.00539491737897016,-4.87851205873279,1.06889130165577e-06,1.86237948732371e-05,"PDCD4-AS1"
79.8919850337774,-0.0717898654294061,0.0147171693570285,-4.87796693017744,1.07184889410079e-06,1.86515361699576e-05,"ST6GALNAC3"
31.3637203090856,-0.0366023211093882,0.00750567586063811,-4.87661894664825,1.07919622806e-06,1.87554967879131e-05,"EPB41L2"
589.087989650108,0.00956608930838278,0.00196225945713394,4.87503794343024,1.08787543066001e-06,1.88823105245435e-05,"KMT2A"
65.489834548184,0.0232372837432592,0.00477041158769937,4.87112764088893,1.10963123297544e-06,1.92354855868586e-05,"ABHD14A"
12.0674705959109,0.0480684942141571,0.00986878496018265,4.87076113301667,1.11169170365884e-06,1.92467790519389e-05,"TNFRSF14-AS1"
148.43217587557,0.0141481956061955,0.00290745515827071,4.86617843991463,1.13776800424955e-06,1.96236249217789e-05,"SDF4"
47.9378127933187,-0.034841414771016,0.00715983414469462,-4.86623210355134,1.13745927090224e-06,1.96236249217789e-05,"ADA"
83.7217446223648,0.0341236392979913,0.00701240391942724,4.8661827940993,1.13774295109669e-06,1.96236249217789e-05,"NCF4"
167.791866160785,0.0159380405819752,0.00327625133153316,4.86471853626589,1.14619800754687e-06,1.97440917819549e-05,"SRI"
288.370423753736,-0.0139074483007358,0.00286230569960618,-4.85882702977856,1.18083237201389e-06,2.03150758207931e-05,"AGTPBP1"
6.81320582680962,-0.0783916132433867,0.0161500358474363,-4.85395908615465,1.21020714757227e-06,2.07942511142607e-05,"NDUFA4L2"
53.7597243274204,0.0434581020327262,0.00896150978633156,4.8494174607732,1.23824579954713e-06,2.1249293494741e-05,"ST8SIA1"
121.945668307521,-0.0233692425567653,0.00481956278677643,-4.8488304003185,1.24191542869211e-06,2.128552666993e-05,"UBE2F"
58.6416402875084,0.0253698395383854,0.00524532579840738,4.83665658024299,1.32041265877063e-06,2.26025525298331e-05,"SLC39A11"
207.581738715574,0.0124474942407846,0.00257539956868951,4.8332283627424,1.34336537442509e-06,2.2966672108444e-05,"ANXA7"
8.50431114807779,0.076752917079798,0.015884059816261,4.83207177306293,1.35119522053139e-06,2.30716583905735e-05,"DOCK3"
60.2329366310989,0.022303230399713,0.00461695352222964,4.83072447931904,1.36037143648892e-06,2.31993430991744e-05,"ZNF688"
220.289512205611,-0.0128208275164685,0.002654218600359,-4.83035855250748,1.36287404033299e-06,2.32130416345992e-05,"CDC40"
61.0713934609137,-0.0191065461449342,0.00395806530393816,-4.8272437864842,1.38435618041601e-06,2.35495708897668e-05,"DDX49"
3.0278931488918,0.10465284876712,0.0216856534758242,4.82590247436121,1.393707010479e-06,2.36791514466954e-05,"HLF"
225.976945460398,0.0142135880909628,0.00294576901555864,4.82508574701241,1.39943046841124e-06,2.3746857389438e-05,"PCSK7"
82.4772329682049,0.0269407170237221,0.00558426536365013,4.82439770844135,1.40426963684661e-06,2.37994084855145e-05,"PLEC"
14.1068524350318,0.0413382959300366,0.00857267680284666,4.82209896403767,1.42055431887585e-06,2.40455662897697e-05,"AGPAT2"
339.165515057282,0.0191263740819874,0.00396688586415774,4.82150854270883,1.42476618129707e-06,2.40870124214331e-05,"MAN1A2"
19.0553088872672,0.0713675489689185,0.0148043665455245,4.82070940012585,1.43048611973485e-06,2.41538200192559e-05,"LINC01943"
15.2995415841616,0.0479736053949254,0.00995989628091156,4.81667720645528,1.45968534699628e-06,2.46164220246533e-05,"PPP1CB-DT"
3.41375522046739,0.0847769068027685,0.0176088564835688,4.81444703021322,1.47608049046011e-06,2.48622188652098e-05,"KCNA2"
152.806799506793,0.0231716246509969,0.00481437038387605,4.81301246131823,1.48672014969266e-06,2.50105877399037e-05,"MYO1G"
211.008683354557,-0.0156725968731251,0.00325773141192389,-4.81089288569356,1.50257530935508e-06,2.51842683752029e-05,"MAGOH"
250.117733647189,-0.0247298163052093,0.0051403729647838,-4.81089922358375,1.50252765830262e-06,2.51842683752029e-05,"EEIG1"
218.300744772404,-0.0137760153189333,0.00286323483028855,-4.8113466535139,1.49916735213567e-06,2.51842683752029e-05,"C1QBP"
6.95668837193057,-0.0874262851123443,0.0181764301339885,-4.80987105101919,1.51027694355212e-06,2.52823321677965e-05,"EFNA1"
41.2791002997445,0.0401324541761013,0.00834489540510971,4.80922195280334,1.51518893562606e-06,2.53335139053268e-05,"TMTC2"
3.05022780581197,-0.144500556447923,0.0300535716296908,-4.80809929110612,1.52372085422418e-06,2.54450206218854e-05,"TPTEP1"
57.8815162398564,0.0199848124254173,0.00415705698849359,4.80744249615381,1.52873370972941e-06,2.54975610194184e-05,"PCYT1A"
1.36092307902557,-0.205393299644749,0.0427917640113352,-4.79983250025267,1.58798387074823e-06,2.64534874078302e-05,"DANT2"
65.0863175301689,0.0241746107043492,0.00503796506453541,4.79848716588482,1.59868549894641e-06,2.65993226743093e-05,"PCCA"
15.0778964785707,0.0417958469459807,0.00871569978075269,4.79546657151736,1.62296634123317e-06,2.69704625562592e-05,"SPSB1"
6.80725363995084,-0.0698853386783726,0.014577720616431,-4.79398257911479,1.63502478776833e-06,2.71378354810637e-05,"DAPK1"
16.5390507335982,0.0521666424533828,0.010883511722527,4.79318107825499,1.64157329542667e-06,2.72134602130198e-05,"HIP1"
245.64931901499,-0.022692291981485,0.00473627107890958,-4.79117254975815,1.65809452098893e-06,2.74540256444955e-05,"HIF1A"
31.149992986978,0.0445366459176089,0.00930305425081134,4.78731443640939,1.69027900543561e-06,2.7953040210957e-05,"FRMD4B"
6.52131847797193,0.0675505410438484,0.0141123366560891,4.78663049855053,1.69604673616379e-06,2.80145083627538e-05,"CSF2RB"
46.0065086069677,0.032140711951585,0.00671871224904911,4.78376075060124,1.72045452607832e-06,2.83833439930312e-05,"APPAT"
70.6346590580068,0.019182615126536,0.0040102811452458,4.78335917901344,1.72389678157193e-06,2.84058263404977e-05,"BTD"
20.2170774095396,0.0384752262814312,0.00804680641876391,4.78142809446899,1.74054261499906e-06,2.86455567721533e-05,"OTUD7B"
134.003689533648,0.0145699385087655,0.00305024802741324,4.77664058064206,1.78247954004041e-06,2.9300445868775e-05,"RNF169"
40.7448522290024,0.025040861302603,0.00524855143712434,4.77100426709788,1.83309656617525e-06,3.00962729494638e-05,"KIF3B"
133.362150081337,-0.0432706410234679,0.00907225292949107,-4.76955849442959,1.84630126544427e-06,3.02766810155687e-05,"RAB30"
51.8073996309408,-0.0346413800014232,0.00726906323883135,-4.7655906769897,1.88301187950569e-06,3.0841657402935e-05,"NME4"
194.887871561463,0.0224124923330383,0.00470556804848982,4.76297273827148,1.90761621251873e-06,3.12072304946177e-05,"SVIP"
7.39247100495739,0.0805163202515509,0.016913824965857,4.76038509409224,1.93223919072105e-06,3.15564566322992e-05,"AASS"
354.014242770573,0.0134073541206077,0.00281652623946028,4.76024470596691,1.9335837629015e-06,3.15564566322992e-05,"ISCU"
16.0554534910718,0.045879604390684,0.00963951393701046,4.75953504403696,1.94039434280579e-06,3.1592117667136e-05,"CRYBG3"
43.8008233311556,0.0262340403052128,0.00551169341720197,4.75970601400586,1.9387514508391e-06,3.1592117667136e-05,"ADAT1"
1236.57641620232,0.0129665785164205,0.00272580847074145,4.75696610954235,1.9652414689987e-06,3.19585696030026e-05,"CD48"
16.4029954299021,0.0412639157735058,0.00867540405674954,4.75642581066897,1.97050608609457e-06,3.2006079828837e-05,"ACACB"
90.8608261919402,-0.0214749285116088,0.00451860497074202,-4.75255718317026,2.00859936171532e-06,3.25860656544315e-05,"SETD1B"
27.0365924510592,0.0357526648121114,0.00752584649389757,4.7506502877918,2.02763532335894e-06,3.28558701270262e-05,"PHF7"
6.52756313790597,-0.0711675896561083,0.0149897213185358,-4.74775935748084,2.05682548857585e-06,3.32893793530167e-05,"LIPN"
7.48842666088379,0.0704016742570086,0.0148293337860498,4.74746035612445,2.05986748019916e-06,3.32991595023912e-05,"GPAT3"
3.32464661242158,0.0800266511797641,0.0168618913999193,4.74600679613837,2.07471743749754e-06,3.34995747000195e-05,"B3GNT5"
580.573607573523,-0.0213948504021774,0.00450954222755933,-4.74435082821184,2.091760553553e-06,3.37348868495089e-05,"TUBA1A"
15116.9211127063,-0.0128292697364699,0.00270574208943193,-4.74149764184041,2.12144127547813e-06,3.41732167724425e-05,"TMSB4X"
6.54983456817416,-0.0628586522569498,0.0132601298364029,-4.74042509632028,2.13270286408787e-06,3.43141591559956e-05,"PDIA5"
41.7777340634742,0.0241001905268281,0.00508599505544603,4.73853990499301,2.15263641947698e-06,3.45941335177123e-05,"FYCO1"
17.4936504077443,0.0410996210057709,0.00867644630209594,4.73691873086827,2.16992130869034e-06,3.48309342852058e-05,"PLCH2"
7.49318233270876,-0.0617571400376619,0.0130423025450234,-4.73514088670079,2.18902982930675e-06,3.50964172163499e-05,"SCRN1"
352.075835627738,0.0142108639733373,0.00300155376490975,4.73450255646665,2.19593003816312e-06,3.51657729440894e-05,"TBC1D5"
170.09061305338,-0.0147884837571336,0.00312456679638501,-4.73297091111743,2.21257207967247e-06,3.53907899394918e-05,"FKBP1A"
3.2015889177654,0.0962665330800896,0.0203524482374727,4.72997311954071,2.24549566809271e-06,3.58334939557785e-05,"MCOLN2"
5.57024431939325,0.119463690606881,0.0252562979432702,4.7300554845851,2.24458483224591e-06,3.58334939557785e-05,"ENSG00000284624"
36.7660836653129,0.0420613694773183,0.00890206068070994,4.72490257996802,2.30225698198118e-06,3.66964181725356e-05,"MBOAT1"
1264.87337794838,-0.0106808756011236,0.00226167418883977,-4.72255272391947,2.32902684430357e-06,3.70798446307538e-05,"LIMD2"
109.116727539796,-0.0311717869815353,0.00660255819195731,-4.7211680798976,2.34494055684708e-06,3.72897415675566e-05,"ENSG00000289603"
170.286897786145,0.0151099393268279,0.00320067770308058,4.72085624625214,2.34853883682955e-06,3.73035354780135e-05,"MBD2"
15.0492623591824,0.0393514645757712,0.00833814511522364,4.71945067301887,2.36482379435574e-06,3.75185749487798e-05,"ADCY3"
19.822730729143,0.0348443657333097,0.00739389059684694,4.71258876188522,2.44589484054084e-06,3.87597720670393e-05,"LRP8"
76.9758916417386,-0.0176921167766597,0.00375724480445195,-4.70880064979966,2.49178622210893e-06,3.94270285044464e-05,"PEF1"
190.148785931943,-0.0211779712352424,0.0044976850724441,-4.70863808695569,2.49377398446864e-06,3.94270285044464e-05,"PDK1"
53.5666008704731,0.0236776263026879,0.00503541302193418,4.70222128741943,2.57346371163151e-06,4.06399009258802e-05,"ALOX12-AS1"
303.477352714709,0.0133108238053733,0.0028334287556625,4.69777959963601,2.630050124031e-06,4.14855481458007e-05,"ARL6IP1"
6.46891123595635,-0.0693782641359995,0.0147695966640333,-4.6973702609597,2.63532471868399e-06,4.15208023728066e-05,"TBC1D16"
7.6486367653026,0.0590021181298004,0.0125709187424101,4.69354065035413,2.68516603212538e-06,4.22573364041851e-05,"ABCA3"
568.367669916568,0.0147324626159254,0.00313910527639548,4.69320437473258,2.68958551362137e-06,4.22781796502507e-05,"SPOCK2"
4.41586939454489,0.0805749207282465,0.0171874882448319,4.68799859412119,2.75889913482958e-06,4.33178875652553e-05,"ENSG00000230649"
190.90943848688,0.015306446920228,0.00326648820903527,4.68590300674885,2.78728249380346e-06,4.37132937604538e-05,"CDK5RAP3"
93.1213639797422,-0.0202623303774427,0.0043264969303215,-4.68331093348008,2.82277820515538e-06,4.42192090394754e-05,"KDM5B"
186.583921249173,0.026764165870889,0.00572025034255863,4.67884520223944,2.88495137889533e-06,4.51413927098628e-05,"TPM4"
32.2100067564788,-0.0339740209270138,0.0072620872771897,-4.67827218680318,2.89302353917257e-06,4.5215905658006e-05,"CASP10"
32.8640724821348,0.034862774203454,0.00745468459258875,4.67662632408535,2.9163297640848e-06,4.55280738027409e-05,"CGAS"
5.19456271114703,-0.123101878410289,0.0263273816596338,-4.6758116702138,2.92793220818559e-06,4.56570250728484e-05,"CLDN1"
192.791970083,-0.0137347606326386,0.00293993271194231,-4.67179421380857,2.98580024668632e-06,4.64776362313815e-05,"HMGA1"
22.5958992140064,0.0397092535597626,0.00849998191353662,4.67168682988887,2.98736197739041e-06,4.64776362313815e-05,"ENSG00000254459"
8.86435513787659,0.0793391443776097,0.0169921079711184,4.66917609707184,3.02410081033239e-06,4.69956963243919e-05,"ENSG00000286581"
9.99277987451069,-0.0668426738788468,0.0143325602588001,-4.66369390198836,3.10583259789306e-06,4.81174042410765e-05,"ENSG00000247134"
4.7567019040011,0.0988608681577533,0.0212003990068288,4.66316073230082,3.11389351018387e-06,4.81174042410765e-05,"ENSG00000288771"
8.64230086759573,0.0599822647863029,0.0128626219292044,4.66329999563417,3.11178607457986e-06,4.81174042410765e-05,"ENSG00000203279"
80.1016564957526,0.0231687026719391,0.00496845121296899,4.6631639677698,3.11384453314751e-06,4.81174042410765e-05,"ANKRD13D"
5.64993174115667,-0.0807115489449093,0.0173060882827225,-4.66376616288773,3.10474163772663e-06,4.81174042410765e-05,"ME3"
181.180525480859,0.0142137917950616,0.00304869217477419,4.66225875891009,3.12757602275566e-06,4.8165375953599e-05,"ANP32E"
76.279414510554,0.0175422188703905,0.0037624234920064,4.66247856140078,3.12423641761044e-06,4.8165375953599e-05,"CCDC115"
1.82064261015432,-0.147636687937134,0.0316656615390146,-4.66235918536657,3.12604975230975e-06,4.8165375953599e-05,"BEND4"
29.5233414618133,0.0295531492427266,0.00634761786616657,4.65578581852694,3.22747320507164e-06,4.96411125061128e-05,"LINC02245"
14.2782910072196,0.0795979011752349,0.0170981551471694,4.65535026967002,3.23430381628407e-06,4.96411125061128e-05,"ANKS1B"
97.5086835188522,0.0161063199353988,0.00345967721206186,4.65544007378652,3.23289430555172e-06,4.96411125061128e-05,"ZC3H18"
10.0051405811413,0.0532074853027146,0.0114364582345207,4.65244433299365,3.28023306783317e-06,5.02614105384041e-05,"PSD3"
469.380862255941,-0.0151067545412895,0.00324713843571772,-4.65232845483855,3.28207746707587e-06,5.02614105384041e-05,"ITFG1"
5.5835307507917,0.0618135932655046,0.0132976002557404,4.64847732498354,3.34394373004904e-06,5.11514796780178e-05,"ENSG00000287149"
140.956021802434,-0.014200828144764,0.00305525688946029,-4.64799807628373,3.35172038998373e-06,5.12130878380065e-05,"PIGC"
203.782042432406,0.0167182169026531,0.00359733194199825,4.64739344942587,3.36155627851929e-06,5.13059874464509e-05,"FMNL1"
3.09783685981417,0.0845883085150943,0.0182064734423265,4.64605673268075,3.38339992542106e-06,5.15817443987184e-05,"ENSG00000278607"
70.5627289338434,0.0193335207552452,0.00416182929988731,4.64543818646495,3.39355376011836e-06,5.1678867740487e-05,"RORA-AS1"
7.67304341842714,0.0535026189986869,0.0115185001673548,4.64492930688332,3.40192924974119e-06,5.17487233312525e-05,"ENSG00000288964"
7.07723552278226,-0.0612224436287915,0.0131914684920225,-4.64106355299378,3.46620489550908e-06,5.26678074223071e-05,"NKD1"
12.5670213713461,0.0404602870578514,0.00871961087828831,4.64014823856381,3.48159339968804e-06,5.28428509330429e-05,"FAHD2B"
49.807117556057,0.0407383192949495,0.00878318688564707,4.63821615381104,3.51429147689992e-06,5.32799351547757e-05,"ZNF600"
198.64746523257,0.0216422027305786,0.00466983921747063,4.63446421230342,3.57863134821577e-06,5.41952374907178e-05,"ZNRF2"
110.929222396168,-0.017883433080253,0.00385908697011117,-4.63410988629205,3.58476550871715e-06,5.42280142293204e-05,"CUX1"
166.717006100045,-0.0140924954832376,0.00304554818457748,-4.62724430189656,3.70563306174575e-06,5.59944110878837e-05,"KRAS"
10.0366975529356,0.0855994582513286,0.0185097355594276,4.62456408285801,3.75387019068699e-06,5.6660626303629e-05,"LINC02929"
42.6967350260907,-0.0235796143446961,0.00509947981536886,-4.62392541953624,3.76545299887255e-06,5.67727240227362e-05,"LZTFL1"
4.21733980271268,0.0742068941644849,0.0160507109644707,4.62327770581296,3.77723493345836e-06,5.68875735292626e-05,"GLS2"
471.875181654569,-0.0106702390095554,0.00231012628680864,-4.61889857298492,3.85782362960991e-06,5.80373026216644e-05,"SEPTIN1"
74.0338092053892,0.0181629384485847,0.00393445383994891,4.61638112618459,3.90489527895145e-06,5.86808245439788e-05,"EED"
21.6521125942302,0.0310103622036215,0.00672611353436229,4.61044287242493,4.01812050434199e-06,6.03159627355073e-05,"KIFC2"
4.2775104663221,0.0763316632761029,0.0165649015229042,4.60803604359251,4.06490210349186e-06,6.09512214420404e-05,"ENSG00000286686"
13.8640584967306,-0.0644021323833927,0.0139790168530699,-4.60705735319645,4.08407383337709e-06,6.11715444779946e-05,"HEMGN"
44.0956280739497,-0.0354800361377874,0.00770518058677781,-4.60469884361589,4.13063175890421e-06,6.18011279590707e-05,"ENSG00000289334"
184.858524058773,0.0196337141211735,0.00426598625913813,4.60238569196428,4.17678808126572e-06,6.23551094973658e-05,"ATXN7L1"
163.519911705251,0.0115264577286846,0.0025043401620611,4.60259269219968,4.17263757420024e-06,6.23551094973658e-05,"P4HB"
77.7633986367203,0.0191676096554052,0.00416955713338872,4.59703729729856,4.28540929937491e-06,6.39068679360931e-05,"MTM1"
151.4933488362,-0.0260035389278122,0.00565948832216708,-4.59468019855463,4.33413450984824e-06,6.45503035087432e-05,"GBP4"
151.839015655331,0.0201006331383857,0.00437493952029775,4.59449394560264,4.33800721969445e-06,6.45503035087432e-05,"PDIA6"
39.2526657678362,0.0339685768946035,0.0074010659280593,4.58968711058499,4.4391091988377e-06,6.59828418456181e-05,"MYO1D"
72.8493533039791,-0.0223097534398687,0.00486132349916845,-4.5892344839188,4.44874472145661e-06,6.60541879294536e-05,"S100PBP"
131.695673833131,0.017973199111592,0.00391698777201739,4.58852571355747,4.46387330113734e-06,6.62068504815809e-05,"CAMTA1"
215.533686803104,-0.0108235623512722,0.00236067971579736,-4.58493470284948,4.54128335504454e-06,6.72819204228941e-05,"DENR"
79.7511626267117,0.0197178616445015,0.00430209881020105,4.5833121261062,4.57668092346641e-06,6.77328942736199e-05,"VSIG1"
5.48937844316898,0.0772946706899156,0.0168676117992064,4.58243120662478,4.59600930275108e-06,6.79453323328785e-05,"ENSG00000232053"
4.40981537200252,-0.0858213621584754,0.018731538790789,-4.5816503981337,4.61320648223395e-06,6.81258384295306e-05,"GAS7"
35.0447546232564,0.0323121682021419,0.00705522846746801,4.5798897018197,4.6522120354029e-06,6.86276635028117e-05,"ELAPOR1"
278.402736456262,0.0198655580821042,0.00433852950062201,4.5788689645319,4.67496937541134e-06,6.8888976988262e-05,"MAP3K5"
191.304674372076,-0.0151789907496534,0.00331555530545045,-4.57811417734478,4.69186589578665e-06,6.90634570435837e-05,"RIF1"
19.2421388654226,-0.0434774047152126,0.0094991612301705,-4.57697302548387,4.7175226211123e-06,6.93663713717911e-05,"ENSG00000270055"
147.025636614531,-0.0182485073109556,0.00398855929195406,-4.57521274605782,4.75736301388632e-06,6.98769664190184e-05,"IMMT"
16.6916379025326,-0.0409467105578486,0.00895088074984269,-4.5746012825127,4.77127752805262e-06,7.00060698530599e-05,"PLAGL1"
2.77957670859304,0.139550149883079,0.0305378930285533,4.56973733428818,4.88335868605923e-06,7.15736906132716e-05,"LINC01684"
211.536139246086,-0.0138765475657534,0.00303852438714237,-4.56687055877272,4.95059499543425e-06,7.24813801046429e-05,"SRP19"
41.3943204530574,0.0327762072069663,0.00718698472911397,4.56049490048201,5.10332017666544e-06,7.463742356879e-05,"FBXL16"
14.0046931312684,0.0583033325399564,0.0128016601700756,4.55435715097662,5.25460168464928e-06,7.67677636495285e-05,"KNL1"
148.207354351868,-0.0121374100888004,0.00266578129494054,-4.55304045828376,5.28760992659224e-06,7.71674696551816e-05,"YTHDF2"
5.00082849351072,0.0700526476609239,0.0153957164020708,4.55013887184241,5.3610521865458e-06,7.81557874794191e-05,"CIITA"
23.4998111485964,-0.0328164008833806,0.00722203694916797,-4.54392591928808,5.52160698084986e-06,8.04106091241034e-05,"MSRB2"
4.03710317088572,0.0758498835560226,0.0166973989427551,4.54261671629599,5.55602161976044e-06,8.08256180254821e-05,"BACE1"
6.45065062175694,0.07609287656063,0.016759511460572,4.54028011136506,5.61795416505072e-06,8.16396318027583e-05,"WNT7A"
689.972718897144,0.0229661934637059,0.00505952934560088,4.53919562373411,5.64692292073967e-06,8.18863769610444e-05,"PIK3R1"
432.592166486134,0.0224345451945449,0.00494223424786087,4.53935286540803,5.64271384721142e-06,8.18863769610444e-05,"ATP2B1"
108.442739158243,-0.0173915283472879,0.00383502653384417,-4.53491734511023,5.76260481211261e-06,8.33868450566295e-05,"STX5"
30.4292513792552,0.0260919647901794,0.00575343342742165,4.53502506274281,5.75966456004279e-06,8.33868450566295e-05,"ARRB1"
5.41800053029859,0.0652030608155402,0.0143808363980798,4.53402423966427,5.78703834646508e-06,8.36517923944053e-05,"RNF32"
13.3126987668725,-0.04132341033057,0.00911673374880302,-4.53269904213179,5.82347583982248e-06,8.40895137124473e-05,"TCTN1"
11.8013449366472,0.115982951724906,0.0255924993831885,4.53191186950245,5.84522370573931e-06,8.43144200848986e-05,"EDA"
303.342124827386,-0.0228188547866989,0.00503582012560123,-4.53130854906668,5.86194473453086e-06,8.4466418854105e-05,"ENSG00000289614"
65.7868515857914,-0.0457218431041594,0.0100933913552811,-4.52987915506088,5.901743310172e-06,8.495027778393e-05,"SCML1"
52.3410896104703,0.0293745226850029,0.00648536702398142,4.52935394039884,5.91643171176429e-06,8.5072060192316e-05,"FAM53B"
549.477044116369,-0.0154586407445665,0.00341409742651545,-4.52788506400188,5.9576969895174e-06,8.55753321522689e-05,"SP110"
218.875195786971,-0.0130845716086049,0.00289001361660862,-4.52751209662447,5.9682185631194e-06,8.56364134161881e-05,"PAXX"
55.6671457285919,-0.0268570655679598,0.00593242662940193,-4.52716354465345,5.97806744073223e-06,8.56877242816393e-05,"NME1"
56.5483647112759,-0.024657883961141,0.00544751696738094,-4.5264446368482,5.99843044689501e-06,8.58894757909705e-05,"ZNF433-AS1"
119.868814551317,-0.0229222650305235,0.00506865997959438,-4.52235208571988,6.11562214631447e-06,8.74758099671787e-05,"N4BP2"
416.475861094027,-0.02344564044106,0.00518502650374067,-4.5217976078127,6.13166736138734e-06,8.76135733855136e-05,"CD55"
236.387249344011,-0.0108482082525343,0.00240084547353968,-4.51849499357418,6.22807458137272e-06,8.8898117849061e-05,"MACROH2A1"
7.64314624021664,0.0516237582349799,0.01142555312928,4.5182721265971,6.2346323083571e-06,8.88988281128998e-05,"CTSK"
11.6670876203821,-0.0454697904648302,0.0100700728398503,-4.51533878532561,6.32156225094526e-06,9.0044359069773e-05,"GAL3ST4"
10.2983649416257,0.0732685762077931,0.0162332393339298,4.51349078890566,6.37692204348877e-06,9.07382865771423e-05,"AIM2"
40.6758343136944,-0.0479885943268778,0.010633996770947,-4.5127523884516,6.39917149656269e-06,9.08622535796451e-05,"PLSCR1"
85.9334767131023,-0.0461645538086193,0.0102297216860203,-4.51278687979427,6.39813055318343e-06,9.08622535796451e-05,"IRF7"
212.775474949625,0.0207611785434947,0.00460099893426806,4.51231978970181,6.41224102860746e-06,9.08622535796451e-05,"WWOX"
284.287846352834,-0.00996620335819845,0.00220856448744566,-4.51252540500866,6.40602586473207e-06,9.08622535796451e-05,"ABHD17A"
71.8249081667529,0.0185425700911006,0.00411014195710493,4.51141840953871,6.43955532653877e-06,9.11547417207457e-05,"SLF1"
426.911038592971,-0.0116314488917274,0.00257843574349136,-4.51104857706392,6.45079444433299e-06,9.12193086020586e-05,"SRPK2"
81.6971104070566,-0.0159920894892907,0.00354574542137475,-4.51021931605294,6.47606374222386e-06,9.14819345592326e-05,"MRPL32"
178.067461163087,0.0221476384454232,0.00491238772585177,4.50852817029686,6.52789026251074e-06,9.21187820102238e-05,"ATP8B2"
23.1707561314356,-0.0453786084582494,0.0100714124677775,-4.50568463990862,6.61592821619905e-06,9.32647878568411e-05,"GPR146"
39.2413140057966,-0.0426313035501005,0.00946443005350897,-4.5043709245117,6.65698443169725e-06,9.37468116876128e-05,"ARHGAP32"
22.678748295165,-0.0496722229863082,0.011029504381483,-4.50357706640936,6.68191209816371e-06,9.40009467156707e-05,"CD200"
332.934641356333,0.0115244466171203,0.00256138336122779,4.4993056453666,6.81757773117888e-06,9.58108146171847e-05,"DIAPH1"
30.0618784974558,-0.0331147981975785,0.00736889191100649,-4.49386401612389,6.9942301130269e-06,9.81923775374589e-05,"LINC01128"
182.465705729696,-0.0142458960444931,0.00317048995650058,-4.49327903256222,7.01347904206738e-06,9.8361523320986e-05,"STMP1"
179.747679811013,0.0162464107881269,0.0036169123051962,4.49179007320322,7.06270224329858e-06,9.89502693779063e-05,"PARP4"
417.127199950316,0.0251509529148967,0.0056031838988495,4.48868953240334,7.16626488727036e-06,0.000100298338483722,"CLIC1"
781.839079883911,0.0175371623706276,0.00390771715860082,4.48782797189623,7.19529914673093e-06,0.000100601623689196,"CDC42SE2"
30.6763411329479,0.0345399797006809,0.00769696549346823,4.48748012836905,7.20705319047842e-06,0.000100662931065373,"H2AC25"
18.0893802132698,0.0340579372411593,0.00759785718740315,4.48257138836797,7.37489596248115e-06,0.000102902021294681,"ENSG00000286656"
123.018622898813,-0.025967565998569,0.00579336403974616,-4.48229488435647,7.38446072625052e-06,0.000102930340327125,"LRRC8D"
84.1681852685946,-0.0302083007125976,0.0067410445573767,-4.48124922710097,7.42073922828733e-06,0.000103330578856682,"DEAF1"
489.075474501628,0.011543924317058,0.00257665325142225,4.48020093921682,7.45728003726367e-06,0.000103733651027517,"CCDC91"
136.133061611243,0.0161928323329957,0.00361674588423729,4.47718276353564,7.56344972683722e-06,0.000105103482470597,"RFFL"
140.980518510793,-0.021422117509508,0.00478727140667418,-4.47480739856159,7.64802219654443e-06,0.000106170714639021,"SOS2"
183.247858958375,-0.0370860603051399,0.00828851736012814,-4.47439013442164,7.66297152611708e-06,0.000106270244717522,"CHRM3-AS2"
142.05747583426,0.030369550193224,0.00678859279531285,4.47361494626581,7.69081840297617e-06,0.000106548254954011,"FHIP2A"
23.8950228325249,-0.0345378890411464,0.00772532572563688,-4.4707356385674,7.79510050312473e-06,0.000107798074247524,"KCNMB4"
258.274324432808,-0.0138844936706049,0.00310567228330285,-4.47068859945484,7.79681532624845e-06,0.000107798074247524,"NCOA3"
23.2592341863186,0.0393519150109755,0.008805385018193,4.46907374631201,7.85590442405123e-06,0.000108505211761921,"ENSG00000258216"
45.4927252497449,0.0235436737865527,0.00527072115052883,4.46687903119111,7.93689791222716e-06,0.000109513157051538,"C1RL"
228.990393289552,-0.0213745993029716,0.00478617478612681,-4.46590445566842,7.97311891320744e-06,0.000109901921649257,"ATF7IP2"
330.021831648039,0.0104453483974269,0.00233953707953268,4.46470735121384,8.0178266968399e-06,0.00011040676681334,"SELENOW"
48.7764109265135,-0.0272314840888614,0.0061003138708592,-4.46394803043568,8.04630885427481e-06,0.000110687390684183,"STRADB"
334.778831413918,-0.0142572230979303,0.00319551931688724,-4.46162945177194,8.13387864831509e-06,0.000111779459090527,"OCIAD2"
3.13624787242689,-0.0907406920238124,0.0203424273826773,-4.460661961172,8.17068829192223e-06,0.000112172464389606,"ENSG00000286288"
17.8831697538142,0.0333079816244159,0.00747987750840696,4.45301164183231,8.46741616274139e-06,0.000116129422472939,"DNASE1L1"
153.29393947132,-0.0129743273604385,0.00291557957748417,-4.44999939656387,8.58705306752094e-06,0.000117652101205954,"NUTF2"
233.098981614866,0.0137622282462725,0.00309279918047599,4.44976457997975,8.59644681053707e-06,0.000117662789009956,"RABAC1"
3.16392778786425,0.0842041237736112,0.0189302582903118,4.44812334212606,8.66237861065633e-06,0.000118446538359925,"LTC4S"
1.43506356172947,-0.149675266572757,0.033665714307747,-4.44592576306378,8.75141682266579e-06,0.000119544353797615,"HAAO"
24.6158119339985,0.0325697518159995,0.00732661173939315,4.44540436623399,8.77267000469371e-06,0.000119714957306809,"ENSG00000291063"
54.0836216794196,-0.0269847612216974,0.00607934162341942,-4.43876374996663,9.04770628145062e-06,0.000123344977848918,"FKBP4"
712.160918846978,-0.0190761411319879,0.00429856406465904,-4.43779384116286,9.08856038931728e-06,0.000123778399718917,"YPEL5"
316.775307680775,-0.0153638220842179,0.00346508001608879,-4.43390109691026,9.25430928818125e-06,0.000125910223980633,"HSPB1"
157.077339514424,-0.0209842304653165,0.00473583214895641,-4.4309489452536,9.38193022923681e-06,0.000127519569085945,"BEX4"
10.0972403508698,0.0423033008355138,0.00954967988757355,4.42981349464505,9.43146183237294e-06,0.000128065376371982,"CAPN3"
75.2223970961071,-0.0169853456714713,0.00383504515011927,-4.42898193022396,9.46789542366359e-06,0.000128432424515635,"RANBP3"
10.9304307510677,-0.0594756332855398,0.0134296668174071,-4.42867526753899,9.4813652354514e-06,0.000128487548726454,"CST3"
94.1934966452277,-0.0138681396016895,0.00313459779246457,-4.42421660444852,9.67928698732272e-06,0.000131039702920544,"ELAVL1"
3.96212628250124,-0.0776073221518357,0.0175666114141575,-4.41788802189188,9.96700321172291e-06,0.000134801251358549,"ENSG00000262211"
1.60513703389461,-0.146102914165464,0.0330775149897426,-4.41698580473082,1.0008680042555e-05,0.000135231028072503,"ROR1"
214.742668532207,-0.0258041072904098,0.00584368769241134,-4.41572319546084,1.00672842989157e-05,0.000135888442216589,"UPP1"
380.600637280552,0.0106674844922247,0.00241794331269656,4.41180090377222,1.02514359178403e-05,0.000138123061066175,"ACAP1"
4.67252669886636,0.0917609363330244,0.0207991364668489,4.4117666365274,1.02530588522036e-05,0.000138123061066175,"LINC00892"
14.3063514455001,0.0449370381998407,0.0101906177780732,4.4096480879236,1.03538735515899e-05,0.000139343756369181,"ENSG00000287780"
263.059880488311,0.0136243236326464,0.00309148163571268,4.40705306971864,1.04786520929158e-05,0.000140884239753179,"SQSTM1"
45.9682084022927,0.0209108220643695,0.00474727621282,4.4048041712635,1.05879481261157e-05,0.000142213737859135,"SH2D3A"
286.121102526541,0.0161067883278079,0.00365681918083562,4.40458976266016,1.05984249946694e-05,0.000142214622227096,"FBXW7"
68.901061745907,0.0219121631973384,0.00497511908350394,4.40434948984293,1.06101774553998e-05,0.000142232604554231,"SH2D2A"
4.82395779192216,0.0698946992187931,0.0158757146857038,4.4026174948668,1.0695263410312e-05,0.000143232645279277,"DNAI2"
23.6640725105452,0.0353315019627708,0.00803272217489791,4.39844690174659,1.09028293273201e-05,0.000145869391391961,"ANXA4"
10.5333463183136,-0.0499740160473871,0.0113630118109226,-4.39795512659328,1.09275564230928e-05,0.000145914389774631,"MPZL1"
22.567570626191,0.03204952852336,0.00728705599260201,4.39814495125294,1.09180054534405e-05,0.000145914389774631,"SCPEP1"
49.0856640207412,0.020854860981384,0.00474327455361115,4.39672229504547,1.09897803804916e-05,0.000146601953122574,"SMIM29"
33.6741693283449,0.0528722581689861,0.0120300046955937,4.39503221377395,1.10756327841796e-05,0.000147603067153067,"TNFRSF18"
11.0489247270585,0.0396627839301333,0.00902893946403074,4.39285079805229,1.11873907972216e-05,0.000148947132836304,"INKA2"
17.8500188229627,0.0335028415421986,0.00763167164554703,4.38997418891141,1.13364115958716e-05,0.000150784208763005,"PPP1R9B"
24.8313877147079,-0.0313250898773305,0.00713964365533413,-4.38748646144644,1.14668128946887e-05,0.000152370295857439,"APOO"
78.6751515247742,-0.0386075364820563,0.00879990510064739,-4.3872673671465,1.14783656977785e-05,0.000152375583509868,"PLEKHA8"
115.455635206008,-0.0155461002739485,0.0035448388918209,-4.38555904749816,1.15688269164823e-05,0.0001534273550283,"EIF6"
3.15843807256136,-0.153475666350921,0.0350003550493625,-4.38497455624286,1.15999336262434e-05,0.000153690682186698,"MSR1"
2.86710646338745,0.0890753979137742,0.0203195599008536,4.38372673170113,1.16666104065789e-05,0.000154424319916539,"WNT2B"
604.56503997324,-0.0146174583207035,0.00333495999166941,-4.3830985550703,1.17003149420133e-05,0.000154720524789837,"JMJD1C"
193.392240153241,0.0258346291384246,0.00589476430834408,4.38263987957169,1.17249836555724e-05,0.000154896786010753,"RUNX3"
6.37413482126645,-0.0803108336562319,0.0183294007691453,-4.38153078039641,1.17848390973032e-05,0.000155537103448465,"SERPINE2"
3.31498995573498,0.0777069410791484,0.017742969810555,4.37959044674257,1.18902563550989e-05,0.000156776932249663,"NOD2"
4.8242090454731,0.0803899003939287,0.0183826664920063,4.37313598812698,1.22474379635804e-05,0.00016128927372839,"LUCAT1"
217.68944102255,-0.0230710860774409,0.00527582488036905,-4.37298178021161,1.22560956171353e-05,0.00016128927372839,"SIPA1L1"
152.369713269897,-0.0164376477502005,0.00375989977825976,-4.37183135711359,1.23208680691419e-05,0.00016198561869536,"ABCF1"
233.378276065543,0.0118124241699301,0.0027024046705375,4.37107895005991,1.2363407513408e-05,0.000162388602531878,"UBR2"
15.8383256961579,-0.0375483588731502,0.00859062451213614,-4.37085322727177,1.23761966912972e-05,0.000162400429205687,"RFX2"
130.468907577122,-0.0199818605621906,0.00457208106677762,-4.37040819494343,1.24014486720112e-05,0.000162449823092071,"RIN3"
163.031795071567,-0.0135470653223489,0.00309975408847539,-4.37036775682165,1.24037456431208e-05,0.000162449823092071,"TRIM28"
6.10998584628354,0.0889796226689104,0.0203750634606607,4.36708444323173,1.25916055696901e-05,0.000164752233794987,"CCR3"
15.6515834880818,-0.047979677305142,0.0109918255323473,-4.36503264757479,1.2710377381291e-05,0.000166147133998503,"LINC02295"
168.872396626091,0.0204348067181998,0.00468217420375174,4.36438411493228,1.27481406519242e-05,0.000166371194402896,"TRAF1"
277.349279892562,-0.0130023151167555,0.00297923043604149,-4.36432004703593,1.27518770526963e-05,0.000166371194402896,"ERC1"
54.9946455294456,-0.0190689290553292,0.0043720857711482,-4.36151760360394,1.2916340190666e-05,0.000168200166300069,"KIAA1586"
22.7441794229522,-0.0336624126370608,0.00771806084861085,-4.3615116928133,1.29166891982996e-05,0.000168200166300069,"TMOD2"
155.762099846197,0.0125705684000568,0.00288266545177751,4.36074480731212,1.29620469943371e-05,0.000168630058992995,"WBP2"
12.8355805437369,0.0565168787292354,0.0129611210793282,4.36049307643414,1.29769688321961e-05,0.000168663553042625,"NUSAP1"
370.450425307369,0.0164445089913735,0.00377174515271715,4.35992049450291,1.30109708001138e-05,0.000168944734914025,"OPTN"
228.702172382384,0.0251614909927463,0.00577953571919383,4.35354883424027,1.33951239216996e-05,0.000173767704435344,"GPRIN3"
88.4859586828897,-0.018118795715922,0.00416300719511132,-4.35233350958393,1.34696152809007e-05,0.000174568258763855,"KLHDC3"
9.30709075554424,-0.0477970172799657,0.0109853019793804,-4.35099712048713,1.35519832227411e-05,0.00017546928040061,"DCHS1"
23.8233643202352,-0.0371400499013473,0.00854114690047136,-4.34836800421939,1.37154325373058e-05,0.000177102485616087,"NOCT"
3.51955005913805,-0.0828640946706075,0.0190564775055856,-4.34834269063206,1.37170153573807e-05,0.000177102485616087,"ENSG00000267299"
12.5334230698807,-0.0513941319722803,0.0118186050593559,-4.34857850940668,1.37022767149898e-05,0.000177102485616087,"CEACAM1"
262.800106072722,-0.0158177050170221,0.0036428601749995,-4.34211148854329,1.41119886580092e-05,0.00018202999534316,"RPL22L1"
38.0669918952001,0.0247460436844814,0.00570626227310927,4.33664674003804,1.4467285617055e-05,0.000186436907102803,"GALC"
264.091847403337,-0.0238017079177553,0.00548901805280954,-4.33624150781805,1.44939692535901e-05,0.000186604731389294,"SIRPG"
46.1640582933808,0.0225097286742494,0.00519220630657169,4.3352916554489,1.45566989675263e-05,0.000187235883141629,"CRYL1"
11.074965070099,0.0604980279531086,0.0139709497170959,4.330273115154,1.48924518332461e-05,0.000191374310481789,"NETO2"
42.3733366436786,-0.0453414193908139,0.0104720143128856,-4.32977057098004,1.49264770893977e-05,0.000191631275414636,"CARMIL1"
91.458763019084,-0.0154311865343138,0.00356516930161983,-4.32831802049419,1.50252407248479e-05,0.000192718111081147,"NUP42"
21.3254997191004,0.034099484488829,0.00787961958871668,4.32755466236697,1.50773933833182e-05,0.000193205622529199,"LIPE-AS1"
2.68239569223804,-0.104684254217799,0.0241982928147428,-4.32610081294741,1.51771981995733e-05,0.000194302274982353,"TLE1"
8.3622407483964,0.0522749175420678,0.0120893377164498,4.32405138876534,1.53189587729889e-05,0.000195933498912948,"DYNC2H1"
90.0828271375122,-0.0167024908651936,0.00386364709666296,-4.32298562661678,1.53931765775584e-05,0.000196574522961665,"SSBP3"
88.6522912893513,-0.0167123386492011,0.0038659850725356,-4.32291856684276,1.53978579479488e-05,0.000196574522961665,"DLD"
51.7317290519382,-0.0449910354161879,0.0104083376371883,-4.32259569053929,1.54204166004397e-05,0.000196678702859017,"GIMAP8"
114.734217858287,-0.017561849844779,0.00406724246025127,-4.31787630474678,1.57537671784639e-05,0.00020074296609871,"PDK1-AS1"
15.8089354701998,0.0349537624606396,0.00809748623462047,4.31661894171505,1.58437324337182e-05,0.000201701197618444,"SNX16"
5.63344105543588,0.0790423984099054,0.0183172908825722,4.31517951626293,1.59473256338693e-05,0.000202830975939157,"HOPX"
5.42054516862274,0.0653161871365119,0.0151387436304774,4.31450513535463,1.59960815822966e-05,0.000203261836664346,"ENSG00000260740"
2.57978431019985,-0.078509414826759,0.0181981072123417,-4.31415278032404,1.6021612396331e-05,0.000203397049566805,"RNF122"
449.344397621381,-0.00981634708381219,0.00227624112333195,-4.31252514647616,1.61400518600229e-05,0.000204710407063986,"ERBIN"
153.759950868983,-0.0123448728753302,0.00286453565315272,-4.30955462598043,1.63583649901609e-05,0.000207286888465305,"VDAC1"
30.4142947285149,0.0420334709968069,0.00975627166828277,4.30835389029355,1.64474072692272e-05,0.000208222041981133,"CPNE2"
33.6940670439381,-0.035373581293709,0.00821271323058078,-4.30717356135026,1.65353863643517e-05,0.000209142016423189,"IL23A"
307.639336273941,0.0143896994627192,0.00334118444885058,4.30676596368975,1.65658718393879e-05,0.00020933377365961,"WWP1"
14.82064241374,0.0417460549440434,0.00969538126020659,4.30576723324792,1.66407965357905e-05,0.000210086211348335,"SLFN13"
16.0094255744294,0.0417632858021581,0.00970295791829125,4.30418086462369,1.67604701053865e-05,0.000211401682031007,"KANSL1L-AS1"
19.305303809946,-0.0376547563600398,0.00875126944674728,-4.30277648164924,1.68670989798297e-05,0.000212550343232909,"CEP41"
134.367168313912,0.0217653181232315,0.00505944036504004,4.30192206110908,1.69322874972905e-05,0.000213175158721648,"TRERF1"
252.980180930352,0.0318606445690925,0.00741217901468798,4.29841811779741,1.72021427594033e-05,0.000216373176881629,"TENT5C"
66.604047302786,-0.0210421834617325,0.00489571995112414,-4.29807743739527,1.72285976709475e-05,0.000216506572387437,"MRTFB"
461.786853495194,0.00822487081139286,0.00191382865315303,4.29760041362239,1.72657052303057e-05,0.000216773468240787,"ASH1L"
172.479563455953,-0.0390548350809194,0.00909377614209313,-4.29467742230238,1.74947524393198e-05,0.000219447491571265,"PIM1"
109.943690971396,-0.0154925669216561,0.0036077521972377,-4.29424363832918,1.75289897187573e-05,0.000219675228952499,"ZC3H8"
52.9957507326077,0.0250060245045732,0.00582383082775378,4.29374156704649,1.7568696420398e-05,0.000219971029424965,"ACAT1"
3.81414062441213,-0.0911855624054833,0.0212408100874951,-4.29294184307812,1.76321202417055e-05,0.000220562969323899,"PINLYP"
42.027173571957,0.0213066197841021,0.00496519358377672,4.29119618895008,1.77713217442753e-05,0.000222100873766514,"DHRS12"
598.025029435012,0.00967027194863651,0.00225518154147089,4.2880237226176,1.80269844511014e-05,0.000225090134919603,"SSR2"
128.476869319389,0.0225172868874204,0.00525154405919564,4.28774597215686,1.8049533859654e-05,0.000225165874450113,"MPZL3"
158.605350560845,0.0228386807550569,0.00533360185802202,4.28203704794844,1.85190138858097e-05,0.000230811797153432,"EIF4E3"
84.1505045089574,0.0184729178118698,0.00431641849235776,4.27968646797715,1.87156778668914e-05,0.000233050282280526,"TPP1"
104.622367089739,-0.0153347904929689,0.00358473050802008,-4.27780845970444,1.88742316093435e-05,0.000234810568108954,"RPA1"
13.1029169220778,0.0634050119670285,0.0148246751909632,4.27699164739062,1.8943590763716e-05,0.000235459008036725,"TCP10L"
1079.54810170574,-0.00918513347469716,0.0021482182455663,-4.27569847414448,1.90538965019776e-05,0.000236181157552141,"EPB41"
26.4687178774957,0.0234171487020763,0.00547680140063384,4.27569798301727,1.90539385103709e-05,0.000236181157552141,"NOP14-AS1"
143.466380712177,0.0201353074557132,0.00470946224367147,4.2755003467266,1.9070850423134e-05,0.000236181157552141,"STING1"
15.3560063553063,-0.0414415124163889,0.00969227821275415,-4.27572460330902,1.90516616802715e-05,0.000236181157552141,"RNF157-AS1"
124.65135688536,0.0181256884523879,0.00424877817307177,4.26609432501471,1.98924703452045e-05,0.000246133283437947,"SMC6"
653.04400755233,-0.0088330243140838,0.00207140489703893,-4.26426737076396,2.00559172179305e-05,0.000247931067146544,"EIF4G2"
110.210575980544,-0.0193624662101212,0.00454207268146447,-4.26291421736525,2.01777994180846e-05,0.000249212242360792,"C9orf72"
58.5274743102648,-0.0313661424969757,0.00735874244747433,-4.26243243609392,2.02213647791817e-05,0.000249524699985205,"DPP4"
86.8582198482548,0.0189609138507777,0.00444960951591499,4.26125343874781,2.03283544139395e-05,0.000250618521023839,"ACSL4"
301.944784892814,-0.0114201802932013,0.00268095903868713,-4.25973695547165,2.04667623255968e-05,0.000251870246277164,"RASSF5"
32.2447201134475,-0.0267085698385161,0.00626981546716166,-4.25986537855907,2.04550065914915e-05,0.000251870246277164,"GSPT2"
13.2235438907599,0.0476170634888519,0.0111804898839294,4.25894249565001,2.05396295792268e-05,0.000252312356162085,"CEP126"
11034.8371747047,-0.0103526117414891,0.00243067971369456,-4.25914269295209,2.05212443894773e-05,0.000252312356162085,"RPL18A"
3667.50829156834,-0.0268137469591518,0.00629654916609107,-4.25848290100749,2.05818959622622e-05,0.00025260440147754,"JUN"
14.8471877508892,-0.0344084322221422,0.00808154109487942,-4.25765727330692,2.0658032473195e-05,0.000253311241996269,"ACVR1B"
1044.34650108419,-0.0136209920565475,0.00319974501101888,-4.25689922466985,2.07281731462312e-05,0.000253943358903604,"TPR"
128.691121898288,0.0216190745226552,0.00508184305123876,4.2541798919558,2.09816576102826e-05,0.000256688002180015,"ATP2B1-AS1"
633.460391745949,0.00921424460913648,0.00216597149837499,4.25409319376982,2.09897875867553e-05,0.000256688002180015,"MPHOSPH8"
327.951190213977,-0.0324216815608055,0.00762316772040663,-4.2530458137521,2.10882411550974e-05,0.000257661336474625,"GIMAP1"
7.02954803397479,-0.059129487536233,0.0139111644918457,-4.25050595662879,2.13288163100601e-05,0.000259665893590478,"TXNRD3"
42.8931388698418,-0.0286809594261397,0.00674756918754039,-4.25056173993741,2.13235045692019e-05,0.000259665893590478,"BDH2"
258.272788809659,0.0240097818052887,0.0056489464921319,4.25031142333009,2.13473498171381e-05,0.000259665893590478,"CCDC7"
20.3056161795579,0.0313042154129971,0.00736408844135632,4.25092876902379,2.12885870909884e-05,0.000259665893590478,"POU6F1"
7.00101106324469,-0.0709755233060221,0.0166984446101457,-4.25042720822624,2.13363169537262e-05,0.000259665893590478,"KLF5"
96.3349055333734,-0.0142376702282621,0.00335003665946039,-4.25000430608884,2.13766405922531e-05,0.00025979084563183,"RMND5A"
1398.56755386158,-0.00641647962009215,0.00151051213116111,-4.24788354076965,2.15799516666063e-05,0.000262004939548404,"JAK1"
2.90823590350678,0.0750233496935765,0.0176620918877736,4.24770464168578,2.15971860857616e-05,0.000262004939548404,"ENSG00000250820"
398.485430707271,-0.0123221023177231,0.00290187328336029,-4.24625788740659,2.17370427931361e-05,0.000263467617173238,"SNRPB"
73.156727939097,0.0271447453652772,0.00639954724918136,4.241666528636,2.21866177267295e-05,0.000268678367151706,"AKTIP"
37.440416273315,0.0432791610160382,0.0102276523199749,4.23158312993421,2.32052197635799e-05,0.000280764660735608,"ENSG00000232855"
24.3186754241552,0.0290353746659478,0.00686415833266526,4.22999780290233,2.33693594324716e-05,0.000282500398095187,"ACTR3C"
205.37230322567,0.0130877072457349,0.00309487596914459,4.22883093740016,2.349087814967e-05,0.000283718298430143,"ENSG00000284707"
1345.09755765252,-0.00994348352064378,0.00235203377580369,-4.22761085445982,2.36185818986217e-05,0.000285008682628245,"SLC25A6"
15.1952973882815,-0.0492470012309132,0.0116514085270878,-4.22669938286185,2.37144146736371e-05,0.000285912537018431,"TTC28"
58.7316798120076,-0.0232584786348188,0.00551789664669365,-4.21509863704232,2.4966904438775e-05,0.000300747720135509,"RCL1"
171.066671991301,-0.0102313054451859,0.00242794954236021,-4.21396955195371,2.50921127609546e-05,0.000301989656664881,"GRSF1"
5.51628229966881,0.0607732216547385,0.0144446933270721,4.20730439052229,2.58434934958645e-05,0.000310758909466117,"ENSG00000271774"
74.4078687688757,-0.0205574407993458,0.00488698227427803,-4.20657159072319,2.59273974893662e-05,0.00031149362331112,"NDUFAF4"
96.0892251154843,0.0160738484334735,0.00383013801983487,4.19667603366589,2.70860948603384e-05,0.00032512834428139,"ECPAS"
49.3453718966515,0.0221220039691376,0.00527817710659409,4.19122047676277,2.7745787150135e-05,0.000332754567577563,"MYO18A"
60.8700215101793,0.0165232096200768,0.00394490682464167,4.18849173239413,2.80814538886608e-05,0.000336484789578163,"RAD54L2"
250.127707932392,0.012626096710307,0.00301502940008558,4.18771926733074,2.81771748475804e-05,0.000337335853127036,"SUN2"
5.93482720065725,0.0656864889687227,0.0156882186937305,4.18699472840552,2.82672388415269e-05,0.00033811776057378,"SHTN1"
205.965972618531,0.0201991881762289,0.00482509850950651,4.18627477479103,2.83570039001393e-05,0.000338894727275505,"SLC9A9"
172.59563174002,-0.0158202049384456,0.00377941905494378,-4.18588272654009,2.84059990494767e-05,0.000339183520118751,"HIPK1"
45.6059056539433,0.0261742928227184,0.0062534790064062,4.18555699889691,2.84467671610454e-05,0.000339373658881991,"SKA2"
3.60995708096658,0.0892935745348581,0.0213462013700592,4.18311309758859,2.87544252528972e-05,0.000342744719855651,"RORC"
111.395345778461,0.0169516166014838,0.00405294229872801,4.18254575368713,2.88262981178444e-05,0.000343301859014607,"APLP2"
29.5141726460034,0.0413291436715901,0.00989490165529278,4.17681196957457,2.95623199557087e-05,0.000351760706093189,"KALRN"
138.565097051579,0.0145786606722523,0.00349181838623289,4.17509133056039,2.97866528049365e-05,0.000354121564243196,"FBXW5"
45.0691283929823,0.0196506131385981,0.00470731092977797,4.17448803185919,2.98656918654339e-05,0.000354752479027675,"GANC"
53.5569777418187,0.0165622250909971,0.00397055420040531,4.17126281497591,3.02916247849198e-05,0.000359187148057296,"P4HTM"
523.759955385393,0.0094420034155186,0.00226357402173661,4.17128104707384,3.02892008485249e-05,0.000359187148057296,"GABARAP"
66.0704074588056,-0.0187912898081714,0.00450592873051426,-4.17034776447225,3.04135167810433e-05,0.000360319721794494,"REXO4"
280.212526642122,0.0157077570008505,0.00377131891601554,4.16505666867496,3.1127523795716e-05,0.000368459250476153,"ALDOA"
94.7893969960925,0.0410520990984666,0.00986008759386376,4.16346190717561,3.13458340909307e-05,0.000370679000138614,"TRAV9-2"
319.953320425765,-0.0132555639790423,0.00318391486262503,-4.1632909644178,3.13693209487729e-05,0.000370679000138614,"LSM7"
11.4749132733731,-0.0462356403422233,0.0111078136913804,-4.16244290972417,3.14860877715778e-05,0.000371737216041273,"PON2"
50.9698287842274,0.0261142468466857,0.00628104892795173,4.15762512698681,3.21573146954507e-05,0.000379334126718356,"FAM241A"
95.6045270329668,-0.0284271322581847,0.00683900335994954,-4.15661913907796,3.22991771176166e-05,0.00038035065467814,"RASGEF1B"
15.5588204534642,-0.036187971336986,0.00870573356555387,-4.15679747886744,3.22739847109785e-05,0.00038035065467814,"ENSG00000214719"
305.185838063585,0.0179797014790002,0.0043271220495175,4.15511771409477,3.25120114732425e-05,0.00038252719786778,"SLC4A7"
33.9389645002855,0.0274381426531281,0.00660542672989615,4.15387889005612,3.2688623387015e-05,0.000384274178542706,"GPD2"
96.3703494734046,-0.0147346262729199,0.00354883478125957,-4.15196175114419,3.29637364148092e-05,0.000387175098388903,"SUN1"
10.6271638388212,0.0394775428671451,0.00951178333024899,4.15038289839932,3.31919549206028e-05,0.000389520708088861,"SGCB"
2.34643063103582,0.11526727874157,0.0277767452802121,4.14977628151724,3.32800380745142e-05,0.000390219158882286,"ENSG00000278384"
9.21233912760043,0.0537233101083721,0.0129513871869746,4.14807381887266,3.35284299009283e-05,0.000392794470365935,"CSF1"
5.18477460886705,0.0555015045488134,0.01338203876355,4.14746254509353,3.36180445387679e-05,0.000393506845243847,"TUFT1"
61.028638220211,0.0320937764657908,0.0077400508783833,4.14645549106447,3.37661781443167e-05,0.000394902391653567,"CD226"
4.68638007933422,0.0653250403336862,0.0157610675691422,4.14470910978029,3.40245347354356e-05,0.000397583528217323,"FLVCR2"
42.7264875080908,-0.0284647695520257,0.00686816042905819,-4.14445321218698,3.40625491268256e-05,0.000397687539378152,"KANSL1L"
30.4734030317566,-0.0406040248447086,0.00979991072993242,-4.14330558345695,3.42335296585795e-05,0.000399342455282832,"ENSG00000289526"
30.3143490859903,0.0328052746765262,0.00791963541927206,4.14227081674696,3.43883939030914e-05,0.000400806707095758,"BRCA2"
4.08453512305492,-0.132411090142064,0.0319687035683448,-4.14189739846618,3.44444432686641e-05,0.000401117728090325,"LINC02312"
4.54053072415012,0.0876265655365299,0.0211582433569685,4.14148585296757,3.45063159570501e-05,0.000401495976127176,"ENSG00000291105"
57.8253156467284,-0.0233263866891458,0.00563325425127132,-4.14083683225934,3.46041057496156e-05,0.00040229113577851,"KLHDC4"
170.592044050176,-0.0153698513288381,0.00371356143032182,-4.1388439688491,3.49060236444409e-05,0.000405456022944781,"RALA"
135.004677277231,0.0137918495504705,0.0033334564002081,4.13740211199689,3.51260222519467e-05,0.000407664795209509,"R3HCC1L"
18.5690700429964,0.0492907443740421,0.0119154296416315,4.13671565831118,3.52312234713682e-05,0.000408538635499906,"TSTD3"
634.190559818483,0.0240512621554982,0.00581552709465966,4.13569772163631,3.53877764885363e-05,0.000410005959994407,"INPP4B"
44.2089527002331,0.0616602237870839,0.0149121903078722,4.134887130198,3.5512913195472e-05,0.000411107113771312,"DLGAP1"
88.6303703247191,-0.013481480143623,0.00326098286677385,-4.13417693204887,3.56228967357504e-05,0.000412031134132388,"STARD3"
3.58417590072165,0.0764727687314926,0.0185087379312718,4.1317116820962,3.60071885349915e-05,0.000416123684761408,"FTCDNL1"
200.951569666544,-0.0121187118977016,0.00293460290177871,-4.12959173807,3.63407976935028e-05,0.000419624088329035,"RABEP1"
39.4630739642027,0.0487032748501208,0.0117957454175689,4.12888487552308,3.6452685427434e-05,0.000420560543022591,"CTSW"
1032.50363526694,-0.0126786336467036,0.00307288285375046,-4.12597363782653,3.69169557850037e-05,0.000425557481876077,"TMEM123"
16.4102291428854,0.056947460838548,0.0138032999464052,4.12564104668166,3.69703517312413e-05,0.000425813663278884,"NCAPG2"
61.539528432692,-0.0997429859161653,0.0241868240321116,-4.12385626917125,3.72581441202363e-05,0.000428045625468821,"IFI44L"
47.5999893390511,0.0211833891570802,0.00513647856617927,4.12410737904379,3.72175248939584e-05,0.000428045625468821,"SLC38A6"
20.0300761536729,-0.0587889219253978,0.014255674909971,-4.12389608325582,3.72517010362694e-05,0.000428045625468821,"PLCB1"
22.5307443371875,-0.0453321280257554,0.0109967741034623,-4.1223114705505,3.75089562210826e-05,0.000430564993260495,"LYPD3"
61.9818524831687,0.0160526983882661,0.00389469006106767,4.12168828239581,3.76105895153967e-05,0.000431369145911267,"TRIM37"
220.121465129782,-0.00990558779040177,0.0024051394725621,-4.11850867835525,3.8133221139504e-05,0.00043699647715237,"UBA2"
63.4251173795637,0.01775320116321,0.00431403118483897,4.11522318744498,3.86804953110169e-05,0.000442896534743077,"CSRP1"
72.3099728502745,0.0189039108917025,0.00459790297130798,4.11142014297984,3.93232885778588e-05,0.000449879499140328,"SGK3"
56.8499051117673,0.0203486764649712,0.00495006319167128,4.11079125195994,3.94305562310605e-05,0.000450729203444591,"MTRR"
6.21282633983114,-0.0947022252349413,0.0230413873772689,-4.11009214351252,3.95501265512218e-05,0.000451718000576663,"LY86"
2.94517051387492,-0.0945677351062912,0.0230288125870438,-4.10649636184437,4.01705786014607e-05,0.000458232339279752,"MIR4422HG"
85.9423794480793,0.0169911124853554,0.0041377163402985,4.10639857543488,4.01875799749007e-05,0.000458232339279752,"REEP3"
760.579108824157,-0.0327333627232351,0.00797258296723598,-4.10574124568608,4.03020422106721e-05,0.000459154209005655,"IL6ST"
4.64045796925087,-0.0701083654508317,0.0170961946458379,-4.10081698899585,4.11694062616642e-05,0.000468645074611944,"CCRL2"
18.7709980876794,0.0383324615885278,0.00935004179208062,4.09971018749831,4.13667828634165e-05,0.000470499795099308,"DPY19L1"
381.290040338685,-0.0117041492805942,0.00285783636487288,-4.09545816704409,4.21334305270658e-05,0.000478820849417403,"PUM1"
2.79897262356224,-0.0871248488647973,0.02127663590547,-4.09486016736314,4.22423261765373e-05,0.000479059534302798,"METTL24"
493.014039903163,0.0197699261331696,0.00482809762316221,4.09476520075439,4.22596441313961e-05,0.000479059534302798,"IL10RA"
2.11050566266138,-0.117341827020492,0.0286558300931441,-4.09486748906172,4.22409912832042e-05,0.000479059534302798,"SERP2"
16.456560941017,0.0425530857777092,0.0104058903231228,4.08932676170461,4.32627040570368e-05,0.000490023662868261,"SGO2"
24.7623802687928,0.032352940460047,0.00791454145229438,4.08778457413576,4.35512282515747e-05,0.000492882997445328,"SAP30-DT"
152.038087540864,-0.0119264457427399,0.00291808389992169,-4.08708116413649,4.36834328163152e-05,0.000493969943932835,"SMIM10L1"
15.6791910075924,-0.061433550778426,0.015041359571232,-4.08430836903357,4.42082916003106e-05,0.000499491532886884,"ADAMTS6"
123.566958546549,-0.0128856852118001,0.00315552860100015,-4.0835266736977,4.43573351038535e-05,0.000500761320263338,"DNMT3A"
29.5811221389595,0.0251894110041487,0.00617248766110029,4.0809171904701,4.48583360066064e-05,0.000505999066763207,"ENSG00000291159"
47.0301904424891,0.022401068649119,0.00549024839210917,4.08015576878358,4.50055316559252e-05,0.000507240563052755,"IL12RB1"
135.596209156732,0.0128627100157724,0.00315320200929804,4.07925339951052,4.51805679837709e-05,0.000508793535579811,"GLOD4"
64.2965276532943,0.0524799066614371,0.0128767990856278,4.07553976049931,4.59077370546054e-05,0.000516352508684262,"HDAC9"
173.393681992603,-0.0137017409281216,0.00336202730167961,-4.07544011355185,4.59274010286515e-05,0.000516352508684262,"APEX1"
184.438043416674,-0.0187671295256196,0.00460786579115332,-4.07284638403549,4.64420570612106e-05,0.000521709292315902,"DIP2B"
99.3757220719361,-0.0155854364735582,0.00382936899614616,-4.06997510275016,4.7018162217069e-05,0.00052774699744056,"SS18"
14.3477107480944,0.0342674457781563,0.00842159594411075,4.06899666115182,4.72160238525126e-05,0.000529532746983023,"SPIN3"
273.401382268043,-0.0130923484178048,0.0032182894894296,-4.06810775127793,4.73964644749745e-05,0.000531120348423422,"STT3B"
2.27914818194166,-0.0866341241962208,0.0213014111617038,-4.06706032471565,4.76099216496591e-05,0.000532638435490863,"ENSG00000236846"
478.440300547446,0.0207562188422939,0.00510347465055212,4.06707591661073,4.76067374734447e-05,0.000532638435490863,"SAT1"
178.165560262879,0.0171796790011601,0.00422467439193784,4.06650960697586,4.77225188163082e-05,0.000533461216882791,"MAN2A1"
71.8601635843546,-0.0268792582917344,0.00661199634389617,-4.06522582495797,4.79859759180116e-05,0.0005355297639216,"SULT1B1"
2.21616110974451,-0.135885798650852,0.0334257281469654,-4.06530556502443,4.79695716176046e-05,0.0005355297639216,"ENSG00000226816"
526.664179822613,-0.0125541292525909,0.0030884844950453,-4.06481861014063,4.80698320043751e-05,0.000536027677697767,"PNN"
4113.71755109254,-0.0105672208942202,0.00260003910813952,-4.06425459568632,4.81862066991965e-05,0.000536887099111765,"PTPRC"
69.1539171093773,0.0301154911427644,0.00741044642783162,4.06392400728502,4.82545420471824e-05,0.000537210305105551,"SNX25"
141.840455516533,-0.0129807638416759,0.00319547130722835,-4.0622376462316,4.86045588373272e-05,0.000540666346675806,"LYPLA1"
19.3636569449252,-0.0311453930699586,0.0076674951667104,-4.06200361301577,4.86533239430374e-05,0.000540768433736283,"ENSG00000223725"
3.11827114953695,-0.0799531242039704,0.0196889164995072,-4.06081889808266,4.89008935050144e-05,0.000543078215673574,"CLIP2"
11.8728730172987,0.0543464090760134,0.0133894976864846,4.05888333890754,4.93079379309272e-05,0.000547153884757486,"TRIB1"
70.3141779687339,-0.0162919591824271,0.00401607282683112,-4.05668917993258,4.97732491463964e-05,0.000551868979983583,"MARCHF5"
137.247865427943,0.0147261554836496,0.00363046683843506,4.05627048503697,4.98625126049542e-05,0.000552410318072728,"STN1"
65.1808337922337,-0.0200602966471346,0.00494646418355188,-4.05548203782404,5.00310173079726e-05,0.000553827954965078,"MED14"
68.6282816031804,-0.0197245145725617,0.00486511611247801,-4.05427416664783,5.02902073080152e-05,0.000556246341560719,"NSUN5"
862.079324826624,-0.0229082364687738,0.00565125749257086,-4.05365292572299,5.04240108911405e-05,0.000556923783616068,"CYTIP"
96.3082364648242,-0.014234694978748,0.00351160830282161,-4.05361126618544,5.04329956319968e-05,0.000556923783616068,"PTOV1"
7578.15192898175,-0.00954311132369114,0.00235651615287029,-4.04966938676291,5.12900420999788e-05,0.000565930512993304,"RPL29"
142.908630857386,-0.0216744797432314,0.00535378251386217,-4.0484423278516,5.15596351717132e-05,0.000568446018115902,"KDM6B"
245.383457193264,0.0170285997091871,0.00420649241737327,4.04817078448951,5.16194762783595e-05,0.000568646811259993,"RAD51B"
116.638344122684,-0.0163889878138334,0.00405068212040372,-4.04598221402768,5.21041891763154e-05,0.00057352395177153,"DPEP2"
332.148809063718,-0.008646773661348,0.00213723877469855,-4.04576866361953,5.21517154567746e-05,0.000573584889806394,"CCT4"
55.6863391881515,0.0355844783191997,0.00879872203152873,4.04427804307134,5.24846034815723e-05,0.000576781724503844,"ZBP1"
120.971506146558,0.0233431783677696,0.00577355841862363,4.04311806952053,5.27450429024075e-05,0.000579177882674346,"KAT2B"
18.8103228963741,0.0641520367480848,0.0158701401282654,4.04231066831145,5.29270444726431e-05,0.000580709580318317,"SLC1A4"
71.9115388131637,-0.0161516042817741,0.00399731965679223,-4.0406086249143,5.33126645179559e-05,0.000584471105389469,"RAE1"
17.2159746116828,0.0328022657057675,0.00812792297360184,4.03575006952008,5.44281323655832e-05,0.00059622156224047,"NOMO2"
6.30226000036434,0.0810523061470417,0.020086005243111,4.03526262021865,5.45412575051652e-05,0.000596982033269677,"CXCR6"
145.913093244417,-0.0130794526350793,0.0032417658372048,-4.0346691562266,5.46792867846342e-05,0.000598013656908009,"ZNF428"
203.698827424914,-0.0102598131865427,0.00254415396372893,-4.03270137452884,5.51393298592466e-05,0.000602562596701846,"SLC44A2"
5.00727716117112,-0.071438397542664,0.0177156406644533,-4.03250432178873,5.51855997987176e-05,0.000602586165667851,"MED12L"
198.659920407791,0.0110180067429453,0.00273278840897425,4.03178186308282,5.53555551160243e-05,0.000603959171633301,"CAPNS1"
5115.68133673342,-0.00931176781609453,0.00230998282593494,-4.03109828850165,5.5516819547264e-05,0.00060523523943785,"RPL15"
2.51807259345049,-0.0876017251310698,0.0217400399470455,-4.02951077111407,5.5893054908782e-05,0.00060814211801767,"KCTD3"
7.67031429766712,0.0434116567232854,0.0107737005689712,4.02940999198671,5.59170205146554e-05,0.00060814211801767,"ENSG00000257342"
84.0104618617195,-0.0163001070351885,0.00404516654594237,-4.02952680688484,5.58892424474822e-05,0.00060814211801767,"ITGAE"
273.68681492408,-0.0195908779445797,0.00486276407763425,-4.02875353025778,5.60733676368236e-05,0.000609357360317431,"ITGA6"
86.4630866060671,-0.0173815454418034,0.0043148599395662,-4.02829887533982,5.61818937787437e-05,0.000610051406214339,"MEX3C"
81.1669889055271,0.0211305312438825,0.00524607803132359,4.02787208228987,5.6283950317862e-05,0.000610674155156469,"GUSBP1"
18.5656927256226,0.0373225585928819,0.00927446396547369,4.02422810976717,5.7162491137008e-05,0.000619713991215499,"EMBP1"
95.6014740012692,-0.0216082152942855,0.00536987785477577,-4.02396774724921,5.72257576937408e-05,0.000619907890639572,"TSC22D2"
44.9454771488462,0.0321481183467024,0.00798983504584698,4.02362729170642,5.73085864511983e-05,0.000620313225771291,"BARD1"
43.1615475895163,0.0196743361633386,0.00489100700976725,4.02255325417635,5.75706317022424e-05,0.000622552184274467,"ITPR3"
194.132069678525,0.0116587427411262,0.00289844983604642,4.02240625182912,5.76065857191015e-05,0.000622552184274467,"TRABD"
478.1073223661,-0.00937375276284556,0.00233069331085432,-4.0218731135456,5.77371598511086e-05,0.000623470042344777,"RAN"
107.71768070621,0.0155179333074046,0.00385995856816788,4.02023312772764,5.81405783169322e-05,0.000627330410591859,"METTL15"
191.410638442525,0.0394180403193618,0.00981227888039689,4.01721565396106,5.88898278390628e-05,0.000634913218848932,"SYTL3"
427.245289012505,0.011426884167784,0.0028450258382439,4.01644301931447,5.90831410322609e-05,0.000636495036672464,"CCM2"
228.050250674409,0.0110964470532752,0.0027645646513357,4.0138135485144,5.97455469936176e-05,0.000643123854950998,"UBE2K"
45.8677584812616,-0.0345724483402343,0.00861627833488121,-4.0124572346131,6.00899674544866e-05,0.000646322012148258,"NBEA"
2.39669654587551,-0.129724448534696,0.0323599808235156,-4.00879250337587,6.10300114964507e-05,0.000655916567302531,"GPC3"
296.290185705794,-0.0151466833864702,0.00377866990377881,-4.00846958643382,6.1113507411534e-05,0.000656297571730782,"SLC12A6"
113.200429051098,0.0163366891739114,0.00407655477841475,4.00747446358718,6.13714948420379e-05,0.000658550368847005,"TEX264"
6.50675313956672,0.0549986313883079,0.013728908802239,4.00604535877886,6.17437971699085e-05,0.000662025329153022,"DENND3"
134.987866675277,0.0137189205317934,0.00342483228972538,4.00572038898099,6.18287543564053e-05,0.000662416301575292,"COX17"
11.1304924624753,0.0447896039926711,0.0111831843501026,4.00508500892772,6.19951822456416e-05,0.000663678831877323,"MUC12-AS1"
22.9754604955558,0.0302230516317491,0.00755678955535161,3.99945656953561,6.34880967063378e-05,0.000679128740022376,"KSR1"
7.16396331840781,0.0492239240710235,0.0123175936020426,3.99622894384669,6.43594949875932e-05,0.000687373496114561,"GPSM2"
19.7771778235581,0.0331669488518792,0.00829921014429122,3.99639824455991,6.4313507043624e-05,0.000687373496114561,"SLC35F2"
195.652992941129,0.0205832117390674,0.00515162672349849,3.99547809727357,6.45638263360152e-05,0.000689017084179662,"ANKRD36B"
71.2639556815891,0.0178890286210971,0.00447878056900075,3.99417393763684,6.49201935457874e-05,0.000692279347256406,"CEP164"
2.71130041269614,0.130217930496591,0.0326158507882075,3.99247382330042,6.5387553015382e-05,0.000696719168635037,"HLA-DQB2"
2.46682325696333,-0.0932311622435306,0.0233542897548876,-3.99203586244875,6.55084627421193e-05,0.000697463445874785,"GCAT"
130.495340566691,-0.0155605007387501,0.00389914337151759,-3.99074854554369,6.58650840680082e-05,0.000700714212125383,"HDAC2"
13.0373200035335,0.0582398002011552,0.0146051221355035,3.98762842657649,6.67370793363538e-05,0.000709438524307076,"CCDC122"
9.32415945487293,0.0517846921247347,0.0129899041772533,3.98653380487712,6.70455790332688e-05,0.00071216377106878,"BFSP2"
106.832736203901,-0.0167623634403687,0.0042082538104813,-3.98321113584439,6.79903004933201e-05,0.000721637532819543,"MRPL42"
88.5283457692069,0.0137693084511926,0.00345733417228595,3.98263742092609,6.81546924969036e-05,0.000722820729431447,"PEX16"
132.489644385125,-0.0142887179058825,0.00359031041577381,-3.97980014293637,6.89732288661248e-05,0.00073093429504365,"WIPI2"
67.055392472652,0.0171307015806677,0.00430583270843566,3.9784874937446,6.93550586379144e-05,0.000734410931003032,"CRACR2A"
18.7234605354771,-0.0409490894882025,0.0103037013850477,-3.97421159231438,7.06127682599339e-05,0.000747149817529587,"PLK2"
114.352862115048,0.0189300414713849,0.00476564338782742,3.97219009708882,7.12148520941201e-05,0.00075293721331709,"PATL2"
118.108713871395,0.0119673398739987,0.00301323469116779,3.97159235856294,7.139381124888e-05,0.000754245523325368,"SSR3"
667.670207581264,-0.0125281548661349,0.00315467045442171,-3.9713038325683,7.148034626774e-05,0.000754576143753731,"TNFAIP8"
129.063222147053,-0.0149163497988211,0.00375699421571646,-3.97028819911999,7.17857461004839e-05,0.000757214897090819,"OSTC"
48.0697021071128,0.0195976676282162,0.00493683286249884,3.96968424373528,7.19679395770265e-05,0.000758550968072672,"MFGE8"
25.3478140495624,0.0307165863050251,0.00774066058326836,3.96821252845265,7.24137409364871e-05,0.000762661296216202,"CCDC65"
14.6160883584141,0.0311335257534889,0.00784626993904598,3.96793967010449,7.24966797207409e-05,0.000762946567785301,"CTC-338M12.4"
4.21152237924181,-0.0647031624545825,0.0163119240789905,-3.96661743527356,7.28998641428776e-05,0.000766599033249968,"STAG3"
3.6498591706712,0.0676030970322486,0.0170469564749339,3.96569892881777,7.31811884199464e-05,0.000768965410628052,"OIP5"
224.972464140424,-0.0280149444654076,0.00706731004418076,-3.96401803377442,7.36986814027986e-05,0.000773807830870276,"FCRL3"
10.9665145681723,0.0383699602400424,0.00968564001612121,3.96153069659597,7.44708055835668e-05,0.000781314288995025,"TCF19"
80.7311858022132,-0.0240479462046224,0.00607240884756856,-3.96019879561492,7.48873956788208e-05,0.000785081983862389,"ORMDL3"
40.9874921813243,-0.0319973710009092,0.00808079491494847,-3.95968111277246,7.50499097599881e-05,0.000786182336902943,"CEP19"
321.398028934424,0.009518839897159,0.00240411116718534,3.95940089089281,7.51380177497443e-05,0.000786202672214008,"CDK13"
32.7030752039119,0.0378285953173319,0.0095543429968117,3.95930890590335,7.51669611941065e-05,0.000786202672214008,"CHST7"
93.2469592445142,0.0196713421954166,0.00496925883151881,3.95860687928872,7.53882042164307e-05,0.000787913442690469,"ERN1"
65.9609730587495,0.0159457605824317,0.00402882982610362,3.95791365500618,7.56072773540178e-05,0.000789598936281256,"SEC22C"
4.20634041762248,0.0754525625606418,0.0190659901206795,3.95744265485608,7.57564664028109e-05,0.000789679982481608,"SOCAR"
73.0273556634126,0.025502704492259,0.00644440287395876,3.95734174151544,7.57884668399259e-05,0.000789679982481608,"XKR6"
18.4781805195119,0.0397151086402136,0.0100356077072908,3.95741940085608,7.57638393013429e-05,0.000789679982481608,"WEE1"
16.7670874222354,0.0340425995321212,0.00860369224155547,3.95674305592858,7.59785779015388e-05,0.000790454968876633,"SPRYD7"
61.7850185234512,0.0197978934252235,0.00500344433433567,3.95685294015611,7.59436506954497e-05,0.000790454968876633,"ZNF43"
65.6325292765149,0.016808381343323,0.00424835285986447,3.95644662714275,7.60728749242709e-05,0.000790833692135114,"UFSP2"
37.1749651048522,-0.0286024302108606,0.00723018884837322,-3.95597277065537,7.62238433900626e-05,0.000791800532857988,"CHRM3"
415.280261269974,0.0105070979921065,0.00265622551803733,3.95564981992574,7.63268962705995e-05,0.000792268543355919,"VPS13B"
9.62872473113863,0.0451013651605822,0.0114026888359549,3.95532718724805,7.64299791989808e-05,0.000792736154789733,"ENSG00000258875"
23.9197850058075,0.0388465470894781,0.00982663337593957,3.95318982639503,7.71162097445869e-05,0.000799246908278495,"CTNNAL1"
74.3084659039941,0.0187449010412982,0.00474226567382819,3.95273110588222,7.72642459612766e-05,0.000799923691142696,"NDRG1"
385.738554114358,0.00770059397449986,0.00194822291369802,3.95262468188662,7.72986290123249e-05,0.000799923691142696,"UBXN1"
7.17438768256631,-0.0803163008604375,0.0203240904168293,-3.95177836809523,7.75725681943159e-05,0.000802150856574076,"RASSF6"
166.536608397587,0.0173851462638262,0.00440411651538333,3.94747645824104,7.89792813794631e-05,0.000816079412740897,"GMDS-DT"
51.6046612564986,-0.0241888084002285,0.0061282562740988,-3.9470947881966,7.91052444277725e-05,0.000816763143524847,"DPH5-DT"
142.870489312202,-0.0187902071403038,0.00476526204139392,-3.94316345608716,8.04138076227747e-05,0.000829646988011407,"DMAC1"
65.0678826465002,0.0160376459393695,0.00406807235009337,3.94232072568754,8.06969652857002e-05,0.000831940034568048,"PEX3"
118.620432089229,0.0200889170463297,0.00509631276405146,3.9418532528132,8.08544424513194e-05,0.000832934904890666,"SNHG12"
8.05127430951764,0.0515213974889452,0.013076198305029,3.94008994717756,8.14510638632634e-05,0.000838448780988831,"TBX21"
19.7443878982387,0.0391090554764403,0.00992667388539597,3.93979453016757,8.15514254476566e-05,0.000838849752722131,"ENSG00000291112"
15.9449336301979,-0.0328380402264505,0.00833863870944314,-3.9380576819167,8.21438501119313e-05,0.000844307744566577,"RMI2"
106.006975288039,-0.0128944612343155,0.00327541363923425,-3.93674285282945,8.25950301704966e-05,0.000848306851224799,"ZBTB44"
2.83873806976373,-0.0817876469395974,0.0207849279546635,-3.93494974425671,8.32141066697189e-05,0.000854023063191856,"ENSG00000289389"
58.4132170306171,-0.0319406833362186,0.00811773067567738,-3.93468133057437,8.33071538513908e-05,0.000854336127334834,"LAIR1"
213.842804615725,0.0145641385779354,0.00370167281238076,3.93447484856674,8.33787989582068e-05,0.000854429402677498,"SEM1"
97.4293117431215,0.0192403424110027,0.00489067535929626,3.93408701201775,8.35135278813757e-05,0.000855168508890249,"RAB37"
60.9282389452043,0.0201830248512351,0.00513097943988457,3.93356182532066,8.36962982643437e-05,0.00085639807812055,"SLC66A3"
77.1440087199678,0.0167329573940035,0.00425534597245779,3.93222020073234,8.41649152106719e-05,0.000860548459414504,"MAP3K14"
25.8944018761491,0.0320575703445956,0.00815325835540408,3.93187225857347,8.42868524498064e-05,0.000860581683047308,"MICA"
325.609599860583,-0.0104588575473473,0.00266003377590065,-3.93185140809202,8.42941648548534e-05,0.000860581683047308,"R3HDM4"
13.8178231756454,0.033116386536605,0.00842341783463125,3.9314666785795,8.44291997356681e-05,0.000861316555929221,"PLXNA3"
2.34308747133296,0.121898111909919,0.0310153073248451,3.93025645798685,8.4855304995144e-05,0.000865017512114677,"L3MBTL4"
38.782833498768,0.0212377549350616,0.00540805874397403,3.9270569978046,8.5991608372993e-05,0.000875330599875979,"IMPDH1"
34.5617204166064,0.0261004062356761,0.0066463186038489,3.92704710553017,8.5995143853116e-05,0.000875330599875979,"ERI1"
18.3812136262955,-0.0276631961639989,0.00704792338215693,-3.92501374717455,8.67247851378253e-05,0.000882100197306548,"C8orf82"
72.1012435964144,0.0161391346799174,0.00411249444446225,3.92441495006754,8.69407672528861e-05,0.000883639048120852,"GOLGA1"
31.9643240716021,-0.0410880765543387,0.0104709918336438,-3.92399088903125,8.7094030521985e-05,0.000884538629687967,"MTSS1"
87.9937238271099,0.0335797375774805,0.00855918164668568,3.92324160925868,8.73654578593909e-05,0.000886001582933252,"HERC5"
651.407174885895,-0.0198385730598064,0.00505668721563342,-3.92323515650184,8.73677988441501e-05,0.000886001582933252,"HERC1"
13.8654629123339,0.0416817274378858,0.0106254743883097,3.92281096491508,8.75218206633585e-05,0.000886905096633143,"ENSG00000257176"
119.982345297903,-0.0122004976231247,0.00311151958835306,-3.92107369942108,8.81552937449577e-05,0.000892662203525665,"ISY1"
2.22257317401916,0.0924289289107039,0.0235786073917713,3.92003341736631,8.85366910526333e-05,0.000895860147984423,"IL17RE"
68.7090174910438,-0.0152914315901837,0.0039030439535175,-3.9178220312899,8.93526339546293e-05,0.000902778831227986,"GNL2"
308.534995966168,0.00914444767105823,0.00233400121175086,3.91792755934282,8.93135360334355e-05,0.000902778831227986,"GOLGB1"
5.05705014008103,0.0553713999646316,0.0141370882756861,3.91674713242494,8.97518038887783e-05,0.000906141641626542,"RBM44"
14.9012514786469,0.0327060068012512,0.00835176171482386,3.91606081662987,9.00075517459938e-05,0.000908052553065196,"ITIH4"
42.4427748040692,-0.0272756456636151,0.00696539610725318,-3.91587861531845,9.00755625598924e-05,0.000908068032891609,"HIP1R"
81.9998547306703,0.0249017755961403,0.00635953458761982,3.91566006176252,9.01572067197439e-05,0.000908220828754942,"CASP1"
668.878942949356,0.00707429333636221,0.00180696863644145,3.91500615655066,9.04019010766195e-05,0.000910014715332809,"HCLS1"
972.058476924362,0.0101120954932026,0.00258418900032178,3.91306343767561,9.11325811695338e-05,0.000916694446815782,"KMT2E"
249.000208634267,0.0126302275973351,0.00322873102693638,3.91182402373092,9.16016505971369e-05,0.00092073476611986,"SPIDR"
111.371122748638,0.0172166479217616,0.00440332847537033,3.9099167863723,9.23279217945758e-05,0.000927352508613166,"BMAL1"
81.4515188700523,0.0216023690925252,0.00553154622514287,3.90530390839629,9.41070424283063e-05,0.00094452769990497,"MINK1"
70.8928476003451,-0.0189168524731334,0.00484596466143603,-3.90362988481383,9.47606584490142e-05,0.00095038957005399,"LAMTOR3"
26.1590599997148,0.0287438994728581,0.00736798091753578,3.90119081395116,9.5720661668064e-05,0.000959313454428286,"ENSG00000289135"
274.613881743134,0.0103236741295404,0.00264854379770315,3.89786800523867,9.70432835975755e-05,0.00097185575802264,"SSU72"
196.753262848253,0.0117825797942557,0.00302348799506559,3.89701557058775,9.73853601882357e-05,0.000974567047744542,"TRAPPC9"
100.436724665076,-0.0159168693169203,0.00408682805037505,-3.89467555784725,9.8330253934984e-05,0.000983302539349841,"SLC8B1"
186.01761050503,-0.017626879234827,0.00452631793980414,-3.89430867854362,9.84791818649564e-05,0.000984071414978277,"NOP10"
7.51894557597247,0.0536201704094804,0.0137717208146987,3.893498214998,9.88089298397987e-05,0.000986644723400329,"IFI30"
18.2296223682605,-0.0334743228605835,0.00860191756961588,-3.89149542409278,9.9628268486019e-05,0.0009940994503426,"ZNF551"
23.6192037528513,-0.0236336163912329,0.00607701290156709,-3.88901863037652,0.000100650392202198,0.00100356522443943,"CRAMP1"
185.994642001437,0.0123753791959086,0.0031832871408217,3.88761008619354,0.000101236077595976,0.00100866872353102,"SDHA"
224.956340989209,-0.0127406755961879,0.00327801549831545,-3.88670389225898,0.000101614580224952,0.00101170201594231,"NT5C3A"
35.6655239737195,-0.0289097617883395,0.00744103540291276,-3.88517998140728,0.000102254106790194,0.00101732782137949,"PDE9A"
160.747069102721,-0.0117614348778994,0.00302821404251179,-3.88395097334129,0.000102772639448433,0.0010217425435703,"LAMTOR5"
141.414686348143,0.0180541966984352,0.00465339585047313,3.87978957272666,0.000104546870951668,0.00103862564159984,"RNF166"
245.430872752462,0.00960894439063509,0.002478559013813,3.87682695351794,0.000105827569044629,0.00105058473339362,"MICU2"
52.6885848025342,0.0238340230825254,0.00614811850529969,3.87663690314044,0.000105910228391457,0.00105064177184264,"IFFO2"
13.6261610843531,-0.040278803957897,0.010400062003214,-3.87293882915789,0.000107530823684912,0.00106594415931487,"DTX1"
11.551821322407,0.0471474533685847,0.0121828827865525,3.86997512777733,0.000108846457359296,0.00107820348624219,"CENPU"
429.90118647645,-0.00805709322587019,0.00208290035263616,-3.86820868106963,0.000109637818921354,0.00108525551193167,"WASF2"
96.7431323772904,0.0277860182101912,0.00718401356569073,3.86775692391383,0.000109841074325024,0.00108648014140466,"SH3BP5"
152.861720142481,-0.0129694891824068,0.00335410696040849,-3.8667488352331,0.000110295917878659,0.00109018975269355,"DNM2"
6.61397123441291,0.0624137027035415,0.0161447556390422,3.86588091507616,0.000110688941113774,0.00109328339523799,"ERRFI1"
158.352453967253,0.0133685779672333,0.00345901719282135,3.86484866134164,0.000111158100172302,0.00109712402337691,"REV1"
12.2533291240581,0.0332068345307737,0.00859539061449962,3.86333047793743,0.00011185152367909,0.00110317098444503,"TK2"
117.828058501722,0.0359854976689703,0.00931652010204755,3.8625470964273,0.00011221092371147,0.00110591718463108,"MIR4435-2HG"
187.458418608211,-0.0123974391666467,0.00321075536401629,-3.86122197461314,0.000112821344496524,0.00111113162640412,"PHF20L1"
7.19136028344319,0.0599066221487293,0.0155182976292603,3.86038620858601,0.000113207951590503,0.00111413589245409,"ZSWIM5"
48.8790187160756,0.0193538824684986,0.00501447324239225,3.8596042959969,0.000113570778382092,0.00111690196738617,"LPGAT1"
13.1118664541455,-0.0725962596648356,0.0188145470450093,-3.85851753386177,0.00011407688485791,0.00112107212025831,"LRRN3"
22.2636329496647,0.0289692976915397,0.00750966444076621,3.85760214987502,0.000114504830068297,0.00112446871224511,"MAD2L1"
690.255597227198,0.0179456090437232,0.0046545648906744,3.85548584351631,0.000115500014701053,0.00113342686840257,"ARID5B"
26.7643821795873,0.0277840861197007,0.00721199228517778,3.85248417095551,0.000116925537414123,0.00114659213286211,"LINC02340"
32.3808262454641,0.0268862902794388,0.00698036641381141,3.85170185711761,0.000117299782155504,0.00114943688970172,"OGFRL1"
300.371742482842,-0.0105073822776893,0.00272984612256501,-3.84907493167283,0.000118564737268401,0.00116099950615509,"NDUFB2"
12.894653399517,-0.0382109884547798,0.00992907618447117,-3.84839311783516,0.000118895150488262,0.00116340097111007,"ZNF496"
5.437541567431,0.058278052607609,0.0151460405552406,3.84774175105749,0.00011921161957688,0.0011656626509808,"TNFSF14"
7.19090728425218,0.0480714696107113,0.0125024394489035,3.84496720077515,0.000120568564302736,0.0011780876883944,"ENSG00000287127"
273.885108478068,-0.0100080003836383,0.00260335811326283,-3.84426573226806,0.000120913929474601,0.00118061778171769,"UBE2I"
182.194694305498,0.0323599691219839,0.00841834202654685,3.84398365140526,0.000121053073621826,0.00118113213262439,"ENSG00000290048"
7.1807682484065,-0.0459859433700095,0.011966318049481,-3.84294844745533,0.000121565011171388,0.00118528055146407,"ENSG00000260271"
154.733519863673,-0.011032512250203,0.00287186584369542,-3.84158343413657,0.000122243169429565,0.00119104257803699,"LUC7L"
15.472673673481,-0.0299453395712449,0.00779968464899788,-3.83930132035432,0.000123384928587917,0.0012013101386393,"UBOX5"
20.8952851153296,0.0501889550816644,0.0130814363375908,3.83665476683484,0.0001247216079316,0.00121345951876472,"TBXAS1"
4.76491805868379,0.0593020132186098,0.0154679181308674,3.83387167664588,0.000126141964933579,0.00122640515373145,"MMP28"
95.7690819947184,-0.0147349446497877,0.00384628500188896,-3.83095497149879,0.000127646866421725,0.00124015376623098,"NUS1"
44.0742678073923,-0.0207843066146402,0.00542934927602361,-3.82813953532612,0.000129115554519964,0.00125353125425921,"SYNGAP1"
3.78028814000633,-0.0642673702157872,0.0167893212366782,-3.82787185436584,0.00012925601778445,0.00125400369526676,"FAM53A"
169.54218241953,-0.0115553380359827,0.0030198316141642,-3.8264842257375,0.000129986475023235,0.00126019535047367,"AKAP17A"
6.2492440951641,0.058504077286815,0.01529089260689,3.8260733883157,0.000130203487931434,0.0012614040036478,"CTTNBP2NL"
5.07189565853349,-0.0512047912787749,0.0133954656793987,-3.82254656197016,0.000132080527821212,0.00127868179308133,"GALNT7-DT"
8.73516550709912,0.04843842270058,0.0126734212810459,3.82204786114255,0.000132347993820479,0.00128036373625194,"IER5L-AS1"
240.57504442951,-0.0200431048911758,0.00524492328345017,-3.82142956302522,0.000132680311535073,0.00128267024456412,"LINC00869"
77.6105191635861,0.0163501752792513,0.00427962749657489,3.82046691968794,0.000133199270438982,0.00128672235321792,"LANCL1"
181.283411720594,-0.0108111057078195,0.00282990795571245,-3.82030294872179,0.000133287857233042,0.00128672235321792,"RBM22"
3.02533882846767,0.0699984790603645,0.0183266301923721,3.81949536415588,0.000133724972656974,0.00129003045656375,"GARNL3"
49.8551604015354,0.0215865081702419,0.00565426362169501,3.81773995952646,0.000134679770765925,0.0012983243956687,"MFSD4B"
29.1580718749129,0.0288040851453958,0.0075474302370338,3.81640959118239,0.000135407658001519,0.00130350148576515,"DMGDH"
148.521883851373,-0.021460724894032,0.00562320673977118,-3.81645667448914,0.000135381834073219,0.00130350148576515,"BICDL1"
59.6524339352404,-0.0183472385654591,0.00480859366389298,-3.81551028177444,0.000135901796781673,0.00130733700284342,"RREB1"
58.4743121031333,-0.0204605347261333,0.00536411537691305,-3.81433531690885,0.000136549958511329,0.00131264773628765,"WDR3"
159.281578525623,0.0149505361170294,0.00392127834713981,3.81266892923689,0.000137474205892025,0.0013206031311428,"ZC3H6"
109.745211640069,-0.0205385206820193,0.0053903443440692,-3.81024279174615,0.000138830383063592,0.00133269362800327,"CKAP2"
22.2742818404537,0.0280564784676907,0.00736643365295109,3.80869220975755,0.000139703727111211,0.00134013547214827,"GRN"
236.060627759637,-0.00900321324261836,0.00236424292034391,-3.80807452785297,0.000140053067162406,0.00134197247741021,"PCMTD1"
4.37057214361992,0.0708761383637756,0.0186124005402871,3.80800629184624,0.000140091709574448,0.00134197247741021,"ZBTB32"
111.305656339266,-0.0124570945144876,0.00327213108454741,-3.80702795597525,0.000140646851708101,0.00134634617682737,"TECPR1"
113.692984250208,-0.0126605155118435,0.00332798035052438,-3.80426390133241,0.000142226490844785,0.00136051391102225,"ACSL3"
48.2650982635951,0.0231143405359763,0.00607903185182361,3.80230620588744,0.00014335539282922,0.00137035316028491,"ACOT9"
20.7257492716849,-0.0437774129429052,0.0115168471425495,-3.80116297464499,0.000144018532522489,0.00137572947850154,"NEDD4"
47.0765458010132,-0.0206483087481091,0.00543552094044939,-3.79877273481757,0.000145414353817965,0.00138809229430706,"TMEM70"
7.90608632012815,0.0557453201245486,0.0146789667848807,3.79763241796868,0.00014608474050351,0.00139351784586448,"CAMK2N1"
1355.98104922992,0.0124855501201249,0.00328790514025261,3.79741798729802,0.000146211127878098,0.00139375017921481,"ANKRD12"
3.44976326079739,0.119463151276579,0.0314719733681893,3.79585829839726,0.000147133525462312,0.0014015648241389,"VWDE"
92.9582106888079,0.0326303845131886,0.00859770951140715,3.79524156636087,0.000147499769222425,0.00140407445824274,"JAZF1"
98.0504238577105,-0.0214729271669155,0.00566021947156033,-3.79365628396669,0.000148445125475229,0.00141110675991067,"TRIM8"
48.8719050299823,0.0194223414569748,0.00511957304596467,3.79374242394761,0.000148393611136312,0.00141110675991067,"ARID3B"
2.68549626671431,0.0845163495845997,0.0222795839758191,3.79344379483606,0.000148572272467661,0.00141133326975539,"CFAP299"
257.90425299783,-0.0124966673260899,0.00329492484150212,-3.7927017844792,0.000149017073400763,0.00141181188498792,"PCBP1"
215.140639645931,-0.012897447420971,0.00340062461281925,-3.79267013840687,0.00014903607160707,0.00141181188498792,"SELENOH"
105.616405013922,0.0150220121123554,0.00396030970136241,3.79314075037808,0.000148753782398146,0.00141181188498792,"H2AJ"
8.50860164041242,-0.0539162643252979,0.0142157543904703,-3.79271214487509,0.000149010854200549,0.00141181188498792,"ENSG00000291262"
9.52975114358155,0.0425975348610161,0.0112360263688135,3.7911565408256,0.000149947402832972,0.00141946051469051,"C5"
181.008692619319,0.0143861010716914,0.00379541450421046,3.79038997077452,0.000150410950582989,0.00142286259346511,"LINC00342"
457.296693813324,-0.0196296001793548,0.00517981329773952,-3.789634693575,0.000150868988669287,0.00142620787904668,"EIF5A"
45.37827961014,0.0199744261379656,0.00527264991771676,3.78830881049945,0.000151676248368212,0.00143284754682557,"GDE1"
155.910794215826,0.012141891985403,0.00320543286926123,3.78791023884441,0.000151919711232586,0.00143415567065454,"SHPRH"
88.3060968660925,0.0146115936314811,0.00385858012622699,3.78677989143344,0.000152612173412903,0.00143969771327365,"PXN"
54.9954582516498,-0.0159123649841149,0.00420513334388949,-3.78403339034119,0.000154307108034605,0.00145468260576447,"PINX1"
178.039710592291,0.0112704107557103,0.0029793553689165,3.78283533186209,0.000155051996526342,0.00146069673968953,"CALCOCO2"
24.9297141608878,0.0266872721531544,0.00705528791080145,3.78259151016317,0.000155204005683367,0.00146112110105775,"DPP3-DT"
136.48112308809,-0.0147955663627104,0.00391198034311771,-3.78211674522854,0.000155500397559541,0.00146290318916207,"JAK3"
147.516178060235,0.0161759704386184,0.00427722223231428,3.78188683216163,0.000155644121798779,0.00146324755937462,"OSTF1"
40.5001226961172,0.0228114431610624,0.00603444507312435,3.78020561702648,0.000156698896343793,0.00147215056675118,"ATAD5"
300.057325072884,0.00922484801975131,0.00244109061653499,3.77898630934298,0.00015746808051171,0.00147836012356698,"HADHA"
9.25712131360408,-0.0563885778101594,0.014930455986882,-3.77674853733221,0.000158889002991415,0.00149067567366946,"ZNF154"
18.0097595271359,0.0335403699550859,0.00888583855997422,3.77458691475296,0.000160273022914189,0.00150262834111724,"APRG1"
18.7966675455645,-0.049474849217957,0.0131100039731875,-3.77382412081207,0.000160764118376252,0.0015061988045402,"PLAG1"
22.3903310522931,-0.0283301317503578,0.00750820723260078,-3.77322187210654,0.000161152852924768,0.00150880601161915,"ZNF275"
74.4278082090482,0.0175108351734636,0.00464177512958448,3.77244366317053,0.000161656474809302,0.00151248455198292,"OSTM1"
563.32172894669,-0.0192556092200739,0.00510568588336619,-3.77140499042581,0.000162330964861731,0.00151775563313569,"UBALD2"
228.038692864126,0.00901170783854547,0.00239118087674014,3.76872696089431,0.000164082250938589,0.00153308040206643,"DNAJB14"
88.6371558828433,0.0194124225696879,0.00515144163768058,3.76834756851253,0.000164331785748821,0.00153436240145516,"RAB33B-AS1"
160.435898730205,-0.0117238632149991,0.00311365703857966,-3.76530332972931,0.000166347014912657,0.00155211763914406,"HTATSF1"
22.8103126037463,-0.0258632450975057,0.00687166413837727,-3.76375279360106,0.000167382355293034,0.00156071192716918,"URB1"
36.0794311554267,-0.0300245626285459,0.00798598267532579,-3.75965787169969,0.000170145880890267,0.00158539749860918,"HOOK1"
111.027593695854,0.0134910217840945,0.00358981769952171,3.7581356250742,0.000171184092989283,0.00159398412422195,"CEP192"
106.059335339328,-0.0120035294286362,0.00319493217986429,-3.75705296791186,0.000171926116369593,0.00159980296294867,"NUDCD2"
56.8692339885805,0.0195452151073963,0.0052045203800812,3.75543060263534,0.000173043706078775,0.0016091062117332,"RRS1"
52.4677301312351,-0.0189635926427713,0.0050513724673159,-3.75414657411865,0.000173933067630534,0.00161627598900211,"ZNF121"
82.0647334140148,0.0189563028035068,0.00504996806537637,3.7537470649518,0.000174210656841424,0.00161775497787481,"RAB27A"
83.6573956420594,-0.0142557705873801,0.00379891018839767,-3.75259479176921,0.000175013621412571,0.00162382676973789,"ZNF32"
46.5798658401607,0.0222929980151819,0.00594088972790924,3.75246790231661,0.000175102257088134,0.00162382676973789,"LRRC23"
312.027184475622,0.0272912071092648,0.00727752264523366,3.75006831852855,0.000176786398936156,0.00163833257087374,"ZC3H12B"
486.103133475083,-0.0223409699569282,0.00595830613844518,-3.74955053295702,0.000177151797936999,0.0016406058032674,"DDX21"
25.9624372657724,-0.0241077154381403,0.00643012780238375,-3.74918138162095,0.000177412739932843,0.00164190923271181,"ZNF8"
79.927929491038,-0.0122695518666191,0.0032727491541024,-3.74900467126823,0.000177537779053008,0.00164195400261617,"MRPS16"
1940.20358715944,-0.0179756135608916,0.00479850445997455,-3.74608666321567,0.000179614562962645,0.00166003716513513,"ETS1"
189.524171770416,-0.0131951568790586,0.00352261093860814,-3.74584565511862,0.000179787108857064,0.00166050838876775,"HNRNPAB"
54.4341969628073,-0.0162863496425161,0.00435011352563138,-3.74389071608246,0.000181192486632477,0.00167235768067543,"TSR1"
87.1947622391051,-0.0215021290263571,0.00575135275378667,-3.73862114651204,0.0001850323227042,0.0017065098727106,"EPHX2"
5.99525315808985,0.0443342353870871,0.0118589206963547,3.73847136027438,0.000185142579162307,0.0017065098727106,"ZSCAN2-AS1"
301.224069495002,-0.0128466341025833,0.00343729773123645,-3.737422564778,0.000185916321106009,0.00171248614046398,"ARHGAP9"
31.8080771484439,0.0210135855344117,0.00562297964611073,3.73709080539643,0.000186161706539559,0.00171359091059998,"SARM1"
13.3577200804479,0.0380839134721173,0.0101943500117993,3.73578633537572,0.000187129511299861,0.00172133947768088,"STX17-DT"
20.3822901297435,-0.0349617101579299,0.00936058558853835,-3.73499177238858,0.000187721324376995,0.00172562132637264,"TAMALIN"
202.781095544906,0.0126589110419196,0.00338945231789057,3.73479543438389,0.000187867833327254,0.00172580672713537,"TRAPPC5"
8.45699836877899,-0.0843035384148575,0.0225779714455644,-3.73388453511486,0.000188548960567767,0.00173089973209388,"ENSG00000286797"
31.1372274823946,-0.0384040644363358,0.0102862549088334,-3.73353225024162,0.000188813004357539,0.00173215959672531,"MAGI3"
37.5138977154104,-0.0200302020753229,0.00536679753387698,-3.73224477891811,0.000189780946047497,0.00173987095503947,"MTFMT"
465.955424660859,0.0174572123492145,0.00467823753714718,3.73157887144398,0.000190283414050793,0.0017423390341729,"PHACTR2"
401.427532763984,-0.0107579557659949,0.00288297246082022,-3.73154995831428,0.000190305259076571,0.0017423390341729,"TAB2"
553.109662062352,-0.0088490587332425,0.00237178832559958,-3.73096479046269,0.000190747883693778,0.00174522176239585,"DGKA"
20.5979410040698,0.033919100139338,0.00909244877676026,3.73046920275571,0.000191123505855559,0.00174748801203945,"LINC01422"
168.450208057995,-0.0113536097810839,0.00304364238879672,-3.73027062012121,0.000191274213136361,0.00174769615481117,"PLCG1"
132.972681489112,-0.0120433745664353,0.00322991001147956,-3.72870281946909,0.000192467967693846,0.00175742810073392,"AGO2"
52.9909188559678,-0.0169030781059199,0.00453431660654498,-3.72781161366664,0.000193149667092866,0.00176247458416068,"MAP2K7"
74.7252649892028,0.0137846160564482,0.00369867496051649,3.72690658238411,0.000193844263489761,0.00176763193542733,"PLPBP"
224.366217672703,0.00976732723897457,0.00262095268265998,3.72663242018615,0.00019405514120217,0.0017683744021492,"HECTD1"
17.0480179715001,0.0361492217492481,0.00970300506829744,3.72556970699296,0.000194874588837362,0.00177465792234557,"AFAP1"
33.7309138544399,0.0194717738575194,0.00522889751226213,3.72387751181903,0.000196186138103895,0.00178541149000613,"WSB2"
327.521809093346,-0.0218805188717126,0.00587726923780885,-3.72290565335238,0.000196943129719349,0.00179110729158876,"ENSG00000289341"
291.018190708367,0.0229504334712026,0.00616506940056301,3.72265614221742,0.000197137919065119,0.00179168594439756,"TIGIT"
188.664872218895,0.0114511191441089,0.00307751097191785,3.72090278429543,0.00019851185167775,0.00180297333372212,"SCAMP2"
203.240348124907,0.0358318641391036,0.00963059185733272,3.72062949711874,0.000198726808418263,0.00180372638072656,"SLA"
7.69303164570877,-0.0507278995458222,0.0136357692797341,-3.72020811625315,0.000199058678332104,0.00180553887517698,"RNF144B"
49.9099686277579,-0.018095558051242,0.0048646999451877,-3.71976858904579,0.000199405394670902,0.00180748353762742,"RIT1"
66.0044516712627,-0.0211693896726802,0.00569201426090715,-3.71913855136871,0.000199903382845345,0.00181079589500492,"TMEM71"
584.353661607055,0.0202911394131135,0.0054581949235701,3.71755492378815,0.000201160262504701,0.00182097361551638,"CD99"
123.680215195259,0.0126239738305938,0.00339621975949894,3.7170662455766,0.000201549608844492,0.00182328983895083,"AKIRIN2"
173.757543954956,-0.0158963000701481,0.00427757563975587,-3.71619379968587,0.00020224647656309,0.00182838310380662,"TBL1X"
3.07485536005241,0.0951674795767979,0.0256187369259232,3.71476079605233,0.000203396005146559,0.00183755914702513,"HLA-DRB6"
66.5087550089942,0.0376822060406369,0.010148627860829,3.7130345655968,0.000204788904759285,0.00184892031659738,"TRAV17"
364.356287077669,0.00833630256278097,0.00224658609481315,3.71065350312083,0.000206724898360395,0.00186516652021334,"PARK7"
832.811779865901,-0.00664945232499993,0.00179225813049202,-3.71009745296817,0.000207179480894169,0.0018680341313626,"SEPTIN7"
188.890163920238,-0.0107282881555867,0.00289232013646234,-3.70923260545725,0.000207888377874366,0.001873189473459,"ABCE1"
51.7648102300553,-0.0237978238777742,0.00641651327742486,-3.70884043231108,0.000208210584005827,0.00187485601682241,"EXOSC5"
6.9385943168005,0.0580952395000777,0.0156693182509378,3.70757926858757,0.000209249927760314,0.0018829736582384,"FBXO2"
51.6769519300629,-0.0160410056771154,0.00432714032696623,-3.70706851754951,0.000209672229933046,0.00188553170565202,"EMC8"
144.081513608475,-0.0170701181635858,0.0046058058579385,-3.70621747639754,0.000210377671287673,0.00189063091433527,"PRMT1"
239.661483154098,-0.0085188861296729,0.0022989674632787,-3.70552705322918,0.000210951610939599,0.00189454240988489,"CCAR1"
6.58608324408356,-0.0541492419753139,0.0146145601307706,-3.70515715086793,0.000211259710517199,0.0018960628420926,"SSTR3"
58.4924548799558,-0.0190523029105061,0.00514235815781625,-3.70497392943102,0.000211412476018563,0.00189618806461824,"MYNN"
108.092427058522,0.0250156013685349,0.00675345549290218,3.70411878701592,0.000212126845619186,0.00189958865748922,"PRKN"
10.5914553342375,-0.0385722868588912,0.0104136257425457,-3.70402084850247,0.000212208806100187,0.00189958865748922,"ZNF542P"
80.8332332902185,0.0164177250314177,0.0044322367368719,3.7041624818544,0.000212090288900541,0.00189958865748922,"MMGT1"
23.4997497610184,-0.0257051433358472,0.00694236671162961,-3.70264844880447,0.000213360440299067,0.00190739765345894,"RIMKLB"
135.826936211909,0.0106939075605207,0.00288806127108214,3.70279802149549,0.000213234643643027,0.00190739765345894,"EMC4"
5.95347192391346,0.0499593079130874,0.0134940969876789,3.70230834702789,0.00021364673902436,0.00190870794968787,"PDE2A-AS2"
423.622430763884,0.0069077610675838,0.00186639557887525,3.70112378413726,0.000214646726616235,0.00191638842194626,"SSR4"
144.789278287828,-0.0145402117218311,0.00392968756407172,-3.70009357862674,0.000215519980007735,0.00192292810379207,"NOLC1"
40.7567197701119,0.0185788924418502,0.00502225954331237,3.69930950036021,0.000216186838158513,0.0019276189355387,"KCTD9"
276.243556774089,0.0108742369835462,0.00294274617039229,3.69526841728813,0.000219654610696725,0.00195726156693886,"VTI1A"
251.264059730941,0.0108032182536436,0.00292382610554764,3.6948908258072,0.000219981287126504,0.00195889464286053,"RNPC3"
5.7855793330912,-0.0775097969358572,0.0209855786692657,-3.69347913428633,0.000221206668705636,0.00196852318861172,"PLS3"
340.456497404384,-0.00776547987494069,0.00210268715789858,-3.69312184447898,0.000221517819286824,0.00197000873141797,"XRN2"
50.9742158581228,-0.0209919849939455,0.00568714298581398,-3.69113015908128,0.000223259847408222,0.00198420918386227,"MTURN"
46.6023493260617,0.0208425828082406,0.0056481098795638,3.69018720468842,0.000224089080724368,0.00198904948719311,"TNFRSF10B"
49.921235849429,0.0158715007880989,0.00430101027095264,3.69017969924156,0.00022409569259079,0.00198904948719311,"COG1"
394.140065503449,-0.0134323882899497,0.00364060418406993,-3.68960414557709,0.00022460326804249,0.00199226015679247,"TCF12"
52.1904523619453,-0.0252800884335023,0.00685317236349645,-3.68881549925071,0.000225300520576674,0.00199714802795417,"TTC9"
130.118276439351,-0.018831686080952,0.00510659471176366,-3.68771894851395,0.000226273372455072,0.00200447099074986,"DCTN4"
17.4191456752426,-0.0425497937247147,0.0115475696960032,-3.68474015267835,0.000228936080235112,0.00202674455995569,"SLC22A23"
137.66309920001,0.0123230866963408,0.00334582163622214,3.68312720646254,0.000230390117583922,0.00203829598846915,"IBTK"
33.1904076144574,-0.0626554936503156,0.0170148693767728,-3.68239639475854,0.0002310517782302,0.00204150536262907,"ANKRD55"
22.4100738904249,-0.0261409680630974,0.00709867096189517,-3.68251581224416,0.00023094353854315,0.00204150536262907,"GOLGA7B"
165.51846416968,0.0114139011559653,0.00309995471125118,3.68195738942217,0.000231450100843696,0.00204370289432766,"NSRP1"
32.0671369620551,0.068563677063825,0.0186236065652893,3.68154668771912,0.00023182332610142,0.00204567612050736,"UTS2"
12.3396535848903,0.0376535379042476,0.0102300708808291,3.68067223999488,0.00023261986295569,0.00205137981147496,"TSPOAP1"
5593.58632610154,-0.00970577943213649,0.00263712803507807,-3.68043542180505,0.00023283602285746,0.00205196133692445,"RPLP0"
106.208922066612,0.0123749574321108,0.00336255137843806,3.6802285048977,0.000233025044131054,0.00205230309660232,"DNAJC9"
13.0643118072168,-0.0764960258411686,0.0207877214659996,-3.67986582686735,0.000233356702654401,0.00205389984423912,"CMPK2"
178.270633841802,0.012120069068844,0.00329382078980017,3.67963828098227,0.000233565012846065,0.00205440957854298,"EDEM3"
593.160517274176,-0.00738250529117994,0.00200700466914701,-3.67836976399141,0.000234729496720326,0.00206332363268961,"SET"
35.6684376584082,0.0323593088760141,0.0087982494532781,3.67792582466021,0.00023513831319674,0.00206558801174757,"EPHA1-AS1"
84.3367979826652,0.0135200760990122,0.00367900813770593,3.67492421678706,0.000237920024350301,0.0020886809335637,"PIK3CB"
3.69883422777596,0.0634266629979783,0.0172614084166674,3.67447785643809,0.000238336312113273,0.00209099166568228,"APOBEC3H"
3458.25910721923,0.0118277345942829,0.00322197649249764,3.67095620400203,0.000241644747912353,0.00211865677566286,"CD52"
20.5183240096293,0.0348171134854598,0.00948655678235828,3.67015285780059,0.000242405467442559,0.00212396323621895,"BMERB1"
3.58946485098951,-0.0812733685707634,0.0221537619787733,-3.66860349265446,0.000243878970120379,0.00213550431528486,"CHN2"
130.092477412649,-0.0154503375687576,0.00421395541231233,-3.66646916187457,0.000245922560149092,0.00215201932840269,"SMAD3"
73.3443249004335,0.0147009677876038,0.00401061022863442,3.66551894837444,0.000246837533449119,0.00215864321825542,"NTAN1"
6.87496979010856,0.0534028943289373,0.0145770635914584,3.66348777954358,0.000248804091862541,0.002174449068997,"PIP5K1B"
93.7215963263041,0.0161059695268238,0.00439735379797441,3.66265037264975,0.000249619131581541,0.00218017732570579,"PDLIM2"
7.58957376159215,0.0495965759744072,0.0135423365167895,3.66233521910479,0.000249926515403828,0.00218146722071328,"ENSG00000227803"
48.1664843697466,0.0211604160458461,0.00578012208901961,3.66089430637532,0.000251336431811153,0.00219237270660304,"TATDN3"
15.7613686677776,-0.0365111012844729,0.00997811289325596,-3.65911888100105,0.00025308392354203,0.00220620701696499,"ENSG00000228162"
147.393802615047,-0.0154589503326237,0.00422527970791202,-3.65868093979108,0.000253516722978614,0.00220857043105093,"PTAR1"
5.64052545346331,0.0516231220095856,0.0141118745029607,3.65813358096084,0.000254058631292019,0.00221188075426958,"ALG1L9P"
268.463413327181,-0.0123164227610566,0.00336765294607337,-3.65727198089616,0.000254913852957608,0.00221791288624263,"TMEM243"
10.2641524834452,-0.0416343103730409,0.0113901397664036,-3.65529407249643,0.000256887342030894,0.00223366078430427,"BEND5"
197.166760509494,-0.0113276519296914,0.00309979602948763,-3.65432171082681,0.000257862775420144,0.00224071597470685,"RPAP2"
11.2010744686748,0.0373433496817663,0.0102195779425182,3.65409901385464,0.000258086664162797,0.0022412357485466,"FBXO48"
17.815139553434,0.0348787830424454,0.00954655321314048,3.65354722942685,0.000258642187056789,0.00224463295755764,"HRH2"
81.4955837617976,-0.0137259168983151,0.00375761992181736,-3.65282204797249,0.000259373986945173,0.0022495547058229,"SMIM11"
146.957123500416,-0.0239414705099176,0.00655526132931294,-3.65225264214248,0.000259949949689255,0.00225311948778885,"BANF1"
10.7828777717911,-0.0423582532228788,0.0116080449114702,-3.64904284450379,0.000263219206354389,0.00228000910513694,"DCBLD2"
79.5127741414704,0.0185775691472226,0.00509368461894199,3.64717695283642,0.000265137338439532,0.00229516859511027,"ENTPD1-AS1"
9.46581736273124,-0.036299377243285,0.00995634181805507,-3.64585486382748,0.000266504366049792,0.0023055412541103,"PODXL2"
37.8017725057961,0.0240509041085489,0.0065995509873768,3.64432431154058,0.000268095194178948,0.00231783566612939,"KCTD7"
72.4106427970513,-0.0146147972885622,0.00401247150889875,-3.64234294403086,0.000270167813624968,0.00233427725118094,"USP39"
61.6714027574445,0.0207643758965481,0.00570161069868051,3.64184385674621,0.000270692249355007,0.00233733004183906,"THRA"
198.55030705934,0.0227298729294136,0.00624271440648168,3.6410239920336,0.000271555826383765,0.00234330548856742,"STAT4"
6.42666798566615,-0.0446055580105589,0.0122583264091202,-3.63879672655579,0.000273914896059647,0.00236031175648319,"LRRC1"
75.4018119508941,-0.0169106426060229,0.00464747339114029,-3.63867443292102,0.00027404498138963,0.00236031175648319,"MCM7"
3.59104553499181,-0.0714435058066027,0.0196329130983731,-3.63896613042733,0.000273734794564834,0.00236031175648319,"SETBP1"
86.6573451537876,-0.0215539440260455,0.0059243599494658,-3.63818947698967,0.000274561405591532,0.00236326956545704,"MSH2"
7.33184962922874,0.0419035498004641,0.0115194906312254,3.63762176140654,0.00027516711842581,0.00236699171139582,"MYO1C"
619.255269210018,0.00926385513377166,0.00254724458919277,3.63681413754908,0.00027603095489566,0.00237292815851146,"HSP90B1"
13.9852013707853,-0.0318401589617788,0.00875667113495313,-3.63610308884224,0.000276793597484883,0.00237798776203994,"ZNF594-DT"
3.21251372585668,0.0886840804919592,0.0244110967916677,3.63294124999045,0.000280208835152491,0.00240581564310687,"MSC"
12.9132137715622,0.0387415362766137,0.0106669948683278,3.63190727611994,0.000281334215383424,0.0024107282528118,"UPP2"
8.24091057866344,0.0423686509893126,0.0116657927693949,3.6318707032467,0.000281374098851633,0.0024107282528118,"WNT10A"
82.2926271879517,0.0139865366622822,0.00385085573836794,3.63205936875992,0.000281168412054641,0.0024107282528118,"HTATIP2"
141.811826549282,0.0166034352131123,0.00457172336111536,3.63176725747062,0.000281486937279269,0.0024107282528118,"CERK"
10.0802117891613,0.0575957782351863,0.0158597024560593,3.63157999935753,0.000281691305878321,0.00241096694128939,"FLVCR1-DT"
3.70588790784443,0.0778488085203636,0.0214689463163403,3.62611221683999,0.000287720360328122,0.00246102700192996,"CEP55"
39.7525160894841,0.016736309057582,0.0046158417058723,3.62584120601233,0.000288022312665658,0.00246206807948241,"ZDHHC18"
1.47935664103192,-0.145862190554241,0.0402322294237704,-3.62550603442477,0.000288396161670441,0.00246372205654673,"NTSR1"
33.7650071274068,0.0216791285473229,0.00598018777696433,3.62515849934191,0.000288784280899016,0.00246549579817535,"H4C16"
3.82420755789581,-0.0803868747803101,0.0221916940156029,-3.62238568735628,0.000291898466528963,0.00249052657887922,"CR1"
3.23629441513091,-0.101417885374813,0.0280008279437059,-3.62196023555832,0.000292379072234388,0.00249306999171145,"ENSG00000279110"
17.9159333619637,-0.045975320735832,0.0127026778048377,-3.61934085412469,0.000295354388675314,0.00251686896400798,"ROBO3"
277.346023255532,-0.013696084007956,0.00378577522048111,-3.61777527991096,0.000297146217137392,0.00252756026941309,"TUBB"
106.905912693563,-0.0143978025738994,0.00397975648364975,-3.61775968782278,0.00029716411366599,0.00252756026941309,"ING3"
198.835958017191,0.00818631552150442,0.00226271374445529,3.61791920942926,0.000296981063146406,0.00252756026941309,"VPS29"
369.141466380188,-0.00717835794209718,0.00198514220061236,-3.61604218573504,0.000299141646805411,0.0025427970724094,"DDX39B"
48.3500803032658,-0.0198283681979467,0.00548419500732039,-3.6155476184708,0.000299713373361868,0.00254607256226562,"TSHZ1"
10.2806671263656,-0.0659183706250235,0.0182332822620945,-3.61527725384158,0.0003000263510637,0.00254714726881923,"STAP1"
100.349669177346,-0.0209935820820866,0.0058072120555543,-3.61508790814816,0.000300245722381138,0.00254742643958158,"TCEA3"
3.19296155412766,0.0658931180579887,0.0182301960682423,3.61450407945842,0.000300923078161388,0.00255158860812201,"IGIP"
118.573394607124,0.023784250531252,0.00658776888187248,3.61036505040408,0.000305766357385724,0.00259104742052667,"SPN"
1106.20901106199,0.00691885574909169,0.00191667437910154,3.60982325664256,0.000306405712215915,0.00259340681875291,"TPM3"
1618.43921038494,-0.0105337914247135,0.00291836319924212,-3.60948610764043,0.000306804203448368,0.00259340681875291,"HSP90AB1"
224.228897997929,-0.0193682299446257,0.00536572302645503,-3.60962163889806,0.000306643954801667,0.00259340681875291,"LINC00402"
3.875880107112,0.057764268522461,0.0160034318346113,3.60949258380517,0.000306796544415394,0.00259340681875291,"TEF"
9.85498482996506,0.0399425596567808,0.0110689901400149,3.60850982352822,0.000307960855430614,0.00260157407865318,"CCDC180"
79.7275475684404,-0.0214548988492066,0.00594591424418823,-3.60834313582263,0.000308158746187576,0.0026016368806689,"ZNF791"
69.0401484312979,-0.0274668097189656,0.00761516344210971,-3.60685754518175,0.000309927698316893,0.00261495513218577,"SH3RF3"
20100.3739604657,-0.0105980215254541,0.00293882607570147,-3.60620916395144,0.00031070272817841,0.00261987609068956,"RPS8"
9.87600592546629,0.0498794998575322,0.013835388444154,3.605211379418,0.000311898956113043,0.00262699058243895,"ARHGAP11A"
319.146101180898,0.0138573819863358,0.00384373712675717,3.60518462354548,0.000311931092585357,0.00262699058243895,"IDS"
90.539570025855,-0.0199217954450837,0.00552704402391314,-3.60442134328779,0.000312849175049621,0.00263309903338128,"ACAA2"
16.0794590950501,0.0292925060804174,0.00813115618371158,3.60250195895836,0.000315169024527486,0.00265099068660435,"NEK3"
235.670056694011,0.0102461892592507,0.00284574942997075,3.60052404872345,0.000317576452074812,0.00266959651405657,"DPP7"
195.386791158238,-0.00914805502248353,0.00254303085597725,-3.5973039811851,0.000321532637879787,0.0027011905494698,"TRIM33"
47.0266501934905,0.0337842587689968,0.00939206769219613,3.59710554440192,0.000321777940705345,0.0027015898402182,"IL18R1"
1020.87785843504,0.0144125192164493,0.00401008504561986,3.59406821862589,0.000325554538120401,0.00273161854467118,"RESF1"
128.147213384164,-0.0122667878741084,0.00341374981382941,-3.59334706498248,0.000326457291216132,0.0027375117237645,"IP6K2"
134.970886140838,-0.0106284004031038,0.00295856790358375,-3.59241388045528,0.000327628945881346,0.00274565116609766,"TIPRL"
92.4750782232708,-0.0136145853589593,0.00379143473213738,-3.59087952736145,0.000329563952845958,0.00276017387852593,"PHAX"
37.1770330287327,-0.0206890827577925,0.0057624690591518,-3.59031563474248,0.000330277773988879,0.00276445734846083,"NOP16"
282.243578156522,0.014490760251663,0.00403749956885771,3.58904317004367,0.00033189388289412,0.00277628318452767,"FTX"
42.687918510901,0.0185226812953683,0.00516149612149684,3.58862640973887,0.00033242480094825,0.00277823315317392,"CPEB4"
3.38221286312183,-0.0593189046263137,0.0165300899152301,-3.58854095352864,0.000332533763209324,0.00277823315317392,"GRAPL"
153.068914255041,0.00978013506634127,0.00272646402588365,3.58711318891198,0.00033435920749996,0.00279177675699844,"PIN1"
4.83391557186231,0.0508506538292966,0.0141792092616218,3.58628276732833,0.000335425237319954,0.00279820566563918,"LAT2"
7.26978852840845,0.0505236264038391,0.0140883679951577,3.58619439960715,0.000335538863859222,0.00279820566563918,"ADAM9"
145.489445350133,-0.0183310116015508,0.00511234159855641,-3.5856390360783,0.000336253796000827,0.00280245689650476,"SLC16A10"
6.40328080004665,-0.0486645700923131,0.0135740137713929,-3.58512750258682,0.00033691356549438,0.00280624347844709,"ENSG00000227678"
110.668180462775,0.0202475681897059,0.00564806486337676,3.58486821229611,0.000337248457258761,0.00280732110064271,"KIF20B"
995.762903327747,0.0245329568233952,0.00684533956060162,3.58389187361789,0.000338512264145212,0.0028161251694419,"SRGN"
11.340917285648,-0.0349887643370193,0.00976652876942363,-3.58251792044679,0.00034029826382215,0.00282926006318355,"RCN1"
7.97448820440003,0.121196913706954,0.0338345914507314,3.58204158851559,0.000340919502196661,0.0028327009732399,"BCAS1"
18.2399848776074,-0.0259888537120359,0.00725848166107962,-3.58048072937755,0.000342962637990828,0.00284794506684177,"ZNF776"
198.756872116708,-0.0149758414003497,0.0041835182460514,-3.57972417461895,0.000343957070606999,0.0028544675482938,"TNFRSF25"
39.9941755896794,0.0179975205667664,0.00503172655968759,3.5768081499015,0.000347815248544437,0.00288473363395083,"MKNK1"
82.4134427111314,0.0190400201355908,0.00532475676115642,3.57575397142755,0.000349219961704946,0.00289462662432619,"MAPKAPK2"
9.20071199452504,-0.0519274760390009,0.014523451599143,-3.57542252848937,0.000349662711129204,0.00289653889267734,"IFTAP"
4.98143447856116,0.0544631558416261,0.0152505615188861,3.57122298573593,0.000355318222096771,0.00294160419020721,"NAV1"
43.7713210162912,-0.0199670339247172,0.00559141957964806,-3.57101334290746,0.000355602777149547,0.00294217682366009,"TSFM"
159.671341769842,0.0132052099565838,0.00369940587170473,3.56954884501458,0.000357596540292565,0.00295688180411406,"FTO"
188.392856463122,-0.0157491916454161,0.00441235886347638,-3.56933607005115,0.000357887079727961,0.00295749395588866,"CAMK1D"
99.8061121000105,0.016078681839929,0.00450637626903458,3.56798475760072,0.00035973742554602,0.00297098744435226,"TDRD3"
8.19108712258187,0.0551151260678906,0.0154491289475296,3.56752320827147,0.000360371469782895,0.0029744255451567,"XKR9"
10.2369673300056,-0.0431006553557587,0.0120842085237926,-3.56669245411463,0.000361515335785791,0.00298206490750839,"GALNT6"
719.151902725939,-0.00803543477364997,0.00225346662901062,-3.56581041414308,0.000362733532613955,0.00298989458764948,"ADD3"
4.72368215203897,0.0472952779842649,0.0132639961956052,3.56568844613627,0.000362902285967997,0.00298989458764948,"AFAP1L2"
31.7563815272482,0.0191152811407479,0.00536405366014706,3.56358872446923,0.000365818968208796,0.00301210796005555,"IDNK"
141.496496638041,0.0147875899536932,0.00415008798493391,3.56319914357882,0.000366362532155627,0.00301476637906377,"MED13"
664.155859380311,0.0109976936912025,0.00308662100824884,3.56302042324331,0.000366612144849029,0.00301500415330387,"RABGAP1L"
8.73400127971907,0.0433040034018037,0.0121554102290888,3.56252916073323,0.000367299094199187,0.00301883611718465,"ENSG00000290886"
4.21939753446304,0.0614845974532762,0.0172652855343005,3.56116887445193,0.000369207514426813,0.00303269672102842,"NFIL3"
734.557367342521,-0.0155809114970208,0.00437571166167248,-3.56077198447427,0.000369766077704343,0.00303545950807772,"KLF3"
26.0497365517787,-0.0285550253095703,0.00802079902468417,-3.56012227979926,0.000370682145298639,0.00304115201488252,"CCSAP"
24.4330138494098,-0.0226109815925213,0.00635281496308263,-3.55920670189796,0.000371976689756583,0.0030499409256152,"PRMT5"
53.7571921552344,-0.0151424561623063,0.00425617792343742,-3.55775919961467,0.000374031953119723,0.00306495289718981,"ODF2"
617.303284565674,-0.0141834825728133,0.00398690734409658,-3.55751497305669,0.00037437976767377,0.00306596380481037,"LDLRAD4"
141.768255701905,0.0135309672979191,0.00380597569206078,3.55519015167243,0.000377705826234532,0.00308949795590641,"MBNL2"
9.22311893896929,-0.0501591389323734,0.0141083194562063,-3.55528800493019,0.000377565275227011,0.00308949795590641,"ZNF516"
386.048603213894,0.0120822969670721,0.00339908443972863,3.554573939339,0.000378592043847242,0.00309304265487639,"SMYD3"
341.205214328521,0.021925297677108,0.00616802402708034,3.55467124979512,0.000378451965837178,0.00309304265487639,"CLDND1"
13.4653239017131,-0.0291430078088787,0.00820132092389645,-3.55345292292658,0.000380209241141826,0.00310439822713529,"ZNF71"
34.0408548830018,0.019336925128851,0.005444716857621,3.5515024260233,0.000383038461315898,0.00312563045494335,"PCYOX1L"
4.52615213930062,0.0522077314281882,0.0147027092204577,3.55089192375138,0.00038392803775129,0.00313101910190007,"ENSG00000257221"
25.6258598481459,0.0348260864586496,0.00981243907675502,3.54917734380132,0.000386436727289826,0.00314959766991588,"TPD52"
269.439399436653,0.010251499948239,0.00288955860241565,3.54777367715221,0.000388501899260519,0.0031645414095997,"WSB1"
225.219319084313,-0.00790149649244454,0.00222746121079519,-3.54731047802344,0.000389185650166762,0.00316633471189873,"RBBP4"
5.36255596198549,0.0470986105055513,0.0132769576196519,3.54739480646065,0.000389061085164388,0.00316633471189873,"SCARF2"
387.806326935174,-0.0117433739287987,0.00331472838957098,-3.54278617993152,0.000395923577847477,0.00321923575797413,"TLE4"
358.426528822951,-0.013120196365494,0.0037040659702946,-3.54210655822916,0.000396945087979514,0.00322562159536,"TESPA1"
12.1927915291564,0.0343713761113614,0.00971396906452125,3.53834523077673,0.000402643246031526,0.00326998022639159,"CPB2-AS1"
8.68637378688125,-0.0514070822372436,0.0145354398324593,-3.53667194318025,0.000405202644045337,0.00328685755205422,"CRTAM"
419.348595392751,-0.00756170679139595,0.00213806379365864,-3.53670775110803,0.000405147714811204,0.00328685755205422,"MAX"
437.997814530619,-0.0130707464544731,0.00369639446960662,-3.53607997251011,0.000406111733706721,0.00329227672548001,"DENND4A"
155.850715161587,-0.022839469680873,0.00645958404513632,-3.53574928683988,0.00040662039691896,0.00329444520872657,"ITGB2-AS1"
102.513633151828,-0.0169856611991294,0.00480536183537733,-3.5347309486832,0.000408190553140359,0.00330520625720054,"XYLT1"
66.8961554165006,0.0149012900052349,0.00421885365876262,3.53207084447803,0.000412318877751351,0.00333665632113949,"PEX14"
4.07288896432361,-0.0773347873146246,0.0219011508480242,-3.53108326823845,0.000413861439580141,0.00334715646220528,"ENSG00000278022"
159.333740610945,0.0125684579109084,0.00356281993256024,3.52767138076404,0.00041923227239771,0.00338823549910041,"LY75"
183.440416790554,-0.0104964421333713,0.00297556805702387,-3.52754228174829,0.000419436766396691,0.00338823549910041,"CAPZA2"
37.7253575008652,-0.0193224180435515,0.00548086821254823,-3.52543014979152,0.000422795659145045,0.00341133414289504,"GCLC"
1.99658392824057,0.107507366226066,0.030494420435708,3.52547661801693,0.000422721491952694,0.00341133414289504,"HAP1"
139.276543930044,-0.0215944263886897,0.00612952124981932,-3.5230200709927,0.000426659048306944,0.00344047378977146,"ARRDC2"
82.3781002637865,-0.0140214666225057,0.00398093545907025,-3.52215371654894,0.000428055862273891,0.00344970093136363,"DPH1"
43.3791376134605,0.0176543158537978,0.00501311201871115,3.52162804020818,0.00042890548472838,0.00345447479843106,"ENSG00000271858"
98.6118127651832,-0.0121502014472547,0.00345031650481874,-3.52147445902009,0.000429154006803624,0.00345447479843106,"CLPX"
316.261621996697,0.0165775800461482,0.00470808144581839,3.5210903288158,0.00042977618759779,0.0034574456552331,"ODC1"
95.8122287095547,-0.0133030794006853,0.00378065220354814,-3.51872605160569,0.00043362422056904,0.00348634894230317,"STRBP"
4.29876887089326,0.0630522040053161,0.0179209126466439,3.51835898363826,0.000434224527030744,0.00348912178778821,"LINC01031"
96.3208052214287,0.0470333553389769,0.013369173028855,3.5180452251956,0.000434738265513841,0.00349119618278605,"KLRB1"
251.201613115594,-0.0130369784668699,0.00370766529475131,-3.51622312977534,0.000437732942146394,0.00351317978244403,"USP24"
119.696766157599,-0.0117504422068414,0.00334195073743871,-3.5160429132618,0.000438030178376522,0.00351350101974357,"AFG3L2"
22.2683083354442,0.0253206207538736,0.00720648004696159,3.51359062800004,0.000442093572662868,0.00354347793652207,"PHLPP2"
208.007746227539,0.00979114372334043,0.00278674077717211,3.51347488203626,0.000442286228533685,0.00354347793652207,"NORAD"
39.8102480890791,-0.0193678166605564,0.00551431221007452,-3.51228148184497,0.000444277183836292,0.00355734251535976,"TMEM11"
6.983414702537,0.0460104042722933,0.0131004685457522,3.51211898350095,0.000444548926767259,0.00355743312222657,"ICAM1"
100.518702024869,-0.0157948041765707,0.00449889333327986,-3.51081988535517,0.000446726968571806,0.00357276954958482,"MAGED2"
9.29160917000942,-0.0390687192321481,0.0111297806021315,-3.51028655719108,0.000447624016262945,0.00357784907089048,"USP35"
5.28994692507166,0.0423463883236265,0.0120681129665853,3.50894861863465,0.000449881807490568,0.00359379268439834,"ENSG00000233367"
25.0106616352922,-0.0227354653300096,0.00647971063537659,-3.50871614634814,0.000450275190071887,0.00359483290261951,"ZNF329"
8.91094668150846,-0.0378727829008903,0.0107946041305999,-3.50849206165243,0.000450654683263755,0.00359576108258347,"NLN"
245.193866164636,-0.0116003692816591,0.00330724200983517,-3.50756589543842,0.000452226338114973,0.00360619485035057,"SNRPG"
6.28625868067031,0.0541606697519763,0.0154628596992436,3.50262957857825,0.000460689643374699,0.00367154056505157,"LINC01762"
2.62738062584627,-0.0798123078603232,0.0228002342940366,-3.50050384706783,0.000464379535811527,0.0036987897721198,"RBM47"
4.11367531891551,-0.0593759909811318,0.0169634329563313,-3.5002343649415,0.000464849273339605,0.00370037358614161,"ENSG00000179253"
6.44894524110943,0.0403362735782279,0.0115271030051446,3.49925506523415,0.000466560037748417,0.0037118288384644,"DLEC1"
3.78039479783089,-0.135954743609832,0.0388841321378744,-3.49640678947822,0.0004715692112869,0.00374949675563391,"FST"
6.50506685699095,0.0467193621599508,0.0133746050876235,3.49313956216798,0.000477376947429571,0.00379346660959159,"LINC01962"
66.3966980766311,0.0206888443141346,0.00592525453527771,3.49163807072888,0.000480068273573268,0.00381263524244817,"PHF19"
10.8638807529086,0.0475200180846505,0.0136106055411268,3.49139631892647,0.000480502918476211,0.00381386976547649,"NEK10"
64.229816656266,0.0146317628055262,0.00419608474952056,3.48700364243074,0.000488464704736871,0.00387481293072338,"MIIP"
134.330086840847,0.0110271378010727,0.00316289960583112,3.48640145919999,0.000489565709568356,0.00387690026797796,"DIS3L2"
3.65636242190127,-0.0520192817922366,0.0149206547283997,-3.48639404497607,0.000489579279814201,0.00387690026797796,"ENSG00000226455"
30.3912047056304,0.0206976169468781,0.00593656447534018,3.48646376752979,0.000489451680561072,0.00387690026797796,"CCDC71L"
11.9440311640604,0.0377928507915299,0.010849550291286,3.48335643200657,0.000495168626992881,0.00391888959717425,"ENSG00000287124"
1838.21437898184,0.0110001541029055,0.0031584254015231,3.48279687011155,0.000496204714349393,0.00392481551708901,"GAPDH"
9.85664573297847,0.0569683239805517,0.0163642886051153,3.48125881639266,0.000499063005282814,0.00394513926629817,"CDKN2A"
38.1134828899035,-0.0195816148125836,0.00562541817512059,-3.48091718748782,0.000499699962325369,0.00394788981224091,"PDRG1"
9.68342462653022,-0.039343623348681,0.0113051492415281,-3.48015072672876,0.000501131764779709,0.00395691324097736,"PARP11-AS1"
100.517430816896,0.0123370421009115,0.0035458597082949,3.47928094054347,0.00050276121924266,0.00396615094080822,"PSMD14"
150.164531542127,0.0156967670925922,0.00451158118347087,3.47921636655916,0.000502882388688128,0.00396615094080822,"TULP4"
100.593602552086,-0.0168077544711774,0.00483511513213153,-3.4761849535872,0.000508601400738354,0.00400662925841171,"KLF7"
159.0680230959,0.0469310357381216,0.013500534650214,3.47623534578889,0.000508505838106844,0.00400662925841171,"HERC2P3"
107.369492877104,-0.0154061782711373,0.00443456908054152,-3.47410943235458,0.000512551948434966,0.00403542340958019,"ARHGAP26"
189.261163187887,0.0158340612690739,0.0045582848532891,3.47368841103657,0.000513356802212422,0.00403943198054245,"CASP8AP2"
92.0472678383523,-0.0173429633338087,0.0049958942240689,-3.47144326039869,0.000517668717231961,0.00407101593401761,"ADPRS"
35.1470744725141,-0.0236505977153313,0.00681424067847285,-3.47076054857395,0.000518986574968139,0.00407903142351253,"UTP25"
10.9754459950014,-0.0322972655078711,0.00930740066623956,-3.47006287426972,0.000520336545182761,0.00408644068529638,"GTF2IP1"
19.3592717295036,0.0253571685218742,0.00730761658390727,3.46996428051732,0.000520527583632189,0.00408644068529638,"CIDEB"
163.138320810808,-0.00916976333969357,0.00264329001878825,-3.46907198018976,0.000522259509055534,0.00409768230539839,"RBM4"
17.1072659124924,0.0357765033543723,0.0103134589920625,3.46891410359092,0.000522566500931116,0.00409773731499371,"MPST"
90.7352806074031,0.0183573777410093,0.0052922586635279,3.46872269632641,0.000522938918912773,0.00409830500995323,"PFKP"
100.195937488507,-0.0130070333863844,0.00375318497991234,-3.46559880634718,0.000529052089665165,0.00414383689496912,"MAP4K2"
12.7424489097309,0.0316642217651217,0.00913805651114551,3.4650936691518,0.000530046830102411,0.00414924911128879,"TRIM32"
27.9034117073368,0.0188545506129273,0.00544298864067293,3.46400697441035,0.000532192712289204,0.00416263230298284,"WDR76"
168.870552725876,0.0116246725887033,0.0033559304179633,3.46391943244111,0.000532365932160397,0.00416263230298284,"VMP1"
6332.97200327687,-0.0101039994790679,0.00291731603794327,-3.46345728321956,0.000533281260949807,0.00416740390421874,"RPL10A"
137.733176404985,-0.0129505314288046,0.00374077426799556,-3.46199222433808,0.000536192646153185,0.00418775960346055,"PCMTD2"
181.929355227617,-0.0264097543163176,0.00763094308986141,-3.46087685431779,0.000538419046678486,0.00420274524435892,"DENND2D"
84.4898205210883,-0.0157547881267863,0.00455575041574291,-3.45822020283286,0.000543756750852899,0.00424198584617396,"SMURF2"
130.522868451297,0.0122380108206763,0.00353956066732071,3.45749429686706,0.000545223782381027,0.00425100277815344,"SLC2A4RG"
58.0850761557,0.0139671354834373,0.00404154676463875,3.45588862304942,0.000548481903451187,0.00427152953314893,"UBA7"
76.046356315305,-0.0233247135886168,0.00674924525126966,-3.45589954435705,0.000548459681564791,0.00427152953314893,"SWAP70"
3.96214785911862,-0.0558165229785148,0.0161598305245246,-3.4540289821608,0.000552278020582807,0.00429864259895222,"ENSG00000254777"
97.6324739013111,0.0243458066628396,0.00704931389501844,3.45364201756487,0.000553071008012494,0.0043023633083432,"ATAD2"
341.64488057737,-0.0100122510186546,0.00289999926907103,-3.45250122144404,0.000555414961631145,0.00431329120161872,"CD164"
26.1613703052252,0.0243241642790728,0.00704520129964837,3.45258612841721,0.000555240188062992,0.00431329120161872,"ORAI2"
21.9119767973979,-0.0234888630714726,0.00680344144190709,-3.45249727980144,0.000555423076401707,0.00431329120161872,"KCTD5"
65.0139954356203,-0.0157843609583156,0.0045745435068596,-3.450477831208,0.000559595124677201,0.00434322125175601,"POLB"
40.3360537695172,-0.0246285849922838,0.0071395698751776,-3.44958946027139,0.000561439669068629,0.00435506296392815,"ENSG00000290399"
23.2513416270099,-0.0463810685890666,0.0134511911061977,-3.44810122931762,0.000564542410212743,0.00437664547304544,"SMAD7"
359.007039555513,-0.00743006544031531,0.00215539026514931,-3.44720191069463,0.000566425089153732,0.00438875026536584,"ATP5F1B"
168.92649260199,0.0132669881863526,0.00384887813109094,3.44697538723892,0.000566900225766956,0.00438994165758311,"EXOC6B"
46.3946799498314,-0.0171635580645187,0.00498680880788487,-3.4417918804869,0.000577874661967517,0.00447238973511404,"SLC66A2"
13.925671252227,-0.03209526384993,0.00932692300975122,-3.44114171590938,0.000579265056445253,0.00448061193150745,"NUP62CL"
90.8472427010539,-0.0147919149225686,0.00429891397588519,-3.44084924833202,0.000579891521393914,0.00448291917500898,"LTV1"
96.983311070776,-0.0328222076244696,0.00954034412874187,-3.44035887820727,0.000580943308852619,0.00448705440619155,"ICA1"
103.292070158395,-0.0127731131333372,0.00371279737139105,-3.44029362651471,0.000581083400040472,0.00448705440619155,"IDH2"
4.4302983281271,0.0576080060107545,0.0167470513584034,3.43988949325386,0.000581951749039987,0.00449122084287357,"POU3F1"
189.386193115055,0.00892014827003749,0.00259427157657622,3.43840188150611,0.00058515855487699,0.00451341945771862,"ATRAID"
138.836318239236,-0.0131674334311888,0.00382981899235537,-3.4381346631452,0.000585736330592294,0.00451532634079613,"ATXN10"
12.0806690667226,0.0369795609738034,0.0107588788865966,3.43712029511479,0.000587934420668018,0.00452883683195306,"ST7"
19.2149091896439,-0.0294944172162249,0.00858139219403825,-3.4370200719547,0.000588152016096979,0.00452883683195306,"LGMN"
8.11945003994896,0.0484370601178539,0.014094100814952,3.43669033972487,0.000588868429961253,0.00453115486365359,"TOGARAM2"
72.6224501017537,0.0144618867251844,0.00420822516848627,3.436576263429,0.000589116474220261,0.00453115486365359,"KDM2B"
2.22523046582379,-0.0856570245776969,0.0249277766836494,-3.43620795647936,0.000589917974493959,0.00453476619672902,"LINC00315"
3.86474310903458,0.0489218638724687,0.0142433179709299,3.43472384540713,0.000593157956991887,0.00455710781355972,"NIBAN2"
177.210684494208,0.014349965024907,0.00417995541976791,3.4330426006562,0.000596848311938171,0.00458288248514639,"TPK1"
353.417620779885,-0.00772572778041593,0.00225075043418203,-3.4325119582721,0.000598017508912892,0.00458928043356748,"BAZ1A"
1125.01970854039,0.00844365280098941,0.00246060301626501,3.43153801941044,0.000600168997228882,0.00460320522299075,"YWHAB"
207.129589707731,0.0162440100120107,0.00473409577292269,3.43128039464697,0.000600739309185938,0.00460499380666662,"PRDX1"
785.03910430437,0.0157677412690856,0.00459584162601475,3.43087132938444,0.000601645906091625,0.00460935674549164,"EMP3"
41.71518784305,-0.028727014371341,0.00837381746956605,-3.43057565748799,0.000602301985940864,0.00461179659638577,"TOX-DT"
21.8725967161852,-0.0298924839695402,0.00871563491931018,-3.42975402782315,0.000604128635214353,0.00462060311143788,"POP1"
218.719642316218,0.0120903041283024,0.00352509456319375,3.4297815027545,0.000604067469643322,0.00462060311143788,"PVT1"
340.273327353393,-0.00880042237646794,0.00256678703625231,-3.42857520011368,0.000606758414846379,0.00463811972400758,"TOP1"
208.272181299055,-0.0135767455608982,0.00396028017075414,-3.42822855341388,0.000607533753860241,0.00464144914861907,"NASP"
81.0210480679302,0.0124711721200006,0.00363840189734161,3.42765105996472,0.000608827471851281,0.00464873296002711,"ATP6AP1"
38.7396736171069,0.0245420863383372,0.0071639120527161,3.42579391786816,0.000613005296787569,0.00467801807492637,"RELL1"
15.2305568590976,0.0329320230748687,0.00962055844222851,3.42308851119461,0.00061913913459756,0.00472218904444593,"HPSE"
321.839139266267,-0.00921371137116822,0.00269227782853428,-3.42227361289243,0.000620997875715818,0.00473372264636053,"ATP5MC3"
13.1596796104538,-0.0472989262662085,0.0138256811746973,-3.42109192802531,0.000623702463017821,0.00474903882097182,"AUTS2"
1401.13683055968,-0.0201010889296876,0.00587549317748533,-3.42117475460856,0.000623512536675778,0.00474903882097182,"CD69"
128.41225789004,-0.0103543479175905,0.00302689361975207,-3.42078355513484,0.000624410053978003,0.00474916772099416,"IPO7"
175.67450593624,-0.0361260766594909,0.0105607670266362,-3.42078151789298,0.000624414731105821,0.00474916772099416,"MX1"
15.4816386273898,-0.0358468231043507,0.0104816820210971,-3.41994949209483,0.000626327634730089,0.00476106593790374,"USP6NL"
130.746234864075,0.0131250782081119,0.00383818078483712,3.41960917004302,0.000627111636299243,0.00476437427800203,"AKAP11"
22.6287521318014,0.0218957841627001,0.00640524853685874,3.41841289010125,0.000629874763397675,0.00478270665259157,"RPS6KA4"
1.96610828796982,0.0751682142172179,0.0220089834984568,3.41534238609832,0.000637018839109162,0.004832477103618,"ADAM28"
39.2416554656817,0.0195477211175501,0.00572363024163167,3.41526623704077,0.000637196967548915,0.004832477103618,"PLPP5"
73.6857416677286,0.0128271433173436,0.00375596336844759,3.41514068670092,0.000637490757007294,0.004832477103618,"EHBP1L1"
63.9981122394646,0.0153411447756008,0.0044927710129947,3.41462868488706,0.000638690153158595,0.00483888380041398,"LIG1"
10.7611819227279,0.030528893195729,0.00894291126568266,3.41375333923752,0.000640745567987033,0.00485160892381497,"ENSG00000258824"
42.2280491667347,0.0244111117445941,0.00715111091617525,3.41361112010976,0.000641080095716399,0.00485160892381497,"RNF157"
15.7108959331719,-0.0364868306691569,0.0106892323278247,-3.41341918204729,0.000641531829859607,0.00485233931111973,"SEC14L2"
25.598334752029,0.0237131901119059,0.00694765152362409,3.41312312963222,0.000642229181988892,0.00485492563694979,"GORAB"
5.13777298450753,-0.0562096280213533,0.0164725035494627,-3.41233060612616,0.00064409944441263,0.00486637080236534,"ABCB1"
222.424922239813,0.010590721720042,0.00310472122753665,3.41116671800029,0.000646855267869167,0.0048844903035339,"REV3L"
20.190123167035,-0.0422652220843139,0.0123964919892968,-3.40945019936332,0.000650939613516013,0.00491261608874516,"SPON1"
2.90626710255074,0.0808747988061626,0.0237251556067009,3.40882058465069,0.000652443743770776,0.00492124877962937,"LINC03063"
282.227143494812,-0.0147098799729839,0.00431623643464641,-3.40803387296113,0.000654327716449536,0.00493273543416152,"MAD1L1"
31.4848642672152,0.0301809045558998,0.00885897910538074,3.40681518681635,0.000657256147984606,0.00494982591652681,"PHTF1"
4.14463124822761,-0.05213311912579,0.0153027149362505,-3.40678888308193,0.000657319488475815,0.00494982591652681,"IRF8"
74.8291044658649,-0.0179200079458611,0.0052614194983048,-3.40592647129445,0.000659399358767025,0.0049627521987645,"UBE2E3"
12.3794682084235,-0.0592782752994737,0.0174254902322762,-3.40181392370104,0.000669401987330498,0.0050352594421446,"RSAD2"
32.194074597996,0.0207250135495692,0.0060932162240759,3.40132580026936,0.000670598532401807,0.00504148373836471,"SLC9A6"
121.68548229839,-0.0134525948290336,0.00395634330598829,-3.40025973192767,0.000673218720587433,0.00505520172813073,"TAPT1"
125.042154309026,-0.0118536831557802,0.00348607337920725,-3.40029651311464,0.000673128161298522,0.00505520172813073,"KMT5B"
121.072087910982,0.0181268594562525,0.00533122238158487,3.40013193200612,0.000673533465973494,0.00505520172813073,"GPR174"
131.420561475493,-0.0116242898597616,0.00341902830249403,-3.39988114496807,0.000674151501441953,0.00505706178456731,"UBE2E1"
293.031138350226,-0.00956517079595386,0.00281390386024309,-3.3992528782158,0.000675702107297149,0.00506591151793582,"FGD3"
6.45553670362753,-0.0402343064884166,0.0118394114910136,-3.39833669257594,0.000677969260678486,0.00508012073552832,"ENTREP3"
44.6894251571956,-0.0279441600142387,0.00822660116882202,-3.39680500376562,0.000681775311215708,0.00510583922763518,"PKD2"
149.328062938088,-0.0123549363622665,0.0036390200275469,-3.39512733338682,0.000685966893114995,0.00513441521093197,"RPF1"
12.4648166884349,0.0283971157493842,0.00837056216099089,3.39249804292984,0.000692584267657108,0.00518110684348088,"DMPK"
56.0538964484137,-0.0156260976788787,0.00460891121779052,-3.39040978237149,0.000697882204471458,0.00521788227316919,"GTPBP8"
230.544739195189,-0.00744914622741283,0.00219745849462252,-3.38989166149983,0.000699202501012957,0.00522489396271171,"RAB3GAP1"
185.96378497942,-0.0085732651671744,0.0025295711530642,-3.38921684681183,0.000700925571631184,0.00523490612820228,"SMAD2"
139.123361319794,0.0110300639844087,0.00325483025637484,3.3888292524028,0.0007019170378057,0.00523944630405785,"GDI1"
9.30238404384448,0.0371132940198395,0.0109536022480326,3.38822728627976,0.000703459450784096,0.00524809180650506,"ENSG00000287603"
2168.92232178677,-0.00686485478652802,0.00202629983197262,-3.38787709410459,0.000704358193886058,0.00525192845441242,"ITM2B"
142.696812119676,0.0142409746848112,0.00420474148593927,3.38688471869989,0.000706910853604621,0.00526372496942604,"REEP5"
3179.6751677403,-0.00885725452632994,0.00261521824766799,-3.38681275806638,0.000707096289816748,0.00526372496942604,"PABPC1"
15.7575462422301,0.0277836767620387,0.00820288009187189,3.38706362288157,0.000706450029099201,0.00526372496942604,"FAM241B"
107.816403006709,-0.015300917746502,0.00452256921203342,-3.38323572932617,0.000716371149053775,0.00532986377781839,"HK1"
3.22129920471782,0.0728830881820601,0.0215435812083413,3.38305351729734,0.000716846617809805,0.0053304979854556,"TSHZ3"
170.889549344444,0.0087990446599916,0.00260143145294983,3.38238574382352,0.000718591630445783,0.00534056674205081,"NDUFB7"
11.5282962844395,-0.0320947360382524,0.00948956751529845,-3.38210734962488,0.000719320289693637,0.00534307512627248,"E2F5"
351.729271344943,0.0127736485392394,0.00377754645223112,3.38146696560009,0.000720999014852124,0.00535263399069566,"RNF149"
165.147065553188,-0.00941857262724597,0.00278558466602421,-3.38118339827339,0.00072174353025979,0.00535525074597976,"TOMM22"
10.5177094332402,0.0315584658996878,0.00933455310002186,3.38082236626988,0.000722692465299347,0.00535647264025452,"C3orf62"
239.009881412661,-0.00830842925939147,0.00245742690883047,-3.38094664363612,0.000722365684434805,0.00535647264025452,"SYNCRIP"
138.933910018821,-0.0179021171342883,0.00529709397244198,-3.37961101453433,0.000725884852576457,0.00537721642418351,"CSNK1G3"
9.55155923397092,0.039235779189518,0.0116106550573645,3.37929074592835,0.000726731073007381,0.00537765246873284,"LINC00539"
100.031411004881,-0.0138655008896574,0.00410300034335877,-3.37935650239477,0.000726557255165567,0.00537765246873284,"NGRN"
116.5420102152,-0.0104312950795383,0.00308719359086991,-3.37889243822864,0.000727784768544136,0.00538253380525875,"ME2"
4.681540217414,0.0688446862658232,0.0203795755786785,3.37812168855222,0.000729827764963861,0.00539472254838005,"ENSG00000290931"
986.354873956004,0.0116339292577456,0.00344719690170936,3.37489548449545,0.000738437293429636,0.00545541018293609,"SRSF7"
3.08817290242827,0.0735286884996216,0.0217900916070572,3.37440933363528,0.000739742796284871,0.0054621008633791,"CTNNA3"
25.2290497824477,0.0390117284006124,0.0115667731264198,3.37274086508234,0.000744239599854262,0.00549233545867597,"ANK1"
107.019051350729,-0.0137668158714396,0.00408337828958374,-3.3714279929825,0.000747795844640624,0.00551560002040546,"TDG"
3.94522116513288,0.062969781242418,0.0186896780280679,3.3692277174519,0.000753791251687013,0.00555682056019676,"CEBPA"
217.107285275966,-0.0134285802739868,0.00398667128329075,-3.36836907779924,0.000756142995217643,0.00557115065516343,"ILF2"
51.0956476185074,0.0268049040485747,0.00795976697661682,3.36754883997468,0.000758395920486076,0.00558473761392981,"TRIM69"
90.6072069499622,-0.0158002030903578,0.00469257638870587,-3.36706358758183,0.000759731683044142,0.00559155969309428,"NRBF2"
7.47539992524984,0.0522613240927382,0.0155321865355785,3.36471133494481,0.000766237785297509,0.00563640718748733,"EVC2"
81.3157826893927,-0.0184188441985294,0.00547477385891419,-3.36431141690706,0.00076734905133228,0.00564154361743754,"RNF144A"
87.3066355701299,-0.0144146787428768,0.00428513301290633,-3.36388128430585,0.000768545945651777,0.00564730372114216,"C18orf25"
29.4603008136963,0.0221716998351667,0.00659174205153525,3.36355695684463,0.000769449570694546,0.00565090383639113,"PPP3CB-AS1"
24.1775167319992,0.0264453880243483,0.00786564640473767,3.36213791766937,0.000773414838335143,0.00567697296703818,"EFCAB10"
40.2319694799574,-0.0308655644479102,0.00919034676143524,-3.35847658952642,0.000783733594412761,0.00574962454332885,"SNN"
156.930923368374,-0.0121392358636705,0.00361496185915605,-3.35805364942481,0.00078493376893676,0.00575533831651967,"TACC3"
7.74877149155875,0.0535026684613254,0.0159386692658729,3.35678390515842,0.000788547170928211,0.0057787308770812,"LINC02910"
3.99944791626025,0.0571563638838615,0.0170294114470579,3.3563323113986,0.000789836021229536,0.00577887522763549,"FADS3"
132.197986256783,0.0104183598914105,0.00310402770868204,3.3564004155859,0.000789641526504114,0.00577887522763549,"RNF34"
5.9028255166006,0.0442051973905208,0.0131706352122185,3.35634513280812,0.000789799401926394,0.00577887522763549,"SLC25A43"
14.2621468606167,-0.037874813205359,0.0112945140769107,-3.35338138032748,0.00079830623847354,0.00583772120853777,"ADAM22"
418.236839107144,0.0170512652777682,0.00508699311453136,3.35193401954095,0.000802491418601896,0.00586204961395824,"MAP3K1"
32.3002319364181,-0.0325312495498145,0.00970486894167863,-3.35205449401851,0.00080214227995589,0.00586204961395824,"GPR18"
3.53027144804688,0.0631906517748793,0.0188581595173235,3.35083875586221,0.000805672000652101,0.00588213764238787,"SLC2A8"
13.2924563904919,0.037860925160462,0.0113004947846344,3.35037765000721,0.000807014521008319,0.00588879185735772,"NINJ2-AS1"
95.4051262751782,0.0232944837063178,0.00695634668268084,3.34866629984298,0.000812015326870261,0.00592211925523106,"NMRK1"
112.266637777862,0.0142620356733916,0.00426091630173718,3.34717573954151,0.000816394366268483,0.00595087889179695,"NPHP3"
36.1415306456251,-0.0327058648037263,0.00977272215011971,-3.34664838530437,0.000817948892909324,0.0059590303344754,"TLR5"
24.9686026783063,-0.0218793081682726,0.00654222762879413,-3.34432083530322,0.000824842874521309,0.00600605206074684,"PRXL2B"
4.51431985696969,-0.0647974433721286,0.0193808900048526,-3.3433677894,0.000827681229664957,0.00602350857603799,"ENSG00000290846"
150.522843134097,-0.0117068145880188,0.00350180594104529,-3.34307919545203,0.000828542503913794,0.00602656581654016,"YAF2"
67.4789513063654,0.0204962527567449,0.00613420160788361,3.34130732358117,0.000833848693081237,0.00606164063326019,"SLC25A24"
27.6673339190598,0.0204211735875293,0.00611197726790617,3.34117302673234,0.000834252151576073,0.00606164063326019,"PITPNM1"
16.6571342356753,0.0300698130810938,0.00900048438276674,3.34091053351179,0.000835041264254597,0.00606414868140234,"EVA1B"
11.8919893744408,0.0306967610780812,0.00919001068693925,3.34023127108079,0.000837086492541978,0.0060757712476745,"LY6G5C"
6.66066927213216,-0.0434560666992087,0.0130128320813852,-3.33947801888357,0.000839359933348385,0.00608903700984543,"KBTBD6"
20.9829977315055,0.0260719774607425,0.00780806347683851,3.33910931155737,0.000840474840120488,0.00609388870278443,"IL15RA"
28.9464305035205,-0.0192222462994531,0.00575710667235793,-3.33887270002247,0.000841191035627908,0.00609584591335662,"TXNL4B"
107.532291709065,0.0164179248826025,0.00491829204953754,3.33813541718129,0.0008434263364046,0.00610730908462138,"GLIPR2"
206.235596440845,0.00875865426458188,0.0026239477819467,3.33796820380467,0.000843934061268617,0.00610730908462138,"CLIP1"
84.0814365252998,0.0138332920535066,0.0041442988492598,3.33790890972483,0.000844114169236104,0.00610730908462138,"GCHFR"
16.5788550900385,0.0311714575875733,0.00934092779696211,3.3370836671825,0.000846624577842194,0.00612222961001819,"LINC02100"
110.023331597679,0.0117417710070384,0.00352030600247951,3.3354404414753,0.000851643945811245,0.00615526788348233,"SURF1"
22.2803598168997,0.0226761917390505,0.00679939827639569,3.33502919188769,0.000852904451999273,0.00616111835764678,"C10orf143"
180.208843153651,-0.00993468667457784,0.00298056435987804,-3.33315623319885,0.00085866710330034,0.00619946756399717,"AEBP2"
67.0276016941684,-0.0130776182227702,0.00392430736481677,-3.33246532624256,0.000860801961367902,0.00621159788287667,"MKRN2"
233.148914738851,-0.0071807101696858,0.002156009221573,-3.33055633428453,0.000866726237962282,0.00625104562331826,"SEC31A"
162.16442164872,-0.0117755636383558,0.00353735683932839,-3.32891595991528,0.000871847076191783,0.00628466019038509,"ZMYND8"
27.0632274287919,0.0273607847391117,0.00822018864037344,3.3284862350639,0.00087319319884333,0.00629104382710964,"SRGAP2"
4.69187614398686,0.0897845324175099,0.0269809708871424,3.32769835426107,0.000875666259609423,0.00630553563851593,"ENSG00000284825"
707.975793164834,-0.0156125732777687,0.00469344110930001,-3.32646621406042,0.000879546817611981,0.00633014200662785,"LBH"
110.163707941089,-0.027618632171659,0.00830348646305671,-3.32614887668425,0.000880548832872333,0.00633401635441604,"EPHA4"
43.1615325200663,0.0170772368178342,0.00513803545304377,3.32368995385536,0.000888349000936124,0.00638676176462497,"KIF1B"
8.47293694333512,0.0572828917510256,0.0172434655805659,3.32200574666301,0.000893728531632551,0.00642205772861686,"MB21D2"
44.4704525042171,0.0175759622975567,0.00529291769001756,3.32065664476608,0.000898059466142067,0.00644978565063125,"SLA2"
3.41481943475183,-0.0574659692452126,0.0173075306434601,-3.32028701430766,0.000899249457285454,0.00645493830085092,"ENSG00000290086"
118.71767626041,0.0112066939202662,0.00337633641715585,3.31918758549139,0.000902797610858333,0.00647700386781767,"SLK"
1676.17816868027,0.0100044412830647,0.00301528252939852,3.31791173315368,0.000906931394568682,0.00649642519654336,"SKAP1"
97.4259707705624,-0.0138513818485864,0.00417459203387032,-3.31802047630138,0.000906578382214642,0.00649642519654336,"NFATC1"
37.0913966672472,-0.018049661269323,0.00544003958256801,-3.31792829727951,0.000906877614303829,0.00649642519654336,"FBXL12"
210.484341894236,-0.0158066958658629,0.00476463442550422,-3.31750444089741,0.000908254717894015,0.00650249446878001,"HSPH1"
57.4907619517917,-0.0141041799740922,0.00425170529860392,-3.31729952655076,0.000908921176514976,0.00650385713525122,"PGS1"
99.7568793749901,-0.0185427763742112,0.00559004867520008,-3.31710463568504,0.00090955545547495,0.00650498823130252,"NMI"
58.7484043587619,-0.0137839218385357,0.00415631388122141,-3.31638134954452,0.000911913002631333,0.00651843621975092,"MRPS2"
6.0061672859844,0.0413661049240127,0.012474310809618,3.3161034349183,0.00091282036883664,0.00652150953886428,"ENSG00000277701"
158.847217499933,0.0131412937593713,0.00396424097541637,3.31495835920798,0.000916567770331009,0.0065448592486783,"MECP2"
17.9594327501893,0.027459125797251,0.0082855845868231,3.31408430020983,0.000919437824832517,0.0065576600516364,"ENSG00000262580"
58.7952647281321,0.0149240261863876,0.00450310559604416,3.31416305216068,0.000919178894482046,0.0065576600516364,"GPR108"
48.7392327825056,0.0163921572146886,0.00494659251379447,3.31382808852277,0.00092028069685117,0.0065576600516364,"ZNF66"
84.7833560515337,0.0202493075503864,0.0061103822962093,3.31391827364852,0.000919983928844863,0.0065576600516364,"TIMP1"
86.156209216585,0.0136099726072154,0.00410741128406165,3.31351590234641,0.00092130867855613,0.00656156233007129,"SETDB2"
3.52713441755783,0.0610959116227832,0.0184443671054771,3.31244283273024,0.000924850253761969,0.00658335303094763,"ENSG00000287600"
39.4782856532103,0.0163347278286333,0.00493241151888598,3.31171228639143,0.000927268572717558,0.00659712953298012,"IFFO1"
10.0116306473254,0.0461468644967202,0.013945913280642,3.30898834433278,0.000936337350645756,0.00665818230599741,"IRF5"
12.0412550368366,0.0338177680670887,0.010231491680461,3.30526272446374,0.000948874087332491,0.00674381895575537,"ZNF793"
23.938654686036,-0.0313542129884799,0.00949057414518916,-3.30372140913873,0.000954105948913094,0.0067774764753785,"VIPR1"
125.431433676658,-0.028477047383108,0.00862065333307896,-3.30335141465862,0.00095536583382674,0.00677937521562248,"LINC01891"
307.960996726432,-0.00684626820508336,0.00207249248206616,-3.30339833042868,0.000955205993554115,0.00677937521562248,"SF3B5"
40.7439723445063,-0.0156443696952735,0.00473694522818954,-3.30262836947616,0.000957832356817639,0.00679334890660901,"POLR3D"
187.107113625721,0.00832354940207658,0.00252053618197195,3.30229316349849,0.000958977844349288,0.0067979436189991,"DDOST"
56.8694959855577,0.0166150937617901,0.00503214044642842,3.30179452236527,0.000960684180798315,0.00680650721457727,"ZNF737"
32.5067120889162,0.0187471231097812,0.00567881979708938,3.3012357813132,0.000962599518128849,0.00681654194797308,"ANKMY2"
49.3242905141626,-0.0168701356270853,0.00511205293750337,-3.30007060437921,0.000966605071281379,0.0068413602454423,"INTS9"
14.3117026286268,0.0293473530159499,0.00889395114325469,3.29969802433729,0.000967889151081356,0.00684690098589918,"CHEK1"
32.0243444928055,-0.0181572733228964,0.00550321578315704,-3.2993933071765,0.000968940518783579,0.00685079062452572,"ZNF263"
7.25494008157359,0.0483310780732071,0.0146500336119824,3.29904212872773,0.000970153503970861,0.00685574295024139,"ENSG00000284719"
125.397999305592,-0.0106448873656383,0.00322679901470295,-3.29890002976162,0.000970644719309433,0.00685574295024139,"ZKSCAN1"
3.98838163932906,0.0636411176368493,0.0192936473393529,3.29855296499804,0.000971845439872456,0.00686067633522365,"DENND2C"
13.5963427124329,0.0307124419496963,0.00931133429833646,3.2983932233196,0.000972398551346197,0.0068610352331555,"KIF18A"
344.906315806058,-0.00838803904329221,0.00254329989923214,-3.29809278324773,0.000973439626037017,0.00686483494665238,"KAT6B"
10.3032805547723,0.0812679534692765,0.0246438906372508,3.29769169428283,0.000974831074639595,0.00687110035065886,"ZBTB16"
29.4509617699905,-0.0264990017570501,0.00803927901741151,-3.2961913250751,0.00098005246860421,0.00690434075355003,"NET1"
154.487449736209,0.00988619147080172,0.00300042802866806,3.2949270491885,0.000984472332672092,0.00693190312592824,"PRKCSH"
51.3197634190626,0.0174248444979832,0.0052891875973033,3.29442739124384,0.000986224202184966,0.00694066079435685,"VPS45"
4.1726126952291,0.0753857018193642,0.0228926021874905,3.29301584861149,0.000991188872338713,0.00697200823694481,"CCR5"
2.83215512837647,-0.0649238780556901,0.0197197102438239,-3.29233428143417,0.00099359435148984,0.00698533136456573,"INSR"
126.373735840258,0.0113170322653301,0.00343842871121122,3.29133834545711,0.000997119063987798,0.0070065053570336,"MAP3K4"
778.807573965171,-0.0103448710697717,0.00314389552119611,-3.29046273962563,0.00100022747540241,0.00702473383753053,"APBB1IP"
51.2806344401317,-0.0190886999401982,0.00580262770938699,-3.28966476848379,0.00100306809327372,0.00704106379965005,"VGLL4"
20.4211040957053,0.0281731468719854,0.00856830082089563,3.28806696460507,0.0010087784171167,0.00707024791062804,"ARHGAP31"
130.522942594628,0.0100534916085414,0.00305749053853995,3.28815133908549,0.00100847612373051,0.00707024791062804,"EIF4EBP2"
144.48530761248,-0.010525661150898,0.00320090667839762,-3.28833740200359,0.00100780980155129,0.00707024791062804,"TLK2"
47.0309136447805,-0.0164927282149192,0.00502051630516251,-3.28506615902432,0.00101958427626542,0.00714231857117215,"METTL21A"
69.1327741467697,-0.0140460862196377,0.00427810791383435,-3.28324729121866,0.00102618603969984,0.00718488021645298,"FOXK1"
146.401333734544,-0.0101642969800768,0.003096071961349,-3.28296535318517,0.00102721289643793,0.00718838533060557,"NUP210"
23.2512498540637,0.0265607686421667,0.00809457275798085,3.28130581271001,0.00103327646681171,0.00722711548215464,"ENSG00000250075"
87.5358854537649,-0.0112131683081837,0.00341750092524169,-3.28110176221552,0.00103402430174865,0.00722864481161031,"GID8"
22.939365340776,-0.0334832061152753,0.010209131150291,-3.27973121535624,0.00103906028277168,0.00726013476350955,"EVI5"
1556.94431704034,-0.0143657928810828,0.00438047737860354,-3.27950395343954,0.00103989753164653,0.00726227008297118,"RIPOR2"
94.1526373835987,-0.0109100706943552,0.00332851988894829,-3.2777543948528,0.00104636396087166,0.00730369530174086,"MED28"
13.7190395348912,-0.0456985814222372,0.0139445791297414,-3.27715745287499,0.00104857877845427,0.00731541680984948,"CACHD1"
115.173743643277,-0.0147121059406951,0.00448999857611559,-3.2766393332407,0.00105050465918754,0.00732511161026125,"PGRMC2"
73.9252840143998,-0.0181029346756894,0.00552544644627885,-3.27628452319557,0.00105182539613854,0.00733057903635331,"TRDMT1"
203.697825491867,-0.0120703220414443,0.00368557254700545,-3.27501952206896,0.00105654672123599,0.00735972881799268,"DIP2A"
42.8617336517665,-0.0181016120312541,0.00552811535179351,-3.27446351592162,0.00105862808246158,0.00736799139222398,"BOD1"
29.7868048673377,-0.0210420987591669,0.00642621713931796,-3.27441452770459,0.00105881164735986,0.00736799139222398,"DCAF4"
5.97288119819577,0.0654218567049444,0.0199834332087914,3.27380465715786,0.00106109937425532,0.00738015145230536,"SLC1A1"
92.2594189844073,0.0109658837247326,0.00334982881219586,3.2735654087184,0.00106199808354351,0.0073826431660073,"VTI1B"
3.01142475607559,-0.0729703591051317,0.02230552019517,-3.27140360173857,0.00107015065044728,0.00743553300361643,"ENC1"
198.514232993829,-0.0109877202147822,0.00335933931085072,-3.27079797485527,0.00107244493878823,0.0074476857467449,"CHMP1B"
44.964754470192,0.0146613978539141,0.00448444166074407,3.26939203652869,0.00107778858899917,0.0074809919338052,"SZT2"
14.8203485197371,-0.0250956915094182,0.00767666301616111,-3.26908859443044,0.00107894512967848,0.00748521608502184,"TMEM150A"
21.5479478151332,-0.0229410330624249,0.00701823602914884,-3.26877479855962,0.00108014234003847,0.00748971795173886,"RCC1"
1740.4158887262,-0.01189030903626,0.00363788979963205,-3.26846322762789,0.00108133227729802,0.00749416484418621,"USP15"
90.1953831394058,0.0152538556677937,0.00466739025636787,3.26817661046927,0.00108242798287363,0.00749795448582848,"PLCB2"
174.827158047465,0.0112866932537419,0.00345444166437665,3.26729884314851,0.00108578998134543,0.00751743088959889,"SPAG9"
106.499092174414,-0.0120130686598527,0.00367707231742841,-3.26701996121036,0.00108686016677338,0.00752102830705387,"NOL11"
25.4276369338636,0.0226871547819931,0.00694635515369833,3.26605166018817,0.00109058351727769,0.0075429725802599,"ENSG00000272368"
53.9570671530259,-0.0152069106247633,0.00465793215901443,-3.26473424378532,0.00109566824563531,0.00757047457530516,"POLR1C"
157.401578599199,0.0130888308618107,0.00400914739268306,3.26474174676108,0.00109563922501716,0.00757047457530516,"RECQL"
191.465026635265,-0.0116434191370544,0.00356683941379668,-3.26435193354015,0.00109714791750928,0.00757686580039271,"MTERF4"
14.9654891467623,0.0305934561584301,0.00938619610493833,3.259409436623,0.00111644418318061,0.00770622917748717,"ENSG00000291283"
3.60873177630159,-0.059089472047431,0.018130696865831,-3.25908444031132,0.00111772394914429,0.00771116623500555,"ENSG00000260296"
214.606002288434,0.00706947848606521,0.00216928926074137,3.25889157061938,0.00111848406990851,0.00771183791090709,"SMARCC2"
4.86997536945861,0.0425852534018559,0.0130678784527938,3.25877330093711,0.00111895042016236,0.00771183791090709,"MEGF8"
3263.34569042181,0.0207152948760001,0.00635985647081121,3.257195342548,0.00112518970680744,0.00775092859051418,"IL32"
3.9269696321614,-0.0696741993249119,0.0213975950946787,-3.25616963105536,0.00112926262787263,0.0077750642624698,"PCDH9"
6.16988333200947,-0.0449153119824699,0.0137986631897362,-3.25504806986513,0.00113373174809233,0.00780190210526003,"LINC01679"
56.3352228267052,0.0179626558496973,0.00552129953263718,3.25333841127754,0.00114057574541597,0.00784504767491549,"CEP43"
41.7082263272442,0.0219040172056609,0.00673747595347579,3.25107167089195,0.00114970870687775,0.00790302607287385,"GYG1"
130.15373186574,-0.0363046572749509,0.0111673666621471,-3.25095954787704,0.00115016221324108,0.00790302607287385,"TRBV12-3"
124.991618189106,0.0123014297508809,0.00378470095998384,3.25030428584599,0.00115281587396525,0.00791727744513091,"OTUD6B-AS1"
168.106140286452,0.00925885007083595,0.0028488249294983,3.25005934024402,0.00115380929958715,0.00792011810671381,"NBAS"
11.1035727391903,0.0331001799043414,0.010186025355617,3.24956779005941,0.00115580526665535,0.00792983422526977,"VWA5A"
15.5654485302997,-0.0336325509489076,0.0103514332498808,-3.2490719050229,0.0011578220687351,0.007939683463314,"TIMP2"
83.3208294856915,-0.0135081239753865,0.00415943145337455,-3.24758903393572,0.00116387243926225,0.00797716885114014,"NAPG"
10.5749859260911,0.0732413955481867,0.0225627092549361,3.24612592932134,0.0011698707845791,0.00801426023939343,"TEKT4P2"
52.8946052496264,0.0144895144331048,0.00446402961578956,3.24583743393063,0.00117105690668433,0.00801836458411424,"MAD2L2"
11.9416003587778,0.0291223450719264,0.00897484592552709,3.24488523965563,0.0011749796568812,0.00804119344338538,"APOBEC3F"
61.0319746541093,-0.0156892132287004,0.00483544886765386,-3.24462395490344,0.00117605819150861,0.00804454426440042,"DUS3L"
8981.65114548223,-0.00799402884531686,0.00246506805495454,-3.24292419807626,0.00118309683271419,0.00808864000744536,"RPL6"
38.3405160774158,-0.0178113129962247,0.0054934196454494,-3.24229972326602,0.00118569252596879,0.00810233111792578,"NADK"
230.553265948542,0.01920176815225,0.00592377739098074,3.24147362145743,0.00118913438706157,0.0081217878636305,"SNHG7"
4.66886607503024,0.0804132307840232,0.0248152918220021,3.24047089032119,0.00119332455643446,0.00814633355367055,"NRCAM"
168.309030770473,-0.0104947234059655,0.00323880415297525,-3.24030812308448,0.0011940060065455,0.0081469141105952,"BNIP3L"
7.49124584064305,0.0417080149709695,0.0128775330742835,3.23882025620735,0.00120025187501843,0.00818544214316116,"RGL1"
118.502886910787,0.0102000445004557,0.00314995352195973,3.2381571440171,0.00120304524426564,0.00820039822189052,"DEGS1"
42.8358940775726,0.0160913349306756,0.00496976549642009,3.2378459189406,0.00120435835390632,0.00820525442112737,"EIF3J-DT"
254.255953625962,0.00750882427754438,0.00231954120455536,3.23720236691539,0.00120707780591869,0.00821968236732268,"DYNC1H1"
74.3801108501705,0.0411564296195819,0.0127188450711422,3.23586217061183,0.00121275927687564,0.00825425596518247,"ENSG00000291175"
114.44150507041,0.0142791126174533,0.00441346745240252,3.2353501575457,0.0012149363584897,0.0082649555064588,"ITGB1BP1"
771.489448892786,-0.0068971800055114,0.00213224371424603,-3.23470528224784,0.00121768350735764,0.00827540134851016,"NSD3"
27.587670695086,-0.0209621587875366,0.00648034392823039,-3.23472936308503,0.00121758082069571,0.00827540134851016,"DHRS13"
198.623298928644,-0.022884841630346,0.00707559225311146,-3.23433584238584,0.00121925989360028,0.00828199410570853,"FAM13A"
58.3219199026465,-0.0242163258079973,0.00749070692087044,-3.23284919084557,0.00122562245363781,0.00832107490889285,"GRAMD2B"
51.331286960837,-0.0193550487762162,0.00598751110561951,-3.23257000025449,0.0012268207462066,0.00832379968470424,"FAM135A"
98.9443961818274,-0.0124480252030712,0.00385093080191547,-3.23247179535906,0.00122724250109768,0.00832379968470424,"TMEM134"
93.6055997916558,0.0125246995432179,0.00387531147935386,3.23192073977655,0.00122961157256066,0.00833111826434996,"ANAPC4"
82.4310554043034,-0.0127958914605392,0.00395954907849341,-3.23165370775198,0.00123076110230294,0.00833111826434996,"WRN"
97.6179136186793,0.0120360985932914,0.00372438921677527,3.23169730464228,0.00123057335696434,0.00833111826434996,"PSME3IP1"
212.861309740436,-0.0085104743079274,0.00263340550681949,-3.23173711222544,0.00123040195297255,0.00833111826434996,"UBE2G2"
326.101290395655,-0.0175739894294764,0.0054394082893411,-3.23086418497281,0.0012341656782355,0.00834589265579055,"CORO1B"
193.380573325756,0.0110833613606049,0.00343041458329023,3.23091016887367,0.00123396714841739,0.00834589265579055,"FAM117A"
154.352558594921,-0.0121185801631761,0.00375110865135565,-3.23066626150551,0.00123502052514961,0.00834754100620667,"TRIM44"
529.29886746397,-0.0112177087335512,0.00347523084596765,-3.2279031899614,0.00124701168794591,0.00842442119551987,"USP3"
23.5702796670562,-0.0203327469843996,0.00630271604423981,-3.22602935649975,0.00125520481756104,0.00847557973696682,"PPRC1"
49.7970314229754,-0.017569665004094,0.0054468956128441,-3.22562910195372,0.00125696131601379,0.00848324682645672,"NUFIP1"
130.236932837735,0.0183303432232223,0.00568381748960605,3.22500559821685,0.00125970205490883,0.00849335146596968,"MGST3"
46.5919360136858,-0.0359213388471678,0.0111379575930858,-3.22512799559114,0.00125916359721636,0.00849335146596968,"PTPRM"
32.2152196917158,0.0209904483629717,0.0065097995078227,3.22443853113262,0.00126219950484845,0.00850599172976312,"PRDX4"
110.383077315177,-0.011703698116162,0.003630291136147,-3.22390069480313,0.00126457244132445,0.00851778084245165,"APBB1"
427.585377083821,-0.0221593941397818,0.00687449928793619,-3.22341936650841,0.00126669955569179,0.00852790336655983,"ITM2A"
5.14774349590954,0.0421328107270466,0.0130721729154205,3.22309160073495,0.00126814992755511,0.00853346207409004,"ABHD15"
252.809824626312,0.0120321920227609,0.00373412393870377,3.22222620895053,0.00127198667913594,0.00855208542217585,"CAMKMT"
641.712351178821,-0.00945018310762946,0.00293284932949573,-3.2221849968864,0.00127216966162967,0.00855208542217585,"RSL1D1"
47.4044944895996,-0.0151826276498051,0.00471256865441595,-3.22173081459049,0.00127418785149841,0.00856143927765285,"ARMCX6"
125.609918578225,-0.0108184149598287,0.00335840618094058,-3.22129438101463,0.00127612995798563,0.00856606153615905,"MTF2"
61.7589469807371,0.0150363659782513,0.00466768466629329,3.22137570406872,0.00127576786764327,0.00856606153615905,"GARRE1"
24.6940741956683,0.0243861666584562,0.00757071773759847,3.22111687473793,0.00127692063302444,0.00856715906046848,"ZNF250"
41.7043868731274,0.0295156078370296,0.00916395544815505,3.22083711602634,0.00127816769424886,0.00857131600561582,"NDC80"
68.029917464379,0.0204127673424107,0.00633929451346112,3.22003770278623,0.0012817373828008,0.0085910366285863,"TMEM117"
44.1474031616201,0.0176641809348295,0.00549131939582448,3.2167462246434,0.00129653226734334,0.00868593956444825,"SLC6A6"
130.543863083844,-0.0112528834112604,0.00349875561304469,-3.2162530498859,0.00129876257016949,0.00869661603358593,"APPL1"
245.599606267898,0.00829200528350172,0.00257913598066089,3.21503222229366,0.00130429880539696,0.00872940797732606,"CMPK1"
184.285207758305,0.00767331577044165,0.00238741577641731,3.21406763172047,0.00130868844499414,0.00875449762909891,"LAMTOR1"
50.8505812513725,-0.0154262163882143,0.00480006387693617,-3.21375231324227,0.00131012634425289,0.00875554102861767,"MSH6"
115.641385174871,0.0109635923483794,0.00341138106261449,3.21382810865956,0.00130978057280504,0.00875554102861767,"LETMD1"
3006.90454015329,-0.0164377523816085,0.00511633696202175,-3.21279706626535,0.00131449131639698,0.00878041632370795,"SARAF"
110.805419564685,-0.0100021627259986,0.00311357850621926,-3.21243312350069,0.00131615786942823,0.00878725146451103,"SEC13"
262.770455548099,-0.00719688989980287,0.00224119977804206,-3.21117732132303,0.00132192337414824,0.00880484846517685,"LBR"
164.100986771142,-0.00935257034013506,0.0029125204044009,-3.21116045264544,0.00132200097819863,0.00880484846517685,"PPIP5K2"
121.807138135042,-0.0180296508186238,0.00561454260967477,-3.2112412483175,0.00132162931729904,0.00880484846517685,"MOAP1"
4.55099250201677,0.0518526223837153,0.0161465709542545,3.21137054614389,0.00132103474660348,0.00880484846517685,"ADCY9"
5.14439211055991,-0.046606467970054,0.0145139171183314,-3.21115709770652,0.00132201641303644,0.00880484846517685,"PKIG"
196.999710716437,0.0125311086972203,0.00390370664622726,3.21005388797107,0.00132710090164202,0.00883440463763648,"DIAPH2"
104.258310812648,-0.0380773296926271,0.0118645908712723,-3.20932513440676,0.00133046948100921,0.0088525149101733,"ID3"
358.244855838793,0.0152580767205055,0.00475522096198924,3.20869983592152,0.00133336613810346,0.00886746905866273,"ARHGAP25"
118.566281726473,0.0119153611072118,0.00371781130310847,3.20493971742175,0.00135090770521843,0.00897975632763202,"TMEM65"
8.15102293467535,0.0357942539378175,0.0111799811698095,3.20163812390637,0.00136648545209113,0.00907888680718137,"STON1"
45.0342954059628,0.0148318439004173,0.00463286328184959,3.20144217476151,0.00136741517764366,0.00908064721760448,"ZNF251"
3.31622720693757,0.0572763778337661,0.0178965386073534,3.20041652133961,0.00137229115164804,0.00910859918926738,"BFSP2-AS1"
385.650577610808,-0.0107669476887498,0.00336512187809579,-3.19957139110886,0.00137632096071583,0.00913091030761448,"USP47"
316.230120726403,-0.00962945839608354,0.00301077463145127,-3.19833251399555,0.00138224799006767,0.00916578036132254,"ITPR2"
122.766309091073,-0.0124516112198511,0.00389636427065672,-3.19569997949715,0.00139492078060537,0.00924532647407535,"APPL2"
14.8676471992851,-0.0252721819009254,0.00790910105216728,-3.19532924591982,0.00139671404127217,0.00925272250425694,"ENSG00000248268"
1.56755121789759,-0.118584620471749,0.0371177807889124,-3.19481978586317,0.00139918179821649,0.00926457749085663,"RPH3AL-AS1"
426.769099359508,0.0100988567655752,0.00316211565361633,3.19370253078053,0.00140460771614913,0.00929599874156838,"GLS"
266.491940579889,0.0112416353612196,0.0035206835370775,3.19302636628091,0.00140790090700928,0.00931328154467157,"ODF2L"
2.44948766197231,-0.0748200140374409,0.0234341915427838,-3.19277129321239,0.00140914506283847,0.00931699978624082,"ENSG00000266153"
28.8602907990606,0.0239986915352127,0.00752427616094554,3.18950169051171,0.0014251830553792,0.0094184811497242,"RPL34-DT"
109.925718808708,0.010137878040568,0.00317930035401241,3.188713525532,0.00142907423614368,0.00943962962559123,"MFSD14CP"
201.126358711013,0.00879225809730227,0.00275843214738763,3.18741140891538,0.00143552426454004,0.00947765174171917,"R3HDM2"
42.9504101464023,0.017205728777543,0.00540000111959919,3.18624540930096,0.00144132280097953,0.00950637207783011,"ZDHHC13"
64.6940333564714,0.0181422717916402,0.0056941635101797,3.18611711082873,0.00144196214826237,0.00950637207783011,"TMEM62"
35.8306205838216,0.0195247901019162,0.00612797180492882,3.18617492433828,0.00144167401497328,0.00950637207783011,"PTGR3"
161.440547188822,-0.0109821749899643,0.00344727854926561,-3.18575213259278,0.0014437823670658,0.00951378057603415,"CAND1"
40.0942989868733,-0.0223312010075544,0.00701056745163386,-3.18536283426672,0.00144572620905166,0.00951683058676773,"SUFU"
22.0368987333723,0.0200862270514668,0.00630603065214064,3.18524094782958,0.00144633530733015,0.00951683058676773,"ZFYVE1"
32.6188694297722,0.0183547134978741,0.0057620801520004,3.18543182560589,0.00144538154615407,0.00951683058676773,"MVB12A"
63.7930262818524,-0.0251816152034913,0.00790677901625971,-3.18481332938572,0.00144847409913376,0.00952631497071118,"RELB"
38.1980657709905,0.0283097750500413,0.00889196835049566,3.18374671772907,0.00145382161256302,0.00955604744939875,"PSTPIP2"
593.529412257392,0.00563362124138263,0.00176955750698387,3.18363275516538,0.00145439404445827,0.00955604744939875,"TRIR"
137.483530342841,-0.0092578915922132,0.00290811122070508,-3.18347232605794,0.00145520022901389,0.00955674765785086,"CSNK1G2"
2.42082101277583,0.0807099272927378,0.025367350134355,3.18164596874595,0.0014644070744352,0.00961259040691249,"TGFB1I1"
56.4227361397026,-0.0162693865119398,0.00511445742448863,-3.18105815761415,0.00146738168758126,0.00962748984263208,"ARMCX3"
46.8058207174576,0.0158219882863667,0.00497425645568824,3.18077453933314,0.00146881892602226,0.00963229310103893,"CYB5R1"
20.2625836196785,-0.0224634093104351,0.00706497376151532,-3.17954603494764,0.00147505937577941,0.00966857537099173,"SETMAR"
66.5150385296061,0.0163958496175626,0.00515731896347884,3.17914205688431,0.00147711680037829,0.00967356674067873,"MICAL1"
64.8337174430249,-0.0123800678365223,0.00389418264966915,-3.17911843132835,0.00147723720505533,0.00967356674067873,"DDX19A"
20.0617242670134,0.022213168406672,0.00698779091900975,3.17885418498181,0.00147858451975339,0.00967769233241538,"PNISR-AS1"
38.2566246416303,-0.0327085220894636,0.0102898501298934,-3.17871705385105,0.00147928415739995,0.00967769233241538,"YES1"
457.344524874434,-0.0107285020044938,0.00337647466266397,-3.17742707301386,0.00148588053665311,0.00971619345652535,"KAT6A"
30.5923944283595,-0.0182771009516798,0.00575305763666803,-3.17693687530398,0.00148839428471027,0.00972797412877619,"FIG4"
5.84779545786859,0.0483908137784612,0.0152331142851428,3.17668553341439,0.00148968469223538,0.0097317517436324,"PLEKHG5"
27.577485425066,0.0257028641327761,0.00809197534060544,3.17633989859058,0.00149146088996096,0.00973869778052903,"TCAF1"
55.6144495865834,0.0128647762138988,0.00405056343822147,3.17604610077346,0.00149297223427401,0.00974390860973866,"NIT2"
23.700811973848,-0.019351934332226,0.00609834470586855,-3.17330935944031,0.00150711842431321,0.00983153661705755,"TM9SF1"
254.098637488892,-0.0105075905147795,0.0033129672570835,-3.17165540719216,0.00151572744395291,0.00988297703312496,"SP140L"
175.660130726636,0.0110692371729666,0.00349214129030489,3.16975639092775,0.00152566790431864,0.00994304559780179,"RNF167"
66.4310849543608,0.0116130703560106,0.00366531961295192,3.16836499468539,0.00153298928957207,0.00998599603984474,"USP20"
981.840197605384,-0.00961238662926389,0.00303435645867949,-3.16785017190995,0.00153570642624903,0.00999892744640694,"RASA2"
3.02106569839295,0.0605992949051353,0.0191318928553369,3.16744900064768,0.0015378268059594,0.0100079629201551,"LYPLAL1-DT"
10.2518370815171,-0.0295687916838117,0.00933884220661802,-3.16621600725383,0.00154436064912845,0.0100456983176641,"BBOF1"
3.2812124347411,0.0573227269142543,0.0181210782730789,3.16331765971203,0.00155982029734176,0.0101414303958536,"H2BC26"
9.43888153689552,0.0332321496402437,0.010506955178239,3.16287155284254,0.00156221242575451,0.0101439590678686,"ENSG00000289043"
320.612396136253,0.0116122486660238,0.0036714745257491,3.16282969814547,0.00156243703358678,0.0101439590678686,"TGFB1"
309.751974591441,0.00774007716209174,0.00244700084191111,3.16308724930667,0.00156105538985046,0.0101439590678686,"SNRNP70"
164.317519171364,0.0073715493298274,0.00233084445476681,3.16260886253128,0.00156362261184844,0.0101468336711875,"STUB1"
1802.15456873599,-0.0067810298624707,0.00214672306797162,-3.15878184924798,0.00158430032629401,0.0102761360195518,"ATP5F1E"
124.109374682944,-0.0151008674791312,0.0047823680610097,-3.15761298304232,0.0015906658289548,0.0103125273960714,"GNPTAB"
23.7726100074433,-0.0215713735629742,0.00683209816276664,-3.15735708841732,0.00159206253764748,0.010316686083617,"ZNF550"
25.9732524045737,-0.0274519743188292,0.00869629618769826,-3.15674325325564,0.00159541753950249,0.0103335246987217,"BAZ1A-AS1"
70.6150044553764,0.0133802896811274,0.00424109152372515,3.15491651294874,0.00160544038635156,0.010393514539129,"THAP7"
87.978722042505,-0.0145316403505078,0.0046081536782785,-3.15346261540837,0.00161345892923758,0.0104404779599173,"TIMM13"
28.2709978323519,-0.018202118653225,0.00577337580151771,-3.15276872301297,0.00161729886836283,0.0104603705217028,"HENMT1"
135.293283003671,-0.0143035752162633,0.00453795439550401,-3.15198743082006,0.00162163253642653,0.0104834360849912,"TAF9"
861.250881907393,-0.011747170404067,0.00372819769670892,-3.15089792969854,0.00162769362119883,0.0105176418474815,"FCMR"
236.894415341363,0.0116584428925428,0.00370080518384623,3.15024496383411,0.00163133616920427,0.0105361948327803,"PREX1"
1701.66901834501,0.0156509673613333,0.00496927606504292,3.14954676626487,0.00163523933888406,0.010556412745348,"DUSP1"
57.8824837665706,0.0137596532215484,0.00436927650682639,3.14918344033637,0.00163727385645626,0.0105645540289053,"STRADA"
64.0012173686145,-0.0125740566945277,0.00399311334171142,-3.14893558446767,0.00163866311219844,0.0105685260210721,"GOLGA3"
258.05455424277,-0.00804079498762926,0.00255536078034047,-3.14663786401149,0.00165159379218002,0.0106468953285413,"SPATA13"
290.743716639225,0.00920641827586388,0.00292672322632081,3.14564021396628,0.00165723735825644,0.0106782369404637,"SUCLG2"
82.6137370564321,-0.0120179117536423,0.00382105271753741,-3.14518344603933,0.0016598271471858,0.0106898815797068,"RBM41"
69.995821596571,0.0119004729220445,0.00378574684153291,3.14349411626949,0.00166943771841287,0.0107467102891234,"GOSR2"
66.0843850805069,0.0248344573635001,0.00790228202457593,3.14269438704737,0.00167400519710697,0.01077103673692,"IFI27L2"
962.841293348436,-0.00578078371900362,0.00183961728410549,-3.14238389090507,0.00167578162410088,0.0107773902943588,"SEPTIN6"
19.7203930351032,-0.0231587327979164,0.00737185290490982,-3.14150771816028,0.0016808037859115,0.0108046022190829,"ZFP1"
101.4679160281,0.0122444541968885,0.0038980324747008,3.14118834985548,0.00168263782364298,0.0108113041726073,"CNPPD1"
36.5411918419426,-0.0216947335067932,0.00690693920595055,-3.14100542366183,0.00168368914372111,0.0108129730621676,"ZNF593"
60.3923175088674,0.0142759628351159,0.00454836081103261,3.13870500345703,0.00169696188365165,0.0108930917907338,"PPP1R3F"
4.24765954191985,0.0530929009882393,0.0169163740164857,3.13855090556039,0.00169785441292255,0.0108937018696674,"NHSL2"
6.16038045182285,-0.061483587770411,0.0195984528666531,-3.13716537671326,0.00170589876051847,0.0109392724273949,"KCTD16"
100.56419673111,-0.0261985563710614,0.00835132994700209,-3.137052006964,0.00170655853168218,0.0109392724273949,"CD83"
95.7873004999912,0.0132601031009736,0.00422817800275866,3.13612697770106,0.00171195064566903,0.0109686894089301,"TMEM181"
7.6964867539276,0.0386512661278653,0.0123299918354935,3.13473574383096,0.00172008983642393,0.0110156714325133,"ALOX12P2"
317.218424082993,-0.00900375560611199,0.00287273878407897,-3.13420616451861,0.0017231973956717,0.0110304013237467,"VAPA"
91.7070857007417,0.0136617056638861,0.00435982630396719,3.13354356604866,0.00172709277924862,0.0110501580161761,"DOP1A"
47.4096896495516,-0.0158543770750493,0.00506030555734171,-3.13308690461331,0.00172978218112107,0.0110621837987424,"RIOK2"
157.596794389736,0.00965929383274761,0.0030844475302654,3.1316123026792,0.00173849282561771,0.011102296399223,"LMAN2"
52.2865016543243,0.0145062290537005,0.00463195416257976,3.13177301513306,0.00173754152392631,0.011102296399223,"ZDHHC24"
113.641958305088,0.0134669019059,0.00430018101511492,3.13170581856077,0.0017379392208747,0.011102296399223,"BORCS5"
64.1561122646095,0.0190016207783647,0.00606815437656916,3.13136739759543,0.00173994340790156,0.0111063677345492,"ZNF75D"
202.294852808961,-0.0111989866149666,0.00357700040692818,-3.13083179785936,0.00174311966511971,0.0111214454112729,"PPP2R2D"
2.97955151700196,0.0564228958840389,0.0180270523686817,3.12990136879295,0.00174865004956596,0.0111515217913497,"TMEM269"
148.391113676364,-0.0117431286740787,0.00375322597268498,-3.12880939211818,0.00175516123368232,0.0111878219561831,"WDFY2"
113.008311706745,0.0146599418845301,0.00468647933312094,3.12813539599403,0.00175919122174513,0.0112052792855165,"SNHG14"
46.2344756935125,0.0155232526548894,0.00496255446037219,3.12807703751126,0.00175954056130548,0.0112052792855165,"WIPF2"
17.6190706966103,0.02191235093875,0.00701369087518726,3.12422536560181,0.00178273855967788,0.0113477207479962,"NBR2"
70.0659044115959,-0.0125864004710576,0.00402936369731028,-3.12366949636722,0.00178610958875322,0.0113638830844755,"ZNF330"
7.4414500233387,0.0569494871324645,0.01823263354965,3.12349211524397,0.00178718653640354,0.0113654413814117,"RAB34"
141.614296724954,0.0123131551130389,0.00394290779923469,3.12286153772828,0.00179101984440627,0.0113845188806839,"HACD4"
3.72294367600813,0.0554834263661621,0.0177713073080671,3.12207905723266,0.00179578708424674,0.0114095123585165,"CDKN2B-AS1"
51.4715461862056,0.0173770918634055,0.00556811868331742,3.12081923028487,0.00180348705472248,0.0114531070048857,"MARCHF2"
46.8536250755408,-0.0170338999282513,0.00545860677412313,-3.12055816311985,0.00180508646888335,0.011457937344306,"CTPS1"
10.8269912918705,0.0350761288239782,0.0112411215870306,3.12034066640175,0.00180641994632893,0.0114610759251525,"ANKDD1B"
78.5174915731712,0.0122110664318511,0.00391526902099678,3.11883203079166,0.00181569437431662,0.0115145706374954,"EXOC3"
10.6991657970379,0.0290478551804512,0.00931721690816941,3.11765363699775,0.00182296903787061,0.0115553397017692,"ASPHD2"
6.78932025461382,0.036391523289387,0.0116749770006465,3.11705310317715,0.00182668665059683,0.0115735341591617,"ENSG00000287180"
101.564935483812,0.0196048942347933,0.0062923570295872,3.1156678082012,0.00183528892362574,0.0116226456637587,"JAML"
218.576179244128,0.0193407491157172,0.00620799518949,3.11545813509338,0.00183659417028864,0.0116255219490931,"ZBTB38"
10.8196436511485,0.0344717094893009,0.0110756846628271,3.11237729663765,0.00185587145376778,0.0117312374171531,"SNED1-AS1"
107.398867268514,-0.0105916936940415,0.00340304932246793,-3.11241263066981,0.00185564931343642,0.0117312374171531,"GAPVD1"
46.186263036205,0.0146205644479477,0.00469729648325439,3.11254878206416,0.00185479357623643,0.0117312374171531,"SLC46A3"
5.62859287573958,0.039186485666734,0.0125940421209824,3.11150981474384,0.00186133286493917,0.0117603177312993,"A1BG-AS1"
859.408946862362,-0.0143642956178281,0.00461721298638449,-3.111031624529,0.00186434971897051,0.0117739330379738,"RHOH"
12.6126804903213,-0.0358967949858618,0.0115453827598088,-3.10919055112006,0.00187600685395831,0.0118420765365391,"FBP1"
25.1260450661581,0.0195461517557018,0.00628895526297787,3.10801252964336,0.00188350082604342,0.0118813281236146,"CC2D1A"
144.656861415367,0.0101501463956549,0.00326587616375177,3.10793976462188,0.00188396462047944,0.0118813281236146,"NUCB1"
504.650743406917,-0.0166395677173377,0.00535438766131577,-3.10765091544543,0.00188580674108454,0.0118819742081249,"IFITM2"
2.50772075831677,0.0657880073352176,0.0211695225617562,3.10767553416944,0.00188564967198092,0.0118819742081249,"LGR4"
3.86250026976664,0.0516482444918631,0.0166332500137802,3.10512043341343,0.00190201563447022,0.0119785770248332,"ENSG00000287421"
27.9927431137094,0.0199265753237998,0.00641915060496065,3.10423863686899,0.0019076939394744,0.0120088014807467,"ZNF680"
54.6633455755916,-0.0178796048541741,0.00576191894597295,-3.10306427803367,0.0019152803652207,0.0120510040483256,"PRCP"
85.2813497505097,0.0116436827369735,0.00375297728977697,3.10251883716179,0.00191881335839441,0.0120676751729593,"ZNF862"
326.159994639551,0.00557349218596101,0.00179670120143816,3.10206960484011,0.00192172767157718,0.0120804417826711,"SPCS1"
41.3170103401231,0.0152430745791789,0.00491421193096062,3.10183500291148,0.00192325122407337,0.0120844580132669,"GSS"
22.9901786274381,0.0295507847291146,0.00953136724368477,3.10037206348273,0.00193277689971532,0.0121387275632696,"LINC00963"
87.8069182721445,-0.00999711139816062,0.00322569838397353,-3.09920835991052,0.00194038506756792,0.0121798015147323,"IMP4"
2.71481874524382,0.0789033747009887,0.0254600997121482,3.09909920200902,0.00194110013891452,0.0121798015147323,"COCH"
35.8688705884373,-0.0164395686931579,0.00530556728422564,-3.09855060024129,0.00194469758319792,0.0121967573156898,"HINT3"
5.09171252929339,0.0460149894316043,0.0148511385370408,3.0984149341033,0.0019455881545306,0.0121967573156898,"F8"
19.5792232919904,0.0678096740832927,0.0218889443074357,3.09789604884041,0.00194899779824907,0.0122125274881111,"FAM153CP"
53.5473002624998,-0.0261440824425145,0.00844176343881288,-3.09699301952851,0.00195494477292045,0.0122385635188329,"ENSG00000249236"
60.2838239347189,-0.0142534605951805,0.00460217036571539,-3.09711711269187,0.00195412656090423,0.0122385635188329,"SMIM15"
22.3364233013756,-0.0229872631929033,0.0074252882087996,-3.09580753588277,0.00196277716464987,0.0122763443539914,"BTBD8"
4.76509454745487,0.0439447715284531,0.0141947038313567,3.09585688088659,0.00196245057257423,0.0122763443539914,"GINS2"
42.602262054913,0.0208820718249188,0.0067476119125972,3.09473515895806,0.00196988707468277,0.0123151750298245,"GABBR1"
10.6360223676318,-0.0354264872812387,0.0114536843282306,-3.09302109836578,0.00198130048729947,0.0123655452792152,"ZNF713"
29.4783136191041,0.0259502176767378,0.00838961693102215,3.09313498936788,0.00198054024293988,0.0123655452792152,"RNLS"
101.546068493027,-0.0126219074238606,0.00408082218765981,-3.09298147369141,0.00198156505243061,0.0123655452792152,"SPTY2D1"
380.396581976589,-0.00611985427189386,0.00197858132862625,-3.0930516645191,0.00198109642604933,0.0123655452792152,"XRCC6"
74.4480398536744,-0.0126114693754216,0.00407869061345794,-3.09203873758141,0.00198786906275488,0.0123992198160875,"TENT4B"
101.722024461057,0.010661217062684,0.00344878061735595,3.09130044660757,0.00199281880957972,0.0124244203280963,"CIAO2A"
88.1824928653087,0.0105487477503866,0.00341261954243488,3.09109984843494,0.00199416563899865,0.0124271453598183,"CENPT"
12.2226039960714,-0.0313765900158891,0.0101579449921882,-3.08887181807136,0.00200918105519401,0.0125150083054948,"SLC43A2"
15.0766274876402,-0.0293874110586321,0.00951462150550854,-3.08865791893225,0.00201062803580561,0.0125183131126275,"EFHC1"
7.01276556066005,0.0332438066486539,0.0107659702743581,3.08785978425302,0.00201603568712077,0.0125274986255929,"KCNC4"
290.506902983726,-0.0177667689650965,0.00575349455863629,-3.08799613591842,0.00201511091096636,0.0125274986255929,"BCAS2"
23.9842225901369,0.0385336961228213,0.012477835689775,3.08817146505607,0.00201392235051168,0.0125274986255929,"CAPG"
15.4422718379549,0.0561311496851459,0.018179331316949,3.08763555196409,0.00201755734180833,0.0125274986255929,"FGL2"
13.3734234095013,0.0352862079212168,0.0114270815707806,3.0879457456088,0.00201545262715983,0.0125274986255929,"GCNT1"
117.515296630753,0.0109328179063179,0.00354084640646949,3.0876283948218,0.00201760592798715,0.0125274986255929,"CALCOCO1"
18.8980055197987,0.0302339999654865,0.00979781428668386,3.08579026718003,0.00203011964429536,0.0125994703957631,"WHRN"
54.3850077125328,0.0411628147661894,0.0133419019688035,3.08522839265629,0.00203395899553578,0.0126175657942864,"TRAV12-3"
132.204097541636,-0.0180286242222757,0.00584766040249969,-3.08304911389331,0.0020489133670398,0.0127037705844652,"RASGRF2"
57.1692968697963,-0.0176266918418504,0.00571762148607681,-3.08287141511096,0.00205013718634308,0.0127037705844652,"FAM53C"
4.12652983064709,-0.0536798454518088,0.0174127046774659,-3.08279767251074,0.00205064525173834,0.0127037705844652,"SMARCA1"
180.951519060408,-0.00875157285663625,0.00283927709250975,-3.08232432816214,0.00205390921016368,0.0127182229423553,"RALGAPA2"
196.510595530129,0.010256979907467,0.00332886272878328,3.08122645574395,0.00206149797400564,0.0127594301426901,"UHRF2"
95.6601225886642,-0.0268527667787768,0.0087156821470513,-3.08097132567663,0.00206326517505384,0.0127645843710305,"ADTRP"
133.378358034258,0.0168921287866602,0.00548343189200219,3.08057601869699,0.0020660060799494,0.0127757551163915,"SUMF1"
54.4623978830629,0.0154829394541359,0.005027866193062,3.07942551762832,0.00207400222524742,0.0128193983696288,"ANAPC13"
10.2499051529178,0.0400470583692569,0.0130062051813171,3.07907324319187,0.00207645625344987,0.0128287618372344,"SLC1A5"
1218.63089404311,-0.00682484554128913,0.00221806855794511,-3.07693173722813,0.00209143189798253,0.0129154429143044,"HNRNPDL"
821.403760608645,-0.0189241931769157,0.00615401415594675,-3.07509744003901,0.00210433791506127,0.0129892706370252,"BCL2"
2.93923353638531,-0.0954939943757786,0.03105658270935,-3.07483908546799,0.00210616154084856,0.0129946552158949,"COL5A2"
213.790219391621,-0.00857469752807712,0.00278879700181939,-3.07469404280163,0.00210718597651607,0.0129951062930969,"AKIRIN1"
5.06852554181472,0.0484026733199634,0.0157489835924168,3.07338394480705,0.0021164599191693,0.0130464090685255,"NAP1L3"
146.089814917229,-0.00973661369750281,0.00316911402427492,-3.07234565336617,0.00212383636395158,0.0130859741685063,"KDM3A"
65.5030985878394,-0.0131916633422443,0.00429435563419322,-3.07186094165268,0.00212728801852892,0.0131013319806605,"PAICS"
639.656386605232,-0.00620888309666398,0.00202136960909072,-3.07162186902421,0.00212899235936122,0.0131059196164372,"COX6C"
228.562800794901,0.0163139911848583,0.00531394451325087,3.0700341609096,0.00214034288440288,0.0131698575679925,"DOK2"
15.9094504274984,0.0288087600682851,0.00938567234639679,3.06944020684304,0.0021446033036467,0.01319013107961,"MATN1-AS1"
14.783978080645,0.0255437815137955,0.00832267144273805,3.0691805737548,0.00214646808716476,0.0131956588976916,"POGLUT3"
213.781389664886,0.0119094945827482,0.00388268261266377,3.06733662543113,0.00215975485714895,0.0132713681280498,"CORO7"
293.017424971303,-0.00734587488056875,0.00239514242862899,-3.06698874887937,0.00216226995798225,0.013274879831927,"RBM17"
66.7306320863078,0.0157396234579447,0.00513192468326476,3.06700203712493,0.00216217383644461,0.013274879831927,"ZMAT1"
2.56244145639901,-0.0640937650608903,0.0209005655396453,-3.06660434328028,0.00216505228160572,0.0132859901917044,"NINL"
237.663763640894,-0.00990464230765823,0.00323064541910777,-3.06584011017639,0.00217059354393683,0.0133140133858003,"NUB1"
49.7772683032019,0.0229755185867707,0.00749484460357637,3.06550966724611,0.00217299352630665,0.0133227520508747,"LINC02964"
25.8305654876737,-0.0182090325013334,0.00594272207635616,-3.0640895312571,0.00218333558525409,0.0133801543717231,"TRMT61A"
322.749591906288,-0.0135665080187607,0.00442880404009099,-3.06324413903894,0.00218951350955778,0.0134059858989508,"SLC38A2"
6.10374212424986,0.0494645616871929,0.0161477647379253,3.06324512958864,0.00218950626149054,0.0134059858989508,"CAPN12"
37.1093914879441,-0.0147237865694229,0.00480689925465108,-3.06305287242631,0.00219091346107915,0.0134085474365328,"SYNC"
132.474934575141,-0.0102837588948643,0.00335824587031068,-3.06224120925157,0.00219686345902107,0.0134389408196273,"ATP5MC1"
30.7659470330336,0.0383563610838779,0.0125311922227918,3.06087085745242,0.00220694261375524,0.0134945551046986,"CDK14"
24.7895768797113,0.0237679688926971,0.00776651096518339,3.06031485685746,0.00221104415903749,0.0135135853299562,"LRATD2"
86.616387631225,0.0125376876235087,0.00409777268610374,3.05963472938022,0.00221607087152,0.0135382504941696,"ECI2"
388.8553169252,0.00948863204656915,0.00310179572649825,3.05907702609459,0.00222020057925094,0.0135541952005385,"HIGD2A"
30.3218430541679,0.0199266749022041,0.00651408356742318,3.05901431812405,0.00222066536301649,0.0135541952005385,"IMPACT"
3.91085105232042,0.0531182493594283,0.0173678516185009,3.05842372022828,0.00222504717860353,0.0135748747028692,"LACC1"
18.7917572602712,0.0326882923161829,0.0106894950666035,3.05798282449363,0.00222832347456943,0.0135887940458118,"SYTL2"
3.98246941828112,-0.0562240581658093,0.0183870206094041,-3.05781232099415,0.00222959167092187,0.0135904606090106,"NPAS2"
2.88400030953579,-0.0631588465148192,0.0206631409235616,-3.05659467495578,0.0022386677052219,0.0136396970799871,"CLIC4"
6.78278056181895,-0.0375967298042606,0.0123027520053984,-3.05596095798431,0.00224340465858535,0.013662464394238,"C17orf100"
113.389718101511,0.0119623356593445,0.00391636115345377,3.05445161736301,0.0022547237959817,0.0137252794354323,"LCORL"
38.4943269935137,-0.0235539100473402,0.00771270269150143,-3.05391131869949,0.00225878840922787,0.0137438974031415,"GNPDA1"
172.673920345127,-0.00840045664183276,0.0027511142304021,-3.05347431560664,0.00226208084970236,0.0137578024964088,"PTBP1"
60.1993548336136,0.0179219825029557,0.0058716879554514,3.0522709379194,0.00227116999732526,0.0138039213771025,"LRRC8B"
13.1625690251527,-0.0255089470496931,0.00835755284310021,-3.05220290300081,0.0022716848649873,0.0138039213771025,"PFAS"
25.4995517581499,0.0234185137917617,0.00767345835220064,3.05188517574291,0.00227409074466831,0.0138123964304887,"SORBS3"
25.3987827791067,-0.0207131914495731,0.0067919225758124,-3.04968014849545,0.00229085196742954,0.0139080168333722,"DNAJC25"
223.889218707826,-0.0123077530883931,0.00403612529112115,-3.04939817291307,0.00229300350902937,0.0139108018312251,"LARS1"
2.73695574433504,-0.0672724851362832,0.0220612314840254,-3.04935312360034,0.00229334741756361,0.0139108018312251,"ZNF667"
10.423077697354,0.0307068295863589,0.0100705487710791,3.04917142892388,0.00229473496273286,0.0139130402090239,"RACGAP1"
135.451320776414,-0.00959273296537614,0.00314627624571417,-3.04891631128808,0.00229668451387893,0.0139186825464003,"VPS8"
9.73177817008638,0.0417492206737068,0.0136965132972681,3.04816413984968,0.00230244127127417,0.0139473826011553,"C1QTNF7-AS1"
81.623656229985,-0.0105026258345091,0.00344589934298325,-3.04786204968383,0.00230475704140278,0.0139552221567207,"RING1"
57.9370906908839,0.0145325732402356,0.00477081040880547,3.04614352593279,0.00231797157943098,0.0140290171798969,"CCDC18"
6.05488556935141,0.037347348138157,0.0122631466143926,3.04549470967953,0.00232297865135079,0.0140530949412984,"H2AC17"
99.9895625147029,0.012643700529971,0.00415482561235803,3.04313627324426,0.0023412628332461,0.0141511727000627,"TCIRG1"
8.65304219405786,0.0521573788212142,0.0171392543155682,3.04315332866249,0.00234113013645957,0.0141511727000627,"ANKDD1A"
2.54895320255784,-0.0667050996262016,0.0219268860626794,-3.04216017885626,0.00234886865635295,0.0141783233962798,"LINC02458"
84.3780758097961,-0.011065727808881,0.00363715410571324,-3.04241379035851,0.00234689031815461,0.0141783233962798,"PPTC7"
193.901900188856,0.00930420259827915,0.00305834787125596,3.04223161979877,0.00234831121510512,0.0141783233962798,"NME3"
35.2272489037088,-0.0153156671876281,0.00503660450026769,-3.04087152104439,0.00235894465662302,0.014232855127858,"SLX9"
137.065903882755,-0.0152531946592398,0.0050181660467113,-3.03959544527949,0.00236896126176029,0.0142869805013888,"PDE4DIP"
48.792923896544,-0.0149894876238371,0.0049329255306229,-3.03866083742487,0.00237632219005531,0.0143250490362558,"ABCB10"
321.006099081962,0.0105872936346979,0.00348599367009615,3.03709491084817,0.00238870230421576,0.0143933275145952,"FOXP3"
231.751432531586,-0.00875421151685146,0.00288276596846883,-3.0367402739603,0.00239151422801133,0.0144039172639483,"CRLF3"
24.9985808978354,0.0302780008699358,0.00998160175175327,3.03338097661705,0.00241830086426592,0.0145588319990623,"FHL1"
23.3938763235388,0.0232360805773928,0.00766801926235149,3.03025850384565,0.00244344505860411,0.0147037266522168,"CREG1"
10.785657949502,0.0823180518911784,0.0271697569680297,3.02976769310233,0.00244741907648265,0.01472115569562,"METTL27"
22.6883582246898,-0.0299291520867565,0.00988789819921093,-3.02684670531346,0.00247119245553878,0.0148445421911432,"SDR42E2"
42.9692261352443,0.0173295426319577,0.00572517123024877,3.02690381388029,0.0024707256414198,0.0148445421911432,"MLKL"
26.4773092176975,-0.0195472101500606,0.00645742663545463,-3.02708977640354,0.00246920611453603,0.0148445421911432,"PWP2"
87.4806875800121,0.0153997154423214,0.00508915035831012,3.02598947920158,0.00247820925633803,0.0148801487655286,"HAGH"
44.8954289388628,0.0212472286516355,0.00702222896185486,3.02571003694861,0.00248050056003966,0.0148873627636827,"STXBP4"
59.6879081634646,0.015879555932911,0.00525201855728161,3.02351481810645,0.00249856792257807,0.0149892129215707,"SYNE3"
221.449992824603,0.0190939420954006,0.00631762071454173,3.0223311841831,0.00250835949411393,0.0150413479761178,"DUSP16"
47.4984630439588,0.0189767296754941,0.00628084817484106,3.02136417681747,0.00251638506957127,0.0150828521502166,"ARL2"
18.2052925530654,-0.0259866799160959,0.00860742901483865,-3.01909895176556,0.0025352771049834,0.0151852642343945,"GPC2"
7.13750114630077,0.0368376099675799,0.0122017261372712,3.01904907167653,0.00253569456212693,0.0151852642343945,"CORO1C"
108.649264994403,0.00958764067034392,0.0031777930544529,3.01707521731448,0.00255226472811651,0.0152777985039752,"LSM6"
6.61432520337538,0.0349675452326034,0.0115940353922821,3.01599434963607,0.00256138032960816,0.0153189383986197,"ENSG00000272316"
60.9424926736919,-0.0214469995715341,0.00711108049775059,-3.01599729862688,0.00256135541855674,0.0153189383986197,"ABCG1"
72.4114500536678,-0.0125315523019902,0.00415523938574636,-3.01584364669265,0.00256265365970266,0.0153198463857936,"ISG20L2"
220.259223996007,-0.00911154386352133,0.00302154130862099,-3.01552847797397,0.00256531847721035,0.0153290684158764,"WDR43"
50.8424335030363,-0.0141267726000121,0.00468498760664917,-3.01532763501075,0.00256701796822694,0.0153322556352622,"IFRD2"
57.7566500818486,0.0145890279749067,0.00483849394120303,3.01520021564382,0.00256809669791215,0.0153322556352622,"MTO1"
37.5061434870378,-0.0307480478067072,0.0101990668793743,-3.01479029114804,0.00257156992271746,0.0153462844667193,"ENSG00000263655"
29.9779910661595,0.0157699753597022,0.00523212718378104,3.01406575294791,0.00257771932668181,0.0153762646299011,"KATNIP"
127.956007873359,-0.0110291670895612,0.00366145896855602,-3.01223287882722,0.00259333563775873,0.0154626646930529,"ITPR1"
176.091571463584,-0.00809462079497364,0.00268867034292718,-3.010640860553,0.00260696997399866,0.0155371770701665,"CDC5L"
843.050530303608,0.0208110609589787,0.00691482404455973,3.00962986547024,0.00261566231153037,0.0155821836788072,"LINC01619"
67.7986635885737,-0.011981517389251,0.00398214821592379,-3.00880749273453,0.00262275244444448,0.0156176104582004,"EMG1"
419.559950323758,-0.00973524511052987,0.00323641192634845,-3.00803647127634,0.00262941580297077,0.0156504661736735,"PSMB8"
27.459164346286,0.0328072574101588,0.0109085584092379,3.00747873177962,0.00263424556819417,0.0156723843473573,"METTL7A"
47.9835666590423,0.019919635095129,0.00662521182932509,3.00664123778789,0.00264151310992802,0.0157087806189015,"ERP27"
5.58374163409492,-0.0433854945566956,0.0144363969058144,-3.00528551824601,0.0026533165257658,0.0157721078076418,"TMEM170B"
29.475917749717,-0.018661480160712,0.00620991546077314,-3.00511017880887,0.00265484661390224,0.0157743387324509,"KIF27"
249.952501267981,-0.018566102799261,0.00617863931095025,-3.00488535823037,0.00265680967595326,0.0157791392058789,"DCTN6-DT"
12.6676109733197,0.0269214460475891,0.00896581026671638,3.00267853620873,0.00267614949323769,0.0158839361098903,"REM2"
41.7787743564684,0.0223479067646938,0.00744283496429459,3.00260678517032,0.00267678044838708,0.0158839361098903,"ZNF626"
281.26480162094,-0.0289400939617593,0.00964110591315323,-3.00174007239945,0.00268441278379679,0.0159223094340704,"KCNQ5"
76.9093989369463,-0.0142217737182001,0.00473852509612192,-3.00130809264668,0.00268822425028145,0.0159372342698582,"WDFY1"
3.05495930159495,0.0543802221298107,0.0181195501238967,3.00119052393537,0.0026892624445112,0.0159372342698582,"LRFN4"
68.4561228979818,0.0128613813162391,0.00428697905781782,3.00010360274208,0.00269887790265924,0.0159803520374188,"SMIM20"
52.1183690977411,0.0233051500888423,0.0077680113403371,3.00014367484573,0.00269852284740414,0.0159803520374188,"ARHGAP21"
1.64614796799614,-0.108262945768199,0.0360884224853315,-2.99993566668654,0.00270036634927679,0.0159822375784753,"TRIQK"
102.416988142927,0.0156199351668359,0.00521075336942004,2.99763471027116,0.00272083581411223,0.0160964128283989,"ATP13A3"
46.4613030788955,0.0177452058120693,0.00592168250921631,2.99664931114616,0.00272964526946274,0.0161415386930135,"PMVK"
24.2106336327375,-0.0192278729889505,0.00641767349323314,-2.99608152537279,0.0027347330926915,0.0161646274539878,"DPH2"
18.1921145655077,0.03076904929322,0.0102738946911475,2.99487684254075,0.00274555673625438,0.016221585215067,"KATNAL1"
63.8304175640637,-0.0111378754839455,0.00372035790089933,-2.99376451960526,0.0027555852933196,0.0162737981438589,"STRIP1"
52.4386402015042,0.0499163216304394,0.0166761484143377,2.99327640832955,0.00275999659471158,0.0162928061727572,"SAMD12"
11.305570495463,0.0283603512228456,0.00947578176312396,2.99292996945254,0.00276313144600741,0.0163042658973915,"SMAGP"
72.758481940908,0.019600144914931,0.00654920835390638,2.99275024640805,0.00276475900237098,0.0163053087460191,"ASF1A"
11.6668468610251,-0.0270877358239258,0.00905143069721544,-2.99264687871487,0.00276569548788626,0.0163053087460191,"CIPC"
116.348352734175,0.0119460349655018,0.00399218667875293,2.99235379675018,0.00276835231302491,0.0163139312320622,"NAA50"
142.454056142237,-0.0141014834397875,0.00471321179442829,-2.99190531952279,0.00277242232919656,0.0163308706411492,"NGDN"
9643.14899526991,-0.00624669314576775,0.00208941209486711,-2.98968937775057,0.00279261275766707,0.0164427113231604,"TMSB10"
223.170997681956,-0.00965607121383151,0.00323134126200756,-2.98825485483771,0.00280575484402585,0.016512973360359,"MFNG"
29.3617298667647,0.0229743249682555,0.00769353976298419,2.9861839512147,0.00282482663834116,0.0166180585184066,"ACTR3-AS1"
32.5142983888526,-0.0235381911588125,0.00788378768764892,-2.98564498327225,0.00282980958908034,0.0166402061932145,"HEATR6"
238.40741739351,-0.00764989622719801,0.00256273654536634,-2.98504980585293,0.00283532154080726,0.0166654441684282,"ATXN7L3B"
36.4817661653694,-0.0160267260802537,0.00536994432063417,-2.98452369769842,0.00284020200125919,0.0166869502525594,"ALG2"
5094.99952425577,-0.00803195739802426,0.00269155769032817,-2.984129757607,0.00284386142078487,0.0167012669853488,"RPL36A"
59.8889835289019,-0.0123547784474365,0.00414060969439019,-2.98380657905891,0.00284686673046589,0.016711731645107,"APBA3"
218.437568977037,-0.00719184283140028,0.00241130293082529,-2.98255467592319,0.00285853585022877,0.0167730239321843,"USP33"
6.84221384221421,0.0378923021816902,0.0127064636724377,2.98212808524252,0.0028625221108837,0.0167892022476047,"ENSG00000274979"
29.0276569407131,-0.0187001838743907,0.00627361472528787,-2.98076702080755,0.00287527447717609,0.0168567593812126,"KLHL8"
127.027452642799,0.0135284279826469,0.00453974545089467,2.97999703485155,0.00288251173659832,0.0168885607110513,"TFRC"
48.5024187499592,-0.0240633714057339,0.00807515487245521,-2.97992692224583,0.00288317156501988,0.0168885607110513,"CKAP4"
192.992010712273,-0.0140049004451013,0.00470035733693919,-2.9795395203338,0.0028868198834162,0.0169026830722097,"WDR74"
214.912284734101,0.00680592438299487,0.00228439024913163,2.979317735042,0.0028889104203719,0.0169076762391946,"RPN2"
35.630548726337,0.0168615124386685,0.00566102333136197,2.97852728238303,0.00289637243147905,0.0169440888282672,"IL1RAP"
19.7325494597553,0.0286584300206866,0.00962750134180513,2.97672563245919,0.00291344611324126,0.0170342762876751,"SANBR"
96.4862082027028,0.0156979193193346,0.00527370862687028,2.97663758656507,0.00291428284658102,0.0170342762876751,"PDE8A"
327.356851365233,-0.008508341896708,0.00285900663741236,-2.97597836443247,0.00292055465514414,0.0170504871588217,"RBM8A"
600.556639336629,-0.00753234687628434,0.00253107092556167,-2.97595251093678,0.00292080087493725,0.0170504871588217,"RAP1B"
26.318261779337,0.0203942137070051,0.00685288991696389,2.97600194284758,0.00292033011895149,0.0170504871588217,"MBOAT7"
31.5068730415555,0.0207160064495761,0.00696165509470829,2.97573007679205,0.00292292004395577,0.0170555693295326,"SH3PXD2A"
172.532810984673,-0.00839153603220443,0.00282089588221152,-2.97477694413366,0.002932016603897,0.0171013436418587,"RAD23B"
291.910610429807,-0.00956553000815625,0.00321640717566391,-2.97397981217406,0.00293964414649489,0.0171385143154589,"TRAPPC10"
21.4711968846251,-0.0237280966427439,0.00798006957611093,-2.97341976989476,0.002945013866711,0.0171624954860376,"ZSCAN30"
3.42646374667671,0.0491757359565872,0.0165519414974647,2.97099503185893,0.00296836582671114,0.0172912056259591,"ENSG00000286896"
72.6954568814271,-0.0124859074725264,0.00420326463295715,-2.97052614166292,0.00297290102181524,0.0173102420963326,"RIOK1"
57.0264375759511,-0.0138527822873969,0.00466632857689485,-2.96866842081983,0.00299093146157606,0.0174078073136468,"BRD3"
405.619128481257,0.0175379772713031,0.00590853386317277,2.96824519879887,0.00299505304618569,0.0174169538573421,"GBP5"
12.1245549055743,-0.0329789326999426,0.0111104768229221,-2.96827338966259,0.00299477834600483,0.0174169538573421,"CATSPERE"
28.2641220594718,0.0470823836645068,0.0158641315893269,2.96785130654002,0.00299889365500204,0.0174244522872513,"CHPT1"
20.4323835587246,0.0190640433918223,0.00642350137189096,2.9678585382181,0.00299882310274889,0.0174244522872513,"ARMCX5-GPRASP2"
6538.0858396355,0.0102552502279295,0.00345568114482748,2.96764944395398,0.00300086363761046,0.0174284852422444,"HLA-A"
319.522335061215,0.00807392192515529,0.00272103786388588,2.96722145337037,0.00300504431517579,0.0174453486380371,"TLN1"
12.9182968701334,0.0256623235384685,0.00865058612224178,2.96654159334791,0.00301169621657478,0.0174706741033079,"SLC25A30"
254.05828355139,-0.021660459589794,0.00730166170976896,-2.96651097390807,0.0030119961198261,0.0174706741033079,"WHAMM"
12.0766670173757,-0.027337312356135,0.0092157036062835,-2.96638363428873,0.00301324364475794,0.0174706741033079,"RTL10"
56.481049692351,-0.0114860291518163,0.00387264176453392,-2.96594155881046,0.00301757824361059,0.017480966415488,"MRPL2"
100.40275972281,-0.0156286492568667,0.00526935393789552,-2.96595169750706,0.00301747876887731,0.017480966415488,"CHD7"
59.3921063535886,-0.011583671515132,0.00390608979919831,-2.96554152889917,0.00302150548235517,0.0174962971127476,"NELFA"
207.623308957787,-0.00783264006609922,0.00264150245478676,-2.96522157376966,0.00302464995304469,0.0175070840502502,"VPS4B"
4.94889264234321,0.0449017069550591,0.0151515487224274,2.9635060928521,0.00304156040471537,0.0175900572093192,"LINC01948"
80.8151632215836,-0.0153641706298014,0.00518435830332389,-2.96356264958594,0.00304100152167803,0.0175900572093192,"GNG10"
175.553686537248,0.0120687684847133,0.00407305452050605,2.9630756043044,0.00304581748310933,0.01760722252191,"PHF1"
152.571305347464,-0.0109505250728151,0.00369611846770751,-2.96270943923697,0.00304944274625894,0.0176207224678076,"OTULINL"
377.512662687291,0.01702399542542,0.00574731305004073,2.96207902322275,0.00305569348044737,0.0176376364092594,"CTLA4"
5.24039348266387,-0.0407654080885339,0.0137616028348047,-2.96225727321773,0.00305392490282628,0.0176376364092594,"ENSG00000290047"
27.7201980300344,-0.0168332248521754,0.00568301507623549,-2.96202361358612,0.00305624343929115,0.0176376364092594,"ENSG00000288744"
243.033930324095,-0.0154604212041012,0.00522011386536188,-2.96170190973974,0.00305943823952742,0.0176486175472739,"MXI1"
2.0590866462737,-0.0862662645306434,0.0291292075214288,-2.96150399790938,0.00306140518980793,0.0176525094524172,"SERPINF1"
36.7637646201584,-0.0150933257088502,0.00510030237920296,-2.95930017216133,0.00308338600577533,0.0177717522526966,"MRPS17"
22.1977724572987,-0.019780639841173,0.00669232682876971,-2.95571934056446,0.00311940805209493,0.0179717899585056,"RNF26"
99.6678833737752,-0.0106351971947358,0.00359844687247289,-2.95549651603644,0.00312166222729771,0.0179771947828359,"POM121"
71.9800537552187,0.011327693394334,0.00383371922301611,2.95475300494805,0.00312919460932434,0.0180129786613445,"FBXL15"
366.693830216754,0.00760997304831845,0.00257567095758311,2.95455948125427,0.00313115788011952,0.0180166877179582,"CCDC88C"
41.3774631860179,0.01538031295667,0.00520647066296415,2.95407656208969,0.0031360619258042,0.0180373077500991,"CLCC1"
43.6841142667282,0.0142585165105065,0.00482712782776525,2.95383031468375,0.00313856526358698,0.0180441083756726,"NUP37"
41.0524420511198,-0.0146879464958627,0.00497294775760076,-2.95356943442916,0.00314121934524186,0.0180517695649995,"RBFA"
68.5293559754539,-0.0160269083813584,0.00542693983197787,-2.95321283772504,0.00314485051393257,0.0180650370144318,"SLC49A4"
63.4507539667505,0.0141957170353092,0.00480753550371921,2.95280544976258,0.00314900356456089,0.0180812899083236,"PKP4"
32.8326378189016,-0.0191445256361442,0.00648565497713826,-2.95182609985084,0.00315900785189783,0.0181311122928253,"BUD13"
12.7687853269692,0.0268648929196419,0.0091017098543207,2.95163143515158,0.00316099984538304,0.0181349256144193,"NOXA1"
45.3831803229123,-0.0152817951969403,0.00517783250364993,-2.95138847889884,0.00316348760996841,0.0181415788212294,"RCC2"
19.4904107314469,0.0211196698048371,0.00715679790130546,2.95099429885881,0.00316752763605767,0.0181571244265832,"EIF5A2"
78.2287411356091,-0.00998274967933568,0.00338435361686295,-2.94967689829911,0.00318106407098413,0.0182270701382731,"SLC30A5"
91.5726119250013,-0.016097029578785,0.00545853588692971,-2.94896468800888,0.00318840404614719,0.0182614671993168,"SERTAD2"
347.604340431749,0.00594925083116667,0.00201758863687294,2.9486936645259,0.00319120124186425,0.0182685761728002,"TGOLN2"
24.0013263196665,0.0188333355050214,0.00638724453240311,2.94858532650161,0.00319232000911231,0.0182685761728002,"TMEM191A"
178.988005425139,0.00815157603744871,0.00276546013537863,2.94763823682189,0.00320211549037484,0.0183169587933502,"DGKZ"
22.8935469475344,-0.0257337410151861,0.00873327393939427,-2.946631606173,0.00321255680911843,0.0183689937264788,"TRAF4"
10.9938022175609,0.140678594765571,0.0477465478236715,2.94636159424757,0.00321536279146248,0.0183773454943002,"HLA-DQA2"
8.84885616300374,0.0360195614641995,0.0122272637276701,2.94583990878416,0.00322079050931785,0.0183999498178867,"APOBR"
38.9863804184356,-0.0167606677579031,0.00568983227108998,-2.94572264336578,0.0032220117104235,0.0183999498178867,"PPP5C"
7.68266861836441,-0.0366779777520791,0.012452910417993,-2.94533378310373,0.0032260643180155,0.0184153943101094,"IRS1"
195.640581759025,-0.00778391085626255,0.00264426750823425,-2.94369266045264,0.00324321891668152,0.0185055849631869,"CELF1"
71.0054635738135,-0.0181896152466596,0.00618085503959582,-2.94289627084492,0.0032515734659839,0.0185390032495609,"ETFDH"
4.60488201026032,0.0488919424937362,0.0166136623746565,2.94287565204882,0.00325179002825387,0.0185390032495609,"STX1A"
1050.51449608729,-0.022626757145327,0.0076893443894272,-2.9426120094762,0.00325456026376043,0.0185393216025719,"NFKBIA"
32.2683466829917,0.0186688616933646,0.00634406632568579,2.94272801306921,0.00325334108629971,0.0185393216025719,"LRRC57"
179.776681927314,-0.00916868342916587,0.00311661086299596,-2.94187623422198,0.0032623028308256,0.0185756801455096,"SFI1"
73.0862680552993,0.0148096345525614,0.00503473179328951,2.94149423655502,0.00326632920870664,0.0185840071168752,"TIMMDC1"
111.568364211184,-0.0176311851518101,0.0059939856894299,-2.94147935369646,0.00326648617039658,0.0185840071168752,"C12orf42"
490.037779076595,-0.00905002490566201,0.00307703979070531,-2.94114653083105,0.00326999807384415,0.0185924897336822,"STK38"
33.032892074817,0.0165864821306236,0.00563958868824462,2.94108011195872,0.00327069932869973,0.0185924897336822,"PNMA1"
2.91937173040859,0.0656159004093518,0.0223125217456486,2.94076577974197,0.00327401992785093,0.0186036240492694,"CHDH"
1054.57150873491,-0.010975658970987,0.00373357400346396,-2.93971914332058,0.00328509872398285,0.0186588143740564,"PCED1B-AS1"
98.4877549816229,-0.0131791939936885,0.00448439159548163,-2.9389034639543,0.00329375647277059,0.0187002133907092,"NSUN2"
13.1885805150188,-0.0285735284169169,0.00972380515877174,-2.93851305639758,0.00329790767002367,0.0187160028136781,"SEMA4C"
44.622934842352,0.018797298548108,0.00639806551769239,2.93796593612997,0.00330373321014456,0.0187412772635277,"SEC24D"
27.3379663307179,0.0295413112816821,0.0100595031862164,2.93665708284281,0.00331770746111072,0.018812737201649,"HPCAL4"
215.689136366309,0.00849937819020364,0.00289452010065991,2.93636868794447,0.00332079379957869,0.0188172853887277,"SCFD1"
72.7606223930209,0.0114103796597187,0.00388593932128853,2.9363247123311,0.00332126464657558,0.0188172853887277,"GGA2"
30.6759486413258,-0.0192677572466597,0.00656245128274291,-2.93606099558065,0.00332408953832144,0.0188254822112234,"TNFAIP8L1"
212.71026066661,0.0084437832204714,0.0028762408102014,2.93570106874332,0.00332794854862335,0.0188317221102713,"SNRNP200"
4.84145673359019,0.0584042430071539,0.0198937172192333,2.93581347133498,0.00332674296923481,0.0188317221102713,"WWC1"
55.6112394805668,0.0232081666460448,0.00790588417246698,2.93555611741309,0.00332950381847445,0.0188327213914538,"SPART"
61.8217497706069,-0.0136444829968787,0.00465000801815518,-2.93429235898221,0.00334309151143497,0.0189017508469378,"RANGAP1"
128.038815882238,-0.00823632665748226,0.00280946543890204,-2.93163480263387,0.00337182994900425,0.0190563496497303,"EIF4E2"
2.72818559391879,-0.0679446836533323,0.0231786439924032,-2.93134851527989,0.00337493920367145,0.0190660337147031,"PDLIM1"
257.618170970332,0.0101884452366647,0.00347607389425403,2.93102090076572,0.00337850049937593,0.0190782624313663,"CTSS"
332.66813118675,-0.0188134149198437,0.00641977935221574,-2.9305391801901,0.00338374320195751,0.0190920826677983,"NFKBIZ"
19.9297489929542,-0.0221142672567217,0.0075459103004628,-2.93062949017105,0.00338275976882977,0.0190920826677983,"ZNF614"
14.3739557288003,0.0254733995974542,0.00869307516505628,2.93030936852475,0.00338624691682864,0.0190983207613044,"TMEM276"
2.59301105187558,-0.0680574796105887,0.0232319205434082,-2.92948142119483,0.00339528109439805,0.0191405497174869,"SPATA48"
111.411664023468,-0.016587311286861,0.00566242267172332,-2.92936650061355,0.00339653678734906,0.0191405497174869,"SH2D1A"
34.2181610545358,0.0148254337666062,0.00506409565211876,2.92755800542658,0.00341635327867218,0.0192442827986235,"ARHGAP19"
20.2908189481456,0.0247504506068905,0.00845862161833479,2.92606191926611,0.00343282605050549,0.0193291029884192,"UFL1-AS1"
376.101448425686,0.0112369694061701,0.00384053427474343,2.92588702568494,0.00343475644239058,0.0193320037095407,"PLAAT4"
115.683355498245,0.0100670458191457,0.00344247669676692,2.92436135547423,0.0034516380156938,0.0194190178312921,"WWP2"
27.5862897044034,0.0165757938945193,0.00567003379221584,2.92340301697594,0.00346228063331668,0.0194308765205858,"FANCD2"
19.0056354155317,0.0239741906797654,0.00819949929259134,2.92386032662108,0.00345719836155458,0.0194308765205858,"ANKRD31"
4.91315364419545,0.0405295810485194,0.0138638019567063,2.92341027195026,0.00346219995272319,0.0194308765205858,"RDH10"
39.2883106978517,0.0143776923596504,0.00491757370235576,2.92373703575868,0.00345856787508138,0.0194308765205858,"HIF1AN"
35.8733937516088,0.0162395126778275,0.00555413312297406,2.92386090111065,0.0034571919812863,0.0194308765205858,"BLM"
33.2633097229244,0.0189186668141263,0.00647096431568215,2.92362403672626,0.00345982350072391,0.0194308765205858,"CCDC22"
7.15136005217704,0.0338301236942863,0.011574296077245,2.92286662346544,0.00346825046183022,0.019456386574374,"ENSG00000290600"
62.4803335583268,-0.0113203967594088,0.00387465915473197,-2.92164970061526,0.00348182904014895,0.0195245421545298,"GTF3C5"
7.76571484264553,0.0577538524002453,0.0197686460243241,2.92148750749964,0.00348364246057207,0.0195266951216309,"PPFIBP2"
12.6780048169345,0.0279492966090443,0.0095693157696378,2.92072048638251,0.00349222988523512,0.0195668007515634,"LINC01376"
20.3979794459938,-0.0225541655938225,0.00772552004253748,-2.91943655179678,0.00350664769775628,0.0196395274913287,"ARSK"
163.572276973932,-0.0102619925413592,0.00351616523447771,-2.91851828825772,0.00351699244368684,0.0196783028285941,"NIFK"
361.754043714647,0.0104448892133942,0.00357882854501115,2.91852182411875,0.00351695255705968,0.0196783028285941,"BTBD9"
98.994109385064,-0.0267574945082429,0.00916842847718629,-2.91843848428587,0.00351789278970913,0.0196783028285941,"PTGER2"
150.451377059016,-0.0102996905648152,0.00352991576185639,-2.91782899640601,0.00352477593398063,0.0197059958438948,"NCOA4"
26.0895885289308,-0.0182955762866224,0.00627045134419307,-2.91774471762157,0.00352572868539377,0.0197059958438948,"CCDC9"
931.208411199578,0.00555597619141948,0.00190482688429357,2.91678799644829,0.00353656062812183,0.0197584532434128,"EIF3K"
6.02785567776598,-0.0351636470378115,0.0120576502895341,-2.91629348948138,0.00354217126933304,0.0197817087240758,"CYB5D1"
14.2486463326903,-0.0399176937931239,0.0136929998984978,-2.91518981151114,0.00355472273986454,0.0198436913063137,"CNTLN"
5.15376102265736,0.0395055803708684,0.0135554614283461,2.91436632974054,0.00356411404871812,0.019882329955964,"TRIM46"
2.52749294213117,0.141585598650765,0.0485825940201833,2.9143276827076,0.00356455534862049,0.019882329955964,"ZFP57"
81.3826780926205,0.0104209913800845,0.0035767167056928,2.91356353817404,0.00357329112019138,0.0199229211027813,"ATPAF1"
110.840577585899,0.0105100677998231,0.00360890168766382,2.912262153261,0.00358821351133581,0.0199911984645273,"MFSD6"
4.68871442481093,0.0384088766377673,0.0131887729215761,2.91224034761661,0.00358846402891808,0.0199911984645273,"ELMO3"
12.5521392012798,0.0251873040257029,0.00865046968123043,2.91166895600521,0.00359503422456513,0.0200196361628861,"ENSG00000264112"
186.638868733622,-0.0165038945388764,0.00566861508090399,-2.91145091055371,0.00359754432200691,0.0200254504639831,"CCT5"
46.4497202102444,0.0154096421614956,0.00529481751495932,2.91032544898083,0.00361052578688829,0.020089524337635,"ANKRD39"
34.8436816142151,-0.0555855279553735,0.0191084617324908,-2.90894833574486,0.00362646784121501,0.0201700125044776,"PTGIR"
19.0639240790294,-0.0213648130948135,0.00734842729608574,-2.90739939771791,0.0036444754900782,0.0202536758317608,"TRMT12"
11.9989761444602,0.0359032457279801,0.0123487913191572,2.90742995002934,0.00364411951019306,0.0202536758317608,"ZNF257"
10.3066156844733,0.0375491530457277,0.0129159035699133,2.90720295660892,0.00364676507668118,0.0202581581730236,"ATF3"
32.1471671189063,0.0197630580988499,0.0067991122091498,2.90671156629157,0.00365249812405959,0.0202817578758756,"CHST12"
17.1731342799695,0.0285693445981769,0.00983013749960196,2.90630162592678,0.00365728716466537,0.020291853236933,"TRBJ2-3"
3.61424589944367,0.0531824914466715,0.0182982695758509,2.90642190105556,0.00365588148468146,0.020291853236933,"SDC4"
184.703910731876,0.010727396267226,0.00369219358914093,2.90542627525713,0.0036675323800691,0.0203404353681461,"ITGAL"
3.62945335818272,0.0549961563289387,0.0189297399726742,2.90527795988364,0.00366927086516456,0.0203409911767544,"ECT2"
151.064427723891,0.00883269542800951,0.00304034345957751,2.90516369135377,0.00367061077969982,0.0203409911767544,"ZNF33A"
48.8437259777399,-0.0192465761192239,0.00662655097070151,-2.90446360471991,0.00367882972362356,0.0203782700830081,"SNAPC1"
173.864672202688,0.00884751488348574,0.00304747933558759,2.90322391366761,0.00369342462592874,0.0204508230199378,"HAX1"
90.1125091010063,0.00948115131568796,0.00326867361744721,2.9006112036027,0.00372435662758298,0.0206137404914033,"WBP1"
154.504525190409,0.0191687845592688,0.00661035373366193,2.8998122236115,0.00373386269961562,0.0206579848022476,"NCALD"
23.2644867176086,0.0227923088388708,0.00786064317542707,2.89954757266189,0.00373701631236317,0.0206670618732312,"AMY2B"
38.0783252885897,-0.0174311750898515,0.00601298850330092,-2.89892040875888,0.00374449934256432,0.02070006516367,"HDGFL2"
6.14992936940385,-0.0379544097897926,0.0130938577204743,-2.89864229473372,0.00374782202759629,0.0207100521427853,"IFT140"
8.78474175936517,0.0384799694669684,0.0132842974219782,2.89665070305526,0.00377169439680055,0.0208251194261501,"ATP13A3-DT"
40.6616391278941,-0.0172698544961606,0.00596200288887224,-2.89665315801739,0.00377166488532886,0.0208251194261501,"DNAJA4"
5.92272644445171,-0.0903876996494641,0.0312172749193846,-2.89543849944882,0.00378629214199504,0.0208763636094579,"ENSG00000189229"
20.5335701002739,-0.0223187819994312,0.00770843201293744,-2.89537249105558,0.00378708850836286,0.0208763636094579,"OXSM"
173.863099653952,-0.0076207302602217,0.00263190880927237,-2.89551455330573,0.00378537476958877,0.0208763636094579,"YLPM1"
5.48360258089361,0.0398921797457346,0.0137766265689833,2.89564208959164,0.00378383686218441,0.0208763636094579,"P3H4"
159.769283189419,0.0184963901135981,0.00639190733432592,2.89372000345945,0.00380707481885258,0.0209780726202204,"CTSC"
260.782035465464,-0.0143190818946477,0.0049494358767131,-2.89307352420068,0.00381491982739136,0.0210128245331315,"IRF2BP2"
29.4736632409964,0.0203273504892992,0.00702790371165199,2.89237748883742,0.00382338261679806,0.0210424683905969,"CYSTM1"
233.374921064461,0.0115532770509954,0.00399423405091161,2.89248874846446,0.00382202871528961,0.0210424683905969,"FLI1"
16.6592212494851,-0.0224336570658758,0.00775783932232,-2.89174035885638,0.00383114415121686,0.0210676817962887,"PEX5"
152.948172143316,0.00962247342148613,0.00332770821336194,2.89162174220938,0.00383259072209205,0.0210676817962887,"SUPT5H"
19.5209048250816,0.0233497363297451,0.00807492665104285,2.89163448026237,0.00383243535336571,0.0210676817962887,"EOLA2-DT"
14.368001761889,0.0242550530102888,0.00838915459665344,2.89123924596223,0.00383725877656139,0.0210848571552005,"RELT"
12.6215657851264,0.0273320655754513,0.00945582196805643,2.89050128775523,0.00384627955432843,0.021125926301619,"COPB2-DT"
130.158713005127,-0.0100978422596895,0.00349481962710893,-2.8893743703857,0.00386009213611982,0.0211932711331981,"NSMCE1"
133.565924590667,0.0137948984981631,0.00477544026275206,2.88871763421729,0.00386816249333069,0.0212290476733215,"WDR26"
686.5183304769,0.0119851861012222,0.00414955541141505,2.88830607448983,0.00387322778888421,0.0212483098779752,"CD2"
418.778970916117,-0.00997543993537198,0.00345467508198449,-2.88751899922286,0.0038829315476126,0.021275910525627,"PAIP2"
2182.79809946359,-0.00607542718069009,0.00210393746108603,-2.88764627896972,0.00388136083517441,0.021275910525627,"PPIA"
506.044766703293,0.00560892365452183,0.00194241338597428,2.88760554010932,0.00388186351561845,0.021275910525627,"NCOR1"
238.80118444047,0.0117745502570684,0.00407817423377922,2.8872111837549,0.00388673257184008,0.0212881984488114,"SP140"
7.88957021899175,-0.0663622354057151,0.0229869071095404,-2.88695800132991,0.00388986149911138,0.0212967968247942,"CALHM6"
28.2173215600768,0.0194254092132246,0.00673030651583636,2.88625921680041,0.00389850922691626,0.0213355913620497,"STX18-AS1"
55.1148092873239,-0.015321089932742,0.00530948842959282,-2.8856056729211,0.00390661288370765,0.0213713784507195,"ZNRD2"
11.239698013471,-0.0269773170869343,0.00935153856171601,-2.88479985500738,0.00391662573256939,0.0214133071741279,"PPT2"
55.7522587677194,-0.0120678065005623,0.00418338797842314,-2.884696940089,0.00391790619924752,0.0214133071741279,"POLDIP2"
13.5578783072584,-0.0382652410997495,0.0132653053430116,-2.88461065239695,0.00391898008311272,0.0214133071741279,"BCORP1"
489.992921412775,0.00675413990674236,0.00234227303007412,2.88358351909496,0.00393178370342711,0.0214746762850117,"PPP1R12A"
7.0965351577428,0.0360444634435824,0.0125087233892062,2.88154612761565,0.00395729306519944,0.0216053650162367,"ENSG00000285730"
7.13900903926743,0.0358567028668114,0.0124479828456624,2.8805231587627,0.00397015784046296,0.0216237464516443,"LINC00888"
45.5638705562011,-0.0151962558444456,0.00527542453672832,-2.88057496390043,0.00396950543137024,0.0216237464516443,"EIF4EBP3"
757.439817738289,0.00891286829512611,0.00309391674725397,2.88077185756107,0.00396702673491572,0.0216237464516443,"LSP1"
380.45799183167,-0.00992360643309604,0.00344439506185261,-2.88108833478542,0.00396304554461028,0.0216237464516443,"CIB1"
20.979980578822,-0.0238514309493458,0.00827982722127021,-2.88066771346066,0.00396833763099103,0.0216237464516443,"GSE1"
44.1067748259625,0.0150537041478988,0.00522598044696931,2.88055118090403,0.00396980493094798,0.0216237464516443,"EML2"
107.347556680326,-0.0087064993452239,0.00302347780825026,-2.87963064305159,0.0039814130549238,0.0216648550563608,"VTA1"
222.702932394726,-0.0133166249185936,0.00462455475572563,-2.87954746391668,0.00398246347339107,0.0216648550563608,"CHMP7"
393.761810735566,-0.0081897848465596,0.00284391410853654,-2.87975815513431,0.00397980327115851,0.0216648550563608,"CHD3"
21.9768354450655,0.0220098021730705,0.00764795269784923,2.87786850188811,0.00400371993062726,0.0217718209603377,"B3GNTL1"
30.1731723235563,0.0182700224952968,0.00635005608134691,2.87714348680548,0.00401293076915346,0.0218132249528994,"PEA15"
29.2554932628643,0.0213051580853546,0.00740562141407503,2.8768899858778,0.00401615586767393,0.0218220720574486,"RNF24"
80.0885634834643,0.0114330327328704,0.00398051654706888,2.87224851289447,0.00407562325382714,0.0221363871360949,"LINC01278"
621.346970197459,0.00660072556368963,0.00229932645938339,2.8707213526607,0.00409536354383481,0.0222347639144609,"CALM2"
796.240407892645,-0.0234102226620532,0.0081566997866042,-2.87006059736316,0.00410393142253078,0.0222724287770244,"GIMAP7"
107.242575090802,-0.00920407159673685,0.00320741698019238,-2.86962114797584,0.00410963867619902,0.0222945450027318,"NSFL1C"
164.104454304379,0.0185759520332454,0.00647453817537832,2.86907753573636,0.00411670868773255,0.0223205457009899,"NF1"
2.89716887651305,-0.058652604094748,0.0204435604964482,-2.86900142002848,0.00411769949974338,0.0223205457009899,"ZNF358"
87.7468349952625,0.0114550619628154,0.00399304147420515,2.86875606898014,0.00412089475211888,0.0223290052812154,"WASHC5"
71.945053185155,0.0131688687932542,0.00459190105255513,2.86784681170916,0.00413275580778799,0.0223843950572498,"PHPT1"
62.3980046209787,-0.0238322082585927,0.00831292859971455,-2.86688475339618,0.00414533936181722,0.022434760571483,"ENSG00000273338"
366.335280328311,-0.0129272915760862,0.00450900115772983,-2.86699673029022,0.00414387293810266,0.022434760571483,"SERINC5"
82.9573679433649,-0.0129160146325474,0.00450569096426903,-2.86660020293754,0.00414906788807523,0.0224460464756862,"PDHB"
3.75073745091203,-0.0441383462087371,0.0154017790839591,-2.86579530638165,0.00415963110457698,0.0224942838038486,"IER3-AS1"
7.07189480965196,0.0364803484524273,0.0127359197493182,2.86436701631856,0.00417843562854008,0.0225870323252305,"C1orf216"
284.952493578703,0.0075112275769082,0.00262512052138802,2.86128865921047,0.00421922702554382,0.0227985131206205,"SETX"
68.7853125051763,0.0183202294627299,0.0064034305762665,2.86100227753409,0.00422304018244959,0.0228100944611552,"ADPRM"
1.64642760563144,0.0748823533877316,0.0261828808321269,2.85997380761285,0.00423675998878144,0.0228751547220373,"CCDC184"
28.3352557585121,-0.0173802954963485,0.0060824327365608,-2.85745790362425,0.00427049276066047,0.0230481750733394,"GRWD1"
14.2919812239329,-0.025421799284627,0.00889712301153568,-2.8573055864987,0.00427254279826263,0.0230501321580836,"MYOSLID"
3437.85424905219,-0.020997750178281,0.00734974451780107,-2.85693606456993,0.00427751990660395,0.0230678728480892,"FOS"
15.3330060273662,0.0298306794333134,0.0104453203463333,2.85588937861395,0.00429164632056503,0.0231349205757373,"CDKN2C"
463.41166654854,0.0105701079375606,0.00370264473670513,2.85474537504958,0.0043071345394631,0.0231909569606094,"RNASET2"
33.4706624234845,0.0375787279422975,0.013163393053046,2.85479038655628,0.00430652418964693,0.0231909569606094,"PKIA-AS1"
10.3533707860226,-0.0320495698205905,0.0112257980685182,-2.85499254707519,0.00430378388788676,0.0231909569606094,"PRXL2A"
14.665396757771,-0.034360704941375,0.0120438124778593,-2.85297575037323,0.00433119265249112,0.0232837826182718,"CLASP1-AS1"
34.9227358332089,-0.0159365562939069,0.00558556131578362,-2.8531700563153,0.00432854511462623,0.0232837826182718,"RCE1"
23.2560176947139,-0.0180036711340399,0.0063104858564084,-2.85297702010644,0.00433117534683127,0.0232837826182718,"CAMKK2"
9.11411452045436,0.0507344265823855,0.0177824902513318,2.8530552169759,0.0043301096938096,0.0232837826182718,"OSBPL1A"
125.656389843018,-0.00955929934266435,0.00335192245639586,-2.85188558715733,0.00434607404107796,0.0233545914245181,"SDHD"
56.2989051391661,-0.0159628576348615,0.00559827040882615,-2.85139095991052,0.00435284127713807,0.0233817584922163,"TRIAP1"
77.4835466825475,0.0120554598853534,0.00422833705076696,2.85111138033964,0.00435667056555949,0.0233931289015498,"ANKAR"
44.2928240715875,-0.0143095497836988,0.00502204567713162,-2.8493468008184,0.00438090984286424,0.0235140386850788,"ZDHHC7"
57.5128882661986,0.0198510670884816,0.00696817791800534,2.84881748458053,0.00438820463187358,0.0235439415834222,"NUDT2"
64.0878237915472,0.0131629965783157,0.00462415171648896,2.84657541217315,0.00441922606957965,0.0237010711073648,"AHCYL1"
486.516068626669,0.00977250109445126,0.00343443954228272,2.84544274957768,0.00443497309683668,0.0237761901502312,"LAT"
110.602306606377,-0.00893409177976543,0.00314035347206034,-2.84493190312869,0.00444209184804048,0.0238050116297501,"DDB1"
27.9268759083874,0.0218426020279666,0.00767961752939154,2.84423045084867,0.00445188360228726,0.0238481294146055,"INTS7"
39.717221325105,0.0144776685332294,0.00509123863799445,2.84364367153933,0.00446008962638419,0.0238827221859694,"SNAP47"
15.7635560637563,-0.0210214568598647,0.00739290590999051,-2.84346333036067,0.00446261442396723,0.0238868781470973,"CLN6"
70.7098932562399,0.0124413815960341,0.00437765861065018,2.84201732080388,0.00448290559763407,0.0239860910551043,"ZNF138"
41.3730166410641,-0.0211125049466682,0.00742927489448938,-2.84179886281072,0.00448597837430328,0.023993134139774,"MDS2"
12.5730531621026,0.0250171220464424,0.00880757798320493,2.84040880411701,0.00450557534447834,0.024088516323121,"TRABD-AS1"
49.9115978981636,-0.0192210159977349,0.00676733219405502,-2.84026488527047,0.00450760872874783,0.0240899590120091,"TMEM223"
6.93825504437355,0.0450942930827382,0.0158856042154799,2.83868919753116,0.00452992556895009,0.0241902983861838,"TMOD1"
471.467007947708,0.00693174306301684,0.00244178483414774,2.8388017511118,0.00452832813254467,0.0241902983861838,"COX8A"
93.2854682311999,0.0178099744700008,0.00627498469980879,2.83824986386716,0.00453616577526308,0.0242141557210213,"TSPAN32"
5.61170523420065,0.0352324232566521,0.0124224424213713,2.83619131098076,0.00456550889489171,0.0243600503962591,"DARS1-AS1"
43.0301542566437,0.0169421925302931,0.00597406349973183,2.83595789215392,0.00456884693376396,0.0243600503962591,"TMEM14A"
130.257734382139,0.00914856824433709,0.00322579132367809,2.83606945594539,0.0045672512243365,0.0243600503962591,"CHMP2A"
13.0175254677538,0.0230668408041138,0.00813598257909488,2.8351634949887,0.00458022389257628,0.0244016608317441,"ANKRD23"
40.6413173122103,0.0148641902222974,0.00524260799900576,2.83526638366178,0.00457874892746783,0.0244016608317441,"TANGO2"
13.2459956794607,0.0217400752425421,0.00767111876263137,2.83401625176831,0.00459669942343307,0.0244798885474058,"ZNF367"
128.327189536507,0.0130056299492679,0.00459073841061758,2.83301481939988,0.00461112482165536,0.0245280237787431,"ST8SIA4"
7.78193541088739,0.0349247349069358,0.0123276029672744,2.83305156725513,0.00461059475368051,0.0245280237787431,"ENSG00000291174"
168.149476270549,0.00859201216037962,0.00303280689077365,2.83302315967366,0.00461100451286724,0.0245280237787431,"RELCH"
31.7359031855199,0.0161674522570502,0.00570931073925159,2.83176954196917,0.00462911993047058,0.0246141604710892,"MAN2A2"
9.32744957903782,0.0323053239083998,0.0114090075584041,2.83156302097486,0.00463211043995683,0.0246204780582919,"CDRT4"
69.577021350349,0.0131913985081908,0.00465903190811714,2.83136041313824,0.0046350459851832,0.0246245377458467,"CEP68"
1470.62768321417,0.00854156445760489,0.00301687584374032,2.8312615102566,0.00463647958142882,0.0246245377458467,"TALAM1"
216.208528353882,-0.0109721618989583,0.00387771522854061,-2.82954297886587,0.00466145386003793,0.0247475552771543,"TES"
260.669811005372,0.00899259249385795,0.0031783781438117,2.82930226894699,0.00466496164588048,0.0247565563646959,"RNASEH2B"
204.095426760036,0.00852406151867276,0.00301366669054968,2.82846857132632,0.00467712932594586,0.0248114899388041,"BLOC1S1"
68.3350667866462,-0.0113594732659307,0.0040168827556227,-2.8279324931827,0.00468496846917673,0.0248403385100272,"GAR1"
83.6124670457351,-0.0168392324287926,0.00595478687235071,-2.82784804725431,0.00468620441730162,0.0248403385100272,"NXT1"
140.915221600048,0.00955742222982309,0.00338063862684498,2.82710555157523,0.00469708427686599,0.0248883519092278,"RAB8A"
9.15890865750031,0.0318579569474605,0.011273890076648,2.82581759542334,0.00471601106877693,0.0249789496702183,"ENSG00000289007"
87.2676966367846,0.00933878997886197,0.00330741542357616,2.82359147033437,0.0047488873007457,0.0251433335380567,"ACTR1B"
127.222072062513,0.0134620844128995,0.00477200207066808,2.82105586157359,0.00478658669795359,0.0253317834668526,"ANKRD28"
33.9979264215158,-0.0167219778059101,0.00592778561339068,-2.82094847832144,0.00478818923216789,0.0253317834668526,"TFAP4"
14.0473436543159,0.025510301175994,0.00904554490811243,2.82020612745124,0.00479928099392342,0.0253806342922934,"GALK1"
17.927313053522,0.0228975238520677,0.00812006158181917,2.81987071419942,0.00480430015945734,0.0253973452701963,"ENSG00000248367"
7.1426257776604,-0.0333192898263483,0.0118171419761986,-2.81957260845796,0.00480876503709906,0.0254111142772817,"ZNF784"
27.5626894742622,-0.0168272485824911,0.005969296903775,-2.8189665975317,0.00481785314034436,0.0254492938503882,"MMAA"
9.49575985346354,0.038011148944234,0.0134858869556961,2.81858724376887,0.00482355006335104,0.0254695376364033,"CXCR5"
155.970210673134,-0.0102702814814502,0.00364514598217106,-2.81752268130923,0.00483956963570692,0.0255332529257922,"SDCCAG8"
5.54977649837146,-0.0518145593745857,0.0183908291890133,-2.81741289868212,0.00484122438344084,0.0255332529257922,"KRT73-AS1"
268.24585019005,0.00832396586451939,0.00295445295749253,2.81743049704336,0.0048409590898239,0.0255332529257922,"RPS6KA3"
14.6035415306171,-0.0259768908996496,0.00922315041960419,-2.81648782876127,0.00485518825712757,0.0255953856025172,"KCTD6"
230.178591165508,0.00915260835710788,0.00324991546642797,2.81626043866539,0.00485862627140022,0.0255953856025172,"NSMCE2"
86.8816203938612,0.00950108827021478,0.00337356827304037,2.81633199664049,0.00485754411640636,0.0255953856025172,"PLD3"
528.983310044394,0.00653754021813878,0.00232163117005561,2.81592541591445,0.00486369564588887,0.0256033588239144,"OGA"
60.2842259213538,-0.0145090986290782,0.0051525385460891,-2.81591268057392,0.00486388844422094,0.0256033588239144,"AAR2"
9.21824550514768,-0.0355536959256586,0.0126305511204419,-2.81489664121756,0.00487929240403208,0.0256745509395525,"ENSG00000257925"
308.204811055494,-0.0111346713160132,0.00395606683586262,-2.8145811933901,0.004884083812413,0.0256799787827412,"INPP5D"
14.9887289988866,0.021695954775041,0.00770824491559775,2.81464263429654,0.00488315023894954,0.0256799787827412,"PPIP5K1"
45.4832965118719,0.0223008243681993,0.00792491705242152,2.81401360048118,0.00489271583006726,0.0257154668098187,"CENPP"
39.7845482594956,-0.0147292820924459,0.00523725137598485,-2.81240693543684,0.00491722504811842,0.0258306989769938,"MTMR9"
7.72187160338752,0.0351147587815336,0.0124860083148911,2.81232863986284,0.00491842225762524,0.0258306989769938,"CDKN3"
58.2333109982575,-0.0129218766596193,0.00459707585572606,-2.81089045844741,0.00494046029214603,0.0259364671755245,"UBIAD1"
45.3219823549444,-0.0156287576979435,0.00556051600484605,-2.81066679501019,0.00494389562158304,0.0259445309991642,"MTX2"
50.0409222084185,0.0162776207179837,0.00579171405712692,2.81050144351542,0.00494643670514409,0.0259478976160785,"LINC01237"
14.5768275447683,0.0223109278231876,0.00793959596001525,2.8100835276188,0.00495286440644495,0.0259716421466557,"LAMTOR5-AS1"
864.856042919477,-0.00697320734640838,0.00248200754867367,-2.80950287606285,0.00496180758144012,0.0259985775076609,"ARID4B"
176.335706481518,-0.00752530919674537,0.00267849270420855,-2.80953134011577,0.0049613688389201,0.0259985775076609,"PSMA3-AS1"
117.523938377394,-0.0105125556562698,0.00374214428757755,-2.80923311566777,0.00496596738786016,0.0260103966710774,"NUP50"
59.7408147887245,0.0122145906537296,0.00434854763556148,2.80888969775595,0.00497126758382937,0.0260281775374125,"DIS3L"
387.895706392403,-0.0152402729376166,0.0054269323999627,-2.80826658863879,0.00498089750285237,0.0260686053214419,"IL16"
6.1074858619341,0.0372018976801018,0.0132525511959593,2.8071498936329,0.00499819782176463,0.0261401438505431,"SLC27A3"
69.8949425480863,0.0121301209058888,0.00432117124795776,2.8071372805745,0.00499839353862507,0.0261401438505431,"FAM219B"
24.9288584609425,0.0171582516984511,0.00611431373793999,2.80624325702854,0.00501228377058622,0.0262027540398805,"KCTD2"
215.182206637006,-0.0163170701549284,0.00581519363219151,-2.80593754687738,0.00501704151853735,0.0262175926332135,"IRF9"
71.4049951659718,0.0136984175058707,0.0048831761412761,2.80522698947554,0.00502811565781372,0.0262654148702621,"TSEN54"
121.82380058896,0.0120420005495914,0.00429532811435644,2.80351121706931,0.00505494738658216,0.0263954821485903,"ZNF107"
70.5200899859199,0.0106121504356437,0.00378631434527764,2.80276529308229,0.00506665267181069,0.0264464942670745,"LAMP2"
97.0840269126233,-0.00933041616121443,0.00332984652297198,-2.80205591964845,0.00507780711912423,0.0264794917995103,"RETREG3"
101.946570881947,-0.0126451438608899,0.004512884353372,-2.80200928513524,0.00507854119431876,0.0264794917995103,"NFKBIB"
264.849758687255,0.00827727843978603,0.00295406768726026,2.80199349374515,0.00507878978877869,0.0264794917995103,"DYNLRB1"
1.25311694253965,0.101975582298382,0.0364255275215662,2.79956363673815,0.00511717290707062,0.0266592608354633,"SH3BGRL2"
54.5585790484425,-0.0137818766098136,0.00492270109614302,-2.79965741178392,0.00511568674368509,0.0266592608354633,"NTMT1"
55.3662164742291,-0.0151321216325471,0.00540647424102945,-2.79888906483827,0.00512787514597266,0.0267048320602312,"EID2"
88.9472922093868,0.00965793665760787,0.00345487166703015,2.79545453157453,0.00518267915155651,0.0269799532051303,"BROX"
166.444573319724,0.00796862872071702,0.00285159253619578,2.79444858252705,0.00519883074212737,0.0270537249285561,"TTC19"
25.8132977825993,-0.0180470641080735,0.0064623847328586,-2.7926322641101,0.00522810891887982,0.0271957227082629,"ITPRID2"
4819.39401964685,-0.00724775962353553,0.0025958190294442,-2.79208971863011,0.00523688333908474,0.027230995969508,"RPL23"
28.3249210390289,-0.0204507207790749,0.00732654272382558,-2.79131939169208,0.00524936445372708,0.0272828959724982,"ENSG00000289055"
90.8975055448001,0.010664507363936,0.003820723417553,2.79122726207859,0.00525085896864552,0.0272828959724982,"BBIP1"
8.70873822535984,0.0325165808248872,0.011652743451863,2.79046569241071,0.00526322778428821,0.0273367648415882,"BCAR3"
687.067520906725,0.0081612212851062,0.00292505784118505,2.79010594942622,0.00526907959447635,0.0273567568455139,"EIF3A"
4.18479847431481,0.0421471991259736,0.0151076998478755,2.78978266383155,0.0052743433786167,0.0273736818206323,"GRK7"
90.4653511446446,0.0102222289308254,0.00366478343681433,2.78931323148285,0.00528199520245404,0.0273925795237366,"C6orf89"
13.4686599299286,0.0278837374571785,0.0099965037679108,2.78934896685444,0.00528141235765756,0.0273925795237366,"C11orf24"
3.66192222489138,-0.0427360953253526,0.015327191468121,-2.78825350451446,0.00529930580546555,0.0274719230750131,"CERKL"
257.833471256279,-0.00862782223266252,0.00309475521636131,-2.78788518944861,0.0053053342081022,0.0274927410025327,"TCERG1"
103.354187667553,-0.00925468414929959,0.00332014930204753,-2.78743011454101,0.00531279120782146,0.0275209434580361,"GTF2F2"
34.1699565287794,-0.0191058775258494,0.00685574182130765,-2.78684320731978,0.00532242242981923,0.0275603830141511,"HEG1"
125.912000629895,-0.015799442656741,0.00567292822658532,-2.78505950114075,0.00535179013687982,0.0277019527358008,"LAP3"
356.897596429508,-0.0109476721326653,0.00393129326344273,-2.78475081838035,0.00535688725030234,0.0277178332723977,"PSME2"
94.8396324984023,-0.0104487768885487,0.00375276714405823,-2.78428596484925,0.00536457140010889,0.0277470826677348,"CEP170"
108.026561779513,-0.00921219766842511,0.00330909075605545,-2.78390601755703,0.00537085941851481,0.0277690914674157,"KDM1A"
10.0012329300933,-0.0279334742916699,0.0100358584529968,-2.78336670674433,0.00537979628553367,0.0278047738404805,"ZBTB26"
4.42177854265786,-0.0381286289492175,0.0137041152920388,-2.78227584464119,0.00539791391446625,0.0278774519931796,"CALML4"
133.154843673643,-0.022171038521411,0.00796867466073267,-2.78227427587971,0.00539794000892825,0.0278774519931796,"MX2"
256.806764931067,0.0100710963251374,0.00362133011692463,2.7810489516184,0.00541835662725767,0.0279723172820634,"BCAS3"
19.0613122540093,0.0238481469157357,0.00857593024850003,2.78082333049605,0.00542212356685545,0.0279763979039225,"ST6GALNAC4"
64.7149353998845,0.0231923444212537,0.00834030095594218,2.78075629929517,0.00542324316614838,0.0279763979039225,"MIR142HG"
429.883704060143,-0.00602094618117945,0.0021657599274698,-2.78006167941871,0.00543485745879303,0.0280104990005144,"UQCRH"
78.3797886258362,-0.0274191624360399,0.00986303254750531,-2.77999310090233,0.00543600533311594,0.0280104990005144,"DDX60"
601.116965906434,-0.00795283694851183,0.00286062988309181,-2.78009993376573,0.00543421724864253,0.0280104990005144,"RBL2"
302.226780170041,-0.00805952825616988,0.00289977247935207,-2.77936573077992,0.00544651648316933,0.0280540781146655,"MDM4"
7.90256043810355,-0.0346510987341079,0.0124693836475219,-2.77889426723945,0.00545442759796103,0.0280842370856192,"TMEM121"
87.6244535937606,-0.00960639029009584,0.00345731247340096,-2.77857161133197,0.00545984771146025,0.0281015522752626,"IFT20"
3.32742555810812,0.045545423051693,0.01639479271782,2.77804201831648,0.00546875458390444,0.0281367938290526,"CENPA"
24.2631443815927,0.0173625038658199,0.00625181326924946,2.77719489019611,0.00548302913997047,0.0281996152304204,"PIP4K2C"
16.2397314578962,0.0212622235251225,0.00765654161451649,2.77700097454055,0.00548630144780015,0.0282004554327401,"ENSG00000253636"
150.350735214347,0.0104923570250646,0.0037783873384656,2.77694055298353,0.00548732141582892,0.0282004554327401,"SYNGR2"
38.0141416349497,0.0172402500549127,0.0062089273504832,2.77668735382626,0.00549159749779276,0.0282118171567691,"COMTD1"
134.255089776205,-0.00814882611299542,0.00293499888772332,-2.77643243650987,0.00549590563446031,0.0282233349498977,"KPNA3"
88.255509138322,0.00985372597224515,0.00355023439731089,2.77551419695241,0.00551144930113355,0.0282847129228596,"DPM3"
81.6485543025387,0.0106173160138129,0.00382539569651195,2.77548176872104,0.00551199896051626,0.0282847129228596,"CYB5R3"
45.3526259100947,-0.0130470350903588,0.00470145391853612,-2.77510644928777,0.00551836423577277,0.0283067425687781,"ENTPD6"
91.8455338419211,0.00898548454098178,0.00323821922462569,2.77482280157249,0.00552317919396606,0.0283208062273185,"ANKRD13A"
852.843239140662,0.0101141938067194,0.00364567896493894,2.77429633930721,0.00553212601231983,0.028356038021872,"EML4"
272.154850658575,0.00818870262285434,0.00295211584489317,2.77384189953788,0.005539859379366,0.0283833319658674,"TANK"
182.988362679214,0.0123542321584284,0.00445399902413931,2.77373930516648,0.00554160661441935,0.0283833319658674,"NR1D2"
42.9792423043755,0.0134566639505462,0.00485231876741502,2.7732440088051,0.00555004876448567,0.028415916837659,"LMBRD2"
4.37246978667186,-0.0788138931551863,0.0284238429715558,-2.77280919522588,0.00555746957153501,0.0284432500364062,"ENSG00000289084"
203.529731718842,-0.00706193692194463,0.00254704028940478,-2.77260511006481,0.0055609557060891,0.0284504325637367,"ZNF131"
2.44278435172281,-0.0566086416032129,0.0204263026372194,-2.77136017264645,0.00558226419935798,0.0285487566316848,"ENSG00000286113"
14.5935526712869,0.0245833670843892,0.00887147291623623,2.77105812264812,0.00558744521529456,0.0285645589973517,"ENSG00000289558"
206.540862832119,-0.00836105790515682,0.0030186081099801,-2.76983881329728,0.00560840397274152,0.0286507433676679,"CCT7"
8.01525088192928,0.0296615676108619,0.010708791493503,2.76983333075982,0.00560849837226529,0.0286507433676679,"ENSG00000289170"
158.830016199629,0.00770802812755155,0.00278329933047648,2.76938525553124,0.00561621827700126,0.0286794548276027,"FLOT2"
71.9904723717404,-0.0107243112728827,0.0038729167774414,-2.76905285839052,0.00562195135206068,0.0286980027911618,"TBP"
61.5738305150652,0.0132378221964073,0.00478116708662632,2.76874285222861,0.00562730299273449,0.0287038681406845,"ZNF33B"
44.6636451236547,0.0176104192109385,0.00636026421227647,2.76881881368186,0.00562599124418737,0.0287038681406845,"AKIP1"
127.466953284999,-0.00863353793986855,0.00311835634959217,-2.7686181346778,0.00562945728962473,0.0287041383263434,"SF3B4"
23.7652949563884,0.0226833149223114,0.00819402600149062,2.76827470625367,0.00563539331396503,0.0287236838316277,"NAB1"
36.4979847280921,-0.0162264478269593,0.00586271158182285,-2.76773769278859,0.00564468669784232,0.0287423464324698,"TOE1"
5.05207743960889,-0.041608183341788,0.0150339424955934,-2.76761623599291,0.00564679050654564,0.0287423464324698,"HOMER1"
2.74919542419511,-0.0794348202529995,0.0287019374430332,-2.76757694182351,0.00564747129024517,0.0287423464324698,"HDGFL3"
57.3087507788209,-0.0143837303405355,0.00519697661607323,-2.76771119116632,0.00564514568424331,0.0287423464324698,"ZCCHC14"
6.72235229555748,0.0342729466517379,0.0123847392297788,2.76735311223424,0.00565135061972202,0.0287513778269657,"ENSG00000274922"
15.199958965088,-0.029068914307815,0.0105094303762232,-2.76598381331698,0.00567513516768064,0.0288616330567824,"ZNF577"
6.00821470905107,0.0393585759615358,0.0142332536217484,2.76525501529713,0.00568783107966981,0.0289154345174133,"ENSG00000248774"
115.339664658108,-0.0106384403967423,0.00384802764748375,-2.76464759906256,0.00569843204604249,0.0289585497577904,"DHX40"
137.429622751041,-0.0123318110752356,0.00446148861737805,-2.76405750027056,0.00570874784089261,0.0290001842716969,"FNDC3B"
353.284929158237,0.00661571318313984,0.00239361764422427,2.76389723275284,0.00571155245966001,0.02900364557582,"TBCA"
215.313662373496,0.00909603737000419,0.00329141030149563,2.76356836030771,0.00571731149026486,0.029004104109268,"FCHSD2"
1.68773654066045,-0.0741831159727201,0.0268416963028903,-2.76372682022828,0.00571453597517776,0.029004104109268,"ADGRG5"
42.5960128022,0.0156265546207023,0.00565456643986394,2.7635283424273,0.00571801261832056,0.029004104109268,"ISYNA1"
67.2919266430747,0.0107778904202845,0.00390084283944002,2.76296453456497,0.00572789898612873,0.0290434670194946,"NUP205"
3.16953112565886,-0.0533088148403557,0.0193075166001398,-2.76103944097967,0.00576177177628993,0.0292043793929946,"RBMS2"
29.08542118212,-0.0375434188717494,0.01360447390938,-2.75963768403158,0.00578654978195172,0.0293190912542509,"RAB33A"
145.106543054198,0.00789111433918776,0.00286055979470664,2.75859094216103,0.00580511501594162,0.0294022510633157,"THAP12"
333.04679257076,0.0115159959889485,0.00417484895476854,2.75842218813566,0.00580811309450246,0.0294065325689042,"PIK3R5"
132.188577572928,0.00841117004464641,0.00304956181969849,2.7581569228454,0.00581282861098929,0.0294086069726347,"CLTB"
65.7021021072342,-0.0123147542281514,0.00446474353470887,-2.75822208653568,0.00581166990206046,0.0294086069726347,"AKT2"
37.8245811825844,0.0152163474305292,0.00551887639686079,2.75714590005757,0.00583083282844888,0.0294887732086678,"MVD"
151.937297711869,-0.0091482236359592,0.00331913561641326,-2.75620664329619,0.00584760407222229,0.0295626467899913,"MAPKAPK5-AS1"
67.7069922343266,-0.0160259334571709,0.0058154298597858,-2.75576076808897,0.00585558077162634,0.0295701417154957,"EEIG2"
3.14702011535445,0.0554667927269648,0.0201269182439419,2.75585124631089,0.00585396132507662,0.0295701417154957,"AHRR"
19.1067110533242,0.0197590420638022,0.00716956125402099,2.75596251482202,0.00585197031201978,0.0295701417154957,"BORA"
8.35396614726677,0.0347768988655615,0.0126236253424111,2.75490581526711,0.00587090330266862,0.0296365628656517,"ZBTB20-AS1"
262.468236023389,-0.00577579748236712,0.00209672181915334,-2.75467991490612,0.00587495793826436,0.0296460751520839,"CRBN"
20.7464598860461,0.0202723224646687,0.00736316396418829,2.75320807240825,0.00590143756874727,0.0297686991097074,"B3GALT4"
221.874382587953,-0.0312374706792873,0.0113470866049728,-2.75290669462217,0.00590687284732114,0.0297762679135224,"ISG15"
37.6941500407407,0.0153833360593589,0.00558816832714163,2.75284049419957,0.00590806736081194,0.0297762679135224,"RAP2A"
4.87389550132177,0.0396504537822927,0.0144038782096755,2.75276236060219,0.00590947747537037,0.0297762679135224,"LINC02352"
59.0709005344145,0.0127863894155007,0.00464556887672632,2.75238399317656,0.00591631034604132,0.0297997047665651,"SLC25A1"
96.6202772729593,-0.0110261504417724,0.00400662025024334,-2.75198290656639,0.00592356127222363,0.0298252292585974,"C1orf131"
53.9193637190455,-0.0110195534936637,0.00400794341436944,-2.74942841112875,0.00596993020230678,0.0300387476971483,"AXIN1"
22.9920124399835,0.031152480563507,0.0113306284045042,2.74940448590858,0.00597036603204668,0.0300387476971483,"MIR646HG"
27.2904909224548,-0.0164740828750813,0.00599430493693616,-2.74828909246342,0.00599071626052515,0.0301144745301911,"PINK1"
10.9521575029881,-0.028322403814994,0.0103056429806187,-2.74824228514985,0.00599157161950681,0.0301144745301911,"ENSG00000251867"
108.360164073664,-0.0105903629894926,0.003853719742469,-2.74808852153519,0.00599438227735372,0.0301144745301911,"MIEN1"
17.755720856803,0.0307134554184775,0.0111759306667852,2.74817877223932,0.0059927324332873,0.0301144745301911,"SYCP2"
653.918589670161,0.00512636002230774,0.00186550393563208,2.7479759888959,0.00599644002358124,0.0301144745301911,"ATRX"
24.380231360508,0.0174903724734373,0.00636651358725536,2.74724497697608,0.00600982264392685,0.030170590707843,"SGPL1"
56.8128249934122,0.011281315032862,0.00410706609635172,2.74680630118984,0.00601786638579385,0.0301998731924849,"TAMM41"
615.538610549439,0.00636423551160283,0.00231721897637146,2.74649723504708,0.00602353937408271,0.0302172412229048,"NDUFA4"
42.0098103064214,0.0143612311356203,0.00523050275591385,2.74566935642713,0.00603875904377464,0.0302824700946995,"DUSP23"
134.0228239888,0.0152827811351259,0.00556651632094353,2.74548393537009,0.00604217255798343,0.030288468675983,"ARHGAP5"
113.244314968982,-0.00869568006151727,0.00316827819525388,-2.74460748886998,0.00605833106304287,0.0303583280708605,"NCBP2"
18.7907656981117,0.0281290182581285,0.0102510100311933,2.74402406909498,0.00606910878417744,0.0304011829819816,"FLACC1"
263.177292553831,-0.00883154019577739,0.00321915482713788,-2.74343443233187,0.00608001889909333,0.0304446694140817,"ATP5ME"
36.9562508464388,0.0229948120424818,0.00838243437843778,2.74321408368333,0.00608410056708471,0.0304539442090059,"ENSG00000237356"
100.357441460152,-0.0103516440155501,0.00377510886280106,-2.74207827953055,0.00610517901605876,0.0305258950802938,"NSL1"
24.6040405969221,0.0162795476368745,0.00593670749052962,2.74218456321859,0.00610320379937476,0.0305258950802938,"ZSWIM8"
69.5530217697446,-0.0105264042879639,0.00383852683090483,-2.7423031677709,0.00610100028657998,0.0305258950802938,"EI24"
60.9136143926002,-0.0114665078853012,0.00418216747634077,-2.74176200502949,0.00611106018858911,0.0305441208108772,"MLXIP"
40.4796135894916,0.119067961792969,0.0434340883179818,2.74134824521398,0.00611876181933402,0.0305714288412958,"FMN1"
45.6871496328041,0.0122445019744182,0.00446786471297115,2.74057133799728,0.00613324661395765,0.0306325955198031,"TMEM106C"
50.3792785947197,-0.013114281851741,0.00478560815484031,-2.74035847219893,0.00613722070726788,0.0306412408118711,"CRKL"
43.3938791857673,-0.0136375309891213,0.00497868311212883,-2.73918437506059,0.00615918218777022,0.0307396524241656,"PTGES2"
11.3012504421558,-0.0260249508096351,0.00950179246423545,-2.7389517196458,0.00616354239781,0.0307501786537927,"LINC02256"
6.8217103450804,0.0362562949229148,0.0132388407614991,2.73863063814125,0.0061695643718165,0.0307684970496725,"KHDC1"
152.543283019379,-0.00823785629531233,0.00300814631884887,-2.7385158240789,0.00617171902753314,0.0307684970496725,"TRAPPC6A"
127.51864264371,0.016153688000624,0.00589940475000518,2.73818947591448,0.00617784713432306,0.0307878116945834,"CDKN2D"
93.5215999168187,-0.0116935328029907,0.00427481221601797,-2.73544946820691,0.00622951501260714,0.0310339806973791,"WDR36"
20.8306114836792,0.0276684957987813,0.0101252824863887,2.7326147034392,0.00628337884990109,0.0312909059750816,"B4GALT5"
7.12814281114986,0.0323979374670472,0.0118573013008881,2.73231966068203,0.00628900902479156,0.0313075303493632,"VSIG10"
18.0734472790657,-0.0366412661647735,0.0134137217638502,-2.73162563007093,0.00630227082287035,0.0313599914356323,"LAMP3"
98.5813107488219,0.0106927097080807,0.0039145525136253,2.73152797691761,0.00630413883471789,0.0313599914356323,"AMZ2"
7.87076824110694,0.0328864947108897,0.0120419760158992,2.73098822547639,0.00631447275853367,0.0313999628254714,"ZNF90"
19.0226757861805,0.0222024661854948,0.00813109419463992,2.73056315103701,0.00632262183880901,0.0314176116108153,"CLSTN3"
73.5122302521875,0.0120716263811727,0.00442079882150421,2.73064368422565,0.00632107721480505,0.0314176116108153,"COG6"
5.79273960039218,0.0324711305707213,0.0118982599404301,2.72906548800342,0.00635140893780879,0.0315491803965339,"ENSG00000286912"
43.462408777037,-0.0124892317877817,0.00457707231836222,-2.72865074420554,0.00635940169962954,0.0315773999334568,"TMEM41A"
1680.88430757309,-0.0101098622407855,0.00370648491937422,-2.72761456223392,0.00637941011801929,0.0316652406294126,"SRSF5"
18.4644442111468,0.0228088797680411,0.00836473236816214,2.72679133822097,0.00639534673183442,0.031732813787453,"C2CD5-AS1"
413.839834105878,-0.0157714334104822,0.00578475199727826,-2.72638021783867,0.006403318926038,0.0317608338887724,"ADAM10"
31.3056174422247,0.019417386457524,0.00712301647571849,2.72600611324086,0.00641058110218409,0.0317737800638007,"SAP30"
39.4749808401574,-0.0140498978345885,0.00515399650936052,-2.726020052414,0.00641031037994399,0.0317737800638007,"ZDHHC4"
173.715742684776,-0.00822938333837486,0.00301931856098503,-2.72557637498512,0.00641893239252989,0.0318036331091615,"QARS1"
250.138171116341,-0.00665872652963486,0.00244322560125366,-2.72538341372085,0.00642268547613046,0.0318106902117266,"ERGIC3"
136.750583629373,0.00880216961728497,0.00323115518724166,2.72415563698106,0.00644661193355611,0.0319176219689657,"KDELR1"
512.072357341118,0.00964826239446259,0.00354222675234712,2.7237845200253,0.00645385988918918,0.0319419297414218,"PBXIP1"
56.0691945078618,-0.0126256372154309,0.00463629300540813,-2.72321814016142,0.006464935483494,0.0319851570824078,"RPF2"
29.3721996612602,0.0184261008174003,0.00676698420266477,2.72294130820408,0.0064703551687645,0.0320003807405225,"LYRM9"
267.940332396157,0.00798586278178508,0.00293306295527895,2.72270418451539,0.00647500071381417,0.0320117661059362,"YWHAQ"
82.6984973344026,-0.0104546292258948,0.00384072157292241,-2.72204819521448,0.0064878679877267,0.0320637759451327,"NAA25"
2.54073977083658,-0.0697096937214654,0.025611728731189,-2.72178791416667,0.00649297978836495,0.0320774336018319,"GOLIM4"
11.4570850748167,-0.0556595434170028,0.0204511389371349,-2.72158648905059,0.00649693817183166,0.0320853851869922,"IFIT1"
113.088873675736,0.0133426254587902,0.00490321155501128,2.72120125943853,0.00650451470651289,0.0321111929493914,"KIAA1328"
2.10551235468542,-0.0731584754925647,0.0268887591736948,-2.72078287510326,0.00651275231649736,0.0321402444520787,"LINC00221"
12.6265478127218,0.0243599013078875,0.00895542259656448,2.72012861986352,0.00652565282300391,0.032180656159651,"RNF139-DT"
14.2361127471643,-0.0262459907309898,0.00964861085830077,-2.72018336281126,0.0065245725293656,0.032180656159651,"SPATA2"
108.942283894923,0.0359252733983339,0.0132094519367723,2.71966418972505,0.00653482433010302,0.0322142549076894,"CRIP2"
26.5945422146233,-0.0168685027045439,0.006203200898165,-2.71932232753156,0.00654158278703495,0.0322359382651145,"CASTOR3P"
114.49206315119,0.0116770411088815,0.00429479948033496,2.71887923111389,0.00655035195184343,0.0322675108770939,"ATP6V0E2"
586.177400038116,-0.00535428346349475,0.00196977589336252,-2.71821961144762,0.00656342583634485,0.0323202584442937,"ARHGEF1"
67.8306031675068,-0.0121335851506526,0.00446450461346309,-2.71778981122849,0.00657195724411255,0.0323506075511991,"ZNF761"
47.9318359905156,0.0129396904448453,0.00476285650741274,2.71679199755576,0.00659180201499561,0.0324366050161527,"DCUN1D4"
13.1295409459629,-0.0246645816914862,0.00908716977913163,-2.71422041086187,0.00664319500639767,0.0326777255266086,"CDK2AP1"
9.64073336064894,0.0252983228440624,0.00932178666793457,2.71389206224645,0.00664978290185947,0.0326800663989681,"NPL"
12.1170852467146,0.031098892494525,0.0114592771743681,2.71386161808588,0.00665039402249518,0.0326800663989681,"MIR3936HG"
220.482140916058,0.00666969968386014,0.00245766225716257,2.71383900062837,0.00665084806655427,0.0326800663989681,"SPSB3"
2.11878691911063,0.0668236591360574,0.0246342696815942,2.71263000688774,0.00667515914068055,0.032787728824774,"SEMA4A"
3.92314807586836,0.0532521835461829,0.0196368265025059,2.71185283117856,0.00669082914782811,0.0328528850321107,"NCAPG"
222.388003861751,-0.00937066700324821,0.0034557447302994,-2.71162013822599,0.00669552730840191,0.0328641405076429,"CDK17"
3.30931400872988,-0.0617116652891172,0.0227599001987908,-2.71142073340005,0.00669955572816427,0.0328721017409209,"ENSG00000289367"
22.2775858604658,-0.0255601039327305,0.00943131430706789,-2.7101317059888,0.00672564954800191,0.0329770624144962,"ENSG00000287100"
895.824419174153,0.0064828477246009,0.00239208396764957,2.71012548567468,0.00672577568717323,0.0329770624144962,"EIF4B"
12.329952272387,0.0271529280271093,0.0100198973219743,2.70990082578602,0.00673033289747867,0.0329875663364042,"ENSG00000291130"
122.864342728212,-0.00912473605202914,0.00336898453836001,-2.70845293236964,0.0067597699591883,0.0331199632864104,"ATXN2L"
3.00190704618269,-0.0591178621109678,0.0218294889391861,-2.70816519230762,0.00676563375527831,0.0331368078512376,"KCNQ2"
17.5691551567397,-0.0215218695320642,0.00794820420027156,-2.70776504852869,0.00677379580290999,0.0331648927124554,"SLC25A19"
421.175520086129,0.0103498999542212,0.00382314374022608,2.70716997776525,0.0067859502959871,0.0332124976865581,"RCSD1"
443.060049811504,-0.0215783734728544,0.00797151885506916,-2.70693375568352,0.0067907806325369,0.0332242347566096,"ZNF331"
51.347431042851,0.0148600599007483,0.00549050031915432,2.70650378598597,0.006799580706966,0.0332553786097943,"AGAP2"
512.863968378892,0.0164882455316466,0.00609360563978061,2.70582747002976,0.0068134434228037,0.0332993335082285,"SESN3"
19.4435198426238,0.0206917083568054,0.0076469330062293,2.70588330510411,0.0068122979881176,0.0332993335082285,"MARK4"
29.1869169103246,0.017522417758835,0.00647683393390821,2.70539864656709,0.00682224633862981,0.0333304309676979,"EPS8L2"
448.101808268513,0.0087985172183667,0.00325273642942256,2.7049585508312,0.00683129127747555,0.0333626881838813,"ZNF292"
14.7985114668599,-0.0272176564893481,0.0100627154604568,-2.7048023564121,0.00683450400742479,0.0333664491570488,"NEPRO-AS1"
41.5326430823058,-0.0131240834976947,0.00485321758793975,-2.70420257486664,0.00684685340702704,0.0334147972633045,"DEDD"
5.04214861847034,-0.0425693281617099,0.0157434862081925,-2.70393276297076,0.00685241532340817,0.0334299976134842,"ITSN1"
66.2296131105802,0.0116028912881273,0.00429428658072623,2.70193688055283,0.00689368478983922,0.033619326750876,"DDHD2"
17.4019063704699,0.0210490749015461,0.00779118411906239,2.70165286558254,0.00689957556649775,0.0336360464804994,"PLEKHG2"
19.7810109885055,-0.187999794733252,0.0695902491412669,-2.7015249557681,0.00690223003055174,0.0336369825962671,"ENSG00000267320"
5.5090491912473,0.043641543414622,0.0161581695569865,2.70089648834958,0.00691528571012107,0.0336885887304757,"LINC01163"
4.23391969512431,-0.0418843339581704,0.0155090060097687,-2.70064592997053,0.00692049695123559,0.0337019566323987,"SYT5"
3.26567081136934,0.0483699288373345,0.0179132444776972,2.70023271873262,0.00692909883613861,0.033707795620247,"ENSG00000273507"
5.52397170887682,0.0345692179945074,0.0128017954628186,2.7003413774974,0.00692683593890829,0.033707795620247,"ENSG00000265204"
367.781578568361,0.0123144078929168,0.00456012682974787,2.70045293753324,0.00692451331130939,0.033707795620247,"ENSG00000268027"
14.7816813355222,-0.0295546286592574,0.0109487411731584,-2.69936316804279,0.00694723179125997,0.0337839751757249,"TBC1D8"
14.6436242288404,-0.0213019610803552,0.00789209879361228,-2.69915033217737,0.00695167659822903,0.0337874907142048,"STARD4"
184.016555329558,0.00992996809152497,0.00367900361263844,2.69909169358047,0.00695290163965078,0.0337874907142048,"CEP120"
57.4059491427315,0.0149035678105868,0.00552233203449035,2.69878155053062,0.00695938418263857,0.0338069658374263,"TAB3"
17.0898260462915,0.0487738915563196,0.0180777039745605,2.69801362080913,0.00697545865196153,0.0338609684384486,"ENSG00000289400"
15.7458055663873,0.0262782925873294,0.00973985090958806,2.69801795030155,0.00697536793270482,0.0338609684384486,"LOXL1-AS1"
426.866968961583,0.00655470404220832,0.00243029427099905,2.69708245640303,0.00699499471250405,0.0339076038938273,"ACAP2"
4.40795302140842,0.0410662975290374,0.0152256627562404,2.69717635195919,0.00699302253513072,0.0339076038938273,"ENSG00000290460"
67.1900029572416,-0.0192495271749239,0.00713683026018994,-2.69720961170956,0.00699232406884956,0.0339076038938273,"ENSG00000288872"
24.1844624239332,0.0172197409500533,0.00638396205673019,2.69734387470233,0.00698950513640792,0.0339076038938273,"ZNF519"
3.89223374189254,-0.0430995328772846,0.0159882328561719,-2.6957033503954,0.00702401898745723,0.0340283010861057,"KMO"
101.076514237067,0.0128032143160556,0.0047495609639095,2.69566269668785,0.00702487621250498,0.0340283010861057,"TMEM87B"
40.4031435473085,0.0157381372337846,0.00583883899089694,2.69542237049543,0.0070299456558762,0.0340407861252282,"MMS22L"
10.5411483932439,-0.0273381748304885,0.0101446069200436,-2.69484811446701,0.00704207232497765,0.0340874230897217,"C2orf92"
74.0519511762979,0.0112343181756939,0.00416920189469366,2.69459682199424,0.00704738481982527,0.0341010544239509,"ZNG1B"
10.8323414006351,-0.0325021529045121,0.0120645663028914,-2.69401751281541,0.00705964552566454,0.0341482853684765,"NOX3"
110.331244776419,0.01103294940397,0.00409657479713367,2.69321322088143,0.00707669960187264,0.0342186607297629,"PYROXD1"
11.0489949243558,0.0372480347130175,0.0138331391467163,2.69266681394292,0.00708830661810876,0.0342626569014033,"SNAI3"
38.3399049836152,-0.0442910828538199,0.0164552692505222,-2.69160487011869,0.00711091379797781,0.0343476246394543,"NEBL"
82.3038053176366,0.013521406011308,0.00502333460114815,2.6917191636443,0.00710847755675377,0.0343476246394543,"MAPK6"
2.48013532392473,0.0606458536699149,0.0225362118221852,2.69104027546519,0.00712295950317349,0.0343936468057087,"CDCP1"
8.51211068201178,0.0498355048194912,0.0185232374780408,2.69043167419146,0.00713596460893038,0.0344442673349784,"PLD1"
2.49793185375948,-0.0594514271239615,0.0221241275676945,-2.68717611313958,0.00720589484483195,0.0347695244014145,"CD93"
3.24595166651008,0.0461671879522107,0.0171846747550195,2.68653254195141,0.00721979150191256,0.0348242768065415,"GIPR"
67.7805002570011,-0.0131323801205871,0.00488887949731524,-2.68617382117904,0.00722754780849981,0.0348493833618452,"MXD1"
4.6582819292302,-0.0377081865277636,0.0140402987761275,-2.68571111833306,0.00723756347256599,0.0348853623977599,"SLC30A4"
154.64510091137,-0.0101288490078443,0.00377168179438541,-2.68549935016318,0.00724215155909912,0.0348951641260296,"WDR48"
47.2343579011046,-0.0151433495366685,0.00564010051657118,-2.68494320130923,0.00725421329426741,0.0349286406766629,"GPX7"
174.871536279636,0.00716105466759974,0.00266701438174852,2.68504538880847,0.00725199570470909,0.0349286406766629,"ZBTB25"
34.0207885511337,0.0158139362348116,0.00589090890945956,2.68446456699029,0.00726460832745195,0.0349663670729364,"RBM12B"
13.2719164827479,-0.0272719068178288,0.0101610070700665,-2.6839767583835,0.0072752163605719,0.0349927660159902,"SSX2IP"
128.339436937591,0.0105745799236354,0.00393983193300835,2.68401802499249,0.00727431842654263,0.0349927660159902,"CDC25B"
24.6071833963446,0.0294195288444454,0.0109629720187884,2.68353588735118,0.00728481563088257,0.0350266038429623,"LINC01806"
2.29404324751085,-0.0705858443328689,0.0263120015578472,-2.68264822718581,0.00730417751369986,0.0351073416034976,"C1orf21"
61.8308974654609,0.0123766943018091,0.00461485057765764,2.68192741965031,0.00731993391884091,0.0351706990261579,"PITPNA"
18.1863880845859,0.0207170564886513,0.00772620019918637,2.68140301241909,0.00733141629203955,0.0352134833154923,"ZWILCH"
185.723448984514,-0.0081765198036029,0.00305022703751084,-2.68062662321537,0.0073484457134902,0.0352828711586208,"NHP2"
24.4486806060654,-0.0290125115909602,0.0108259851997559,-2.67989573749042,0.00736450947517524,0.0353351596174548,"RIPK2"
2.72174933690869,-0.0555187340013416,0.0207162330517252,-2.67996280321427,0.00736303416051921,0.0353351596174548,"ENSG00000228318"
3.03305760520194,-0.0489608973544764,0.0182795880635241,-2.67844642802291,0.00739645630124631,0.0354672093382711,"DDR1"
6.28668679629978,0.0367073101130488,0.0137048798402287,2.67841167095094,0.00739722396813574,0.0354672093382711,"ZFP37"
218.87247163866,0.00800408871806848,0.00298937597599135,2.67751155503755,0.00741712941095915,0.0355501711416498,"SMAP1"
322.591047237368,-0.0100638638879234,0.00375908689920468,-2.67720969420863,0.00742381560489209,0.035569737342275,"CD6"
13.7806382090079,0.0225668147522559,0.00843013387344316,2.67692246541262,0.00743018271928573,0.0355877615516981,"PANX1"
289.099066005725,0.0123544098791773,0.00461560304002016,2.67666213321572,0.00743595783708179,0.035594894035478,"ATP6V0E1"
46.5451727380361,0.0135740986620513,0.00507135734640103,2.67662042622266,0.00743688342439635,0.035594894035478,"APAF1"
247.400897900024,0.00628657333330334,0.00234891612621508,2.6763719926574,0.00744239895660696,0.0356088160235556,"KIAA2026"
342.327461128208,0.00832027183323303,0.00311011147384888,2.67523267355314,0.00746774026997971,0.0357175532520738,"H2AZ1"
52.2648739679934,-0.0169302382601551,0.00632952201714968,-2.67480517711812,0.00747726881009862,0.0357506097115671,"TGFBR1"
118.947367642173,0.0156323556814898,0.00584504388394778,2.67446335594176,0.0074848955628998,0.0357745533202279,"IGFLR1"
6.38803481556557,-0.0307155872609307,0.0114857151331709,-2.67424247465651,0.00748982760089176,0.0357856051165377,"ZNF74"
52.6966621645356,-0.0277102207631595,0.0103627572756506,-2.67402005335687,0.00749479697044199,0.035796827488195,"ZBTB21"
106.834969663773,0.0123682028814566,0.00462586149227531,2.67370800057679,0.00750177388372145,0.0358176271414313,"G2E3"
2.17618888720372,-0.0612987051870271,0.022927790404252,-2.67355484790453,0.00750520021961907,0.0358214657582098,"ZNF285"
91.5954744621139,0.0146467280915831,0.00548103221942677,2.67225725104658,0.00753428645250993,0.0359351790996109,"CCDC107"
3.03176356531347,-0.12345105780466,0.0461957252460871,-2.67234808301047,0.00753224712698871,0.0359351790996109,"ENSG00000283415"
3.05615913446619,0.0561775511560569,0.0210309371014799,2.67118630448967,0.00755836830337876,0.036024881725106,"ENSG00000228541"
18.5108736920125,0.0298627581938238,0.0111792273153413,2.67127211492007,0.00755643618603791,0.036024881725106,"SLC7A5"
37.7091419412093,-0.0138671257174605,0.00519236723402141,-2.67067506831959,0.00756988853780036,0.0360672052411416,"CHERP"
1167.60813705172,-0.00603456770551751,0.00225992317325139,-2.67025347451766,0.00757940060549489,0.0360999345436054,"YBX1"
215.684419657701,-0.00748893739162421,0.00280634451917088,-2.66857377647872,0.00761740470870098,0.0362682984736338,"SREK1"
6.49750176018595,0.0396153355797561,0.0148502942090643,2.66764651407215,0.00763845763546547,0.0363558645646196,"WDR64"
18.669570374039,0.0235927591860812,0.00884782592039217,2.66650354543091,0.00766447979854077,0.0364289471287637,"ENTPD3-AS1"
673.216939257385,-0.00887149991916306,0.00332658460514254,-2.6668493281213,0.0076565989342149,0.0364289471287637,"CD96"
62.7132983920379,0.011299039953837,0.00423728460802342,2.66657564904701,0.00766283585799129,0.0364289471287637,"CAPRIN2"
222.947466253282,0.00618931821776174,0.00232096143324372,2.66670446527485,0.0076598996737754,0.0364289471287637,"SUPT16H"
17.5518364316318,-0.0185659438255743,0.00696376473332842,-2.66607855614624,0.00767417584931213,0.0364623450788187,"GID4"
40.9999383892582,0.0122448952503734,0.00459463549050617,2.66504171564314,0.00769787731505958,0.036562240654977,"PDPK1"
22.021507698712,0.0191645039075208,0.00719413409120051,2.66390696428106,0.00772389212690367,0.0366730505573529,"PLOD3"
2.05548062474478,0.114485173576351,0.0429871339518547,2.66324276711665,0.00773915574762605,0.0367199956625814,"TWIST1"
40.2748376272719,-0.0150236838736605,0.00564093483610882,-2.66333228625345,0.00773709697324315,0.0367199956625814,"POLM"
17.9814776780835,0.0224656558750509,0.00843588734631077,2.66310524936961,0.00774231935746976,0.0367222508413322,"CFAP70"
78.8967755211548,-0.0113603333031826,0.00426637344629943,-2.66276111225947,0.00775024134613667,0.0367470658758163,"PRPF19"
99.679946472206,0.00948366905888133,0.00356204517477497,2.66242245495397,0.00775804428056133,0.0367712994005787,"DEDD2"
67.0541217399046,0.0126884200239424,0.00476740153482163,2.66149598083249,0.00777942696679375,0.03685985860784,"P4HA1"
255.528966155524,0.00724658161919007,0.00272296450253357,2.66128391040262,0.00778432889614776,0.0368702956731548,"TNRC6C"
478.343288949467,0.0073366413664143,0.00275694369096916,2.66115024055324,0.00778742004691958,0.0368721517646175,"FAM172A"
80.8170454201663,0.0128656796647611,0.00483487655839412,2.66101512817825,0.00779054567411318,0.0368741697534255,"RAB4B"
98.6195085829103,-0.0110243181160693,0.00414346328348096,-2.66065302425166,0.0077989279624685,0.0369010585269552,"COX10"
49.6271516664266,-0.021414448861836,0.00804965242340639,-2.66029484696359,0.00780722730236179,0.0369275363401185,"ENSG00000224610"
16.6818678911565,-0.0264699724379473,0.00995167160828608,-2.65985188015123,0.0078175022472722,0.0369587353583396,"ENSG00000289379"
2.92601413845169,-0.04901633084401,0.0184287353095636,-2.65977724573281,0.00781923464023436,0.0369587353583396,"DMXL2"
64.8165528628918,-0.0196312034821037,0.00738153522485236,-2.65950142945994,0.00782563979391951,0.0369762156986996,"LINC02361"
41.782133969146,-0.0137401399740364,0.00516727525937287,-2.65906871307335,0.00783569803862269,0.0370109388684599,"PGAP2"
2003.4664457841,-0.00556835078592053,0.0020948265057966,-2.65814413294481,0.00785722819396764,0.0370998054371234,"H3-3A"
16.0615582779436,0.0232878394119526,0.00876227589887708,2.6577386606757,0.00786668689383402,0.0371316319867909,"STOM"
12.7878895683664,0.0283127873840976,0.0106576257634005,2.6565754899489,0.00789387751402572,0.0372471042630713,"CPT1B"
36.1646273954497,0.0162307614580682,0.00611223695152094,2.65545357400279,0.00792018347421789,0.0373454284631744,"NBPF20"
583.355898828709,0.00575457921429276,0.00216701695814434,2.65553030984148,0.00791838172356134,0.0373454284631744,"GNAI2"
9.588795719474,-0.0530791251078866,0.0199957605587721,-2.65451893924589,0.00794215810572571,0.0374361213679134,"MMRN1"
194.407551676294,-0.00948643531228197,0.003574118095611,-2.6542030952842,0.00794959639411385,0.0374582568967213,"SNRPD3"
176.079100016469,0.00740926498146173,0.00279215188084503,2.65360385023875,0.00796372607372075,0.0374923558873897,"UBR3"
20.8458504492973,0.018059363959424,0.00680574483312368,2.65354702567289,0.00796506711458309,0.0374923558873897,"ENSG00000287555"
31.0245891166393,-0.0168585182855767,0.00635298221473037,-2.6536385142851,0.00796290811304751,0.0374923558873897,"HEBP1"
51.6734094387173,-0.0174285899370928,0.00656865616249525,-2.65329612419113,0.00797099072419718,0.0375073142585372,"PIP5K1A"
4.6865060562222,-0.0458987635512914,0.0173044836330356,-2.65242029318154,0.00799169941926226,0.0375788688699217,"TSPAN4"
6.86526402298922,-0.0466543029062074,0.0175889797108633,-2.65247351882457,0.00799043954535106,0.0375788688699217,"LINC01260"
81.7215923133926,-0.0140601527026518,0.00530142155217037,-2.65214764837852,0.00799815582900181,0.037596286518983,"HSF2"
55.6433075864403,0.0142268485402994,0.00536795332337063,2.65033015066646,0.00804131485515867,0.0377661086232263,"PMS2P4"
25.0939455120017,-0.0184536417800192,0.00696291030752529,-2.65027710612258,0.00804257759772807,0.0377661086232263,"MEN1"
62.7551266819182,-0.0114570530686665,0.00432288691536774,-2.6503244921668,0.00804144954911969,0.0377661086232263,"GTPBP1"
30.0217918255463,-0.0205480703354081,0.00775354362415016,-2.65015215383667,0.00804555282910727,0.0377670967854314,"CLP1"
7.83265667907292,-0.0390990838675907,0.0147599392076422,-2.64900033242322,0.0080730252232812,0.0378830383201722,"NPIPB11"
193.283368987733,-0.00759266800418218,0.00286667175290999,-2.64860041840325,0.00808258330019294,0.0379077085137082,"MMADHC"
134.041102267031,-0.00962226227014291,0.00363303275584609,-2.6485481736049,0.00808383271599064,0.0379077085137082,"JARID2"
195.879773576348,-0.0135396119636067,0.00511309375786974,-2.64802732059576,0.00809629818807904,0.0379401143221817,"ISCA1"
20.4301861305571,-0.023115747586464,0.0087293089857583,-2.64806156182315,0.0080954781714309,0.0379401143221817,"ENSG00000290876"
62.1818562853725,0.013389610567128,0.00505713583812839,2.64766678129876,0.00810493697901481,0.0379675717192532,"ENSG00000237773"
27.863505667597,0.0176226170951682,0.00665777017713626,2.64692481511104,0.00812274101080276,0.0380379301362927,"TXNRD2"
16.4681608134206,-0.0264328978670333,0.00999357730427079,-2.64498858239052,0.00816936735121949,0.0382431658730837,"ENSG00000254873"
310.046071445659,0.00755656556452161,0.00285733456819692,2.64462049653852,0.00817825826080299,0.0382716710663134,"CD4"
19.1869031679316,0.0319750402561278,0.0120912620799689,2.64447499728746,0.00818177510199837,0.0382750164018143,"ENSG00000224905"
144.949255207906,0.0122453300274519,0.0046315673743987,2.64388468040836,0.00819605745472648,0.0383281677032935,"RBPJ"
21.2601549567128,0.0220538832518053,0.00834192125522579,2.64374148077574,0.00819952544251914,0.0383281677032935,"CDYL2"
58.581133573675,0.0162105780705387,0.00613187476136015,2.64365772319573,0.00820155447999465,0.0383281677032935,"ALDH3A2"
110.733512345464,0.00779773826466176,0.00295022862175613,2.6430962696105,0.00821516736623903,0.0383786546589689,"NSMCE4A"
250.961249059263,0.0057820439906111,0.00218838938838241,2.64214587280786,0.00823825657589458,0.0384733623339214,"ADD1"
89.3546067200071,-0.0101608875430038,0.00384945008779172,-2.6395685906484,0.00830116232358203,0.0387538883595798,"DKC1"
117.945498596474,0.00848057863207024,0.00321336149130262,2.63916109501655,0.00831114763859591,0.0387777304230405,"ZBTB8OS"
345.453489540806,-0.00732755831512765,0.00277650683740768,-2.63912849642723,0.00831194690180546,0.0387777304230405,"UBAC2"
15.4799731981886,-0.0254353588347678,0.00963900842663525,-2.6387941278776,0.00832014903362326,0.0388027435299739,"FAM174B"
31.0007013515667,0.0272977163284377,0.0103514492771931,2.63709125142328,0.00836203340178845,0.0389847700574847,"ZNF483"
62.5724749735047,-0.0131163667393148,0.00498009383354465,-2.63375895670204,0.00844454138952745,0.0393559997887905,"YRDC"
575.849208285862,0.00577398054409585,0.0021926935233907,2.63328207179961,0.00845640847594933,0.039397864864075,"ACTR2"
174.500587701971,-0.00797232556898549,0.00302779527276704,-2.63304644164391,0.00846227753955197,0.0394117665156085,"DDX39A"
522.935452912566,-0.0118963168734342,0.00451854827044,-2.63277410385521,0.00846906545288431,0.0394299366347647,"OXNAD1"
5.85966498377111,0.0335469099072793,0.0127433847800691,2.6324960350995,0.00847600123182573,0.0394487825644768,"NQO1"
111.938890369513,-0.0100632156776928,0.00382819592063241,-2.62870968109446,0.00857094979610295,0.0398771029341847,"MAGT1"
20.4702381910685,-0.0185116112300899,0.00704514215686534,-2.62757100111184,0.00859968931385216,0.039997193063405,"NEK4"
118.361581381198,0.0101606711674687,0.00386906455226323,2.62613120825942,0.00863615203220659,0.0401121512274539,"OXSR1"
5.99145532676374,0.0338692110642832,0.0128964664479634,2.62623961384646,0.00863340186043457,0.0401121512274539,"C12orf60"
378.054298633416,0.00474445031818761,0.00180658438817196,2.62619911322736,0.00863442924039672,0.0401121512274539,"GRB2"
3.47170929634579,0.0418079457685448,0.0159181101658039,2.62643902655974,0.00862834494773899,0.0401121512274539,"NLGN3"
8.26047605165815,0.0340174563622506,0.012954895114685,2.62583803736783,0.00864359348974659,0.0401330683446426,"H2AC12"
35.3122080592957,0.0141881138173256,0.00540381973828992,2.6255712633774,0.00865036990359747,0.0401508844319203,"RIOX1"
171.828172487567,0.0076407894055149,0.00291028049405838,2.62544776048711,0.00865350864882655,0.0401518098311721,"PPP2R5A"
8.6302065293873,-0.0436608892585341,0.0166319200680808,-2.62512620790705,0.00866168547334375,0.0401761030783958,"DPY19L2"
6.21249103657681,-0.0551596372856124,0.0210179528925754,-2.62440579097014,0.00868003017183613,0.0402315931751316,"BANK1"
5.57295207265869,0.0443882936845877,0.0169134140141246,2.62444315781062,0.00867907780936546,0.0402315931751316,"ASB2"
278.819882521793,0.00718045846830808,0.00273613246780775,2.62430951453941,0.00868248438362283,0.0402315931751316,"TMC6"
6.72554686571886,0.0311730895460837,0.0118791611008402,2.62418274164822,0.00868571693591386,0.0402329241588957,"CACNB1"
16.2222611462171,-0.0268306760038323,0.0102253824657909,-2.62392884506711,0.00869219421988969,0.0402492789978621,"ENSG00000284734"
40.2157171283019,0.0172803936986327,0.00658650457627376,2.62360611740573,0.00870043371928462,0.0402737799408431,"CENPM"
115.117366426433,-0.00840740700165813,0.00320520772960061,-2.62304590245879,0.00871475303809049,0.0403263978659608,"SRM"
55.7146176503506,-0.0172414130077836,0.00657390738320376,-2.6227039723491,0.00872350325566677,0.0403532185819194,"TANC2"
88.5485014116308,0.0125292550220718,0.00477942503651638,2.6214983865934,0.00875441766935701,0.0404825136639867,"BICD1"
3.22954817076542,0.0448002336346185,0.01709551464488,2.62058408683448,0.00877792797236671,0.0405774944509405,"ADAMTSL5"
7.15916618081274,0.0393326097029399,0.015015714809309,2.61942972428829,0.00880769181858785,0.0407013092834608,"HSPA12A"
100.942505733139,-0.0104470576773443,0.00398939235806181,-2.61870900119231,0.00882632048536365,0.0407736008894378,"DCAF6"
3.98479085212516,-0.037362535826542,0.0142686719332208,-2.61850128739404,0.00883169583364986,0.040784639989066,"ABCD1"
4.1420095549703,0.0398014625524674,0.0152023507917187,2.61811236286882,0.00884176853241398,0.0408156185733656,"PIK3R5-DT"
4.50741794319181,0.0348731454224594,0.013320470202285,2.61801159365059,0.00884438001296941,0.0408156185733656,"ARHGAP33"
100.763452325962,0.0114575447452878,0.00437734297268019,2.61746562167882,0.00885854111131002,0.040867163654338,"RALGDS"
12.6547131094929,-0.0235406176056756,0.00899494499903664,-2.61709411321546,0.00886818865530074,0.0408978585521297,"ZNF790-AS1"
32.5989273218083,-0.0186527047745386,0.00712923884290036,-2.61636693419437,0.00888709962484566,0.0409712389049584,"GRAMD1B"
6.41676478537721,0.0310911095633265,0.0118840376875521,2.61620758708068,0.00889124840381252,0.0409765361660186,"CASC19"
2.95543501887643,0.0568434246588295,0.0217287729113584,2.61604393817911,0.00889551098521516,0.0409823541511093,"ENSG00000260879"
41.3797264407854,0.0445117253728709,0.0170198521029698,2.61528273592366,0.00891536210743264,0.0410599616950539,"CEACAM4"
53.9525866601281,0.0115793666945076,0.00442811265496853,2.61496660016431,0.00892361812136682,0.0410841333123932,"ENSG00000242861"
22.5303528974633,0.0180894308374964,0.0069180728940518,2.61480778166558,0.00892776830746274,0.0410893918732955,"ORAI3"
60.1542795735466,-0.0145685146232959,0.00557572807909977,-2.61284524937738,0.00897919492857082,0.0413121598936603,"RPP38"
48.1231957236924,-0.0154167504456063,0.00590119670859607,-2.61247865592232,0.00898883049339946,0.0413425671851302,"DEXI"
4.38338371656531,0.0436431672285611,0.0167068660233537,2.61228929277068,0.00899381134185969,0.0413515526522394,"ENSG00000228509"
249.376580907481,0.0129045100756042,0.00494129802466133,2.61156279406739,0.00901294342450174,0.0413667276932859,"ARRDC3"
2.45835814249274,-0.28710775779996,0.109938745666606,-2.61152477280963,0.00901394570068774,0.0413667276932859,"THSD7A"
5.03068187183314,0.0340637866798904,0.0130421173264697,2.61182949265116,0.00900591579527079,0.0413667276932859,"TMEM139-AS1"
11.6884759753093,-0.0298532245359651,0.0114308186148517,-2.61164362254667,0.00901081304025748,0.0413667276932859,"TWNK"
3.33045187212463,0.0609935674970594,0.0233559917643547,2.61147409677315,0.00901528172349284,0.0413667276932859,"IFNG"
12.7958180489318,-0.0300681287520764,0.011512621710815,-2.61175338748691,0.00900792070193764,0.0413667276932859,"PLXDC1"
244.802172264983,-0.0295005546239499,0.0112993166885847,-2.61082642756205,0.00903237244975517,0.0414312315861839,"XAF1"
8.42269065341959,0.0582274783998778,0.0223079417190664,2.61016812457025,0.0090497734212444,0.0414831895752344,"ASPM"
28.0404862777109,-0.0262592020811947,0.0100602170130844,-2.6102023492179,0.00904886802153209,0.0414831895752344,"HECW2"
17.9140179659402,0.0240712794263979,0.00922332539189643,2.60982654342292,0.00905881425052663,0.0415081026692994,"SH3TC1"
103.572221029964,-0.00770033700324978,0.00295062228594613,-2.60973322133661,0.00906128566323943,0.0415081026692994,"MRPS7"
14.7724785347014,0.0196109093218485,0.00752004383582504,2.60781848483692,0.00911212595079908,0.0417269998283324,"PSKH1"
140.066043800977,-0.0135553293108805,0.00519819894348726,-2.60769729251393,0.00911535241472556,0.0417277861880534,"IL27RA"
15.5231989195293,-0.0274767736458419,0.0105374630327103,-2.60753215081741,0.00911975057026645,0.0417339339329446,"OLFM2"
16.2737211295719,0.0352774836809039,0.0135356735841986,2.60625992947158,0.00915369671529102,0.0418752502112778,"ZEB2"
149.159641232742,0.00898370960017177,0.00344779512333832,2.60563904721615,0.00917030437191849,0.0419371803550072,"ABHD14B"
230.495416675417,0.00853766058588071,0.00327701142296538,2.60531914110783,0.00917887186834981,0.0419623124905149,"RFX7"
23.6791922229873,0.0202851620617452,0.00778948644238582,2.60417194532431,0.00920965402173512,0.042088950798562,"WDR35"
42.1796983992869,0.0217376465355222,0.00835097065925068,2.60300837142118,0.00924096972318791,0.0422134865337597,"CASP4LP"
62.0522580233579,0.0138765313902482,0.00533111987943405,2.60292991042651,0.00924308478934665,0.0422134865337597,"CD320"
159.731568150366,-0.0133957499494215,0.00514720766850201,-2.60252758624756,0.00925393699555517,0.0422489235826483,"BIRC2"
57.8142400891678,0.0137983075341408,0.00530293402107873,2.60201380580895,0.00926781212980305,0.0422840059095223,"PIGN"
184.474976561343,-0.0083423786096346,0.00320600158518524,-2.60211306450511,0.0092651301074375,0.0422840059095223,"NBDY"
18.3398568726131,-0.0175915159299243,0.00676178245715624,-2.60160927113332,0.00927875003725056,0.0423197747942713,"NFKBIL1"
26.9351908137229,-0.0228175221913746,0.00877317756120592,-2.60082758295823,0.00929991815244971,0.0423597472365665,"CYTH3"
155.388945508543,0.00981011594170496,0.00377176606672578,2.60093435492965,0.00929702422894664,0.0423597472365665,"FBXO21"
15.3748148487722,0.021336938714699,0.00820325735643262,2.60103246644671,0.00929436574488355,0.0423597472365665,"CHSY1"
70.4038925454132,-0.0272392511257079,0.0104732213233195,-2.60084746467235,0.00929937922204985,0.0423597472365665,"ENSG00000261526"
73.5837952136662,0.0123677716678787,0.00475635656022028,2.60026167325561,0.00931526986557926,0.0424155287879376,"LAX1"
3.2957367858223,0.0676563811446759,0.0260239833935914,2.59977037801741,0.00932861580646861,0.0424404992687577,"PLEKHH2"
34.5170632190615,-0.0173753763452706,0.00668342493816341,-2.59977130079736,0.0093285907233454,0.0424404992687577,"COMMD5"
174.65460860749,0.00690991045923127,0.00265814620785713,2.59952234335586,0.00933536009877214,0.0424404992687577,"AP2B1"
309.612533063289,0.0184470600086991,0.00709641994578737,2.59948821372244,0.00933628845553565,0.0424404992687577,"SAMSN1"
264.585370722243,0.0125955995431965,0.00484510831532431,2.59965282991892,0.00933181150608932,0.0424404992687577,"CSTB"
193.581661022035,-0.0065953421399959,0.00253738057423793,-2.59927194483891,0.00934217307881495,0.0424531218418537,"FOXJ3"
96.7860248722474,0.0102000618385129,0.00392463477356633,2.59898370855133,0.00935002106156538,0.042474655038571,"PPT1"
34.7730871882287,-0.016586303789179,0.00638337174949621,-2.59836093526718,0.00936699777088515,0.042537629504751,"FAM210A"
19.9206484200506,-0.0191736403471029,0.00738160557492366,-2.59748914412854,0.00939080886112907,0.0426315882495923,"FECH"
4.96232781767525,0.0524805891476589,0.020206754675756,2.59718049680807,0.00939925182868282,0.0426557408570788,"ENSG00000289904"
5.33996025104649,0.0413240413306826,0.0159151949718025,2.59651492827439,0.00941748133204769,0.0427242759866395,"TESC"
39.9149627329142,0.0130262580649548,0.00502073020148158,2.59449473327821,0.00947300649353089,0.0429476497516203,"RFX5"
2.74340913549118,0.0587549293904397,0.0226458561135766,2.59451129141526,0.00947255020806688,0.0429476497516203,"FHIP1A"
15.0276847599139,0.035237281100522,0.0135839904838511,2.59403016679176,0.00948581634540578,0.0429733526779271,"SPATA6L"
71.4062609872873,-0.0142988151292793,0.00551209588342007,-2.59407953556994,0.00948445432857335,0.0429733526779271,"NFKB2"
33.2187697437701,-0.0142044518290407,0.00547599943419438,-2.59394691320497,0.00948811359272533,0.0429733526779271,"TIMM21"
1.44786757130581,-0.118285402224012,0.0456042521945855,-2.59373625334999,0.00949392862507674,0.0429854375268639,"NEGR1"
4.17845977201071,0.0386933544541853,0.0149200276789444,2.59338355710897,0.00950367153044383,0.0430152926129432,"LRP8-DT"
96.1625464091637,0.00949671408004717,0.00366250115655043,2.59295865697194,0.00951542084219912,0.0430542062618218,"LMF2"
217.63931123718,-0.00620612699405098,0.00239509638273864,-2.59118047974114,0.00956473154575535,0.043262991031463,"NDUFA2"
57.4496135749918,0.0188121807771428,0.00726046714719076,2.59104275190084,0.00956856037285203,0.0432659830166033,"CCDC146"
327.886894025489,0.00698474676506061,0.00269611889595279,2.59066719036226,0.00957900791011843,0.0432988908180734,"CFLAR"
285.013480981076,0.0104378816801162,0.00403099835597257,2.58940360634252,0.00961423356915606,0.0434150183651808,"MZT2A"
161.412922125468,-0.00766783647820255,0.00296102808041168,-2.58958587016726,0.00960914537808088,0.0434150183651808,"EBLN3P"
18.5379456796594,-0.0185282934621984,0.00715534961556374,-2.58943230696892,0.00961343218518424,0.0434150183651808,"DHX33"
154.482515230535,0.00683672449001242,0.00264044572286859,2.58923121607854,0.00961904833401838,0.043422405896461,"OS9"
195.675693598321,0.00911311793994212,0.0035198550110923,2.58906060369631,0.00962381556007284,0.0434295740173753,"JPX"
1.94288242630248,0.109345410409289,0.0422409133616519,2.58861378003623,0.00963631062439514,0.0434715994482291,"ENSG00000243276"
38.1762667756991,-0.0145945160924232,0.00563930173368257,-2.58800056844852,0.0096534821369939,0.0435346866924189,"MAK16"
101.481530425322,0.0103753724920973,0.00400927370360271,2.58784339985921,0.00965788765391701,0.0435401799843255,"TMED5"
3.72832187221336,0.0421415329380988,0.0162881327283655,2.58725377800427,0.00967443103831075,0.043600372148903,"LRRC39"
57.0765643285078,-0.0117309149481946,0.00453503123843244,-2.58673299729009,0.00968906390844016,0.0436519172128274,"ELOA"
113.342141275488,-0.00824696996123677,0.00318842473146328,-2.58653430951526,0.00969465182466971,0.0436575484594934,"RNF220"
4.43819928484712,-0.042133288816465,0.0162899359088125,-2.58646130054273,0.00969670585842629,0.0436575484594934,"NFIX"
39.0960233021869,0.0142999910135128,0.00552915741990768,2.58628755296888,0.00970159563121393,0.0436651717701424,"SGSH"
331.001433692624,0.00763742517460327,0.00295447761056952,2.58503403352278,0.00973693856861177,0.0438098092382203,"STK10"
116.445018390642,0.00961597704663857,0.00372106563265489,2.58419979541662,0.00976052343791975,0.0438870145365318,"ZNF767P"
39.8247228345599,-0.012161498471579,0.00470599996438685,-2.58425383842169,0.00975899403922648,0.0438870145365318,"HSPBP1"
107.82762075895,-0.0107750440565953,0.00417184734469612,-2.58279921730457,0.00980023389791785,0.0440510678004468,"COMMD3"
5099.12883514899,-0.00940551540702538,0.00364313641207325,-2.58170827088873,0.00983126508081754,0.0441760134881472,"RPS5"
141.51123756801,-0.0117351706092335,0.00454598843452459,-2.58143433012511,0.00983907086770366,0.0441965498365116,"SUMO3"
228.623522753868,-0.00882244654151961,0.00341906862962442,-2.58036544369943,0.0098695810192428,0.0443190258786511,"RFTN1"
37.5497771905784,-0.0128904645480068,0.00499591791307142,-2.58019942927404,0.00987432726819767,0.0443257674937825,"ZNF383"
3.16857848906214,0.0779888193677547,0.0302624593872503,2.57708133928506,0.00996385010303122,0.0447129410011191,"LINC01871"
10.2195367123129,0.0233514659622953,0.00906325971503819,2.57649749609949,0.00998069283631741,0.0447591149520997,"RRAGC-DT"
32.9319016338016,0.0234573243115411,0.00910413452420607,2.57655730472487,0.00997896630942605,0.0447591149520997,"CPNE8"
82.4807855918828,-0.0100415447016134,0.00389804583076086,-2.57604582849488,0.00999373995576691,0.0448029169004844,"SNRNP35"
178.192396420874,-0.00729901568940267,0.00283361611582424,-2.57586609867214,0.0099989359543718,0.0448031645103144,"KPNA4"
14.6257438395858,-0.0613696174268528,0.0238253015296915,-2.57581703007507,0.0100003549481661,0.0448031645103144,"ENSG00000291037"
52.754394270328,-0.0124439991380326,0.00483273410925225,-2.57493974564183,0.0100257550497324,0.0449022340915882,"INTS15"
38.3539853809781,0.0145187412878578,0.00563975974693471,2.5743545717083,0.0100427295775572,0.0449635155783127,"CARF"
126.265212927413,0.0119516579974984,0.00464461695184482,2.57322791554454,0.0100754833334615,0.0450953808437366,"UBE2J1"
106.694072919317,0.01068857428055,0.00415409613698014,2.57302044249755,0.0100815252790312,0.045107643403723,"TOM1"
134.779911619763,0.00772946551636156,0.00300575947266142,2.57155157844935,0.01012439330005,0.0452731589254705,"RARS2"
25.7703128762383,-0.0182989008250967,0.00711597008771173,-2.57152582143316,0.0101251464507549,0.0452731589254705,"ACOT2"
55.9436180952938,-0.0159653047702262,0.00620883937171836,-2.57138312241562,0.0101293199600572,0.0452769995596796,"KLF3-AS1"
281.851624841761,-0.005739540935916,0.00223229989649849,-2.57113345071549,0.0101366257774156,0.0452948341902182,"COX7B"
39.8943636868923,-0.0148915944863533,0.00579279847077497,-2.57070819250528,0.0101490803557374,0.0453090951817858,"SCARB2"
33.8582248036884,0.0157736662298305,0.00613597850887156,2.57068472567571,0.010149768027545,0.0453090951817858,"IRF2-DT"
12.6591427246055,-0.0283631917342524,0.0110324394959687,-2.57089030441694,0.0101437451595137,0.0453090951817858,"ABI3"
288.978795992746,0.00874809708662274,0.00340337829979213,2.57041572109603,0.0101576538998531,0.0453294845710532,"ARHGDIA"
132.964994349776,0.0306089145342522,0.0119092098470069,2.5701885286659,0.0101643182971468,0.0453296075543669,"TRBV2"
125.36232445598,0.00893918968399894,0.00347793553366864,2.57025744078976,0.0101622964375539,0.0453296075543669,"ZNF652"
5153.31781279722,0.0107247896820173,0.00417302710376565,2.57002636583393,0.010169077515648,0.0453360309607544,"HLA-C"
975.55958317869,-0.0057401066947413,0.00223377402053097,-2.56968996952381,0.0101789565338259,0.0453652679452079,"MIF"
131.330443885514,-0.00803752934207425,0.00312859129643077,-2.56905699099905,0.0101975685089191,0.0454333939438468,"WASHC4"
9.99148112503608,-0.0303234247070359,0.0118047664033798,-2.56874415561108,0.0102067782407032,0.0454595992070445,"INAFM1"
57.6642782895042,0.0147148675866029,0.00573060959911391,2.56776654073209,0.010235606522488,0.0455731372546238,"C18orf21"
564.50919203133,0.00723567140932617,0.00281844092495251,2.56726026977063,0.0102505641023708,0.045605590901411,"MZT2B"
46.6998495897252,-0.0125254434352022,0.00487906541020853,-2.56718088037826,0.0102529113951855,0.045605590901411,"AHCY"
81.0418912184558,-0.00920525817400024,0.0035856439541507,-2.56725382991369,0.0102507544907093,0.045605590901411,"SMARCB1"
13.2607657902547,-0.0223544185489415,0.00870905169237789,-2.56680283210466,0.0102640956501336,0.0456404774026121,"ABHD15-AS1"
18.5899387391038,-0.0230571167218708,0.0089858252229123,-2.56594315490125,0.0102895689444687,0.0457388583733947,"ENSG00000273391"
102.475686035168,0.0117425904330945,0.00457766244445531,2.56519360603308,0.0103118249022238,0.0458228783878912,"RILPL2"
85.3351817059104,-0.00927708173059505,0.00361748319770151,-2.56451273539834,0.0103320787580353,0.0458979498649635,"TRMT1"
85.9885036154499,0.00968008949164306,0.00377548060564639,2.56393569527707,0.0103492716769803,0.0459593794237813,"SERGEF"
155.385401052034,0.00911020145034377,0.00355373142762477,2.5635593560971,0.0103604984211445,0.0459942828835989,"RC3H2"
25.017000717788,0.01699483955231,0.00663336909281895,2.56202230186589,0.0104064635851619,0.0461694970710516,"SRP14-DT"
5.50715138645972,0.0400985304694316,0.0156511782404993,2.56201353363109,0.0104067263163812,0.0461694970710516,"DRAIC"
19.7337048083495,0.0172493810630975,0.00673310781593035,2.56187507086786,0.0104108759945428,0.0461729110667059,"DMWD"
382.563224915044,-0.00632002473246116,0.00246729424254511,-2.56152047999829,0.0104215096665937,0.0462050704465013,"BOD1L1"
105.096678210325,-0.00847235135018161,0.00330785072877015,-2.56128587559681,0.0104285504274336,0.0462212845031614,"ELK4"
85.0497052185043,-0.0135807116104792,0.00530297240509147,-2.56096214972571,0.0104382727802487,0.0462343729501289,"PNPT1"
3.9796167975711,0.0416399091583937,0.0162594365003914,2.56096877388041,0.0104380737583922,0.0462343729501289,"ENSG00000285667"
68.6186124381918,0.0109033179026122,0.00425974848626589,2.55961541808542,0.0104788053429149,0.0463548394933338,"RETREG2"
58.3759363388229,0.017138448335294,0.00669592218276542,2.55953517192994,0.0104812249245753,0.0463548394933338,"SEPTIN11"
198.171274288914,0.00886671376186147,0.00346364493022883,2.55993727430822,0.0104691057285084,0.0463548394933338,"BAZ1B"
157.744800370351,0.00803415085081035,0.00313895943939527,2.55949495555067,0.0104824377155862,0.0463548394933338,"MRPL41"
9.10063382447154,0.0243887833004069,0.00952797535856361,2.55970260024724,0.0104761771900381,0.0463548394933338,"ZNF319"
80.0543153231441,0.0105123094429949,0.00410755638386234,2.55926114229263,0.0104894912118338,0.0463710194024755,"ZNF335"
98.899554721136,0.0106739203849399,0.00417239276682409,2.55822521547141,0.0105207930665559,0.0464943491715152,"TRAPPC2L"
43.1874891024537,-0.0167101322742574,0.00653274382427218,-2.55790410947564,0.0105305125506081,0.0465222514363865,"MED9"
8.68361528394921,0.0344605722643701,0.0134732765471371,2.55769798413976,0.0105367559197922,0.0465347836612871,"MVB12B"
210.202952506601,-0.0084756329655712,0.00331615742468173,-2.55585965325053,0.0105925832633161,0.0467662208716541,"UXS1"
15.8412532948522,0.0220359310936407,0.00862453045520747,2.55502965733461,0.0106178750800247,0.0468627378330008,"CD302"
48.8863634743187,-0.0135660562025196,0.00531087183387047,-2.55439344553583,0.0106372982116946,0.0469181445178393,"ZNF354A"
92.8727349654328,0.0121354158638644,0.0047507411273963,2.55442583345208,0.0106363086669124,0.0469181445178393,"CDS2"
30.286579753771,0.0163328204885279,0.006395015954757,2.55399214076683,0.0106495660299696,0.0469426821495239,"TMCO4"
191.840869781239,-0.00718348261824006,0.00281277846345108,-2.55387429603199,0.0106531709124103,0.0469426821495239,"ADH5"
108.00087317647,-0.0103139787343916,0.00403840466538881,-2.55397355861527,0.010650134387829,0.0469426821495239,"COX19"
15.1241706345232,-0.0229304848879193,0.00897915258926495,-2.55374710029251,0.0106570630607039,0.0469446892645003,"MREG"
96.3396600670904,-0.0117716669534625,0.00461261283537457,-2.55206048580199,0.0107087925986368,0.0471421549782078,"MACO1"
297.249365900896,0.0129426260346265,0.00507133801812479,2.55211267487397,0.0107071885853144,0.0471421549782078,"BACH1"
10.0867821586423,0.0273398499288116,0.0107141185932752,2.55175912892841,0.0107180588788237,0.0471677462257513,"LINC00265"
14.2482824495539,0.0208885227570218,0.00819012007054903,2.55045378786754,0.0107582785654293,0.0473294960398597,"CLCA4-AS1"
3.04394105639055,0.0450006969645448,0.0176495001978064,2.54968675940964,0.0107819744997449,0.0474184712384145,"BSG-AS1"
96.7033680197004,-0.00931629361420162,0.00365482988140994,-2.54903618403373,0.0108021091848023,0.0474917320451881,"CSPP1"
7.79950802923822,0.02827572128309,0.0110932178810628,2.54891967202406,0.0108057186469316,0.0474923155460379,"SERPINB8"
30.6350846183772,0.0149722081256766,0.00587619053952637,2.54794462925692,0.0108359668562177,0.0476050273110404,"MANEA-DT"
28.9648893324936,-0.0199747997331273,0.00783980812422027,-2.54786844481783,0.0108383334507566,0.0476050273110404,"ZNF134"
8.65932572179626,0.0265861693693177,0.0104364542295419,2.54743314008524,0.0108518645777024,0.0476491385829043,"ENSG00000290183"
4.2845580310383,-0.0371442731191226,0.0145854385496853,-2.54666823987436,0.0108756773134854,0.0477383522179342,"ZNF286B"
148.914276418676,-0.00689483543214627,0.00270803697571946,-2.54606399172762,0.010894521481662,0.0478057062124971,"GADD45GIP1"
75.6703637846308,0.0206456491962466,0.00810933039224547,2.54591294195991,0.010899236672481,0.047811038197203,"SFMBT1"
828.29213639367,-0.00581736733746909,0.00228605045894469,-2.54472394286282,0.0109364160083945,0.0479433384706898,"CCNI"
3.87761463811396,0.0442230838896923,0.017378094252593,2.5447602738772,0.0109352782907199,0.0479433384706898,"ENSG00000258378"
34.6494263564085,-0.0156832284494162,0.00616453293831081,-2.54410652134721,0.0109557668566848,0.0479973621752132,"GPATCH3"
3.536112529412,-0.0490040282935347,0.0192610246524186,-2.54420671682081,0.0109526245246442,0.0479973621752132,"NKILA"
34.3502694418842,0.0129094407085884,0.00507711850706311,2.5426707473204,0.0110008836989167,0.0481795675944861,"ABCC10"
154.541745761888,0.00807197421465631,0.00317564717276831,2.54183597090849,0.0110271910038266,0.0482638350247586,"GOLM2"
63.4965668912074,-0.010411754821034,0.00409607854311023,-2.54188358730254,0.0110256889097368,0.0482638350247586,"ACSF3"
28.9630532032651,0.0165432653171701,0.00651001125320204,2.54120379731035,0.0110471506214714,0.048335707075368,"C11orf80"
6.62610744160187,-0.0376405695982748,0.0148133554796482,-2.54098874829465,0.0110539476769883,0.0483499600600899,"ENSG00000286082"
112.341368073493,-0.00846268836552373,0.00333079580879413,-2.54074066719434,0.0110617933929062,0.0483687892916449,"GTPBP4"
1.09230432260249,0.134186707307608,0.0528215319688304,2.5403789383994,0.0110732421522182,0.048403356095776,"NEFL"
2.16407527325211,0.0639116610045107,0.0251603842618838,2.54017030659314,0.0110798501591435,0.048416747656398,"SDK2"
11.6995471075911,0.0318405554031164,0.0125420171530083,2.5387108799703,0.0111261727043923,0.0485915163803308,"LINC02762"
4.02253438489312,0.0451689158122082,0.0177922410300449,2.53868614616527,0.011126959241411,0.0485915163803308,"CIT"
16.143901815392,0.0274293612403976,0.0108079565963061,2.53788595429523,0.0111524320688307,0.0486871914542115,"CDC7"
32.3879124059615,0.0162566063819035,0.00640644956755249,2.53753755656492,0.0111635389287524,0.0487201091906575,"PLPP1"
725.732335730772,-0.00774549202739898,0.00305265924270678,-2.53729336017573,0.0111713297231555,0.0487385384919529,"PACS1"
279.880476001473,-0.0164624429882231,0.00649230273551316,-2.53568628249155,0.0112227221914722,0.048947121690776,"ITPKB"
238.231692125076,-0.00962456389855748,0.00379631789996523,-2.5352365508288,0.0112371416343442,0.0489787347559484,"CCT3"
46.4298581765648,-0.0128465518494501,0.00506703124882061,-2.53532122037736,0.0112344256752434,0.0489787347559484,"DNAJA3"
142.903268448612,-0.0138707453590677,0.0054715669162608,-2.53505907381771,0.0112428364858657,0.0489879254854628,"MTMR6"
29.6585721562967,-0.0189384439349055,0.00747112908146412,-2.5348837810729,0.0112484637646829,0.048996816015806,"MAP3K13"
2.54885729810229,0.0514249313971342,0.0202943438989367,2.53395387666751,0.0112783575686475,0.0490957184154636,"PLEKHN1"
7.53915775615964,0.0288929742860982,0.0114018697466312,2.53405581085811,0.0112750772328628,0.0490957184154636,"ENSG00000288937"
146.036400828726,-0.00975632818324714,0.00385070556142473,-2.53364689343773,0.0112882416902692,0.0491230906304801,"FAAP20"
341.250848548616,0.0142059980865153,0.00560778104453032,2.53326547055033,0.0113005333045912,0.0491609187709287,"PRKCA"
7.50389922106535,0.0311302615134586,0.0122917619306683,2.53261181668249,0.0113216253845981,0.0492369954643777,"LINC02803"
94.9901925172388,-0.00833195814798711,0.00329044761584926,-2.53216556551581,0.0113360450712044,0.049284015172709,"NMT1"
120.033460626175,-0.00936470133817419,0.00369966607524982,-2.53122880489744,0.0113663676102628,0.0494001213987239,"ZNF280D"
216.567452165077,-0.00649041678715229,0.00256438501351197,-2.53098374579235,0.0113743119413145,0.0494189252920978,"TM9SF2"
20.6465888602884,0.0161646320745321,0.00638699284646054,2.53086741493534,0.0113780848824925,0.049419599203449,"PICK1"
67.9710413764597,0.0101394228151397,0.00400687168493527,2.53050848951842,0.0113897328597058,0.0494544662630583,"GATAD1"
484.964731295823,-0.00643165226122809,0.00254300108386456,-2.52915828547505,0.011433645032952,0.0496293584843103,"SRSF10"
2.64203712527879,0.0513724777432042,0.0203145021286672,2.52885733639069,0.0114434531421171,0.0496561530880938,"ENSG00000257759"
139.259025665153,0.0107481873804447,0.00425050106325537,2.52868714076098,0.011449003223965,0.0496644598410169,"DNAJC1"
5.06085698338597,0.032719533111168,0.0129410150836561,2.52835908927199,0.0114597077288978,0.0496951135164266,"ENSG00000267436"
200.042369617797,0.00627889029173162,0.00248359479891522,2.52814601418642,0.0114666652468378,0.0497095040532545,"RAB14"
2.4557688184106,-0.0539961779095041,0.0213618797455,-2.52768850647981,0.0114816168658103,0.0497585299451041,"ZSCAN23"
10004.0008327779,-0.00697033833938816,0.00275782354676463,-2.52747799893343,0.0114885021858167,0.0497725784517147,"RPL12"
68.1370199641327,-0.0130496810607168,0.00516349502446602,-2.5272961431906,0.0114944533073944,0.0497825720288545,"MRPL14"
37.9023828628325,0.013522156458754,0.00535084614089018,2.52710620016153,0.011500672001629,0.049793717762996,"CDADC1"
24.6934335094811,0.0159656613152445,0.0063193524548777,2.52647109482257,0.0115214869037139,0.0498364506348106,"GALNS"
292.207972468187,0.00804935304604804,0.00318574224579518,2.52668057394545,0.0115146177561608,0.0498364506348106,"SYNRG"
4783.62466471246,-0.00756955960396092,0.00299598242710855,-2.52657009449364,0.011518240096819,0.0498364506348106,"RPL27"
134.727000372796,0.00946832638411816,0.00374810877667938,2.52616104501284,0.0115316605958643,0.0498595351587671,"KCNAB2"
230.285243108443,-0.00976165980163167,0.00386434181112813,-2.52608601379957,0.0115341237995391,0.0498595351587671,"CSGALNACT2"
