"baseMean","log2FoldChange","lfcSE","stat","pvalue","padj","gene"
127.95079838814,0.180322221367502,0.00868203858673059,20.7695715201154,8.15827800388072e-96,1.58686665453484e-91,"DISC1FP1"
143.28620020391,0.156666675764115,0.00839636450913144,18.6588702281485,1.06968916472782e-77,1.04032619715604e-73,"KIF21A"
48.3326182117228,0.209017615565277,0.0125262641001887,16.6863490896802,1.64742037314616e-62,1.06813245593554e-58,"SORCS3"
180.856600604438,0.172584943112184,0.0106377287256295,16.2238526252673,3.42049683750384e-59,1.66330209965718e-55,"RADX"
100.124377902658,0.180449084764326,0.0116397875648008,15.5027816237826,3.32193267761397e-54,1.29229825024539e-50,"LINC01684"
1355.37155280656,0.0238087120263395,0.00160352691974678,14.8477158276204,7.19796866150569e-50,2.33346147391579e-46,"CBX5"
16.7329889868955,0.158075413542269,0.0109074949071094,14.4923664772227,1.35396460595887e-47,3.76228079292943e-44,"ZNF662"
91.6612615984221,-0.165228721528827,0.0116051609872975,-14.237520850394,5.35948737510225e-46,1.30309236166392e-42,"ERVH48-1"
70.7161520612851,0.191821064217799,0.0136153939674673,14.0885430620764,4.46682081816612e-45,9.65379241490547e-42,"LONRF3"
3585.94880541918,0.0649357825822778,0.0046196163713536,14.0565314005178,7.02457402677518e-45,1.36634989394804e-41,"S100A4"
478.278630147511,-0.132882032309621,0.00951122820368724,-13.9710697150665,2.34084114776698e-44,4.13924556047414e-41,"DACH1"
26.3277371757746,0.258076978616999,0.0186994101585324,13.8013432738807,2.50147572464579e-43,4.05468369334043e-40,"NEFL"
25.5231602959059,0.172519981672234,0.012825394925919,13.451436206739,3.01950002700069e-41,4.51786884809157e-38,"CD40"
35.5554810526732,0.115234407916192,0.00858964100487914,13.4155091988986,4.90552113171451e-41,6.81552082378422e-38,"ENSG00000254363"
17.9452713201966,0.237407194723805,0.0177808454971978,13.3518507183036,1.15542208736184e-40,1.49827433475168e-37,"LINC00899"
4.49748181247685,0.432649698923113,0.0324671210807011,13.3257795739791,1.6391159654591e-40,1.99265279025906e-37,"TCEAL2"
2.0067855784639,0.401227202865014,0.0301377974888232,13.3130897509618,1.94278128736001e-40,2.22288463649644e-37,"ENSG00000290620"
99.5295796839385,0.0959844007022513,0.00743745022075854,12.9055520175921,4.1880348355098e-38,4.52563697697229e-35,"BMPR1A"
209.177061378331,-0.0746523498997884,0.005818996800689,-12.8290756047415,1.12700794280948e-37,1.15375955239933e-34,"TOX-DT"
128.609338636992,-0.159381941309889,0.0126688470788059,-12.5806192401298,2.69905813458479e-36,2.62496898879044e-33,"BCL11A"
154.353434714903,0.108804486538357,0.00870484624806737,12.4993002102149,7.53112983524328e-36,6.97561935358653e-33,"SLC22A17"
13.0738656879454,0.175138877733872,0.0140272846919378,12.4855865964233,8.94814040200481e-36,7.91137631633616e-33,"MYO6"
92.0648155303843,0.211004224531906,0.0169957687951216,12.4151032574926,2.16407474435894e-35,1.83014860228373e-32,"NEXMIF"
20.4796275937732,0.146897857568038,0.0118677929423509,12.3778581478132,3.44411779340658e-35,2.79131396664798e-32,"ENSG00000259033"
1001.50626982141,0.0702303144680778,0.00573021659797451,12.2561360931631,1.55751129996829e-34,1.21180609182732e-31,"CPQ"
593.332738074995,0.11481592235969,0.00937091079427699,12.2523759835395,1.63145043589615e-34,1.22051317033139e-31,"RIC3"
30.1040071867235,0.103587299332671,0.00855365515988904,12.1102964050301,9.31569155434027e-34,6.71109320086935e-31,"C12orf40"
54.3748920959655,0.155958850982941,0.0129016913898645,12.0882484528704,1.21856933964446e-33,8.4651400805087e-31,"SLC25A4"
156.185242170746,0.186569274145203,0.0154523445176734,12.0738489833576,1.45181470791802e-33,9.73767168403909e-31,"MID2"
358.995701017156,-0.100538458211159,0.00834410631004381,-12.0490385039967,1.96225466636694e-33,1.27226051718345e-30,"MCTP1"
46.8740584474036,0.126344143464892,0.0105861552116388,11.9348470657207,7.79019357880453e-33,4.88796952584925e-30,"SOGA3"
7.70099856551551,0.200255335990699,0.0168080884390147,11.9142243163041,9.97905451720324e-33,6.06570591919126e-30,"SEPTIN10"
40.4260537667261,0.126074864911238,0.0106290289306407,11.8613718839166,1.87871389315773e-32,1.10735951320639e-29,"ADAMTSL5"
81.2238778515633,-0.320651781418723,0.0270965719568652,-11.8336659681219,2.61467590991648e-32,1.49582532717016e-29,"IGF2BP3"
337.037197290246,-0.109803666805948,0.00928487006367244,-11.8260854543955,2.86179381802457e-32,1.59042147298274e-29,"NREP"
128.682280591319,-0.11257847029257,0.00956679060070636,-11.7676319040847,5.73107515743653e-32,3.09653174686939e-29,"CDCA7"
320.950043517402,0.0528948700441017,0.00450408811237336,11.7437467306184,7.60414301128101e-32,3.9975185327683e-29,"ENSG00000258561"
34.1938596703491,0.125320487833733,0.0107570515501732,11.650077834917,2.29249337975199e-31,1.17345496656726e-28,"FHIP1A"
144.573109276852,0.130695481284794,0.011239521019849,11.6282073812563,2.96253594792606e-31,1.47754581341307e-28,"CDC14B"
1886.18690637932,0.0388066050416219,0.00334212386009764,11.6113605198606,3.60828161464394e-31,1.75461714216098e-28,"PATJ"
7.72638071752109,0.195742769055022,0.0169008412888509,11.5818358216375,5.0943249513806e-31,2.41682230803181e-28,"LINC01976"
21.1086322535304,0.21103124066195,0.0182435904345689,11.567418234849,6.02690154274517e-31,2.79117290256991e-28,"ENSG00000237471"
1732.68950504682,0.0488032784609569,0.00424427850351168,11.4986041610082,1.34065946379508e-30,6.06445749541353e-28,"PRKN"
35.3388939441742,-0.144339248178184,0.0125560280901653,-11.4956136719095,1.38791125454902e-30,6.13551404823478e-28,"LRRC2"
28.4847566409302,0.212773923406497,0.0185188484479434,11.489587163295,1.48821423913381e-30,6.43272337008706e-28,"ZNF208"
685.723450663295,-0.0653868637780356,0.00571595098338155,-11.4393674767576,2.65816377453727e-30,1.12399877344618e-27,"CD38"
199.094786359932,0.100564913378604,0.00879438809354459,11.4351234342753,2.79139461725987e-30,1.15522163192174e-27,"TRPC1"
145.39946942298,0.165775313681664,0.0145431304696281,11.3988741301516,4.23561137404251e-30,1.7163932674271e-27,"BEX5"
8.46582138220577,0.176846419822409,0.0155250360196217,11.3910473121542,4.63386195591582e-30,1.83945405927589e-27,"C1orf115"
64.513420817432,0.113750706019463,0.0100094362327775,11.3643469396376,6.29333531696557e-30,2.44823330500595e-27,"TMEM30B"
10.4905899330684,0.198469417976872,0.0175732126895614,11.2938608029688,1.40716801884179e-29,5.36682845774348e-27,"PPP4R4"
90.2081719916243,0.115213683595495,0.0102055722774262,11.2892918166223,1.48226121576144e-29,5.5445120976492e-27,"MALINC1"
14.3286918487891,0.162981229256586,0.0144447315224035,11.2830916243618,1.59056036401148e-29,5.83735653592213e-27,"P3H3"
1832.26758975015,-0.0780104183355161,0.00694076778714201,-11.2394508400112,2.61000870961837e-29,9.40134803903462e-27,"SMC4"
41.3258227428322,0.081891206163991,0.00731723981037385,11.1915432985935,4.48557475691898e-29,1.58634390176057e-26,"GLS2"
175.10224830567,0.100381644164075,0.00898862797639743,11.1676269646113,5.87289488293097e-29,2.00530564390442e-26,"SUGCT"
150.205329202906,-0.0971059068239665,0.00869534520447617,-11.1675735166878,5.87642906290433e-29,2.00530564390442e-26,"TCF4"
437.394386755279,0.0581539255799288,0.00523954952414242,11.0990315697889,1.26810461684712e-28,4.25274187970574e-26,"ENO2"
240.976050023289,0.116936618544894,0.0105391989234032,11.095399128033,1.32069163239306e-28,4.35402931214873e-26,"ZFYVE9"
270.167855650002,-0.123350500920237,0.0111203481610968,-11.0923236514989,1.36690268266091e-28,4.43127068007288e-26,"RBMS3"
9934.13296753944,-0.021622270941348,0.00195357722733169,-11.0680400236242,1.79278750704164e-28,5.62596618327114e-26,"EPB41"
313.621773578871,0.165594079788278,0.0149614967025797,11.068015659137,1.79327491318087e-28,5.62596618327114e-26,"ENSG00000287292"
1687.11937454285,-0.0668919242235544,0.00608176787670784,-10.998763119477,3.87409185123459e-28,1.19611048568832e-25,"TOX"
121.15285435554,0.0814858207847662,0.00746825566446787,10.9109575844405,1.0217434957182e-27,3.10530198987729e-25,"DYNC2H1"
325.995086536469,-0.145745494511706,0.0133683776068275,-10.9022574614642,1.12432641788182e-27,3.31352623548778e-25,"AUTS2"
368.653600795488,0.0541192239674488,0.0049634742587079,10.9034964516039,1.10911650501923e-27,3.31352623548778e-25,"RCBTB2"
217.281173270628,0.12987364597213,0.01193173191471,10.8847271209652,1.36306242296885e-27,3.95715331181597e-25,"ACVR1C"
1194.13214976126,-0.0554128224183636,0.00510098213843745,-10.8631673106266,1.72654912859916e-27,4.93869222064446e-25,"CDCA7L"
96.615906814154,0.0787787425399557,0.00726431910855528,10.8446148032204,2.11525003326249e-27,5.96285918796938e-25,"CACNA1I"
921.647551930548,-0.0429073044196294,0.00396383969536077,-10.8246820550911,2.62990304138026e-27,7.30774915112677e-25,"LRCH1"
41.7114569306471,0.0800841111393385,0.00740074645208043,10.8210856374935,2.73518052952442e-27,7.493238940814e-25,"ENSG00000250820"
22.469884016986,0.0941396779692729,0.00873260830982458,10.780247393366,4.2673651519386e-27,1.1528405495883e-24,"LTC4S"
293.797313649822,0.0824443445732739,0.00766999386483642,10.7489453089715,5.9943095069088e-27,1.59719608519018e-24,"EML5"
996.483909337501,-0.0349701318996467,0.00325580682847539,-10.7408497315617,6.54392846503645e-27,1.7200804401814e-24,"MXD4"
1495.05298016819,0.0342403100055045,0.0031935761365574,10.7216200714772,8.05793847372346e-27,2.08979948336527e-24,"PURA"
471.392503992923,0.0286627020203176,0.00268403907833872,10.6789436307531,1.27716674918848e-26,3.26870663664014e-24,"KLHDC1"
223.755281183286,-0.074302648366096,0.00697879126322563,-10.646922305533,1.80225345725759e-26,4.55267948014512e-24,"ZNF711"
10.749165248072,0.137243106334865,0.0129654139980527,10.5853238743845,3.48573182511425e-26,8.69243201670478e-24,"LARGE2"
35.2873484338363,0.0856602373346386,0.00809447634659148,10.5825545306225,3.590335889103e-26,8.83995232644841e-24,"LYPLAL1-DT"
134.614203341114,0.0618698870178353,0.00585976045558685,10.5584328039975,4.64349435518884e-26,1.12900760878473e-23,"DMTN"
440.898653202342,0.0255169945767021,0.00241845928260841,10.5509299909242,5.02967618643459e-26,1.20780532718937e-23,"TMEM192"
28.2354740839118,-0.232683076732325,0.0220629245568654,-10.5463387744722,5.28152255628809e-26,1.25281579563853e-23,"ENSG00000257060"
320.788257217372,-0.123656221857593,0.0117332168661044,-10.53898715661,5.71106403058048e-26,1.33838441516652e-23,"CASC15"
190.827730970615,0.0791000132080257,0.00750855729922533,10.53464867561,5.9806172216952e-26,1.38486887594278e-23,"ZSWIM5"
68.9145376212531,0.0591691524104582,0.00564423019286833,10.4831217701256,1.0327727539778e-25,2.36334856913201e-23,"AZIN2"
170.225727689251,0.0796497685210602,0.00760921369702753,10.4675425993325,1.21762890295019e-25,2.74770458514449e-23,"EVA1C"
8.90807262782701,0.197683416850825,0.0188869565091535,10.4666634221886,1.2289871929853e-25,2.74770458514449e-23,"RAI2"
2036.3638326951,-0.0241856245561745,0.00231247936808915,-10.4587417686496,1.3361818847276e-25,2.9534174817996e-23,"CD2AP"
554.356859573656,0.0799869496733705,0.00765226691759279,10.4527129718225,1.42392646109007e-25,3.11199928029921e-23,"TTC12"
179.14451765915,-0.105032329963626,0.0100776679935643,-10.4222851983912,1.96181888953404e-25,4.23992658003629e-23,"ENSG00000273118"
11.5821559468019,0.185865957112959,0.0178428301791719,10.4168428016494,2.07734901115122e-25,4.44027644130796e-23,"FAM201A"
670.481647460241,-0.102604843254246,0.00985153980056803,-10.4151072148468,2.11559074194077e-25,4.47286473059674e-23,"IKZF2"
19.0461216848208,0.153109057068363,0.0147239754248928,10.3986221553666,2.51544049983007e-25,5.26105732926824e-23,"ENSG00000262714"
63.7543325404594,-0.102908398463457,0.00991007669027486,-10.3842181730486,2.92556420236092e-25,6.05373928724704e-23,"PLEKHG1"
810.316840755884,-0.0594200702947635,0.00572480353440154,-10.3794077714101,3.07677868013906e-25,6.29962337972473e-23,"ARHGAP32"
1269.89609629188,0.018873074090066,0.00182033754063133,10.367898078683,3.47074932125529e-25,7.0322442758059e-23,"MNAT1"
10.3337969840989,0.140680424421822,0.0135878357334382,10.3534092685285,4.03843638805898e-25,8.0981057921789e-23,"DCDC1"
57.6196045004682,0.0887990810968327,0.00859095492428866,10.3363458287712,4.82589765470278e-25,9.57842196751264e-23,"ENSG00000227240"
79.5225493756911,0.0725422460626566,0.00705150441629772,10.2874850216351,8.02449202509256e-25,1.57661004424319e-22,"ABCA3"
139.691737330097,0.0377798660798259,0.00367612946502998,10.2770771375751,8.93976294105663e-25,1.73887328966492e-22,"ACSM3"
32.7315014299189,0.0728864688678043,0.00709356423979869,10.2750135762319,9.13315774961631e-25,1.75890149888898e-22,"OSBP2"
43.2583718036521,0.0788589243509304,0.00769322344336074,10.2504398749767,1.17806186463728e-24,2.24651777735879e-22,"CTNNA3"
885.218939070682,0.0573686111228133,0.00559984728872946,10.2446742142909,1.2504543139659e-24,2.3614162000923e-22,"DLG2"
1822.94602174455,0.0455680450738835,0.00445008660183779,10.2398108511113,1.3149318856004e-24,2.45930193334744e-22,"PCAT1"
31.0193203995458,0.152734448547102,0.0149175302994469,10.2385881229124,1.33165411391604e-24,2.46685753997914e-22,"NAP1L2"
31.2470206028518,-0.137801869934396,0.0135129980325265,-10.1977273735036,2.02966168330505e-24,3.72442918886478e-22,"CNTLN"
1019.36158633211,0.0349813031499584,0.00343508102358797,10.1835452816831,2.34845988182787e-24,4.26914889359195e-22,"SPINT2"
760.17000500903,0.0402994645904525,0.00395979726923597,10.1771534880189,2.5079024405658e-24,4.5167787380968e-22,"PLEKHB1"
12.6922389852667,-0.15172292307191,0.0149744975370839,-10.1320877509361,3.98058171673255e-24,7.10332981396007e-22,"CBX2"
27.8168585616197,0.0916517463568355,0.0090467297667734,10.1309256183877,4.028180132078e-24,7.12292106809539e-22,"ENSG00000224848"
28.4087186796098,0.114195740546849,0.0113011617367763,10.1047788896988,5.26141217730259e-24,9.21979533880295e-22,"ENSG00000232053"
238.676952673344,0.0452178219723715,0.00449147389523535,10.0674796352127,7.69240345240488e-24,1.33593696029221e-21,"CTSZ"
124.855652791159,-0.0839300473913189,0.00836549152066731,-10.0328889442977,1.09271759478178e-23,1.88092477310623e-21,"KBTBD6"
41.5177790848246,0.107227997668466,0.0106921070631548,10.0287059449652,1.14000851224366e-23,1.94511452382907e-21,"ADAM7-AS1"
26.2541276950828,-0.193463089663116,0.0193096402169458,-10.0189898666955,1.25781881042587e-23,2.11403569302793e-21,"ROBO1"
10.8699104309614,0.198934283564752,0.0198561783142885,10.0187599252974,1.26074824117649e-23,2.11403569302793e-21,"ENSG00000229628"
73.892874974676,-0.119762542871671,0.0119735739270337,-10.0022385631472,1.48990367113204e-23,2.4690246312779e-21,"RASSF6"
7.35157780093782,-0.190181683462729,0.0190149119491458,-10.0017125491487,1.49784024724072e-23,2.4690246312779e-21,"CD93"
58.7748315562112,0.152253941389283,0.0152384502065123,9.99143215523423,1.66163441787153e-23,2.71600429092598e-21,"ENSG00000261804"
42.6590136131597,0.0901871154396791,0.00903890556236291,9.97765877931164,1.90918355751205e-23,3.09462744809723e-21,"CYB561"
977.085309174621,-0.0204822477301102,0.00205413880595252,-9.97120918545345,2.03733170671592e-23,3.27505281217615e-21,"NUP42"
778.47745032046,0.0598597574425484,0.00600635916791984,9.96606359510788,2.14564833424265e-23,3.42090211060276e-21,"XKR6"
112.539478959434,0.0703707792764999,0.0070753779502687,9.94586858414079,2.62870685176857e-23,4.15698999786589e-21,"KRT18"
36.9485274995044,-0.0781019910563916,0.00786303004258813,-9.93281096897402,2.99685826895385e-23,4.70095888624365e-21,"ANKRD50"
187.36324102475,0.0764037782997203,0.00772842072839534,9.88607905610026,4.78399621592286e-23,7.44428083167325e-21,"TMEM220"
309.298141917303,0.0336180577261653,0.00340417004983978,9.87555181849612,5.31396655940243e-23,8.20333044023307e-21,"PPP3CB-AS1"
7502.28328860963,-0.0451016447820193,0.00457013690235987,-9.86877324369215,5.6855676006385e-23,8.69103788078269e-21,"TAGLN2"
32.2406925563883,0.139572690453311,0.0141437106932203,9.86818052777439,5.71925787229543e-23,8.69103788078269e-21,"GTSCR1"
344.235305572677,0.0337567748883943,0.00342537828178802,9.85490422119845,6.52789036611483e-23,9.84294538847284e-21,"ENSG00000291159"
89.4342426168638,0.0614358767719401,0.00623815424678228,9.8484061697624,6.96395134062652e-23,1.04196782712713e-20,"PACRG"
22.1285129745345,-0.211687993301526,0.0215801816220062,-9.80937032919407,1.02606812219549e-22,1.52351534693316e-20,"LDB2"
22.6139244215045,0.114768646861489,0.0117402129656046,9.77568696562216,1.43182647448961e-22,2.10988308752252e-20,"ENSG00000289600"
22.3103120982534,0.119674828308614,0.0122799481945739,9.74554830463329,1.92735568859959e-22,2.81872146608652e-20,"CALY"
5.16566064144469,0.14743177264472,0.0151683896852218,9.71967200897791,2.48580907597061e-22,3.60831883109734e-20,"ENSG00000265254"
331.232994361784,0.0704545744597514,0.00725602228144596,9.70980679592282,2.7385571455074e-22,3.94575370646404e-20,"ENSG00000291112"
141.792273382785,0.0837284214433516,0.00862858371084721,9.7036111891798,2.91012356935167e-22,4.16211864319553e-20,"DOCK3"
328.114652979715,0.0448659132709115,0.00462980424730451,9.69067175940162,3.3034864186823e-22,4.69022732334229e-20,"MCTP2"
742.674005642161,-0.0675130260245898,0.00697162983164635,-9.68396596705803,3.52759999203728e-22,4.97212662645777e-20,"TENM1"
734.93527930327,-0.054539741595635,0.00563841720042713,-9.67288152985619,3.93149461502e-22,5.46225012548244e-20,"PDE7B"
47.4829340728358,0.163558552529855,0.0169086251986216,9.67308403897841,3.92372039967963e-22,5.46225012548244e-20,"DBNDD1"
374.238541222965,0.0458069325768062,0.00474531994941337,9.65307567563889,4.77030932742444e-22,6.58065863317253e-20,"GABBR1"
1460.90970369449,0.0202549992353825,0.0020996951561672,9.64663807309823,5.07936675364005e-22,6.95765934683468e-20,"NT5DC1"
13.0680004715304,0.134427349223746,0.0140054243006417,9.59823467951535,8.13253134565642e-22,1.10619487555499e-19,"ADIRF"
15.4433459339522,0.14301091977862,0.0149242316602201,9.58246448021906,9.47564085447398e-22,1.27227253955902e-19,"MPP2"
17.3110650860698,0.116176478601748,0.0121239817830737,9.58236994086726,9.4843205097968e-22,1.27227253955902e-19,"CAPN12"
413.494751958973,0.162294575183059,0.0169763681036982,9.56002922366556,1.17723458014895e-21,1.56838286427927e-19,"ENSG00000289731"
24.0093919715595,0.12556946929288,0.0131392177743222,9.55684512195836,1.21401050409067e-21,1.60637539558283e-19,"CAMK2N1"
8757.39324938713,0.0248270181478821,0.00259865443201392,9.5537974738109,1.25027423848364e-21,1.64318136572603e-19,"S100A6"
1115.79936566494,0.0480252842570962,0.00503528024137004,9.53775797075179,1.45953474381119e-21,1.90532955046118e-19,"DHRS7"
21.3990020768775,0.115232374006028,0.0120942237361162,9.52788508963311,1.60519969706257e-21,2.0815159538376e-19,"ENSG00000230649"
14.2642072175507,-0.127557036084807,0.0134074753637772,-9.51387435918216,1.83690744261382e-21,2.36620441498553e-19,"ENSG00000229646"
25.5782957528887,0.12264198850812,0.0128980488185,9.50856910482544,1.93303046120999e-21,2.47364312506549e-19,"ADIRF-AS1"
3.12440546049351,0.295559096377129,0.0311045600807295,9.50211466132388,2.05670548449319e-21,2.61470446920765e-19,"IGFBP3"
245.918396775942,0.0895516391993992,0.0094290518122361,9.49741723586542,2.15160472445175e-21,2.71758853865656e-19,"RUNX2"
11.8518717232507,0.138228199373263,0.0145880444558469,9.47544407282506,2.65628433169121e-21,3.33337977649843e-19,"KIAA0408"
437.161796323784,-0.0281392509329137,0.00297610328886005,-9.45506529905821,3.22820414487472e-21,4.02511530909988e-19,"LZTFL1"
54.3699404214679,0.0818835834254902,0.00866130520007833,9.45395428679152,3.26266741026891e-21,4.04217476414908e-19,"NACC2"
124.391746975333,-0.107634513197595,0.011405297912371,-9.4372382049615,3.82734194190102e-21,4.68211497559225e-19,"DAPK1"
213.16361611146,0.0488492128359348,0.00517600540420389,9.43762786573988,3.813139040161e-21,4.68211497559225e-19,"LINC02340"
183.418468671484,0.0504725881799514,0.00536904968137601,9.40065582835433,5.42240227683625e-21,6.59194666792137e-19,"CCDC65"
19933.9843969703,-0.019950779434959,0.00212973000094217,-9.36775057220067,7.40947472867396e-21,8.95165794704579e-19,"H3-3A"
54.7567874806512,-0.10137286482737,0.0108375628089977,-9.35384335149666,8.45193816926742e-21,1.01480647734828e-18,"SMAD1"
299.430437858855,0.0366037551436571,0.00391509997590399,9.34937942043365,8.81634809511983e-21,1.05206617667592e-18,"SARM1"
128.967609272204,0.0555952970191454,0.00595259742530761,9.33967023921031,9.66346138130268e-21,1.1461218739495e-18,"ENSG00000291063"
101.638640889492,-0.0610975738320166,0.00655622428440952,-9.31901826136494,1.17421719935052e-20,1.3842241663374e-18,"BTBD3"
141.729910949861,-0.0440971079226481,0.0047402652672958,-9.30266671506433,1.3696650339313e-20,1.60490087801191e-18,"EFCAB5"
77.4445661598307,0.0914985251771323,0.00985901080745415,9.28070036275369,1.68368164813325e-20,1.96103543340359e-18,"ECRG4"
1189.44626503084,-0.0217746947314145,0.00234809451282781,-9.27334679777913,1.80394742835162e-20,2.08860603743259e-18,"SF3B4"
28.9713130071466,-0.12662438255435,0.0137058778788047,-9.23869187176743,2.49529084134595e-20,2.87194687307811e-18,"MAP3K20"
245.209401193751,-0.121472984071395,0.0131780548452538,-9.21782353297345,3.03191617068463e-20,3.46904714329333e-18,"PARD3"
1024.76655472321,-0.027065045472315,0.00293688022334237,-9.21557687548902,3.09608967269004e-20,3.52175673821602e-18,"MTA3"
114.217805747374,0.0564730081767693,0.00613625326646961,9.20317427009658,3.47528633669435e-20,3.93010433343266e-18,"OTUD7B"
774.111728526789,-0.0226322273858654,0.00245972709081236,-9.20111319276104,3.54260446164611e-20,3.98307510887159e-18,"ZDHHC3"
111.175652731214,0.0644932691814221,0.00701630590763777,9.19191238671854,3.85918340356079e-20,4.31407910245177e-18,"NAP1L3"
557.691061171052,-0.0634043706061571,0.00690153131077421,-9.18700035558405,4.03948441278893e-20,4.48982921789471e-18,"PAK1"
1272.79885473529,-0.0183611796353866,0.00199997779005492,-9.18069176902329,4.28330828054469e-20,4.73378575936789e-18,"LYPLA1"
20.1229084973768,-0.123060143204684,0.0134134946691386,-9.1743536073278,4.54291743271791e-20,4.99233259795458e-18,"MIR503HG"
14536.9890386315,-0.014504871545542,0.0015815363073797,-9.17138068715841,4.66998766784227e-20,5.10314214197753e-18,"EVL"
5032.55076870308,-0.0290801303812584,0.00317133660655012,-9.16967638225345,4.74441186419239e-20,5.15550587544169e-18,"SLC25A5"
338.796251127618,0.0894221225959074,0.00975689502311048,9.16501841867719,4.95385132924835e-20,5.35318678917832e-18,"MMP28"
4.45901717782883,0.160991363387311,0.0175826273182123,9.15627456998731,5.37198575978797e-20,5.77295552561523e-18,"ENSG00000236064"
12.967429969077,0.117589648192435,0.0128618858892568,9.1424888391099,6.10312699329707e-20,6.52263313992425e-18,"ACSM1"
702.888715955594,-0.0212390374087086,0.00232417184068752,-9.13832490218361,6.34271295258176e-20,6.74164533555562e-18,"DDX49"
29.3267455107992,0.0771848266143783,0.00846352560466194,9.11970143646317,7.53315713111224e-20,7.96344779115566e-18,"RIN1"
17.3070368759482,0.103377287101234,0.0113398595912416,9.11627575892367,7.77502507959305e-20,8.17470339584673e-18,"PRR34"
14820.0332192701,0.0249304270367145,0.00273975896347148,9.09949647728343,9.07515805484125e-20,9.4903709314364e-18,"CD48"
449.530414215463,0.0214034382128235,0.00235400252443039,9.09235992344685,9.69122709987636e-20,1.00804309261869e-17,"XNDC1N"
4.34453517859873,0.183981288044835,0.0202418764198027,9.0891419465858,9.98237235760368e-20,1.03280385493484e-17,"PIANP"
716.730043955127,-0.0372999987940935,0.00411152054756068,-9.07206916823587,1.1677793138666e-19,1.20182409703805e-17,"PYGB"
1213.15470189281,0.0743106905830489,0.00819219731203075,9.07091074014038,1.18026307838121e-19,1.20827879671542e-17,"PLP2"
9.71462722122807,-0.118088638267831,0.0130240511871211,-9.0669666888751,1.2237631160487e-19,1.24625216598237e-17,"ZNF730"
26.3361104115075,0.0934111991585586,0.0103046112547354,9.0649901145599,1.24615551666948e-19,1.26244640389261e-17,"ENSG00000230105"
1229.92223593764,-0.020702550546049,0.00229483315464921,-9.0213750416263,1.85743026407998e-19,1.87196249049843e-17,"KPNA3"
413.236185272182,0.125143468070846,0.0138763407869555,9.01847756495627,1.90721251485131e-19,1.91222632094706e-17,"FAM153A"
112.249982853417,-0.0392074269317139,0.00434974425842068,-9.01373152129856,1.99161877396304e-19,1.98661419345411e-17,"NCKAP5L"
5.92410521671143,0.117450943989993,0.0130540391759725,8.99728753734522,2.31363001576721e-19,2.29604170595346e-17,"HFE"
182.73437299379,0.0606134413869107,0.00674229592457847,8.99002981550387,2.47163372810724e-19,2.44039328149309e-17,"HLA-F-AS1"
28.1103036052062,0.134240694796784,0.0150050425739264,8.94637213692734,3.67357061905643e-19,3.60881929854882e-17,"ENSG00000250992"
83.8453789923366,0.107023981004004,0.0119773825836885,8.93550658970812,4.05316844201725e-19,3.9617175560642e-17,"KIF5C"
222.62671760428,0.0399535367371743,0.00447979130392342,8.9186156288537,4.72153000608983e-19,4.59192400742266e-17,"SLC4A5"
233.60266002728,0.0393895462595567,0.00441857595732599,8.91453414855274,4.898713480264e-19,4.74054108978184e-17,"SLC26A11"
13.8727355070334,0.159687453923267,0.0179214007067054,8.91043376221813,5.08332919167345e-19,4.89484337164555e-17,"DNAI3"
149.881861793836,0.0386731788756978,0.00434541855840824,8.8997592190208,5.59679690370766e-19,5.36272396916343e-17,"LINC01376"
73.7945802390662,-0.0787972706555861,0.0088636221124837,-8.88996277770083,6.11293836085433e-19,5.82856686553812e-17,"ENSG00000270659"
180.130550581581,-0.129150555679437,0.0145408824737557,-8.88189254761775,6.5732315909123e-19,6.23687452072366e-17,"HES4"
11.9823977246723,-0.164406295583153,0.0185942718428434,-8.84177110954898,9.42130759897596e-19,8.87795633937562e-17,"MIR4432HG"
53.7078188003614,0.0656644829286759,0.00742688678958201,8.84145467530029,9.44803332605395e-19,8.87795633937562e-17,"SNX24"
3712.73404771986,0.0522500608122618,0.00592519314263833,8.81828820671932,1.16222788021017e-18,1.0868506970177e-16,"STAT4"
33.608782132958,-0.0715011145154518,0.00811748831302787,-8.80828056145133,1.27080044757729e-18,1.17766255805762e-16,"ENSG00000241679"
504.659926342576,0.0469651552645551,0.00533196677491081,8.80822354061663,1.27144690346049e-18,1.17766255805762e-16,"SEL1L3"
29.1914224472636,0.116209430051374,0.0132313017930491,8.78291734774153,1.59288226002186e-18,1.46839586917939e-16,"DNAJC6"
356.647195382564,0.035401929323683,0.00403649078459674,8.77047197996262,1.77918906758819e-18,1.63240596951217e-16,"ENSG00000243176"
70.5408921388919,0.0684507936408233,0.00781213154052446,8.76211483200755,1.91620924693373e-18,1.74986789023982e-16,"ENSG00000289315"
5130.29173826596,-0.0157226059908349,0.00179479073421117,-8.76013325182732,1.95019699382925e-18,1.77258325826976e-16,"ERBIN"
7.07594916502622,-0.128924391533382,0.014724145728881,-8.75598448339865,2.02329554709004e-18,1.83047077611388e-16,"RBMS3-AS2"
257.30798735738,-0.128096283921637,0.0146340738111035,-8.75328945139284,2.07222302104424e-18,1.86605601770053e-16,"GZMA"
30.8311116172203,-0.131128530518749,0.0149873910487941,-8.7492566312467,2.14762756503345e-18,1.92504625656524e-16,"LSP1P5-1"
181.896793471712,0.0635441109911817,0.00726453139779854,8.7471727371759,2.18764687954379e-18,1.95192291073424e-16,"NAALADL1"
70.1293765559509,0.0839991031292024,0.00960697965738285,8.74354959882215,2.25898645478263e-18,2.00637194209941e-16,"MIRLET7BHG"
4.19397916891027,0.198975087518753,0.0227593779212101,8.74255386977529,2.27899154043403e-18,2.01493929331738e-16,"NEFM"
28.3925325473511,-0.14787723884993,0.0169265010877224,-8.73643277388214,2.4058697166014e-18,2.11749193925854e-16,"EVA1A"
1713.06020721933,-0.0233340260765314,0.00267504792072737,-8.72284413887681,2.71299595565843e-18,2.3770488438519e-16,"GTF2I"
1670.921734445,-0.0161164028009424,0.00185202446725677,-8.70204637458927,3.25952326319283e-18,2.84309358710151e-16,"MRPS35"
98.2967663270761,0.0809803046101173,0.00932311325613982,8.68597241986598,3.75516020119801e-18,3.26078665506707e-16,"FTCDNL1"
417.96649018188,-0.021037847418756,0.00242328178654985,-8.68155223858989,3.90403676135034e-18,3.37499640200113e-16,"PEDS1"
158.895662422471,0.0589032317208304,0.00678940951979787,8.67575177915973,4.10827380272569e-18,3.53584220074413e-16,"MYBL1"
21.5831038750684,-0.193843323434204,0.0223823775012289,-8.66053319954775,4.69562654435124e-18,4.02355206670379e-16,"TFPI"
19.3008304016447,0.0693467672506966,0.00800846925585111,8.65917880624075,4.75174959378206e-18,4.05378426967785e-16,"CLTRN"
1922.66205537045,-0.106821707736447,0.0123431373522991,-8.65434003426607,4.95771981220875e-18,4.21103091996823e-16,"SOX4"
600.457395021337,0.0242842139786799,0.00280631553532512,8.65341536723044,4.99807103730867e-18,4.2268469455083e-16,"GATAD1"
201.27958404643,-0.0840569350056071,0.00973413217762386,-8.63527774965202,5.85845181039896e-18,4.93301931446191e-16,"PLEKHA5"
221.816768146607,0.0388454113267121,0.00450678452976439,8.61931851193758,6.73537619670849e-18,5.64697424147314e-16,"KANSL1L-AS1"
61.1876841010364,0.0561524490449668,0.00652516003431058,8.60552825520082,7.59660835286807e-18,6.31459953297593e-16,"GPR157"
112.238352868993,0.0988862327790931,0.0114908087125676,8.60568087526692,7.58650647078287e-18,6.31459953297593e-16,"NEO1"
20.1571852617417,0.0740237506597805,0.00862689571980678,8.58057788850129,9.43976856780854e-18,7.8133165281891e-16,"PLK5"
204.710358657561,0.0522917568588684,0.00609855701843612,8.5744474800824,9.956360576737e-18,8.20598176178438e-16,"PRXL2C"
68.8494236168859,0.0970345563896972,0.01132569917823,8.56764380394412,1.05623917681076e-17,8.66873764900681e-16,"AASS"
112.26817835241,0.110029208644566,0.0128432727587044,8.5670693686697,1.06151950859124e-17,8.67546889143202e-16,"ENSG00000271774"
9.25491984698927,0.16659397193543,0.0194516218851429,8.56452859916396,1.08518896762457e-17,8.83180360220313e-16,"MIR663AHG"
1979.64885437119,-0.0372487785104366,0.00435313004362504,-8.55678055494476,1.16063164207242e-17,9.40643586247945e-16,"MARCKSL1"
219.663496089487,0.0305057337956822,0.00356784822444237,8.55017699090887,1.2289990548219e-17,9.87820686584328e-16,"THG1L"
224.557764248053,-0.0256680414714189,0.00300196889610872,-8.55040220592922,1.22660322515987e-17,9.87820686584328e-16,"DNAJC25"
77.4013495832537,0.049597793446157,0.00580181701683738,8.54866558221672,1.24519728595903e-17,9.96721498320541e-16,"P3H4"
280.510076627738,0.0269028655430753,0.0031496673196654,8.54149432706858,1.32497103750911e-17,1.0562299856799e-15,"ZCWPW1"
65.2486134338566,0.122763798621167,0.0143996946280868,8.52544458697855,1.52224000598631e-17,1.20853430026285e-15,"MIR31HG"
123.897853330158,0.0940011059600312,0.0110406670922692,8.5140784677632,1.67920286731433e-17,1.32773068992402e-15,"PRR34-AS1"
1139.20669121867,-0.029053377461728,0.00341433661942503,-8.50923054757868,1.75091383842182e-17,1.3788269259572e-15,"DLEU2"
18.6337797992989,0.154871442327928,0.0182471580079406,8.48742813870153,2.11260296093458e-17,1.65694516907817e-15,"MT3"
388.140332157163,-0.0322721725773075,0.00380373520181501,-8.4843373329217,2.16951531391789e-17,1.69474868959907e-15,"ZMIZ1"
9386.88413626208,-0.0108391598212309,0.00127808217281774,-8.48080041468238,2.23649977422862e-17,1.74008628434084e-15,"HNRNPK"
30.8142794427422,-0.0964352493180497,0.0113786405549901,-8.47511166663561,2.34854153649766e-17,1.81997933969784e-15,"PTK7"
580.990270377344,0.032551987914557,0.0038453009131787,8.46539416538095,2.55287838414453e-17,1.97047767658711e-15,"APLP2"
49.9781413129532,0.173071543610471,0.02046678141227,8.45621693632365,2.76191573402759e-17,2.12340011630714e-15,"GLIS3"
385.29262662098,0.124835331921931,0.0147810371705885,8.44564088982404,3.0238190267852e-17,2.31560251535429e-15,"EDA"
3.56820516056852,0.168886147022764,0.0199987793234632,8.44482277098888,3.04507077534356e-17,2.32273222161598e-15,"CPEB1"
40.7209992354481,0.0759514219592632,0.00900215208401922,8.4370294181203,3.25504557186957e-17,2.47319888353262e-15,"STXBP1"
258.055164393091,0.106364671783147,0.0126176550835314,8.42982876604185,3.46171388964747e-17,2.61999209601295e-15,"LSR"
320.912320999506,-0.0813539544633534,0.00965267389637182,-8.42812627223759,3.51243929103333e-17,2.64807971511199e-15,"PTPRK"
59.9304625242088,0.0523922470779333,0.00622825484310429,8.41202686751655,4.02985547515971e-17,3.02643702113249e-15,"SMIM1"
588.596982046783,0.0469140620379649,0.00557814082733147,8.41034019939008,4.08823202931379e-17,3.05846927700702e-15,"ENSG00000291113"
887.740054763984,-0.0164692652979511,0.00196073844370194,-8.39952179794899,4.48300498229386e-17,3.32820343170221e-15,"RMND5A"
96.9554089085617,0.0412831538764162,0.00491490506500849,8.39958317208004,4.48066264935795e-17,3.32820343170221e-15,"TMC3-AS1"
20.3839507064532,0.066472139427226,0.00791614184314564,8.39703743873442,4.57884090592645e-17,3.38642716582416e-15,"BAIAP2L1"
62.3245147478657,0.0964454266738517,0.0115006270211828,8.38610160091363,5.02529066948384e-17,3.69629853646503e-15,"MLF1"
200.612954238494,-0.0645153067692459,0.00769334852526841,-8.38585520431691,5.03582906875345e-17,3.69629853646503e-15,"NEDD4"
103.136601749164,0.0371660808485617,0.00443259881748253,8.3847156891293,5.08485041616852e-17,3.71824907687571e-15,"CAPN3"
1341.63769743163,-0.0250238122239869,0.00298640047683366,-8.37925536715642,5.32635979923881e-17,3.88026308820203e-15,"ZNF22"
1689.26467329056,-0.0221142925695459,0.00264009525636672,-8.37632373915909,5.46065750291917e-17,3.96325556303287e-15,"RAD23B"
300.993940881291,0.0315627809541706,0.00376997342125169,8.37214946297718,5.65766210012329e-17,4.0909734390148e-15,"ARMCX4"
127.662657600308,-0.0766630036629474,0.00916431837784936,-8.36537978080791,5.99215998002126e-17,4.31679643597754e-15,"TRIO"
184.500735834879,0.0369084451283113,0.00441639130054992,8.35715012927309,6.4251512354659e-17,4.61164637199436e-15,"COPB2-DT"
119.165567230792,-0.0953594925313732,0.0114117964563759,-8.35622094171635,6.47593701908536e-17,4.63100922640549e-15,"ITGA1"
2647.35222573285,-0.0289227500528472,0.00346233840436174,-8.35353067060437,6.62521990699412e-17,4.72040851322134e-15,"TKT"
614.895781732085,-0.0257394327200033,0.00308155525431857,-8.35274093623064,6.66968300178163e-17,4.73474467400199e-15,"EMC8"
4011.22259422482,0.0286639024949137,0.00343234874084896,8.35110434839556,6.76276403845015e-17,4.78336448406887e-15,"RORA"
10.472244424772,-0.142280857453374,0.0170542091749195,-8.34285870391557,7.25157927775755e-17,5.11052422216167e-15,"ARPP21"
2165.9472423841,-0.0318131953715575,0.00382188367591819,-8.32395699848572,8.50744804874144e-17,5.97394844751155e-15,"ATP2B1"
444.277398277404,0.0274743980530265,0.00330298729716777,8.31804532720582,8.94258159941911e-17,6.25691203921946e-15,"TP53I13"
983.269109004937,-0.0246001493855243,0.00295969537782433,-8.31171666173559,9.43274330438643e-17,6.5762111115993e-15,"ETHE1"
592.649382071953,0.0158333878092861,0.00190703359019503,8.30262659802802,1.01834545138042e-16,7.07422763385735e-15,"SLC25A37"
457.748306327765,0.0240452180769749,0.00289672898759895,8.3008172942356,1.03397601009433e-16,7.15724817521165e-15,"CRTAP"
11.0712661067977,0.1018883232936,0.0122848959436612,8.29378805981445,1.09697834255496e-16,7.56642756774347e-15,"DNAI2"
35.0885888412379,-0.061687876957917,0.00744949591763166,-8.28081223749819,1.2233795226105e-16,8.39417796067092e-15,"PDE7B-AS1"
53.523680506246,0.141657460521494,0.0171071602250959,8.2805947134163,1.22561644174106e-16,8.39417796067092e-15,"ANKRD18A"
3910.27196682395,-0.0260110526657006,0.00314187668325245,-8.27882672937187,1.24394781647187e-16,8.48983472919098e-15,"OCIAD2"
43.4591870097393,0.0853258159890535,0.0103138921559914,8.27290170369748,1.30737481460192e-16,8.89152011147618e-15,"NRG2"
3465.23042389322,-0.0161498636237988,0.00195304940262013,-8.26905023607328,1.35030367465545e-16,9.15148319711607e-15,"ATP5F1C"
5.97305217566222,0.148469649243478,0.0179570445474106,8.26804482505373,1.36173697605828e-16,9.1969256671214e-15,"ENSG00000273289"
42.4776498503428,-0.0717242117504936,0.00868472218829097,-8.25866506670699,1.47310645238564e-16,9.91466906759622e-15,"LRP12"
541.58127473459,-0.0409264917361135,0.00496925016087465,-8.2359491696248,1.78139563453841e-16,1.19482505128988e-14,"TTC7A"
29.9294792854627,0.0725932054517261,0.00881497678649777,8.2352123221606,1.79239461033671e-16,1.1980710503663e-14,"ENSG00000289640"
58.1087371213523,0.0629824241452174,0.00765205194541987,8.23078889093474,1.85984489328753e-16,1.2388987335389e-14,"NAV1"
33.8399068775241,0.0584062414892504,0.00709991862503061,8.22632547975134,1.93044009273162e-16,1.28153550319873e-14,"HID1"
53.7374966142651,0.082742040684222,0.0100686511061968,8.21778804444797,2.07290908017645e-16,1.37143382716028e-14,"FN3K"
16.4602487108955,-0.109047918369542,0.0132726428690102,-8.21599130224119,2.10418712069984e-16,1.38740826049941e-14,"LUNAR1"
469.140797384045,0.104405962456078,0.012715158130717,8.21114148819401,2.19095523164896e-16,1.4397388584731e-14,"CTSW"
289.008389122161,0.0246024188151974,0.00299654573945191,8.21025973049136,2.20710542568872e-16,1.44546827054112e-14,"IDNK"
149.344799051572,0.0379748009192763,0.00462582952142619,8.20929538007883,2.22490275491578e-16,1.45223434516332e-14,"SMAGP"
831.146592172231,0.0236652404280113,0.00288407758216596,8.20547982978964,2.29671748710976e-16,1.49409537932347e-14,"ZMAT1"
853.158901309631,0.0544497957422111,0.00664112688816113,8.19887899435811,2.42639012710211e-16,1.5731904787421e-14,"HABP4"
320.821384910209,0.0234316928575787,0.00285895015196841,8.19590815231451,2.48708196421393e-16,1.607183763652e-14,"ZNF680"
617.432950023264,-0.0411759142685898,0.0050276410379154,-8.18990734582406,2.61427355369325e-16,1.68378261234726e-14,"B3GNT2"
368.396194615663,0.024797492489621,0.00302912533197015,8.18635406990331,2.69258804091033e-16,1.72849933939759e-14,"C1RL"
42.3322681615573,0.0885686309302526,0.0108215869122192,8.18444019797548,2.73572350388476e-16,1.75041308796258e-14,"NPTXR"
4841.50799302711,-0.0324478427629896,0.00396562068633941,-8.18228603526416,2.78508985575461e-16,1.77615681259944e-14,"TCF12"
1157.91004360044,-0.0156735923131839,0.00191677631791778,-8.17705862007433,2.90856531288733e-16,1.84883999676378e-14,"BTF3L4"
102.305685835737,0.0592944576220873,0.00725575336614989,8.172060795053,3.03165684676373e-16,1.92080642757008e-14,"CAPS2"
217.887917844638,0.0425661153683038,0.00520945221117072,8.17093883249922,3.05998761451638e-16,1.93246165876487e-14,"SOX2-OT"
48.3509261060128,0.089420248754364,0.010951832076593,8.16486667518208,3.21790426107859e-16,2.01907921878193e-14,"GPAT3"
326.09566499827,-0.0220458633475501,0.00269998567055303,-8.16517790741998,3.20961832199619e-16,2.01907921878193e-14,"TRAF7"
755.153413059471,-0.019487964629901,0.00238742103940601,-8.16276823745745,3.2743239153199e-16,2.04787377739188e-14,"HACD3"
574.120235989133,-0.0453524062559486,0.00555898457173497,-8.15839757615913,3.39498431432069e-16,2.11653333005935e-14,"MAGI3"
1640.16434372832,-0.0196236528239345,0.00240552255103897,-8.15775051265217,3.41321624315549e-16,2.1211012506587e-14,"NUTF2"
212.427389770703,-0.0393843550009528,0.00485008783894063,-8.12033849876732,4.64885224524213e-16,2.87977149752244e-14,"BARD1"
22.1841616479665,-0.0706234663396631,0.00870414771277635,-8.11377157995592,4.90723452991895e-16,3.03017837591916e-14,"CCRL2"
75.4770433314409,0.0388500969410519,0.00478981833557068,8.11097503480225,5.02151728633472e-16,3.09093458026888e-14,"REEP6"
10.9082178159647,0.103370026738461,0.0127499609220459,8.10747792644011,5.16812531042677e-16,3.17114212659656e-14,"PAK3"
740.763031413886,0.0895934525337519,0.0110542588564793,8.10488099627211,5.27971689408294e-16,3.2294268335474e-14,"NBPF15"
512.326986593346,0.0302127041408741,0.00372946273723029,8.10108754788413,5.44700329469069e-16,3.32130599012629e-14,"CD63"
544.014728643987,0.0404547150065743,0.00499817342042876,8.09389983173173,5.778421346962e-16,3.51237730061744e-14,"MEGF9"
710.341759737889,-0.014397646946143,0.00177907890621963,-8.0927534443858,5.83308621252043e-16,3.53455949905716e-14,"GTF3C5"
95.5943161074195,0.0591139942428616,0.00730539585949817,8.09182628563571,5.87766973495641e-16,3.55051409983345e-14,"ENSG00000225689"
55.1809292243506,-0.07452860115974,0.00921275626154813,-8.08971810866253,5.98029747628194e-16,3.60132403130526e-14,"VANGL1"
566.783788395714,-0.0247793487817596,0.00306565607672083,-8.08288606472281,6.32517126759304e-16,3.79725019524544e-14,"TRIM59"
911.238168113909,-0.0408801957744688,0.00506321022623852,-8.07396769002793,6.80498904640052e-16,4.07273359820112e-14,"MAML3"
4.32036120962908,0.149605300111614,0.0185411416883422,8.06882891174276,7.09756397878231e-16,4.23480726844462e-14,"ENSG00000272163"
453.418115632561,-0.0279022384242123,0.00345927540074306,-8.06591993751606,7.26864345059343e-16,4.32362029839428e-14,"NOP16"
26.2472399112861,-0.155817397690075,0.0193237464094607,-8.06351907070092,7.41289591953935e-16,4.39598288204146e-14,"LPCAT2"
480.959958656982,-0.0249682936430434,0.00309728899707507,-8.06133804970164,7.54638221168263e-16,4.44802061816482e-14,"ELOA"
47.1382563620406,0.045450297781513,0.00563787777298165,8.06159686528219,7.53041875720371e-16,4.44802061816482e-14,"ALG1L9P"
2163.28690896307,0.0849517677336837,0.0105458104016115,8.05549924553,7.91550576365352e-16,4.6514955470944e-14,"NR3C2"
3035.11143729997,-0.0151012858253954,0.00187508568102394,-8.05365108283952,8.03600949207792e-16,4.70808495874722e-14,"TMOD3"
4211.77863190027,0.102953326982714,0.012803964157598,8.04073845533383,8.92986748582464e-16,5.21606163563889e-14,"TSHZ2"
33.1473095099432,-0.167522859349801,0.0208404740103247,-8.03834208697979,9.10621135323514e-16,5.28731095617244e-14,"ST3GAL6"
81.348619748272,0.0938431396823646,0.0116740040212972,8.03864205555898,9.0839508169372e-16,5.28731095617244e-14,"IL2RA"
373.853337366705,-0.0235671886754675,0.00294074759310731,-8.01401273972155,1.11025200875039e-15,6.42723566137018e-14,"CEP97"
169.778742875995,0.0481799071439019,0.00601503203260673,8.00991696847575,1.14785914541705e-15,6.62522499629292e-14,"CEP126"
41.4714326440825,0.057171422230762,0.00713973016646594,8.00750461120871,1.17059357467904e-15,6.73645432576389e-14,"LINC02298"
298.302010779568,-0.0500775513121124,0.00626430861528186,-7.99410667442974,1.30516721301829e-15,7.48873376413534e-14,"PPM1L"
1336.59523740701,-0.0385479705471639,0.00482640575093863,-7.9868897345954,1.38385765259953e-15,7.91688682373924e-14,"YARS1"
826.869386863133,-0.0166580018632393,0.00209334339412723,-7.95760595704099,1.75399901335513e-15,9.99063606285498e-14,"CISD2"
6.97761567495871,0.129151210479582,0.0162302843767577,7.957421292293,1.75661792889641e-15,9.99063606285498e-14,"NKX3-1"
11055.7535054353,0.0224580920269604,0.00282326866826225,7.95464217749548,1.79649960871581e-15,1.01876716877934e-13,"SNHG6"
1803.42996847471,-0.0136656862863186,0.00171817259404671,-7.95361672841763,1.81143943772824e-15,1.0242531541643e-13,"GRSF1"
6544.76743872041,-0.0177202725179703,0.0022291487724252,-7.94934494151844,1.87500302870904e-15,1.05712127279477e-13,"LSP1"
144.481521098277,0.0332275600771141,0.00418671435561245,7.93642872544466,2.08085854682116e-15,1.16979131775198e-13,"RBKS"
20.8029036373873,0.102575927898423,0.0129323125649691,7.93175446256062,2.16071320470412e-15,1.21118249408357e-13,"PPP2R2B"
966.814242993621,-0.0147122649694115,0.0018551303002665,-7.93058307941929,2.18119332690805e-15,1.21914917820944e-13,"MLXIP"
3242.62030504381,-0.0371017139876414,0.00467859839876785,-7.93009162688819,2.18984255841595e-15,1.2204764356375e-13,"AFF3"
131.934364617027,-0.0644185784463122,0.00812421676546998,-7.92920478440553,2.20553593642631e-15,1.2257108428408e-13,"CALCRL"
338.884153533233,0.0423682100432011,0.00534374499229511,7.92856135618181,2.21699118412911e-15,1.22856682400272e-13,"FCHSD1"
18.1703790667576,0.0809542596785035,0.0102176941914338,7.92294799215788,2.31944609540459e-15,1.28169164777599e-13,"GIPR"
104.453977629376,0.0386590101350099,0.00488114979419536,7.92006223225992,2.37391734916465e-15,1.30438040561021e-13,"C2"
10.3731903450969,0.125929483175404,0.0158999164654881,7.92013489182432,2.37253050026858e-15,1.30438040561021e-13,"NUPR2"
280.45268991049,-0.0388652852088462,0.00491336078858583,-7.9101223950689,2.57135962958544e-15,1.40888777901596e-13,"CCNG2"
2369.59528307212,-0.0145061516330242,0.00183820208468273,-7.8914890554745,2.98602021857269e-15,1.63149099077128e-13,"SUMO1"
20.0727887851682,0.0783373584749187,0.00993017670094229,7.88881817858136,3.05061593127687e-15,1.66211569969934e-13,"CDS1"
6.95631108648768,0.135350231778706,0.0172040240995413,7.86735888043276,3.62206479815208e-15,1.96795481533118e-13,"FCRLB"
12.0432154758303,0.0865550595895761,0.0110122203371612,7.85990989460071,3.84409883602181e-15,2.07698795720723e-13,"SLC45A1"
1485.52077185061,-0.0231955360884322,0.00295109984686406,-7.85996316359156,3.84246442415294e-15,2.07698795720723e-13,"BZW2"
4.14276119271785,0.184250536638825,0.0234446267519845,7.85896651663389,3.87315743885553e-15,2.08112666693864e-13,"ENSG00000232386"
661.443987173207,0.0315918479724873,0.0040197735549051,7.85911135067238,3.86868214569269e-15,2.08112666693864e-13,"VSIG1"
2232.80775119887,-0.0194259698694281,0.00247356700087781,-7.85342376516759,4.04830919106776e-15,2.1692468891311e-13,"UBE2H"
176.858760155587,-0.0629269467457486,0.00802196376145889,-7.84433196371167,4.35264294417152e-15,2.32591367876594e-13,"PAWR"
60.1893504895412,0.0587949460386396,0.00749686494980912,7.84260439960795,4.41296563871549e-15,2.35168752434671e-13,"FXYD1"
24.6909394271084,0.091973601337606,0.0117300590955749,7.84084722747072,4.4751663685938e-15,2.37831860752782e-13,"ENSG00000250354"
77.449589045029,-0.0963622100252348,0.0122928975176168,-7.83885246640507,4.5468237759935e-15,2.40326818659917e-13,"ENSG00000290846"
1858.4343541491,-0.0231997500376545,0.00295953579926633,-7.83898273621345,4.54210984118653e-15,2.40326818659917e-13,"SNX29"
231.583287749319,-0.0729205296117036,0.00930459052581131,-7.83704875667759,4.61258983230495e-15,2.43142235306677e-13,"CR2"
446.681255895048,-0.0691163137232892,0.00882332502230877,-7.8333636750926,4.74987820927517e-15,2.49702381212463e-13,"LIMS2"
16.1943862241216,-0.211396288259158,0.0269918613073327,-7.83185293715662,4.80731658080488e-15,2.52040740736484e-13,"ENSG00000258631"
8.74403493184703,0.115803820142988,0.014789254764332,7.83026744675991,4.86833240562431e-15,2.53884148997376e-13,"ANKK1"
714.093982568793,0.0217120268275001,0.00277283564627929,7.83026100253514,4.86858195342252e-15,2.53884148997376e-13,"GGT7"
138.448368830025,0.0636176652188261,0.00812505493713479,7.8298135472374,4.88594015386572e-15,2.54108080034337e-13,"TBK1"
3.8855341587885,0.128129090257648,0.0163711359306356,7.82652412151056,5.01543117811821e-15,2.60147071588206e-13,"ENSG00000267042"
410.621735090467,0.0316126876009724,0.00403981869806228,7.82527384610987,5.06553039422365e-15,2.62046892813947e-13,"DNHD1"
1234.64680983562,-0.0291906841073087,0.00373246105700197,-7.82076052811,5.25051447337428e-15,2.70895907219106e-13,"AP1M1"
2354.38208572569,0.0184223945807531,0.00235796749863752,7.81282803575449,5.59188670619818e-15,2.87745471752013e-13,"ENSG00000284707"
7.50756772674504,-0.20325575411191,0.0260327584662301,-7.80769177325463,5.82448124976683e-15,2.98923442715606e-13,"LINC02834"
9209.36388064545,-0.0159058721770882,0.00203936242883719,-7.7994337603628,6.2185570538702e-15,3.18308298039025e-13,"UTRN"
822.070092280956,-0.0158439645615689,0.00203453898040878,-7.78749619158709,6.83501001791214e-15,3.48944304090312e-13,"VPS26B"
209.154023616374,-0.0676249418087196,0.00869917828089204,-7.77371604824555,7.62164862403616e-15,3.88085569073632e-13,"EEPD1"
25.1853449985647,0.0500648742609846,0.00644258567724941,7.77092874958229,7.79127181325189e-15,3.95686757283453e-13,"ENSG00000278431"
2010.21746985592,-0.0145027592580859,0.00186700942094693,-7.76790898608866,7.9792359797435e-15,4.04177393338518e-13,"EIF3B"
975.467881853951,-0.0191700029478038,0.00246961540137195,-7.76234345524175,8.33742517700113e-15,4.21224044461945e-13,"PCNT"
12120.9778312253,-0.021759172178405,0.00280400412366331,-7.76003572704366,8.49054638677402e-15,4.27848750697258e-13,"MYL6"
90.5351767780027,0.0310016269031756,0.00399982721292975,7.75074153277433,9.13574709663315e-15,4.59171619577807e-13,"EFCAB11"
212.123333434935,-0.0565631209365759,0.00730196084497965,-7.7462920080522,9.46147909776628e-15,4.74317602914051e-13,"FRMD4A"
1185.09702394065,0.0610412271345341,0.00788589154322984,7.74056133030881,9.89788432561227e-15,4.94919660713327e-13,"SELENOM"
64.8992039537837,-0.0930651845407397,0.0120380486007823,-7.73091948928434,1.06772537643738e-14,5.31159240334614e-13,"CCR9"
6.55965503829755,0.141063663766404,0.0182464809466033,7.73100655294655,1.06699530312901e-14,5.31159240334614e-13,"ENSG00000291095"
280.339425977408,0.0330028511976234,0.00426993642255093,7.72912004575163,1.08292518056667e-14,5.37346369571487e-13,"SCPEP1"
216.527720604157,0.0326543813581272,0.0042253828197133,7.72814742507586,1.09122929770999e-14,5.40089085744455e-13,"CFAP70"
672.87300192962,-0.0235577157647986,0.00305082179283904,-7.72176068103807,1.14733664145821e-14,5.66417386116842e-13,"GGCT"
5204.65801786012,-0.0272570538169005,0.00353143394840316,-7.71840963618351,1.17790123097857e-14,5.80034350475043e-13,"PLAC8"
7.50089783505658,0.118865050934934,0.0154015794445564,7.71771826148303,1.18430618792032e-14,5.81715648011062e-13,"SPINT1"
2147.30403568899,-0.0170684879234034,0.00221223567350726,-7.71549257965957,1.20515872724684e-14,5.90467063064945e-13,"STMP1"
295.259163121396,0.023302245116046,0.00302318948745963,7.7078347925941,1.27970257056678e-14,6.25414439700866e-13,"TMEM25"
166.715020352902,0.0634622462244051,0.00824080956317368,7.70097230592533,1.35034756791319e-14,6.5828597853332e-13,"CASP4LP"
6.51157844673298,0.112758429508631,0.0146555095981701,7.69392758084033,1.42685835248454e-14,6.92885877891685e-13,"SLC25A27"
259.013956568675,0.0337165743464218,0.00438231288590196,7.69378527372821,1.4284470568843e-14,6.92885877891685e-13,"ARSG"
646.650594494326,0.0214876975636942,0.00279423693852743,7.69000554942854,1.47128645224935e-14,7.06617105745732e-13,"UBXN11"
44.1371633532269,-0.0852392082512982,0.0110843121696523,-7.69007647444954,1.47047106931939e-14,7.06617105745732e-13,"NBAT1"
190.653783710231,0.0471258999843071,0.0061279140030416,7.69036575267147,1.46715001128933e-14,7.06617105745732e-13,"ADHFE1"
449.055109039964,-0.065793991163073,0.0085551339849935,-7.69058570894177,1.46462974375663e-14,7.06617105745732e-13,"PALM2AKAP2"
47.5013893621937,0.0805633069052685,0.0104840616640409,7.68436026865346,1.53763397904372e-14,7.36663017891117e-13,"RP9P"
61.769702561299,-0.0688924769974956,0.00896771080800435,-7.68228129479866,1.56280203868176e-14,7.4688114138572e-13,"MBOAT2"
610.854953067406,-0.0308866735391643,0.00403958890648839,-7.64599424697748,2.07336938113077e-14,9.884585253033e-13,"PEAK1"
511.644739579161,-0.0298318263648421,0.00390218517959732,-7.64490278954946,2.09103243615496e-14,9.94441856128363e-13,"TMOD2"
2455.22741740378,-0.0131770148288041,0.00172576324500092,-7.63547077907379,2.24996735943349e-14,1.06741744166685e-12,"ARF5"
900.308165934702,-0.01434794359464,0.00187933000133171,-7.63460572888895,2.26512537404304e-14,1.07199400609516e-12,"ELAVL1"
8.96492350804379,-0.111791264189734,0.014643364934026,-7.63426061519307,2.27120068966088e-14,1.07226030617946e-12,"JADE3"
43.5420366230546,-0.067152937841041,0.00880126203655225,-7.62992143196626,2.34896824357956e-14,1.10629010425826e-12,"CBX8"
54.9328476381904,0.0611406598371794,0.00801741479630027,7.62598186455234,2.42183880085967e-14,1.13785474675173e-12,"IGIP"
100.140672980151,0.0366249863167811,0.00480411291238041,7.6236730869495,2.46557315068111e-14,1.15561116515417e-12,"C3orf18"
32.0926686373139,0.0590599713514353,0.00774942224429742,7.62120961919398,2.51309446398495e-14,1.17505289468681e-12,"LRP1"
1.37305783797805,-0.233950088902184,0.0307056249561004,-7.61912806649144,2.55394981326254e-14,1.19129203399927e-12,"ATP2B3"
16.1997691151019,-0.120267111264943,0.0157864866223191,-7.61835829226932,2.56922331655106e-14,1.19554934761327e-12,"RAPGEF5"
178.160402929181,-0.0270095640432559,0.0035489420353471,-7.61059599572024,2.72834833071731e-14,1.26656571314517e-12,"URB2"
708.839842217383,0.0379573299431826,0.00499010816840322,7.60651446065317,2.81586736173046e-14,1.30408181078617e-12,"SPART"
1317.333469982,-0.0215054623379672,0.0028298317946544,-7.59955499072113,2.97150794235339e-14,1.37289313507639e-12,"VDAC1"
179.095682403857,-0.0653978992273611,0.00860872446874767,-7.596700238784,3.03777099989956e-14,1.40018207865039e-12,"SESTD1"
470.876719007815,0.02527712931066,0.0033331634731564,7.58352523487945,3.36290098490238e-14,1.54637794461788e-12,"ENSG00000271858"
863.678258596468,-0.0375972405791078,0.00496443875591024,-7.57331139080881,3.63828794457314e-14,1.66906459457293e-12,"ADA"
297.259987471105,-0.0664323958678877,0.00877288669590547,-7.57246709898731,3.66201981244966e-14,1.67599876169314e-12,"TOX2"
217.323134579512,0.0317784909569454,0.00419937186768509,7.56743912142827,3.80653462900794e-14,1.73804941476135e-12,"UFL1-AS1"
883.647404549033,0.0158662758059305,0.00209756101330376,7.56415460875694,3.90395179321159e-14,1.77835518336671e-12,"TRMT11"
869.328433337017,-0.0297707464544447,0.00394646933707205,-7.54364063462663,4.5702946987742e-14,2.0770280884546e-12,"IFT80"
14043.7437842014,-0.0125914661972031,0.00167062633477043,-7.5369733704894,4.81004504501694e-14,2.18089012052738e-12,"JAK1"
472.907872004248,0.0236070199838504,0.00314130141134172,7.51504452855649,5.68915670115554e-14,2.56893260805239e-12,"HEMK1"
330.587271933955,-0.0500156779734878,0.00665547080383018,-7.51497218569482,5.69230350146821e-14,2.56893260805239e-12,"MTHFD1L"
330.188663757805,0.0427928224119414,0.00569547082434784,7.51348285887171,5.75746844628938e-14,2.59232682288831e-12,"BLVRA"
4011.93197642892,-0.0255712759495279,0.00340749634445465,-7.50441772040123,6.17022521107517e-14,2.77175636444857e-12,"COTL1"
1140.45375403794,0.0306303657836298,0.00408355904967466,7.50089943870658,6.33814027847438e-14,2.84062595752547e-12,"TCEA3"
163.487664480551,0.0254817055710697,0.0033985937809993,7.49772029641544,6.49372811038838e-14,2.90366679253252e-12,"KPNB1-DT"
4.32071810372521,0.135086018939896,0.0180290503030392,7.49268634061797,6.74780271222835e-14,3.01035574668701e-12,"TBC1D8B"
7.90395363761581,0.176730602800749,0.0236020328126363,7.48793988228547,6.99630576931847e-14,3.11407651073258e-12,"MCOLN3"
11.1780477559592,-0.137289170701371,0.0183386070111659,-7.48634673384837,7.08171554140814e-14,3.14489609579748e-12,"ENSG00000222012"
217.11166786412,-0.018180473114656,0.00243030720489625,-7.48073045170113,7.39106365014077e-14,3.27479678949631e-12,"ITPK1"
16.5318549955578,0.0640482863651108,0.00856225370200476,7.48030700726779,7.41491849050701e-14,3.27789953542845e-12,"ENSG00000263331"
391.815107272855,0.0510106905000646,0.00682305810454899,7.47622103145441,7.64902644701498e-14,3.37372366033761e-12,"PSTPIP2"
2047.20918818368,-0.0172037906863257,0.00230123603081556,-7.47589141485355,7.66822561139779e-14,3.37453973681671e-12,"PPM1G"
266.346289568401,0.0673502322844411,0.00901160722364965,7.47372034898395,7.79587246196892e-14,3.4229687417101e-12,"ZNF483"
305.786049364657,0.0336411583157441,0.00450462151570168,7.4681431499809,8.13343374313462e-14,3.56314008418269e-12,"BAG2"
285.646786856479,0.0437897493931616,0.00586431785315083,7.4671514214793,8.19494488361864e-14,3.58201961643295e-12,"TCEAL3"
1669.32717816424,0.0157756593735197,0.00211285663454999,7.46650724689593,8.23514400927672e-14,3.58348514819779e-12,"ANP32E"
160.330371850784,-0.0460175820237641,0.00616316986825191,-7.46654449049225,8.23281458669313e-14,3.58348514819779e-12,"CDK2AP1"
4.68995130519363,0.118107823155423,0.0158214331251027,7.4650521366506,8.32666361715564e-14,3.61522174145746e-12,"SPINT1-AS1"
68.7103488905838,0.0897322145882327,0.0120260560211712,7.46148316873498,8.55538930299648e-14,3.70625561987939e-12,"MICAL3"
44.672199064018,0.0896131935374942,0.0120219432851683,7.45413544314849,9.04590329914152e-14,3.91004144603559e-12,"PRRT1"
2467.75436637839,0.0389015644927139,0.00521968476779668,7.45285706384429,9.13402277472302e-14,3.9393764299587e-12,"SLFN12L"
610.926713668079,0.0186458505093536,0.00250449047330942,7.44496763236438,9.6968190711937e-14,4.172850171544e-12,"PPP1R3E"
1823.78995496345,-0.0214526719942428,0.00288374274496113,-7.43917675448956,1.01314688368601e-13,4.3502693233061e-12,"FKBP1A"
1037.06427646926,0.0261691217480969,0.00351893921983026,7.43665068172424,1.03270156850467e-13,4.4244665658556e-12,"SNHG12"
396.560826264955,0.0392879391279615,0.00528624862291716,7.43210203122849,1.06885299221617e-13,4.56928781353772e-12,"LNCRNA-IUR"
87.1840787587898,0.0332447878308813,0.0044754107734626,7.4283209997191,1.0998478843976e-13,4.69147833320565e-12,"ENSG00000290600"
126.876864419765,0.0453786710965941,0.00611041640952501,7.42644495158417,1.11555291960283e-13,4.74805685759184e-12,"PPM1N"
15.3705368128223,0.0880689705708341,0.0118599643532804,7.42573653237621,1.12154048494389e-13,4.76311877131958e-12,"TTC39C-AS1"
1013.53903692855,-0.0190144036598516,0.00256132076904584,-7.42367136894573,1.13917608277912e-13,4.82747581397315e-12,"KDM5B"
1631.43251781812,-0.0222333042922787,0.00299622243251855,-7.42044517488976,1.16727319908101e-13,4.9357893468097e-12,"RPIA"
112.347286005032,0.0498530140854208,0.00672278911775811,7.4155254927951,1.21143499398742e-13,5.11141476530352e-12,"NOXA1"
1682.49463819377,-0.0160929482970225,0.00217133598153482,-7.41154221819097,1.24839042657792e-13,5.2559398673955e-12,"TACC3"
1091.81647054017,-0.0149525445550388,0.00201991739933827,-7.40255248058032,1.33591369387929e-13,5.6122801856687e-12,"STARD7"
478.35427508161,-0.0210310551108816,0.0028415002044616,-7.4013913769422,1.34764891445707e-13,5.63933404739992e-12,"RCC2"
19.9167210612461,0.0531487331470838,0.00718095912503174,7.40134182936864,1.34815193668241e-13,5.63933404739992e-12,"TNNC1"
46.3605904341882,0.0482976513372133,0.00652759709940098,7.39899393325691,1.37220120384855e-13,5.72761493906828e-12,"ENSG00000267248"
2238.75835518384,-0.016116444198382,0.00217941482664712,-7.39484929685281,1.41568740522521e-13,5.89647445803758e-12,"MAGOH"
2376.82275162032,0.0298912660126267,0.00404520842572646,7.38930182744755,1.47601773400356e-13,6.1346198598511e-12,"TSPO"
19.3398915565847,0.100947918206175,0.0136689476835411,7.38520042239442,1.52223911224726e-13,6.31323517533505e-12,"ST8SIA6"
1001.5564777283,0.0210481745804128,0.00285329938018048,7.37678447856442,1.62158185125292e-13,6.71093374228095e-12,"ETFRF1"
805.468115596223,-0.0198585167479313,0.00269425244995813,-7.37069636820405,1.6973904035643e-13,7.00975387255397e-12,"PREP"
8.71782304268519,0.0940273169495939,0.0127587672754158,7.36962395503289,1.71110003234409e-13,7.05139973074678e-12,"COPZ2"
1289.60665449261,-0.0258907759612109,0.00351512051517074,-7.36554432471665,1.76425492486071e-13,7.25507876183205e-12,"HK1"
4.29908896236802,0.132267022297517,0.0179722022389532,7.35953338043567,1.84554204932963e-13,7.57334143491786e-12,"ENSG00000258702"
2.97140526932736,0.14253182445653,0.0193791515714381,7.3549052924794,1.91062534382879e-13,7.82391022375027e-12,"FAM133A"
119.877058647656,0.0556217801081742,0.00756994713002656,7.34771051273895,2.01630591288864e-13,8.23932065369682e-12,"FAM89A"
90.8070134491279,-0.0420737985687989,0.00572668093833815,-7.34697794792955,2.02738300228002e-13,8.26721735374185e-12,"CENPE"
213.814514031296,0.0478287859693802,0.00651139971208392,7.34539240167043,2.05156312895762e-13,8.34831682455121e-12,"PER3"
277.429834617461,-0.0222409155614599,0.00302947927468039,-7.34149784332371,2.11216558699885e-13,8.5769797145542e-12,"RAP2A"
348.277800986642,0.0279500578188064,0.00380746731166649,7.34085299515624,2.12236823317345e-13,8.60045510488682e-12,"LRRC23"
37.2070973954958,-0.0906513936301942,0.0123577754000787,-7.33557543290657,2.20770851320126e-13,8.92767947822822e-12,"RAB25"
50.7958813776364,0.0612203062009014,0.00834766255196778,7.33382618424963,2.23673155237618e-13,9.02627913387325e-12,"SLC5A2"
1481.07763597976,-0.015716106407575,0.00214324208895553,-7.33286570311518,2.25282664761075e-13,9.07240809993305e-12,"YTHDF2"
467.408975806742,-0.0160346852038522,0.00218764307470246,-7.32966240666706,2.3073321417494e-13,9.27271022503463e-12,"PXK"
767.210991275855,-0.0130049078641327,0.00177442328929239,-7.32908993170329,2.31720857841732e-13,9.293200836865e-12,"PRCC"
1738.84782702148,0.0196989291305913,0.00268935509478025,7.32477803649835,2.39294448655405e-13,9.5771940757125e-12,"UMAD1"
179.467744741508,-0.0329593063778167,0.00450364596010208,-7.31836087245846,2.51018081044182e-13,1.0025775553163e-11,"PXMP2"
424.375637731663,0.0158108108051283,0.00216086309426228,7.31689612688123,2.53772131142241e-13,1.01150035304257e-11,"CHIC1"
23.2061991387999,0.0712077735809541,0.00974050710596798,7.31047909582914,2.66191560641513e-13,1.05883272925114e-11,"LRP11"
1172.74322232126,-0.0243496143706911,0.00333435074688427,-7.30265536504945,2.8214321496238e-13,1.11999340290475e-11,"DNPH1"
1002.01651070859,-0.0164085780803105,0.00224825620167385,-7.29835775304173,2.91301248909278e-13,1.15399197403958e-11,"PSMB2"
1754.70121319374,0.0224663773045877,0.0030787824161894,7.29716305590515,2.93898548072109e-13,1.16191476799809e-11,"LINC01473"
214.3572463808,-0.0462262816380722,0.00633705129860213,-7.29460429778581,2.99538111915457e-13,1.18180848171756e-11,"RFX2"
1518.95178344464,-0.0169707380186921,0.00233168570280771,-7.27831285248125,3.38020728730042e-13,1.33093951306236e-11,"GAPVD1"
199.271273957574,0.0501665189718205,0.00690412738313752,7.26616358416939,3.69840678392103e-13,1.45328707785956e-11,"EXPH5"
151.82266062992,0.0480893288627339,0.0066251999201625,7.25854758229763,3.91268754816976e-13,1.53438882055343e-11,"TPST1"
3452.92431456656,0.0129411286987813,0.00178323792317602,7.25709594361512,3.95489193066751e-13,1.5478189727045e-11,"REX1BD"
1076.59677628983,-0.0142905170581119,0.00197034728369557,-7.2527910061158,4.08269811545614e-13,1.59462973983409e-11,"MRPL4"
5.21015017879433,-0.146780420837704,0.0202408773057777,-7.25168275170594,4.11625136772008e-13,1.60451313333714e-11,"P2RY1"
267.033581591655,-0.0239433482658237,0.00330215224652265,-7.25083111811014,4.14221908050827e-13,1.61140606669933e-11,"PPP4R1"
505.767149493745,-0.0175103633498819,0.00241506158306576,-7.25048316476207,4.15287498083103e-13,1.61232677149989e-11,"SMG5"
9.70530856974457,0.146790150220201,0.0202512047592524,7.24846506493078,4.21521119384284e-13,1.63326838508839e-11,"FLT4"
7131.06749401335,-0.0133134928872529,0.00183741536817972,-7.24577203272343,4.29982814103847e-13,1.66274268730297e-11,"EIF4G2"
112.374689478556,0.100870022778795,0.0139288311271632,7.24181532950634,4.42718411912779e-13,1.70859441073719e-11,"LDOC1"
399.806486091807,0.0289092217714753,0.00399234909212571,7.24115579684509,4.4487699133612e-13,1.71352521950077e-11,"MORC4"
47.9450092687341,0.0745064573195016,0.0102900265617968,7.24064771573257,4.46546930205381e-13,1.71655816984681e-11,"TJP3"
2396.96645135241,-0.0109588664397415,0.00151396910700173,-7.23850069929396,4.53671871310862e-13,1.74050721279439e-11,"RBBP4"
958.725033366443,0.0272304943071883,0.00376401110587781,7.2344351653654,4.67470595707816e-13,1.78991546399857e-11,"PATL2"
34.646846040799,0.0489689787168178,0.00678132284285727,7.22115431628455,5.15481155550985e-13,1.96486027692304e-11,"CDHR2"
117.898103361627,0.0358052926944763,0.00495851760284489,7.22096714427986,5.1619125058232e-13,1.96486027692304e-11,"CDNF"
9.94177117090373,0.08876695133689,0.012292284155804,7.22135529994054,5.1471972959074e-13,1.96486027692304e-11,"AP3B2"
66.9802027417889,0.0436523220272584,0.0060485031070107,7.21704548298271,5.31292112209652e-13,2.01839118644335e-11,"LINC02614"
106.708750999338,0.0560223278080859,0.00776289214034432,7.21668249349153,5.32711585295315e-13,2.01983880030783e-11,"MAPRE3"
24.1476499740663,0.121646317610722,0.0168658935912086,7.21256285371859,5.49084712859084e-13,2.0778690174751e-11,"ENSG00000227061"
3949.38673156652,0.0347523160185537,0.00482403445925292,7.20399414890076,5.84738763814841e-13,2.20849586309951e-11,"EVI2B"
468.29226637653,-0.0864470930133433,0.0120052179799203,-7.20079328488106,5.98632451787407e-13,2.25658911234823e-11,"YBX3"
277.043187673046,0.0287024753067187,0.00398737569155316,7.1983373343831,6.09512014725724e-13,2.29315632464798e-11,"RNLS"
36.8246926359704,-0.0597685398616382,0.00830559358022886,-7.19617921155146,6.19232301117813e-13,2.32522924498892e-11,"ELOVL4"
9.93788386337204,0.109954220370497,0.0152845392544026,7.19381975081949,6.30033594254355e-13,2.36122995025847e-11,"ALOXE3"
54.6073131724238,-0.0885437990750191,0.0123147513154985,-7.19005985639225,6.47629239655203e-13,2.42250698856411e-11,"DPPA4"
3.3050191810396,-0.235897834900736,0.0328101399661795,-7.18978447345539,6.48936778861712e-13,2.42273882641827e-11,"COL4A5"
435.760282104676,0.0162624955225437,0.0022626149008569,7.1874783094484,6.59988828442867e-13,2.4592802111192e-11,"RUSF1"
1677.45435346848,0.0737141572915666,0.0102625653881161,7.18281974377739,6.82881111737087e-13,2.53971711365164e-11,"ENSG00000249806"
31.5103399488473,-0.10573651675575,0.01472510827023,-7.18069536843536,6.93577394534834e-13,2.57457517196509e-11,"WDFY4"
927.045026495111,0.0479818096862149,0.00668400411610089,7.17860265385429,7.04275012442367e-13,2.60930538419362e-11,"EPHA1-AS1"
170.79785487482,-0.0377043236891935,0.0052544928884174,-7.17563511643646,7.1972275697914e-13,2.65138775492448e-11,"MREG"
830.05393157998,-0.0112699777342307,0.00157054596200583,-7.1758343957264,7.18675057036239e-13,2.65138775492448e-11,"SEC61A1"
91.9861000030701,0.0590535618988706,0.00822966116307664,7.17569784814732,7.19392786856073e-13,2.65138775492448e-11,"SLC16A6"
8.6046099705099,-0.122516095126242,0.0170886224803366,-7.16945413635401,7.52973885368794e-13,2.76863800459516e-11,"JUP"
125.797383272715,0.0240880920491681,0.0033611359210363,7.1666521720851,7.68539650021292e-13,2.82054051557814e-11,"PLXNA3"
1181.1308528185,-0.0140316851730327,0.00196023064562357,-7.15818069897028,8.1754747531171e-13,2.994748765026e-11,"EXOC6"
722.802602730819,-0.0187268391212747,0.00262147953575468,-7.14361446116858,9.09081542199163e-13,3.32378666866841e-11,"MARCHF5"
228.400565200429,-0.0222741770896032,0.00311866252779567,-7.14222102939333,9.18347678156988e-13,3.35136598270761e-11,"ALKBH4"
3502.38876883043,-0.0131072009462039,0.00183635109262339,-7.13763342906234,9.49514379317121e-13,3.45861501724669e-11,"ATP5F1B"
17.581702735406,0.0722003235519602,0.0101168789138073,7.13662031216192,9.56535855891987e-13,3.47270488192722e-11,"ENSG00000255310"
46.477415037468,0.0483425502796055,0.00677392863739475,7.13656031342515,9.56953275776561e-13,3.47270488192722e-11,"SSH3"
787.890481699506,0.0313671790669438,0.00439572501481028,7.13583742414733,9.61996595253435e-13,3.48450573077739e-11,"DTD1"
2446.36724821801,0.0296917898212735,0.00416114931074513,7.13547811048305,9.64513084037828e-13,3.48712713710405e-11,"SVIP"
1327.28149818827,-0.0349136510316752,0.00489723930388818,-7.12925157730303,1.00916136900005e-12,3.6417806657551e-11,"SH2D1A"
224.808350732781,0.0365448022012843,0.00512628392466404,7.12890716517996,1.01168936618395e-12,3.64414256697112e-11,"C21orf62-AS1"
1076.83354307773,-0.0223539792884796,0.00313804587599167,-7.12353489141243,1.0519360574756e-12,3.78210873455785e-11,"IDH2"
289.362792365384,0.0207560961104109,0.00291510789001362,7.12018110256426,1.07785341987507e-12,3.86814148892805e-11,"ACBD4"
386.799976237299,0.0273583743061771,0.00384487998576484,7.11553401080605,1.11480350487948e-12,3.99337807981782e-11,"CLCC1"
1304.35825984225,0.0147559027556721,0.00207466029528676,7.11244283663923,1.14006761650878e-12,4.07637044277798e-11,"LETMD1"
127.194983311671,0.0410506486615002,0.00577753995755932,7.10521241965442,1.20137616266779e-12,4.28770050276168e-11,"PCBD1"
32.9250708624228,0.0629618126260309,0.00886522251297631,7.10211306415284,1.22863646650724e-12,4.37696115568356e-11,"TNNI3K"
1120.16192787498,-0.0113519855426194,0.00159856685700988,-7.10135174693497,1.23542492719225e-12,4.39309876760812e-11,"CLPX"
239.82030355936,-0.0561673743743646,0.00791168922243841,-7.09928977178069,1.25399637636414e-12,4.45100064172608e-11,"GPR146"
12059.4878436977,-0.0152647881340206,0.00215166894409392,-7.09439441226339,1.29919121697471e-12,4.60301791646176e-11,"ABLIM1"
21.5202158250813,-0.109690159192173,0.0154651195144635,-7.09274565189017,1.31476970774514e-12,4.64974283370014e-11,"SCN9A"
46.1094028176214,0.0769704656244397,0.0108566569573356,7.08970228376175,1.34400816703481e-12,4.74451957477206e-11,"TMEM220-AS1"
617.80964773145,-0.0220722076283203,0.00311745790238496,-7.08019428632359,1.43952497634156e-12,5.07250005703255e-11,"DGAT1"
7779.94952872752,-0.0146966308412285,0.00207784839055549,-7.07300441554329,1.51614661181959e-12,5.33283322721569e-11,"RGS10"
1098.1543791231,0.0293441932992495,0.00414955522012206,7.07164786166801,1.5310454403108e-12,5.3755171226508e-11,"RNF157"
153.584405664062,0.0224763287778595,0.00317885368801774,7.07057668699287,1.54291139775419e-12,5.40741794553457e-11,"RSKR"
15.814960192196,0.0863422705188337,0.0122173678664481,7.06717448984659,1.5812008239839e-12,5.531643386207e-11,"ENSG00000290065"
426.047750220129,-0.0292014858192535,0.00413273167248024,-7.06590413641068,1.59573552958849e-12,5.57246890233856e-11,"EZH2"
334.831518032505,-0.0177365415569884,0.00251030111253821,-7.06550360369103,1.60034533055545e-12,5.57260195468975e-11,"STRN4"
5363.01692217428,0.0333809938181174,0.0047245702912741,7.06540314994772,1.6015035179022e-12,5.57260195468975e-11,"ZC3H12B"
455.51020832834,0.0172939106328833,0.00244794777111426,7.06465670426108,1.61013550334428e-12,5.59263315634814e-11,"GANC"
1724.29528556177,-0.0211190535539268,0.00298962607000675,-7.06411205260834,1.61646270578942e-12,5.60460179862924e-11,"ADSL"
2251.39054205746,-0.0201069650258745,0.00284753625314951,-7.06117964385361,1.65094990693827e-12,5.70508354573445e-11,"SCLT1"
587.309722873345,0.043976920562884,0.0062280116368078,7.06114938883201,1.65130946288031e-12,5.70508354573445e-11,"TSPAN32"
276.067650133415,-0.0182297488785222,0.00258250985528519,-7.05892712905408,1.67793030110782e-12,5.78677700121421e-11,"CRAMP1"
48.9571559030311,0.092056052401794,0.0130459385110817,7.05629973064786,1.70994785455055e-12,5.88676030422349e-11,"DENND2C"
13.6331078237375,0.0811409243169725,0.0115069006145015,7.05150127174255,1.76997609973571e-12,6.08265108055819e-11,"RHBDL1"
445.298556562299,0.0299520578634619,0.00425062913785206,7.04649991615062,1.83474236141334e-12,6.29410470403015e-11,"TSPAN18"
43.8949034954615,0.056598379996014,0.00803534667752175,7.04367618068595,1.87232994442683e-12,6.41174115300109e-11,"ENSG00000288911"
252.659192558524,0.0246988779912018,0.00350777718863294,7.041176409733,1.90623477378583e-12,6.50956824530634e-11,"AMY2B"
354.510559179637,-0.0172607817596756,0.00245144043103809,-7.04107737684915,1.90759030375025e-12,6.50956824530634e-11,"TFB2M"
405.346110859574,0.0298538373431803,0.00424124031646419,7.03894029001136,1.93707349839424e-12,6.59860185941619e-11,"LINC02964"
863.571493817608,0.0138825164544233,0.0019734784706924,7.03454162819048,1.9991711129629e-12,6.7863660241259e-11,"SERGEF"
143.557258731204,0.0260658394674469,0.00370530064488696,7.03474345689489,1.99627955323268e-12,6.7863660241259e-11,"CTPS2"
330.988345813929,0.0525924008232734,0.00747697149911119,7.03391751988424,2.00813860768609e-12,6.79279998263707e-11,"TGFBR3"
4.43861774663503,-0.141465815815419,0.0201126280991185,-7.03368128313471,2.01154325741553e-12,6.79279998263707e-11,"RHOBTB1"
6493.13790800245,-0.0162292192101103,0.00230723097158613,-7.03406785448679,2.00597492555278e-12,6.79279998263707e-11,"EIF4A1"
29.9218001940718,0.0525112334245436,0.00747107619693605,7.02860364964272,2.08610629506109e-12,7.03238363002311e-11,"TNXB"
3.24853276383747,0.171146865369491,0.0243523828419301,7.02793096184448,2.09618561770839e-12,7.05413606402178e-11,"ENSG00000234418"
250.64104537392,-0.0239545022410263,0.00341044565759495,-7.02386275754912,2.15816807942931e-12,7.24198096747499e-11,"GTF3C4"
660.584683052033,-0.0179806067856814,0.00255996165110042,-7.02377974215053,2.15945142210452e-12,7.24198096747499e-11,"MTCH2"
382.830716532445,0.0198895616262231,0.0028359985172059,7.01324824591896,2.32847764068509e-12,7.78199632112811e-11,"THAP2"
189.234526246364,0.0350990434328698,0.00500456210990279,7.01340949758972,2.32579433386581e-12,7.78199632112811e-11,"SPIN3"
371.033543187128,-0.0609028590051144,0.00868471315703382,-7.01265060847619,2.33844912702629e-12,7.8019166328968e-11,"PCBP3"
69.9699883729031,0.0724742630372166,0.0103409354667965,7.00848228575863,2.40917117622821e-12,8.02410762822175e-11,"ENSG00000290121"
1397.24672263503,-0.0115464433878272,0.00164756839447542,-7.00817242339946,2.41451144892536e-12,8.02814738342686e-11,"UBN1"
77.656424455464,-0.0522889059857663,0.00746869741982241,-7.00107435695389,2.54007081187074e-12,8.43121456684262e-11,"STAG3"
2.64029222970004,0.180311033777712,0.0257822558661595,6.99360966370592,2.67902271474306e-12,8.87728634147654e-11,"PRSS16"
134.568642635778,-0.0432803281655387,0.00618913960912126,-6.99294746910445,2.69170317541035e-12,8.90413579335147e-11,"ZNRF1"
6.51932793610676,0.106998570365296,0.0153021594081618,6.99238372253692,2.70254481082601e-12,8.92482158155802e-11,"RUSC2"
674.95757927798,-0.0324836425720735,0.00464625974846985,-6.99135311640107,2.72247562520849e-12,8.97540226880176e-11,"MAGEH1"
23.9633857399232,0.0708963452327548,0.0101442283107411,6.98883572619189,2.771767296401e-12,9.12244427788424e-11,"STX1B"
6134.7300023552,-0.0111175910189867,0.00159087270326825,-6.98835990846218,2.78118188127886e-12,9.13796769810054e-11,"SERBP1"
37.4677690555322,0.0553679003189373,0.00792396182143352,6.98740119736225,2.80024639684302e-12,9.18509151180331e-11,"LINC02731"
151.627095294097,0.0297678141873769,0.00426161644870821,6.98509932689981,2.84654519450948e-12,9.32123747111176e-11,"DNASE1L1"
7.41854983645266,0.0991761072598808,0.014200313529492,6.98407870036858,2.86731305613474e-12,9.37346323611374e-11,"TTC12-DT"
614.997433622417,0.0281975261180154,0.00403804206918694,6.98296987373709,2.89004403823177e-12,9.43192056839701e-11,"SLC39A8"
359.76585679186,0.108272478976051,0.0155162523350272,6.97800452314316,2.99402022881205e-12,9.75488902355498e-11,"SYDE2"
67.6473128319562,0.0334702204151045,0.004800442298486,6.9723201184317,3.11756154310878e-12,1.01404163168911e-10,"LINC01569"
898.109899104055,0.0435118658197235,0.00624444085537399,6.96809639605715,3.2125808762016e-12,1.04320385013351e-10,"ABCD2"
4765.56094028997,0.0139441434325328,0.00200284784012082,6.96215815959917,3.35098983474831e-12,1.08272596803471e-10,"PEBP1"
299.775276177118,0.0306832510560287,0.00440685914406422,6.96261215822095,3.34020473526731e-12,1.08272596803471e-10,"ISYNA1"
82.7833637782928,0.131112096908525,0.0188318588705649,6.96224933553742,3.34882114102229e-12,1.08272596803471e-10,"PCSK1N"
376.352630554555,0.0288161227566249,0.00413926453704504,6.96165284888902,3.36303404866835e-12,1.08481551045851e-10,"NABP1"
36.0187466436609,0.106394470629997,0.0152884713590719,6.95913071563329,3.42378729577996e-12,1.10258421672543e-10,"HSD17B14"
1230.91432426535,0.0225871727974498,0.00324595244180308,6.95856553736286,3.43754821585162e-12,1.10518595614099e-10,"ENSG00000229151"
6.87293240940538,-0.120652548078199,0.0173570849974407,-6.95119878113113,3.6219508191382e-12,1.16255058387883e-10,"KIF7"
514.810352431157,0.0243059162495547,0.00350196283512551,6.94065511083116,3.90285784233355e-12,1.2506505418654e-10,"GCHFR"
135.386244654227,0.0241992494197141,0.0034898653580722,6.93414987020639,4.08671227247972e-12,1.30526503139578e-10,"LMLN"
150.41799842696,0.0296001982454958,0.0042687073293254,6.93422995812967,4.08439797845038e-12,1.30526503139578e-10,"CIDEB"
2008.97228552753,0.016111642499097,0.00232379584484246,6.93332959298291,4.11048989318749e-12,1.31070719528508e-10,"CDK5RAP3"
47.2283215290629,0.105477257381464,0.0152252851497396,6.92776892807606,4.27529300840573e-12,1.36102658439443e-10,"CCR6"
1643.48125533299,0.0229613476913161,0.00331617709562943,6.92404145773099,4.38937362883596e-12,1.39278477087256e-10,"SNHG14"
659.690857961039,0.0203164109754684,0.00293417875855602,6.9240535929265,4.38899742818479e-12,1.39278477087256e-10,"ZNF737"
5.88037233304395,-0.165476435935295,0.0239136992127756,-6.9197339342167,4.52492687750765e-12,1.43345851293813e-10,"SH3RF1"
530.540329218249,-0.0128507153560872,0.00185729786650583,-6.91903845249309,4.54719436190507e-12,1.438170366397e-10,"ACSS1"
55.8191741395342,0.0474578034721286,0.00686967088366392,6.90830816727819,4.9046763890167e-12,1.54871526692798e-10,"ENSG00000254186"
782.806999823124,0.0241274434089836,0.00349695521565123,6.89955744957701,5.21647897645897e-12,1.64450133826748e-10,"DYNLT3"
264.115601063524,0.0426421784723807,0.00618422807839957,6.89531141668632,5.37469304491754e-12,1.69163680285908e-10,"MIR3936HG"
1732.60208766567,-0.01296644100425,0.00188079989168153,-6.89410982082591,5.42031394112431e-12,1.70323952292099e-10,"PTBP1"
625.102227974326,-0.0168936749150206,0.00245114688046883,-6.89215120057976,5.49549154372536e-12,1.72407751640326e-10,"YEATS2"
38.4309129472637,-0.100357597129264,0.0145629529771196,-6.89129445703352,5.52869628780442e-12,1.73170163436528e-10,"PDE6G"
21.9187478981041,0.080987072600423,0.0117573758879408,6.88819285632339,5.65055751291221e-12,1.76702562996231e-10,"EBF4"
23.8159083863053,-0.110721043568451,0.0160775077840868,-6.88670439818042,5.70996976886733e-12,1.78273871547734e-10,"VIPR2"
2846.7437321615,-0.0179413851874736,0.00260545366202406,-6.88608876411018,5.73472158897919e-12,1.78759726966722e-10,"MEF2A"
381.314411445968,0.0364172333616207,0.00529035320420376,6.88370548353621,5.8315378023014e-12,1.81486786868103e-10,"ARRDC3-AS1"
6.05388298272434,0.0989766703597126,0.0143808756402182,6.88252042753989,5.88027295180365e-12,1.82711164833119e-10,"CPEB1-AS1"
5.96464829635047,-0.116088565796533,0.0168773206992417,-6.87837648316706,6.05385068485724e-12,1.87804544930077e-10,"PAQR4"
207.286143624106,0.0292763430530621,0.00425770345316286,6.87608786640929,6.15185644688696e-12,1.90298852879598e-10,"POT1-AS1"
235.235475433609,0.0307067471093149,0.00446575886961749,6.87604234931409,6.15382131824931e-12,1.90298852879598e-10,"ANKRD42-DT"
260.733658076483,-0.0431976499541675,0.0062840073921116,-6.87422010489583,6.23299076158657e-12,1.92441116354953e-10,"GRAMD1B"
15.1645534196901,0.07580934351215,0.0110317742044043,6.87190855319394,6.33485617376938e-12,1.95276208297921e-10,"PLEKHA6"
60.298386114721,-0.0766077846089937,0.0111485851590541,-6.87152526675354,6.35190379569713e-12,1.95491899889406e-10,"ENSG00000286863"
656.42211997698,-0.020071550402037,0.00292125895750911,-6.87085626231216,6.38176722954523e-12,1.96100717822882e-10,"PEF1"
32.8660204655305,0.0603160079136052,0.00877893402363298,6.87053892320342,6.39598088164741e-12,1.96227482853192e-10,"ENSG00000260740"
118.035833978602,-0.0352416606691442,0.00513021762143908,-6.86942801838855,6.44598325773603e-12,1.97450110781454e-10,"KBTBD7"
702.921440084657,-0.0287342754816953,0.00418320678227062,-6.86895890575568,6.46721311161876e-12,1.9778893433034e-10,"DAAM1"
72.2523882457403,0.0634881729550744,0.00924604118631101,6.86652499980967,6.5784652058491e-12,2.00875552149091e-10,"HPSE"
24.4373225835381,0.0796613479168708,0.0116020874821294,6.86612198361481,6.59706689510967e-12,2.011278184589e-10,"FGF9"
1483.55337623366,-0.0188548884970155,0.00274696815082568,-6.86389046460118,6.70100199152123e-12,2.03976822749733e-10,"CUX1"
17.8636327581861,-0.14500408379124,0.0211328065502605,-6.86156301324076,6.81111474290612e-12,2.07004676350417e-10,"NLGN4X"
130.144769455011,0.031594193937903,0.00460479014354421,6.86115826194538,6.83044386145996e-12,2.07268273867797e-10,"ENSG00000247934"
182.673408828372,0.0643391525079514,0.00937871809992203,6.86012222805654,6.88016545878331e-12,2.0845186657133e-10,"WWC2"
6.3673836489907,0.0884815071267125,0.0129031808615418,6.85734068801851,7.01541895184769e-12,2.12219150905738e-10,"ENSG00000283098"
1053.02325156566,0.0186975220093049,0.0027269996428114,6.85644461252245,7.05954332388078e-12,2.13222324833548e-10,"STN1"
116.345332294999,-0.0306915081163861,0.00447651584363235,-6.85611515483486,7.07583469685676e-12,2.13383039827226e-10,"GRAMD4"
1654.80132339972,-0.0161840726037663,0.00236121965970515,-6.85411564199295,7.17550197640617e-12,2.16053698054298e-10,"DNM2"
21765.6793729122,-0.0173701534105092,0.00253485435797517,-6.85252521741897,7.25575907067113e-12,2.18132565198801e-10,"CAMK4"
176.341746870332,0.0414786076738659,0.0060562307269867,6.848914703503,7.44123457933899e-12,2.23363354633831e-10,"TFAP2E-AS1"
132.431838286464,0.0320987426909291,0.0046890206273125,6.84551108689117,7.62033170689669e-12,2.28386859831814e-10,"TRIM7-AS2"
35.0463580620868,0.103251291687147,0.0150913719420887,6.84174322144869,7.8235232729179e-12,2.33756299818012e-10,"KALRN"
13.1671871769297,0.0696675889653816,0.0101826085106833,6.84182141464914,7.81925305634682e-12,2.33756299818012e-10,"ENSG00000254556"
417.990063076509,0.0296320150424244,0.0043316474244,6.84081877844176,7.87418165243431e-12,2.33833140948855e-10,"NFIA"
42.4222975671548,0.0588399764439011,0.00860127449460709,6.84084393316283,7.87279895913738e-12,2.33833140948855e-10,"TMEM254-AS1"
119.391010162618,-0.0348184600360681,0.00508966474090701,-6.84101248481511,7.86354022439174e-12,2.33833140948855e-10,"USP35"
1489.33502895104,-0.0265935593980601,0.00388711318351005,-6.84146772748362,7.83858651712556e-12,2.33833140948855e-10,"FAM32A"
29.4763617410192,0.053481548754632,0.00782296577868373,6.83647995755782,8.1162707181345e-12,2.40654850211028e-10,"ENSG00000256139"
156.594657523653,0.0519487643763833,0.00759985733750505,6.83549204535957,8.17240338070003e-12,2.41950408155246e-10,"FXYD7"
29.806470779338,-0.0888261294303002,0.012999899471406,-6.83283202502283,8.32544220530679e-12,2.46106650965688e-10,"ASIC1"
72.3155179149512,0.036620458479313,0.00536156113131281,6.83018575792052,8.48047493095958e-12,2.50309131839294e-10,"ZP3"
163.633287228826,0.0377104797114486,0.00552191152184049,6.82924374327525,8.53634312318804e-12,2.51576378922925e-10,"MATN1-AS1"
57.7757213358497,-0.0620370003482145,0.00909062545058096,-6.82428295890795,8.8365558961082e-12,2.60030028343722e-10,"ENSG00000255101"
923.879093017503,0.0165834929142562,0.00243080176595625,6.82223172062424,8.96369236139568e-12,2.63372779639739e-10,"HELQ"
322.454360110986,0.0912884153443361,0.0133886643501803,6.81833624002283,9.21008807049166e-12,2.69797323884237e-10,"RNF175"
1028.98131088164,-0.0328638127629217,0.00481979820287872,-6.81850388327318,9.1993490199549e-12,2.69797323884237e-10,"LGALS3BP"
2790.26122517325,-0.0173808199123857,0.00254932040706527,-6.81782480704111,9.24292587805297e-12,2.70352107148885e-10,"R3HDM4"
310.380952316293,-0.0265195781452056,0.00389084317147969,-6.81589490411668,9.36787634292711e-12,2.73595439558972e-10,"ATF5"
370.640075535056,0.0642579831327808,0.00943020543996476,6.81405972986108,9.48822796763004e-12,2.76694935829643e-10,"NUBPL-DT"
14.508605988125,-0.0981764037780653,0.0144146408466851,-6.81088102175247,9.7002833396902e-12,2.82455406048374e-10,"EPDR1"
85.0334381358898,0.0302460273406082,0.00444312574168094,6.80737595537087,9.93949459081741e-12,2.88988205210746e-10,"FBXL13"
1984.56838537558,-0.0163719357713676,0.00240576389089108,-6.80529616117211,1.00841568255258e-11,2.92756618527318e-10,"VPS8"
676.816545667118,-0.0118218679802245,0.00173758011495241,-6.80363908316727,1.02008911881931e-11,2.95264188246344e-10,"STRIP1"
276.703416698111,0.0366283724504906,0.0053835011280457,6.80381996386566,1.0188084794923e-11,2.95264188246344e-10,"SPRYD3"
534.758439468911,-0.0127757160362712,0.00187790156832665,-6.80318726590941,1.02329488835431e-11,2.95751989203264e-10,"KHSRP"
4.05432969269968,0.130217025086297,0.0191469263947967,6.80093621301454,1.03941439826814e-11,2.99965125529874e-10,"CFAP69"
10.5449141051205,0.0925272080560531,0.0136071206589,6.7999108977941,1.04683875824956e-11,3.01660158321661e-10,"WNK3"
17.5910173056547,0.0592160556363603,0.0087119435933448,6.7971119190437,1.06737179965911e-11,3.07122024780612e-10,"LINGO3"
156.662809045423,-0.0663941948647016,0.00976854008079633,-6.79673669919457,1.07015419375599e-11,3.07467787632908e-10,"CD109"
334.275630968339,-0.0217222489011268,0.00320063103943952,-6.78686441312858,1.14596811800143e-11,3.28764393263214e-10,"BOP1"
7.0353342118951,0.0871815916743419,0.0128485143609525,6.78534414370061,1.15810114143413e-11,3.31755895464437e-10,"ALOX12B"
43.3163279029831,0.0497329114274549,0.00733483271247882,6.7803743284893,1.19864903928047e-11,3.42866506809476e-10,"KDF1"
597.784892974241,-0.0117676430400914,0.00173661415649082,-6.77619895939941,1.23378746086517e-11,3.52399411178979e-10,"VAMP7"
1437.48228493909,-0.0173310035965472,0.0025581674742642,-6.7747728680399,1.24601855218929e-11,3.5438966559101e-10,"IP6K2"
19.450925317473,-0.0743734426869173,0.0109780360983544,-6.77474932862223,1.24622143470387e-11,3.5438966559101e-10,"LRP5"
13.5152559680511,-0.0807872311033905,0.0119246831176355,-6.77479060084322,1.24586573733056e-11,3.5438966559101e-10,"MEX3B"
225.693894622312,0.0206228083464619,0.00304646158804152,6.76942996012619,1.29290784289926e-11,3.6659402991594e-10,"ZNF621"
1090.91301760254,-0.0186722301364441,0.00275830498779359,-6.76945813427989,1.29265611132462e-11,3.6659402991594e-10,"ING3"
22.8676562590269,0.0681464050097382,0.0100675598166835,6.76890986997751,1.29756339909197e-11,3.67378539675953e-10,"ENSG00000249684"
175.893184651148,0.0329262652986199,0.0048655775758921,6.76718535159372,1.3131181140476e-11,3.71242157504939e-10,"POC1B-AS1"
136.854007954416,-0.0300011053760105,0.00443352180505514,-6.76687894977825,1.31590082291312e-11,3.71488924622395e-10,"TWNK"
2680.64482128819,-0.0871321945555384,0.0128779408758151,-6.76600361779683,1.32388235368677e-11,3.73200516834222e-10,"RGS1"
206.686565855439,0.0399254572565882,0.00590131598487557,6.7655176165643,1.32833430557882e-11,3.7391361183522e-10,"ACACB"
7.90600147153665,-0.171745682843968,0.0253898583488079,-6.7643419070919,1.33916497292168e-11,3.76417599541902e-10,"NDN"
1081.60951280165,-0.012035389089595,0.0017795612800222,-6.76312146409752,1.35049921247178e-11,3.79055702478911e-10,"NCBP3"
29.1619717989143,0.0512245348296692,0.00757724798889216,6.76030861135356,1.37698116508435e-11,3.85931709539706e-10,"ENSG00000284602"
5.81597105937964,-0.128303708618636,0.0189813584928429,-6.75945869032579,1.38508243384733e-11,3.87643718284381e-10,"LINC00494"
3.32882542846356,0.108508882300011,0.0160553845616002,6.75841066800313,1.3951362532514e-11,3.89896483649325e-10,"ENHO"
180.469838083356,0.0406206847340005,0.00601138686332775,6.75729006592564,1.40596541141808e-11,3.92359156635482e-10,"HYI"
754.509520081064,-0.0180583920899994,0.00267285610384765,-6.75621559424913,1.41642607076693e-11,3.94712084562859e-10,"RIOK1"
512.542952202193,0.0176675629637332,0.00261555813326471,6.75479651514408,1.43035858875868e-11,3.98024390700215e-10,"ZNF251"
1806.1883161526,-0.0210431376266526,0.00311564174532635,-6.75402993884601,1.43794057875417e-11,3.99562602819249e-10,"PCMTD2"
4072.58606866501,-0.0227463508125231,0.00336919915123234,-6.75126336898288,1.4656327213784e-11,4.06676491633826e-10,"FAM117B"
449.539986944285,0.0272770100309855,0.00404158560265473,6.74908630243253,1.48779078920972e-11,4.12236732776614e-10,"LYRM9"
40.2821006658226,0.0570718474648501,0.0084592526240344,6.74667727769446,1.51269216626086e-11,4.18540189558179e-10,"ENSG00000257759"
14.0973721955125,-0.0792078703832365,0.0117460296660939,-6.74337394293139,1.54750242558145e-11,4.27563489772512e-10,"SOGA1"
3675.12745228969,-0.0152381980429092,0.00225990748366587,-6.74284153357942,1.55318583659887e-11,4.28525073867868e-10,"IQGAP1"
145.28243754533,0.0382732798945637,0.00567992322659632,6.73834458102329,1.60201289757126e-11,4.41370437261454e-10,"SPATA6"
25.7350509932197,0.06772052629401,0.0100507771653067,6.7378397889238,1.60758678858616e-11,4.4227964108613e-10,"LINC02917"
1140.81972468909,-0.0127481732629747,0.00189259545624849,-6.73581521126773,1.63013353971728e-11,4.47849258206792e-10,"EIF4E2"
157.439323898594,0.111511983152493,0.0165608196411299,6.73348213246318,1.65650011536731e-11,4.54451110634832e-10,"TMEM45B"
30.3170618297377,0.052207846003901,0.00775382270183344,6.73317510749326,1.66000081027092e-11,4.54564374166324e-10,"WNT10A"
1058.0199032771,0.0250113605522486,0.00371472241893664,6.73303620877498,1.66158691086451e-11,4.54564374166324e-10,"POU2F2"
781.683613429463,-0.0551069273942741,0.00819176653430083,-6.72711156543934,1.7306404875824e-11,4.72790563538837e-10,"MIR181A1HG"
8.55576558930059,0.0796646813727299,0.0118487049646438,6.72349270324875,1.77419372639268e-11,4.84009006620813e-10,"ENSG00000289376"
61.1020120596315,0.0480806337975265,0.00715222656532285,6.72247073808353,1.78668627545746e-11,4.86734380166989e-10,"LINC00173"
301.461204431943,0.0263774690204062,0.0039249595642109,6.72044350747582,1.81172265471517e-11,4.9286457841769e-10,"USP38-DT"
35.6493910736701,0.0421290792280515,0.00626954853642449,6.71963523103653,1.82180040608166e-11,4.94223705700061e-10,"RAD9B"
14.8780753777311,0.125047307727677,0.0186088889899525,6.71976214137196,1.8202144379632e-11,4.94223705700061e-10,"RFPL2"
9857.17608148862,-0.0112401007221903,0.00167286721797258,-6.71906329530005,1.82896455570253e-11,4.95476177896517e-10,"ARPC2"
2048.14981198494,0.0165501478138766,0.00246420070215775,6.7162337058766,1.86481623196471e-11,5.04485960054877e-10,"GMDS-DT"
70.7667840653549,0.0561125411640709,0.0083578948943654,6.71371701526182,1.89728095484319e-11,5.12555720175762e-10,"AMN"
251.983909215982,-0.0457300183289754,0.00681358398397412,-6.71159531261882,1.9250798269076e-11,5.19344351084324e-10,"BCL7A"
205.75525324805,0.0615871784417742,0.00917871718766775,6.70978059161916,1.94917269950133e-11,5.25115764238232e-10,"F5"
1999.81830804557,-0.0463621703982876,0.00691078022328881,-6.70867382557625,1.96401118736316e-11,5.28381488318131e-10,"SAMD3"
28.7140641427882,0.049336202296125,0.00735952571478195,6.70372034940118,2.03178931395492e-11,5.45860966101343e-10,"NUDT16-DT"
1053.24717924877,-0.0341756003241493,0.00510134132431598,-6.69933614542677,2.09368481446509e-11,5.61713976912559e-10,"PELI2"
35.198513338617,-0.0692134890826363,0.01033363212938,-6.69788591427138,2.11456241023906e-11,5.6653379396088e-10,"GAS7"
596.634927359106,-0.0196206404460717,0.00293157372699488,-6.69286952103525,2.18836253554452e-11,5.85499858031313e-10,"NRAS"
1130.29021285811,-0.0193365094861374,0.00288984458850972,-6.69119355519016,2.21357645910019e-11,5.91432358598321e-10,"EIF4G3"
423.929927948604,-0.0140113220429176,0.0020942706815496,-6.69031093561904,2.22696905859917e-11,5.94194446622943e-10,"WDR5"
14.7220530124707,0.0695320357483594,0.0103957386945041,6.68851322562763,2.25449275158945e-11,6.00714226180363e-10,"MAMDC2-AS1"
185.235045936156,-0.0208437764759348,0.00311866019105117,-6.68356768581103,2.33194075931135e-11,6.20500406420863e-10,"ZNF562"
2864.17461489725,-0.0195019359382586,0.0029182927830806,-6.68265228606433,2.3465590309048e-11,6.23537154509964e-10,"ACTN1"
268.360530790187,-0.0234976544303974,0.00351852699600835,-6.6782646422934,2.41788135483744e-11,6.41612690763207e-10,"RCC1"
122.702207187763,-0.0312813110752119,0.0046848299375157,-6.67714975621932,2.43633962343223e-11,6.45630000209541e-10,"SLC19A1"
529.593403484092,-0.015393674419836,0.00230623318236344,-6.67481265015033,2.47548199353418e-11,6.5488415775852e-10,"PRKAG1"
41.8143286616665,0.0447353066971626,0.00670225611605732,6.67466386281261,2.47799465379811e-11,6.5488415775852e-10,"DNAJA2-DT"
114.64858292971,-0.0263777717442261,0.00395305598291029,-6.67275441032495,2.51046317397656e-11,6.62564710950041e-10,"CTNS"
662.825086587246,0.023259329195746,0.00348604920316618,6.67211729961265,2.52138904484513e-11,6.64546589583776e-10,"ABHD14A"
631.763017175806,0.0216311990348018,0.00324368817036703,6.6687048503661,2.58070652909793e-11,6.7926011769261e-10,"DDB2"
38.5279730207012,-0.0886540051636811,0.0132977236054629,-6.66685575621838,2.61341714414797e-11,6.86940227984082e-10,"DNAH14"
34.0257086688366,0.0497375885802238,0.0074638263743598,6.66381907691281,2.66801881599863e-11,7.00345937786632e-10,"PCCA-DT"
1173.56915997538,-0.0480223445118531,0.00720719750436964,-6.66310927135516,2.68094175529896e-11,7.02789731567655e-10,"EPHA4"
56.120271544238,0.0337477027421595,0.00506557142708223,6.66217093726742,2.69811942830015e-11,7.06340794076262e-10,"CASC19"
100.917321350528,-0.0701136927738133,0.0105348451700045,-6.65540799531117,2.82515240091617e-11,7.38602679438446e-10,"SPRY1"
652.175680411578,0.0233467830357342,0.00350854937420894,6.65425523361721,2.84738179998257e-11,7.43415079080013e-10,"MEI1"
600.515814188426,-0.020381216488853,0.00306300781114798,-6.65398776153116,2.85256404455601e-11,7.43769748400255e-10,"TSSC4"
448.839256615011,0.013849696652027,0.00208197450093963,6.65219321647619,2.88757270550737e-11,7.51889915593358e-10,"PCYT1A"
9.26286717057457,0.114692485605382,0.0172520469630784,6.64805085743384,2.96999693682863e-11,7.72318321099648e-10,"LCN10"
3074.50121695055,0.0264303361088733,0.00398002954221498,6.64073867506124,3.12114980024251e-11,8.10540517550295e-10,"PCNX1"
269.096004472133,-0.0594661348554014,0.00895838011550767,-6.63804550472924,3.17869743815328e-11,8.24384584926927e-10,"ABCA1"
27.8417197533667,-0.10631673794541,0.0160299340750838,-6.63238772208452,3.30299574285512e-11,8.55480295529627e-10,"PDLIM1"
15.0648459398506,0.0806517254695931,0.0121664391816617,6.62903288837034,3.37893300104027e-11,8.73984385681307e-10,"LARGE1"
319.407742653777,0.0228001378729627,0.00343992045052206,6.62810032990804,3.40034336592133e-11,8.7835430027272e-10,"CCDC102B"
564.516179210415,-0.0204028892520493,0.00308011246379335,-6.62407281938073,3.49434484065733e-11,9.01439011878325e-10,"TP53"
4.92040196545268,0.129051806510716,0.0194935907670742,6.62021728334893,3.58671266693162e-11,9.2404169648327e-10,"ENSG00000249109"
1358.67061366319,-0.0211300129294715,0.00319303874525439,-6.61752475157896,3.65263074688686e-11,9.39779373779052e-10,"MIS18BP1"
56.6892954338965,0.0765860938229718,0.0115756871872193,6.6161163984744,3.6875805192599e-11,9.4751821241908e-10,"MCOLN2"
25.0585054527417,0.0571161020256504,0.00863374451641549,6.6154496368354,3.70424084742667e-11,9.50543386850872e-10,"ZFR2"
18.1338851372186,0.0798983817220388,0.0120805886931658,6.61378213855081,3.74622962671216e-11,9.60051547683507e-10,"COL9A2"
836.259412881975,-0.0121855475332477,0.00184263530636547,-6.61310867709534,3.76331958201716e-11,9.63162226181787e-10,"CNOT10"
20.3202863350644,-0.160448999482462,0.0242694431722328,-6.61115289476587,3.8133837226392e-11,9.74692861879831e-10,"ANKRD30BL"
519.862891806106,-0.0286386081707865,0.00433597784491304,-6.60487880591578,3.97842674488171e-11,1.01554302643955e-09,"CTPS1"
4.97812465073951,-0.117620613469065,0.0178123536904332,-6.60331674933214,4.02059208462354e-11,1.02496116170396e-09,"LINC01091"
673.713165561595,0.0174677256460961,0.00264595316263417,6.60167605865939,4.06535085270326e-11,1.03484958851914e-09,"UBA7"
4.69517108777654,0.124547495316913,0.0188665280263266,6.60150585964294,4.07002177377585e-11,1.03484958851914e-09,"LINC03060"
383.471829489169,0.0211315429107296,0.00320115450020043,6.60122556078016,4.07772570934923e-11,1.0354548664824e-09,"FAM227B"
357.078931578926,0.0202634858778006,0.00307040586710296,6.59961150247538,4.12236607852099e-11,1.04542558791801e-09,"SLC2A11"
333.935105305228,0.0212426432388516,0.00321960586980386,6.59790176123193,4.17017428690854e-11,1.05617265696169e-09,"TMCO4"
735.727212776842,-0.0136368978669452,0.00206724640738614,-6.59664847800508,4.20556306053799e-11,1.06375041730201e-09,"GTF3C1"
39.3070158727752,0.0560971334113879,0.00850809021587574,6.59338723356659,4.29903320687664e-11,1.08496195789917e-09,"ENSG00000286644"
1886.80106660421,-0.010901873892435,0.00165346910939816,-6.59333387631485,4.30057924806058e-11,1.08496195789917e-09,"RBM4"
893.435884814015,0.0203266466408512,0.00308398977376761,6.59102271147249,4.3680705310397e-11,1.10056139765872e-09,"BBIP1"
63.3684769700877,0.0528162375054265,0.00801649886155925,6.58844196419602,4.4446592122096e-11,1.11840965506713e-09,"SYT9-AS1"
158.556886272967,0.0257586536643109,0.00391195321586857,6.58460166645721,4.56106541258312e-11,1.14621813100974e-09,"PPIP5K1"
4.67074272513282,-0.126226811037939,0.0191777937574848,-6.58192556631677,4.6439407853134e-11,1.16553925438879e-09,"ENSG00000286965"
816.011624808404,-0.0119397785367387,0.00181458457420629,-6.57989641621484,4.70776127078014e-11,1.18003433605599e-09,"PRAF2"
732.649057088691,0.0347568740684453,0.00528412473372278,6.57760288030869,4.78093051417417e-11,1.19683242511199e-09,"PAM"
66.2262674390285,-0.0672482294817065,0.0102244163384822,-6.57721939868592,4.79327257121018e-11,1.19722837712002e-09,"FGFBP2"
312.544131198991,0.0201173761189457,0.00305866688959081,6.57717131192308,4.79482240386868e-11,1.19722837712002e-09,"ACSS2"
798.869741424589,-0.0157595423520944,0.00239645672753808,-6.57618481944569,4.82672539000314e-11,1.20364917385835e-09,"EI24"
6.79645581077502,-0.100361354111018,0.0152640345359517,-6.57502142534037,4.86461627290394e-11,1.2107896645698e-09,"ENSG00000250240"
1169.57635439822,0.0160334599229897,0.00243857729794213,6.57492380353086,4.86780894398016e-11,1.2107896645698e-09,"TMX4"
103.351277127922,-0.032994825026345,0.00501850599235303,-6.57463099109994,4.87739752455072e-11,1.21162527777824e-09,"KPTN"
9.56777258911244,-0.147557162614642,0.0224450790379748,-6.57414315026426,4.89341365437868e-11,1.21405343101173e-09,"IGFBP2"
1903.35230374775,-0.0174713700438414,0.00265850663473175,-6.57187377890607,4.96859750438905e-11,1.23113617908116e-09,"PSMA4"
143.943328987245,0.0334661018457174,0.00509356239666789,6.5702742480607,5.0222674238743e-11,1.24285144607861e-09,"ZNF19"
390.755274207293,-0.0242627761443575,0.00369324075805857,-6.56950838945895,5.04816506818387e-11,1.2476729192026e-09,"MOB1B"
14.4131914426274,0.158543471530789,0.0241349193735247,6.56904914729926,5.06375703206013e-11,1.24993829988073e-09,"MYO16"
601.457895304896,0.0163089145579957,0.00248445785332843,6.56437561866732,5.22513377112386e-11,1.28813785782168e-09,"ZBTB4"
4.59791461586376,-0.125577023607076,0.0191375508636158,-6.56181266359544,5.31575737892923e-11,1.30882021237408e-09,"HHIP-AS1"
10.2278439206984,0.0696551565443262,0.0106241771980404,6.5562871595528,5.51639586813367e-11,1.35650336322463e-09,"SLC46A1"
29.6722741995837,-0.0492451444339625,0.00751309683395151,-6.55457336998838,5.58011748548580e-11,1.37044021730031e-09,"MINDY4"
4.555018085344,0.111730546115597,0.0170489517438649,6.55351412768257,5.61986136073956e-11,1.37674360613016e-09,"ENSG00000286285"
154.672806306033,0.0329170194177261,0.00502280596245576,6.55351205357578,5.61993945435888e-11,1.37674360613016e-09,"UBAC2-AS1"
13.0181647269037,-0.0853862096554067,0.0130336755068349,-6.55119959144526,5.70767116504566e-11,1.39647687838117e-09,"ENSG00000290944"
1047.1437384316,0.0223323423887647,0.00341059872753579,6.54792433025393,5.83422655484807e-11,1.42564749646168e-09,"TMEM161B-DT"
260.536933298145,-0.04062470374786,0.00620671789934455,-6.54527955139546,5.93841964757285e-11,1.44928733456637e-09,"LMO4"
194.808558085021,-0.0232139445990979,0.00354787704277004,-6.54305217437113,6.02757893949935e-11,1.4692034831103e-09,"LETM1"
218.385831158063,-0.0260381208663582,0.00397977069186342,-6.54261837738359,6.0450950253379e-11,1.47162882775779e-09,"CCDC86"
558.740042595077,-0.0157342139011841,0.00240636381117267,-6.53858482583998,6.21036586835551e-11,1.50997283131729e-09,"MRPS2"
74.6571536121637,-0.0606001818390311,0.00926841586262647,-6.5383537744991,6.21996563730326e-11,1.51041887155038e-09,"PTMS"
3324.65652187807,0.0430425965988623,0.00658520218975523,6.53626044555242,6.30760373087705e-11,1.52979052580161e-09,"SESN3"
129.520989973342,0.0303440389767395,0.00464296010092864,6.53549423581529,6.33998240649222e-11,1.53572849051905e-09,"ENSG00000236514"
7.45266192041984,0.0920843530629669,0.0140957212600097,6.5327876001787,6.45566671820086e-11,1.56180563850404e-09,"LINC00824"
1823.98743655168,-0.0184411719039883,0.00282351803597045,-6.53127469669234,6.52122659175868e-11,1.57570656442606e-09,"CAND1"
9.73344466333842,-0.110470684980973,0.0169260962149072,-6.52664876639891,6.72575126824614e-11,1.62310903124883e-09,"DLG5"
517.125014756389,-0.0151485590114453,0.00232254601063005,-6.52239350355682,6.91941911181898e-11,1.66777721368018e-09,"MYNN"
8.56174372305444,-0.104702767412315,0.0160553127535756,-6.52137825150725,6.96642560103934e-11,1.67702901442842e-09,"ENSG00000289958"
8.30769690745627,0.0947793343015857,0.0145349445300095,6.52079091914662,6.99376171723247e-11,1.68152854341024e-09,"ENSG00000289041"
36.2007288540579,0.0535545818421946,0.00821650884691079,6.51792419871,7.12869980473812e-11,1.71185604817236e-09,"ENSG00000288064"
128.555366109309,-0.0301015588101297,0.00461880295335586,-6.51717752719003,7.16426192683577e-11,1.71827446040546e-09,"GTF2IP1"
184.709782811928,-0.0657901703231409,0.0100987106507649,-6.51470990686893,7.28302709662843e-11,1.74460788246945e-09,"RHOBTB3"
85.9561317946072,-0.030797828105975,0.00472799970858036,-6.51392343575723,7.3212825301783e-11,1.75161459402827e-09,"DHRS11"
375.288735403784,-0.0179933642367911,0.00276268886716088,-6.51298973643827,7.36695460261425e-11,1.76037633876474e-09,"TAF5L"
1866.83262995012,0.0174029080679266,0.00267324003917926,6.51004317340305,7.51292090565912e-11,1.79154750346002e-09,"CREBZF"
22.8360633373729,0.0614173049322691,0.0094343233447034,6.50998515614263,7.51582315985491e-11,1.79154750346002e-09,"AMDHD1"
126.646858544267,0.0466556376560556,0.00716705436788242,6.50973681253663,7.52825869081585e-11,1.79231529736914e-09,"EOGT"
2403.36451166305,0.0136233230851773,0.00209291076885467,6.50927086233714,7.5516449449861e-11,1.79568515678392e-09,"OFD1"
160.121342795441,0.0485063006481779,0.00745213080957737,6.50905115431392,7.56269682395645e-11,1.79611741053452e-09,"ELAPOR1"
184.032076090294,-0.0286850484598365,0.0044075785996602,-6.50811955163952,7.60973481744684e-11,1.80508477968486e-09,"NTHL1"
217.525217133268,0.0444478717484761,0.0068369673041836,6.50110930343021,7.97298722851451e-11,1.88894731524769e-09,"ENSG00000241490"
7.6786064026558,0.0866964010901719,0.0133372161939139,6.50033708906461,8.01402330386642e-11,1.89635969931272e-09,"FANK1"
33.7993554994177,0.0844795229931004,0.0130037060560795,6.49657279461531,8.21703653272278e-11,1.94203617980548e-09,"TMOD1"
7410.41105009819,-0.019735458384992,0.0030389227870563,-6.49422830650761,8.34601004278193e-11,1.9701242881329e-09,"OSBPL8"
610.061388731585,0.087070070066641,0.0134107845648549,6.49254110716401,8.44004786246497e-11,1.98990752694311e-09,"LINC00402"
861.014673921021,0.0193764143045541,0.00298688398965834,6.48716668328671,8.74655582936571e-11,2.05938515951414e-09,"FER"
5.51094898699371,0.0853104959703307,0.0131509822782003,6.48700562175843,8.75590728969306e-11,2.05938515951414e-09,"PCOLCE-AS1"
1196.57230802769,-0.0132625365965004,0.00204487687175994,-6.48573847142488,8.82982162578369e-11,2.07426159955457e-09,"STRBP"
49.2123909486459,0.0365848023052396,0.00564442537722055,6.4815813586422,9.0766200886693e-11,2.12966631296389e-09,"ZRANB2-DT"
4.88390940967848,-0.134379907586707,0.0207454152241693,-6.4775713638235,9.32106920370809e-11,2.18438695278706e-09,"PLS3"
431.537439549502,-0.0152283565444212,0.00235152663401071,-6.47594474337211,9.42205261533234e-11,2.20539525175486e-09,"CHUK"
695.914200476449,0.0108918040218075,0.00168231462563896,6.47429669564378,9.52545691337095e-11,2.22691901949493e-09,"GOSR2"
39.4699066879662,0.0464091254378701,0.00717117329779261,6.47162235671469,9.69561987319258e-11,2.2639796176887e-09,"KCNH2"
598.173661967717,-0.0178677870674024,0.00276163951117515,-6.46999255156194,9.80077483711575e-11,2.28578982442132e-09,"WDFY1"
198.675077531917,-0.050434957310027,0.00780304769641397,-6.4634946846737,1.02312131065063e-10,2.38332127107371e-09,"SWAP70"
138.73050065495,0.0365731312305426,0.00565925711022622,6.46253218721151,1.0296523491446e-10,2.39566600995354e-09,"ASB13"
26.9302925562067,0.0533019544580212,0.00824816551240106,6.46227993095944,1.03137076665338e-10,2.3967972260663e-09,"GARNL3"
489.373778916492,0.0219819227949087,0.0034061142843703,6.45366566112522,1.09176533813706e-10,2.53412023772124e-09,"MIR29B2CHG"
202.759485768968,0.025428138625842,0.00394048279844211,6.45305154888512,1.09620049953752e-10,2.54138211162149e-09,"BDNF-AS"
1793.64964438999,0.0182031319202376,0.00282137703891247,6.45186080030418,1.10485040856928e-10,2.55277634880545e-09,"ZC3H6"
1942.32962675949,-0.0146556675160997,0.00227155094123625,-6.45183308463408,1.10505253493095e-10,2.55277634880545e-09,"PSMB7"
489.890014314406,0.0344189400427885,0.00533470779094912,6.45188853664745,1.1046481676221e-10,2.55277634880545e-09,"LIMA1"
1169.29768555707,0.011068677558225,0.00171748023579842,6.44471902937467,1.15814768224573e-10,2.67225748130031e-09,"PRPF3"
75.5824267754168,-0.0763249369035939,0.0118438085625763,-6.44428998495999,1.16142834638057e-10,2.67665198642755e-09,"ZNF704"
73.2336177091888,0.0469336987640103,0.00728744557444058,6.44034981593851,1.19198451393234e-10,2.74382139414176e-09,"ENSG00000287621"
1039.13537185739,-0.0139757031609227,0.00217038880463455,-6.4392624635179,1.20055441151629e-10,2.76028177995312e-09,"IFT20"
176.016814164829,0.0229600996198777,0.0035673367628786,6.43620189122556,1.22500072656619e-10,2.81316282555361e-09,"NDRG2"
44.2742061196035,0.040712903078125,0.00633401937677373,6.42765685678441,1.29585852329798e-10,2.97237548781474e-09,"MYO1C"
74.2278677876317,0.0331034265059866,0.00515370007831736,6.42323495797889,1.33408330506009e-10,3.05644927758821e-09,"ENSG00000225032"
91.4856173302979,0.054095040519287,0.00842243250348887,6.42273363388533,1.33848589888209e-10,3.06292814343006e-09,"C1QTNF7-AS1"
41.226033056268,-0.0774940308040332,0.0120684046712712,-6.42123237618204,1.35175494181957e-10,3.08965750567949e-09,"WEE1"
2641.98030812115,-0.0119982126068012,0.00186918210513527,-6.41896398100437,1.37204864195789e-10,3.13236128341819e-09,"ABHD17A"
39.8512234382928,0.0541951969052493,0.00844764137458564,6.41542348948348,1.40431930041872e-10,3.2022760506969e-09,"APOA1"
2146.55961944337,-0.0245372816857374,0.00383060346612424,-6.40559167836914,1.49787345657371e-10,3.41160850161771e-09,"ARAP2"
11.8664531932388,-0.152125485517079,0.0237549890138532,-6.40393836546771,1.51419258163106e-10,3.44474384857378e-09,"ZNF423"
11.5581003010402,0.107786071388367,0.0168370779795,6.40170886656237,1.53647436791386e-10,3.4913508096136e-09,"L3MBTL4"
1587.21335213857,0.0112805390780641,0.00176222748648602,6.40129561283719,1.54063951200762e-10,3.49673035566629e-09,"ZNF33A"
902.468904809682,0.0108890113485179,0.00170290361465864,6.39437913854017,1.61200995161834e-10,3.65445286351145e-09,"ORC3"
1173.53000171304,-0.0123757561858222,0.00193571555995434,-6.39337537076682,1.62263260434816e-10,3.67425224530571e-09,"SNX5"
228.636450517586,-0.019696271439088,0.00308128018427771,-6.39223642808875,1.63476863120367e-10,3.69742844715612e-09,"TMEM115"
544.022526501731,0.0187323922760884,0.00293069353429439,6.39179499899449,1.63949609841636e-10,3.70381400816452e-09,"DCUN1D4"
819.752988944201,0.0121937516945267,0.00190781744107499,6.39146672632153,1.64302037967792e-10,3.70746976857484e-09,"TCTA"
865.301575398118,0.0106389562010293,0.00166641980273786,6.38431935551285,1.72161475384457e-10,3.88031617346822e-09,"PEX16"
642.096722916952,-0.0132986583399213,0.00208324219374002,-6.3836352680849,1.72932698586747e-10,3.89318740765142e-09,"ANAPC10"
437.01865889286,0.0298108778740334,0.00467077791779161,6.38242245697014,1.74308297336288e-10,3.91961929651807e-09,"MCRIP2"
127.789263438491,0.0305620514127813,0.00478884546543252,6.38192475271719,1.74875893941457e-10,3.92784181646106e-09,"ARRDC5"
2680.84274289242,-0.0225625918271379,0.00354506505463693,-6.36450713298651,1.95917817628441e-10,4.3953834725384e-09,"TUBB"
19.0749162114464,0.0718633796946885,0.0112991533980531,6.36006762303723,2.01664947417535e-10,4.51910701868488e-09,"ENSG00000214999"
67.539895150406,0.0712824110119793,0.0112112085145191,6.35813801158591,2.04213957152001e-10,4.57096165772563e-09,"FBXO2"
42.1093619486076,0.0800757691956445,0.0125981344775895,6.35616085366366,2.06858417111529e-10,4.62483111636362e-09,"TEPP"
109959.802232027,-0.0201888083163024,0.00317682056540911,-6.3550357663032,2.0837813133981e-10,4.6534592797826e-09,"RPS24"
48.2997302321903,0.0628783661421068,0.00989614210020551,6.35382611783646,2.10024233852905e-10,4.6848410237074e-09,"CDC42BPB"
102.483510310011,0.0310885960592592,0.00489401936733156,6.35236473864019,2.12029843086056e-10,4.72416091393685e-09,"FAM66C"
991.627593397544,-0.015792377736406,0.00248618375288418,-6.35205572318839,2.12456328647809e-10,4.72824719511274e-09,"NOB1"
7069.97943431106,-0.0406009819967551,0.00639241753039034,-6.35142836082485,2.13324757751332e-10,4.74214841488132e-09,"ITM2A"
149.237707795376,-0.058372253217759,0.00919220180778152,-6.35019274363024,2.15045318491219e-10,4.77493891549395e-09,"CHST2"
403.524661628883,-0.017820322156073,0.00280720650659138,-6.34806242940466,2.18043604681327e-10,4.83599333484207e-09,"KDM4A"
1348.43937512334,-0.012359999609543,0.00194750374791449,-6.34658578848893,2.20145808513708e-10,4.87705708587714e-09,"HECTD4"
1408.30280039799,-0.00983514798122258,0.00154977067086825,-6.34619570888671,2.20704438756492e-10,4.88387035068548e-09,"UIMC1"
1567.72701710891,-0.0158465747330922,0.00249887301397977,-6.34148860083714,2.27555597439755e-10,5.02975446113713e-09,"ZNF280D"
118.76032545804,-0.0561927678174694,0.0088624967017263,-6.34051212752765,2.29002645080422e-10,5.05599369972678e-09,"TSPAN2"
24.2734080262384,-0.0544876121835705,0.00860348448452784,-6.33320281817894,2.4012357732076e-10,5.28505831849412e-09,"CLIP2"
601.867531982666,0.0211041258331445,0.00333232247984156,6.3331583185034,2.40192872014231e-10,5.28505831849412e-09,"SGK3"
16552.9936182746,0.0186196200943127,0.00293999824766661,6.33320788850487,2.40115683071423e-10,5.28505831849412e-09,"VIM"
24.1677797135271,0.0579422787757945,0.00915556938237233,6.32863739609179,2.47335565698978e-10,5.4360724162834e-09,"RAB20"
30.0776533932862,0.102940188603984,0.0162663344577682,6.32841952630718,2.47684972158657e-10,5.43760766755986e-09,"LINC00381"
716.619470041676,0.0156403944099814,0.00247245649332109,6.3258522251984,2.51838741526608e-10,5.52256523273286e-09,"THAP6"
35.165513672921,-0.0500493795775233,0.00791499447516691,-6.32336254113025,2.55931876213574e-10,5.60600329305206e-09,"DNAH11"
163.579186895827,0.0208058928741883,0.00329368290843892,6.31690829159068,2.66847825925963e-10,5.83853437804938e-09,"SEPTIN7-DT"
34.4866292163151,0.0451817814589813,0.00715597786293908,6.31385148534044,2.72175148162173e-10,5.94840315382294e-09,"SLC27A3"
625.737354237263,-0.0136152274783181,0.00215752313163867,-6.31058238897172,2.77987376644965e-10,6.06861106972078e-09,"ZCCHC10"
20.9406283298196,0.0530507884971813,0.00841331399698082,6.30557572393221,2.87124579829809e-10,6.26105403841885e-09,"TIGD4"
195.582750682809,-0.0211467227719861,0.00335568806926805,-6.30175461350277,2.94294839277872e-10,6.41022275340862e-09,"CLN6"
6111.89029418288,0.0147369386400857,0.002339082701654,6.3003067953369,2.97057078341135e-10,6.46315126489196e-09,"MPHOSPH8"
4.39174134259102,0.109532445096259,0.0173910858042127,6.29819473777345,3.01132051600767e-10,6.54449110132572e-09,"ENSG00000223492"
13.5528495178411,0.0535426940432998,0.00850309651083641,6.29684656349185,3.0376168786117e-10,6.59427298056654e-09,"CCDC196"
74.3344725896032,0.0461865630052357,0.00733707662372834,6.29495443128764,3.07490176851513e-10,6.66777193973107e-09,"KCNK12"
4.67303692459152,0.101625611749189,0.0161449462509853,6.29457727324343,3.08238698750663e-10,6.66913340311362e-09,"ANKRD35"
453.106747699276,0.0178729762632532,0.00283940020627952,6.29463089554124,3.08132169544414e-10,6.66913340311362e-09,"CBX7"
427.757685987346,0.025292824377285,0.00401973466667529,6.29216266112524,3.13073160271871e-10,6.76620671160908e-09,"ENSG00000259363"
47.8571348501833,0.0367308246455995,0.00584257292673177,6.28675501465175,3.24170319969717e-10,6.99826514287565e-09,"TMCO1-AS1"
1746.82580314245,0.0134847101606193,0.0021453817593738,6.28545950001704,3.26885377030154e-10,7.04124858096737e-09,"DGKD"
577.408908419479,0.017420920602639,0.00277156321851517,6.28559380722769,3.26602876154779e-10,7.04124858096737e-09,"BTD"
219.111457987233,0.0233179487719679,0.00371057642829388,6.28418501076111,3.29578030732468e-10,7.09139632276242e-09,"C7orf31"
38.6826357759224,-0.0660722726274322,0.0105173695169755,-6.28220511990081,3.33804015761898e-10,7.17438885147479e-09,"PINLYP"
1750.6866908139,-0.0195160731859883,0.00310695343379487,-6.28141798770094,3.35498770805441e-10,7.18698963759542e-09,"OSTC"
574.842531775349,0.0331120428676836,0.00527121719699438,6.28166922936963,3.3495691775942e-10,7.18698963759542e-09,"ARL2"
331.738776765904,0.0334540215233098,0.00532574218891732,6.28156984258953,3.35171163057338e-10,7.18698963759542e-09,"APH1B"
707.236800392452,-0.014947320080046,0.00238024041915341,-6.27975222997113,3.39113020885671e-10,7.25642174834675e-09,"HPRT1"
86.4155616529104,0.0887455991785359,0.014134295849078,6.27874215497797,3.41323099406281e-10,7.29568747972701e-09,"ENSG00000287426"
234.243796994293,0.0364293472054109,0.00580229551292377,6.27843706413605,3.41993409522497e-10,7.30199100836673e-09,"ADAM8"
1731.89923950009,-0.0131635395945206,0.00209671409529289,-6.27817575322868,3.4256855316768e-10,7.30625101717604e-09,"CAPZA2"
321.513206118924,-0.0167199473864052,0.00266398860808285,-6.27628336535487,3.46761962983644e-10,7.38758701204257e-09,"ANKRD52"
3858.09108213533,-0.0145866584287595,0.00232421907794038,-6.27593954769768,3.47529202183163e-10,7.39583206965503e-09,"BBLN"
2068.0393298835,-0.00881466069776843,0.00140455659519758,-6.27576042710367,3.4792957145148e-10,7.39626021235271e-09,"PSMF1"
1706.38126618724,-0.0128281950319389,0.0020442432674898,-6.27527811192994,3.49009879590201e-10,7.41112572915829e-09,"ZNF428"
938.606389604215,-0.0190998921453611,0.00304384376010619,-6.27492527563069,3.49802249434227e-10,7.41985120364793e-09,"EIF6"
4714.64682345574,-0.0181729153463044,0.00289674211147962,-6.27357032380833,3.5286144070748e-10,7.4765881080623e-09,"SPTBN1"
173.410441272942,-0.0332938781882476,0.00531340924809897,-6.26601050919606,3.70415345917606e-10,7.83998791451943e-09,"PPFIBP1"
224.676660255434,-0.0867542237091469,0.013854103424633,-6.26198758953219,3.80101196785984e-10,8.0362482377002e-09,"ADAM23"
643.181502446698,-0.0160309712338081,0.00256148084460039,-6.25847789086592,3.88752995892113e-10,8.21024378186482e-09,"BRD3"
3678.27731786339,-0.0164450658071786,0.00262985093420084,-6.25323115972574,4.0204636766027e-10,8.48178296893701e-09,"SNRPB"
3.01154773351838,0.119838704086917,0.0191686648293669,6.25180236358045,4.05742648111275e-10,8.55048780976425e-09,"ENSG00000249849"
1925.69966138396,-0.0220384664780827,0.00352580804825993,-6.25061437730827,4.08841195271199e-10,8.60646113551957e-09,"IMMT"
1394.08409356071,-0.0210043547402345,0.003360475861355,-6.25041083668585,4.0937438974746e-10,8.60836892430036e-09,"TXN"
155.59268990663,-0.037184611575037,0.00595245529278917,-6.2469367254354,4.185805264747e-10,8.79245120999935e-09,"DPYSL2"
259.704804004816,-0.0293313927935608,0.00469713777450496,-6.24452468751613,4.25090788266082e-10,8.91956949575356e-09,"CHML"
45.809975054952,0.0381328623119102,0.00610700545660252,6.24411793683323,4.26198332948483e-10,8.9331721704536e-09,"ENSG00000287875"
2.77829112251948,0.168838662431438,0.027051172230623,6.24145456588775,4.33520367332564e-10,9.07686185681992e-09,"PCAT19"
991.359355903068,-0.0176002466528518,0.00282111774628591,-6.23874940208473,4.4108294530087e-10,9.22527351510454e-09,"AMBRA1"
876.984944989936,0.0154639506251392,0.00247914291108138,6.23761968542344,4.44279169446484e-10,9.28214191718965e-09,"HIPK3"
767.552044067411,-0.0248538181712189,0.00398574404931808,-6.23567842382431,4.49824314556553e-10,9.38791066785356e-09,"NRBF2"
58.4181835867006,0.0522080129226407,0.00837396065345349,6.23456630419081,4.53031419884409e-10,9.44470969793316e-09,"FSIP2-AS1"
142.13535343158,0.0200229642177235,0.00321308012416165,6.23170398620168,4.61388694064358e-10,9.60864185037027e-09,"PIAS3"
847.969736881043,-0.0123826691808593,0.00198934955870952,-6.22448132689756,4.83151682795314e-10,1.00511052214456e-08,"GLRX3"
4636.36629758459,-0.0146881831747897,0.00236039909083666,-6.2227541231527,4.88502632977965e-10,1.01515648654427e-08,"TRA2A"
938.700225305683,-0.0122179090513307,0.00196361446238588,-6.22215271142655,4.90379373067977e-10,1.01796896323855e-08,"CAAP1"
1159.70260798493,-0.0212402318364531,0.0034152349927078,-6.21925925501618,4.99507385247295e-10,1.03581216955705e-08,"HDAC7"
679.944277523668,-0.0345183761637523,0.00555212326040342,-6.21714874558535,5.06269802006727e-10,1.0487171372559e-08,"PGM2L1"
682.891362774319,-0.0113306654005968,0.00182256137355729,-6.21689100020897,5.07101757314579e-10,1.04932300867297e-08,"C9orf85"
539.901404172934,0.0294568094088462,0.00473897913390783,6.21585547783489,5.10457704501018e-10,1.05402471446383e-08,"ENSG00000290577"
21.5605328738196,-0.0748767809121535,0.0120459428119228,-6.21593362024283,5.10203704346246e-10,1.05402471446383e-08,"SETBP1"
851.753222015782,-0.0181785831029879,0.00292479329971098,-6.21533942408314,5.12138226933567e-10,1.05560134325613e-08,"NAPG"
434.304386042038,0.0215049693278447,0.00346001183460307,6.21528779548575,5.12306651603408e-10,1.05560134325613e-08,"PPP1R3F"
1155.83251654728,0.018587989476345,0.00299123058406286,6.21416134730001,5.15994876219165e-10,1.06207580289301e-08,"CFAP36"
786.59392985919,0.0196442197438945,0.0031618894762687,6.21281037535707,5.20452422087707e-10,1.07011839979154e-08,"ZNF780B"
3.1337342124987,-0.173839983389386,0.0279905643698213,-6.21066374698809,5.27612647430555e-10,1.08369520645953e-08,"NDNF"
2991.03913309877,0.0189472922978207,0.00305112485653343,6.20993672456521,5.30059402887309e-10,1.08757230438408e-08,"FTX"
9.5359364000988,0.0767772338496429,0.0123679835304974,6.20774062807593,5.37517681487968e-10,1.10119048540628e-08,"NCMAP"
7.22119176793551,0.0917166041629481,0.0147747713632263,6.20764964195834,5.37828883417801e-10,1.10119048540628e-08,"ENSG00000258792"
31.4747525561365,0.044200311800601,0.00712198125877684,6.20618198708826,5.42873096633631e-10,1.11034959018094e-08,"ENSG00000288156"
11.2392484133354,-0.16190463020211,0.0260926370358444,-6.20499300165392,5.46993367831307e-10,1.11760168042928e-08,"NRP2"
1306.01986317137,-0.0131356380485107,0.00211742232698722,-6.2035985363396,5.51864593496542e-10,1.12637127052479e-08,"DR1"
140.212676682392,0.0495749377160805,0.00799208754579246,6.20300233600166,5.5396016929093e-10,1.12946323405428e-08,"RGMB"
137.51221490997,-0.0651516024076775,0.010512427687475,-6.19757912677986,5.73382151737563e-10,1.16783834905208e-08,"OSBPL5"
13.4215373889247,-0.114683544963087,0.0185054640832131,-6.19728013560708,5.74472030407796e-10,1.16883425350021e-08,"ENSG00000267262"
47.131078603799,-0.107440004686989,0.017342190395051,-6.19529610963386,5.81755559195239e-10,1.18241665432671e-08,"CYRIA"
1602.81144463775,0.0251871108817138,0.00406753929070214,6.19222313089593,5.93214925718175e-10,1.20444921922174e-08,"PBX3"
24.4043580592868,-0.0783380145341359,0.0126627516350487,-6.18649222474738,6.15177173427577e-10,1.24773839419602e-08,"S100Z"
8.19259145383426,-0.0777415844663084,0.0125670038245823,-6.18616700937403,6.16446986819519e-10,1.24901149381526e-08,"SLC9A9-AS2"
1318.46544922782,-0.0226024735874152,0.00365507720284338,-6.18385668292647,6.25541632330882e-10,1.26611969723912e-08,"WDFY2"
30398.4148945634,-0.013253834678192,0.0021436678918315,-6.18278359660845,6.29810254940063e-10,1.27343443543027e-08,"FYB1"
496.490257159519,0.0180584708024567,0.00292135564376401,6.181537958586,6.34800918191182e-10,1.28219238418865e-08,"CCL28"
37.5013504513355,0.0554273996867423,0.00896824128820608,6.18040905741837,6.39357188837363e-10,1.29005567220701e-08,"NPHP1"
3233.63814191166,-0.0148730702494407,0.00240713128059613,-6.17875326091787,6.46097790869988e-10,1.30230550572146e-08,"PUM1"
828.638425145205,-0.0131965376556655,0.00213596719273821,-6.17824922617286,6.48163401722003e-10,1.30511659698703e-08,"RNPEPL1"
727.022508795625,0.0238506847377814,0.00386167206274719,6.17625845753823,6.56385035285637e-10,1.32030458338583e-08,"TMEM117"
187.013616530194,0.0652031117878238,0.0105594074048237,6.17488361686261,6.62122264873122e-10,1.33046902624454e-08,"ENSG00000271893"
35.7805841274887,0.0707880475384677,0.0114677530020551,6.1727914375015,6.70946947391162e-10,1.34681001792626e-08,"LINC00534"
1461.44862497352,-0.0113082533796893,0.00183210408186344,-6.17227672359509,6.73135504236455e-10,1.34981017452611e-08,"DHX29"
242.129130937337,-0.0704688454639945,0.0114221807200529,-6.16947386765459,6.85175987060277e-10,1.37253945667451e-08,"ENC1"
744.397257019349,0.0150003510148271,0.00243250243458231,6.16663350530331,6.9759185627606e-10,1.39597316835655e-08,"LIG1"
3278.13515373692,-0.00650863662447651,0.00105566210272113,-6.16545446473781,7.02809930669316e-10,1.40496978021057e-08,"THOC2"
86.2756970817594,-0.0295648332725435,0.00479644078369822,-6.16391082592455,7.09699196987386e-10,1.41728532655048e-08,"EXO5"
2023.16665446958,0.0104584129802626,0.00169806162202777,6.15903029936778,7.31917236234525e-10,1.46015611917926e-08,"ZNF721"
52.681472950453,0.0426821520249151,0.00693079433119659,6.15833481492821,7.35138079367547e-10,1.46507897354284e-08,"ENSG00000270571"
57.8876441653314,0.0317280549067663,0.00515287598372567,6.15734882946397,7.39727961568894e-10,1.46970874162171e-08,"DLEC1"
41.6913550139613,0.0512637381335759,0.00832554074919061,6.15740642895294,7.39459061841212e-10,1.46970874162171e-08,"ENSG00000259336"
774.068957205295,0.0226710349656341,0.00368176768351606,6.15764950817957,7.38325311095614e-10,1.46970874162171e-08,"PRNP"
18.5733125766562,0.0710155682667915,0.0115454096361867,6.15097865771761,7.7006282225405e-10,1.52841754649628e-08,"SIGLEC17P"
41.6492884420777,0.0441174130288635,0.00717343581368749,6.15010912130613,7.74296561167063e-10,1.53525406842615e-08,"ENSG00000251314"
14.25301143998,0.0541732627559973,0.0088094877296353,6.14942257922186,7.77655339941336e-10,1.5403435862728e-08,"FAM169A-AS1"
731.821865973859,0.0331264131993812,0.00539252694640015,6.14302228410655,8.09659191762102e-10,1.6021038595081e-08,"RFX3-DT"
38.5502903278164,0.0367421684752684,0.00598201829570743,6.14210232383171,8.14363671361748e-10,1.60977518004648e-08,"EPHB4"
4079.1279322105,-0.00708802138017732,0.00115487175045407,-6.13749654659962,8.38320413740621e-10,1.65544876829125e-08,"ROCK1"
2887.54390078657,0.0140218986342144,0.00228558433625481,6.13492944092837,8.51969992520695e-10,1.68069658463692e-08,"SSU72"
1480.85978264835,-0.0151726424659802,0.00247348870194984,-6.13410623384685,8.56392794724563e-10,1.68770985310917e-08,"LAMTOR5"
424.907666952395,-0.017104450267848,0.00278959533325829,-6.1315166626228,8.70452162167946e-10,1.71368066865675e-08,"RDX"
340.086133176203,0.0840209789197029,0.0137060262920388,6.13022163604828,8.77567338352618e-10,1.72594158728987e-08,"ENSG00000286330"
140.085809777149,0.0364786554249749,0.00595134264981272,6.12948330678336,8.81649245261875e-10,1.73221812824129e-08,"SLFN13"
63.3501849744518,0.0298777739346512,0.00487617146926041,6.12730174133578,8.93818674215829e-10,1.75435590637458e-08,"ENSG00000277701"
4000.34111217219,-0.0115791333793703,0.00188985830774446,-6.12698493422503,8.95599486718833e-10,1.75607919517823e-08,"DEK"
382.832481594179,-0.0195499252869044,0.00319148791521276,-6.12564603291035,9.03163908221927e-10,1.76912801398033e-08,"PPM1D"
337.705752785632,0.0248069435396677,0.00404982197346299,6.1254405013896,9.04330607367573e-10,1.76963125190208e-08,"SPNS3"
660.867347459054,-0.0115360948420224,0.00188523688524669,-6.11917522529956,9.4060927944948e-10,1.83692681672408e-08,"TCOF1"
457.30570416508,0.104369330907855,0.0170556795729577,6.11932995465839,9.39696471133034e-10,1.83692681672408e-08,"SERPINB6"
6.75293226272195,0.0908681023573674,0.01485515291882,6.11694156592941,9.53883236582131e-10,1.86098122715738e-08,"TGFB1I1"
467.224430396915,-0.0181662193324589,0.00297027036553398,-6.11601541167887,9.59440505316203e-10,1.86994762213482e-08,"APBA3"
646.900705521203,0.0131914515683282,0.00215867171504141,6.11091138889322,9.90637619734084e-10,1.92881805219696e-08,"PCED1A"
593.938913613182,0.0220778869818884,0.00361320928229401,6.11032609986855,9.94277660164728e-10,1.93396947678641e-08,"GSAP"
250.121189938845,0.0181577605027106,0.00297277121010533,6.10802487624576,1.00871634307672e-09,1.96009406485367e-08,"FANCD2"
727.006544381512,-0.0149094398771572,0.00244229427913264,-6.10468607511631,1.03002928607742e-09,1.99951094246426e-08,"GNL2"
133.160446975486,-0.0416314629775942,0.00682438463326319,-6.10039808932742,1.05804622884349e-09,2.05185016921583e-08,"IFTAP"
1246.24355768551,-0.0105713104497876,0.00173359639076545,-6.09790750955589,1.0746589199582e-09,2.08199110080747e-08,"UBE2R2"
99.3562993509593,0.0831495886029982,0.0136379487711828,6.09692777103655,1.08126344767323e-09,2.0927020219594e-08,"RAB34"
1578.27069842762,-0.00989946058461719,0.00162451070092813,-6.09381063415671,1.10254075619061e-09,2.13176145612959e-08,"COX16"
2358.24107227298,-0.0118282886010709,0.00194146052862126,-6.09246926563623,1.11182195151409e-09,2.1475718747667e-08,"AP2M1"
1425.23513987665,0.027114779436515,0.00445091581671763,6.09195512857646,1.11539952494847e-09,2.15234485712031e-08,"NPC2"
13.9699428798973,0.0787851020651505,0.0129331883193575,6.09169990567836,1.11717963524662e-09,2.15364331865035e-08,"SHTN1"
1156.92323850763,-0.0130059115876771,0.0021353630537936,-6.09072614821693,1.12399680791801e-09,2.16463979314981e-08,"MRPL16"
508.396921934613,-0.0244918761248998,0.00402164218729048,-6.09001869989851,1.12897499808549e-09,2.17207642806735e-08,"CHCHD1"
11.0922499502438,0.123715687428463,0.0203154371400665,6.08973789613757,1.13095691902776e-09,2.17373943004042e-08,"LINC00944"
26.9464011415219,-0.0679418031435787,0.0111581309296485,-6.08899497343673,1.13621686233852e-09,2.1816934046739e-08,"WASF1"
644.781856840124,-0.0162011372567711,0.00266150806034633,-6.08720202585555,1.14900948439912e-09,2.20408121114864e-08,"MSH6"
7.85434556003017,0.118238209807998,0.0194300317330236,6.08533282048317,1.16249569281224e-09,2.22775406117152e-08,"NAV2"
225.94478145883,0.0322822038445384,0.00530717651593677,6.08274545751381,1.18141830476066e-09,2.26178813443894e-08,"ENSG00000286656"
1712.08013664741,-0.00957188585724071,0.00157380907627095,-6.08198669175343,1.18702423298628e-09,2.27028597402321e-08,"CAPRIN1"
714.489751388475,-0.0183137314813208,0.00301128598206644,-6.08169784948599,1.18916507106898e-09,2.27214634551696e-08,"PITPNM2"
154.408412795116,0.0230774120703824,0.00379596881952235,6.07945248435584,1.20593610135783e-09,2.30192964744957e-08,"GOLGA2P5"
45.1938017641294,-0.042413728501121,0.00697967146341508,-6.07675142353597,1.22641650115756e-09,2.33872817294272e-08,"MAPK11"
1249.71501743587,-0.0107837326687411,0.00177523065065399,-6.07455299668714,1.24333569763014e-09,2.36867019144014e-08,"SMG7"
260.159417943693,0.0286382358393504,0.00471678956827308,6.0715525729581,1.26679474889552e-09,2.41100045604372e-08,"SLC2A13"
153.996525886581,-0.0318390934363427,0.0052504981025753,-6.06401389245833,1.32765679637137e-09,2.52436484322772e-08,"CACNA2D4"
609.172616703476,-0.0222349177059656,0.00366724287319932,-6.06311566339422,1.33509579776051e-09,2.53603011349996e-08,"ZNF827"
847.16960348014,-0.0195698527646114,0.00322915031152058,-6.06037219598989,1.35806923293403e-09,2.5771516731512e-08,"MCM7"
146.733028679391,0.0358362423273104,0.00591462330245787,6.0589221823169,1.37036664170365e-09,2.59795336722979e-08,"MAD2L1-DT"
785.072461040722,-0.0136288494408492,0.00225136970502853,-6.05358125340702,1.41660566240879e-09,2.68299870881338e-08,"COPS3"
13.7295049359707,0.077857942942594,0.0128628968148311,6.05290892583562,1.42253301398205e-09,2.69160405203938e-08,"SH3BGRL2"
26.096480294751,-0.0640713435903831,0.0105871868156438,-6.05178171558379,1.43252496835665e-09,2.70787591443198e-08,"SVOPL"
154.057674161436,0.0411184913758804,0.00679707231179898,6.0494415080009,1.45348823728932e-09,2.74483492267131e-08,"HAR1A"
238.596652364603,-0.0581870031610217,0.00961978460742966,-6.04868045757304,1.46036983120178e-09,2.75515553702288e-08,"HECW2-AS1"
980.87348800298,-0.010027709939249,0.00165789426010825,-6.04846170261441,1.4623537328076e-09,2.75622504426751e-08,"ARPC1A"
1402.00378456392,0.012640074523578,0.00209013366666984,6.04749577749121,1.47114521647091e-09,2.77011090083017e-08,"SLC39A10"
28.7414000065693,0.0396129547559446,0.00655070888531644,6.04712489128283,1.47453455090028e-09,2.77380769338118e-08,"BCORL1"
71.8474527696974,0.0571331352267853,0.00945327425893392,6.04374036570356,1.50581763040729e-09,2.82991871778281e-08,"PDE2A-AS2"
93.3854453329452,0.0429464123245945,0.00710648971378817,6.04326665544439,1.51024740217731e-09,2.83550407526553e-08,"ENSG00000230490"
911.530146365231,-0.0126429856141106,0.0020922211849988,-6.04285326272415,1.51412350670379e-09,2.84004014743446e-08,"MOB2"
10.0666542950198,-0.0705855916320292,0.0116816496642755,-6.04243353127532,1.51806896434754e-09,2.84469743983854e-08,"ENSG00000290077"
266.74251236969,-0.0251778226331637,0.00416701935275501,-6.04216599486572,1.52058902196555e-09,2.84667729222829e-08,"SQLE"
19.3870912452904,-0.0676142518021912,0.0111918756957332,-6.04136908239325,1.52811971821444e-09,2.85802467682587e-08,"KCNG3"
8.95044323666486,-0.087114602067521,0.014428101969715,-6.03784213962289,1.56188747239379e-09,2.91837398900399e-08,"SERP2"
524.312047055601,-0.0174383197093102,0.00288825194191836,-6.03767263382423,1.5635285436833e-09,2.91863663178349e-08,"INTS9"
1.66328449046193,-0.186909654819655,0.030959886974196,-6.0371555934761,1.56854465966099e-09,2.92519292186633e-08,"WNT5A"
117.724286650667,0.0272935535998914,0.00452259350952256,6.03493405773111,1.5902761404332e-09,2.96287942601208e-08,"CACNA1C-AS1"
227.735340659067,0.0532788256586888,0.00882942142860916,6.03423747404947,1.59715047721192e-09,2.97283961074154e-08,"ENSG00000267364"
36.7610647591782,0.0590408969896304,0.00978580568557513,6.03331998270314,1.60624907874275e-09,2.98477610523854e-08,"CNGA4"
299.064864646685,0.0191783268623407,0.00317875554715523,6.03328144547133,1.60663234907447e-09,2.98477610523854e-08,"ZNF573"
299.71375966057,-0.0221620522566912,0.003674582822398,-6.031175055194,1.62771747601894e-09,3.02106227347751e-08,"BAK1"
1708.7339358501,-0.0188630474959078,0.00312799506404132,-6.03039554401887,1.63558860464294e-09,3.03277730685509e-08,"HNRNPAB"
588.479606769147,-0.0113720897553554,0.00188618879294704,-6.02913653070076,1.64837991318657e-09,3.05358454203733e-08,"DESI2"
9407.05094696764,-0.00882958361851706,0.00146479706800762,-6.02785451402276,1.66150508817508e-09,3.07497007327246e-08,"SEPTIN7"
86.1873075881708,0.0393191878420868,0.00652316277636385,6.02762635091012,1.66385165351339e-09,3.07638579016054e-08,"SGCB"
282.759937920029,-0.0231066816793277,0.00383439011257087,-6.02616869983404,1.67891940819564e-09,3.09989518781574e-08,"CASTOR3P"
6.99182169297501,0.0713159818456677,0.0118345397375757,6.02608833356089,1.67975401159724e-09,3.09989518781574e-08,"ENSG00000254936"
180.434441852317,0.042492583678793,0.00705196727755716,6.02563540163118,1.68446527321777e-09,3.10564303595818e-08,"EPHA1"
5.73362350366367,0.0943217657300459,0.0156671271219769,6.02036129506712,1.74028180593978e-09,3.20551339084608e-08,"ENSG00000286167"
1472.85433341813,-0.0190862311141363,0.00317265654571672,-6.01585164959121,1.78943393249536e-09,3.29293088183229e-08,"AP2S1"
891.641915130507,-0.064898034908445,0.0107885828400469,-6.01543649157933,1.79402628244802e-09,3.29826136293917e-08,"GPR171"
6.02795416806707,-0.0975741645566784,0.0162237737727809,-6.01427053429341,1.80698524373582e-09,3.31894900622337e-08,"MAFTRR"
952.961475417248,-0.0182484488978907,0.00303467722497269,-6.01330802093949,1.81775172547232e-09,3.33557441624171e-08,"MIEN1"
498.622172053233,0.0627085921373172,0.01043051876083,6.01203004138284,1.83214358587248e-09,3.35881478688083e-08,"KLRB1"
1420.12696986917,-0.0111047793590225,0.00184718263503399,-6.0117387140867,1.83543985020935e-09,3.36168931510565e-08,"GARS1"
56.0271995772192,-0.0377711610004205,0.00628488482717734,-6.00984139551595,1.85704912957814e-09,3.39806797924972e-08,"FBXW9"
1892.72128205231,0.0105021710274768,0.00174754841269824,6.00965956145462,1.85913307590173e-09,3.39868397174478e-08,"NORAD"
364.773967930151,-0.0185324991478179,0.0030844383603778,-6.00838693548992,1.87378217894157e-09,3.42224762090071e-08,"ALG2"
369.286989003397,0.0202364487302393,0.00336945517455609,6.00585189055241,1.9032987967903e-09,3.47289539365555e-08,"PHYH"
1704.27265427798,-0.011040412136397,0.00183893483791831,-6.00369948338942,1.92871539803206e-09,3.51597405877428e-08,"SH3GLB1"
2.80387895543936,0.148326740868946,0.0247125248931148,6.00208766649626,1.94796469787894e-09,3.54773982569693e-08,"ENSG00000281386"
11.472231507881,-0.100968926298744,0.0168255399439258,-6.00093231095353,1.96187769552101e-09,3.56973648789327e-08,"MARCKS"
3100.71662721734,0.0109237029982405,0.00182126912061283,5.99785219801282,1.9994437512889e-09,3.63260827416594e-08,"MRPS21"
169.162885353869,-0.0343906722884494,0.00573388734272085,-5.99779350951292,2.00016629563093e-09,3.63260827416594e-08,"SLC31A1"
21.56913512386,0.0546292645769203,0.00910879810741721,5.99741743451709,2.00480239005542e-09,3.6376316500903e-08,"EFCAB6"
126.875424356774,0.0228004049493404,0.00380316286870068,5.99511662700103,2.03339456844625e-09,3.68607248376961e-08,"PCBP4"
8.28276481430279,-0.0711967050526344,0.011877961470092,-5.99401717474024,2.04719737838781e-09,3.70418941460663e-08,"CHRNB3"
154.206034499177,-0.0215406982444876,0.0035936870019432,-5.994038499413,2.04692879689566e-09,3.70418941460663e-08,"DOHH"
732.841305353853,0.0291087753044976,0.00485749542746144,5.99254816379932,2.06578225923096e-09,3.73434300411722e-08,"C7orf50"
61.4802970891842,-0.0580096825255624,0.00968093251260622,-5.9921585498116,2.0707388914579e-09,3.73982750025511e-08,"SCRN1"
393.257849815767,0.0221980033322546,0.00370680206289197,5.98845121903709,2.11848656323392e-09,3.82251225802068e-08,"EIF3J-DT"
44.8948471814374,0.0654976474289035,0.0109453456145444,5.9840638875641,2.17637883227803e-09,3.92333129440593e-08,"LINC01962"
187.972499563967,0.109322686486487,0.0182700764440291,5.98370164577033,2.18122701937423e-09,3.92479618444479e-08,"PRDM1"
791.985141484451,-0.0264428258968702,0.00441913591731549,-5.98370957391451,2.18112079781913e-09,3.92479618444479e-08,"NFKBIB"
354.79167690431,0.0173664623840702,0.00290537205541859,5.97736264162151,2.2677899796882e-09,4.07678215294964e-08,"ENSG00000290924"
606.195337580356,-0.0121689647845593,0.00203674018565525,-5.97472611885662,2.3047705347488e-09,4.13943598073859e-08,"MRPL2"
13.1223963872726,0.0687991219853256,0.0115200992610096,5.97209454767285,2.34226712727683e-09,4.20290017459977e-08,"H2BC26"
399.672500296851,-0.044151601196102,0.0073939124971294,-5.97134483444906,2.35305791463704e-09,4.21837138226775e-08,"ENSG00000289976"
1429.93856010353,-0.0134313028682243,0.00225022254676119,-5.96887756171334,2.38891290639097e-09,4.27590707612964e-08,"TIPRL"
2370.20211291387,-0.0133933705360623,0.0022438838495453,-5.96883414387797,2.38954860508607e-09,4.27590707612964e-08,"SEC61B"
216.783203594923,0.0256842472846189,0.00430869113496377,5.96103235996629,2.50649319687936e-09,4.4810477180607e-08,"ENSG00000230773"
52.1989144811703,0.0401504158793209,0.00673590287454911,5.96065837454768,2.51223686165571e-09,4.4871918453687e-08,"ENSG00000291225"
122.373721024957,0.0248968822601257,0.00417829396146296,5.95862390003036,2.54370755547007e-09,4.53923446435305e-08,"STXBP5-AS1"
118.786229999278,0.0366575928667276,0.00615268267099486,5.9579852930722,2.5536649170523e-09,4.5528264254431e-08,"ALOX12P2"
8.87885863576907,-0.188822546692013,0.0316971267677642,-5.95708715415949,2.56773324722824e-09,4.57371606152348e-08,"AR"
162.89163328482,0.0466573296464576,0.00783382010286574,5.95588474509258,2.58668584916463e-09,4.60325951071375e-08,"ENSG00000232855"
83.2712452837036,0.0799176396626585,0.013420036760174,5.95509841670675,2.59915371507429e-09,4.621219278968e-08,"PADI4"
531.353661163619,0.0134776020448392,0.00226472395017621,5.95110147697718,2.66343875353452e-09,4.73119152465753e-08,"SYNJ2BP"
48.0465363011634,0.0497205481525212,0.00835697749017867,5.94958502771535,2.68823164458411e-09,4.77087533930708e-08,"DEPDC7"
893.633628634707,0.0212691622234595,0.00357657925532352,5.94678901405628,2.73453507156779e-09,4.84862731787284e-08,"RCAN3AS"
1139.59516863842,-0.0120018142927217,0.00201832567220431,-5.94642106475015,2.74068603561655e-09,4.85510783959722e-08,"NDUFA9"
5946.39876551959,-0.0231637937655113,0.00389571305867777,-5.94597020278832,2.74824141235148e-09,4.86406221216093e-08,"PDCD4"
6.01668016371795,0.0818174003364304,0.0137681264545298,5.94252243445307,2.80669227835413e-09,4.96299740966055e-08,"C17orf113"
505.183335505911,0.0179005052549369,0.00301522155720349,5.93671307906773,2.90792912157292e-09,5.12854977432354e-08,"ASPH"
1715.37868088723,-0.0298794040045864,0.00503281175724733,-5.93692064114251,2.90425155049143e-09,5.12854977432354e-08,"NOP10"
782.716748040878,-0.0133491017494016,0.00224857412237751,-5.9366963341582,2.90822600435909e-09,5.12854977432354e-08,"HMG20B"
1213.42785349818,-0.0119663339158623,0.00201765365498971,-5.93081666234901,3.01431641017736e-09,5.31082142159056e-08,"CMTM6"
74.9686000503358,-0.0262106871987678,0.00441980616585454,-5.93027979400092,3.02418909045867e-09,5.32339384601914e-08,"ENSG00000280383"
51.0229079936015,0.0492601251816263,0.00831802893090297,5.92209110966374,3.17873420358854e-09,5.59037603924057e-08,"CHN1"
2171.50802676234,-0.0233999651001756,0.00395622578790019,-5.91471931954506,3.32441996146143e-09,5.84130918431674e-08,"NASP"
17.3828453588807,0.0938491393161413,0.0158684427705559,5.91419969010947,3.33493093598637e-09,5.85448931731687e-08,"LAMC3"
244.975743066386,-0.0248603402723904,0.00420424243947853,-5.91315573025659,3.35614586283683e-09,5.88641958323167e-08,"TM9SF1"
216.77688625464,0.0186764343491394,0.00315872284857633,5.91265370355525,3.36639457212498e-09,5.89907574976603e-08,"GHDC"
55.0363676710264,0.035576451445175,0.00601758654148392,5.91207973494336,3.37814928518541e-09,5.9143457917319e-08,"GAS8"
27.560094745782,0.0633178252195104,0.0107145909709326,5.90949532196646,3.43157422740656e-09,6.00247754471987e-08,"ENSG00000282199"
3.31392485189758,0.103326655465585,0.0174894098979736,5.90795550383646,3.46379541204326e-09,6.04796091199762e-08,"KIF5C-AS1"
1486.56840153834,0.0117847331216844,0.00199472267263979,5.90795566888937,3.4637919425253e-09,6.04796091199762e-08,"PPA2"
732.946145924864,-0.0168872995246048,0.00285891952501282,-5.90688173516499,3.48643847022585e-09,6.08203719142269e-08,"YIPF3"
1894.88328676239,-0.0166209236923569,0.0028142732844402,-5.90593805663867,3.50645717544566e-09,6.11147836197075e-08,"SRP19"
693.562035244767,-0.0266818448754192,0.00451867696945214,-5.90479139265718,3.53093253589319e-09,6.14862746245823e-08,"MTHFD2L"
37.6966450555662,0.0443644164667313,0.00751496067013407,5.90347952758345,3.55913809222573e-09,6.19219991340632e-08,"SPOPL-DT"
195.22143229834,-0.0216770117758035,0.00367234620882705,-5.90276911357092,3.57450366482442e-09,6.21337540522786e-08,"GEMIN4"
558.83260474822,-0.0397024285824492,0.00672844199093739,-5.90068676164925,3.6199159314385e-09,6.28669506985806e-08,"GPA33"
1587.14087432011,-0.0159582690524331,0.00270458897434255,-5.90044151027137,3.62530123911852e-09,6.29043125799235e-08,"RPL7L1"
785.172554777396,-0.025935587333591,0.00439660286331916,-5.89900615085604,3.65697605867385e-09,6.33973630278655e-08,"TIMM8B"
2770.91685001497,-0.013850112523246,0.00234849219667309,-5.89744881540007,3.69164729771897e-09,6.39414350738484e-08,"CCT2"
1988.4522175964,0.0129692639346793,0.00219951833604822,5.89641091966554,3.71493162301676e-09,6.42874866541807e-08,"TMEM219"
2.64175276420752,-0.133495107109735,0.0226452897872643,-5.89504962682406,3.74568790392267e-09,6.47621114837331e-08,"RBMS3-AS3"
5.51341720908024,0.109503654351926,0.0185788318873636,5.89400103385427,3.769548080855e-09,6.51167670699028e-08,"CPAMD8"
42.092696938585,0.0474560366843009,0.00805739033775708,5.8897527232758,3.86773908997202e-09,6.67536761659678e-08,"ENSG00000269918"
262.044209957323,0.0444052424596651,0.0075403282022319,5.88903311218222,3.88461616815395e-09,6.69413985717811e-08,"ACVR2A"
2126.79411009371,-0.017289714625743,0.00293593609563808,-5.88899555798587,3.88549889401783e-09,6.69413985717811e-08,"C17orf49"
75.5898370270399,0.0730785640513749,0.0124136284146618,5.88696242631697,3.93358096079345e-09,6.7709808202118e-08,"ENSG00000290931"
149.53175042748,-0.0579318634315077,0.00984461328494894,-5.8846256073946,3.98956054766733e-09,6.86126810014829e-08,"CCDC50"
21.7037120790481,0.0794645564336448,0.0135041002431811,5.88447619631457,3.99316601361165e-09,6.8614021316926e-08,"ENSG00000235056"
247.106970126128,-0.0262086834762314,0.00445536069509526,-5.88250542881602,4.0410207890729e-09,6.93750179772789e-08,"CMTR2"
1074.1828228133,0.0242317477723053,0.00411957943555298,5.88209261440122,4.05111534929851e-09,6.94869882356308e-08,"CAPN2"
303.071250451023,-0.0227891522236976,0.00387451309908013,-5.88181060198457,4.05802551112548e-09,6.95441887373584e-08,"PANK4"
138.932109010238,0.0361199401430532,0.00614565441366052,5.87731390537776,4.16977053003337e-09,7.13963086088724e-08,"LINC01284"
744.557840425906,0.0146660858815151,0.00249602133468359,5.87578546614235,4.2084305794108e-09,7.19948840810198e-08,"PITPNA-AS1"
119.543263896393,0.0313886590846544,0.00534318682988142,5.87452022248509,4.24069712541322e-09,7.24831281075682e-08,"CATSPER2"
67.558953755921,0.0888278692022178,0.0151308561635083,5.87064395050211,4.34105666466961e-09,7.41333566150032e-08,"LINC01727"
372.101388382337,-0.0175681025889891,0.00299345641474083,-5.86883527098559,4.38867198310819e-09,7.48807532837171e-08,"PPP1R8"
1233.2905448313,-0.021331795391521,0.00363749386801331,-5.86442099026048,4.50702640630689e-09,7.68327525232912e-08,"PLIN2"
472.011973302957,-0.0156487812000283,0.00267263698488838,-5.85518395820666,4.76482305946589e-09,8.11563689401673e-08,"VAC14"
459.101301985466,0.0198917702887125,0.00339839287496502,5.8532874274924,4.81950141703401e-09,8.20158548230345e-08,"ZNF248"
95.8689892224391,0.0462369989806128,0.00789976323967472,5.85296009232254,4.82900030855352e-09,8.20339607001524e-08,"PPP1CB-DT"
80.514939678005,0.0718920294638994,0.0122829554299352,5.85299115298332,4.82809818205024e-09,8.20339607001524e-08,"IATPR"
105.825588496427,0.0490107463115001,0.0083740110086771,5.85272054941359,4.83596311024596e-09,8.20805571181451e-08,"ENSG00000260496"
379.006936377465,0.0200303236970081,0.00342437865986707,5.84933083825072,4.93554539407682e-09,8.36977275154213e-08,"RRAS"
1319.53319283705,0.0123887160416785,0.00211873179993577,5.84723184031789,4.99820664968158e-09,8.46128090017026e-08,"FRA10AC1"
33.2515758964539,0.061744934107667,0.0105594473223924,5.84736418701863,4.99423295147493e-09,8.46128090017026e-08,"PLAAT3"
254.824954058894,0.0327554167615131,0.00560362485358978,5.84539786608473,5.05358926696231e-09,8.54759694188556e-08,"SNHG22"
669.479627460836,0.0135196043658803,0.00231481485007967,5.84046899708414,5.20540720648473e-09,8.79673115320022e-08,"GABPB2"
147.384354821055,0.0338124760389689,0.00578971743791668,5.84009088552959,5.21723525585582e-09,8.80906622931003e-08,"RGL1"
1439.30044431418,-0.058513915236272,0.0100305443730829,-5.83357323988263,5.42527766812141e-09,9.15239166718383e-08,"CHI3L2"
54.8411781615743,0.0421526389884756,0.0072300771275395,5.83017832934526,5.5368173214217e-09,9.33246392712075e-08,"ENSG00000266957"
918.462809172469,-0.0179980880028851,0.00308848260490473,-5.82748563139156,5.62686929307597e-09,9.47603762940438e-08,"RP9"
12.9340220230128,0.0625242487021381,0.0107302960612326,5.82688943020235,5.64699988430517e-09,9.50171234858303e-08,"SPTBN4"
1804.17239772036,-0.0142085583338315,0.00243893657748401,-5.82571866156886,5.68673468649651e-09,9.55273214956723e-08,"IMPDH2"
260.267589520167,0.0171611520165886,0.00294576316152017,5.82570664225855,5.68714401789052e-09,9.55273214956723e-08,"INPP5F"
1471.55030167487,-0.010996366649636,0.00188877537903297,-5.82195573476082,5.81629559550459e-09,9.761239484742e-08,"RPN1"
342.087856747196,0.0333247191343847,0.00572529816268115,5.82060849714398,5.86337664251319e-09,9.83177060978656e-08,"RPL34-DT"
143.9261754807,-0.0264692716130773,0.00454936631245675,-5.81823264936942,5.94730878470879e-09,9.96391930847293e-08,"FBXO45"
473.512363568097,0.0308859385988388,0.00530909639793631,5.8175509133427,5.97160765786198e-09,9.99601898047104e-08,"SPEF2"
1179.83821081763,-0.0126540434886272,0.00217580848974882,-5.81578918744269,6.03484831771079e-09,1.00931930032496e-07,"VTA1"
781.503597229721,0.0162248107752227,0.00279192350597618,5.81133786097402,6.19755405412803e-09,1.03564109885605e-07,"CFAP68"
8.10752798240439,-0.194871511243386,0.0335386435749714,-5.81035755986302,6.23395536332944e-09,1.04059716506882e-07,"MSR1"
42.3819475490409,-0.0505702517181861,0.00870362550271766,-5.81025133749101,6.23791216117548e-09,1.04059716506882e-07,"PANK1"
61.9209938545238,0.029626675121294,0.00510044490181105,5.80864526362676,6.29803716745634e-09,1.04914173515231e-07,"PRNCR1"
5716.35876546192,0.00953230967961391,0.00164106971804643,5.8085951954323,6.29992055245437e-09,1.04914173515231e-07,"ERP29"
176.471551646529,0.0347817305108817,0.00598891747522671,5.80768238246011,6.3343534783875e-09,1.05307273083859e-07,"FAM241B"
157.724323706328,-0.0309799483376643,0.00533420517150733,-5.80779091571951,6.33024984245706e-09,1.05307273083859e-07,"RANBP3-DT"
135.678051704822,0.0216887463220151,0.00373496651852283,5.80694531382118,6.36229053220277e-09,1.05681394655744e-07,"ENSG00000249492"
1038.02223891311,-0.0151554283006038,0.00261087061833888,-5.80474122085995,6.44654900666713e-09,1.06989611543244e-07,"DCK"
655.262058723671,-0.0338574337559447,0.00583383177529116,-5.80363559664949,6.48922278661569e-09,1.07606029345662e-07,"CCDC167"
933.760948655722,-0.00996786850647904,0.00171776532947311,-5.80281155723203,6.52120681142338e-09,1.0804428763969e-07,"LARP4"
158.069615825102,-0.0292321362088491,0.00503801595635368,-5.80231116020644,6.54070384285756e-09,1.08275089742487e-07,"MYL6B"
1150.50330306153,0.01236241333396,0.00213087528854458,5.80156586376469,6.56984806728918e-09,1.08665063568743e-07,"EXOC1"
725.704385471179,-0.0126115821922141,0.00217444388873713,-5.79991153487002,6.63499133111179e-09,1.09649291742953e-07,"RBM42"
265.183951173605,-0.0200287969347677,0.00345421766390478,-5.79835982661451,6.69666436975773e-09,1.10574548944107e-07,"PPRC1"
165.753953366846,0.0238027867690416,0.00410685042580897,5.79587379648794,6.79663618803747e-09,1.12035059740268e-07,"POGLUT3"
70.1493872988929,0.0368296288076916,0.00635436162908461,5.79596046896644,6.79312649734958e-09,1.12035059740268e-07,"ENSG00000269514"
18.0729311861725,-0.162970107199912,0.0281201935226566,-5.7954831309609,6.81247758777029e-09,1.12201102082743e-07,"DANT2"
28.7004868483536,-0.0846542162089222,0.0146092911106452,-5.79454646825666,6.85060545262552e-09,1.12733609694601e-07,"PIK3R3"
1869.69923267052,-0.0564361849059708,0.00974363865386115,-5.79210569181017,6.9509375077914e-09,1.14243325626572e-07,"PASK"
504.418198917954,-0.0111135933132567,0.00191877362229309,-5.79202944220958,6.95409477877029e-09,1.14243325626572e-07,"NELFA"
1973.75598156102,-0.0142850604428191,0.00246668206419432,-5.79120456996753,6.9883395836735e-09,1.14709023832939e-07,"SLMAP"
43.9962074982711,0.0343171993696628,0.00592686246202777,5.79011232157425,7.03393703401745e-09,1.15360125842052e-07,"UAP1L1"
396.259328195554,0.0151779866595745,0.00262180776394705,5.78913025901051,7.07518155117201e-09,1.15938800633401e-07,"ZDHHC24"
23.7260715540684,0.0548405734805279,0.00947403466034406,5.78851307247976,7.10122230796194e-09,1.16267571643239e-07,"LINC02763"
2387.28901213471,-0.0172655576970603,0.00298306812845438,-5.78785228951715,7.12920583064211e-09,1.16627571582691e-07,"PPP2CA"
828.594336509075,0.0168744788892671,0.00291671078662942,5.78544810360421,7.2319285597308e-09,1.18208607071701e-07,"MYO5A"
11.7878266495543,0.0569873410050585,0.00985707909728456,5.78136184589991,7.40983184697178e-09,1.21014810457975e-07,"ENSG00000271860"
696.857643825288,0.0143164511253065,0.00247714808852773,5.77940866418503,7.49636369051708e-09,1.22325310523698e-07,"POLR1E"
24.5158183236495,-0.0582380857931547,0.0100847055483278,-5.77489203964031,7.70024415048655e-09,1.25546897712585e-07,"CAMK1"
78.9725196626932,-0.0250295667454652,0.00433535012762334,-5.77336685818881,7.77030089573342e-09,1.26583017355872e-07,"CCNI2"
4247.02956221228,-0.00761358936988378,0.00131889964697609,-5.77268284766004,7.80192074832011e-09,1.26991766088347e-07,"CSNK1A1"
3.10405583946244,-0.132328984006686,0.0229272457397998,-5.77169126673483,7.84798095498715e-09,1.27634680230314e-07,"ENSG00000236846"
6.57074490089498,0.11607733962661,0.0201126781234569,5.7713517272089,7.86381368836436e-09,1.27785330035401e-07,"SPANXA2-OT1"
38.4423091503341,0.0329879411722426,0.00571610325403321,5.77105410910251,7.87771716471143e-09,1.2790440448314e-07,"ENSG00000228172"
14.4492462018917,0.0596890125928676,0.0103441563266832,5.77031231042952,7.91247501549434e-09,1.28361594267206e-07,"CNN3-DT"
374.641640660232,0.0201939267165771,0.0034997994331755,5.77002399770503,7.92602444974902e-09,1.28474251310057e-07,"CD99P1"
734.750366380533,-0.0137070413387118,0.00237595500868174,-5.76906603392165,7.9712067565617e-09,1.290990363213e-07,"MRPS12"
93.5782451707738,-0.0380943274061189,0.00660344933170183,-5.7688528362345,7.98129622981996e-09,1.29140952940167e-07,"ZBED3"
107.757665201743,0.0515517266956176,0.00893640694940703,5.76873087667951,7.98707348655704e-09,1.29140952940167e-07,"ENSG00000250101"
427.516311172405,-0.0124200122311246,0.00215346758588702,-5.76744795813062,8.04809256230838e-09,1.30019475439751e-07,"WDTC1"
4.72611244083806,-0.13202875662259,0.0228995467809572,-5.76556199498162,8.13861774616613e-09,1.31372824714255e-07,"TCERG1L"
995.483723075545,-0.0238150559112877,0.00413145096937456,-5.76433221350631,8.19817901133155e-09,1.32224527321236e-07,"RAB5IF"
208.111958556198,-0.0196933859344294,0.00341719921605447,-5.76301956347969,8.26222138409028e-09,1.33147032429114e-07,"DHX33"
14017.4138125129,0.0248916363662361,0.00432229410880775,5.75889463780662,8.4666526779809e-09,1.36261452374876e-07,"RPL36AL"
4.86685046427823,0.102542719350729,0.0178061475100514,5.7588380244994,8.46949236138117e-09,1.36261452374876e-07,"ENSG00000227705"
316.32732550075,-0.0136761637927372,0.00237523228048558,-5.75782162658268,8.5206319845632e-09,1.36970919613007e-07,"PIAS4"
354.037960937606,-0.0138128896229817,0.00239909314069093,-5.75754621140036,8.53454099641136e-09,1.37081219588107e-07,"UBR7"
583.916524044418,-0.0152050523897702,0.0026414721244147,-5.75627970828551,8.59878657262943e-09,1.37999172957273e-07,"UBE2A"
94.6177641185116,0.044072505027882,0.00765732099953294,5.75560369358555,8.63327080566644e-09,1.38438376291029e-07,"CCDC180"
60.2075081824393,-0.0280634960943181,0.00487651571661676,-5.75482531486397,8.67314327985368e-09,1.38963187756535e-07,"GTF2I-AS1"
17.1849529569501,0.0515957528451696,0.00896640725515567,5.75433965655554,8.69811177999535e-09,1.39248536817028e-07,"STAT4-AS1"
7.37505527838446,0.114417016521377,0.0198880969303675,5.75303996767394,8.76527517828938e-09,1.40208361425088e-07,"LINC01395"
1073.09326764134,-0.022945575248012,0.00398892613608815,-5.75231891120306,8.80275403643946e-09,1.40692168252082e-07,"LAP3"
158.778537899767,0.0234279005940348,0.00407425739006551,5.75022595557176,8.91242561847539e-09,1.42328071186342e-07,"SMC5-DT"
1112.70843233496,0.0167740409701758,0.00291736724691012,5.74971868486619,8.93920610492022e-09,1.42638636543727e-07,"NPHP3"
12.8820999144267,0.0809681950740807,0.0140829596427238,5.74937350728788,8.95747387324744e-09,1.42736969769546e-07,"TUB"
2440.34664965173,-0.00881493846986711,0.00153321276988005,-5.74932497500444,8.96004524644573e-09,1.42736969769546e-07,"UBE2L3"
537.152104623281,-0.01329932330329,0.0023138586293365,-5.74768187419624,9.04752588289341e-09,1.44012623525499e-07,"ENTPD6"
5731.8113774665,-0.016079239655132,0.00279774547733553,-5.74721317052948,9.0726320549737e-09,1.44294166885767e-07,"GTF3A"
183.644401140969,0.0349764061659061,0.00608624640849076,5.74679429953927,9.09512623133807e-09,1.44297961113994e-07,"EPS8L2"
28.7263167533145,0.0482164895349633,0.00838997590454018,5.74691633010189,9.08856736517498e-09,1.44297961113994e-07,"DHDH"
34.9994704908604,-0.0667928620806741,0.0116224890665498,-5.74686383426318,9.09138833378415e-09,1.44297961113994e-07,"HMGB3"
7.29897171563312,-0.105193424108986,0.0183085468413468,-5.74559111766445,9.16004135997212e-09,1.45209425014521e-07,"CCNB2"
109.289869626494,0.0268832881312745,0.00467932217946514,5.74512442191945,9.18534198449344e-09,1.45491927475881e-07,"TMEM30A-DT"
2219.85549749322,-0.0108821078737702,0.00189429950941841,-5.74466066198329,9.21055073993207e-09,1.45772516226541e-07,"PTPN2"
1289.77092766006,-0.0115601019244364,0.00201241402805084,-5.74439541928316,9.22499884618354e-09,1.45882481753753e-07,"MTF2"
155.527200573617,-0.0325179539815291,0.00566278204008359,-5.7423990101249,9.33445501226198e-09,1.47493488581241e-07,"NKD1"
93.6052039665761,0.0249103465914939,0.00433935961011443,5.74055824583687,9.43649568015979e-09,1.4898480314512e-07,"DICER1-AS1"
321.120108939313,0.0245115416649333,0.00427023644796212,5.7400900309937,9.46262312131664e-09,1.49276141389075e-07,"C17orf67"
691.256080069894,0.0152553274985864,0.00265846538910574,5.73839612924884,9.55773532909003e-09,1.50654384024417e-07,"ABCA5"
20346.8988275907,-0.0117769398946844,0.00205259411482415,-5.73758825947592,9.60342369707338e-09,1.51251979216012e-07,"ATP5F1E"
130.667505662296,0.0288306119374924,0.00502619960909637,5.73606585088961,9.69009986033608e-09,1.52493634614399e-07,"ANKRD42"
27.7791075441483,0.0441021409185985,0.00769191842035466,5.73356846867924,9.83393415571379e-09,1.54632055992554e-07,"TPH1"
1026.75096480131,-0.0106361303000484,0.00185528694211374,-5.7328761705888,9.87417237964745e-09,1.55139359415608e-07,"STARD3"
56.8153753072166,0.0337815269420861,0.00589437548337254,5.73114607940749,9.97543089470822e-09,1.56603798493115e-07,"CDRT4"
61.4881785331328,0.0333411099496717,0.00581883178242693,5.72986317466041,1.00511675202277e-08,1.57665531803185e-07,"CCDC90B-AS1"
5.10952827905457,0.0990914559023614,0.0173067629052447,5.72559157624632,1.03073926100684e-08,1.61554467089799e-07,"DLL3"
68.7507761900293,-0.0364306626879655,0.00636385639651748,-5.72462048450709,1.03665216319187e-08,1.62350412449639e-07,"YPEL1"
34773.6060702335,-0.0126229387695627,0.00220717008250697,-5.71906028883156,1.07114786986884e-08,1.67617837625252e-07,"DDX5"
5.44308387691337,0.105047318369395,0.0183694500588833,5.71858809233077,1.07412826104676e-08,1.67949106154506e-07,"RHOD"
67.0801963630472,0.0519280548919763,0.00908561875001885,5.7154120507058,1.09438511997425e-08,1.70978995731881e-07,"IL15RA"
1712.8251657079,0.01511055436235,0.00264415780252944,5.71469461765671,1.09901206633403e-08,1.71564074657007e-07,"REV1"
1.03439504697633,-0.173235021229616,0.0303304172861406,-5.7115937309829,1.11923024197053e-08,1.74580171905122e-07,"GRB7"
21.7981172978473,-0.0813323296506804,0.014240861388806,-5.71119452890759,1.1218592079669e-08,1.74850027677598e-07,"ROR1"
2.28176939792407,-0.201641954694132,0.0353173627040282,-5.70942842997542,1.13356212376296e-08,1.76532561003309e-07,"CERNA2"
117.574190179351,0.0196968960666752,0.00345043870813777,5.70851933124348,1.13963235997977e-08,1.77335912271731e-07,"SEC24B-AS1"
70.4160596539856,0.0320622591262508,0.00561795143884569,5.70710862763145,1.14911450343397e-08,1.78668474870456e-07,"MSANTD2-AS1"
1297.58637588297,-0.0178841598233894,0.00313434812448258,-5.70586262696703,1.15755331323177e-08,1.79836817058076e-07,"WIPI2"
512.506614804594,0.0224125014851983,0.00393030494326079,5.70248410969447,1.18073921517285e-08,1.83292565637088e-07,"TMEM38B"
528.015123188331,-0.0137995429411034,0.00242071148643397,-5.70061447571843,1.19376335426251e-08,1.85166594926317e-07,"MAP2K7"
147.46568712002,0.0390903114088252,0.00685814058931319,5.69984107204486,1.19919171766429e-08,1.85860383269228e-07,"RBM26-AS1"
1422.42125396755,-0.013566380509109,0.00238030624263028,-5.69942651333718,1.20211128739195e-08,1.86164543400166e-07,"HDGF"
949.2039797289,-0.00985779399150973,0.00173055647474464,-5.69631452967426,1.22424934530466e-08,1.89442116273038e-07,"ARAF"
41.9636109024725,0.0321659602716096,0.005647970713136,5.69513581166388,1.2327375372736e-08,1.90603957372883e-07,"ENSG00000239300"
14.5192874507684,0.0597308400769303,0.0104901464172499,5.69399488826099,1.24100801083917e-08,1.91730316273492e-07,"ABHD17C"
1124.3327038274,-0.0121360228057743,0.00213144978733198,-5.6937878048563,1.24251491371457e-08,1.91810774497318e-07,"SEC13"
242.767159970345,-0.0600187146965243,0.0105437769468124,-5.69233539359625,1.25313388429709e-08,1.93296646974328e-07,"CD8B"
6.38060516097729,0.0776844918548167,0.0136495080425604,5.69137668644098,1.26019150785389e-08,1.94231260057575e-07,"ENSG00000286527"
199.704982807231,0.0238120452936269,0.00418803826952157,5.68572772291002,1.3025678431655e-08,2.00603698475156e-07,"LIPE-AS1"
323.75645928554,0.0165778177052925,0.00291749106737721,5.68221712507102,1.32959711868747e-08,2.04604379395491e-07,"ASB1"
263.697637279554,-0.0210039073049286,0.00369879443435473,-5.67858194817275,1.35815962627226e-08,2.08834489253927e-07,"SETMAR"
160.810251806717,0.023389304044197,0.00411937373783445,5.67787861280408,1.36375432239945e-08,2.09529109992035e-07,"DHFR2"
593.386617847362,-0.0126079196044063,0.00222085576624346,-5.67705467236727,1.37033685456468e-08,2.10374286962412e-07,"ASPSCR1"
243.979772911346,0.0183065167359906,0.0032250100350677,5.67642163495045,1.37541520317384e-08,2.10987390512101e-07,"IQCG"
522.501779343608,0.0148972561248073,0.0026249872685174,5.67517271549333,1.38548794932819e-08,2.12126119811455e-07,"CARF"
147.666733823979,0.0215702686240547,0.00380086419571819,5.67509585013703,1.38611021685445e-08,2.12126119811455e-07,"DYNLT2"
32.5237355898941,-0.10967799186347,0.0193254973527929,-5.6752998311642,1.38445947319907e-08,2.12126119811455e-07,"ENSG00000257083"
18.6095635948673,-0.0713549907894254,0.0125767567338621,-5.67356054500973,1.3985963833336e-08,2.1386869695143e-07,"ZNF233"
159.150783075342,0.0410086255592866,0.00723305484231456,5.66961352475573,1.43119992111597e-08,2.18682401143964e-07,"STOM"
133.233124807803,-0.0340240543850246,0.00600263420067505,-5.66818720707624,1.44316236929835e-08,2.2023209647965e-07,"ACOT7"
612.819765350528,0.0132274824814283,0.00233370200500887,5.66802550327245,1.44452468450401e-08,2.2023209647965e-07,"P4HTM"
34.0598065435655,-0.0576551517465132,0.0101720449507611,-5.66800009492675,1.44473885716947e-08,2.2023209647965e-07,"SCD"
24.7439243116318,-0.0833498641370834,0.014706976900942,-5.66736894322209,1.45006888776337e-08,2.20871495190957e-07,"ADGRG5"
55.6274156085255,0.0315821351392816,0.00557310172856403,5.666886534192,1.45415567185447e-08,2.21320672717068e-07,"ENSG00000265334"
21.2273002223077,-0.0548204324902486,0.00967715921346968,-5.66493030454059,1.47084307639513e-08,2.23685447059903e-07,"GNB4"
78.3607562600331,-0.0345934105743537,0.00610908232426011,-5.66261980739365,1.49079219731825e-08,2.26542179922167e-07,"ZNF543"
10.1333018972309,0.0605996722400981,0.0107056654337431,5.66052363724114,1.50911799608791e-08,2.29126149135523e-07,"TMEM184C-DT"
135.182121534766,0.0288182427359096,0.00509119706018159,5.66040606860377,1.51015229649756e-08,2.29126149135523e-07,"LMTK3"
1383.39179362666,-0.0100282450324766,0.00177209485691017,-5.65897756171011,1.52277460894509e-08,2.30861176294552e-07,"MAPK1"
880.581370133113,-0.012579904255077,0.00222390215058642,-5.65668064656525,1.54328533771371e-08,2.33788497693686e-07,"CCDC124"
172.580005016722,-0.0263017028784063,0.00465044741684064,-5.65573600147807,1.55179837043127e-08,2.34895175900845e-07,"NCDN"
1733.85889781716,-0.0158279663565675,0.00279932924662106,-5.65419961788086,1.56574158968657e-08,2.36807689518586e-07,"QKI"
1322.4015141989,-0.0145787322525045,0.00257844642448629,-5.65407608009891,1.56686800889631e-08,2.36807689518586e-07,"ALYREF"
1062.25877554601,0.0161942139024997,0.00286441387834818,5.65358729229394,1.57133250570558e-08,2.37298047891919e-07,"NUBPL"
130.54053833896,0.0309776813985761,0.00547992701546459,5.65293685685151,1.57729262601015e-08,2.3788003532534e-07,"CDH23"
474.183082478858,-0.104471204009069,0.0184809932009517,-5.65289986707476,1.57763223263425e-08,2.3788003532534e-07,"GRIP1"
29.8367882843246,0.0841046898329536,0.0148830084410643,5.65105436619231,1.59466641139321e-08,2.40262249171258e-07,"ENSG00000285842"
3898.40287638605,-0.014269482297498,0.00252579729555153,-5.64949622942015,1.60918714859787e-08,2.42262377920876e-07,"SENP7"
146863.347888214,-0.017326681980892,0.00306774020471329,-5.64802780700635,1.62298930216644e-08,2.44151314125595e-07,"TMSB4X"
923.714965000566,-0.0113732490848811,0.00201392737875245,-5.64729850980344,1.62988685409915e-08,2.44999452852261e-07,"NPEPPS"
436.436060747536,-0.0286008161285707,0.00506551718246546,-5.64617887934006,1.64053153955739e-08,2.46409104061242e-07,"SLC25A33"
140.67314180681,-0.0266715806162621,0.00472405439510042,-5.6459088709742,1.64310868257856e-08,2.46605763771879e-07,"GMNN"
582.139906090878,0.0161784165159223,0.00286665713858459,5.64365242643228,1.66479999900727e-08,2.4966865675166e-07,"FBXO44"
488.907180766184,-0.0185238622942234,0.00328239812289114,-5.64339290990928,1.66731250464905e-08,2.49852816085738e-07,"FMNL3"
1425.69944998974,-0.0147547431306939,0.0026146204796271,-5.64316819426054,1.6694910607144e-08,2.49986686851083e-07,"NT5C2"
249.508048338289,0.0213510538836118,0.00378404279052628,5.64239229457612,1.67703446579083e-08,2.50923056877672e-07,"MTHFR"
9.41288241868219,0.0668511478533509,0.0118499866485361,5.64145343249052,1.68620648115748e-08,2.52101477824706e-07,"KIF5A"
36.3544138316055,-0.0436889656124107,0.0077453334945721,-5.64068230800233,1.69377624099526e-08,2.53038722454676e-07,"C3orf52"
292.56600444666,0.0262868924925194,0.00466142200863329,5.63924322746024,1.70799136454162e-08,2.54966538999993e-07,"CREG1"
45.576267261222,0.0342838805456679,0.00608083929608302,5.63801785844792,1.7201867318539e-08,2.56590123629526e-07,"RILP"
2497.7477863232,-0.0136889571222911,0.00242942493191402,-5.63464914781549,1.7541509081236e-08,2.61455856811587e-07,"OLA1"
70.172237762012,-0.0430546986250115,0.00764204642131596,-5.63392267611971,1.7615602783208e-08,2.62220879055178e-07,"LRRC1"
1121.94221182004,-0.0105094628317044,0.00186540355596775,-5.63388163278818,1.76197978985717e-08,2.62220879055178e-07,"DDB1"
40.1657884113857,0.135954156807298,0.0241477265248298,5.6301017268646,1.80103364753738e-08,2.67828023534019e-07,"C14orf132"
23.7390794918222,0.045212588781965,0.00804147003410479,5.62242831101942,1.88291714170709e-08,2.797908428063e-07,"ENPP3"
12.4829622857585,0.099889918931462,0.0177684894406033,5.62174512725885,1.89038022800367e-08,2.80685387899995e-07,"MIR9-3HG"
828.149964279783,-0.0126511942349251,0.00225053383200227,-5.6214192628553,1.89395007385037e-08,2.81000937349074e-07,"LSM1"
317.652042145301,0.0328357680174411,0.00584187652913694,5.62075693549315,1.90122605667932e-08,2.81865457534066e-07,"SREBF2-AS1"
518.861927559142,-0.0170480383690729,0.00303393531763775,-5.61911727977993,1.9193554137004e-08,2.84336497729524e-07,"PAK1IP1"
77.8934971590522,0.0394260667573567,0.00701715692042205,5.6185243118356,1.92595298326384e-08,2.85096738793493e-07,"TMEM232"
85.8634227196591,0.0338352124938682,0.00602265754025004,5.61798712075923,1.93194896591078e-08,2.85766839056506e-07,"BMERB1"
370.75169781955,-0.0132162807400521,0.00235287977478665,-5.6170658958767,1.94227364787189e-08,2.8707571979298e-07,"PEX13"
13.3002876164347,0.0620013545567869,0.0110383046723171,5.61692727256206,1.94383190677643e-08,2.87087884728233e-07,"LAMA2"
2798.10358942048,-0.0130818469230731,0.00232912128759657,-5.61664478047526,1.94701114659959e-08,2.87339255026621e-07,"ARRB2"
7014.69822533671,0.0111502999919365,0.00198633023701616,5.61351772436707,1.98254284162476e-08,2.92139703124569e-07,"SSR2"
23.5060321268373,-0.0528523600108831,0.0094150669313292,-5.61359365752501,1.98167262767258e-08,2.92139703124569e-07,"SPRED2"
1878.98686282398,0.0132371226888208,0.002359876714937,5.60924331556624,2.03213152903312e-08,2.99220214770804e-07,"HAX1"
54.9843719456255,0.0457608505969142,0.00815836765257434,5.6090694297743,2.03417411218911e-08,2.99294407384193e-07,"WDR64"
29.0149312955447,0.0564087848210811,0.0100570116520699,5.60890120968203,2.03615203890871e-08,2.99358981926027e-07,"EFHD1"
639.89442567903,-0.012655796391763,0.00225662409910509,-5.60828735135015,2.04338561737376e-08,3.00195571325809e-07,"MCFD2"
3.90956863864096,0.0935794249780556,0.0166874653460227,5.6077674492585,2.04953154263173e-08,3.00871230458337e-07,"INKA1"
24.6135486416186,0.0431560259532681,0.00769828603254351,5.60592653622268,2.07143815997201e-08,3.0385779524597e-07,"ENSG00000260510"
1400.40125005319,-0.00765671701064937,0.00136589399530618,-5.60564512104252,2.07480693074767e-08,3.04122604445915e-07,"USP4"
338.491751453054,-0.0166819386600723,0.0029762008004131,-5.60511194599398,2.08120406432927e-08,3.04830574211359e-07,"MED25"
68.3522194270919,0.0347094268166598,0.00619369941347557,5.60398955447254,2.09473337005854e-08,3.06581330180652e-07,"TCTN2"
282.403436889938,-0.0383442551578746,0.00684413257863367,-5.60250034863139,2.11281611547873e-08,3.08995385429901e-07,"TP53INP1"
1544.51418901416,-0.0154837516113134,0.00276484880120258,-5.60021640408641,2.14084378375145e-08,3.1284333711961e-07,"FRG1"
209.086787461734,-0.0299613389843186,0.00535014836616048,-5.60009497565022,2.14234396711388e-08,3.1284333711961e-07,"CDCA4"
12.8227593069955,0.0593987680204482,0.0106091090118217,5.59884604392889,2.15783319693397e-08,3.14868818556359e-07,"ENSG00000289519"
2123.68768194977,-0.0178722741285054,0.00319222265421244,-5.59869284334576,2.1597406570294e-08,3.1491091094362e-07,"TFDP2"
52.1941518374725,0.0395367103566719,0.00706450293091373,5.59653109968462,2.18683108766248e-08,3.18622108510284e-07,"OVGP1"
1736.96373954577,-0.0101440242449487,0.00181261917245784,-5.59633507086534,2.18930392004556e-08,3.18743641832381e-07,"EIF3J"
602.826826525086,-0.0239803479520662,0.00428579623380634,-5.5953075330342,2.20231040646722e-08,3.20397454870561e-07,"ENSG00000272449"
2428.69335323556,-0.0166760350957852,0.00298193562807186,-5.59235247696074,2.2401346770936e-08,3.25656648760446e-07,"MACROH2A1"
683.698107932217,-0.0125454550697745,0.00224448684351912,-5.58945360094181,2.27785219576436e-08,3.30892479908981e-07,"USP39"
2683.50783883932,-0.0254486113570059,0.00455320283345505,-5.58916707378376,2.28161352538063e-08,3.31191527478944e-07,"IFI16"
24.3868397060264,0.0488780380990984,0.00874971282069508,5.58624484034385,2.32032048480797e-08,3.36558939224458e-07,"LINC01277"
35.160861831502,0.0321043432345877,0.00575040761386893,5.58296826770295,2.36447899492477e-08,3.42708501715959e-07,"SPAG8"
2162.29760782509,-0.00859378451847583,0.00153954840844487,-5.58201643503799,2.3774590515231e-08,3.44333253992375e-07,"MFF"
86.7891104211369,-0.0365684373246795,0.00655193152403501,-5.5813216591981,2.38697728530097e-08,3.45454577205276e-07,"OPN3"
4056.48646490298,0.0155794002610614,0.00279201301478492,5.57998840928094,2.4053461266947e-08,3.47854182233e-07,"ISCU"
161.7936066136,-0.0212446781111913,0.00380826692913113,-5.57856854746217,2.42505910682502e-08,3.50444462755227e-07,"MCOLN1"
340.94065091978,-0.0374867243622559,0.00672052419556345,-5.5779464921803,2.43374486841038e-08,3.51438540723462e-07,"SARDH"
584.687433164439,-0.0171674135626132,0.00307831269483156,-5.57689073999435,2.44855549691712e-08,3.53314933015838e-07,"ODF2"
698.911697411351,-0.0133789539179407,0.00239925370354264,-5.57629812061389,2.45690735610603e-08,3.54257264519039e-07,"ABCD3"
3218.99883168047,-0.0144608158600293,0.00259364068571592,-5.57548928796113,2.46835096810794e-08,3.55643664301241e-07,"KLF13"
46.6699052923016,-0.0434336615107853,0.00779215923840746,-5.57402129267345,2.48925289893483e-08,3.58389771555747e-07,"GPR137C"
350.771393147964,-0.0137432650733312,0.00246567846738926,-5.57382694260336,2.49203298015442e-08,3.58524656042779e-07,"MED24"
6.75997522176618,-0.126380193256387,0.0226769538374053,-5.5730674482357,2.502926094966e-08,3.59825687163221e-07,"LRP1B"
1297.58069922184,-0.0145523729358724,0.00261177822649558,-5.57182565818325,2.5208361977926e-08,3.62132827793677e-07,"CHRAC1"
232.926625047248,0.0142244050988591,0.00255335509613368,5.57086835293604,2.53472806859105e-08,3.63859746584239e-07,"NOP14-AS1"
127.560756185703,0.0261234584850455,0.00468951041832116,5.57061529983715,2.53841262922676e-08,3.64119941379718e-07,"AKAP1-DT"
16.6606586469941,0.0926363777267476,0.0166320308445734,5.56975745129599,2.55094198637034e-08,3.65647550308691e-07,"GPR15"
805.884915606675,-0.010637365722063,0.0019100956225053,-5.56902261684205,2.56172236138653e-08,3.66922398021571e-07,"NCOA6"
3.57762439366108,0.122359498696159,0.0219779008003958,5.56738788692482,2.58586345387967e-08,3.70107652990533e-07,"ZNF311"
2058.7664097417,0.014427543425132,0.00259227963662142,5.56558143701496,2.61279723401651e-08,3.73413071262713e-07,"PABPC4"
772.7283005836,-0.0169743449846357,0.00304981594075297,-5.56569488598217,2.61109775258592e-08,3.73413071262713e-07,"COA6"
1837.74297031098,-0.00927439601795879,0.00166646460778235,-5.56531232325462,2.6168328901784e-08,3.73715246305874e-07,"TOMM5"
239.925176874243,-0.0487391954494754,0.00875846011636248,-5.56481331215076,2.62433212272757e-08,3.74511255459824e-07,"AFF2"
980.037815501589,-0.01144205245117,0.0020565851947081,-5.56361704859691,2.64239481995552e-08,3.76536422292709e-07,"ATG4B"
344.623500028444,-0.0228234136756123,0.00410225209309093,-5.5636302103549,2.64219543229965e-08,3.76536422292709e-07,"TNFAIP8L1"
392.254885370372,0.0126733055701403,0.00228049342725381,5.55726467732097,2.74035064103297e-08,3.90209079932155e-07,"GALNT12"
535.618746413333,0.013302067355321,0.00239374844351813,5.55700303068217,2.74445997411624e-08,3.90508346426737e-07,"TPCN1"
1048.99898071951,-0.0204108271596373,0.00367319872506453,-5.55669014593779,2.74938188637314e-08,3.90922712513479e-07,"BAZ2B"
16.2498608005469,0.0666972378632887,0.0120042967666985,5.55611371157663,2.75847206723448e-08,3.9192870839867e-07,"PERP"
47.4986786343782,-0.033013903832747,0.00594263411964964,-5.55543268659008,2.76924919152089e-08,3.93172744702721e-07,"MACIR"
49.6264669981152,0.0442433059602529,0.00796485428234492,5.55481674766149,2.77903151557967e-08,3.94273829391249e-07,"GP5"
813.315237394742,-0.0137803273797261,0.00248166175470093,-5.55286285635924,2.81028556000214e-08,3.98139103610771e-07,"DNAJB11"
17.0354730489904,0.048517060949008,0.00873731404060435,5.55285763148009,2.81036959157672e-08,3.98139103610771e-07,"C1R"
70.0680354775406,0.0324404900660513,0.00584324076426563,5.55179760252929,2.82746852390131e-08,4.0026994365651e-07,"KCNC4"
5.80995712659211,-0.0857386696809633,0.0154467397406769,-5.55059974598925,2.84691219368875e-08,4.02729375123199e-07,"DPP10"
481.123786163577,0.0258472908675655,0.00465766964964126,5.549404060796,2.86644997330319e-08,4.0519853510698e-07,"APPAT"
8090.63561005676,-0.0248651530035857,0.00448404439996437,-5.54525129228946,2.93532294590945e-08,4.14516208335233e-07,"STK17A"
1335.58862625663,-0.0154439884148094,0.0027851226316532,-5.54517357307249,2.93662708902345e-08,4.14516208335233e-07,"MRTFA"
378.599047413578,-0.0357527684444397,0.00645171121679246,-5.54159466272803,2.99729469607586e-08,4.22466515459215e-07,"ABCB1"
1396.97503131415,-0.0102727758236286,0.0018537264010241,-5.54168933341694,2.99567434872067e-08,4.22466515459215e-07,"PWP1"
2493.86638040483,-0.0150883066149782,0.00272391098628204,-5.53920693112395,3.03844452402265e-08,4.27956440526897e-07,"HMGA1"
137.012901668383,-0.0322793273484513,0.00583114183160979,-5.5356786510439,3.10025537727657e-08,4.36346362832175e-07,"TRAF4"
216.970521921724,-0.0178786768659265,0.00323152193464511,-5.53258719188921,3.15541497668596e-08,4.43788696395651e-07,"RRN3P3"
24.5539515105032,0.0396753082234185,0.00717318718441717,5.53105714425075,3.18306600451968e-08,4.47354168019597e-07,"PFKFB4"
176.942103367083,-0.0331928377310973,0.00600209684390577,-5.53020695838982,3.19853201193109e-08,4.4920322140124e-07,"SCCPDH"
94.7453874729854,-0.0510616836716161,0.00923541759208623,-5.52889819680385,3.2224826983458e-08,4.52240338856595e-07,"KIAA1671"
1028.40088560777,0.0116246164597939,0.00210312363840352,5.52731006752324,3.25177959576261e-08,4.5602281843676e-07,"PPP3CB"
21.1506284216989,0.0486431157801106,0.00880091189749243,5.52705405379301,3.2565265087243e-08,4.5603093679767e-07,"PDZD7"
20.8732733749218,-0.0723124267228327,0.0130831913430159,-5.527124447464,3.25522062540519e-08,4.5603093679767e-07,"PNMA5"
2374.50327958479,-0.012926210568985,0.00233952878448601,-5.52513422989361,3.29233801184355e-08,4.60714148693301e-07,"BNIP3L"
883.09352377732,0.0111204578136443,0.00201392981503139,5.52177028744716,3.3560106234514e-08,4.69274993703795e-07,"ZBTB40"
308.942295247995,0.0823913381901472,0.0149215112125759,5.52164837839665,3.35834040016288e-08,4.69274993703795e-07,"HLA-DPB1"
1850.43997220654,-0.0144547471941788,0.00261877413229699,-5.51966166761399,3.39652982711152e-08,4.74270650876857e-07,"KPNA4"
1945.67119066249,-0.0158502991142349,0.00287218678868842,-5.51854746239291,3.41813158424244e-08,4.76944601471303e-07,"TMIGD2"
14.6167148676905,-0.0875144350987132,0.0158588017746425,-5.51835102943558,3.42195373889512e-08,4.77135642833326e-07,"AHRR"
329.081868168173,-0.0183620728493988,0.00332773289669731,-5.51789263724341,3.43088917734841e-08,4.78038863815214e-07,"ZNF787"
1370.65125998766,0.0112862698738198,0.00204588262726286,5.51657740450118,3.45665281271408e-08,4.812838501081e-07,"FLOT2"
905.72420169289,-0.0107570634165892,0.00195003577425385,-5.51634157619761,3.46129216860126e-08,4.81585078479708e-07,"STOML2"
1744.54951333571,0.0191281745566501,0.00346926676283992,5.51360730213548,3.51552535398241e-08,4.887811555419e-07,"SVIL"
278.74194528916,0.03352768432896,0.00608180392517477,5.51278613080189,3.5319732521417e-08,4.90717226624344e-07,"POU6F1"
2561.96363681114,-0.0300668013990264,0.00545942202436296,-5.50732316806646,3.64331074328643e-08,5.05824677142501e-07,"CORO1B"
1529.39492993381,0.0127585025855828,0.00231745289933657,5.50539887530629,3.68333343424992e-08,5.11016538014231e-07,"ZNF652"
201.207263335802,0.0430572394613275,0.00783145216452927,5.49798920516239,3.84146440418473e-08,5.32575367967193e-07,"LGALS1"
984.347940938203,0.0114733306301028,0.00208853935079645,5.49347113126095,3.94109556384803e-08,5.45998930287807e-07,"PLD3"
13.8839684691154,0.0567041141503662,0.0103328734210707,5.48773916408726,4.07110611780078e-08,5.63609146600306e-07,"MAPT"
7.7546550451016,-0.0861421662724206,0.015702455896706,-5.48590404195887,4.11360164627012e-08,5.69087237706971e-07,"RAB32"
487.881961137691,-0.014335322192312,0.00261356359182005,-5.48497164453118,4.13535744104272e-08,5.71690387958222e-07,"CCDC43"
290.041599361879,-0.0145444609000623,0.0026520056506346,-5.48432500382567,4.1505110969296e-08,5.73377779448705e-07,"FBXL6"
1618.706139861,-0.00949036673838318,0.00173059355656168,-5.48387962176313,4.16097967018e-08,5.74416008265941e-07,"SMIM10L1"
11.8979893246242,0.122917685702703,0.0224213027904441,5.48218303153598,4.20109253497278e-08,5.79542204948621e-07,"GREM2"
347.181352390801,0.0137298698569503,0.00250550751856592,5.47987573583851,4.2562465985813e-08,5.86734603749148e-07,"DPY19L4"
187.50753993266,-0.040745141686211,0.0074369992234351,-5.4787072664761,4.28444507701086e-08,5.90203549525059e-07,"FAR2"
16.5907753843431,0.0617880313327341,0.0112801411252912,5.47759382142829,4.3114841523459e-08,5.93088247859124e-07,"LGR4"
215.604492311426,0.0199782850782784,0.00364720429952459,5.47769837869585,4.30893804499703e-08,5.93088247859124e-07,"ENSG00000288827"
233.818877463194,0.0207184335233904,0.00378313097933624,5.47653085144451,4.33745180668395e-08,5.96238693228336e-07,"PNISR-AS1"
520.312817829939,-0.01869989264394,0.00341565477224434,-5.47476073867173,4.38103135637952e-08,6.01803961249562e-07,"ALG3"
277.578094570243,0.0592382319009919,0.0108242539046207,5.47273118526015,4.43152072079559e-08,6.08309876783311e-07,"MT1F"
323.562510677874,-0.0148296100583831,0.0027106799434517,-5.4708081985878,4.47987920133951e-08,6.14514318372741e-07,"CHP1"
41.1558398289877,0.0319876177987328,0.00584749342637446,5.47031274194448,4.49242139343091e-08,6.15800482900808e-07,"ENSG00000244055"
300.103574010387,-0.0120149274731488,0.00219648752437977,-5.47006406355142,4.49872936444226e-08,6.16230879350468e-07,"SEC24A"
121.246935925571,-0.0236926604031406,0.00433188998325382,-5.46935875443086,4.51666697108053e-08,6.18252563367258e-07,"IFT140"
80.3289664908121,-0.0418115452442413,0.00764537359839494,-5.46886881407852,4.5291680538573e-08,6.19527762416162e-07,"GPC3"
832.996515115427,-0.0106580096348161,0.00194927512056047,-5.46767848334906,4.55967986750754e-08,6.2326305764504e-07,"GCFC2"
2531.05095611183,-0.00711608593542761,0.00130157255439155,-5.46729870065076,4.56945672171593e-08,6.24160833525959e-07,"PCMTD1"
46.1424325269052,0.0459201845303694,0.0084017974995235,5.46551907886065,4.6155414209825e-08,6.30013306523021e-07,"CRB3"
42.9618660452341,0.0483369858390035,0.00884562602423433,5.46450705767741,4.64194913612463e-08,6.33173580973073e-07,"LINC02447"
3.42356977615845,0.0876793498827555,0.0160478961577015,5.46360401520157,4.66563677228583e-08,6.35958660530705e-07,"ENSG00000270077"
573.407608028238,-0.0116476270372059,0.00213279869872408,-5.46119380332233,4.72943402380421e-08,6.44203229670978e-07,"RANBP3"
82.7676531670975,0.0250604851777152,0.0045895020909875,5.46039301886951,4.75081698408498e-08,6.46662989205297e-07,"ENSG00000272316"
33.313160215338,0.0380577367031393,0.00697396361568527,5.45711718620713,4.83926992926666e-08,6.58242233525635e-07,"ENSG00000272173"
47.8780150904953,0.0496087290349479,0.00909314397252966,5.45561900095452,4.88025345767751e-08,6.63352969988017e-07,"RAB11FIP5"
767.160782036186,-0.0113319557712869,0.00207720895259726,-5.45537595392983,4.8869337567763e-08,6.63797126417988e-07,"NOC2L"
85.2886982112594,0.0522468933419988,0.00958098896343198,5.45318375184555,4.94758968332236e-08,6.71567110469667e-07,"AP4B1-AS1"
270.54045022842,0.0214308981467923,0.00393094143783251,5.45184874557916,4.98488474000775e-08,6.76157552844426e-07,"KLHL32"
157.528226629489,0.0194365725810852,0.00356529632295904,5.45160088263118,4.99183902785513e-08,6.7662899603352e-07,"LENG8-AS1"
500.938481034584,0.0124232089989957,0.00228076475485727,5.44694886771572,5.12411856299462e-08,6.94075419002843e-07,"GSS"
46.1261145105851,0.0309345463665368,0.00568173086729249,5.44456382906394,5.1932479837398e-08,7.02949662712059e-07,"C12orf60"
419.713391764997,0.0147297899239058,0.00270602367765674,5.44333371711699,5.22925476373136e-08,7.07331254585109e-07,"LYRM1"
612.753512539447,-0.012798851886096,0.00235336151549645,-5.43854048849611,5.37188032065018e-08,7.2611844417628e-07,"YKT6"
35.562175794733,0.0520436445334353,0.00957110651166847,5.43757866135823,5.40095082278234e-08,7.29540933707912e-07,"ENSG00000266680"
259.172742912686,0.0449816951882524,0.00827970710323356,5.43276406126555,5.54877537039467e-08,7.48988408948971e-07,"TMEM62"
41.9444032791375,0.0580813750902266,0.0106933228003335,5.43155538972558,5.58649698796974e-08,7.53557232406375e-07,"NFIL3"
6437.2482886207,-0.0307126479721906,0.00565477943122359,-5.4312724918335,5.59536181596329e-08,7.54229956218309e-07,"CRIP1"
36.4145355173304,-0.104728554188446,0.0192853347931047,-5.43047633406351,5.62038327429556e-08,7.56896685722518e-07,"ENSG00000226816"
1721.16663597713,-0.00936929813635918,0.00172537993818082,-5.43028113925899,5.62653434154447e-08,7.56896685722518e-07,"RABGAP1"
13.2042926665677,0.0467788038286377,0.00861444931920907,5.43027210390887,5.62681922551417e-08,7.56896685722518e-07,"ANKRD9"
1060.59312375399,-0.0120989916206433,0.00222812566994695,-5.430120833773,5.63159083903552e-08,7.57015020111126e-07,"MAP4K2"
479.410940020078,-0.0119304934062894,0.00219736737181466,-5.42944869361413,5.65284006027158e-08,7.59346629919493e-07,"ABHD12"
1034.01486133703,-0.00956381757002958,0.00176164882216822,-5.42890129387907,5.67020309011409e-08,7.61153349246439e-07,"GID8"
1442.66381051966,-0.00993633203319975,0.00183158639801659,-5.4249868004915,5.79588229020558e-08,7.77487630529578e-07,"ATE1"
187.410193445155,0.042888111836824,0.00790929531770439,5.42249468683032,5.87729619899142e-08,7.87865529749016e-07,"ANTKMT"
95.4229016828212,0.0210662292459497,0.00388526198580917,5.42208719074639,5.89071351509214e-08,7.89120307038962e-07,"USP54"
2068.27974894728,-0.0108929375007908,0.00200925808631382,-5.4213729808971,5.91430139412521e-08,7.91734868665722e-07,"YWHAQ"
149.349935233348,-0.0273214132481852,0.00503981051146476,-5.42111914446651,5.92270675614594e-08,7.923147807001e-07,"CDK5"
209.050153801715,0.0540919418454875,0.00998121665321863,5.41937358188138,5.98082238213244e-08,7.99539355016207e-07,"FBP1"
1362.39037509413,-0.00848288901750535,0.0015655234301859,-5.41856407508258,6.00796074895679e-08,8.02615690439275e-07,"PSMD1"
922.276879020846,0.0111336598020892,0.00205493525706569,5.41801001457698,6.02660412892583e-08,8.04553719366755e-07,"ZNF138"
978.829647149216,-0.0259896940618413,0.00479794653449674,-5.41683694784385,6.0662613831723e-08,8.09292525130894e-07,"NMI"
995.322133969648,0.0110158857955646,0.00203464500909879,5.41415615318755,6.15784108887015e-08,8.20384705613789e-07,"PEX1"
839.787751166356,-0.0130505545591589,0.00241044213683859,-5.41417458635837,6.15720683590761e-08,8.20384705613789e-07,"CHMP4B"
1857.00511267816,-0.0137117115263922,0.00253360386513166,-5.41193977286567,6.23456599971817e-08,8.30037941550432e-07,"QARS1"
292.835081018417,-0.018059054743264,0.00333776450065073,-5.41052394192077,6.28406206836777e-08,8.36055343993307e-07,"MEN1"
31.6988297833625,0.0378103893875506,0.00699269158235794,5.40712956409281,6.40428166193852e-08,8.51467413577349e-07,"PIK3CD-AS2"
11300.447390659,0.0125945131853479,0.00232935063673963,5.40687734457028,6.41330298351033e-08,8.52084401176636e-07,"EIF4B"
397.032146005045,-0.0111600772004388,0.00206426797550561,-5.40631222925662,6.43356059701334e-08,8.54192403907894e-07,"E4F1"
6783.66132687874,-0.0119522962353431,0.00221150393276699,-5.40460094067689,6.49528374501539e-08,8.61799209579088e-07,"LRRFIP1"
131.182409967362,-0.0301933476705566,0.005586793160842,-5.40441480493365,6.50203182278447e-08,8.62106482515206e-07,"RNF144B"
3513.77328442536,-0.00821905898477568,0.00152134888463588,-5.40248135571009,6.57252907794954e-08,8.70860102828314e-07,"YY1"
50.3672613561491,0.0366339852269567,0.00678751352332672,5.39726147153244,6.7665742409917e-08,8.95960759438594e-07,"TM4SF19-AS1"
1834.01796887659,-0.0121213344271342,0.00224710998544264,-5.39418831550717,6.88339980845418e-08,9.10809589620695e-07,"MAF1"
340.938913812905,0.0207351201955887,0.00384406658724074,5.39405853801099,6.88837603447532e-08,9.10848417719779e-07,"ABCC4"
327.023975573557,0.103319507015135,0.0191567639793259,5.39336952350815,6.91485422685466e-08,9.1372846172928e-07,"FAM153CP"
157.364204164915,0.0387973801207539,0.00719486759265964,5.39236888255397,6.95348357071457e-08,9.18209157732309e-07,"ALCAM"
102.658131923135,0.0464940606844934,0.00862279389442155,5.39199489791497,6.96797469337522e-08,9.1949847870313e-07,"PFN2"
15.5281381373765,0.0717349389194406,0.0133130014508746,5.38833704661905,7.11125978943379e-08,9.37260500211395e-07,"PHLDB1"
458.523667910819,-0.0212256357960932,0.00393919877271345,-5.38831295925497,7.11221273102678e-08,9.37260500211395e-07,"TIGAR"
919.872246934147,0.0262415113431966,0.00487793791986273,5.37963208517731,7.46382161405789e-08,9.82930224881788e-07,"PDE8A"
11.8433612272181,0.0602940116980697,0.011210175889697,5.3785071966163,7.5105980577916e-08,9.88421128701653e-07,"NHSL1"
818.618809172858,-0.0134429714661424,0.00250147882571966,-5.37400969695394,7.70047137108006e-08,1.01272392588829e-06,"RAE1"
440.961069994515,0.0171804180344981,0.00319707482293882,5.37379291570832,7.70973981313338e-08,1.01325776422471e-06,"CRYL1"
2382.27177551151,-0.016083042483256,0.00299364936924016,-5.37238684279789,7.77011902737087e-08,1.02050361378387e-06,"SNRPG"
951.328802175042,-0.0171036198489705,0.00318481716745079,-5.37036160937951,7.85789155679994e-08,1.03133501127743e-06,"UNC119"
8795.72791583218,-0.0142756126715709,0.00265849412663719,-5.3698116270163,7.88189279763621e-08,1.03378757118558e-06,"CD7"
9.40756177376938,-0.114080701242071,0.0212460993426561,-5.36948921315781,7.8959959368376e-08,1.03466819345014e-06,"NDST3"
151.981937030851,-0.0167555421919114,0.00312055264683429,-5.36941500054788,7.89924562888008e-08,1.03466819345014e-06,"MARK4"
18.3930640135568,0.0486587691538842,0.00906265881610616,5.36914940099122,7.91088656971504e-08,1.03549565725119e-06,"LMNTD2-AS1"
456.979999975909,0.0271172985934278,0.00505154792762211,5.36811666086529,7.95630853948461e-08,1.04004138038653e-06,"SUCLG2-DT"
412.369449637491,-0.0124442697982219,0.00231816172438142,-5.36816291432061,7.95426882896404e-08,1.04004138038653e-06,"PHRF1"
344.984804238842,-0.0268153861085727,0.00499556170692703,-5.36784203293687,7.96842967007546e-08,1.0409262962568e-06,"H2BC12"
51.0579279713785,0.0347425719565796,0.00647287485862006,5.36740980096536,7.98754312917657e-08,1.04272282822559e-06,"TAF1A-AS1"
1140.17540899449,0.0103267009872263,0.00192516253636978,5.36406708116138,8.13686625825291e-08,1.06150359214807e-06,"LINC01278"
53.6712620752246,0.0302266050595328,0.00563637644620968,5.36277258057513,8.19541620391703e-08,1.06842520497581e-06,"ENSG00000272735"
5590.69661320437,-0.0116856784085306,0.00217911328290656,-5.36258417595616,8.20397163535972e-08,1.06882419477148e-06,"SUB1"
490.729812178857,0.0132257083360456,0.00246671300383426,5.36167292890888,8.24547347724949e-08,1.07351207902262e-06,"ABHD2"
137.919510255558,-0.0222994678115496,0.00416009707838942,-5.36032390383131,8.30728696885691e-08,1.08083638014205e-06,"PPP2R5B"
61.8765146937278,-0.0505877940707766,0.00943903379556593,-5.35942503930229,8.34872256007137e-08,1.08550135371623e-06,"CEP112"
415.939954495203,-0.0176177030406136,0.00328750613133472,-5.35898712786912,8.36898170095188e-08,1.08740857090992e-06,"RAB35"
51.4496168721781,-0.0501725065084181,0.00936362750029094,-5.35823392236173,8.40393872757221e-08,1.09122171021366e-06,"GGT1"
4213.50222691902,0.0199150165817814,0.00371761774129397,5.35692961666621,8.46480754482716e-08,1.09692852467977e-06,"IMMP2L"
11.2123835223835,0.0830669080416908,0.0155057594263716,5.35716476423681,8.45380231990638e-08,1.09692852467977e-06,"DSCAML1"
340.594133455575,0.0201247231357876,0.00375669459419845,5.35702933287859,8.4601389979941e-08,1.09692852467977e-06,"TMEM116"
776.307626671807,-0.020247048893679,0.00378114217518065,-5.35474413699128,8.56775677036069e-08,1.10953020599391e-06,"RAPGEF2"
98.6328260128498,-0.0274707535811159,0.00513129191352614,-5.35357450795242,8.62335028664652e-08,1.11598660296448e-06,"CIPC"
217.663515791367,0.0291228005241304,0.00544361594154056,5.34989992624068,8.80028815206735e-08,1.1381276917943e-06,"EPS8"
2957.77410819231,-0.0186376112053243,0.00348433327827067,-5.34897488754993,8.84538130324074e-08,1.14319941348396e-06,"MAPK8"
77.9935613738208,0.0243000573962256,0.00454344601588999,5.34837594883706,8.87469718584402e-08,1.14622665977325e-06,"WBP2NL"
26.9277391560757,0.042819011750772,0.00800815442116056,5.34692633269259,8.94604054314843e-08,1.15467441675368e-06,"ADSS1"
733.810381724089,0.0138107828053765,0.00258318946572919,5.34640721813176,8.9717237207877e-08,1.15645459306191e-06,"CCDC115"
4.77900043607481,-0.106585153775368,0.0199354072703003,-5.34652502104426,8.96588917080314e-08,1.15645459306191e-06,"FHOD3"
439.678075265675,0.032864896693834,0.00615006571719929,5.34382853859984,9.10036553673754e-08,1.17225966923895e-06,"RAP1GAP2"
318.352490064847,0.047154570381456,0.00882487272565982,5.34337115642995,9.12336852165934e-08,1.17444501068694e-06,"ENSG00000289298"
2325.29027384998,0.0149132809422275,0.00279122444789557,5.34291713927602,9.1462579380614e-08,1.17661285154254e-06,"SERPINB1"
20.0008875018458,0.0422057347630886,0.00790007044603791,5.34245043147125,9.16984510341586e-08,1.17886752879406e-06,"FALEC"
327.658577281262,0.021803383107166,0.00408205184753627,5.34128029763401,9.22924225718001e-08,1.18571988866848e-06,"PLPP5"
96.5311337838002,-0.0413514234734358,0.00774310307493821,-5.34042012268651,9.273142957523e-08,1.1905736215629e-06,"MICAL2"
693.458740270461,-0.0138388847270115,0.00259141242861669,-5.34028646856446,9.27998237631412e-08,1.19066581267603e-06,"NSD2"
19.7430068380702,0.0425402466128055,0.00797043843501272,5.33725302060346,9.43653131315974e-08,1.20995366230897e-06,"ENSG00000253573"
568.51902090309,-0.0186890375296133,0.00350229521936975,-5.33622563462155,9.49012948549085e-08,1.21561598063522e-06,"NUP93"
1900.33889206262,-0.011364007869272,0.00212961993741375,-5.33616711114783,9.49319147902371e-08,1.21561598063522e-06,"PLCG1"
46.7923250311943,0.038293558076269,0.00717655723437468,5.33592317676341,9.50596461947646e-08,1.2164507750884e-06,"ENSG00000288799"
2532.66239491607,-0.00766672433435165,0.00143687007306455,-5.33571161239382,9.51705623904731e-08,1.21706943396259e-06,"DENR"
195.982695045411,0.0209023099163217,0.00391844949482049,5.33433184323312,9.58970086110553e-08,1.22555368889201e-06,"TMEM182"
129.360078550301,0.0238372729313037,0.00446955542293828,5.33325368535941,9.64683901037621e-08,1.23204639258587e-06,"CATSPER2P1"
37.7424021221439,-0.0505191327350066,0.00947772244701319,-5.33030303614,9.80490210992827e-08,1.25141175157621e-06,"PIK3R6"
859.42892270884,-0.01041570580925,0.00195434445893383,-5.32951382323473,9.84760254100067e-08,1.25603748868855e-06,"SLC25A12"
780.197550793232,-0.0201987774847762,0.00379191153149649,-5.32680610214677,9.99547657926789e-08,1.2740630074924e-06,"DPH5-DT"
263.663816803076,-0.0219769582207674,0.00412924987753728,-5.32226406067599,1.0248366060213e-07,1.30544183521416e-06,"BLTP3A"
25.1295401053274,0.044024916138888,0.00827711589861855,5.31887153425456,1.04412823849371e-07,1.32914518108253e-06,"AKAP3"
6.39812928571945,-0.192061561739174,0.0361385964424536,-5.31458276319638,1.06901986928855e-07,1.35994149624143e-06,"LINC02642"
355.13395818689,0.015680810915928,0.00295207863040569,5.31178633062801,1.08555839710394e-07,1.38007819490646e-06,"RNF170"
1645.16564900165,-0.00910953827323643,0.00171568689179452,-5.30955754036701,1.09891686763031e-07,1.39614839923431e-06,"RAB5C"
876.503261564074,0.016429067482954,0.00309689246729095,5.30501709583916,1.1266243699091e-07,1.430415836756e-06,"CENATAC"
541.087778513547,0.0172177942109109,0.00324599312009223,5.30432245969198,1.13092248690404e-07,1.43400086654306e-06,"CYB5R1"
18.1030365073795,0.0394355293666564,0.00743451107212913,5.30438773768114,1.13051789953599e-07,1.43400086654306e-06,"ENSG00000254400"
8.08557122411312,-0.106779021537661,0.0201321755282746,-5.30389879562176,1.13355172813978e-07,1.43639834944931e-06,"ENSG00000283633"
19608.8274364721,-0.0231815365940907,0.00437249773603596,-5.30166920454639,1.14748624562362e-07,1.45310904711101e-06,"SELL"
3.14337687858258,-0.156437993946274,0.0295169421782234,-5.29993903168222,1.15841357413124e-07,1.46547109687957e-06,"ENSG00000271955"
6.41921309650133,0.070184012062159,0.0132425532378429,5.29988521107816,1.15875510102349e-07,1.46547109687957e-06,"GLB1L2"
78.1953719296386,0.0357700598397597,0.00675371385288985,5.29635406813305,1.18137667617256e-07,1.49310966395272e-06,"LINC01191"
57.1073046070247,-0.0398514976591906,0.00752520712289919,-5.29573432443109,1.18539077710974e-07,1.49721013023126e-06,"KCTD21"
11.8158064711957,0.0574801132987479,0.0108555323644378,5.29500639572959,1.19012245132712e-07,1.50221101886852e-06,"SMIM10L2A"
37.9538192924791,0.0376273448454642,0.00710694932304864,5.29444394987234,1.1937909662375e-07,1.50586433750231e-06,"IRGM"
5.16575403785663,0.0744692135569851,0.0140670916128127,5.29385999655795,1.19761133855856e-07,1.50970435167223e-06,"TCN2"
16.258827237329,0.0424156917694758,0.00802315952145876,5.28665691564909,1.24571961411277e-07,1.56867297215567e-06,"ZNF541"
176.573375595283,-0.0187452231812353,0.00354578912491281,-5.28661534030065,1.24600264355586e-07,1.56867297215567e-06,"PLAGL2"
31.8098942377047,-0.0351166055628224,0.00664585372316753,-5.28398713327161,1.2640213298026e-07,1.5903285178519e-06,"KIF3C"
2971.89218672918,-0.00974895918717379,0.00184553381501817,-5.28246034174011,1.27460432913806e-07,1.60260690407656e-06,"USP25"
259.049257213563,-0.0353923674258525,0.00670135895865231,-5.28137168061359,1.28220271523452e-07,1.61111918695263e-06,"CCDC28B"
15.0337263591004,0.10739567569415,0.0203387858587665,5.28033858264256,1.2894538071046e-07,1.619184377146e-06,"MAP2"
27062.4698134907,0.0113590376077861,0.00215172268573297,5.27904347670004,1.29859992936564e-07,1.62961724039298e-06,"MBNL1"
461.194016667143,-0.0133292611319923,0.00252519773120789,-5.2785019435355,1.30244285129105e-07,1.63338593813425e-06,"PML"
76.6381088596471,0.0340095099064989,0.006443767985523,5.27789175260608,1.3067861770553e-07,1.63777692847311e-06,"C5"
43.7738251068537,-0.0352051931897855,0.0066708728121848,-5.27744932049684,1.30994415875018e-07,1.64067764532194e-06,"RNF122"
569.904875160986,-0.0141368771522278,0.00267907410281239,-5.27677720350752,1.31475571102969e-07,1.64564435876696e-06,"MRPS11"
331.880461610407,-0.0157357805133762,0.00298264630348629,-5.27577825603503,1.32193858079247e-07,1.65357088971025e-06,"NKIRAS2"
4402.80709647608,0.012358364313496,0.00234300243192162,5.27458450111818,1.33057199747593e-07,1.66330050918408e-06,"PRR13"
71.1553633761431,-0.0299772452805053,0.00568565967035873,-5.2724304686731,1.34628848820623e-07,1.68186624175333e-06,"RACGAP1"
90.0332304457619,-0.0436536853520392,0.00828044927322437,-5.27189816779599,1.35019990603538e-07,1.68566998538473e-06,"LINC00539"
21.585256514987,-0.0410695363341476,0.0077904919721819,-5.27175131953126,1.35128089985393e-07,1.68593744599479e-06,"ALDH4A1"
210.821115874457,-0.0355809217000455,0.00675083824582508,-5.27059313294165,1.35983604585314e-07,1.69534731647993e-06,"GALNT6"
33671.5197188707,-0.0163611031201164,0.00310428229053696,-5.27049462286059,1.36056612052089e-07,1.69534731647993e-06,"PFN1"
42.0921253476931,0.0392425955595502,0.00744595535492592,5.2703237783435,1.36183317686026e-07,1.69583976460365e-06,"ENSG00000285667"
188.984737029174,-0.0231845467018677,0.00439974134045954,-5.26952493517406,1.36777290290061e-07,1.70214656009723e-06,"HYKK"
24.3101799826198,0.0405296650547055,0.00769275935407883,5.2685471089403,1.37507755751831e-07,1.71014281146347e-06,"PIWIL2"
1515.350513479,-0.0125786813894993,0.00238785299151862,-5.26777880974136,1.38084344124387e-07,1.71609431169896e-06,"MPC2"
671.492831842075,0.0161644608104212,0.00306861416572098,5.26767457147004,1.38162752152618e-07,1.71609431169896e-06,"FBXL15"
349.53917068829,0.0152893162788137,0.00290283080919636,5.26703665621026,1.38643531068617e-07,1.72096702157988e-06,"AP4S1"
749.632840900914,-0.0126877610597402,0.00240931672787654,-5.26612417244226,1.39334058569406e-07,1.72843544211321e-06,"MRPL37"
92.9272544139653,0.0369946016571207,0.00703245833071477,5.26055042452851,1.43624809304085e-07,1.77937511369349e-06,"CALCB"
250.725671167874,-0.0178353651747795,0.00339047335167519,-5.26043514424534,1.4371488888039e-07,1.77937511369349e-06,"PGAM5"
1926.445788024,-0.0133511367618872,0.00253797049814008,-5.26055632706187,1.43620198556832e-07,1.77937511369349e-06,"SLC7A6"
95.7304954091149,0.036557411064187,0.00695032743032987,5.2598113442336,1.44203272492983e-07,1.78428616619657e-06,"RHOC"
10.0480895680775,-0.141812520092088,0.0269624994796052,-5.25962068907435,1.4435285966377e-07,1.78500157235855e-06,"SPOCK3"
3643.81574118328,-0.00983274025082101,0.00186960453406415,-5.25926209081584,1.44634620943273e-07,1.78734943581169e-06,"SMARCC1"
199.005364032516,0.0358806705648721,0.00682310777362053,5.25869907897305,1.45078069510262e-07,1.79169113018673e-06,"KLHL29"
681.612936302509,-0.0115892675742714,0.00220405748306585,-5.25815123394633,1.45510834323762e-07,1.79589545585754e-06,"CPLANE1"
42.9206344053929,0.0304004830818125,0.00578806301251633,5.25227230872803,1.50234126796271e-07,1.85301458485369e-06,"CACNA1C-AS2"
6.74121262501397,0.0585983514639058,0.0111645158657498,5.24862449644345,1.5323906599635e-07,1.88888027420469e-06,"ENSG00000291051"
38.7666328376681,0.0388176062145941,0.00739672205211344,5.2479471232129,1.53803424764864e-07,1.89463610836059e-06,"TEF"
53.7906568582997,-0.0393974999089725,0.00750824798783585,-5.24722944324702,1.54403558258223e-07,1.90082507068399e-06,"CALML4"
743.882938422908,-0.0109898484503642,0.00209448321400535,-5.24704536989246,1.54557847356683e-07,1.90152099236866e-06,"TEX10"
782.136215093854,-0.0149241405737906,0.00284455184636556,-5.24657006792088,1.5495693225306e-07,1.90443064482073e-06,"CLEC16A"
478.016956464293,-0.0150347853810811,0.00286566241505032,-5.246530541113,1.54990165582809e-07,1.90443064482073e-06,"CRKL"
530.613231893081,-0.0207042938076388,0.00394774701437459,-5.24458475486146,1.56634691270572e-07,1.92342258832317e-06,"TMEM223"
25.3870217971487,0.0406930658482197,0.00775951922301811,5.24427669790499,1.56896595048807e-07,1.9254231358324e-06,"ENSG00000232969"
1446.94507168687,-0.013416350639867,0.00255880874898712,-5.24320180051665,1.57813771895655e-07,1.93545755179218e-06,"JARID2"
54.2440863267155,-0.0534634610102048,0.010198559937011,-5.24225590087318,1.58625165906978e-07,1.94418279902749e-06,"LINC01163"
507.375326229893,0.020943631941917,0.0039953439853746,5.24200970394126,1.58837014718087e-07,1.94478204992637e-06,"PRDX6-AS1"
324.221784508702,0.0169542937043911,0.00323433829233451,5.24196672456106,1.58874025876973e-07,1.94478204992637e-06,"FAM216A"
2.32436508734703,-0.141393358233325,0.0269802136654165,-5.24063152303959,1.60027980853224e-07,1.95767563243778e-06,"ENSG00000237311"
78.4686363558532,0.0283298983440558,0.00540735287951852,5.23914362078368,1.61323456611565e-07,1.97228318953586e-06,"PKIB"
1339.5833885261,-0.0115346978219357,0.00220231456648135,-5.23753418221481,1.62736167166951e-07,1.98830476605802e-06,"VHL"
4.68858813416305,0.186418683582154,0.0355986817784379,5.23667378310249,1.63496295534414e-07,1.99508559877031e-06,"GALNT13"
157.039528274948,0.0498624200027436,0.00952156707043457,5.23678714164304,1.63395951766233e-07,1.99508559877031e-06,"DNAI7"
69.4595556518836,0.0348657071497099,0.00665865045120027,5.23615219108326,1.63958771564631e-07,1.99947464934398e-06,"ENSG00000289317"
3007.33577808598,-0.0275420924420923,0.00526082150357086,-5.23532159823284,1.64697839076845e-07,2.00722911521536e-06,"GZMM"
629.373780630444,-0.0252184698323357,0.00481904424489316,-5.23308534862701,1.66703717105646e-07,2.03040325699556e-06,"HEG1"
6.76867628537774,0.0675801207630297,0.0129243925712974,5.22888177453788,1.70538371229523e-07,2.07580842226874e-06,"ENSG00000290798"
674.904734460245,0.00794124585355702,0.00151912672430059,5.22750717667296,1.71810731641695e-07,2.08998783062077e-06,"GGA1"
3640.29621574304,-0.0142671936110273,0.00272962607407806,-5.22679415562298,1.72474331047376e-07,2.09543923373049e-06,"PSMB8"
129.102279682358,0.0333970392394021,0.00638950170046258,5.22686131173333,1.72411724175537e-07,2.09543923373049e-06,"LINC02693"
2607.21602777605,-0.012625978035282,0.00241579817862157,-5.22642087696507,1.72822724170484e-07,2.09836130327096e-06,"WDR43"
1097.27211566343,-0.00789459352823933,0.00151102996937794,-5.22464391059654,1.74490575034919e-07,2.11729019027087e-06,"INTS11"
138.247647425159,-0.0277731563055905,0.00531664483338442,-5.22381260662675,1.75276165036056e-07,2.12549668710495e-06,"SLC15A4"
1019.15985272691,-0.00818761910143668,0.00156750542170733,-5.2233434015933,1.75721076679498e-07,2.12956427569652e-06,"DYNC1LI1"
1142.3177332829,-0.0160231704122269,0.00306814237075714,-5.22243379738365,1.76586697551329e-07,2.13872220054228e-06,"GLRX5"
16.160706169905,-0.11479618155072,0.0219871468554559,-5.22105857141873,1.77903258143076e-07,2.15332686629805e-06,"SCG5"
13.8298119867445,0.0506073592146995,0.00969917098232305,5.21769946183364,1.81159093294717e-07,2.19137159432558e-06,"MRPS30-DT"
13.6141417754902,-0.115859964682054,0.0222077173914607,-5.21710370497621,1.81742516351673e-07,2.19706257648005e-06,"TMEM200A"
160.305824930594,0.023876231155507,0.0045769145369251,5.21666528026275,1.82173024226767e-07,2.20089906474214e-06,"CHD1-DT"
1557.28142976605,-0.0257468655399801,0.00493571276663341,-5.21644324889305,1.82391422150774e-07,2.20216980276518e-06,"ARHGEF7"
1096.13182449794,-0.00647697009663807,0.00124201796744064,-5.21487632742127,1.8393991363559e-07,2.2194883747679e-06,"TERF1"
2250.08720284295,-0.0123719955467543,0.00237273773404808,-5.21422800725923,1.84584318475895e-07,2.22588318578713e-06,"PSMA6"
741.83538301558,0.0113249544537282,0.00217220344924823,5.2135790768805,1.85231515021338e-07,2.23230371665431e-06,"ARHGEF9"
113.742158141766,0.027770097308452,0.00532682210615115,5.21325787778504,1.85552666970786e-07,2.23478942739861e-06,"FBXO38-DT"
50.7719965614051,-0.0500226948616712,0.00959563344269499,-5.21306854418795,1.85742224854976e-07,2.23568812849885e-06,"EEF1AKMT4"
88.7952497603458,-0.0569544408160535,0.0109269566144259,-5.21228763193416,1.86526042374767e-07,2.24373410651305e-06,"CST3"
4.19923126244852,0.0788722103526083,0.0151341280862693,5.21154637406344,1.87273015307373e-07,2.25132720688733e-06,"NR1I2"
2593.13992586859,-0.0121070800031378,0.00232324456488486,-5.21128088972323,1.8754124914204e-07,2.25315925698692e-06,"TMEM50A"
2069.87123976043,0.0107071768254209,0.00205555234725866,5.20890496401139,1.89958372979733e-07,2.28079031656097e-06,"ATRAID"
961.424348436524,-0.0114892403792364,0.00220580854964695,-5.20862990628777,1.90240137354351e-07,2.28276428851295e-06,"CS"
1016.6497160318,-0.0169019645109775,0.00324541452142496,-5.20795245088025,1.90935834851907e-07,2.28966283019694e-06,"PRKAR1B"
75.3988075395353,-0.0383404965891173,0.00736207120115238,-5.20784104656796,1.91050474186912e-07,2.28966283019694e-06,"SLC4A8"
2575.36361362985,0.0158908910989822,0.00305195836152249,5.20678502673115,1.92140468913197e-07,2.30130804238338e-06,"RAD51B"
884.06473530132,-0.0134226469778946,0.00257879214625875,-5.20501312886648,1.93982891313737e-07,2.32074611034941e-06,"PAICS"
2128.79628246079,-0.0106236526177503,0.00204104960291508,-5.20499482353457,1.94002014057279e-07,2.32074611034941e-06,"NDUFC2"
144.999295745327,0.0497131065335224,0.00955465467578771,5.20302493605546,1.96070548652927e-07,2.34404931889863e-06,"HPCAL4"
5022.25381972674,0.00797911568264937,0.00153456019969559,5.19961073161689,1.99706325351008e-07,2.38604897690568e-06,"VPS13C"
602.952093682008,0.0119312154177233,0.00229541035425527,5.19785727881075,2.01598812256654e-07,2.40718139791539e-06,"STRADA"
5345.52837660512,0.0109846047264048,0.00211341999570044,5.1975493506979,2.01932940803559e-07,2.40969179850922e-06,"S100A10"
204.088398887937,-0.0150770955207226,0.00290273910052705,-5.194092544516,2.0572079461878e-07,2.45338760032488e-06,"FECH"
119.331402745746,-0.0902636854594744,0.0173787615066987,-5.19390782966219,2.05925119968657e-07,2.4543195517833e-06,"LINC00665"
133.632925767443,0.02231960090575,0.00429764826063633,5.19344524078042,2.06437681198095e-07,2.45892182301539e-06,"C14orf28"
4783.94716121461,-0.0126898442426629,0.00244401483906039,-5.19221243662397,2.0780969083345e-07,2.47374926340357e-06,"MSN"
3320.99391106072,-0.00639193473588724,0.00123109618475439,-5.19206769953761,2.07971348169224e-07,2.47415944540647e-06,"RAB7A"
460.448456984199,0.0420648857285917,0.00810281170424027,5.19139371171353,2.0872572942335e-07,2.47858618010598e-06,"DNAH6"
1435.16826921287,-0.0129996706174301,0.00250403485118354,-5.19148949196364,2.08618363508126e-07,2.47858618010598e-06,"PFDN1"
230.778451801192,-0.0236028297620245,0.00454652788412512,-5.19139667974705,2.08722401572232e-07,2.47858618010598e-06,"TAF5"
4146.15236203615,-0.0124264504561801,0.00239377441003633,-5.19115352059907,2.08995209188741e-07,2.48027200361818e-06,"WASF2"
1712.79921133504,-0.0250637743433952,0.00483181736216486,-5.18723545712944,2.13438803536729e-07,2.53146229731275e-06,"UBE2L6"
215.396609473143,0.0139425940217459,0.00268859204605738,5.18583473539309,2.15049450276491e-07,2.5490108819793e-06,"ACTR3C"
951.430761664411,-0.0141778871571974,0.00273405596443731,-5.1856609160944,2.1525013702517e-07,2.54983581929147e-06,"KLHDC3"
103.787590704399,0.0206253105473285,0.00397847677929619,5.18422293040936,2.16917350018653e-07,2.56802153086599e-06,"DHX9-AS1"
5.3099159999146,-0.119395183514085,0.023045014167423,-5.18095509278812,2.20752638932281e-07,2.61183672741593e-06,"ARHGAP42"
21.2500751001345,0.0756330611532585,0.0145992762949192,5.1806034508423,2.21169226158068e-07,2.61517484376935e-06,"PBX1"
25181.5674842097,-0.00819929954831655,0.00158310571015128,-5.17924955720932,2.22780276735038e-07,2.6326240357067e-06,"ARHGDIB"
1161.5345552312,-0.012358655423664,0.00238693949635729,-5.17761570518419,2.24739562990046e-07,2.65416468713988e-06,"UBE2J1"
154.569069830964,-0.0512720728587968,0.00990350915252146,-5.17716216233746,2.25286389226768e-07,2.65900822624385e-06,"ENSG00000174171"
1101.07771894157,0.00940093876570976,0.001816567810408,5.17511028867031,2.27776392380754e-07,2.68676689399518e-06,"ZFAND2B"
6.33940010651395,0.0665366368979798,0.0128577246138249,5.17483760901508,2.2810929142771e-07,2.68906292579418e-06,"TRIM7"
115.415709816421,0.0487041137796494,0.00941220962286507,5.17456747471205,2.28439546512226e-07,2.69132502677729e-06,"ENSG00000285190"
300.468903364884,0.0195456218653876,0.0037777324371265,5.1739031788749,2.29253653391599e-07,2.69928136326876e-06,"C10orf143"
437.751728092424,-0.0168459434125552,0.00325615544176165,-5.17356855772254,2.29664798786773e-07,2.70189626422324e-06,"RIT1"
109.624707796827,-0.0220674389635449,0.00426547875429398,-5.1734963962322,2.29753556168076e-07,2.70189626422324e-06,"MSANTD7"
1448.63174529444,0.0166831073968319,0.00322627699889096,5.17100899971292,2.32833352433525e-07,2.73646014391812e-06,"ZNF107"
391.293342290311,-0.0175742100768213,0.00339887720266395,-5.17059282490321,2.33352523658156e-07,2.74090575946546e-06,"TUBA1C"
55.2840062323083,0.0248066899392197,0.00479847124630325,5.16970690578396,2.34461420418684e-07,2.75226861108258e-06,"KCNAB3"
5277.31117613577,0.0120438710967289,0.00233017906555589,5.16864616748056,2.35795834834817e-07,2.76626343991075e-06,"NKTR"
19.3831593730228,-0.0642471297740564,0.0124308521445248,-5.16836086754954,2.36155993979985e-07,2.76881870940608e-06,"BMF"
1103.72243098559,-0.012181079632932,0.0023573222619643,-5.16733746143888,2.37452307162594e-07,2.78234025699977e-06,"MAP4"
2055.38522942854,-0.0135722167210291,0.00262685096156846,-5.16672507104296,2.38231285731676e-07,2.78978732014861e-06,"COX5A"
669.741491740749,-0.0182610861713769,0.00353535120070734,-5.16528207090806,2.40076599559853e-07,2.80801559713693e-06,"BLZF1"
716.3253786749,-0.011181345600009,0.00216468729499227,-5.16533987420524,2.40002415722122e-07,2.80801559713693e-06,"GAR1"
1723.35938085444,-0.0145628284447453,0.00281992509496489,-5.16426073541738,2.41391024908993e-07,2.81999809339629e-06,"NOLC1"
108.651613218385,0.0231979199221494,0.0044919326504529,5.16435167829387,2.41273703002589e-07,2.81999809339629e-06,"LINC00663"
674.914968760571,0.0174227649368608,0.00337441288368445,5.16319891412849,2.42764924605584e-07,2.83434606752893e-06,"ALOX12-AS1"
11.637502946198,0.0561958879040626,0.0108861320674683,5.16215378940662,2.44124595995744e-07,2.84851080786635e-06,"B3GNT9"
26.1131664770704,-0.0527541230009041,0.0102220607670323,-5.1608109365818,2.45882403620423e-07,2.86730133862161e-06,"RBM20"
1728.85843400096,-0.0101516966332327,0.00196733572417099,-5.16012417631997,2.46786098947373e-07,2.87611528497624e-06,"POLE3"
1123.02452957522,0.0153036128807525,0.002966250499676,5.15924493984042,2.4794775460224e-07,2.88792321842405e-06,"ERO1A"
2119.06267243927,-0.00986875604688679,0.00191332075305729,-5.15792034927626,2.49707795472932e-07,2.90668242354518e-06,"TXNL4A"
287.590254148758,0.0612712094089115,0.0118819297993009,5.15667155452448,2.51378171869961e-07,2.92437608914032e-06,"HLA-DPA1"
98.2727048412043,0.0268561824801102,0.00520883044332084,5.1558949311831,2.52422414223382e-07,2.93476890559414e-06,"ENSG00000272667"
140.987531693201,0.0328961889071011,0.00638256147055294,5.1540731818837,2.54888395034076e-07,2.96166915878602e-06,"FZD3"
410.134106506149,-0.019063028063381,0.00370009735202829,-5.15203418983858,2.5767604261031e-07,2.99227265958993e-06,"BICD2"
4360.13748174459,-0.0121301630559771,0.00235500602526639,-5.1507991596773,2.59378834754837e-07,3.01024923318397e-06,"PRKACB"
1013.92004614302,-0.00970420200291387,0.00188427848182497,-5.15008906407249,2.60362791642261e-07,3.01986682184473e-06,"MED27"
9.50026315188985,-0.130879750318906,0.0254171131859502,-5.14927676331285,2.61492792325517e-07,3.0311658543049e-06,"NTSR1"
1.39740597357716,-0.219550357712959,0.0426478062378632,-5.14798713182203,2.63296549879037e-07,3.05025681459032e-06,"PEG3"
163.222742866346,0.0158413729931976,0.00307737076089802,5.14769724678053,2.63703652025221e-07,3.05315460448962e-06,"PLBD2"
2281.20152762638,-0.0102081706206513,0.00198333748531156,-5.14696600868598,2.64733274462089e-07,3.06325218415353e-06,"R3HDM1"
1217.34492688161,0.00947742372048018,0.00184155817443412,5.14641560177289,2.65510837136816e-07,3.07042288534377e-06,"NENF"
489.028825697503,0.0202507851396203,0.00393638368648476,5.14451505556982,2.68212743638025e-07,3.09982535739942e-06,"CGRRF1"
1595.15210551174,-0.00887770359963854,0.00172581311770246,-5.14407006678525,2.68849187054768e-07,3.10533582981134e-06,"CEP135"
828.35975422727,-0.0174777781236889,0.00339781109022099,-5.14383456278383,2.69186605710173e-07,3.10738793333447e-06,"S100PBP"
17772.2400300667,-0.00955936139625494,0.00185863518693553,-5.14321555055468,2.70075447838441e-07,3.11579925024052e-06,"SERF2"
349.060191248796,0.0141820749000772,0.00276159977376397,5.13545627965761,2.81460308990386e-07,3.24437493855951e-06,"METAP1D"
5.34337154758339,-0.200925241064331,0.0391255764423986,-5.13539375861048,2.81553899351625e-07,3.24437493855951e-06,"IGHV4-4"
652.484455863867,-0.0115426312896393,0.00224846282062141,-5.1335655558891,2.84303939268726e-07,3.27218693651834e-06,"PGS1"
703.178301223719,0.0272829192214853,0.00531458905930409,5.13358961850907,2.84267575628454e-07,3.27218693651834e-06,"HSBP1L1"
8.15962437115786,0.0571167609378943,0.0111278524683303,5.13277481890131,2.85501410357345e-07,3.28402598040255e-06,"ARL13A"
7.66937077910036,0.0513277975999009,0.0100006377440918,5.13245244086803,2.85991007478671e-07,3.28771340807779e-06,"DNAH3"
1576.27376455349,-0.0143609781086453,0.00279919469901081,-5.13039629351981,2.89132819347981e-07,3.32186796759455e-06,"STK26"
60.0596968120255,0.0242813005879314,0.00473722618290352,5.1256367440427,2.96533850903871e-07,3.40488780043164e-06,"LINC02916"
4.32916278390087,0.0881861589905478,0.0172062299296068,5.125245876135,2.97149707861879e-07,3.40994629358195e-06,"DCDC2"
6388.70076732761,-0.00600892727773137,0.00117249677714287,-5.12489875867623,2.97697666290237e-07,3.41422011026616e-06,"HNRNPD"
14.5644624211243,0.0412854076905284,0.00805688028265953,5.12424241668146,2.98736433372748e-07,3.42411453478687e-06,"FAM83H"
1466.00054186083,-0.0136578729029271,0.00266631833663762,-5.1223714420201,3.01716797388899e-07,3.45623876679121e-06,"YAF2"
375.568627341455,0.0124264928400515,0.00242855732336982,5.1168208880525,3.10728435429018e-07,3.55528164560578e-06,"MYO18A"
14.6686776763709,0.0638013542539162,0.0124686880119665,5.11692603044398,3.10555340916792e-07,3.55528164560578e-06,"SYNGR1"
6612.5957323968,0.00949678344923074,0.00185639372694275,5.11571619285246,3.12552720295606e-07,3.57405230009984e-06,"PSIP1"
371.391871506308,-0.0180705947265505,0.00353259780483414,-5.11538412378051,3.13103114966955e-07,3.57824247310354e-06,"LRRC8A"
269.603135499893,0.0607473115209619,0.0118773904329937,5.11453352179234,3.14517234537347e-07,3.59127537703229e-06,"LINC01871"
1624.79547008292,-0.0101632190206504,0.00198714759028095,-5.11447618202001,3.14612783016967e-07,3.59127537703229e-06,"NUP210"
42.8033593631051,0.0283651580995453,0.00554792268901467,5.11275295088567,3.17497412447914e-07,3.62207751878262e-06,"RB1-DT"
8.06331952513108,0.0612815692296913,0.0119870124447661,5.11233049202753,3.1820848184525e-07,3.62806165320748e-06,"CASC2"
51.5708396243326,0.0245194690745532,0.00479690080046993,5.11152306342277,3.19571800009206e-07,3.6414710497827e-06,"CELF6"
6.40917197028045,0.0769432289345627,0.0150573141137734,5.1100234977618,3.22118746795233e-07,3.66834411236187e-06,"TNS2"
397.472461410531,0.0226848836759333,0.00443982954600706,5.1094041879006,3.23176325739296e-07,3.67823447159452e-06,"PCYOX1"
3.10317688028917,0.145344128491247,0.028448097066065,5.10909844527435,3.23699669457109e-07,3.68203641556153e-06,"CEACAM4"
2661.88267013735,-0.0134465392958543,0.00263210664378778,-5.10866052011623,3.24450697239878e-07,3.68842227470068e-06,"NECAP2"
700.006122264164,-0.0259156858056483,0.0050733077307648,-5.10824242899643,3.25169279762439e-07,3.69443204477757e-06,"NME1"
18.09516759705,0.0504704431235971,0.00988169540569683,5.10746800538911,3.26504359626813e-07,3.70743508412209e-06,"ANKRD29"
7.54245562555997,0.0846104016137869,0.0165678508716244,5.10690265559418,3.27482343504618e-07,3.71637051546576e-06,"COL27A1"
25.2736988274456,0.0327214845612989,0.00640844746053337,5.10599248301796,3.29062771397373e-07,3.73212826032088e-06,"ENSG00000272807"
559.62063897879,0.0117219719268765,0.00229617745034176,5.10499392158554,3.30805148312212e-07,3.74970334488393e-06,"MLH3"
96.7913303354979,0.0259548398674067,0.00508461972418257,5.10457837072159,3.31532859034473e-07,3.7557633320207e-06,"ATP13A4"
123.529147766841,0.0189804384991125,0.00371868497962661,5.10407270395309,3.32420464872854e-07,3.75877530379178e-06,"ACY1"
3.24200157340103,-0.114885819093383,0.0225090358771912,-5.10398667096172,3.32571708283669e-07,3.75877530379178e-06,"COL5A1"
207.210906785587,-0.028138392675281,0.00551294801891495,-5.10405550328755,3.32450697813981e-07,3.75877530379178e-06,"GRK3"
4.08129393218046,-0.0971520498694912,0.0190345098385264,-5.10399535862241,3.32556432622729e-07,3.75877530379178e-06,"LINC00629"
172.155617396606,0.0258576992689296,0.00507062507002928,5.0995092147052,3.40535292369602e-07,3.84654586055815e-06,"AGFG2"
1581.83241417421,-0.00960694610642587,0.00188423965566593,-5.09857972553421,3.42211397503083e-07,3.86099413737382e-06,"GORASP2"
14810.2700627284,-0.00792276335969194,0.00155390215017564,-5.09862436241332,3.42130724159229e-07,3.86099413737382e-06,"NCL"
3883.32930455968,-0.0113211313907928,0.00222067473588312,-5.09805925553099,3.4315341224999e-07,3.86937798357945e-06,"ATP5MC3"
17.7127447309787,0.0499769961632199,0.00980800691780375,5.09553027256744,3.477664411032e-07,3.91912227456451e-06,"ENSG00000279232"
69.6838765544641,0.0292928612711901,0.00574907871437209,5.09522703141306,3.48323575153275e-07,3.92205356006875e-06,"LYL1"
1248.96535374116,-0.0154685972659095,0.00303593393990771,-5.09516925337966,3.48429826322493e-07,3.92205356006875e-06,"SRSF6"
2471.02258385276,-0.010852991913477,0.00213021147396585,-5.09479553843157,3.49117827038873e-07,3.92752507445524e-06,"PRRC2B"
1686.58130440998,0.0104505293355802,0.00205200167717785,5.0928463908241,3.52727471561096e-07,3.96583933487565e-06,"PPCS"
10.2899819378533,0.0910607859824695,0.0179000387314553,5.08718374013631,3.63419707904428e-07,4.08369540060602e-06,"SNHG18"
176.170677210904,0.0341603370916798,0.0067156639802156,5.08666562119791,3.64413494962993e-07,4.09173907181931e-06,"HAVCR1"
821.814125149224,-0.0108819031487338,0.00213933113622499,-5.08659130158582,3.64556259907607e-07,4.09173907181931e-06,"EEF1E1"
663.983714318892,-0.0160852500147339,0.00316247175832568,-5.08629048540499,3.65134667155029e-07,4.09463516689591e-06,"NPM3"
7.86796825160481,-0.0868099553043026,0.0170676150142639,-5.08623819038297,3.65235309987374e-07,4.09463516689591e-06,"CBFA2T3"
508.809760397133,0.0122834129307449,0.00241517451958507,5.08593181616343,3.6582547151011e-07,4.09888896678753e-06,"MTMR8"
490.267910253624,-0.0117402574503918,0.00230876712501429,-5.0850764995708,3.67477923267363e-07,4.11503344011139e-06,"RPL26L1"
15.5759161811138,-0.0586513571661743,0.0115345478177924,-5.08484234429221,3.67931560385758e-07,4.11774268185465e-06,"ENSG00000227885"
300.661188185108,-0.0227962787763793,0.00448335354019677,-5.08464892897533,3.68306678117212e-07,4.11957055552495e-06,"CNP"
386.331944416334,-0.0162130300152664,0.00319077415373853,-5.08122143219383,3.75015655455458e-07,4.19220087026673e-06,"PGM2"
1520.88401163837,0.0134878058772506,0.00265463311616464,5.08085497582339,3.75739896447773e-07,4.19788439161725e-06,"PRKAG2"
325.625440867559,0.0156121689557434,0.00307398196549694,5.07880954767395,3.79807210148807e-07,4.24088980746523e-06,"SGSH"
32.486735409067,0.0307255112824911,0.00605047402870686,5.07819901989695,3.81029450126364e-07,4.2520962905381e-06,"PIPOX"
674.066269979717,-0.0202612492464073,0.00399025971226938,-5.07767681990907,3.82077874123828e-07,4.26135133576982e-06,"ACTR1A"
2697.02707896384,-0.00597776400466117,0.00117761915396294,-5.07614366201901,3.85172114447228e-07,4.29339988430546e-06,"ANAPC5"
85.9818982800527,-0.0327177190458373,0.00644733571600256,-5.07461073643653,3.882900553825e-07,4.32567575443585e-06,"MIR497HG"
58.4510997037311,-0.03360326646531,0.00662276238480946,-5.07390489237322,3.89733904572799e-07,4.33927543093618e-06,"RNF135"
39.7520425231545,0.026574624336819,0.0052377969320903,5.07362631300287,3.90305181227171e-07,4.34314993137855e-06,"CCDC183"
1463.54045761516,0.00845307850421722,0.00166633523322417,5.07285589098508,3.91889279509526e-07,4.35828380545442e-06,"LTA4H"
53.7789152574538,-0.0520253668021582,0.0102607140323689,-5.07034565411693,3.97093841861715e-07,4.41364132460126e-06,"TPRG1"
271.525989502336,0.0248714905711642,0.00490539572957192,5.0702312193138,3.9733268620558e-07,4.41377388885479e-06,"ANKRD17-DT"
176.546471320682,0.0281372507430034,0.00555234077563701,5.06763757485242,4.02783376065471e-07,4.47176909123828e-06,"LRATD2"
751.459593953811,0.0195635095008682,0.00386144458370505,5.06637064880446,4.05472052532125e-07,4.49905127997853e-06,"ZNF43"
285.14269392762,-0.0138565165219437,0.00273535679820251,-5.06570716151155,4.06887009312106e-07,4.51217743336931e-06,"TRIM11"
138.991526231637,0.0587223186220293,0.011592892503111,5.06537247768586,4.07602564530566e-07,4.51662974297945e-06,"ENSG00000254802"
555.903351169528,-0.0171062321299618,0.0033771394783122,-5.06530222983596,4.07752908779595e-07,4.51662974297945e-06,"TSPAN3"
696.391146109332,0.0132483824297286,0.00261559661657001,5.06514741065159,4.08084441289409e-07,4.51772934975544e-06,"SH2D3A"
142.542141848113,0.0193603071723611,0.00382328237253265,5.0637921257007,4.10997797645376e-07,4.5473937212743e-06,"CNIH3"
790.910008736716,-0.0168187542857398,0.00332482715183222,-5.05853493059677,4.22489865629342e-07,4.6718876500036e-06,"ZMAT3"
2992.38983192842,-0.0124918086760532,0.00246966981801186,-5.05808856914704,4.23479751425634e-07,4.68017309373864e-06,"ATP5PB"
40.638796370706,0.0312813848542005,0.00618467899090191,5.0578833436978,4.23935625859836e-07,4.68255074310032e-06,"ENSG00000258695"
1337.06597604804,-0.00819062342188428,0.00161976327406988,-5.05667930184896,4.26619758416064e-07,4.70952379168608e-06,"TXNL1"
10.6776590809367,-0.0544083914924378,0.0107640067522802,-5.05465973262346,4.3115877546389e-07,4.75693099350433e-06,"SLCO4C1"
5.93683181644763,-0.0916323520508303,0.01813742142715,-5.05211572763398,4.3694281114197e-07,4.81801282285853e-06,"CFAP46"
470.444411653263,-0.0155997466542686,0.00308847826226762,-5.05094915021838,4.3962010031717e-07,4.84254364221742e-06,"RIOK2"
2770.50734573976,-0.0123153248927197,0.00243828162982631,-5.0508213415843,4.39914380535612e-07,4.84254364221742e-06,"RAC1"
613.984398889537,-0.0131583753897344,0.00260515580931032,-5.0508976632833,4.39738626473568e-07,4.84254364221742e-06,"PDCD11"
5.05143681385897,-0.135269605026138,0.0267904593589052,-5.0491707967364,4.4373188635167e-07,4.88003933058936e-06,"SPRY2"
509.750630155722,-0.0129410423476696,0.00256302326643456,-5.04913182691156,4.43822403774232e-07,4.88003933058936e-06,"ZNF592"
3954.58327904991,-0.00721125098545018,0.00142855063028346,-5.04794918190564,4.46577888801346e-07,4.90756300286722e-06,"DDX46"
1964.21768227173,-0.0099884684731604,0.00197905988008321,-5.04707743999157,4.4861954797821e-07,4.92443500435901e-06,"BCCIP"
915.02013558405,-0.00944842971917139,0.00187203916759697,-5.0471324973931,4.48490335104097e-07,4.92443500435901e-06,"CHFR"
879.140986721961,0.01243463766458,0.00246394469768037,5.04663829358115,4.49651456297902e-07,4.93297827210969e-06,"BMI1"
499.360108716415,-0.0163355336253925,0.00323747194959704,-5.04576838956882,4.51702325061192e-07,4.95268428678987e-06,"ZNF354A"
1592.76011088259,-0.00754588484577611,0.00149554875943323,-5.04556257238699,4.52188873996708e-07,4.95522579611829e-06,"GPBP1L1"
54.4853772593981,-0.0343298246580946,0.00680495146048121,-5.04483020304555,4.53924288217791e-07,4.96878108669995e-06,"KMO"
3301.50851259928,-0.0102683958386139,0.0020354315450926,-5.04482494799244,4.53936763717332e-07,4.96878108669995e-06,"TOP1"
10.687190891924,-0.0502988033170409,0.0099714323225678,-5.04429069865945,4.55206799463097e-07,4.97988045914325e-06,"FKBP14-AS1"
199.809838999169,0.0222791971222628,0.00441685043493434,5.04413664226645,4.55573663818711e-07,4.98109237489475e-06,"NEIL2"
2426.42316056904,-0.0243244808587624,0.00482336516327483,-5.04305190159959,4.58164912187384e-07,5.00501854728751e-06,"CHD7"
2.28242250864291,0.150341070520494,0.0298118011167518,5.04300528276417,4.5827659414524e-07,5.00501854728751e-06,"SFRP5"
144.053847394243,-0.0248064747541764,0.00492199283637506,-5.0399250016881,4.65714313914036e-07,5.08339456786864e-06,"SH3BP5L"
1830.37980381347,0.00996992736251791,0.00197829041362141,5.03966823772209,4.66339532628115e-07,5.08736413300586e-06,"NSRP1"
29.4486953571358,0.0378694634194256,0.00751448516924635,5.03952866583722,4.66679728899485e-07,5.08822164059635e-06,"FMR1-AS1"
8.55514290823607,-0.100478003948129,0.0199514339911518,-5.036129432736,4.75039407869835e-07,5.17646583892222e-06,"ENSG00000235126"
2297.19908192758,-0.0206315101781201,0.00409750319211033,-5.03514194152323,4.77494880174511e-07,5.19739950435054e-06,"INPP5D"
45.7853397803709,0.0322790398507855,0.00641064082250524,5.03522826258906,4.77279748909842e-07,5.19739950435054e-06,"LINC02960"
412.676225673971,0.0201903884227914,0.0040115193122414,5.03310263549752,4.82604573470615e-07,5.25007917146361e-06,"ACSL5"
184.171499439816,-0.031650507704202,0.00628914617022569,-5.03256035835882,4.83972156518204e-07,5.26201364809144e-06,"SRGAP3"
3600.43618120415,-0.00980838657960264,0.00194910751092036,-5.03224502735159,4.84769115951518e-07,5.26773411976144e-06,"SRPK2"
66.7681723396069,-0.0341865129439352,0.00679477642389021,-5.03129327754428,4.87182226586712e-07,5.29100027322062e-06,"ABCD1"
735.606489719221,0.0148599748122115,0.00295409829581302,5.03029125106406,4.89735328990676e-07,5.315759980021e-06,"OSTM1"
612.652242284284,-0.0226383740838156,0.00450333472886847,-5.02702451556467,4.98148690676626e-07,5.40406591319078e-06,"GPX7"
4447.3338752304,-0.00850884498903232,0.00169276387977254,-5.02659886042444,4.99255161735629e-07,5.41305025134879e-06,"STAG2"
38.8591109250273,0.0348347864927301,0.00693034145077322,5.02641705898107,4.99728468261707e-07,5.41516347418298e-06,"PPP1R12A-AS1"
6.344397264299,0.077209641425793,0.0153641596465116,5.0253084582679,5.02624005923588e-07,5.44350753854105e-06,"KLHDC9"
7331.55870942188,-0.0148805996282966,0.00296204228155931,-5.02376340842203,5.06686500110553e-07,5.48445137097961e-06,"MLLT3"
740.918002239503,0.013043964627932,0.00259668443646185,5.02331528805448,5.07870682075641e-07,5.49421170025211e-06,"ZSCAN16-AS1"
245.978872290405,0.0344500461378478,0.00685850874558808,5.02296452709325,5.08799448270675e-07,5.49882453629042e-06,"MICA"
504.276848696095,-0.0183832295182481,0.00365985394958101,-5.02294074340115,5.08862483436469e-07,5.49882453629042e-06,"ATP6V0D1"
6601.44504172259,-0.00876076011989888,0.00174427251931647,-5.02258679356593,5.09801465699159e-07,5.50591244270647e-06,"ARHGEF1"
737.287078793969,-0.0105852718767679,0.00210823514035303,-5.02091615596322,5.14256048620283e-07,5.55094028951893e-06,"COPS4"
729.017155507252,-0.00938165811155809,0.00186884448102114,-5.02003147229883,5.16630143344913e-07,5.57347360965163e-06,"DDX19A"
53.5066364441078,0.0484547313575498,0.00965277280672715,5.01977331568201,5.17324909757885e-07,5.57787517721764e-06,"ENSG00000274979"
98.6275218180105,-0.0224557194624077,0.00447402484772884,-5.01913159329166,5.19055856773224e-07,5.59034079185824e-06,"C16orf86"
180.571851033758,-0.0164209528364869,0.00327164401986578,-5.01917468305755,5.18939454086878e-07,5.59034079185824e-06,"MICALL1"
1163.36995910353,-0.0101774531640485,0.00202791026025481,-5.01869010849117,5.20249935144814e-07,5.60010043635959e-06,"NELFCD"
51.1679084983341,0.0538074137995899,0.0107217041957219,5.01855048575765,5.20628122002585e-07,5.601071682009e-06,"PLEKHG5"
516.367173647924,0.0190859044147697,0.00380514978725491,5.01580896465537,5.28107828035526e-07,5.67839986905418e-06,"MRNIP"
2258.92954073822,0.00917288288123034,0.00182886429390694,5.0156170207876,5.28635372842403e-07,5.68093184373347e-06,"RSRC1"
164.810867815703,0.0219826508674498,0.00438443428591931,5.01379412574332,5.33670871081174e-07,5.7318785827719e-06,"HMGA1P4"
784.50772034202,0.0142720354747807,0.00284758723621064,5.01197480213911,5.387426011437e-07,5.78315802143825e-06,"CEP68"
804.245195679515,-0.0158402283908876,0.00316161010476428,-5.01017768352201,5.43798039207237e-07,5.83420610072806e-06,"UBL7"
47.2925036024439,-0.0438606966495365,0.00875552674531442,-5.00948691328125,5.45753374809684e-07,5.85195639108222e-06,"ENSG00000291262"
641.548484693488,0.0301413521355294,0.00601713545976209,5.00925271453356,5.46417849240175e-07,5.85585321519044e-06,"LINC00243"
45.2798013726797,0.0274591561113898,0.00548200458122447,5.00896263484268,5.4724195191115e-07,5.86145551025539e-06,"FGFRL1"
715.264860282492,-0.0370407349704854,0.00739747685127218,-5.007212015015,5.52240876793265e-07,5.91174314502245e-06,"ITPRIP"
84.016001629167,-0.0455341594980044,0.00909730225311203,-5.00523762222235,5.57931618263199e-07,5.96937728648926e-06,"DBH-AS1"
7001.86607020093,0.0184322831629867,0.003683655326652,5.00380234535663,5.62103924359017e-07,6.01071106800838e-06,"PRKCA"
360.074335291191,-0.0196060664839431,0.00391838026566133,-5.00361505384269,5.62650588803032e-07,6.01325088066361e-06,"LACTB"
113.001988341204,0.0219507200844799,0.00438754453499104,5.00296234247221,5.64559724224334e-07,6.0303411289882e-06,"VSIG10"
40.8299575833357,0.0362212840442819,0.0072402008884847,5.00280097226179,5.65032682873179e-07,6.0320805239112e-06,"OXA1L-DT"
78.7928302348867,0.0288397283004841,0.00576694024956995,5.00087170187602,5.707168320323e-07,6.08608174334445e-06,"SLC16A11"
2905.45755403655,-0.00728177886766574,0.00145609853427185,-5.00088331680599,5.70682446957054e-07,6.08608174334445e-06,"RALY"
16.7768426934702,-0.0735393795325693,0.0147066951067472,-5.00040144973363,5.72110654695514e-07,6.09760238053832e-06,"MZB1"
157.652094479689,0.0182959326817704,0.00366010504872269,4.99874523769621,5.77045830162934e-07,6.14683375821426e-06,"LRRC69"
807.456678714957,-0.00975602439402832,0.00195177530282979,-4.99853870467748,5.77664127065227e-07,6.15005196253187e-06,"GPS1"
22.7539540410423,-0.114554669918199,0.0229208432661834,-4.99783836867857,5.7976547772789e-07,6.16904721405097e-06,"KC6"
6.92621572914409,-0.0688810059952171,0.0137892703435338,-4.99526111818652,5.87562128853244e-07,6.24858992253934e-06,"RASL10B"
643.4976027415,0.0611878452656484,0.0122560819231781,4.99244747621447,5.96189298205717e-07,6.33687324557345e-06,"SAMD12"
380.174391187957,0.0164640652154118,0.0032984643674483,4.99143340091574,5.99328481662961e-07,6.3667604024174e-06,"FAM13A-AS1"
1916.47987253764,-0.00941037174800985,0.00188562775889642,-4.99057764906756,6.01989947447346e-07,6.39154283176764e-06,"PPP4R2"
1387.98005186014,0.012012316884921,0.00240748417840679,4.98957251418799,6.05130558212922e-07,6.42138269929053e-06,"SBF2"
174.624670025935,0.0352415089627596,0.00706423778340407,4.98872065795295,6.07804598632796e-07,6.44624168375492e-06,"LINC01422"
2.41010733056661,0.102345461409427,0.0205211158210919,4.98732438828863,6.1221224548992e-07,6.48944980219315e-06,"CPLX2"
2.1313031382586,0.156685235503737,0.0314208860248485,4.98665872693171,6.14324388416944e-07,6.50829176421458e-06,"ANKRD18DP"
431.817265689007,0.0137629080622355,0.00276007996922969,4.98641641389707,6.15094989790739e-07,6.50936487835672e-06,"MMAB"
195.962426955755,-0.0259360585976639,0.00520128114611387,-4.98647503741304,6.14908470506637e-07,6.50936487835672e-06,"ZNF542P"
620.412234049283,0.0140276651110305,0.00281400473357261,4.98494723326965,6.19787250890127e-07,6.55545503918644e-06,"SLAIN1"
27.7038459262403,0.0695278238782849,0.0139494189678682,4.98428099682422,6.2192642550384e-07,6.57450592525826e-06,"SGSM1"
134.516097060802,0.0180770733430528,0.00362692065290549,4.98413808103893,6.22386230466024e-07,6.57579281303348e-06,"METTL25B"
8.40074886422836,-0.117484044280432,0.0235799186757265,-4.98237699188384,6.28079170994994e-07,6.63233873779784e-06,"NSUN7"
148.001983263553,0.0275441536073509,0.00552861116646069,4.98211083724742,6.28943902918015e-07,6.63786644365616e-06,"HCCS-DT"
3151.95200682981,-0.00748003145321845,0.00150176165876372,-4.98083794426885,6.33095402051485e-07,6.67805784452464e-06,"COPS9"
13.3019957321263,0.0500218553485917,0.0100434299526047,4.98055500806462,6.34021770489166e-07,6.68420458416519e-06,"ASAH1-AS1"
1443.36487989402,-0.0158232193492551,0.00317765361087132,-4.9795293279044,6.37390939786329e-07,6.71608405730438e-06,"HDAC2"
4.70050603138733,-0.0773728030832842,0.0155386581758661,-4.97937480878858,6.37899999636887e-07,6.71780882129783e-06,"EPOP"
48.5319890027883,-0.0855833839630125,0.0171900371704189,-4.97866194904377,6.40253578549035e-07,6.73894608027991e-06,"ENSG00000268119"
77.7255491102813,0.0268937536373332,0.00540332641289526,4.977258744382,6.44910875444146e-07,6.78429499094867e-06,"COP1-DT"
268.582113908739,-0.019417660513448,0.00390155415094833,-4.97690401368087,6.46093402164318e-07,6.79306095432332e-06,"TBC1D22B"
1207.04216439771,-0.0104988728293918,0.00211001096916987,-4.97574324626486,6.49977549393223e-07,6.82605783737993e-06,"COPS8"
1612.09668172955,-0.00980069977719819,0.00196966564184813,-4.97581902682845,6.49723288190891e-07,6.82605783737993e-06,"PPP6C"
253.116494930558,-0.0208715453889598,0.0041947359491967,-4.97565177921552,6.50284570082001e-07,6.82605783737993e-06,"IPO4"
1307.9871457759,-0.0307572735461664,0.00618543708662593,-4.97253033462573,6.60846265609908e-07,6.93318269276069e-06,"STMN1"
75.2585699986519,0.0286939707313093,0.00577254896266896,4.9707626417503,6.66900531489405e-07,6.99292843018891e-06,"PROCA1"
917.073432412215,-0.0105513180055294,0.00212293290049934,-4.97016085767364,6.68973782653182e-07,7.0108884948206e-06,"MAML1"
928.218994073584,0.0076321646020537,0.00153629571784692,4.96790071949818,6.76815961499864e-07,7.08925539425624e-06,"MBD1"
1439.33094999806,-0.00808136696823572,0.00162685280720715,-4.96748503148797,6.78267919292614e-07,7.1006400958884e-06,"ANKRD10"
264.527205479843,-0.0155134312688566,0.00312432523125884,-4.96537015853694,6.85701568087404e-07,7.1704857062577e-06,"CAMKK2"
130.561239631129,0.0244062854772758,0.00491534131554127,4.96532873518027,6.85847949632405e-07,7.1704857062577e-06,"LINC00641"
752.449829232746,-0.00966966249698151,0.00194745845383759,-4.96527280360041,6.86045648005016e-07,7.1704857062577e-06,"AKT2"
83.580519692705,-0.0294292834880855,0.00592758620766422,-4.96480058780657,6.87716954282405e-07,7.18409370448285e-06,"ITPKC"
140.786730311325,0.0286390111286777,0.00576892874526179,4.96435515037343,6.89297079677497e-07,7.19534466882467e-06,"STX17-DT"
764.434335600173,-0.0116770861559426,0.00235221747587826,-4.9642884961488,6.89533826676736e-07,7.19534466882467e-06,"RNF6"
2919.53593262077,-0.0131615082763416,0.00265147590719575,-4.96384230406282,6.91120660967668e-07,7.20803644851587e-06,"CCNY"
3464.36332060966,0.00825726342855004,0.0016637018007878,4.9631871677004,6.93456960972048e-07,7.22852698170809e-06,"SNRNP70"
3107.38434010743,0.0147508779634406,0.00297347974817287,4.9608133273834,7.01986288769663e-07,7.31351649858528e-06,"TTC39C"
16.2327216637502,0.0491036365755535,0.0099001758726767,4.95987517868988,7.05384895953859e-07,7.34499015588785e-06,"DDR2"
138.653731198335,0.0440996514359392,0.0088937491300008,4.95849959239127,7.10396877435791e-07,7.39322079347435e-06,"HAR1B"
42.9375094490856,0.0407259782345023,0.00821537365082959,4.95728861101646,7.14837500821446e-07,7.4354568066727e-06,"WWTR1"
2535.21865943173,-0.00987240628031104,0.00199197244336981,-4.95609581004541,7.19237595533335e-07,7.47722633389572e-06,"NDUFA2"
399.313695070144,-0.0128837845307494,0.00259981756087824,-4.9556494750336,7.20890769597012e-07,7.49040938003818e-06,"MRPS17"
234.976610047497,-0.0175525407694649,0.00354217012151472,-4.95530710477535,7.2216135059989e-07,7.49960514176106e-06,"SSX2IP"
576.450631189157,0.0136247727947589,0.0027496980501894,4.95500689387347,7.23277247866552e-07,7.50318173240123e-06,"ACAD11"
25.4562588988362,-0.14043636198516,0.0283420845996296,-4.95504702526346,7.23127981568986e-07,7.50318173240123e-06,"LINC02312"
12.7128881936908,0.0647511924792673,0.0130687894138432,4.95464349671737,7.24630233902128e-07,7.51321038359824e-06,"SLC26A7"
22.4833321942001,0.0344801880859185,0.00696064699996123,4.95358952782845,7.28568135605999e-07,7.55001534665545e-06,"PAQR7"
8.72622212219961,0.0562683466687892,0.0113607779366389,4.95286035715229,7.31304564126644e-07,7.5703060547245e-06,"TEX46"
998.871586918615,-0.0160506749327556,0.00324064596603665,-4.95292454065439,7.31063299683764e-07,7.5703060547245e-06,"C1orf131"
34.2289894101729,0.0487571639591071,0.00984487055746348,4.95254494962799,7.32491289548796e-07,7.57794222690175e-06,"APBA1"
761.062712551284,-0.0126232819600722,0.00254889264133067,-4.9524572967036,7.3282141426159e-07,7.57794222690175e-06,"COMMD9"
1017.18248743775,-0.0137773807133899,0.00278292691238618,-4.95068003836892,7.39546052169406e-07,7.64185724301147e-06,"NUS1"
3.43763560617359,0.0882749524167532,0.0178311033931214,4.95061637356702,7.39788041159354e-07,7.64185724301147e-06,"NPM2"
75.3300628385862,0.0289117638211605,0.00584028730055207,4.95040095346465,7.4060741572396e-07,7.64626053250889e-06,"CATSPERG"
1716.55691287741,0.00959993049640355,0.00193936768920874,4.95003116212599,7.42015997615828e-07,7.65673908202943e-06,"TTC19"
4354.71807829747,-0.0127420447672839,0.00257491971021863,-4.94852119726948,7.47794476404112e-07,7.71227484651983e-06,"PAIP2"
1006.47925533325,-0.0158657141776833,0.00320676995457653,-4.94756855104016,7.51462431795732e-07,7.74599669361886e-06,"EMC6"
488.752698177253,0.00963956489957728,0.001948838086238,4.94631389218452,7.56319673505112e-07,7.79193536512073e-06,"PAN2"
85.0076103604685,0.0287088191148421,0.00580453887488554,4.94592589241781,7.57827874908594e-07,7.8033403890138e-06,"SMARCA1"
1200.08723673718,-0.0106164236332095,0.00214735846481929,-4.94394569287848,7.65570382841046e-07,7.87889392414878e-06,"ZBTB44"
10.9347276287597,0.0688329848459746,0.0139235163999439,4.94364949692248,7.66735029718014e-07,7.88670706665525e-06,"RUFY4"
8.96097403340536,0.0503518897907734,0.0101856671753251,4.94340615337906,7.67693137029602e-07,7.89238858792959e-06,"CCER2"
567.974446622073,-0.0132352565145845,0.00267754451238036,-4.94305751160726,7.69067841150778e-07,7.90234473228937e-06,"RBFA"
2967.00395563161,0.0110683353266912,0.00223948481513237,4.94235783690145,7.7183383593827e-07,7.92657863930058e-06,"TMC6"
3751.38601021363,-0.0107427128164974,0.00217407894431945,-4.94127080553653,7.76150169926157e-07,7.96670024022885e-06,"XRN2"
206.997076572361,-0.0319728597929378,0.0064709227979461,-4.94100467449343,7.77210448568008e-07,7.97337575690735e-06,"ZNF593"
5920.67816068775,0.0150959297013383,0.00305531099532396,4.94088154182736,7.77701486893697e-07,7.97420749687365e-06,"TRABD2A"
10.933330576494,-0.0553685039413696,0.0112067692555862,-4.94063031714251,7.78704267861447e-07,7.98028277880559e-06,"ENSG00000285783"
1765.19117951106,-0.0110300453873542,0.00223289669395093,-4.93979207243907,7.8205919936423e-07,8.01044417421466e-06,"RAB11A"
4255.85990959028,0.0123081509110932,0.00249190403225968,4.93925558599146,7.84213697210123e-07,8.02828453917584e-06,"TMC8"
6.80292699563681,0.091156833493877,0.0184583897133741,4.93850411164679,7.87241188943708e-07,8.05503859344769e-06,"SFTA2"
1835.83185455055,-0.0157051740942752,0.00318022550979527,-4.93838378627629,7.87726992528293e-07,8.05577167805879e-06,"RFTN1"
916.765248271411,-0.0401425905064989,0.00813132666323853,-4.93678241805021,7.94219940517201e-07,8.11790439464008e-06,"SKIL"
577.744331386352,-0.0472960092171951,0.00958290482542411,-4.93545642775409,7.9963532029321e-07,8.16559857731014e-06,"SUSD4"
735.034676646794,0.00923522413865794,0.00187120797492885,4.9354343623985,7.99725735940354e-07,8.16559857731014e-06,"MAP4K1"
593.672452881289,0.0117150162228431,0.00237406220942181,4.93458687659926,8.03205880388522e-07,8.1968297898411e-06,"RORA-AS1"
2624.77612205298,-0.00884260928630227,0.00179205738114745,-4.93433378826317,8.04247996308529e-07,8.20316086848306e-06,"SYNCRIP"
28.2283268031851,0.0401689780677875,0.00814123936712391,4.93401265537021,8.05572166998896e-07,8.21236070246096e-06,"LINC00551"
2062.58063885976,0.0127627613253518,0.00258689311863206,4.9336252949255,8.07172216990887e-07,8.22436186102134e-06,"WSB1"
219.629753313363,-0.0675357635960368,0.0136897289450829,-4.93331634738425,8.08450564634599e-07,8.23124672150702e-06,"KLF10"
70.8148020904239,0.021423038011877,0.00434257445771547,4.93325749977979,8.08694282288824e-07,8.23124672150702e-06,"TMEM202-AS1"
10.1298719062556,-0.071991988087263,0.0145942741241592,-4.93289268618631,8.10206739529014e-07,8.24232808084668e-06,"CDT1"
13.1222126045303,0.062756993292026,0.012725769867941,4.93148893491502,8.16051912324278e-07,8.29745203691559e-06,"CADM1"
11.1514459027909,0.0496821900054552,0.0100768969330285,4.93030645600975,8.21007211399174e-07,8.33911815609678e-06,"MLF1-DT"
927.888184270984,0.0164647503950745,0.00333947061169499,4.93034744411707,8.20834962718771e-07,8.33911815609678e-06,"TNFSF12"
630.139194090651,-0.011181939018951,0.00226819954012063,-4.92987447583923,8.22824685702904e-07,8.35321657703924e-06,"CRIPT"
33.8914532704994,0.0975360135271582,0.0197897060530369,4.92862366251218,8.28109125063458e-07,8.40247813855468e-06,"ENSG00000291105"
109.021181047219,-0.0258479406943591,0.00524571345413565,-4.92744045597476,8.33138012292234e-07,8.44909670338699e-06,"MCPH1-AS1"
1610.5819938585,-0.00881179116298089,0.00178844995834644,-4.92705491806328,8.34782976651233e-07,8.46136721148678e-06,"ITCH"
30.7363748760369,-0.0423091907495952,0.00858778815373388,-4.92666912506448,8.36432160179337e-07,8.47366768106681e-06,"LINC00865"
107.836809649275,-0.0293268690684609,0.00595359471122358,-4.92590955396654,8.39688341343031e-07,8.50222692736247e-06,"PKIG"
1254.52590320039,-0.0182033392058517,0.00369582096541367,-4.92538447511466,8.41946417929558e-07,8.52065545012895e-06,"SSBP4"
200.685903903417,-0.0216181811265702,0.00438964909787544,-4.92480848572457,8.44430158746561e-07,8.54134738314059e-06,"UBALD1"
1704.48019958392,-0.00969819860528121,0.0019695243777639,-4.92413230055679,8.47354961366911e-07,8.56647679498326e-06,"CUL4A"
283.89663070234,0.0149595018076576,0.00303895667547651,4.92257817571945,8.54114270768156e-07,8.63032554842151e-06,"ZNF510"
46.25332606451,0.0266984749777614,0.00542434938831629,4.92196815995449,8.5678155954768e-07,8.65278199104981e-06,"ACER1"
548.292297963493,0.0168234468500406,0.0034182920044017,4.92159441860942,8.58419701263323e-07,8.66482698976279e-06,"PCCA"
5.64840122647451,0.0641287033937571,0.0130308110284602,4.92131328231955,8.59653934073548e-07,8.67278458073889e-06,"LINC02896"
213.833081384323,-0.0157871388401883,0.00320994444777181,-4.91819690248751,8.73450304269543e-07,8.80740376793514e-06,"DGCR8"
5764.99212039253,-0.0101279325092944,0.00205964637554247,-4.91731620998626,8.77387656338399e-07,8.8425219188799e-06,"AKAP13"
1750.36113244867,0.0183913463074985,0.00374064985029285,4.91661797910827,8.80521409914141e-07,8.8649181906004e-06,"PHF1"
464.117192993446,-0.0117815426425344,0.00239623715122957,-4.91668474319787,8.80221298357438e-07,8.8649181906004e-06,"DMAC2"
1998.28349645271,-0.011476648573614,0.00233515397580908,-4.9147288326619,8.89054275477966e-07,8.94619488480182e-06,"NDUFS6"
3.065151198081,0.149257923892748,0.0303766701472796,4.91357094668636,8.94323492806269e-07,8.9945637324585e-06,"ENSG00000256001"
872.794848657127,-0.0103044598032566,0.00209730188886169,-4.91319817045952,8.96026283452334e-07,9.0070321650808e-06,"TRIM24"
204.656803636207,-0.0219018870497529,0.00445803570544996,-4.91290076994624,8.97387006516329e-07,9.0086713371418e-06,"DCBLD2"
349.997958186,0.0173871665699116,0.00353911377563668,4.91285888846105,8.97578790364548e-07,9.0086713371418e-06,"FAM135A"
101.302151251961,0.0392250485397786,0.00798388775733385,4.91302605096711,8.968135547293e-07,9.0086713371418e-06,"SPRYD7"
245.281393039735,-0.0251711816068514,0.00512372772602011,-4.912669632897,8.98445922344972e-07,9.01272389661271e-06,"BNIP1"
2531.86082472657,-0.00696716202090798,0.00141858825780201,-4.91133490115238,9.04584346873298e-07,9.06962377888275e-06,"RTF1"
2599.95963597593,-0.0102955465865376,0.00209795963386301,-4.90740928488707,9.22873171815013e-07,9.24822569035231e-06,"MFNG"
1139.82256075663,0.0117983577604684,0.00240427991950313,4.90723133557037,9.23710588429799e-07,9.25185100697632e-06,"STX8"
40.8552034770743,0.0323298374123812,0.00659051247278151,4.90551190759471,9.3183986930308e-07,9.32847004519516e-06,"SLC15A3"
586.581947398312,0.0110620993532458,0.00225595776422713,4.90350463499727,9.41417203330342e-07,9.41949898249922e-06,"ENSG00000242861"
176.283061306781,0.0167094121074395,0.00340808992203429,4.90286714543775,9.44478646041705e-07,9.44527205355126e-06,"ZSCAN16"
63.5323312727529,0.0228707113017062,0.00466497281922949,4.90264620780444,9.45541898872582e-07,9.45104597891603e-06,"ENSG00000260997"
58.4797822624897,0.0243631723507937,0.00497223462306035,4.8998436714554,9.59129403683216e-07,9.58193427377619e-06,"ENSG00000286817"
6.86227521207638,0.0603975291141443,0.0123291084096346,4.89877508635958,9.64359551483157e-07,9.62026549399991e-06,"ENSG00000286389"
456.938193463445,0.0248816979050559,0.00507929081759374,4.89865589480921,9.64944629005903e-07,9.62026549399991e-06,"ENSG00000253736"
480.363101342328,-0.0139436475347124,0.002846389689914,-4.8987134769778,9.64661931814673e-07,9.62026549399991e-06,"SLC38A10"
7.53371560511029,0.170824759959775,0.0348711383968239,4.8987434254608,9.64514932539026e-07,9.62026549399991e-06,"DUXAP8"
2.74061568548098,0.115213299449027,0.0235209973332873,4.89831693003832,9.66610379303944e-07,9.63193570073823e-06,"ENSG00000290849"
4264.6896942253,0.0153065230315783,0.00312581571208879,4.89680916644632,9.7405347585196e-07,9.70113372186199e-06,"PIK3R1"
83.0007101987233,-0.024960169606087,0.00509822052440059,-4.89585915058503,9.78771543762965e-07,9.74313474807238e-06,"SANBR"
784.523490988408,-0.0116736575359586,0.00238598848954741,-4.89258753221101,9.9518831029939e-07,9.90148737781761e-06,"PRRC1"
59.5434826095635,0.0349265285693878,0.00713923225475976,4.89219671290313,9.97167047882045e-07,9.91610237645893e-06,"RUSF1-DT"
503.526653770493,-0.0215685030416119,0.0044097873350662,-4.89105287914937,1.00298012145318e-06,9.96372131888959e-06,"EEIG2"
368.74863196205,-0.0129879311855239,0.00265541893154333,-4.89110438704875,1.00271765342105e-06,9.96372131888959e-06,"PCCB"
7.07581311022819,0.0543900930453675,0.0111220350561602,4.89030045047758,1.00682180829135e-06,9.9967794757912e-06,"ENSG00000289453"
461.409504531493,-0.0177385009347925,0.00362809388980778,-4.88920669462949,1.01243148366737e-06,1.0047349382048e-05,"RANBP10"
3235.54025113276,0.0147387291321676,0.00301496960148024,4.88851666196947,1.01598600019352e-06,1.00774827586763e-05,"BTBD9"
1548.38071554893,-0.0161613025619543,0.00330651448082228,-4.88771564609486,1.02012728274993e-06,1.0108250523061e-05,"NCOA4"
210.314459725394,-0.0235756966343912,0.0048233802996401,-4.8877955230174,1.01971358780013e-06,1.0108250523061e-05,"GOLGA7B"
1388.6837098951,-0.0130064248433118,0.00266196071717405,-4.88603184840362,1.02888562083249e-06,1.01898443028578e-05,"SUPT4H1"
5.47178532323053,0.0839862578293372,0.0171912228861483,4.88541498097895,1.03211235901525e-06,1.02165992342014e-05,"C12orf56"
14.2909509794789,0.0697489888944397,0.0142815542469635,4.88385141339008,1.04033483126845e-06,1.02927532060034e-05,"CLIC2"
7285.76759743332,-0.0101360659550242,0.00207552283188819,-4.88362055058822,1.04155421916525e-06,1.02995786054821e-05,"ARPC3"
554.731073323395,-0.012470041514314,0.00255368468556608,-4.88315632105916,1.04401038597818e-06,1.03186209439337e-05,"NIPA2"
186.020820283392,-0.0296760879551676,0.00607819473980387,-4.88238518598784,1.04810266864881e-06,1.03538065047679e-05,"RMI2"
119.77471611952,-0.0352071007904287,0.0072122511362358,-4.88156889234502,1.05245142018808e-06,1.03914886162835e-05,"RAB15"
1456.252073845,0.0186248737229268,0.00381576466003547,4.88103313026481,1.05531509185244e-06,1.04144768399908e-05,"PREPL"
362.097782765462,-0.0236020488471251,0.00483651487763231,-4.87997027700231,1.06101830022419e-06,1.046544977569e-05,"PDRG1"
405.107136161769,-0.0085605935005149,0.00175469477580701,-4.8786795393391,1.06798421470841e-06,1.05288195439905e-05,"AP1B1"
3.14593925166921,-0.101153067241291,0.0207388918943397,-4.87745766536825,1.07461902251429e-06,1.0588862516173e-05,"ENSG00000250237"
1622.10869504939,-0.00951778321935369,0.00195163899183552,-4.87681546595981,1.07812206768275e-06,1.06180011840492e-05,"RBM22"
13.6869912356205,0.0404492487254833,0.00829528965293891,4.87617074482175,1.0816499214801e-06,1.06365887880229e-05,"PRKAR2A-AS1"
4.53983918920136,0.0830303422270353,0.0170274789462316,4.87625575631155,1.08118411149152e-06,1.06365887880229e-05,"CCDC92B"
3.21632547967755,-0.15357588534918,0.0314940811435186,-4.87634119723431,1.08071614299891e-06,1.06365887880229e-05,"CPXM1"
34.5821146970003,0.0578176868499216,0.0118604964310673,4.87481170674057,1.08912287845546e-06,1.07046635213932e-05,"ZNF300"
61.6986144664779,0.0985687364968336,0.020220740657447,4.87463531463335,1.0900964428606e-06,1.07088211667079e-05,"PLEKHH2"
172.202882705667,0.0265477122916322,0.00544803941494342,4.87289284633561,1.09975879003722e-06,1.0798287847054e-05,"MAP3K6"
354.897609516828,0.119800115002502,0.0245883557393188,4.8722296143996,1.10345816038314e-06,1.08241665916574e-05,"LRRC7"
48.1981813344336,-0.0344292297023834,0.00706643461015216,-4.87222080183404,1.10350739557126e-06,1.08241665916574e-05,"CASTOR2"
837.131240486045,-0.00923119718097747,0.00189476617883752,-4.87194530073417,1.1050476675183e-06,1.08338115831141e-05,"DCTN1"
156.656775502679,0.0219580268712651,0.00450717410005523,4.87179469526061,1.10589054722221e-06,1.08366131153749e-05,"ENSG00000226530"
3.33258766846046,0.0875215082788461,0.0179670063646807,4.87123489035405,1.10902898256349e-06,1.08618946323477e-05,"OR52N4"
137.592865116309,-0.0168333524923001,0.00345610560818782,-4.87061288070029,1.11252620882126e-06,1.08906629530862e-05,"ZNF71"
26.8384993323688,-0.0423411394889038,0.00869445271858857,-4.86990278276852,1.11653168160723e-06,1.09243751201923e-05,"GINS3"
42.1175247493704,0.0326036725817968,0.00669844746793256,4.86734765598748,1.13105958919846e-06,1.10609552888382e-05,"LINC00571"
6312.04859100693,-0.00710133336634526,0.00145906880322186,-4.86703118500262,1.13287158548074e-06,1.10731081453196e-05,"RHOA"
964.633103817698,0.0228073490138005,0.00468675231122057,4.86634400525015,1.13681574627337e-06,1.1106078895411e-05,"FKBP11"
87.1222758061808,0.027053159136878,0.00555959441373672,4.86603106694883,1.13861627345615e-06,1.11180849071263e-05,"NEIL1"
397.812519108356,0.0309422753389803,0.00635923727183581,4.86572115747581,1.14040207807351e-06,1.11279485516722e-05,"ENSG00000289312"
5981.25412352963,0.0159878947291031,0.00328586537884441,4.86565725791415,1.14077062423702e-06,1.11279485516722e-05,"HCST"
5.59991215675069,-0.0919473991489495,0.0188994421039922,-4.86508536299742,1.14407418367081e-06,1.11545799230982e-05,"NTRK3"
16.5695766668246,0.0505654940907449,0.0103956374241101,4.86410712761787,1.149746325707e-06,1.12042664235105e-05,"FAM215A"
7.41805897328698,0.0554540830618572,0.011405177462899,4.86218502449865,1.16097025198598e-06,1.1307978152919e-05,"CPS1"
2513.29275622325,-0.00600160530496164,0.00123439983129825,-4.86196218825595,1.1622782807718e-06,1.13150524721183e-05,"SEC31A"
130.41137053621,0.0263317036571288,0.00541622986269498,4.86162964361834,1.16423292533162e-06,1.13284115210732e-05,"ANKRD31"
72.2375295457117,0.0440485821576057,0.00906261825241851,4.86046978155023,1.17107519439433e-06,1.13892918030821e-05,"PLCH2"
721.744774635631,-0.0183246461018527,0.00377034105615827,-4.86020915055475,1.17261802644929e-06,1.13985973175737e-05,"ZNF281"
287.06437518718,0.0281313346538638,0.00578864000501125,4.85974851251942,1.175349604729e-06,1.14194431376543e-05,"ENSG00000250075"
163.002674510081,0.0199681951136654,0.00410938629480593,4.85916720433517,1.17880549451445e-06,1.14473018840742e-05,"CCDC30"
12338.7441860791,0.0157621428196579,0.00324478078305274,4.85769112723498,1.18762479219385e-06,1.15219925753143e-05,"C12orf57"
1341.46259247877,-0.00819940328171886,0.00168792520196593,-4.85768165092208,1.18768161603544e-06,1.15219925753143e-05,"PTPN11"
82.0475056532804,0.0259347321931846,0.00534153951936869,4.85529164375627,1.20209690918163e-06,1.16560254140039e-05,"ENSG00000232934"
239.75455329092,-0.0722200090933254,0.0148748259779062,-4.85518346235411,1.20275336988601e-06,1.16565798692839e-05,"SMAD7"
391.424718351665,-0.0146907081452371,0.00302649008912921,-4.85404138543337,1.20970473461239e-06,1.17181109526621e-05,"PPP2R5D"
190.613675534288,0.0294294505532626,0.00606316966918594,4.85380620351564,1.21114098412342e-06,1.17261838139296e-05,"HCG27"
963.233280636662,0.00823141601224424,0.00169592178145906,4.85365310018157,1.21207686344687e-06,1.17294065029378e-05,"ANKRD13A"
9.4500631792221,-0.0914532828303589,0.0188526540691007,-4.85095003043894,1.22871502419666e-06,1.18845032002234e-05,"LINC03052"
411.049037408618,-0.0205266124500769,0.00423244275769975,-4.84982635919516,1.2356960005882e-06,1.19418467197722e-05,"LMNB1"
5.40804534406594,0.0911417536773501,0.0187932779259152,4.84969966584005,1.23648549142055e-06,1.19418467197722e-05,"ENSG00000226965"
520.038712451436,0.012817572903875,0.00264294892329567,4.84972403019121,1.23633362706157e-06,1.19418467197722e-05,"SLC38A6"
653.748752564633,-0.0158263659527029,0.00326360114868128,-4.84935665594366,1.23862539686724e-06,1.19565769699577e-05,"GET3"
531.426520492598,0.0136420819914747,0.00281334161528059,4.84906700180955,1.24043521053612e-06,1.19681077778462e-05,"DNAJB2"
5.76686528047658,0.0905514884865273,0.018676066646943,4.84853102092294,1.24379083126914e-06,1.19945341889024e-05,"PHLDA2"
140.023866255522,0.021152007728145,0.00436268877074659,4.84838796431615,1.2446879425402e-06,1.19972374481414e-05,"ENSG00000273565"
23.4664651887947,-0.0572539585025172,0.0118119836709864,-4.84710782687156,1.25274346892101e-06,1.20689020376338e-05,"KIAA1522"
1361.50059693594,0.00721077612719108,0.00148825523095547,4.84512063334842,1.2653477269134e-06,1.21842963545507e-05,"IRAK4"
47.8342935516388,0.0248571083996914,0.0051310501786499,4.8444485113634,1.26963836483875e-06,1.22195625108751e-05,"CDC42BPG"
27.3361681631458,0.0346559137343864,0.00715431056256531,4.84406057457477,1.27212121073019e-06,1.22374033975831e-05,"ENSG00000273314"
120.001634887266,0.0247226391841079,0.00510435212737394,4.84344311818219,1.27608264740134e-06,1.22694431906098e-05,"ENSG00000289558"
687.033286643065,-0.00982580794519366,0.0020291672016619,-4.84228600637062,1.28353834826542e-06,1.23350318241653e-05,"YTHDF1"
408.129638346995,0.0173141664984784,0.0035766308627199,4.84091514138298,1.29242557300032e-06,1.24143060841626e-05,"ZNF397"
67.5476902930592,0.0278222161818949,0.00574746593395944,4.84077965865004,1.29330710530393e-06,1.24166419078315e-05,"TICAM2-AS1"
298.815134315241,-0.0233442348579454,0.00482305490597198,-4.84013458545541,1.2975122787091e-06,1.245086893595e-05,"ACSL1"
19.7546906675424,0.0374599121247331,0.00774074486803384,4.83931621095373,1.30286611648427e-06,1.24960793055895e-05,"ENSG00000289972"
78.2310139419055,0.0234009191944542,0.00483662170284354,4.83827775504881,1.30969032928713e-06,1.25553408550833e-05,"MORF4L2-AS1"
867.675074055447,-0.00967228655254065,0.00199935038844686,-4.83771459391582,1.31340550703009e-06,1.25847539493805e-05,"NDUFS3"
636.451741277859,0.00924587472435053,0.00191163416177123,4.83663396964184,1.32056279894026e-06,1.2647103398418e-05,"ZNF76"
211.9858562562,0.0213378067213559,0.00441193930255025,4.83637812265955,1.32226283278662e-06,1.26509268866368e-05,"ACP6"
172.277657864503,-0.0513007958508378,0.0106072467725462,-4.8363912852122,1.3221753198543e-06,1.26509268866368e-05,"USP18"
302.178104036083,0.0145617410975884,0.0030110929783575,4.83603170086485,1.32456806670991e-06,1.26667519496433e-05,"TMEM91"
109.189817229585,-0.0450493153029868,0.00931616675032806,-4.83560637226684,1.32740366587297e-06,1.26876308132162e-05,"TLR5"
163.290331045997,-0.02659830844177,0.00550225927036204,-4.83407035816033,1.33769272607736e-06,1.27796960780603e-05,"NLN"
91.1581732886911,0.0495707669387122,0.0102562783582829,4.83321193195575,1.34347630089167e-06,1.28160654873192e-05,"ENSG00000223727"
769.076169782047,-0.0256862751761077,0.00531432832444696,-4.83340012282375,1.34220632605673e-06,1.28160654873192e-05,"BMP2K"
37.9641458605132,0.0319683523153635,0.00661425505969979,4.83325061202198,1.34321518056437e-06,1.28160654873192e-05,"PSMD7-DT"
26.4552625341954,-0.0570899839986497,0.0118138101753709,-4.83247852734837,1.34843659709985e-06,1.28570785540143e-05,"FHL2"
101.415063559967,-0.0531694228680665,0.011005840755977,-4.83101873332045,1.35836221543164e-06,1.29446841115732e-05,"KLRK1"
415.708263477561,0.0396662304861833,0.00821105172474959,4.83083432133573,1.35962108066135e-06,1.29446841115732e-05,"MYO15B"
213.713799330325,-0.0521102206123694,0.0107869659943398,-4.830850550536,1.35951024905489e-06,1.29446841115732e-05,"ST6GALNAC1"
5.01133533051377,0.0709368285349606,0.0146878475879983,4.82962722141292,1.36788894830564e-06,1.30170293216698e-05,"ENSG00000287759"
117890.069325512,-0.00973503598918011,0.00201641834400015,-4.82788505577063,1.37990697883181e-06,1.31249734206638e-05,"TMSB10"
504.917569025102,0.0350771565244853,0.0072665679236938,4.82719722609496,1.38467975850168e-06,1.31639325428231e-05,"A1BG"
5.38079838683768,-0.0849378548267996,0.0175975600297688,-4.82668362449767,1.38825393607086e-06,1.31914642454882e-05,"MIR924HG"
1761.17513771241,-0.0454467248718142,0.00941651928660503,-4.82627640729862,1.3910940839194e-06,1.32119975714435e-05,"ISG15"
222.643330792444,-0.0114543307629513,0.0023736753705079,-4.82556751663154,1.3960515974413e-06,1.32526108452077e-05,"KATNB1"
268.981655986623,0.0152848164086544,0.00316836052647574,4.8242036475742,1.40563742822093e-06,1.33370993250368e-05,"SMYD5"
339.040124154599,0.0153633963226968,0.00318557816239629,4.82279684863861,1.41559128990354e-06,1.34249956996166e-05,"GCLM"
453.360369414318,-0.0225453702080015,0.0046750037123106,-4.82253525246048,1.41744968280384e-06,1.34360690936733e-05,"ZNF814"
19.3398253286214,0.0399835889379068,0.00829370116840045,4.82095847511927,1.42870097751636e-06,1.35361240690067e-05,"MATN1"
1911.57167147372,-0.00918456888930163,0.00190540559563041,-4.8202697159934,1.4336426105345e-06,1.3576330290899e-05,"TRIM28"
763.9643967691,-0.0183901242356293,0.00381535204983732,-4.82003337972795,1.43534203416117e-06,1.35858092002281e-05,"PACSIN2"
18.4047917247487,0.0537884630528907,0.0111597319304169,4.81987052989016,1.43651416586861e-06,1.3590290389256e-05,"ETNK2"
878.023649344819,-0.0107555259849609,0.00223273970079856,-4.81718759294427,1.4559579372443e-06,1.3767543917034e-05,"PSMD3"
1478.63807426896,-0.00973541487733401,0.00202138547031499,-4.81620899145819,1.46311284192297e-06,1.38284780798074e-05,"PSMD13"
4426.4917851989,-0.0140482574756046,0.00291728928257267,-4.81551745983034,1.46818925006354e-06,1.3869717874204e-05,"EID1"
1660.40898934369,0.0175075103527985,0.00363585455490402,4.8152394680322,1.47023470603285e-06,1.38822986733228e-05,"CHCHD10"
25.1831833075512,0.0878884969362136,0.018259665553789,4.8132588561008,1.48488750226234e-06,1.40138509492988e-05,"HTR6"
1105.84374219057,-0.00967752557759811,0.00201125664520941,-4.81168109532362,1.49666033400751e-06,1.41181087084287e-05,"STRN"
1958.48827482478,0.00813806399230068,0.00169161059146149,4.8108376912382,1.50299034702956e-06,1.41709477654251e-05,"CUL1"
76.6708922973204,-0.0221297798317195,0.00460067410613021,-4.81011680489007,1.50842122181174e-06,1.42152622022579e-05,"FBXO30"
63.3750825635358,0.0304591134707685,0.00633285453629549,4.80969731677843,1.51159015915219e-06,1.42382276928181e-05,"GAREM2"
335.651937712941,0.0247740959170889,0.0051525398657698,4.8081327971225,1.52346555040708e-06,1.43431405716206e-05,"SH2D2A"
19.6573972437285,-0.055635227746069,0.0115725343066066,-4.80752325048694,1.5281165147139e-06,1.43799682282051e-05,"ENSG00000234026"
490.398301236415,-0.0163369046926485,0.00339839831491667,-4.80723657993253,1.53030858589101e-06,1.43936326422466e-05,"SHMT2"
21.1527405134117,0.0501600737000214,0.0104362324014028,4.80633927750391,1.53718950705413e-06,1.44513644764185e-05,"LPAL2"
5827.73589756687,0.00780078649134176,0.00162381495445754,4.80398734469577,1.55536664295397e-06,1.46151867498056e-05,"KMT2A"
55.3283972116127,0.0243486570828946,0.00507030978554444,4.80220304335508,1.56929444993996e-06,1.47389407753656e-05,"ENSG00000258603"
287.854093217669,-0.019284450732391,0.00401640094841492,-4.8014256992947,1.57539962579285e-06,1.47891400199308e-05,"CYP2U1"
28.7879856765282,-0.0659351174675658,0.0137328902369502,-4.80125569562616,1.57673785562894e-06,1.47945624842443e-05,"TDRD12"
1153.69302565869,-0.0346592812908085,0.00722174597649791,-4.79929388316924,1.59226007464135e-06,1.49330042005057e-05,"PLCB1"
11.4250495440411,0.0452219999659409,0.00942305161712504,4.7990822722181,1.59394312917531e-06,1.49415844846212e-05,"ENSG00000274987"
2643.72767648408,-0.0232290285607507,0.00484043707328978,-4.7989526997328,1.59497453214619e-06,1.49440508789863e-05,"TSPAN14"
2.10781890097057,-0.184369415109576,0.0384271979819059,-4.79788859953801,1.60346912166423e-06,1.50043568158638e-05,"ZNF385D-AS1"
582.400388086538,0.016805134172794,0.00350263368242854,4.79785661204006,1.60372514627427e-06,1.50043568158638e-05,"CARD19"
1735.08608740164,0.00819517430416653,0.00170807168901766,4.79791003905678,1.60329754397584e-06,1.50043568158638e-05,"ANXA7"
16.2651291182078,0.0385692714655189,0.00804058360487021,4.79682487750732,1.61200414860145e-06,1.50745637954071e-05,"ENSG00000278013"
877.146768454385,-0.00853146443355848,0.00177862038920534,-4.79667526884148,1.61320806668207e-06,1.50785728520101e-05,"MRPS16"
187.762990545579,-0.0511478310008388,0.0106641689772072,-4.79623223433148,1.61677828760995e-06,1.51046851451974e-05,"ZNF154"
38.1211164542819,0.0522282791063459,0.0108917879025167,4.79519795774556,1.6251426555892e-06,1.51755399874534e-05,"ENSG00000249258"
907.487030272015,-0.0114231251746494,0.00238228270193976,-4.79503342124266,1.6264771188525e-06,1.51807132623801e-05,"STX5"
5.47806520713156,0.0907647395813607,0.0189307953753695,4.7945549979085,1.63036332872501e-06,1.5209686861885e-05,"PLIN5"
841.964166245177,-0.00922839245685857,0.00192537592310369,-4.79303410109257,1.64277687606605e-06,1.53181462206906e-05,"GOLGA3"
18.2011622484503,0.0450520613201104,0.00940109470343318,4.79221439006011,1.64950497643382e-06,1.53735128397768e-05,"CASC8"
1288.90763839868,0.00909081981387619,0.00189714943069947,4.79183118987334,1.65265931991018e-06,1.53955346894506e-05,"NUDCD3"
50.0470995320528,0.0247813081754175,0.00517197082861721,4.79146325387204,1.6556934705016e-06,1.54164163210755e-05,"ENSG00000247679"
4286.81261362471,-0.012253503939614,0.00255753095681404,-4.79114589286472,1.65831485919062e-06,1.54334365196731e-05,"MAP4K4"
4.74183298350125,0.0910268915307949,0.0190013654714789,4.79054474624082,1.66329124402365e-06,1.54723471963195e-05,"F11"
593.517969837191,0.00971495887731854,0.00202888228543942,4.78833047488235,1.68174542149475e-06,1.56365345093185e-05,"TDP1"
401.835357625705,-0.0161908731349866,0.00338300467483703,-4.78594465311122,1.70184954609808e-06,1.58158984812011e-05,"STARD3NL"
846.468964653409,-0.00767272626167081,0.00160349317674655,-4.78500711630004,1.70981274689516e-06,1.58823150620142e-05,"SLC30A5"
35.4350910643518,-0.102495582857206,0.0214225256253213,-4.78447708033346,1.714330571404e-06,1.59166796870545e-05,"ZNF462"
20.5724847535167,0.054121496782268,0.0113142894225711,4.7834640569031,1.72299713446799e-06,1.5989512052737e-05,"ACOT4"
1525.18467010653,-0.0161679947529916,0.00338006163592044,-4.78334317373737,1.7240341152251e-06,1.59915057583421e-05,"REXO2"
483.306285026841,0.0313344121865982,0.00655121942283064,4.78298926721939,1.72707350662786e-06,1.60120623343272e-05,"EFCAB13"
13.8165530910954,0.050511861332822,0.0105610782464556,4.78283184292991,1.72842713937333e-06,1.60169777455696e-05,"MGP"
818.637877850947,-0.0147177997731355,0.00307744711035995,-4.78247041958556,1.7315387425804e-06,1.60381714675863e-05,"NDUFAF4"
1494.5789187321,-0.00676989032092449,0.00141591180866361,-4.78129377797488,1.74170614286435e-06,1.61246673892692e-05,"ERP44"
1244.01574851629,-0.00913251913550773,0.00191040809593516,-4.78040223706091,1.74944815906217e-06,1.61886375556224e-05,"NUDCD2"
264.684621598591,-0.0176373818148402,0.00368963688934619,-4.78024866505647,1.75078509152133e-06,1.61933051902907e-05,"ACVR1B"
742.510467953379,0.017581399714862,0.00368038641471261,4.77705266071495,1.77883201106935e-06,1.64448961251473e-05,"BET1L"
280.589608726657,0.0182600597915862,0.0038233998521641,4.77586977497287,1.78932163520967e-06,1.65340119365622e-05,"KIFC2"
56.4947466059644,0.0353369144308919,0.00739956163315662,4.77554160405274,1.79224231436999e-06,1.65531363992453e-05,"SLC25A43"
524.05541812193,-0.0153869959817095,0.00322281805733332,-4.77439176148878,1.80251195496377e-06,1.66400854466066e-05,"SPAG16"
106.91509853955,0.019654138999359,0.00411766205294909,4.77313066167793,1.8138402864893e-06,1.673672078392e-05,"ZNF771"
280.426235968466,-0.0169474345278185,0.003552114258831,-4.77108372448466,1.83237349354869e-06,1.68997139985849e-05,"MANEA"
30.3171130256553,0.0337572504497563,0.00707774768200222,4.76949051682028,1.84692437077876e-06,1.70204038973718e-05,"ENSG00000250415"
113.508377591065,-0.053247185347122,0.011164197180524,-4.76945941442272,1.84720953304981e-06,1.70204038973718e-05,"GNAI1"
438.488556814887,0.0253192775699848,0.00531146031914097,4.76691456749501,1.87068584667636e-06,1.72285560623588e-05,"ENSG00000226471"
146.494412315788,-0.113805716177213,0.0238752864201881,-4.76667438347393,1.87291629939309e-06,1.72409346613796e-05,"S100B"
2674.42389488313,0.0242710779504325,0.00509213594160945,4.76638452483286,1.87561145473445e-06,1.7257577297086e-05,"SNHG7"
94.1007853766168,0.0271632590124782,0.00569967684706533,4.76575422455119,1.88148496224503e-06,1.73034345156634e-05,"ZC3H12A-DT"
5.67910874583303,0.0805512629605155,0.0169038622892142,4.76525787907729,1.88612263365272e-06,1.73378881602926e-05,"TMEM178B"
78185.682851966,-0.0137626125277598,0.00288874649069357,-4.76421609583868,1.89589242201912e-06,1.74194631557364e-05,"RPLP0"
11.1612591032031,0.0864803023664115,0.0181553665444051,4.7633465375042,1.90408430525286e-06,1.7478217943121e-05,"H3-7"
36.5046872326902,0.03196297436243,0.00671013109456345,4.7633904482621,1.90366981939626e-06,1.7478217943121e-05,"KCNH3"
400.108834644942,-0.0116616759039707,0.00244843241395275,-4.76291517687601,1.90816065035119e-06,1.75073739669722e-05,"DEDD"
186.112730480877,-0.014669677721809,0.00308137149977385,-4.76076244713941,1.92862952938221e-06,1.76868330862864e-05,"ZNF174"
20.5132833792814,0.0490904925753061,0.0103186506821205,4.75745270264524,1.96051172192073e-06,1.79707415188879e-05,"DRAM1"
1049687.9941307,0.0112414847576311,0.00236315778778683,4.75697594791547,1.96514573027193e-06,1.80047336785301e-05,"MALAT1"
298.631983326613,0.0154245846857108,0.00324267418808719,4.75674822415925,1.96736289408873e-06,1.80165610418644e-05,"SIRT3"
2606.36860417179,-0.0192866061485058,0.00405677889949859,-4.75416743833133,1.99265847083684e-06,1.82396234899988e-05,"TBL1X"
37.5984863496994,0.0439331131481609,0.00924150996812202,4.75388906138773,1.99540557631338e-06,1.8256177735123e-05,"ZNF391"
3662.62405459655,0.0117799775928186,0.00247864807190273,4.75258175065397,2.00835523566166e-06,1.83660167789633e-05,"FBXL17"
632.341721834713,0.0119636625610645,0.00251741190028353,4.75236593571243,2.01050075457663e-06,1.83769972637547e-05,"LHPP"
3.64972192152422,-0.173794501260564,0.0365730543611946,-4.75198214357964,2.01432165494134e-06,1.84032740771554e-05,"LINC01226"
1972.58938879065,0.0113476315028545,0.00238846054188158,4.75102322348395,2.02389883918196e-06,1.84820921694499e-05,"FAM162A"
42.0295957962955,0.0288857326769755,0.00608040456207132,4.75062676867925,2.02787118594744e-06,1.85096773523527e-05,"DNAJC9-AS1"
224.801727862777,-0.0143953529195368,0.00303057417833307,-4.75004143520248,2.03374972884551e-06,1.85546275683743e-05,"TAX1BP3"
191.829531085606,0.0209270110064809,0.00440591932308048,4.7497490244214,2.03669255752378e-06,1.85727646209072e-05,"ENSG00000258526"
541.721237587482,-0.0153307929842314,0.00322820170264008,-4.74901954598861,2.04405188581045e-06,1.8631140220665e-05,"NIP7"
571.36932823736,-0.0176593937285331,0.00372036437831673,-4.74668390855927,2.06778712744868e-06,1.88386545274024e-05,"RABIF"
9.5877552870669,0.0534964010880783,0.0112709231860444,4.74640809852357,2.07060738120378e-06,1.88555169343609e-05,"POU5F1B"
712.361981676855,-0.00883111820428346,0.0018609477772191,-4.74549490984653,2.07997144487855e-06,1.89265258594033e-05,"CEP104"
121.756987658132,-0.0612159998478556,0.0128999140744153,-4.74545795380658,2.08035125635722e-06,1.89265258594033e-05,"SPATS2L"
273.285698080218,0.0187217124040386,0.0039452646500963,4.74536287536037,2.08132872040593e-06,1.8926566124645e-05,"SLC25A25"
73.3580751617816,-0.0246922211435293,0.00520357613009073,-4.74524068183447,2.08258559168437e-06,1.89291459550713e-05,"CYTH3"
31.866625831906,-0.0285306053529894,0.00601282631868667,-4.74495750265095,2.08550114948051e-06,1.89467925542015e-05,"GPSM1"
211.097527500131,-0.0109965024924023,0.00231803491783694,-4.74388992494713,2.09652801144423e-06,1.9038079528759e-05,"ZFYVE1"
1352.06381039312,-0.0130557260478378,0.00275243431651027,-4.74333791346954,2.10225160316123e-06,1.90811460257065e-05,"ATIC"
1112.94038747509,-0.0158372274955757,0.00333921870952734,-4.74279431005508,2.10790267980942e-06,1.91235144706031e-05,"TIMM23B"
736.413279538626,0.0161838479930568,0.00341245931261147,4.74257610434972,2.11017515743688e-06,1.91352060546875e-05,"THAP7"
492.743840594905,-0.0167170690763754,0.00352533916984892,-4.74197467845109,2.11645082359342e-06,1.91831710017314e-05,"ZDHHC7"
209.737935550372,0.0237872582186275,0.00501861623189043,4.73980418496101,2.13924856968794e-06,1.93723494037191e-05,"ENSG00000248367"
30.1381493421633,-0.036485963440488,0.00769778878914848,-4.73979793936696,2.13931450923802e-06,1.93723494037191e-05,"DNAJB5"
35.3533366768076,0.0490617773837248,0.0103522974967281,4.73921633330484,2.14546353483953e-06,1.94189907939338e-05,"ENSG00000230286"
7483.12809904208,-0.00772838431111436,0.00163173536492104,-4.73629761127862,2.17657891113921e-06,1.96914587909622e-05,"HP1BP3"
3.33956502143943,0.0910928863838461,0.0192442471474179,4.73351260176829,2.20667256251887e-06,1.99544342229449e-05,"NYAP1"
99.0262581594646,-0.0251547800658198,0.00531444549867345,-4.73328404103471,2.20915995783679e-06,1.9967644209983e-05,"MAP10"
11.8974044031131,0.0483061280877169,0.0102059527391943,4.73313264544182,2.21080905764466e-06,1.99732684534354e-05,"ENSG00000289910"
335.698342553653,-0.0138164995667138,0.00291975879322622,-4.73206882663316,2.22243025088616e-06,2.00689372376912e-05,"RRP1"
232.89892178614,0.014169576705996,0.00299477849105139,4.73142729865854,2.22946665471709e-06,2.01231349888177e-05,"ENSG00000284428"
188.262675617123,-0.0322439673528953,0.00681667265839947,-4.7301622021067,2.24340522155632e-06,2.02395523954044e-05,"PMEPA1"
1026.48701235222,-0.0239556771975706,0.00506468110377936,-4.72994779072949,2.24577583871513e-06,2.02515465177784e-05,"CKAP2"
14.1668755278086,0.0570217169664864,0.0120609546863194,4.72779464391532,2.26971563626145e-06,2.04579420022806e-05,"ENSG00000287823"
100.806791303499,0.0187809604909665,0.00397341213558877,4.72665805863695,2.28245140236165e-06,2.05632062192388e-05,"TK2"
4.34394180891449,0.0819320377409147,0.0173407909553932,4.72481549150057,2.3032438114306e-06,2.07409237852484e-05,"ENSG00000225173"
441.439713736184,0.0172739651698018,0.00365617213297768,4.72460391402126,2.30564296103304e-06,2.07529205159897e-05,"CORO1A-AS1"
495.806920052909,0.010192009049115,0.0021572997006274,4.72442889884559,2.30762933133524e-06,2.07611924716937e-05,"RMND5B"
414.276298160128,0.0192437968522203,0.00407389719643629,4.72368248984144,2.31611931462791e-06,2.08279411876225e-05,"ENSG00000234961"
301.858415268851,0.049273712899954,0.0104345294511285,4.7221787173762,2.33331504978766e-06,2.09471080985222e-05,"WNT7A"
173.38664130683,0.0213496691539741,0.0045211331079897,4.72219433580604,2.33313582370752e-06,2.09471080985222e-05,"TMEM44-AS1"
2056.22159914734,-0.00594728707571613,0.00125944555095805,-4.7221470362034,2.33367864117514e-06,2.09471080985222e-05,"FIP1L1"
6608.97081809702,-0.0212598204061713,0.00450189695541369,-4.72241382171257,2.33061855595974e-06,2.09471080985222e-05,"HERC1"
1.59847461437875,-0.119433095777981,0.0252954661745797,-4.72152183137085,2.34086499116018e-06,2.10019210991959e-05,"LINC02732"
48.2631462102781,0.0412778143970837,0.00874458278513004,4.72038694256239,2.35396417421237e-06,2.11097082307998e-05,"ENSG00000274922"
58.2736186507142,0.0291875752233668,0.00618527503532713,4.71888073798858,2.37145790161568e-06,2.12567869328694e-05,"CAHM"
639.873437999336,-0.0140589089089446,0.00298022709153979,-4.71739517731878,2.38883408544207e-06,2.14026224001473e-05,"MRTO4"
1914.57464057997,-0.0103139674149617,0.0021864123755662,-4.71730197387432,2.38992832518225e-06,2.14026224001473e-05,"TM9SF2"
24.6649238791847,0.0368046225957489,0.00780413015381567,4.71604418049768,2.40474238984631e-06,2.1525377001795e-05,"LINC01012"
145.467155132195,0.024867649456565,0.0052744379405375,4.7147487062917,2.42009239318261e-06,2.16528137717548e-05,"IER5L-AS1"
27.4999921166184,-0.0569127110488745,0.012076975958565,-4.71249684061115,2.446998759569e-06,2.18734250332613e-05,"EBF1"
186.79036943451,-0.0486687098088872,0.0103274665093344,-4.71255072721837,2.4463515559397e-06,2.18734250332613e-05,"MATK"
5.8185608756419,0.0879742084796641,0.0186691080897891,4.7122877031164,2.44951215703068e-06,2.18858341600384e-05,"TMEM132E"
1694.47981615615,-0.0111340877892557,0.00236336804756658,-4.71111040056574,2.46370719265752e-06,2.2002556751323e-05,"POMP"
26.5542251248386,-0.0514757718742876,0.0109291082002482,-4.7099700113792,2.47753242610695e-06,2.21158711428207e-05,"ENSG00000267299"
127.60960115227,0.0326816283501271,0.00693969821563753,4.70937313620989,2.48479815825329e-06,2.21705545762315e-05,"ENSG00000258740"
2149.15915890091,0.0128314033711933,0.00272542476213168,4.70803800914954,2.50112471705814e-06,2.23059958145336e-05,"RPS27L"
653.945350023494,0.0241907442232327,0.00513846639024208,4.70777511927894,2.50435156915862e-06,2.23245382088471e-05,"HEXIM2-AS1"
1541.19999930612,-0.00758622595159873,0.00161152112240224,-4.707493960917,2.50780708099771e-06,2.2345101022669e-05,"SAP30BP"
214.010249390269,-0.0112516012365716,0.00239030654934233,-4.7071791857272,2.51168118304904e-06,2.2358697216542e-05,"DNAJC14"
750.914442539536,-0.0206441997822374,0.00438576707534124,-4.70708987221607,2.51278145675599e-06,2.2358697216542e-05,"KLHDC4"
33.0869122750379,0.0353849754271117,0.00751718453826642,4.70721122342861,2.51128661594003e-06,2.2358697216542e-05,"MMP11"
1293.11651081856,-0.0162877848406328,0.00346067583499086,-4.70653294826033,2.51965277574141e-06,2.24080981815772e-05,"BUD31"
47.826133247221,0.0277021993562829,0.0058860032862011,4.7064532602669,2.52063743875847e-06,2.24080981815772e-05,"CHFR-DT"
249.503292095963,-0.0167661806082112,0.003566410532765,-4.70113590518492,2.58718243603772e-06,2.29891665433393e-05,"HENMT1"
2151.35535229324,-0.0105390674877837,0.00224222465201652,-4.70027277521257,2.59814207368118e-06,2.30760098060149e-05,"OXR1"
197.046799380938,-0.0180109807348591,0.00383244932848675,-4.69960048812198,2.60670933075587e-06,2.31402611505638e-05,"TMEM185B"
114.081764469775,-0.04601807264135,0.0097920823739193,-4.69951853794824,2.60775551087532e-06,2.31402611505638e-05,"SAP30"
3869.51054857985,0.0185449176105746,0.00394764974527391,4.69771099444079,2.63093343917239e-06,2.3335287882053e-05,"CDKN1B"
244.619371037421,-0.0163469732210511,0.0034810928653136,-4.69593137946304,2.65394632677559e-06,2.35183444574602e-05,"ANKS6"
40.6053823834684,-0.0444997324658948,0.00947623825561313,-4.69592799015326,2.65399033901214e-06,2.35183444574602e-05,"PYCR1"
15.4347172383102,0.0500200890832115,0.0106536445590368,4.69511525431762,2.66456445349437e-06,2.3601294710801e-05,"ANKRD33B"
709.643228367795,-0.013783726328747,0.00293667476988842,-4.69365095177723,2.68371792106046e-06,2.37493163250896e-05,"PLAA"
282.278795619343,-0.0166950339097286,0.00355689435140379,-4.69371093441097,2.68293074345783e-06,2.37493163250896e-05,"URB1"
863.591590500011,-0.0140682917600684,0.00299792088783487,-4.69268279131563,2.69645420527991e-06,2.38511736002271e-05,"TFDP1"
170.630084808722,0.0245530188534649,0.00523234957780286,4.69254175172581,2.69831443429797e-06,2.38567791188772e-05,"SPAG5-AS1"
6.34581314778948,0.0783893999661403,0.016706538345016,4.69213899057227,2.70363339913113e-06,2.3892945591322e-05,"CMBL"
761.399580886541,0.0751109469683594,0.0160109777291855,4.69121550468738,2.7158671976308e-06,2.39901602457388e-05,"KANK1"
8.52251562304549,-0.0722932572461086,0.0154108771330005,-4.69105402776207,2.71801179860027e-06,2.39982058531883e-05,"ENSG00000283480"
1967.55043858136,0.0132306384167732,0.00282067752345612,4.69058880596957,2.72419957376694e-06,2.40419264561437e-05,"HERC4"
126.353397428642,0.0232059573856713,0.0049474503779739,4.69048815304635,2.72554010572177e-06,2.40428483430359e-05,"C1orf54"
3081.38068061244,-0.00807550643318635,0.00172231626303371,-4.68874770941434,2.7488203176454e-06,2.4237218494343e-05,"CSNK2B"
2.08358109177885,-0.132633613925292,0.0282884774302421,-4.68860914315235,2.75068196149535e-06,2.42426437847966e-05,"PPP1R1C"
658.919764154905,0.0126758598011738,0.00270426459386766,4.68735930275398,2.76752838526696e-06,2.43800700280016e-05,"GRINA"
538.382145287217,-0.0241368491738889,0.00515426642079209,-4.68288737976793,2.82861940110996e-06,2.49069606025305e-05,"CASP3"
784.784549235212,0.0178993003192017,0.0038235699927988,4.68130578305425,2.85053376050633e-06,2.5088566595298e-05,"WARS2-AS1"
39.1748326473895,-0.060359658722764,0.0128968992611875,-4.68016827148622,2.86639556228352e-06,2.52167616833907e-05,"ENSG00000279110"
49.2883237135744,0.051909233655471,0.0110922712648828,4.67976597541489,2.87202554426883e-06,2.52548683822663e-05,"ENSG00000289299"
1141.17923384997,-0.00829096341983455,0.00177182898286743,-4.67932486713076,2.87821088323229e-06,2.52978219113201e-05,"RNF220"
26.8260726023158,0.0618735232365644,0.0132281504668473,4.67741302093843,2.90516736464651e-06,2.55168543704206e-05,"ENSG00000225885"
49.1844504622848,0.0521372787283244,0.0111467045169262,4.67737156297219,2.90575458487901e-06,2.55168543704206e-05,"LINC02754"
1361.86248141187,0.0131242219636324,0.00280603264198729,4.67714515050599,2.90896355326575e-06,2.55282363732293e-05,"PHTF2"
490.358266025922,-0.0145893876215464,0.00311932680360022,-4.67709494391797,2.90967559711322e-06,2.55282363732293e-05,"TMEM70"
179.133947624284,-0.0152761447017774,0.0032669646586002,-4.67594427799009,2.92604057183574e-06,2.56602412816848e-05,"FEM1A"
362.554408032829,0.00959646540645811,0.0020529077825891,4.67457208153556,2.94567165185338e-06,2.58207567824246e-05,"CCDC159"
21.9730189170426,0.0423030310975695,0.00905047811240229,4.67412114279352,2.95215046593161e-06,2.58658913120882e-05,"ZNF296"
17.0354273513213,0.0397009143843933,0.00849543186141636,4.67320732271453,2.96532162701697e-06,2.59695952125651e-05,"ENSG00000273319"
5.04306898263231,0.0891905430371821,0.019090825755131,4.67190598150059,2.98417559278625e-06,2.61229520500834e-05,"GUCY1A2"
12.9461661981431,0.0678663661368366,0.0145287793405834,4.67116779365386,2.99492160017849e-06,2.62052271907655e-05,"EDARADD"
326.236980462444,0.0118066911178438,0.00252783043960999,4.67068159827422,3.00201954962886e-06,2.62555225988448e-05,"INTS2"
203.85774271639,-0.0166723278018303,0.00357052184786808,-4.66943727337367,3.02025898657621e-06,2.64031719316377e-05,"DPP3"
44.8006705831049,0.0243182913821404,0.00520818627879609,4.66924377899974,3.02310478002432e-06,2.64161774825934e-05,"ENSG00000286503"
22.0232003453016,0.0428405135894654,0.00917759905086954,4.66794347323404,3.04229569308022e-06,2.65719324320177e-05,"LINC01933"
1143.68140843065,-0.0184465434977644,0.00395395462672649,-4.66534020726394,3.08106848800111e-06,2.68985023160276e-05,"MSH2"
134.73344165792,0.0229237082854061,0.00491385724491085,4.66511482586263,3.08444750272001e-06,2.69159212092449e-05,"ENSG00000285884"
2.74012093467302,0.0916101363090375,0.0196391098699458,4.6646786394953,3.09099709583361e-06,2.6960979601372e-05,"DBX1"
18.326646354086,0.0444630559222648,0.00953329547294604,4.66397543729173,3.10158418730656e-06,2.70411985779022e-05,"PPP1R3B-DT"
153.016863766054,-0.0232178482260496,0.00497879636726915,-4.66334561876939,3.11109596917663e-06,2.71119747743973e-05,"ENSG00000287382"
481.180507163318,-0.0662733233388682,0.0142168663183058,-4.66159854464793,3.13762769836327e-06,2.73309432874446e-05,"CR1"
730.693456803901,-0.0102334894355988,0.00219545708332985,-4.66121133193718,3.14353736981923e-06,2.73701635543214e-05,"BIN3"
830.347038964424,-0.010687610549077,0.00229311695938704,-4.66073503373933,3.15082131576452e-06,2.74213089095909e-05,"ZC3H18"
13.1837204846906,0.0859234853935372,0.0184368597097035,4.66041868010282,3.15566820150759e-06,2.74512084917371e-05,"CCDC110"
5415.95944919006,-0.0342909777326583,0.00735967699715973,-4.65930471485257,3.17279236787845e-06,2.75878338612444e-05,"UCP2"
1894.1210972878,-0.00700850529037832,0.00150444672286677,-4.65852674199284,3.18480439256321e-06,2.76799062733454e-05,"RRP1B"
14.4151113309806,-0.097369799794176,0.0209047396078183,-4.6577858237354,3.19628483267418e-06,2.77672783744285e-05,"SCN3A"
13.5550662670354,-0.0702213238629817,0.0150785187244299,-4.65704391434755,3.20782039784511e-06,2.78550511421809e-05,"CA2"
101.446803151431,0.0369187595802147,0.00792999201248944,4.65558597310931,3.23060561463318e-06,2.80403881348639e-05,"ENSG00000249476"
14.707755833104,-0.0764586797332097,0.0164245776824577,-4.65513824534262,3.23763395991837e-06,2.8088857339149e-05,"MACC1"
381.689420509993,0.0240183653299914,0.00515985995777583,4.65484829560074,3.2421933571501e-06,2.81158729335384e-05,"ZNF540"
831.774947398719,-0.00827159537328481,0.00177719600921012,-4.65429549155984,3.25090315006932e-06,2.8153747627782e-05,"TOR1AIP2"
62.0626290850652,-0.0268188095993569,0.00576201045387628,-4.65441876824696,3.24895890237847e-06,2.8153747627782e-05,"ZNF358"
499.003966447919,-0.0401531345762677,0.00862699543701716,-4.65435908357811,3.24990007470664e-06,2.8153747627782e-05,"BBC3"
16.4012185970531,0.0386608999358989,0.00830751210573883,4.65372778803318,3.25987104845049e-06,2.82188481368093e-05,"UPK3B"
897.15108333632,-0.00774029902148343,0.001663298769986,-4.65358308510537,3.26216068329952e-06,2.8226106517286e-05,"PSMD11"
350.829543624491,0.0120177891424414,0.00258418272063363,4.65051834240835,3.31101794297434e-06,2.86361093858577e-05,"OGFOD3"
1864.2122908293,-0.0140289143693593,0.00301708391630697,-4.64982571201774,3.32215648008516e-06,2.87196736418384e-05,"ZBTB1"
1650.12172518755,-0.00757059026898102,0.00162819338894024,-4.64968738996573,3.32438520721235e-06,2.87261735519713e-05,"RAB11B"
8.99372395887637,0.0684148605029392,0.0147167341108885,4.64878008853344,3.33903977655213e-06,2.88198676758215e-05,"ENSG00000224099"
74.9515313708512,0.0287749027486976,0.006189827090129,4.6487409631499,3.33967311404564e-06,2.88198676758215e-05,"CENATAC-DT"
33.7363857522262,0.02636481177402,0.00567124786789445,4.64885548792076,3.33781958279141e-06,2.88198676758215e-05,"PRDM10-DT"
22.960006616141,-0.0765188619805143,0.0164644401851951,-4.64752285044713,3.35944889616414e-06,2.89776676183098e-05,"TRIQK"
165.408645024097,0.0234437518802897,0.00504751423370097,4.64461332743982,3.40713982819293e-06,2.93760092190517e-05,"ENSG00000268584"
266.227233783129,-0.0234793069915483,0.00505621112399013,-4.64365636951876,3.42296702673168e-06,2.94993937248374e-05,"DOCK7"
110.311892957369,-0.0313197975601362,0.00674524052874106,-4.64324399206885,3.42980908328254e-06,2.95452685911996e-05,"MIR155HG"
4.30746528990905,0.0884317421410546,0.0190519278340263,4.64161647637136,3.45694062559457e-06,2.97658043862063e-05,"MYZAP"
10138.6362757573,-0.00732705478045445,0.00157871913084513,-4.64113890640705,3.46494094411377e-06,2.98214895150252e-05,"ADD3"
136.875370045886,-0.0194845464213872,0.00420058495060158,-4.63853169273408,3.50893133885644e-06,3.01867419160091e-05,"COPRS"
24.4135633885159,0.0324905519564824,0.00700506795170523,4.63814943416405,3.51542586522157e-06,3.02158853311643e-05,"ABHD1"
1089.93830793534,-0.0123134863070655,0.00265481886478508,-4.6381643849221,3.51517163723465e-06,3.02158853311643e-05,"RTN3"
776.662186526211,-0.01065581738991,0.0022980365871098,-4.63692242746737,3.53635052506831e-06,3.03823118653285e-05,"CEP83"
48.4965346871611,0.0258860291807601,0.00558281256411398,4.63673621198642,3.53953655430705e-06,3.03962585067666e-05,"LINC00862"
317.435911504424,0.0128419091613807,0.00276985627424247,4.63630885140163,3.54685883322129e-06,3.04456977780173e-05,"ZNF782"
2358.33236510641,-0.0123021196282612,0.00265395020744331,-4.63539956166414,3.56248671022098e-06,3.05663559772864e-05,"RNASEH2B"
30.2272245255551,0.0311708160424619,0.00672528795674678,4.63486712285553,3.5716683112698e-06,3.06316227171556e-05,"AQP11"
18.4546270895902,0.0483121680045138,0.0104258439386108,4.63388559132328,3.58865375589097e-06,3.07637303683717e-05,"ARHGAP5-AS1"
137.086745789619,-0.0148037742717205,0.00319511464886499,-4.63325291847643,3.59964320572634e-06,3.08443436099484e-05,"ZNF527"
110.868599352109,0.03017353227432,0.00651349372738279,4.63246508513093,3.61337288372717e-06,3.09483557733937e-05,"RALGPS1"
273.001949017298,0.0213502304349776,0.00460936418483394,4.63192526752945,3.62280932953991e-06,3.1015521245106e-05,"BCL2L1-AS1"
35.4605356294201,-0.0408353890242511,0.00881794729695636,-4.63094047277261,3.64008523509269e-06,3.11423757082817e-05,"COA7"
1.01224080592447,-0.195492633116647,0.0422148415662442,-4.63089818328174,3.64082887052761e-06,3.11423757082817e-05,"PART1"
3009.21459515005,-0.00799571393458623,0.00172777416734838,-4.62775406976785,3.69652604435953e-06,3.16048914676208e-05,"COX7B"
525.291001762948,0.0151284018782081,0.00326916312126008,4.62760691867126,3.69915269757269e-06,3.16134530406355e-05,"MFSD4B"
26.4687036050811,0.0765137764786524,0.0165373625657811,4.62672183513554,3.71498926307155e-06,3.17348511884079e-05,"LGALS17A"
73.4527902898572,-0.0975996953996975,0.0210966065830337,-4.62632201134135,3.722164497576e-06,3.17821868491443e-05,"SERPINF1"
140.573847979298,0.0458062534458471,0.00990614670444254,4.62402332738568,3.76367511973928e-06,3.21225295103329e-05,"LAPTM4B"
854.947197525339,-0.00836989410754946,0.00181013647767481,-4.62390223653242,3.76587408992108e-06,3.21272004048487e-05,"CTNNBL1"
453.200258865506,0.0311535042999836,0.00674057790991876,4.62178535970057,3.8045154198765e-06,3.24426257922042e-05,"FAM169A"
1.25704764864278,-0.133848558279362,0.0289628988494719,-4.6213798893201,3.8119600941536e-06,3.24918649392558e-05,"ENSG00000290698"
3155.2935248785,0.0149188831475995,0.00322832270797148,4.62124901911489,3.81436592745513e-06,3.24981303788567e-05,"PRDX2"
107.461238175375,0.024276346505649,0.00525755229484793,4.61742368771838,3.88533488302766e-06,3.3073806918937e-05,"AGPAT2"
374.638934279025,0.0201162121789869,0.00435651213991098,4.6175039878112,3.88383220545964e-06,3.3073806918937e-05,"DPP3-DT"
28.9755356380983,0.043167227282357,0.00934923629124922,4.61719288480932,3.88965706432617e-06,3.30899391834158e-05,"TIMD4"
872.593792892724,-0.0175824362119703,0.00380807881687904,-4.61714083596101,3.89063240514483e-06,3.30899391834158e-05,"TANC2"
36.6124907402909,0.0353372159218381,0.00765468344086651,4.61641767354887,3.90420798878685e-06,3.31908870585196e-05,"RNF32"
345.147349883387,-0.0200586505973003,0.00434828144363326,-4.61300650781703,3.9688587122155e-06,3.37257626960698e-05,"RFK"
306.945691311692,-0.0206397580454269,0.00447481331047435,-4.61242885756033,3.97990783005755e-06,3.38048852412443e-05,"MFSD5"
432.274144325398,-0.0117353385014098,0.0025444736190387,-4.61208888691225,3.98642445996149e-06,3.38454570801881e-05,"AREL1"
1496.33251641674,-0.00949268518779045,0.00205849474144689,-4.61146924335505,3.99832823503373e-06,3.3931711387278e-05,"KIAA1143"
1599.29771231456,-0.0131131452304058,0.00284397589628981,-4.61084963747862,4.01026534641371e-06,3.40181732460066e-05,"ATXN10"
1894.98137568523,0.00796452784704602,0.00172759756726958,4.61017542391759,4.02329331308272e-06,3.41138091686016e-05,"XPA"
29.7495967205443,0.0363448993003695,0.00788522779919823,4.60923897519676,4.04145581614679e-06,3.42528789019047e-05,"CC2D2A"
1055.21352123225,0.00935692816890373,0.00203015646563686,4.60896897716131,4.04670702831469e-06,3.42824470417026e-05,"FAM120AOS"
10.1943020523621,0.0605437417118783,0.0131366196990724,4.60877631375394,4.05045815066923e-06,3.42992866733422e-05,"CSF1"
1634.66898462557,-0.0117433885729444,0.00254816004169905,-4.60857574907822,4.05436664940748e-06,3.43025166148868e-05,"PSMB6"
95.7674098525842,0.0192880222715414,0.0041851892393103,4.6086380253429,4.05315265561652e-06,3.43025166148868e-05,"APOBEC3F"
613.115463516052,-0.0131748410162731,0.00285956521164128,-4.6072881858537,4.07954422027645e-06,3.45005280993901e-05,"CPD"
1475.98798872734,0.00890928033102483,0.00193377588997496,4.60719382075872,4.08139535784272e-06,3.45011825751407e-05,"NDUFAF2"
7106.70367244717,-0.0128653435226791,0.00279277535401674,-4.60665176816866,4.09204427682738e-06,3.45761742956426e-05,"RNF213"
839.575788781194,-0.00883454945432515,0.00191787010628374,-4.60643785279278,4.09625408430297e-06,3.45967165409367e-05,"GABPA"
279.798288233957,-0.0210277922759963,0.00456609560045686,-4.60520193092154,4.12065813668606e-06,3.47877263093232e-05,"CEP41"
4470.92039876836,-0.0119011873200024,0.00258623536830049,-4.60174176947518,4.18972451103522e-06,3.53554583358551e-05,"PSMA7"
688.988496081935,-0.013367477964287,0.00290639452162365,-4.59933359522687,4.23844596575033e-06,3.5751089540247e-05,"AKR7A2"
12.9690568870334,0.0435173380699999,0.00946206948199887,4.59913533215852,4.24248126277143e-06,3.57606044136146e-05,"PRRT3-AS1"
12.3462973050106,-0.0507954891214593,0.0110446644678212,-4.59909753433005,4.24325098897859e-06,3.57606044136146e-05,"SLC9A9-AS1"
3712.11506715313,0.00872346199003062,0.0018971495974445,4.59819404952637,4.26168970051305e-06,3.59004445061409e-05,"TGOLN2"
115.354894900448,0.0215753759784527,0.00469256481097634,4.59777900733217,4.27018577473789e-06,3.59433599396008e-05,"RIPOR1"
110.144421005901,-0.0256632847402955,0.00558168733724961,-4.59776465246102,4.2704799146788e-06,3.59433599396008e-05,"ARID3A"
2.74311878995962,-0.162492765135286,0.0353446348970243,-4.59738134539244,4.27834129121521e-06,3.59939517540775e-05,"IGLV3-10"
449.955709003687,-0.0122529615283679,0.00266554363975254,-4.59679644543558,4.29036393526586e-06,3.60794936899508e-05,"ZMPSTE24"
48.4738907559839,0.0374792001508294,0.00815369807435299,4.59658915611778,4.2946325403599e-06,3.60841890032572e-05,"ENSG00000290072"
2.42601529766169,0.110919085297841,0.0241304432611823,4.59664516301167,4.29347881740965e-06,3.60841890032572e-05,"ENSG00000268555"
218.756755749155,0.061743708470881,0.0134331305151044,4.5963752381811,4.29904191175447e-06,3.61056408573127e-05,"RBM11"
4.51830854761265,0.0763154976162173,0.0166089139064835,4.59485177934644,4.33056980610353e-06,3.63547316782563e-05,"HSD17B3"
1692.12363460288,-0.0151900032287316,0.00330632245621071,-4.59422921687454,4.34351736200011e-06,3.64319776663493e-05,"UBE2F"
85.7896932878022,0.0262530792364468,0.005714321435565,4.59426014662947,4.34287323509034e-06,3.64319776663493e-05,"ZNF630"
180.004177719472,0.0199484627999914,0.0043423893911757,4.59389082898214,4.35057043298899e-06,3.64754075396848e-05,"CHKB-DT"
4.2263415171447,0.0691770734729427,0.0150588376191757,4.59378573714438,4.35276311062834e-06,3.64780677573597e-05,"ENSG00000288845"
3.44287067018353,0.0914331078319917,0.0199051066027728,4.59344979439874,4.35977945738415e-06,3.65211327414208e-05,"NECTIN3-AS1"
2947.67851741115,-0.00971546047637064,0.00211539311189058,-4.59274468738706,4.37454125780412e-06,3.66290150691123e-05,"SEC61G"
389.402243235442,-0.0283241787424261,0.00616751845746244,-4.59247571576458,4.38018493386198e-06,3.66604893066047e-05,"KPNA2"
368.390340995721,-0.0140994158892802,0.00307046739012464,-4.59194451458021,4.39135132102138e-06,3.67381395893277e-05,"ZBED6"
1068.0641305153,0.0155936598852455,0.00339647592789317,4.5911292222578,4.40854266159879e-06,3.68661063244876e-05,"LINC02328"
36.4627281677405,0.0323354162492053,0.00704644799525586,4.58889589066374,4.45596579711509e-06,3.72306661167034e-05,"BOLA3-DT"
55.1683204216782,0.0357040835916346,0.00778045692022061,4.58894432007499,4.45493226997379e-06,3.72306661167034e-05,"ENSG00000288961"
468.32726526462,-0.0136466247809411,0.00297590445015766,-4.58570663457227,4.52453537410291e-06,3.77873497473919e-05,"CASP2"
30.6442969106225,0.0329282959907782,0.00718389321178344,4.58362826674084,4.56976344271672e-06,3.81486990232974e-05,"LINC02718"
42.7335045437156,0.0274807095781372,0.00599649520688135,4.58279522121544,4.58801294582573e-06,3.82846159627869e-05,"MIOS-DT"
100.073799630096,-0.0357597243953204,0.00780557993722397,-4.58130269408761,4.62088442798782e-06,3.85423769334439e-05,"TMEM102"
229.787056683629,-0.0222368006259202,0.00485408182950464,-4.58105186664921,4.62643075854353e-06,3.8572098021616e-05,"ARMC6"
262.201222546937,0.0182366987520153,0.00398328656719698,4.57830448409049,4.6876002190523e-06,3.90486132166108e-05,"EMSY-DT"
245.789945566051,-0.0119209508789831,0.00260377710902625,-4.57833001052892,4.68702833314222e-06,3.90486132166108e-05,"TOP3A"
855.47092599095,0.0263446991103998,0.00575672788801237,4.57633218434021,4.73198963762458e-06,3.94015113191078e-05,"BCAS4"
38.1136600707988,0.0311255553399774,0.00680197967632921,4.57595535727545,4.74051635544557e-06,3.94556198672537e-05,"CYP51A1-AS1"
283.509950536763,-0.0109050918512533,0.00238343939299702,-4.57535940846427,4.7540313361871e-06,3.95511820017858e-05,"ANGEL1"
680.386759620715,-0.00872719513996133,0.00190752568706639,-4.5751389871887,4.75903941294045e-06,3.95759194617806e-05,"POLDIP3"
1341.04291861571,0.00887548955241102,0.0019408668920615,4.57295118419166,4.80902210557011e-06,3.99744824681386e-05,"MAGED1"
626.511741192803,-0.011117629323332,0.0024316032579929,-4.57213950786888,4.82769327599082e-06,4.01125424653129e-05,"YJU2"
1875.54727270584,0.0079733394421361,0.00174428215084026,4.57112941177273,4.85102571688442e-06,4.02720022275369e-05,"UHMK1"
273.000223856196,-0.0140866928556478,0.00308166137763013,-4.57113586778337,4.85087624564744e-06,4.02720022275369e-05,"RAI1"
20.5631460009945,-0.0584922445276788,0.0127964469728315,-4.57097541621243,4.85459236992722e-06,4.02844181687092e-05,"TANC1"
11.352058710967,0.0401080392976959,0.00877617637952589,4.57010405935604,4.87482100968418e-06,4.04350291937599e-05,"ENSG00000273004"
149.255511226276,0.0282948833509954,0.00619165380404902,4.56984260529747,4.88090642172122e-06,4.04682484266409e-05,"PPP1R21-DT"
117.816108468592,-0.0229371231939029,0.00502021243385664,-4.56895469984765,4.90162701019394e-06,4.06227298573849e-05,"DYRK1B"
2820.88644472242,0.0111286859136793,0.00243581024696367,4.56878195974077,4.90566793361797e-06,4.06389041638855e-05,"TBC1D5"
385.086752610745,-0.0142700639649663,0.00312349511815142,-4.56862054371057,4.90944683548001e-06,4.06528950178466e-05,"LRRC59"
793.926089559156,-0.00887772487462403,0.00194357079643862,-4.5677393851006,4.93012478970112e-06,4.08067477806283e-05,"SCYL2"
210.844998044297,-0.0201528889258292,0.00441266954373723,-4.56705146988213,4.94632589427994e-06,4.09234304422115e-05,"LPCAT1"
2259.03306027101,-0.00971745162344589,0.00212814548683841,-4.56615944893985,4.96740983155127e-06,4.108039482717e-05,"WDR83OS"
418.351854623667,0.0540047029162184,0.0118274046316027,4.56606538782974,4.96963808328825e-06,4.10813558682701e-05,"CHPT1"
9.86026154063541,-0.0997236357531162,0.021840947072442,-4.56590254178782,4.97349807251013e-06,4.10957990689866e-05,"GAPT"
57.4829146047783,0.0250965841530009,0.00549705456693228,4.56546025647449,4.98399618993275e-06,4.11650572782938e-05,"ENSG00000290126"
1169.23092491576,-0.0143280993137597,0.00313879319205873,-4.56484337675076,4.99867394011687e-06,4.12687635013638e-05,"TDG"
392.153216987834,-0.0430727431890607,0.00943646655625188,-4.56449910909968,5.00688327294312e-06,4.13190015027648e-05,"PLSCR1"
42.4779018845915,0.0333253196112515,0.00730155213917078,4.56414183944131,5.01541630006592e-06,4.13718670282368e-05,"GPR19"
94.984053733493,-0.0207206948827175,0.00454058770784958,-4.56343896780067,5.03224435108554e-06,4.1493083880019e-05,"POMGNT2"
930.205593184044,-0.00909814629732367,0.00199453688022089,-4.56153324992219,5.0781432548609e-06,4.18537984958895e-05,"AGPS"
61.6145153048981,0.0325689717499685,0.00714059494315349,4.56110058184943,5.0886196949569e-06,4.19223810616716e-05,"KDM2B-DT"
30.7947718557626,0.0308876955928319,0.00677285532483876,4.5605131235499,5.10287729215314e-06,4.20220432725109e-05,"ENSG00000289324"
66.4687647994222,0.0261539890335433,0.0057362386210197,4.55943184401455,5.12921998006696e-06,4.22210993788753e-05,"ACER2"
638.358881231383,-0.0152661682052672,0.00334838219815422,-4.55926692409325,5.13324927165713e-06,4.22363923785968e-05,"RPP38"
409.895310082001,-0.0528306614184948,0.011588093660224,-4.55904680852172,5.1386318151684e-06,4.22628022988755e-05,"NAALADL2"
137.289737758313,-0.0187652493936845,0.00411672645530091,-4.55829397397083,5.15708195610283e-06,4.23966192426696e-05,"PDIA5"
15.466053608055,0.0417867746911298,0.00916756693859227,4.55810958033173,5.16161065667616e-06,4.24159226375192e-05,"ENSG00000263624"
187.472200666282,-0.0228321920776007,0.00500936359591446,-4.55790274361841,5.16669508974649e-06,4.2439774573758e-05,"PIK3C2B"
1081.59666925709,-0.0101864812245508,0.00223503228604218,-4.55764388199918,5.17306514934906e-06,4.24741621865718e-05,"EMC3"
160.718629235149,0.0152429819829503,0.00334479581690362,4.55722346515643,5.18342678317122e-06,4.25412803204487e-05,"TCP11L1"
317.402302496617,0.0162358715889817,0.00356285697688796,4.55698101111071,5.1894113607744e-06,4.25724337319371e-05,"STX18-AS1"
559.396078497824,-0.0150674379499346,0.00330662115854276,-4.55674757630077,5.195179564545e-06,4.26017865556344e-05,"MRPL36"
584.752103953106,-0.0105466704503613,0.00231465334971722,-4.55647946231333,5.20181227023983e-06,4.26382007873725e-05,"MTX1"
91.001239249775,0.0300207917023097,0.00659118367240518,4.55468898977819,5.24631397931828e-06,4.29848581346756e-05,"ADCY9"
59.6770062499021,0.0249798479626395,0.00548471113201094,4.55445097497427,5.25225715123668e-06,4.30154331994546e-05,"KDM4A-AS1"
10.5952259802109,-0.0548690067382672,0.0120564313521861,-4.55101556467771,5.3387598106036e-06,4.37054785673614e-05,"BUB1B"
5.69902091426418,0.0868960614571741,0.0190944885781718,4.55084518767948,5.34308516433269e-06,4.37131119879262e-05,"ACY3"
9.44239731364444,-0.0780718287536936,0.0171556204876731,-4.55080180922578,5.34418694706126e-06,4.37131119879262e-05,"DACT3"
1517.77354346794,-0.00994660522697845,0.00218606346931202,-4.55000752110311,5.36439981455607e-06,4.38600003333039e-05,"MAP2K2"
1878.25832512351,0.00972025487696494,0.00213642070858148,4.54978499221668,5.3700757927283e-06,4.38879597665371e-05,"SQSTM1"
204.438681236689,-0.017789579543522,0.00391044478661039,-4.54924708422801,5.38381980961007e-06,4.39818055929128e-05,"KCTD5"
9.82402830878459,0.0452732595752535,0.00995224831153798,4.54904843187712,5.38890406005229e-06,4.40048584685462e-05,"AGK-DT"
960.655152672755,0.0139141794713393,0.00305978835964771,4.54743199066923,5.43044601114607e-06,4.43254743444407e-05,"SAT2"
310.984840422062,0.0345135837263635,0.00759211200841486,4.54597925954066,5.46804210793799e-06,4.46136271147239e-05,"HRH2"
1569.41617497035,-0.0066864471155862,0.00147202851815253,-4.54233531017323,5.56344562520134e-06,4.53729898766421e-05,"SNX1"
444.153426468862,-0.0130707439970046,0.00287832019201141,-4.54110144982536,5.59610935485947e-06,4.56011407881741e-05,"ELP6"
7.30985939473401,-0.0606214156736345,0.0133493309414249,-4.54115760105382,5.59461889633867e-06,4.56011407881741e-05,"GXYLT2"
1459.89362288137,-0.0106715274533174,0.00235017459036387,-4.54073816348478,5.60576148884529e-06,4.56606644554145e-05,"PITPNB"
2.34883936006053,-0.103505453920369,0.0228037107932227,-4.53897415464203,5.65285634320888e-06,4.60249931903541e-05,"HHIP"
747.393796317781,-0.00937015511764312,0.00206520802102612,-4.53714832706657,5.70200037271893e-06,4.64056942467598e-05,"NCAPD3"
20.8576203610076,-0.0499590140979364,0.0110151558781223,-4.53547953843868,5.74727502934416e-06,4.67545991617622e-05,"ABTB2"
77.4063187922096,0.0222632056587559,0.00491063480521074,4.53367162126006,5.79671254081087e-06,4.71370633910168e-05,"ENSG00000232995"
27.5258934335348,0.030940607468003,0.00682492864490753,4.53346973687256,5.80225826715428e-06,4.7162442772427e-05,"ANKRD34A"
723.761440885566,-0.0089811034937057,0.00198149474209796,-4.53248918752956,5.82926608234925e-06,4.73621781820281e-05,"NOM1"
644.856030684861,-0.0343014782308848,0.00756822286309752,-4.53230287365585,5.83441141390797e-06,4.73644141952938e-05,"CACHD1"
7.80749555205819,-0.0654608608844052,0.0144429351758023,-4.53237933201268,5.83229937828563e-06,4.73644141952938e-05,"PRKCG"
4680.3577087619,-0.021319552800333,0.00470474460961313,-4.53150055303132,5.85661838360358e-06,4.75248578137144e-05,"DDX21"
738.5459008415,0.00907588587194235,0.00200300089274749,4.53114419709173,5.86650767859395e-06,4.7585254735751e-05,"PEX3"
797.856557618756,0.0101246638414754,0.00223455522709699,4.53095261137439,5.87183101075888e-06,4.76085806545523e-05,"ERCC1"
33.7987606429052,0.034644306660594,0.00764662151246088,4.53066842711357,5.87973576866568e-06,4.76498093573225e-05,"ENSG00000290117"
120.976483189919,0.0362705784089451,0.00800570093909415,4.53059372125998,5.88181544737707e-06,4.76498093573225e-05,"ENSG00000289928"
20.5311675670774,-0.0960209096868831,0.0211943773357149,-4.53048976933506,5.88471045636026e-06,4.7651405597823e-05,"ENSG00000227863"
3497.6279939717,-0.00675703906994972,0.00149148486711721,-4.53041074631213,5.88691212028012e-06,4.7651405597823e-05,"PAPOLA"
18.0345226780307,0.0357835495410053,0.00789941614505159,4.52989801827583,5.90121642236891e-06,4.77473213941338e-05,"SH3D21"
103.508733677234,0.0228998993618687,0.00505549590824666,4.52970386634352,5.9066416327431e-06,4.77713456958362e-05,"ENSG00000286707"
136.780248904159,-0.0328586010123064,0.00725488712209515,-4.52916778156807,5.92164631090718e-06,4.78727940122425e-05,"NEURL1"
2433.27442545471,-0.0119599085604204,0.00264105371760163,-4.52846092478623,5.94148656052774e-06,4.80132343534794e-05,"SREK1"
22.250584319987,-0.0396344373432992,0.0087526310090008,-4.52828838580548,5.94633908280755e-06,4.80324923171469e-05,"SMPD3"
143.31146880935,-0.0257718130328496,0.00569249199056073,-4.52733408770435,5.973246539969e-06,4.82298125566364e-05,"GAL3ST4"
21.4271933660297,0.0409647007570582,0.00905037986280675,4.52629628568475,6.00264073617208e-06,4.84470394021921e-05,"TERC"
1052.17887374165,0.00916084723186113,0.00202423612256325,4.52558233189759,6.02294273332459e-06,4.85907337643702e-05,"GDI1"
21972.6252481309,0.0105207907916247,0.0023266049880734,4.52194972741665,6.12726139203851e-06,4.94118413501414e-05,"NAP1L1"
229.360315690567,0.0156521012721691,0.00346253489404073,4.52041690586497,6.17179668636247e-06,4.97503594473421e-05,"ZNF23"
239.562640545399,-0.0204997908619926,0.00453524701593277,-4.52010459187224,6.18090870667309e-06,4.98031711903472e-05,"P2RX5"
938.176233229421,-0.012867438230793,0.00284688721828145,-4.51982718112752,6.18901319013126e-06,4.98478242489619e-05,"SPTY2D1"
197.822934318501,0.0188846436251673,0.00417963864901699,4.51824791830002,6.2353450206478e-06,5.02002052966144e-05,"ENSG00000246225"
211.105173194556,-0.0177118499734131,0.00392063603523041,-4.51759607733447,6.25456509544409e-06,5.03341107453384e-05,"ZFP1"
38.6088110996626,0.0324630771786487,0.00718636528482591,4.51731520622739,6.26286427883103e-06,5.03711212679336e-05,"CDON"
636.627883820859,-0.0102773684450584,0.00227513064183802,-4.51726518735451,6.26434334209714e-06,5.03711212679336e-05,"SNAP29"
1880.5977967538,0.0197317773868053,0.00436901257571858,4.51630134837961,6.29290951851031e-06,5.05799103489851e-05,"GSTP1"
851.804339125043,-0.00998695389487278,0.0022129087105413,-4.51304378138123,6.39038239880306e-06,5.13421429323082e-05,"RETREG3"
44.5174558163639,0.0321687569050198,0.00712866265918972,4.51259351760043,6.4039682866938e-06,5.14300524956569e-05,"ZNF853"
314.256619066209,-0.0126647251208496,0.00280677969426122,-4.51219065990254,6.4161472027988e-06,5.150659481702e-05,"RCE1"
1734.20776850056,-0.00796319716299721,0.00176557582285418,-4.51025498872324,6.47497477559477e-06,5.19573986634051e-05,"CCDC12"
29.4968788993112,0.0334974905346725,0.00742802839827793,4.50960722530872,6.49477613313668e-06,5.20948002332543e-05,"ENSG00000288964"
560.15409578222,-0.0115300318091972,0.00255684366807465,-4.50947860174787,6.49871489056696e-06,5.21049065690098e-05,"UPF1"
135.233614470148,-0.0268179937511429,0.0059472171780716,-4.50933486169387,6.50311925468623e-06,5.21187361445826e-05,"PODXL2"
3527.83315739111,-0.0106228022878573,0.00235591467470048,-4.50899279245238,6.51361214576719e-06,5.21598476110818e-05,"SNRK"
11.3231670340393,-0.0599856078049102,0.0133034309278751,-4.50903290512978,6.51238086128208e-06,5.21598476110818e-05,"ADGRG6"
1522.04870888336,0.0117400920480319,0.00260473902355167,4.50720473025501,6.56872467166095e-06,5.25795323409371e-05,"MTAP"
123.235106957468,0.0357228673115224,0.00793029898985184,4.50460535690216,6.64964013172528e-06,5.32053271090862e-05,"AKAP6"
292.462146842125,-0.0217846890610035,0.0048364000819804,-4.50431905792277,6.65861035664563e-06,5.32551932759515e-05,"MRPL15"
867.598403642188,-0.0116232941310045,0.00258123225338518,-4.5030020509627,6.70002369915058e-06,5.35643900419967e-05,"VRK3"
10743.4061776549,0.0152367289902549,0.00338402224341892,4.50254989307075,6.71429855704673e-06,5.36564590111405e-05,"ANKRD12"
1274.25771431329,-0.00790377287714581,0.00175572754831342,-4.50170807238189,6.74095281310112e-06,5.38473401099096e-05,"HM13"
640.899721530338,0.00975110021897476,0.00216638851225169,4.50108563806946,6.76072577638283e-06,5.39831186684821e-05,"TRMT2B"
25.6200113035728,-0.0710505097984052,0.0157888550106707,-4.50004194416799,6.79400552655009e-06,5.42265906840073e-05,"RNASE6"
286.225878478844,-0.0120365306639474,0.00267531173671531,-4.49911331780932,6.82374786744105e-06,5.4441640594584e-05,"KLHL12"
2710.04383615858,-0.00793746799435502,0.00176430683358626,-4.49891585933538,6.83008816770254e-06,5.44698831283239e-05,"NSD1"
52.3676281162892,0.0317050450803228,0.00704761141770904,4.49869369935114,6.83722835863075e-06,5.45044790179208e-05,"DMXL1-DT"
118.913123532503,0.0359733992536154,0.00799728746762998,4.49820009587278,6.85311826988925e-06,5.46087683193838e-05,"MYO1F"
1118.37993486293,-0.0167778128119009,0.00373055650726704,-4.49740213805046,6.87888058409742e-06,5.47916077974115e-05,"SLC35D1"
1766.41357256242,0.0100174877384495,0.00222748704882006,4.49721480704276,6.88494203595944e-06,5.48174406637115e-05,"SSR1"
1842.12364294183,-0.0247786362518668,0.0055102158855667,-4.49685398293944,6.89663158790719e-06,5.48857575240346e-05,"N4BP2"
320.227411837929,0.0131932652165429,0.00293393882917008,4.49677583096538,6.89916596299751e-06,5.48857575240346e-05,"ZNF519"
61.9047708135833,0.0252790391058166,0.00562275700773701,4.49584413323076,6.92944850384643e-06,5.51041303549946e-05,"NIPAL1"
497.677559172743,-0.0171857834869814,0.00382537718460245,-4.49257227657342,7.03680249288278e-06,5.59349592517625e-05,"MED19"
5.06017102190578,0.0697842642847846,0.0155362516905154,4.49170531444124,7.06551418259594e-06,5.61402436134288e-05,"ENSG00000270179"
122.826218969962,0.022475563010208,0.00500552947755648,4.4901469686639,7.11740475891845e-06,5.65294569071959e-05,"FAHD2B"
279.756713553107,0.0143752001714163,0.00320159815838371,4.49000763377296,7.12206211153727e-06,5.65433592373516e-05,"DNAH1"
908.447748490897,-0.0219037796105752,0.00487915404024598,-4.48925765202341,7.14718081216142e-06,5.67196303457168e-05,"ACAA2"
772.051053068504,0.0131797470523946,0.0029363820030827,4.4884306737196,7.17497652995465e-06,5.69169936721647e-05,"RAB33B-AS1"
1.71725926526087,-0.0991433790255918,0.0220953940756417,-4.48706090899229,7.22124351084262e-06,5.7237329881581e-05,"ENSG00000237076"
943.036778257478,0.0146868806805343,0.00327313401576173,4.48710031725245,7.21990842825095e-06,5.7237329881581e-05,"AKAP7"
981.716919575654,-0.00978951514592756,0.0021819404819407,-4.48660961513506,7.23654939668039e-06,5.73352840386274e-05,"KCTD20"
295.938950947416,-0.017611329005001,0.00392591302475655,-4.48591929926749,7.26002188881492e-06,5.74978362212292e-05,"CTU1"
20.6629032453705,0.0571844233486805,0.0127496356035863,4.48518099863148,7.28520655686753e-06,5.76693287737985e-05,"LCA5"
362.831293910312,-0.0168436905684939,0.00375546810214006,-4.48511080653181,7.28760527098846e-06,5.76693287737985e-05,"FIG4"
864.340422800151,-0.0144076161791872,0.00321247646228276,-4.48489392789178,7.29502155987077e-06,5.77045402037602e-05,"PDHB"
873.452101236336,-0.01149413834714,0.00256322622824435,-4.48424654074049,7.31720228471523e-06,5.78564640812992e-05,"UBAP2"
13.5058660929102,0.0566148878822998,0.0126277194677663,4.4833818194026,7.34692991788953e-06,5.80679129755665e-05,"ERRFI1"
715.68941610769,-0.0109644311707568,0.00244794069755255,-4.47904280594664,7.49784982597865e-06,5.92366681417996e-05,"POLB"
641.981320787157,-0.0089557424274022,0.00199983025858162,-4.47825128606368,7.52569834372218e-06,5.94084247093101e-05,"STX18"
122.720914348985,0.0160130709942309,0.00357571955351277,4.47827933779082,7.5247096947786e-06,5.94084247093101e-05,"DPY19L2P2"
1031.92363549389,0.0169847281840037,0.00379309336221243,4.47780388250103,7.54148333507929e-06,5.95088812781449e-05,"GUSBP1"
2252.09402391803,-0.0080596574153716,0.00180000330680087,-4.47757922717152,7.54942140763903e-06,5.95473624493053e-05,"NDUFB10"
2468.84447831825,-0.0104446467832467,0.00233281598992616,-4.4772698868449,7.56036485346021e-06,5.96095082142905e-05,"UBE2I"
971.241906755515,-0.0141426827091371,0.00315926589276888,-4.47657246625166,7.58509298104037e-06,5.97802445600552e-05,"WRN"
0.684854725228657,-0.201349558786411,0.0449794087322662,-4.47648300547738,7.58827054197441e-06,5.97810653349309e-05,"ENSG00000226409"
23.3141313814887,0.0525173172522932,0.0117328904082588,4.47607668911031,7.60271853490042e-06,5.98706389564162e-05,"KCNIP4"
707.316574941216,0.0110370090115705,0.002466739964144,4.47433015721241,7.66512262585194e-06,6.03376366634748e-05,"DGKE"
178.70025628229,-0.0292792498105968,0.00654509165193299,-4.47346673930068,7.69615340795319e-06,6.0557394796965e-05,"PDCD2L"
673.659573075639,0.009927647237913,0.00221932265914488,4.47327800534338,7.70295238491391e-06,6.05863836793208e-05,"NOPCHAP1"
565.405652743415,-0.0101292982282005,0.00226510886163734,-4.47188141804298,7.75344200282321e-06,6.09588522218732e-05,"MFSD14B"
49.7408208464807,-0.0532176103062759,0.0119007674988588,-4.47177968239267,7.75713230182498e-06,6.09632244051707e-05,"TESC"
6.567444652403,0.0521222275438722,0.0116593192212949,4.47043489886397,7.80607026748245e-06,6.13230503928922e-05,"ENSG00000229848"
2847.4025548026,-0.00735548397462112,0.00164574410939671,-4.46939711503354,7.84403786160558e-06,6.15964394211103e-05,"UQCRQ"
4903.33122228694,-0.00876980506775923,0.00196291292601391,-4.46775042923993,7.90464485129817e-06,6.20473151745766e-05,"UQCRH"
586.119741904959,-0.00995022356926772,0.00222719345514099,-4.46760632593447,7.90996988660197e-06,6.20640678758753e-05,"DPF2"
294.384042214615,0.023146666467567,0.00518337442610647,4.46555941453641,7.98598052179238e-06,6.26352044876547e-05,"KCTD7"
180.537130512083,0.0238757099299861,0.00534717565137347,4.46510671925532,8.00288508536504e-06,6.27172110376452e-05,"SNHG26"
22.4964054563818,-0.0287955046571004,0.00644889871516083,-4.46518172000508,8.0000820424289e-06,6.27172110376452e-05,"ENSG00000286803"
41.7145781469675,0.0278964796551389,0.00624937529836015,4.46388292001906,8.04875564630371e-06,6.30512871833482e-05,"OBSCN-AS1"
1353.62803273806,-0.00948276869553193,0.00212553868867545,-4.46134843183739,8.14455411000585e-06,6.37760555530289e-05,"CHD9"
1236.7723710844,-0.017470170718126,0.00391665504660783,-4.46048235298553,8.17753925819474e-06,6.40085779119299e-05,"FBXO34"
15.6161908859775,0.0359202485523514,0.00805442498014179,4.45969124312573,8.20778072759059e-06,6.42194460709431e-05,"PROCR"
111.945497284645,0.048982603433164,0.0109838422672622,4.45951446145206,8.21455309447837e-06,6.42465911703654e-05,"FXYD2"
239.053278190326,-0.0255672506999744,0.00573358877113695,-4.45920552040297,8.22640120868382e-06,6.43133962661209e-05,"ENSG00000287100"
204.14329947246,0.0407407631112938,0.00913694913336695,4.45890225682814,8.23804747358451e-06,6.43785702726767e-05,"ENSG00000290427"
62.745443601807,0.0229844412412289,0.00515609613346636,4.45772162626007,8.28353764514925e-06,6.46820918248888e-05,"ENSG00000288858"
1423.44901109881,-0.0115361944936982,0.00258789733127501,-4.45774813176786,8.28251374772113e-06,6.46820918248888e-05,"KMT5B"
648.120326415674,-0.00986815806492606,0.00221536525981054,-4.45441582205274,8.41219250690708e-06,6.56603356548353e-05,"DNAJB12"
1.24425110193303,-0.169352290677851,0.0380313650068276,-4.45296377470144,8.46930477674561e-06,6.60796017699474e-05,"LTF"
624.888811449182,0.0160345659962005,0.00360355382724384,4.44965352674209,8.60089287053872e-06,6.70793773956891e-05,"LINC01237"
355.348179724198,-0.0103579572674892,0.00232803163985174,-4.44923388934216,8.61771306832773e-06,6.71836220008187e-05,"RMDN3"
228.012440775188,0.0226487183237343,0.00509076580108174,4.44898060698877,8.6278805159925e-06,6.72359390691386e-05,"PRKAG2-AS1"
175.616546132724,-0.0160527721276151,0.00360846044304047,-4.44864849733231,8.64122967994857e-06,6.73129990006727e-05,"ERCC2"
131.447169887139,0.0128778185197148,0.00289495652353672,4.44836335710567,8.65270665180259e-06,6.73754191690201e-05,"ALG10"
391.074009105778,-0.0103119868495225,0.00231821262222317,-4.44824894432389,8.6573158915649e-06,6.73843342964501e-05,"MTERF3"
989.1123900246,-0.00903405191023522,0.00203108911486154,-4.44788554285127,8.6719714713589e-06,6.74714068357608e-05,"CSNK2A1"
3751.76394757839,-0.00741806174974278,0.00166812108458792,-4.44695640998703,8.70955025695306e-06,6.77096171254972e-05,"CCT4"
20.1974037009795,0.0386220458268101,0.00868499750992374,4.44698409903737,8.7084281268628e-06,6.77096171254972e-05,"CACNA2D2"
1103.80955629954,-0.00873599165201033,0.00196463505407923,-4.44662311907319,8.72306809475565e-06,6.77876138677955e-05,"SRPK1"
3412.95717123095,0.00805341669059974,0.00181138026264651,4.44601106497281,8.74794443238958e-06,6.79537808124639e-05,"STX16"
37.0660514289454,0.0276760674045204,0.00622661112366126,4.44480422092697,8.79719419332865e-06,6.83060388043864e-05,"ENSG00000231563"
2290.35081505024,-0.0133396508867109,0.00300123000018168,-4.44472795683883,8.80031531765937e-06,6.83060388043864e-05,"CCT6A"
415.255933572521,-0.0120026273582974,0.00270053063319587,-4.44454405025325,8.80784608764554e-06,6.83372214801729e-05,"PIGS"
645.493253610749,-0.0108555097271193,0.00244255535979476,-4.44432494992924,8.81682604089735e-06,6.83796185492402e-05,"FLII"
33.8879057989906,-0.0415769480509279,0.00935715431405909,-4.44333251921033,8.85761106632133e-06,6.86685503591137e-05,"LINC02752"
332.434366979141,0.0193433711317944,0.00435343557887756,4.44324276340428,8.86130855597525e-06,6.86698457060855e-05,"RTL8C"
14.2881210435836,0.0518303465902685,0.0116655410988481,4.44302978756695,8.87008799664011e-06,6.86831535122002e-05,"CTSV"
1079.62232636995,-0.00909681156764948,0.00204742774571371,-4.44304400323463,8.86950172953733e-06,6.86831535122002e-05,"GTF2F2"
2596.421719453,-0.00911244398795441,0.00205165529349025,-4.44150828692691,8.9330506044713e-06,6.91431624781422e-05,"NCOA3"
109.077121904505,0.0303214675667974,0.00682713349754263,4.44131751308383,8.94097525593444e-06,6.91769728334052e-05,"CRYBG3"
638.598958780903,0.0201889488765064,0.00454653876550275,4.44050956514256,8.97461154554045e-06,6.94096100088697e-05,"NDUFV2-AS1"
2059.36719889823,-0.0093996337141748,0.00211695034536094,-4.44017675462869,8.98850216321188e-06,6.94618019772087e-05,"PAXX"
28.85932988135,-0.0330252871904775,0.0074377783813991,-4.4402085538162,8.98717406332618e-06,6.94618019772087e-05,"NANP"
230.740464534183,-0.0273306827964387,0.00615557817066686,-4.43998630813875,8.9964601274195e-06,6.94956894116111e-05,"NOCT"
268.347989672753,0.018541189898106,0.00417734540885383,4.43851012626541,9.05837234125855e-06,6.99461692774197e-05,"ENSG00000288896"
836.984967434851,-0.0189083800175238,0.00426065353806601,-4.43790602746514,9.08382592390478e-06,7.01148801769333e-05,"MRPL14"
2673.54757382239,0.00992729660599173,0.00223726103333196,4.43725450811924,9.11135415410619e-06,7.0299464359984e-05,"RNPC3"
1969.78425214623,0.0090937396680533,0.00204945035644814,4.437160255891,9.11534312679276e-06,7.03023549402244e-05,"FCHSD2"
78.9051452640109,-0.0337471141364975,0.00760598018547827,-4.43691849223185,9.12558275593346e-06,7.03534324953079e-05,"IRS1"
1403.51969002439,-0.00979915462496419,0.00220903340728339,-4.43594677774246,9.16684960225421e-06,7.06435782937586e-05,"GOLPH3"
8.8122861862542,0.06609161543946,0.0149038586923337,4.43453046649298,9.22731708397955e-06,7.10814038021728e-05,"ENSG00000290100"
80.0967498786864,0.0203954583747045,0.00459982734392847,4.43396172285149,9.25170590211732e-06,7.12410655194315e-05,"TMEM106A"
1881.65959223783,-0.00979681877555697,0.00220970171941913,-4.43354806192226,9.26948315057503e-06,7.13497098384784e-05,"MDH1"
1991.94406981571,-0.0102488492184091,0.00231296650360604,-4.43104091755352,9.37792903315954e-06,7.21558930474629e-05,"DCP2"
2242.28124496176,-0.00941214122803552,0.00212424294493178,-4.43082146064879,9.38747906264444e-06,7.22008126720036e-05,"DBI"
458.082862292228,-0.0142007508593679,0.00320584912908223,-4.42963791731313,9.43914328458003e-06,7.25694766910538e-05,"SLC44A1"
75.8551405497531,-0.0322185210163728,0.00727450215503987,-4.42896576696336,9.4686049199995e-06,7.27672201892178e-05,"RBBP8"
1407.0561293745,-0.0127269980585846,0.00287366595458203,-4.42883698374599,9.47425975396324e-06,7.27819219882856e-05,"NDUFB6"
919.606503447706,-0.053654989705352,0.0121164322223416,-4.42828290711,9.49862592113055e-06,7.29402971938059e-05,"IFNG-AS1"
960.491970497024,-0.0115617058551122,0.00261114976112471,-4.42782180755967,9.51894894076103e-06,7.30675121731424e-05,"VEZT"
3158.95581028695,-0.0142204713557346,0.00321175643184631,-4.42763069289155,9.52738451410505e-06,7.31034146681883e-05,"AGTPBP1"
88.3005925249755,0.0789926806922726,0.0178428330013337,4.42713781417828,9.54917256240796e-06,7.32417017000778e-05,"MT1E"
95.1831827063355,0.0315813371343523,0.00713394186801112,4.42691259876455,9.55914420391268e-06,7.32892841585753e-05,"ENSG00000270361"
84.7394769568052,0.0251431851167644,0.00568139147455841,4.42553294018851,9.6204474464162e-06,7.37302298188501e-05,"SNTA1"
21.6503375583077,-0.0415453153351367,0.00938886373325682,-4.42495668437244,9.64616361820203e-06,7.38981995028151e-05,"LRRC70"
26.6261399931523,0.038664262264487,0.00873826107211901,4.4247089833299,9.6572377698838e-06,7.39539101818937e-05,"DHX35-DT"
1187.20371567992,0.00789501160325866,0.00178446065162371,4.42431252046654,9.67498800437726e-06,7.40606814927753e-05,"ZFAND1"
67.969254263094,0.0467410332877438,0.0105667137367542,4.42342193156654,9.71497470253087e-06,7.43375188587443e-05,"ENSG00000289225"
825.665562375235,-0.0103820593651167,0.00234712843094771,-4.42330263151587,9.72034314999705e-06,7.43493490407364e-05,"AP2A2"
65.5296653482957,-0.0329083110393631,0.00743999583107553,-4.42316256440777,9.7266497221279e-06,7.43683426671029e-05,"IKZF4"
2597.81476008102,0.0116483980205965,0.00263375546988351,4.42273329995655,9.74600186253833e-06,7.44870264158086e-05,"ERCC5"
1119.59296031736,-0.010618200330915,0.0024013544201777,-4.42175475710463,9.79025419681631e-06,7.47958501108696e-05,"MOB4"
292.052190504094,-0.0178881574458117,0.00404600034030112,-4.42119524005783,9.81564323674311e-06,7.49603755782844e-05,"SLC16A1"
1575.05754939099,-0.0161954487017156,0.0036637900774112,-4.42040847306382,9.85145054497388e-06,7.52043031986997e-05,"S1PR4"
253.014278745117,0.0151315471704223,0.0034258523199075,4.41687082729558,1.00140032283403e-05,7.64152125517643e-05,"ARMCX5-GPRASP2"
6.03331617764381,-0.0605639303246065,0.0137156829488678,-4.41567004358366,1.00697585284134e-05,7.68105384847724e-05,"ANLN"
889.502281901049,-0.0100461490250833,0.00227521771213676,-4.4154671315601,1.00792094615939e-05,7.68524904890093e-05,"CHMP2B"
1.65413756972718,-0.110852901038386,0.0251087083592352,-4.41491849968511,1.01048052555134e-05,7.70174635677868e-05,"ENSG00000255440"
20.3926488955894,0.0467917264039025,0.0105987936651454,4.41481624062361,1.0109582894069e-05,7.70236963856387e-05,"TOMM20L"
34.3242342305081,0.0385268256699923,0.00872815797917959,4.41408436486775,1.01438398407986e-05,7.72544356865207e-05,"RGS5"
6.69692275025363,0.0525626654586823,0.0119087921840395,4.41376964568484,1.01586049802082e-05,7.73366048806376e-05,"ENSG00000271392"
24.7553102501593,0.0350770674543169,0.00794804752510367,4.41329362255662,1.01809767480531e-05,7.74765957458458e-05,"SLC5A5"
232.788298692334,-0.00966561317398813,0.00219032662467124,-4.41286384647719,1.02012154444996e-05,7.76002509233329e-05,"ZNF142"
341.379285991661,0.0110281689737695,0.00249988633715071,4.41146815752394,1.02672055263841e-05,7.80717023822113e-05,"KBTBD3"
10.9927758463003,0.0929743025355722,0.0210768078164239,4.41121365936273,1.02792824112238e-05,7.81329903011782e-05,"THNSL2"
324.357196957461,0.013080948334235,0.00296544381738392,4.41112667775136,1.02834131221818e-05,7.81338549373277e-05,"LINC00938"
99.5023253717606,0.0287558412140058,0.00651912281550333,4.41099853888634,1.02895012573975e-05,7.81495856921665e-05,"NEK3"
53.3823834647858,0.0492242419653432,0.0111656918644884,4.40852591695611,1.0407656756834e-05,7.90161325437853e-05,"ENSG00000288043"
4137.51292414924,-0.00557969299411214,0.00126586429623946,-4.40781291540325,1.0441967863602e-05,7.92456952457752e-05,"HNRNPR"
1214.8412460599,-0.0154047855262782,0.00349498943503727,-4.40767727989254,1.0448507141441e-05,7.92643964150424e-05,"ATP6V0B"
26.3360780874356,-0.098195776418883,0.0222830830303798,-4.40674103691159,1.04937521951595e-05,7.9576598030428e-05,"ENSG00000249061"
1066.3473119086,0.00949266742320481,0.00215424614264031,4.40649154955446,1.05058405023474e-05,7.96372188663907e-05,"PIK3CB"
332.891041883326,-0.0145209584931479,0.0032954330003453,-4.40638862681364,1.0510831248493e-05,7.96440119261543e-05,"RIMKLB"
1585.65620032703,0.00805962840213971,0.00182912578268255,4.40627346596126,1.05164181070784e-05,7.96553148756937e-05,"SRSF8"
451.611831131184,0.0236221858486569,0.005362321899572,4.40521592904416,1.0567855707697e-05,8.00009607009637e-05,"NT5C3B"
1622.81467347134,-0.00966059110780632,0.00219301396190833,-4.40516625776509,1.05702775693526e-05,8.00009607009637e-05,"SPECC1L"
111.580788668872,0.0247002438942003,0.00560797253806599,4.40448731275682,1.06034346043322e-05,8.02206948614804e-05,"ENSG00000289043"
16.6864674997735,-0.0441200743008371,0.0100189360572692,-4.40366861796927,1.06435485652875e-05,8.04928705845281e-05,"ERC2"
9.89588132828039,-0.0742622319231746,0.0168647692341473,-4.40339449014283,1.06570124841094e-05,8.05633695407742e-05,"ENSG00000255240"
3177.68019671916,-0.00663542977769868,0.00150698167636473,-4.40312571928893,1.06702290809886e-05,8.06319447763443e-05,"PPP1CC"
10.2762173807589,0.0491344097439218,0.011159835602024,4.40278974495024,1.068677236801e-05,8.07255958563741e-05,"SNX21"
2430.9679402036,-0.00790729448836465,0.00179620921016872,-4.40221241690543,1.0715257063366e-05,8.09093420572716e-05,"COPE"
516.749567974241,-0.0247549577421354,0.00562624205960092,-4.39990982966902,1.08295868496207e-05,8.17408978703813e-05,"ARHGAP21"
366.954735535452,0.0164493877118456,0.00373929626099997,4.39905975982943,1.0872088791226e-05,8.20298677572291e-05,"CORO2A"
22.7213671178482,0.0525109745040648,0.011938698890402,4.39838335702399,1.09060214306645e-05,8.22539832678771e-05,"KLKB1"
148.783637497764,0.0287352232144314,0.00653328967288732,4.39827784365363,1.09113237565894e-05,8.22620768951243e-05,"ENSG00000262580"
7959.33272660282,-0.00754824450363823,0.00171731382959975,-4.39537862767779,1.10579837160161e-05,8.33354673615767e-05,"CAPZB"
7388.92176113565,-0.00850512770751444,0.00193548763552829,-4.39430743518698,1.11126457805789e-05,8.37149779543144e-05,"RAP1B"
0.958347366703375,-0.154070174070204,0.0350621642220382,-4.39420034355334,1.11181247398564e-05,8.37238266801965e-05,"ENSG00000176320"
2847.71651358209,0.0163001318346206,0.00371074168151188,4.3926883716625,1.11957551298254e-05,8.42757867764063e-05,"VOPP1"
19.2219241411298,0.05473754592382,0.0124627260013721,4.39210056594308,1.1226074782005e-05,8.44713271121006e-05,"REELD1"
1343.18371106128,-0.00896414669318901,0.00204151267023659,-4.39093365614535,1.12864976734545e-05,8.48931423999855e-05,"MRPS15"
21.3077418146188,-0.0435419968119785,0.00991820825889793,-4.39010713179123,1.13294830150753e-05,8.51835230484075e-05,"SYK"
13.0352272563312,0.0368900243563379,0.00840570552717418,4.38868863976723,1.14036195299564e-05,8.57078065986021e-05,"DENND2A"
8.09584376195461,0.0426867495693462,0.0097269033923445,4.38852406028238,1.14122510855519e-05,8.5739550353445e-05,"DSTNP2"
3.99989746611445,-0.0879063869450354,0.0200328621544885,-4.38810921111138,1.14340359975605e-05,8.58700518102506e-05,"FAM111B"
2397.94556325774,-0.00830749959656948,0.00189385567884129,-4.3865536795561,1.15160754093153e-05,8.6419437803469e-05,"SPATA13"
15.7159215007212,0.0513908923758327,0.0117154951795334,4.38657449713359,1.15149737809938e-05,8.6419437803469e-05,"NHSL2"
99.9156179805367,0.0359006694319789,0.00818559929610268,4.38583274520558,1.15542880723189e-05,8.66420752582206e-05,"LINC02265"
4902.52726475609,-0.00844478270682592,0.00192547149195844,-4.38582588321603,1.15546523685067e-05,8.66420752582206e-05,"COX6A1"
17.8807034825635,0.0352910673983835,0.00804971035079873,4.38414127470832,1.16444190668485e-05,8.7273107943403e-05,"ENSG00000288586"
100.813148049285,0.0204874577616499,0.0046731912254598,4.38404010733247,1.16498310449953e-05,8.7273107943403e-05,"ALG10B"
133.868989733717,-0.0162843371021186,0.00371449755219849,-4.38399457080821,1.16522678180565e-05,8.7273107943403e-05,"WDHD1"
304.33793670848,0.0189461723492672,0.00432228839872982,4.38336607868066,1.16859497359912e-05,8.74916891126887e-05,"EXD3"
3574.97276493705,0.0211929063551746,0.00483659534916165,4.38178198199857,1.17712568517564e-05,8.80964667270154e-05,"ENSG00000268027"
23.6389963044695,0.0250521606484762,0.00571746114819519,4.38169320247752,1.17760553728899e-05,8.80984819454161e-05,"LYG1"
218.01515658278,-0.0143988122412099,0.00328641336246829,-4.3813150243509,1.1796516773331e-05,8.81837231967952e-05,"BRPF1"
5.32738481831608,-0.134650749834155,0.0307324951186863,-4.38138033746188,1.17929805723704e-05,8.81837231967952e-05,"BEND4"
4.70600529595326,0.0640717939747762,0.0146267133473649,4.3804641858466,1.18426756805395e-05,8.84947693669513e-05,"MDH1B"
31.4884131894122,0.0319839050270956,0.00730182606430201,4.38026114912023,1.18537160917668e-05,8.8509263608812e-05,"ENSG00000225643"
1052.29311352083,-0.0122442132368507,0.00279528977621598,-4.38030194258637,1.18514971006471e-05,8.8509263608812e-05,"ATG13"
194.180675384486,-0.0183081407813272,0.00418068401121681,-4.37922137435077,1.19104094682123e-05,8.88479457749683e-05,"PRXL2B"
16.1744063633161,-0.0527246116317514,0.0120398419870631,-4.37917803974538,1.19127778819144e-05,8.88479457749683e-05,"IL36A"
374.294221859016,-0.0143227283788088,0.00327061278922526,-4.37921860575906,1.19105607696508e-05,8.88479457749683e-05,"ABCC5"
2430.6621465177,-0.00659372951099683,0.00150584700167787,-4.37875129654597,1.19361251670157e-05,8.89879534778158e-05,"EHMT1"
2853.35951407118,-0.00995207801685462,0.00227332376526899,-4.37776535348762,1.19902336126249e-05,8.93571011491058e-05,"SMARCE1"
16.2652863563417,0.0425969021351862,0.00973296033797585,4.37656177113786,1.20566034221269e-05,8.98173087567181e-05,"SLC39A13-AS1"
952.758314610993,-0.0131744715652011,0.00301042893714484,-4.37627721506559,1.20723460238419e-05,8.99001541002101e-05,"SEPHS2"
784.858041732995,0.0105094503719616,0.00240151131181775,4.37618191521521,1.20776227168142e-05,8.99050284978007e-05,"KANTR"
13.816814609892,0.0484654323527949,0.0110751483442912,4.37605265827222,1.20847831101507e-05,8.99239159432062e-05,"ZNF578"
165.671917908062,-0.0223546263368845,0.00511107107714612,-4.37376549835943,1.22121560442621e-05,9.08369587827697e-05,"FBXL8"
8.15174999158816,0.0460529957579043,0.0105325766277015,4.37243396233939,1.22868988599583e-05,9.13579777236427e-05,"PNRC1-DT"
65.9101390072198,0.0436547559804826,0.00998640270997143,4.37141954398588,1.23441337462102e-05,9.17484698118206e-05,"ENSG00000289974"
1991.57052583571,-0.00986606492230437,0.00225701398043651,-4.37129101007884,1.23514039418178e-05,9.17674400581737e-05,"SNRPC"
7480.63433281047,0.00835969284714637,0.0019126773995189,4.3706758124758,1.23862576572272e-05,9.19561441567655e-05,"ST13"
35.8803462434163,0.0280778100440378,0.00642409605882721,4.37070208585325,1.23847672354614e-05,9.19561441567655e-05,"IL3RA"
624.411000566125,-0.0279213910361747,0.00638881841980755,-4.37035288866697,1.24045902879225e-05,9.20571101451277e-05,"FRY"
30.866949142705,-0.0377481688234083,0.00863772562568516,-4.37015141013049,1.24160414920598e-05,9.21069500618062e-05,"ADAT3"
1420.04085051386,-0.00661961377105484,0.00151487769718289,-4.369734786752,1.24397526410725e-05,9.22476662682048e-05,"INO80"
6.29122727882699,0.0529121987923235,0.012109759623803,4.36938473066955,1.24597086670847e-05,9.23604395135154e-05,"METTL14-DT"
553.250229695946,-0.00882653960001465,0.00202039132164175,-4.36872773381459,1.24972452988376e-05,9.26033974505483e-05,"C2orf68"
1269.37108904495,-0.010830646576099,0.00247958965199339,-4.36791892859856,1.25436034979967e-05,9.29115124293734e-05,"PSMD2"
3558.8331191384,-0.00844074132312255,0.00193250908244393,-4.36776282181715,1.25525699249026e-05,9.29425343012104e-05,"H2AZ2"
6906.9892871467,-0.00947537575448467,0.00216982584775742,-4.36688306772534,1.26032155111412e-05,9.32529461761101e-05,"SET"
211.54429941192,-0.0139088927396547,0.00318509572188916,-4.36686804860138,1.26040818208315e-05,9.32529461761101e-05,"PPP1R37"
97386.3563999559,0.0100573831570299,0.00230386968531195,4.3654305715074,1.2687259615451e-05,9.38326565703946e-05,"RPL14"
68.0309684359835,0.017931509765636,0.0041078192890566,4.36521387720396,1.26998436954242e-05,9.38900264993142e-05,"MAMSTR"
108.839469542319,0.0203783220106864,0.00466859189164443,4.36498252228006,1.27132923062766e-05,9.39537418880644e-05,"ZNF280B"
2429.23853751846,-0.00860628072354378,0.00197247397748387,-4.36319100874635,1.28178935856001e-05,9.469078926453e-05,"SEC63"
26.6669501200648,-0.0438258668936848,0.0100473612287949,-4.36192806207501,1.28921263166658e-05,9.52030178380662e-05,"CACNA1H"
30.8242680539572,0.0287761405093723,0.00659810834667471,4.36127129132016,1.29308915350353e-05,9.54530441168774e-05,"CDH26"
1116.91451354759,-0.0166002183249307,0.00380662625845485,-4.36087422243258,1.29543820338894e-05,9.55901687940753e-05,"MARK2"
2459.05675291322,0.0177405747843216,0.0040694386471199,4.35946486055941,1.30380886910578e-05,9.61713549980145e-05,"PRDX6"
2576.70809644249,-0.00863676787688263,0.00198141835126122,-4.35888154128841,1.30728847229724e-05,9.63914635127126e-05,"PHF14"
1403.64237708503,-0.0178026349531867,0.0040846774853259,-4.35839427155319,1.3102019127022e-05,9.65696756497557e-05,"MAST4"
2301.71765999721,-0.0162376615927023,0.00372614431227765,-4.35776508687523,1.31397304275087e-05,9.68109456611638e-05,"NSMCE1"
42.7495058993239,0.0280652939544643,0.00644081619072415,4.35741265134736,1.3160899501639e-05,9.69301992451272e-05,"LINC02352"
1240.55995658852,0.0246202510303755,0.00565075792148772,4.35698208496135,1.31868056707891e-05,9.7084238116018e-05,"ARHGAP5"
47.4963599113485,-0.0298357663695572,0.00684831162093268,-4.35666015523602,1.32062072049839e-05,9.71902899523803e-05,"UPP2"
2223.37576253741,0.00969500612620339,0.00222595975672504,4.35542740470172,1.32807526930064e-05,9.77019366988149e-05,"MTR"
35.2789121822626,0.0363458928063942,0.00834692177993962,4.35440678188039,1.33427742234787e-05,9.81210969455136e-05,"CXCR5"
1879.11547752725,-0.0113973559592997,0.00261855972650427,-4.35252854610842,1.34576342711587e-05,9.89283613788012e-05,"MRPS34"
2508.0281789354,-0.015199191754951,0.00349294226446343,-4.35140079742653,1.35270522039937e-05,9.94010927162376e-05,"LEF1-AS1"
237.791331985587,-0.0246185552991964,0.00565871480607735,-4.35055593767627,1.35792807247193e-05,9.97472014261768e-05,"EPB41L2"
980.480953827763,0.0325664482920464,0.00748932451652909,4.34838258379265,1.37145209778563e-05,0.000100664583977465,"MAP3K5"
3864.3579933504,-0.00729464981042027,0.00167754431704051,-4.34840959867418,1.37128320776937e-05,0.000100664583977465,"TRAM1"
3.71520463337374,0.0772440535110134,0.0177655525822981,4.34796796514962,1.3740466761363e-05,0.000100816981884297,"VWA5B1"
329.248858732135,-0.00925851977619232,0.00213042153744583,-4.34586283205361,1.38729246087774e-05,0.000101750473817997,"TXNL4B"
1146.24360488559,-0.0365961579935058,0.00842160652858545,-4.34550793477319,1.38953748574544e-05,0.000101876719318637,"TMEM156"
2658.44771184088,-0.0173885461136284,0.00400168395591338,-4.34530720196754,1.39080882400625e-05,0.00010193150880085,"N4BP1"
76.6563069317421,0.0246086673130227,0.00566373215888799,4.34495605065024,1.39303550411167e-05,0.000102056247045108,"SOX6"
101.186862681159,-0.0214169642254785,0.00492939819677332,-4.34474217146782,1.39439339578401e-05,0.000102117266345613,"SORD"
1067.23682913887,-0.00946621070650949,0.00217886960602913,-4.34455126654464,1.3956064930629e-05,0.000102167639806422,"RING1"
53.2478587173852,-0.0509614749984045,0.0117328868531427,-4.34347280735553,1.4024784439338e-05,0.000102632085075081,"PCDH9"
91.9839971660621,0.0234472395911709,0.00539881925324827,4.34303103906722,1.4053027024398e-05,0.000102800085991563,"SLC16A5"
39.7209789658724,-0.0269222900758091,0.00619937275321905,-4.34274420131126,1.40713938171508e-05,0.000102857076714543,"DYNC2I2"
338.361875886067,-0.0201275016913019,0.00463473747057214,-4.342749037912,1.40710839302944e-05,0.000102857076714543,"TMEM11"
26212.9162047398,0.0148826886619684,0.00342962344613116,4.33945268211792,1.42838017505162e-05,0.000104370483790116,"TOMM7"
2003.28488849257,-0.00999319226752705,0.00230292188175432,-4.33935356066635,1.42902454323528e-05,0.000104378356704729,"TFAM"
484.942132503801,-0.0237755891529576,0.00548006722005563,-4.33855794066632,1.43420675779122e-05,0.000104717551222962,"BDH2"
30326.7779409045,-0.0177468424381678,0.00409089354778911,-4.33813352287276,1.43697849827168e-05,0.000104880558235957,"IFITM1"
312.393036722649,-0.011751754393026,0.00270939140544593,-4.33741480444823,1.44168387824569e-05,0.000105184520314167,"CAMSAP1"
1948.66912533219,0.00797317683264823,0.0018389894943808,4.3356293535178,1.45343672645517e-05,0.00010600224134338,"UBR3"
460.474492911172,-0.0294883801518681,0.00680238625074317,-4.3350052562285,1.45756639572463e-05,0.000106263583070614,"HVCN1"
10.6018506637216,0.0542737642650206,0.0125211662450233,4.33456143005787,1.46051001138303e-05,0.000106438292361975,"HACD1"
1494.54581025382,-0.00817615403612181,0.00188646153201909,-4.33412179222697,1.46343143679492e-05,0.000106611254221341,"ZKSCAN1"
1277.28238021825,0.00865343349228335,0.00199672054934984,4.33382302551102,1.46541994265712e-05,0.000106716148650781,"MAP3K4"
3.17218189558541,-0.0980873175554465,0.0226363635171988,-4.33317469393531,1.4697439180871e-05,0.000106990976611947,"LINC02354"
361.546331058412,-0.0147556980416665,0.0034053798876662,-4.33305490970613,1.47054413610603e-05,0.000107009180663667,"TRAK1"
1340.5641386212,-0.0161380149233429,0.00372456787943179,-4.33285563473335,1.47187631225975e-05,0.00010706247887499,"TET2"
2972.82180496807,-0.0318556975492072,0.00735225242137655,-4.33278072126404,1.47237741499459e-05,0.00010706247887499,"PDE4D"
3.38642812306941,0.0899678895801867,0.0207662362074323,4.33241193452219,1.47484663423933e-05,0.000107201950233891,"MYOZ2"
6.92710321779677,-0.0601892310905498,0.013894691613058,-4.33181482300657,1.47885298111824e-05,0.000107453004616104,"LRFN4"
17.2905762670635,0.0469226514213292,0.0108348187324242,4.33072786727005,1.48617261375544e-05,0.00010794452393636,"ENSG00000226664"
30.443936315186,-0.0409212393571939,0.00944993285791499,-4.33032064592073,1.48892375460758e-05,0.000108103978913296,"ENSG00000287235"
393.18080791523,-0.0117465211942448,0.00271286166048492,-4.32993741086859,1.49151728168375e-05,0.000108251875544891,"POLR1A"
2367.78960903456,-0.0200021981529612,0.00462140591796978,-4.32816301099738,1.50358170428167e-05,0.000109086787504598,"MAD1L1"
58.8911595301397,-0.0246129342681891,0.00568822436240848,-4.32699779404756,1.51155474816726e-05,0.000109624352746463,"ZBTB9"
226.418781993032,0.0161557110567194,0.00373454954477378,4.32601331513412,1.51832248590512e-05,0.00011007413594238,"ZCWPW2"
317.326659931307,0.0133966376923508,0.00309697572057576,4.32571608596925,1.52037144034754e-05,0.000110181612839791,"ZNF846"
3447.32469387402,-0.0103011174698948,0.00238162066910445,-4.32525532026402,1.52355294863403e-05,0.000110371055507935,"RASSF5"
39.7689961031357,0.0303156442352332,0.00701081784633823,4.32412378978969,1.53139292877626e-05,0.000110897706096899,"NLGN2"
1071.30911330658,0.0101629690101448,0.00235046019106414,4.32382094739655,1.53349773391953e-05,0.000111008799488161,"SYPL1"
549.447065027922,-0.0124272048282488,0.00287437024840727,-4.32345305380715,1.53605836620308e-05,0.000111152794944256,"RCHY1"
2927.31860210581,0.0203306199483392,0.0047027019985187,4.32317845246055,1.53797231728648e-05,0.000111249905331124,"NEAT1"
870.97601226045,-0.0132768750647329,0.00307144790092226,-4.32267630544743,1.54147812657391e-05,0.000111462048475796,"MRPL47"
384.126762591485,-0.0141856042426114,0.00328235280306796,-4.32177925217314,1.54775999962255e-05,0.000111874692503375,"NADK"
117.421781265404,0.0270468280040477,0.0062605237286369,4.32021811215731,1.55875056745188e-05,0.0001125436424926,"BCAR3"
290.24789455945,-0.0136234310390598,0.00315332874560229,-4.32033325356874,1.55793742674016e-05,0.0001125436424926,"ABHD5"
969.624207595893,0.0125545993374697,0.00290598744772672,4.3202524316789,1.558508157079e-05,0.0001125436424926,"ECI2"
191.528796545816,0.0250950455028335,0.00580915945409179,4.31990991143432,1.56092910464438e-05,0.000112659116936689,"ENSG00000272092"
86.9287699587814,0.0259020330863322,0.00599700533447187,4.31916125494214,1.5662331280989e-05,0.000113000002131498,"PRDM8"
36.7730500824975,0.0265023016700292,0.00613718175963672,4.31831787096981,1.5722288487363e-05,0.000113390520343974,"ENSG00000261474"
4.77896901739965,0.0926583168644274,0.0214616431023549,4.31739156328904,1.57883929545033e-05,0.000113782894167486,"OR56B2P"
413.952109713662,-0.0191939613949563,0.00444569967288342,-4.31742195992906,1.5786219548702e-05,0.000113782894167486,"FAM210A"
9.09941294693247,-0.0894290112835572,0.0207170105345631,-4.31669478250053,1.58382921189938e-05,0.000114100229632055,"KIF26B"
305.105731178382,-0.0185658537271722,0.00430164514196997,-4.31598914239352,1.58889789264013e-05,0.000114423002257472,"PCGF3"
125.123492333065,0.0274302849655407,0.0063571137710752,4.3148960288155,1.59678037403968e-05,0.000114948094209644,"ENSG00000255647"
4.86140821398823,0.0769637261379998,0.0178418659615595,4.31365902556488,1.60574540594302e-05,0.000115550698819821,"FAM78B"
1296.22817941143,0.0118594105121538,0.00275144761226038,4.31024398186198,1.63074526198353e-05,0.00011730630950755,"FLNA"
614.966010207669,0.0104574171804328,0.00242623832753743,4.31013600838085,1.63154170124986e-05,0.000117320213053645,"CAPRIN2"
11.0459565588673,0.0513769844479627,0.0119213841706116,4.30964925823097,1.63513669662136e-05,0.000117535269349527,"CRYBG2"
65.6316370824403,-0.0555348514602353,0.0128866048531181,-4.30950216082692,1.63622460010114e-05,0.000117570021043839,"LINC01811"
51.3463757769425,0.0273529259932611,0.00634811674364858,4.30882529383667,1.64123947230601e-05,0.000117886813056958,"ENSG00000286548"
2153.02872658901,-0.00790335625558695,0.001834511947676,-4.30815196684823,1.64624264927668e-05,0.000118202531454709,"GSK3B"
494.686304620262,-0.0131541493325152,0.00305527859881923,-4.30538456872602,1.66695894924605e-05,0.000119645824803634,"PIGX"
1790.93429167468,-0.00760939276741614,0.0017675739512884,-4.30499259273965,1.66991322983709e-05,0.000119813656339215,"LUC7L"
3174.026928773,-0.00977809961672932,0.00227190404643166,-4.30392279642584,1.67800158340096e-05,0.000120349589965826,"ZNF800"
5.54586792164289,0.0645365430592114,0.0149952805136481,4.3037903159246,1.67900581602558e-05,0.000120377228630717,"ENSG00000249679"
66.7366608415243,0.0205264544208861,0.00477015307532908,4.30310182854458,1.68423393796284e-05,0.000120707569371095,"DENND6B"
116.771470945145,-0.0173841678422643,0.00404155620348894,-4.30135496501499,1.69756869130761e-05,0.000121618447936001,"MARS2"
626.413077711643,-0.0145060553274589,0.00337252960492837,-4.30123884050145,1.69845868965625e-05,0.000121637407851634,"MIOS"
18.3020265094238,0.0563758913624202,0.0131115976736861,4.29969655609263,1.71032127470864e-05,0.000122441881171726,"C3orf14"
4522.5682315358,-0.0188819205256566,0.00439213513683538,-4.29902995636454,1.71547287143478e-05,0.000122765499714046,"ATF7IP2"
3144.9600168635,-0.00834538285590706,0.00194127598167532,-4.29891624616146,1.71635311829635e-05,0.000122783319249659,"RTRAF"
3.2787804048834,0.0874830644240518,0.020354390729557,4.2979947465102,1.72350247244218e-05,0.000123249435998062,"HLF"
1111.34166062946,-0.00698393958791236,0.00162499598524289,-4.29781959545486,1.72486456832724e-05,0.000123301509439666,"RABL6"
38.6461451277549,-0.0275241100174642,0.00640447245320796,-4.29763891070802,1.72627077288682e-05,0.000123356696559227,"KHDC1"
72.0076546698169,-0.0282022620907272,0.0065629081540206,-4.2972202915029,1.72953293454516e-05,0.000123544418324781,"ENSG00000260296"
114.371544158015,-0.0202560278318389,0.00471437246922267,-4.29665410700543,1.7339543700216e-05,0.000123814781392401,"ANO8"
3190.01302473417,-0.0137760621637782,0.00320636923190036,-4.29646780124986,1.73541161844135e-05,0.000123873362900193,"ATP5MF"
3073.35938608249,-0.0125455856926962,0.00292057581039116,-4.29558638678718,1.74232171052036e-05,0.000124320981626308,"ASXL1"
48.7035715509442,0.0260024763559985,0.00605442382912857,4.29478957698624,1.74859107757691e-05,0.000124722570773555,"PELI3"
93.0769360977142,0.0279504017587012,0.00650891323159541,4.2941733533987,1.75345431059279e-05,0.000125023606287904,"ENSG00000291188"
1508.2157290133,-0.0117165025034515,0.00272886760618401,-4.29354010319162,1.75846534287902e-05,0.00012533495560403,"PHKB"
15.0502676740824,-0.0661682331970465,0.0154156877249128,-4.29226605895201,1.76858847527108e-05,0.000126010309276548,"BASP1"
605.607082607288,0.0694147755359943,0.0161762938269948,4.29114210451321,1.7775651209703e-05,0.000126603512149371,"NRCAM"
100.992440319887,0.0233235557521551,0.00543617222171545,4.29043724166544,1.78321675338362e-05,0.00012695955003684,"ENSG00000272906"
366.516109290514,0.0388163618161948,0.00904758885990475,4.29024377845165,1.78477094476614e-05,0.000127023708915646,"ZNF600"
14.4898862406144,0.0398542317706463,0.00928971690408653,4.2901449185297,1.78556563648458e-05,0.000127033786376231,"CCDC113"
3.98345619427963,0.0729858528294747,0.0170150917034334,4.28947748866656,1.79093964119065e-05,0.000127369531849358,"ENSG00000289110"
90.5287786281131,-0.0188179189718419,0.00438719457163531,-4.28928297219961,1.79250874447949e-05,0.000127434530661077,"IPO13"
892.307058834565,0.0374870819748197,0.00874008522477476,4.28909799055029,1.79400214835198e-05,0.000127447537573391,"SFMBT1"
42.9744876994955,0.0271682805126293,0.00633416502677385,4.28916524874105,1.79345901878918e-05,0.000127447537573391,"ZBTB46-AS2"
4.66122125089405,0.0601195588019625,0.0140173282911664,4.28894562167381,1.79523315127703e-05,0.000127488426526066,"DCST2"
432.138828454961,0.0111911809262662,0.00260950569035665,4.28862100880749,1.79785841416529e-05,0.000127628262824559,"RABL2B"
862.594056840823,-0.0192103692435169,0.00448208938516353,-4.28602992771775,1.81894494182175e-05,0.000129078066630335,"EXT1"
43.0623700084527,0.0273728823845427,0.00638665689950454,4.28594847277081,1.81961163669105e-05,0.000129078285723113,"ECE1-AS1"
5.89608048115776,0.0601513284188512,0.0140373456880573,4.28509276294498,1.82662955902418e-05,0.000129528879156323,"EML1"
343.924463634724,-0.0132006580261169,0.00308128428197146,-4.28414155206441,1.83446097378734e-05,0.000130036809042047,"ZNF444"
3079.1448948566,0.00914764507805253,0.00213576500953084,4.28307657313947,1.84326700315063e-05,0.00013061342979338,"BLTP1"
0.899991870479326,-0.151191593107576,0.0353009825451493,-4.28292875174806,1.84449247711157e-05,0.000130652669964665,"LCT-AS1"
297.892240357381,0.0201905283117524,0.0047144385723064,4.28270047474068,1.84638647182102e-05,0.000130699965792454,"ENSG00000251131"
185.820499939147,0.0265011611148986,0.00618797623831883,4.28268630877912,1.84650406661695e-05,0.000130699965792454,"LONRF1"
1148.74368307164,-0.0130756066786546,0.00305414521619316,-4.2812655434088,1.8583344652489e-05,0.000131489500485836,"UBAP1"
104.010231978652,-0.0170139975214414,0.00397501040239591,-4.28023974759572,1.86692088606316e-05,0.000132049011472053,"RAB40B"
973.511471317419,0.0116391169293299,0.00271948521446539,4.27989711707919,1.86979728367095e-05,0.00013220438736708,"TDP2"
1.7913460284909,-0.115567028664546,0.0270069045139885,-4.27916604084288,1.8759488189899e-05,0.000132591135458476,"ENSG00000290078"
34.2640668739463,0.0257253111150575,0.00601219121161479,4.27885777574065,1.8785484449691e-05,0.000132726646578619,"ABHD15"
881.940916937845,0.0165792915839881,0.0038757063963046,4.27774704497638,1.88794381849e-05,0.000133342030549924,"TSEN54"
24.2700848100089,-0.0693825619791794,0.0162205166932226,-4.27745695722315,1.89040495423566e-05,0.000133467392975818,"CALCRL-AS1"
88.8542642226615,0.0193829269762292,0.00453156723691125,4.27731201213308,1.89163582864061e-05,0.00013350583636752,"TCF12-DT"
83.9308051181429,0.0184613163866953,0.00431787753496674,4.27555349525157,1.90663010518027e-05,0.000134515278113389,"ZNF837"
263.44876250961,-0.0106687096892183,0.0024959381231393,-4.27442875699164,1.91627965061906e-05,0.000135147046715704,"DVL3"
652.570566823418,-0.00960743396995609,0.0022487308388421,-4.27238058197444,1.93397129671442e-05,0.000136345326902473,"PSME3"
1.4408590885792,-0.12479492081615,0.0292105182866353,-4.27225972478712,1.93502007785959e-05,0.000136369838892924,"SYNDIG1"
2871.36090330892,-0.0172991987196658,0.00404964766079635,-4.27177872463698,1.93919949774593e-05,0.000136614883848808,"CAMK1D"
49.29411496391,0.0319209223447361,0.00747335284360214,4.27129870792374,1.94337894256419e-05,0.000136859753120261,"GCC2-AS1"
373.005344531693,-0.0126949761287791,0.00297261029508355,-4.27064931779841,1.94904675529038e-05,0.000137209223442465,"ATP6V1A"
6.03477465019744,0.0655121950217962,0.0153450324449597,4.26927706127559,1.96107549937893e-05,0.00013800607647764,"GOLT1A"
747.5117696783,0.0271870650939836,0.00636910315496534,4.26858608386466,1.96715910727028e-05,0.000138384129459364,"RNF130"
861.310723299469,-0.0091695842381484,0.00214847104365003,-4.26795802775643,1.97270432259303e-05,0.000138673913186689,"SMYD2"
88.2772807885661,0.0291096446598954,0.00682049059743177,4.26796932626174,1.97260443479047e-05,0.000138673913186689,"ENSG00000283294"
1127.49890371964,-0.0137170999299837,0.00321432908700238,-4.2674846161368,1.9768939910141e-05,0.000138918226225489,"MAP7D1"
640.638292695104,-0.0151170631326865,0.00354353471613445,-4.26609708770606,1.98922241466738e-05,0.000139734074350651,"TXNDC17"
19.930112649896,0.033764789161116,0.0079180364533979,4.26428816788617,2.00540494462578e-05,0.000140819969595365,"CASC11"
27.6527667225992,0.041831484189197,0.00981086433719079,4.26379193019959,2.00986613334046e-05,0.000141082302993884,"COQ7-DT"
2372.39935117475,-0.00820420923791655,0.0019243669648073,-4.26332887019711,2.01403757619573e-05,0.000141324115781325,"EIF3I"
10.393972324866,0.0575979709747235,0.0135135504610821,4.26223819865851,2.0238954137515e-05,0.000141964622044286,"ENSG00000282904"
14.1123505653706,0.0399320615697287,0.00936898825817311,4.26215301688457,2.02466724497835e-05,0.000141967565184116,"YAE1-DT"
541.969152038113,-0.0145516992381282,0.00341439540834207,-4.26186703583757,2.02726056702891e-05,0.000142098181222628,"CARHSP1"
2.31051871934797,-0.164246497520949,0.0385429389482904,-4.26139007565831,2.03159275633736e-05,0.000142350542880108,"LINC01579"
319.911879341691,-0.0150849589233334,0.00354037680545341,-4.26083429879479,2.03665195147632e-05,0.000142653644609888,"PTPN12"
48.702094233763,0.025078937471324,0.00588706159091296,4.26000935849472,2.04418344421352e-05,0.000143129633453553,"FBXO15"
4477.69846926714,0.0109072506158567,0.00256111251909097,4.25879399462232,2.05532773535637e-05,0.000143858149623666,"SMYD3"
588.319205791377,-0.023908927630567,0.00561440519157459,-4.25849699384836,2.05805986916355e-05,0.000143997563003957,"FKBP4"
5.97610918243099,0.0545516056212442,0.0128115091279763,4.25801559178697,2.06249567136247e-05,0.000144256034892741,"BACE1"
11.7417886370944,-0.0685509408351879,0.0161027780497478,-4.2570878530032,2.07106985960759e-05,0.000144699640227109,"IGFBP5"
150.064877486268,-0.0163513073810649,0.00384086381005656,-4.25719530545502,2.07007504604146e-05,0.000144699640227109,"DOT1L"
37.1568515209425,0.0458014785070547,0.0107588223173187,4.25710892476836,2.07087473765383e-05,0.000144699640227109,"ZCCHC18"
63.7380601799394,-0.0281174219767075,0.00660536169222574,-4.25675735664872,2.07413250640459e-05,0.00014486158485485,"SPSB1"
797.838084886561,-0.00825380710707211,0.00193940533780531,-4.25584427668555,2.08261627335132e-05,0.000145401899256843,"EFTUD2"
113.277739072597,-0.0317536069666326,0.0074626870299635,-4.25498306965553,2.09064833730797e-05,0.000145910300713948,"RNF157-AS1"
142.551861647891,-0.0389795389047685,0.00916301230301383,-4.25400922925178,2.09976640768216e-05,0.000146494104719604,"DTX1"
522.079300022644,-0.0191181856011926,0.00449457723279099,-4.25361154364253,2.10350081570216e-05,0.000146702023543287,"FAM53C"
9.75248450281604,0.0490181422572092,0.011525033906868,4.25318855053417,2.10747980907973e-05,0.000146926845040896,"ENSG00000251417"
118.64641471885,0.0280916641144248,0.00660507019797716,4.25304550480447,2.10882702608834e-05,0.000146968092025956,"ENSG00000286652"
1960.73286655334,0.00891282491309791,0.00209638526682884,4.2515204882069,2.12324082088608e-05,0.00014788713409438,"HERC3"
141.595245611882,-0.0126331698445059,0.00297146915249317,-4.25148948085369,2.12353485952189e-05,0.00014788713409438,"ZSWIM1"
1492.6514175513,0.00702609249511775,0.00165275403282485,4.25114224837735,2.12683026805164e-05,0.000148063620414719,"NFX1"
12.3558821225295,0.0825133824200443,0.0194171195638981,4.24951714122726,2.14231815893178e-05,0.000149088481250025,"ENSG00000284624"
2.83608829771102,-0.097118159842892,0.0228555585185246,-4.24921402660875,2.14521881220611e-05,0.000149236949628831,"ENSG00000291006"
6.56026117556223,0.0661767089593299,0.0155768459831302,4.24840234223279,2.15300464187599e-05,0.000149725038573936,"TUBA3FP"
45.937547582935,0.040465495100133,0.00952543848625426,4.2481503773844,2.15542700231075e-05,0.000149839923595234,"ENSG00000288939"
61.4690168562095,-0.0455991156435659,0.0107351746200526,-4.24763613610811,2.16037891064939e-05,0.000150130511579283,"INSR"
11.7554350674522,0.0428841516166031,0.0100979467842243,4.24681893586524,2.1682704608831e-05,0.000150625102623704,"FRMD5"
9.9168572281295,0.0476622052778488,0.0112234201476307,4.24667388825413,2.16967402295886e-05,0.000150668794789621,"ENSG00000288039"
1532.86773369882,-0.0136167020146273,0.00320826492771559,-4.24425735449563,2.19318537254397e-05,0.000152192824407252,"IRAG2"
361.648048953382,-0.0173283496106757,0.00408274900297206,-4.2442848184058,2.19291680877932e-05,0.000152192824407252,"TLNRD1"
2213.1282963324,-0.008283763608165,0.00195180193455485,-4.2441620030745,2.19411803696268e-05,0.000152203245138948,"PSMA2"
1425.75743791795,-0.00728357320385207,0.00171638610730746,-4.24355171184531,2.20009644819325e-05,0.000152563550851361,"PSMC6"
8.12638061847273,0.0516152504232314,0.0121642702400258,4.24318511548639,2.20369507591668e-05,0.000152758634788508,"ENSG00000230725"
48.1509771507662,0.07066747269802,0.0166546808448722,4.24309978415333,2.20453351917428e-05,0.000152762313792158,"ENSG00000284633"
1235.5404457798,-0.0140309798874345,0.00330689705835652,-4.2429442585696,2.20606245378082e-05,0.000152813820471833,"SCAI"
22.7175765474009,0.0307425909827851,0.00724780746579053,4.24164012743018,2.21892282798788e-05,0.000153649939221048,"DUT-AS1"
23.6223516511591,0.0362551975989395,0.00854933779722481,4.24070243319994,2.2282137375578e-05,0.000154227514833202,"PKD1L1"
2159.84820559138,-0.00850514550391123,0.00200564555247224,-4.2406024800481,2.2292062793156e-05,0.000154227514833202,"RABEP1"
17.8856736782095,0.0342934538645239,0.00808701339300619,4.24055855950251,2.22964254645501e-05,0.000154227514833202,"ENSG00000289132"
467.397243785455,-0.0150779378210822,0.00355649526379775,-4.23954952915681,2.23968775238813e-05,0.000154812247589557,"RBM18"
138.103785427984,0.0168263454888352,0.00396885572078841,4.23959616387684,2.23922254165972e-05,0.000154812247589557,"ZNF546"
575.624207508119,0.0116242601696543,0.00274266836308744,4.23830322546499,2.25215454998918e-05,0.000155618679047387,"TAMM41"
434.160200693314,-0.0216979611385544,0.00511961656255786,-4.23820043423597,2.25318571535186e-05,0.000155634642575671,"AGPAT4"
2725.57622175244,-0.00742852214436724,0.00175293074483105,-4.23777275073307,2.25748091151312e-05,0.000155875971635931,"DEF6"
3.70868189607161,0.0682287844884044,0.0161053735065035,4.23639876845158,2.27133251327894e-05,0.000156776752007767,"RASSF3-DT"
64.2622003657627,0.036536983155429,0.00862552912932506,4.23591209392716,2.27625822193566e-05,0.000157061009843457,"CFAP54"
81.5363919705116,0.0243747630905892,0.00575561416151044,4.23495432574177,2.28598164782678e-05,0.000157675989474747,"ENSG00000289304"
242.978121379483,-0.0109220700373015,0.002579181275421,-4.23470429992117,2.28852645127884e-05,0.000157795561871056,"UBFD1"
966.932501592396,-0.0209066986892894,0.00493799227172534,-4.23384597197528,2.2972831820647e-05,0.000158343214650391,"ZDBF2"
11.5801069955013,0.0384405575996464,0.0090798221285777,4.23362451987459,2.29954762349199e-05,0.000158443148510601,"ENSG00000287672"
41.7251921295162,0.0457041980830993,0.0107982368199452,4.23256118986759,2.31045024047204e-05,0.000159137987349227,"ENSG00000284719"
121.196693847981,-0.0408827864852943,0.00966268339473103,-4.23099721011115,2.32657558027327e-05,0.000160191934909364,"FLT1"
1310.14858905605,-0.00976638523843153,0.00230933394907667,-4.22909178741186,2.34636608593147e-05,0.000161497405298843,"NUP50"
35.6281041616085,-0.0381818655806812,0.00902919728671633,-4.22871096601843,2.35034061389579e-05,0.000161713743476785,"LINC02812"
84.3331943233622,-0.0379249591555375,0.00896890606997789,-4.22849329222946,2.35261529176104e-05,0.000161813012871443,"DNMBP"
94.1960410908511,-0.0298500727743817,0.00705988072694508,-4.22812706459112,2.35644707597903e-05,0.000162019272092146,"CENPU"
80.051087587386,0.0199441192575038,0.00471826571466091,4.22700213672412,2.36825419540805e-05,0.000162773541890042,"ENSG00000275454"
56.2224102163992,-0.0366272946701471,0.00866567975837308,-4.22670762034063,2.37135469248265e-05,0.000162929071435818,"SH2D4A"
9.93546888121083,0.0489442728910362,0.0115813849433768,4.22611571330481,2.37759763032249e-05,0.00016330032311936,"TWSG1-DT"
20.2947417222048,0.043773977802003,0.0103621223709525,4.2244220088263,2.39554791154267e-05,0.000164475123287739,"ENSG00000232876"
1139.55729212193,0.0125010691145962,0.00295940433537143,4.22418422693404,2.39807827839102e-05,0.000164590757208835,"DPH6"
1539.13939189695,-0.0100612133687112,0.00238195112166539,-4.22393779502777,2.40070337809219e-05,0.000164712809196724,"TMEM183A"
929.513797708499,-0.00993824683777612,0.00235307497187498,-4.22351474413801,2.40521627662517e-05,0.000164964251751186,"FAM136A"
421.980754177509,0.0168854314248437,0.00399948112412863,4.22190551743697,2.42245656957938e-05,0.000166088130894919,"N6AMT1"
1006.86158592177,-0.0121036488662808,0.00286806557223481,-4.2201437036356,2.44146639082512e-05,0.000167332497420505,"BTBD1"
356.294719923167,-0.0106053089102679,0.00251399425597983,-4.21850960281309,2.4592249920737e-05,0.000168490261785225,"TRIT1"
695.823937544163,0.00998578303625372,0.00236819986468311,4.21661329568141,2.47998716493519e-05,0.000169852923750544,"LINC03006"
41.9226977773502,-0.0599199435216312,0.0142107951453439,-4.21650885181212,2.48113552510757e-05,0.000169871760291684,"CLIP3"
498.412137457292,0.0105412187550353,0.00250006843598272,4.21637208138737,2.48264008064517e-05,0.000169914962028955,"SZT2"
26.1735718045469,0.0268653741935112,0.0063718611639559,4.21625228520079,2.48395862251703e-05,0.000169945406846918,"ENSG00000248734"
33.5860087753236,-0.0306674272173568,0.00727549114953012,-4.21516933868271,2.49590838844569e-05,0.000170702932713281,"MATCAP1"
18.6414772855408,-0.0430782028893718,0.0102218824859781,-4.21431208473238,2.50540650871529e-05,0.000171292309318176,"CLIC3"
59.826056201153,0.0308678691624143,0.00732891701877424,4.2117913306074,2.53353531860017e-05,0.000173154587076922,"PGBD1"
42.7459279015873,-0.0247431627903557,0.00587594561653142,-4.21092440351101,2.54327849030046e-05,0.000173759430680837,"PFKFB2"
24.277823735478,0.0340271552858128,0.0080808441469272,4.21084167286556,2.54421013939105e-05,0.000173762048529829,"CZIB-DT"
485.566082456165,-0.0390210777795431,0.00926778566540744,-4.2103992461966,2.54919792164823e-05,0.000174041589238258,"CD83"
9.91424352570175,0.0445853510474759,0.0105897267294927,4.21024566415907,2.55093153198211e-05,0.00017409883939854,"BFSP2-AS1"
164.530884995679,0.0354483216103531,0.00842093222449346,4.20954838078933,2.55881647179011e-05,0.000174575724983477,"ENSG00000285646"
530.480728304108,-0.0108729338808903,0.00258322348422181,-4.20905660981389,2.56439139400282e-05,0.000174894730030676,"THAP4"
2041.158291779,-0.0126055829836659,0.00299512773103952,-4.20869629466214,2.56848340894104e-05,0.000175112410751182,"GNG5"
49.1815787133245,-0.0717323707978227,0.0170451977589579,-4.20836248497761,2.57227994892811e-05,0.000175309801284515,"DPY19L2"
459.939562337863,-0.0183391298803767,0.00435896012459812,-4.20722588786413,2.58524695146447e-05,0.000176131833460369,"ACVR1"
309.849604505956,-0.0209537583223913,0.00498062828020998,-4.20705122798441,2.58724508191791e-05,0.000176206246808072,"UTP11"
462.948696476542,0.0123061341899203,0.00292553896192948,4.20645028149072,2.59413121044773e-05,0.00017661339228008,"ZNF700"
807.964716979914,0.012135429240536,0.00288513239300545,4.20619492885542,2.5970625204494e-05,0.000176751095469774,"SLC25A45"
59.4583591067986,-0.0448617397686438,0.0106661581217483,-4.20598862838635,2.59943303853243e-05,0.000176850549256713,"CUX2"
4.04831641405285,0.0743713965942256,0.0176883981655292,4.20452976568331,2.61625508467237e-05,0.000177932788992875,"C2CD4D-AS1"
479.573186887229,0.0425721501784982,0.0101269538335401,4.2038455865673,2.62417992284255e-05,0.000178409380213948,"CD84"
48.5163378268151,0.0425974483960029,0.0101335163024145,4.20361966416864,2.62680178928713e-05,0.000178462876714719,"SGPP2"
2149.87891249717,-0.0094255512545377,0.00224223022556311,-4.20365007441221,2.62644872838578e-05,0.000178462876714719,"UBE2N"
90.3867599765806,-0.0302245265342688,0.0071915359953623,-4.20279152517071,2.63643379697064e-05,0.000179054726902499,"MAP1LC3A"
415.502108947015,0.022806725628039,0.0054268869729878,4.20254295723477,2.63933141519714e-05,0.000179188954125653,"FBXL16"
2525.94826152073,-0.0126621385839851,0.00301316359046612,-4.20227385730038,2.64247179417684e-05,0.000179339563393349,"ILF2"
526.469122804974,0.0136315543001787,0.00324500115325923,4.20078565657439,2.65990326644873e-05,0.000180459638771169,"HEIH"
372.065814301062,0.0137152332063745,0.00326506434478274,4.20060120049093,2.66207142371732e-05,0.000180543763119685,"HNRNPLL"
217.044439739031,-0.01892694274855,0.00450613940733835,-4.20025681356574,2.66612395948988e-05,0.000180692603261455,"ACOT2"
391.188670737902,-0.00913227945372281,0.00217418884711774,-4.20031565603384,2.66543112182046e-05,0.000180692603261455,"ZC3H7B"
1044.1079699023,-0.0121927667613356,0.00290338930041715,-4.19949428055817,2.67511786989989e-05,0.000181239002742677,"MAZ"
249.972399599245,0.0097028262562354,0.00231068958909966,4.19910415574947,2.6797304560525e-05,0.000181488290740519,"WDR76"
511.544294345982,0.0361732795931943,0.00861545735107567,4.19864879125401,2.6851239604725e-05,0.000181790275513925,"IFI27L2"
304.629170220107,-0.0155392662517074,0.00370144602761127,-4.19816097162862,2.69091332736944e-05,0.000182118841790755,"SENP3"
819.371117629358,0.0164961118705985,0.00392961405981249,4.19789618509905,2.69406074042138e-05,0.000182268436389344,"MANBA"
75.4134361589235,0.0181997991123205,0.00433571653146924,4.19764506748164,2.69704891049998e-05,0.00018240715701716,"ENSG00000285184"
494.888104114196,0.0188949052171422,0.00450227156237562,4.19674934205265,2.70773327195527e-05,0.000183066110089684,"COQ7"
1214.90189826905,-0.0202820831656508,0.00483290088690428,-4.19666855171997,2.7086989287032e-05,0.000183067765330806,"FCGRT"
102.174575521905,0.0258727940151902,0.00616685563351041,4.19545965606827,2.72318757603157e-05,0.000183983055023932,"CENPM"
2.63595204823263,0.0873717212415679,0.0208274013929841,4.1950370856635,2.7282694525239e-05,0.000184262392781397,"ENSG00000225279"
11635.892345579,0.00974172836358866,0.0023222956651741,4.19486997701403,2.73028160590823e-05,0.000184334285027841,"ZBTB20"
31.2474556475194,-0.0294524383189947,0.00702121608381689,-4.19477736725398,2.73139732659882e-05,0.000184345625953066,"ENSG00000285658"
8.22463345039819,-0.0588303574665139,0.0140250539887152,-4.19466174703142,2.73279087546932e-05,0.000184375703498972,"REXO5"
10575.244713332,-0.015146800207409,0.00361135001385881,-4.19422103902478,2.73810884842589e-05,0.000184670441091303,"USP15"
319.013940959054,-0.0112945478924538,0.00269304365194888,-4.19397133955858,2.74112630871413e-05,0.000184809871163947,"TRMT44"
957.732367344064,0.00837964139487841,0.00199820591714928,4.19358251467553,2.74583130766839e-05,0.000185062940975253,"AMZ2"
33.9449522508447,0.0301566961021827,0.00719278109439908,4.19263365677363,2.75734527442408e-05,0.000185774585842822,"ANKDD1B"
1546.15118174179,0.0257380535669637,0.00613955114603375,4.19217186318106,2.7629655266987e-05,0.000186088789680805,"NMRK1"
5.78782142657064,-0.0899364597000268,0.0214561143260615,-4.19164711435128,2.76936519506412e-05,0.000186455252368267,"LINC00051"
1831.46990503033,0.0138611108648751,0.00330709392634178,4.19132663710216,2.77328056210627e-05,0.000186625253027779,"LY75"
3.22215669865211,0.0736257191533306,0.017566390044234,4.1912834092795,2.77380909209455e-05,0.000186625253027779,"ENSG00000258847"
608.004851401403,0.0198665145586147,0.00474103260544792,4.1903349358505,2.78542984413732e-05,0.000187342309468586,"PLPP1"
398.962309863238,-0.0172754529195406,0.00412355337192387,-4.18945781984158,2.79621750316758e-05,0.000188002857428664,"SYNGAP1"
48.1225290952013,0.0366349551560055,0.00874825006769219,4.18768952333686,2.81808668061715e-05,0.000189407754059033,"IGSF22"
209.447982921728,0.0255987047742275,0.00611464764094264,4.18645624039281,2.83343529458886e-05,0.00019037357483609,"FPGT"
24.2493440454354,0.0321615336255653,0.00768497274530093,4.18498993964954,2.85178731049334e-05,0.000191540452266595,"ENSG00000288868"
65.1650261795833,-0.019501331041267,0.00466002660499293,-4.18481109536426,2.85403341682367e-05,0.000191625143219321,"CENPO"
1082.53641579951,-0.010676611595181,0.00255210134562475,-4.18345909870886,2.87106764289176e-05,0.000192670786827854,"POLR2K"
522.485002886362,-0.0108634116562972,0.00259677897330849,-4.1834179065523,2.87158814978124e-05,0.000192670786827854,"PRR14"
48.5821710202041,0.0214834160007155,0.00513574230200678,4.18311798711569,2.87538065736402e-05,0.000192858721263405,"MKLN1-AS"
15.7299769103795,0.0438410108188057,0.0104807474539463,4.1830042190644,2.87682050958497e-05,0.000192888782254179,"CIART"
4.19219734787151,0.102171398667293,0.0244258431475369,4.18292208175406,2.87786046812012e-05,0.000192892019177824,"ENSG00000286016"
1112.29057375072,-0.00844656851932298,0.00201946896773428,-4.18256910815496,2.88233361350627e-05,0.000193125288034139,"RBM14"
205.258416277917,0.021581316832585,0.00516001492448151,4.18241364578098,2.88430584477424e-05,0.00019319088494044,"ENSG00000215014"
550.978325611625,-0.0115660364506793,0.00276609166858649,-4.18136411819992,2.89765399344034e-05,0.000194018133653729,"INTS15"
790.099429969354,-0.00930477195173959,0.00222559095268643,-4.18080956903071,2.904730574738e-05,0.000194425032378627,"SNX4"
597.903813621804,-0.0119729579228076,0.0028639447989076,-4.18058264508954,2.90763107666214e-05,0.000194498843037601,"RALGDS"
92.6510553993402,-0.0219554090301806,0.00525177801750252,-4.1805668398417,2.9078331990815e-05,0.000194498843037601,"ZNF668"
349.96293073188,-0.0149869910758704,0.00358512657409596,-4.18032411579486,2.91093890756874e-05,0.000194639644864626,"GSPT2"
3277.79706947416,0.0130537278912365,0.00312299681829438,4.17987229918656,2.91672840115924e-05,0.00019495973928161,"ANKRD36"
726.813982433626,-0.0107740689634422,0.00257811168645908,-4.17905439086694,2.92723677678444e-05,0.000195594924579987,"MTA2"
386.517692604153,0.0139867837867502,0.00334732744211603,4.17849285097379,2.93447218934476e-05,0.000195943764349279,"IRF2-DT"
1514.06875648213,0.00848161132742611,0.00202979397236864,4.17855774669023,2.93363514345301e-05,0.000195943764349279,"ZBED5"
35.0609542704176,-0.03269970278386,0.00782844997696102,-4.17703413576053,2.95334717858803e-05,0.000197068802643965,"CDK18"
373.600780079443,0.0337126245331489,0.00807084407140216,4.17708782810023,2.95265038778096e-05,0.000197068802643965,"CTLA4"
64.5250802590387,0.0204532638778216,0.00489697962408912,4.1767100228901,2.95755666455637e-05,0.000197282011941996,"TTC8"
902.545796988486,0.00956738581561664,0.00229093134369909,4.17619927455727,2.9642016949441e-05,0.000197657480865128,"ZNF611"
490.110012856146,-0.00925241422927909,0.00221562589731603,-4.17598216399587,2.96703068206894e-05,0.000197778320071703,"ATP6V1B2"
2.85945154850111,0.0797231657761694,0.0190956253974362,4.17494395270621,2.98059426252657e-05,0.000198518749978034,"ENSG00000271857"
282.752342653914,-0.0134307623801511,0.00321702792327486,-4.17489766967235,2.98120029142891e-05,0.000198518749978034,"CEP57L1"
1507.83754045702,-0.0099165419083082,0.00237519389831768,-4.17504521013293,2.97926880856078e-05,0.000198518749978034,"RBCK1"
748.899368884623,0.0153267826662124,0.00367300814267041,4.17281478038576,3.00859514574419e-05,0.000200274415399967,"CCPG1"
26.2736335865905,-0.044723817832745,0.0107206641873342,-4.17173946046955,3.02283158655689e-05,0.000201084463714494,"KCNN3"
4.48730920591296,0.0564227429574184,0.0135247688218255,4.1718083096819,3.02191815885692e-05,0.000201084463714494,"C21orf62"
158.200712282461,-0.0447824178897182,0.0107362014224239,-4.17116036927032,3.03052482518742e-05,0.000201527310682805,"SPON1"
1.70230003052884,-0.109579482544588,0.0262815490718429,-4.16944534909427,3.05341821003428e-05,0.000202980306231636,"GABRD"
1055.41775135404,-0.00838720298749806,0.00201189214104423,-4.16881343507055,3.06189483616263e-05,0.000203474261900237,"RALGAPB"
826.057334573449,-0.00879622318475573,0.00211055386463203,-4.1677321447038,3.07645138517882e-05,0.000204371775591233,"SLC25A32"
8.80621233950475,0.0583708821853432,0.0140076310737839,4.16707735075833,3.08529829795319e-05,0.000204889509025222,"KCNC3"
333.649157803485,0.0115257519095566,0.00276619502568053,4.1666447240903,3.09115676905781e-05,0.000205208499368408,"PGM3"
3.65771246350626,-0.0797265413901734,0.0191386834581179,-4.16572757288362,3.103611471355e-05,0.00020596501784144,"FBLN2"
923.856189076469,0.0125898202930842,0.00302282719266844,4.16491565367002,3.11467692594197e-05,0.00020662885704808,"FBXW4"
212.803763808018,-0.0160302179834001,0.00384944233207209,-4.16429617605709,3.12314484203668e-05,0.000207119980642535,"XXYLT1"
731.105720444386,-0.0161321688174956,0.00387408814672981,-4.16412022816597,3.12555393847947e-05,0.000207209099036688,"PDZD8"
69.4319067981402,-0.0519978518577231,0.0124892594961981,-4.16340551443838,3.13535803821309e-05,0.000207788242593809,"EFNA1"
101.157110187569,0.0236225440840024,0.00567615740792881,4.16171405870545,3.1586771578382e-05,0.000209262361706781,"ENSG00000257027"
35.032087639564,0.0413717616419492,0.00994156118573856,4.1614954501611,3.16170298489536e-05,0.000209345278635156,"UAP1-DT"
467.626575814122,-0.0181951553417597,0.00437229236348348,-4.16146813367789,3.16208127412518e-05,0.000209345278635156,"TET3"
230.16876963859,0.0208540024033303,0.00501277859619588,4.16016825860933,3.18013224350938e-05,0.000210468704554274,"EOLA2-DT"
99.4560332533349,-0.0171881615529035,0.00413283850534424,-4.15892407377574,3.19750153122414e-05,0.000211546266271567,"HS6ST1"
51.1047677157788,-0.0663514170121995,0.0159544295814876,-4.15880847844219,3.19911985366005e-05,0.000211581367812111,"SIAH3"
1715.56668222088,0.00855249890747919,0.00205660946663008,4.15854300305889,3.20283942727095e-05,0.000211755369476027,"ZBTB25"
59.9410204442224,0.0304616258135139,0.00732554054339671,4.15827687159171,3.20657231715751e-05,0.000211930132997046,"ENSG00000290115"
17.0458876885197,0.0407284472321965,0.00979743929325578,4.15705022640279,3.2238313386937e-05,0.00021299844894338,"LINC01424"
2023.16896830179,-0.00992115864333395,0.00238673572545777,-4.15678976834819,3.22750735182432e-05,0.000213168514231727,"CFDP1"
18.5700742857748,0.0351774406194704,0.00846280317729812,4.15671260249034,3.22859720799273e-05,0.000213168514231727,"CACNA1F"
3922.57112476056,0.0097555324900133,0.0023475323981432,4.15565403814213,3.24358324014973e-05,0.000214085298962173,"TNRC6C"
540.890925093067,-0.0137225694830624,0.00330222037858677,-4.15555835462902,3.24494107772579e-05,0.000214102269005578,"BID"
1671.15760414795,-0.0133128712847154,0.00320398034472678,-4.15510391835774,3.251397325008e-05,0.000214455508201867,"RALA"
100.628345689394,0.0226296611009751,0.0054472797843464,4.15430490021917,3.2627787034375e-05,0.00021513324935784,"ETFBKMT"
512.077652001308,0.00866983212625711,0.00208741913505766,4.15337388675304,3.27608799371238e-05,0.000215937606118941,"DNAJC24"
1586.2478006486,0.00748747931216757,0.00180282302714868,4.15319706893786,3.27862151116327e-05,0.000216000324040268,"GTF2F1"
12.0937609503025,0.0384091269238049,0.00924818604041081,4.15315249455111,3.27926048476126e-05,0.000216000324040268,"USP27X-DT"
397.103169725483,-0.0148057065297478,0.00356523912633415,-4.15279480705446,3.28439221837565e-05,0.000216265108461831,"OSBPL11"
1064.79859276122,-0.0111594893212277,0.00268750365232704,-4.15236247644353,3.29060503819775e-05,0.000216527600128499,"GTF3C6"
2073.10885475719,0.0111292170848292,0.00268020811277508,4.15237049383677,3.29048972248032e-05,0.000216527600128499,"STXBP5"
200.633607515256,0.0322132927666855,0.00775825602867513,4.15213066539988,3.29394088196033e-05,0.000216673804852926,"NBPF3"
126.02546904236,0.017468134668544,0.00420822318510634,4.15095252798542,3.31094441189659e-05,0.00021771866043205,"C3orf33"
288.560624913048,-0.0158754755885123,0.00382563258078275,-4.14976484366517,3.32817010264152e-05,0.00021877741353998,"GPC2"
16501.627970159,0.0122935225543414,0.00296255610134311,4.14963367234397,3.3300777698586e-05,0.000218828860478107,"TALAM1"
5.8724234182532,0.0718188145339629,0.0173082311944401,4.14940231194932,3.33344505131955e-05,0.000218976155667736,"FBXO3-DT"
429.339703469027,-0.0151096380072576,0.00364430061674042,-4.14610088362362,3.38184869112567e-05,0.000222080820023921,"MCU"
0.999212746690723,-0.141911637523137,0.0342463711192017,-4.14384452674368,3.41531334233681e-05,0.00022420269936481,"RBMXL2"
17.872238737364,0.0485039159716009,0.0117062583962411,4.14341750624399,3.42168189337071e-05,0.000224544988218467,"CBR1-AS1"
1109.66469929268,-0.0301928683043045,0.00729053653815186,-4.14137809286095,3.45225342867003e-05,0.000226474810931065,"MYADM"
96.5203701386861,0.0504994813824979,0.0121972735020672,4.1402270248297,3.46962269466392e-05,0.000227537528772447,"PTCH1"
699.27247489477,-0.0137014417550997,0.00330995327355618,-4.13946682104638,3.48113940994255e-05,0.000228215849891448,"DUS3L"
325.518135554478,0.0175180306108319,0.00423296253005199,4.13847996207439,3.4961440015828e-05,0.000229122294389444,"ENSG00000237356"
3.11668652717063,0.0793212645798709,0.0191709234124051,4.13758184066104,3.50985275779475e-05,0.000229943233384526,"IL23R"
26.5986566463422,0.0263960864318449,0.00637992943836882,4.13736338102725,3.51319499470948e-05,0.000230084699805031,"H3-3A-DT"
3.13588614808414,0.0836747988976946,0.0202300778533655,4.13615802688443,3.53169024475951e-05,0.000231218131776564,"ENSG00000256947"
14.1519393718912,-0.0449407116634774,0.0108655870545985,-4.13605923339944,3.53321024911594e-05,0.000231239813443991,"SLC29A1"
55.8243843876575,0.0367060187095892,0.00887576519587678,4.13553286950864,3.54131919036506e-05,0.000231692564990887,"SLC35F2"
5.38057003368509,0.0655148940930249,0.0158456516546726,4.13456609553232,3.55625896477669e-05,0.000232591772440724,"ENSG00000288713"
26780.6110218474,0.0121671989702564,0.00294289827459857,4.13442730089474,3.5584086959221e-05,0.000232654143006322,"FTL"
24.9316003807884,0.0319468317446849,0.00772731296274615,4.13427434590815,3.56077917992845e-05,0.000232730899962326,"ASIC3"
778.376990301198,0.0109473816220694,0.0026480519130054,4.13412651326941,3.56307170317772e-05,0.000232802511583842,"SMIM20"
1993.85752580267,-0.0196962681401969,0.00476493031487865,-4.13358996640405,3.57140401514649e-05,0.000233268567826106,"AFF1"
1895.86045137367,-0.0122983630560625,0.00297579000136679,-4.13280609532722,3.58361042031699e-05,0.000233987265141275,"PSMD8"
663.004300528291,-0.00942990776438356,0.0022818145869768,-4.13263541139745,3.58627354978375e-05,0.000234082573210885,"TATDN2"
576.931771634116,-0.00913843476221118,0.002211359931302,-4.13249540830319,3.58845937829347e-05,0.000234146673489387,"POLG"
2811.42818386863,-0.00679239498159139,0.00164402589917113,-4.1315620301456,3.60306430884773e-05,0.00023502080439771,"SF3B5"
22.0317935640076,0.0356472978242271,0.0086295493996684,4.13084115673489,3.61438270551599e-05,0.000235680046949351,"ENSG00000226877"
125.519470226349,0.0334277792056611,0.00809249819192524,4.13071197705248,3.6164145127171e-05,0.000235733507663741,"ENSG00000261449"
3.850852758423,-0.0634742418544685,0.0153687767805715,-4.13007767376188,3.62640692079136e-05,0.000236305665046274,"ENSG00000249234"
43.3726928667911,0.0582924971348754,0.0141151539142819,4.12978119040517,3.63108651509784e-05,0.000236531359026015,"DPP6"
141.337027357203,-0.012995145026431,0.00314712403680237,-4.12921285416976,3.64007297894484e-05,0.000237037360272702,"RP2"
17508.2442656734,0.0136313626569866,0.00330184197682409,4.12841158137374,3.65277848638563e-05,0.000237785121615418,"GAS5"
2678.40579368849,-0.00791994748827814,0.00191844023924757,-4.12832640092266,3.65413163682813e-05,0.000237793624850933,"RNPS1"
68.0357486953051,0.0301507176750712,0.00731070684364347,4.12418639126348,3.72047526715879e-05,0.000242029981342828,"KLHL13"
10.0324175978772,-0.0538618028734959,0.0130606693625777,-4.12396955915785,3.72398132624483e-05,0.000242177067123999,"SUOX"
53.5642878806466,0.0211605923122112,0.00513161161804786,4.12357635129469,3.73034728996136e-05,0.000242509977062294,"PDE5A"
4940.33512508253,-0.00695592135614993,0.00168718398329972,-4.12279954350078,3.74295404470576e-05,0.000243248242978856,"ELOB"
419.478215052484,-0.0245444816135683,0.00595376759895125,-4.1225125444755,3.74762195398329e-05,0.000243470255934967,"PLEKHA8"
13.8023288568644,0.041326405978752,0.0100252880932535,4.12221629885752,3.752446051046e-05,0.000243702264236714,"FLVCR2"
529.45264635059,-0.00906053613966542,0.00219809212069405,-4.12200019023977,3.75596890631163e-05,0.000243849636838009,"CCAR2"
23.1693820342921,0.0314681375685954,0.00763441704092324,4.12187825211995,3.75795804370325e-05,0.000243897370397303,"MPC1-DT"
766.736453807671,-0.0116247467084729,0.00282060046185457,-4.12137304296884,3.76621001831242e-05,0.000244351404490309,"MAN2B1"
1744.98046508451,0.00906632110970289,0.00219989599571929,4.1212498806056,3.76822433146909e-05,0.000244400571761938,"THADA"
219.14787897486,0.0114549042718991,0.00278059330880562,4.11958995787824,3.79547224206356e-05,0.000246085768601261,"ZNF81"
28.7811122467665,0.0302939724640847,0.00735499299454548,4.11883090664409,3.80799441867538e-05,0.000246776774628617,"ADD3-AS1"
302.516402752003,0.0179102009124789,0.00434841303025357,4.11879018572311,3.80866730468926e-05,0.000246776774628617,"ZNF563"
3.17070119621405,0.100523484181099,0.0244081764512335,4.11843483604523,3.81454401258083e-05,0.000247075243385647,"BEX1"
504.692904325724,-0.0147545424784873,0.00358317395376733,-4.11772988664825,3.82622782137066e-05,0.000247749525144743,"SMIM15"
865.048164039972,-0.00807095562155469,0.0019601469505539,-4.11752579023424,3.82961684495938e-05,0.00024788644675975,"CTDNEP1"
6248.57515881222,-0.0213998295783779,0.00519822279175617,-4.11675883002085,3.84237771869776e-05,0.00024862970394674,"TUBA1A"
646.666252401129,-0.0104221699536423,0.00253180957811077,-4.11649045163155,3.84685258981004e-05,0.000248836480626522,"UBE2O"
137.317875083193,0.0191384838517367,0.00464968392018771,4.11608276610857,3.85365969754055e-05,0.000249193932103927,"LINC02615"
607.914357652729,-0.011364798121145,0.00276210937979562,-4.11453587040275,3.87959228707681e-05,0.000250787469511237,"COQ8A"
138.487650609359,0.0239387471921114,0.00581888599005964,4.11397426122557,3.88904817741067e-05,0.000251315202986096,"SGMS1-AS1"
3013.15477327068,-0.0093214874221034,0.00226589882406928,-4.11381449298921,3.89174221119804e-05,0.000251405771338469,"PTEN"
116.779504116814,0.021853635523812,0.00531237219731691,4.11372447413407,3.89326090147981e-05,0.000251420377804395,"TESMIN"
57.1058595064764,0.0319186098051757,0.00775930709794572,4.11359022168696,3.89552689299574e-05,0.000251483218040691,"SCART1"
1021.34996846589,-0.00845638082654179,0.00205582342657316,-4.11337895912475,3.89909524139595e-05,0.000251630064832093,"PSMC3"
339.846070864408,-0.0127952731628886,0.00311101301546402,-4.11289605645709,3.90726340431052e-05,0.000251906464956062,"CENPH"
23.1805215332018,0.0454539057411491,0.0110513817017405,4.11296134437113,3.90615812892183e-05,0.000251906464956062,"TNPO1-DT"
1454.97735610219,-0.0133345509155688,0.00324203842782606,-4.11301445446166,3.90525923383956e-05,0.000251906464956062,"NDUFA6"
21.7604263332976,-0.0404809505358764,0.00984521757133597,-4.11173752561196,3.92692589897106e-05,0.000253090244071856,"VAV2"
681.121230939653,-0.00864864559046396,0.00210353924154923,-4.11147337764632,3.93142212599844e-05,0.000253296097293129,"SAP30L"
2741.93944098038,-0.00820063345249004,0.00199463153044833,-4.11135256176703,3.93348023637153e-05,0.000253344781714115,"ERH"
1.83068430918026,-0.104706466579778,0.0254719351413738,-4.11066006562275,3.94529671871542e-05,0.000254021736099747,"TMEM184A"
995.784479311516,-0.0218874396769867,0.00532512325704821,-4.11022217148063,3.95278615148014e-05,0.000254419733396559,"RAPGEF1"
133.895090522403,0.0173883537572316,0.00423085335398784,4.10989280468489,3.95842829831698e-05,0.000254698606783208,"CFL1P1"
1610.44461562118,-0.00795147820071283,0.00193509943272427,-4.10907990889057,3.97238616318962e-05,0.000255512180093258,"RNF10"
17.2167132190367,0.0833590340064052,0.020287979643601,4.10878931617507,3.97738712245897e-05,0.000255749279070907,"SLC5A4-AS1"
24.840198271632,0.0502758701657342,0.0122383255853963,4.10806771031873,3.98983146167564e-05,0.000256464678655165,"MANSC1"
1255.03770706178,-0.0101955482247408,0.00248191780965375,-4.10793144925422,3.99218547391809e-05,0.000256531217882989,"HSPA4"
546.530750087585,-0.0134066796424823,0.00326458542795516,-4.10670204175965,4.0134840885405e-05,0.000257814659861959,"AHCY"
15.7037895729162,0.0328522190196334,0.00800169563084265,4.10565716758884,4.03167052066434e-05,0.000258897402764748,"ENSG00000284523"
612.971649780083,-0.0134506545119155,0.00327622803682478,-4.10553061652919,4.03387849190005e-05,0.000258953698171445,"TMEM43"
184.87027543725,-0.0132475678185322,0.00322683895819152,-4.10543196923494,4.03560041426533e-05,0.000258978764955048,"CEP76"
1901.93569840204,-0.00788278915435446,0.0019202299012728,-4.10512780221235,4.04091414614905e-05,0.000259234238313803,"AEBP2"
103.593983771249,-0.0223530052194267,0.00544621542995386,-4.10431895449571,4.05507686277201e-05,0.00026005703942558,"C15orf39"
13.015295633441,0.0434392754012052,0.0105843389763787,4.10410848501258,4.0587698452944e-05,0.000260208082599939,"VPS33B-DT"
8.58046826940814,0.0640175604262087,0.0155987979817402,4.10400599463798,4.06056933803479e-05,0.000260237674445188,"POF1B"
80.3262771091456,0.0178706977556634,0.00435496750237859,4.10352034680002,4.06910648315055e-05,0.000260698913714629,"RNF215"
15.7146292813219,0.0385132543818788,0.00939031007828529,4.10138260193762,4.10688854922647e-05,0.000263032891573935,"IDH3B-DT"
215.945037870842,0.0171720142808943,0.00418875168395499,4.09955413367465,4.13946841551798e-05,0.000265032258559053,"LIX1L-AS1"
426.201417334549,-0.0192989647496945,0.00470786801558612,-4.0993002959731,4.1440106643346e-05,0.000265235773056836,"CDIP1"
44.0174572248909,0.0278218592516966,0.00678809511965017,4.09862542602827,4.15611000382159e-05,0.000265922683172151,"DPH6-DT"
124.704230062019,-0.0237335668528971,0.00579138643913436,-4.0980803305615,4.16590715668277e-05,0.00026646188788108,"SPATA2"
5810.71770696881,-0.00934104004515983,0.00227945642992814,-4.09792436587801,4.16871438271908e-05,0.000266553791776032,"SEPTIN1"
885.216415103039,-0.00840115960965924,0.00205018816624012,-4.09775051285478,4.17184569840027e-05,0.000266666351230968,"RBM41"
3.65804765014875,0.108558257283672,0.0264964075289859,4.09709343294609,4.18370071764772e-05,0.000267336276803436,"EVPL"
191.50403021247,-0.0336530829792886,0.00821461039766785,-4.09673512804002,4.19017870535924e-05,0.000267662285707529,"RCN1"
150.736737396086,-0.0147221548055373,0.00359429758120116,-4.09597549255156,4.20394405441428e-05,0.000268453433363139,"PRKCD"
16.1408103994323,0.0416691334455414,0.0101735356578881,4.09583598532265,4.20647672257257e-05,0.000268527006008399,"ENSG00000230303"
5346.01808217024,-0.00783470218338281,0.00191331726769865,-4.09482646482694,4.22484713448204e-05,0.000269611225763813,"CD47"
5.60093804319085,0.102870191470875,0.0251239385203694,4.09450896353183,4.23064047431e-05,0.000269892383948192,"LINC02904"
1759.36757274869,0.0239474841313879,0.00584890341440677,4.09435451992615,4.23346127907823e-05,0.000269983787997871,"ARRDC3"
126.094519550466,-0.0136802729056357,0.00334135486528793,-4.09422927440448,4.23575011134029e-05,0.000270041217357194,"ZNF778"
204.563481480237,-0.0168869630441996,0.00412701039085332,-4.0918150052702,4.28010040920164e-05,0.000272690568642506,"AMMECR1L"
6.54786623195617,0.0501677244089395,0.0122605081337568,4.09181445512953,4.28011056534661e-05,0.000272690568642506,"METTL21EP"
75.1190649536552,0.0199728906682147,0.00488220533463533,4.09095670895345,4.29597325119244e-05,0.000273611577304991,"VIRMA-DT"
86.8095917605498,0.0187634817450344,0.0045869225012812,4.09064721276486,4.30171058341077e-05,0.000273887307881908,"ENSG00000213963"
13.7900968135548,-0.0402523508054937,0.00984474990679433,-4.0887123783321,4.33774296088433e-05,0.000276000779627613,"ENSG00000260051"
285.151354460918,0.0355131419239558,0.00868564445719127,4.08871697419674,4.33765703396422e-05,0.000276000779627613,"ZBP1"
4590.52748207225,-0.0155283356540018,0.00379863798379785,-4.08786931532672,4.35353269468295e-05,0.000276914860838058,"GNG2"
224.169313731343,0.0195699000635129,0.00478757817664945,4.08764083664713,4.35782125457424e-05,0.000277006474584064,"LINC02100"
107.007941337055,-0.0157952390421572,0.00386411878071294,-4.08766912678677,4.35729002949503e-05,0.000277006474584064,"SUV39H2"
1970.20460504441,-0.00920041583874788,0.00225121246598642,-4.08687139830513,4.37229315342198e-05,0.000277835590092163,"TOMM22"
338.240917615631,-0.0229101468421453,0.00560632595520448,-4.08648141852638,4.37964544311601e-05,0.000278211899131449,"CLCN7"
1144.98150258685,-0.00679044146404477,0.00166177660476132,-4.08625409973206,4.38393649350223e-05,0.000278393564267424,"FAM120A"
4688.00643909746,-0.00938482520983582,0.0022971595186865,-4.08540422791448,4.40001470227712e-05,0.000279323387643578,"RAN"
270.100548875651,0.0127558722331961,0.00312281015835249,4.08474149447679,4.41259135119893e-05,0.000280030389468745,"TXNRD2"
709.240834635574,-0.0130283552110245,0.00319044183664786,-4.08355829006842,4.43512976681255e-05,0.000281368914201797,"EIF2AK4"
60.5968221870312,0.0209683039817265,0.00513538135971507,4.08310552088967,4.44378324807869e-05,0.000281825979649099,"MXD3"
6.92594122740978,-0.0553106951747562,0.0135467885167451,-4.08293782001447,4.4469924675708e-05,0.00028193758307275,"ENSG00000288025"
149.725569542219,0.0147135233600739,0.00360467148328301,4.08179314767218,4.46895635068852e-05,0.000283237764670063,"SAP30L-AS1"
655.340270142612,0.00963397660671635,0.00236038215855773,4.08153254835777,4.47397106829035e-05,0.000283393930061118,"NFU1"
1016.01064145344,-0.0153871247835298,0.00376995545592592,-4.08151368455644,4.47433427185077e-05,0.000283393930061118,"LINC01215"
1403.63935808861,0.00908586433471705,0.00222630555469224,4.08113985771961,4.48153770331803e-05,0.000283757779515752,"ANKZF1"
38.60780481671,-0.047484223147917,0.0116367683102625,-4.0805335194343,4.49324489223673e-05,0.000284406464038062,"LRRN1"
1008.02994579414,0.00629944276200872,0.00154451506161154,4.07858940231759,4.53097784037568e-05,0.000286701528865151,"HARS1"
588.309166530095,0.021561627151011,0.00528784008120118,4.07758684451613,4.5505535194391e-05,0.000287752979540344,"FAM229B"
79.2881853211603,0.0196102993790224,0.0048092739214966,4.07760083936327,4.55027970858828e-05,0.000287752979540344,"HSDL2-AS1"
497.21250930369,-0.0133708948688304,0.00328092739077209,-4.07534007196784,4.59471509136486e-05,0.000290451099259467,"PHC2"
1873.82910970661,0.00832632661677977,0.00204322492539528,4.07509056555237,4.59964427584666e-05,0.000290573825298777,"LINC00342"
1293.30475085764,-0.0201341744218159,0.00494077121914653,-4.07510761554628,4.59930728099277e-05,0.000290573825298777,"CARMIL1"
158.111904361406,0.0148715164458617,0.00364950989112332,4.07493523501157,4.60271547825217e-05,0.000290673437556763,"C9orf40"
2076.73328954053,0.0111544999261325,0.00273780631294994,4.07424728088735,4.6163411322214e-05,0.000291439309843682,"SRSF1"
64.8753799660134,-0.0288463222060304,0.00708079456456766,-4.07388209656266,4.62358952386008e-05,0.000291802205803382,"CTDSPL"
214.936379445077,-0.0232401258894035,0.00570605205229687,-4.07289062146718,4.64332336698098e-05,0.000292952587775372,"LINC01572"
31.3964611344748,0.0409147745188544,0.0100469829497141,4.07234437677817,4.65422965389167e-05,0.000293545463676547,"ENSG00000247011"
7.91257311557441,0.0503286736993596,0.0123626661847041,4.07102100367553,4.68075283586751e-05,0.000295122604247841,"MARVELD2"
611.794090535779,-0.0127265302100151,0.00312638656327852,-4.07068350392004,4.68753994201196e-05,0.000295454761542691,"CMIP"
785.33857487342,-0.0181022798837719,0.00444761292981551,-4.07011135398484,4.69906717719691e-05,0.000296085376299504,"LAMTOR2"
7.10486062902518,-0.052016494772387,0.012781488932887,-4.06967412368894,4.7078942685361e-05,0.000296545503294351,"ENSG00000243004"
2507.0980962742,-0.00746870056600327,0.00183534331888584,-4.06937518945349,4.71393839535594e-05,0.000296755921800116,"LBR"
381.680513765788,-0.0132397520516185,0.00325352354048623,-4.06935800121485,4.71428614653415e-05,0.000296755921800116,"GPR107"
13.2921088878854,0.0343925620149907,0.0084532584149685,4.06855680101895,4.73052298973529e-05,0.00029768166507066,"NRN1L"
1324.3343041603,-0.00704088620994943,0.0017306268679027,-4.0684022307374,4.73366155242485e-05,0.00029778282941855,"ISY1"
13.9734998834684,0.0497776522091655,0.0122356464304064,4.06824866117941,4.7367817505218e-05,0.00029788277345425,"MOCS1"
23.3642559237456,0.0310214829577511,0.00762660225353288,4.0675364895791,4.75127703015e-05,0.000298697768304614,"FHL1P1"
1592.54551832271,-0.00809752602533073,0.00199136647697839,-4.06631633049158,4.77620950373495e-05,0.000300168177890625,"KIAA0319L"
347.606208129568,0.0164551555359181,0.00404778960197881,4.065220071684,4.79871596997719e-05,0.000301387873206414,"TMEM14A"
416.919372066946,-0.0166606002481947,0.00409828632183245,-4.06526019410604,4.79789047698406e-05,0.000301387873206414,"GPKOW"
1039.44504342764,0.0275879668543999,0.00678894874921951,4.06365814111817,4.83095654210676e-05,0.00030331483441097,"ZBTB38"
4.87890918879447,0.0567065496444585,0.0139555003463148,4.06338348588361,4.83664702322631e-05,0.000303574124713698,"ENSG00000230107"
269.525482812845,0.0261683160151086,0.00644040753051969,4.06314598743987,4.84157278915216e-05,0.000303756830885638,"ENSG00000258820"
61.7366604501389,0.0176402830368296,0.00434159023415517,4.06309257332808,4.84268126356673e-05,0.000303756830885638,"ENSG00000269044"
19.799842863655,0.0358198753478559,0.00881736185286808,4.06242546756823,4.85654563420052e-05,0.000304528269280575,"ENSG00000286650"
300.701066433495,0.0230977414497463,0.00568642483983588,4.0619092136656,4.86730069007292e-05,0.000305000427819913,"TENT5A"
365.35766167112,-0.0262911587338935,0.00647259550705691,-4.06191900995958,4.86709639505073e-05,0.000305000427819913,"IL23A"
107.640717681281,0.0189900453804872,0.0046752342031645,4.0618383069737,4.86877964310745e-05,0.000305000427819913,"STARD5"
2164.00581557998,-0.00625215116401114,0.00153938023084932,-4.06147294782502,4.87640696312268e-05,0.000305281595879303,"MOB1A"
91.9207700269876,-0.0194366843707835,0.00478561146285765,-4.06148399669228,4.87617613847213e-05,0.000305281595879303,"USP31"
2.7905278201412,-0.2705609187202,0.0666235752137746,-4.06103872168452,4.8854866974844e-05,0.000305751614391149,"COL1A2"
5.81232848515618,-0.0778698641342515,0.0191781748141177,-4.06033759150682,4.90018127531519e-05,0.000306572614944213,"CDHR1"
349.328211893659,-0.0479961011265393,0.011822460226413,-4.05973885361943,4.91276303094778e-05,0.00030726094442111,"ADAMTS6"
230.27423001026,-0.0152571738674929,0.00375937644551812,-4.05843205345458,4.94033030594902e-05,0.000308885775573817,"DAPK3"
178.964035833135,-0.0168960643317327,0.00416473649377238,-4.05693478014701,4.97209590331557e-05,0.000310771971129149,"TTL"
1481.24011545137,-0.0133194285625531,0.00328380184960388,-4.05609996357114,4.98989103144337e-05,0.000311784036147141,"MAN1C1"
63.7910513384459,0.0403724740761361,0.00995446188344931,4.05571637611682,4.99808789037945e-05,0.000312195913795025,"CNN3"
957.176072756859,-0.0149209151358147,0.00367974468679145,-4.05487782600073,5.01605129021114e-05,0.000313217379280568,"LTV1"
1422.36989773669,0.0127534653865878,0.00314746276455148,4.05198292739936,5.07853717425576e-05,0.000317017415200413,"PCNX2"
12.3666957963337,0.0430873711403783,0.0106348159800891,4.05153894726983,5.08818541335015e-05,0.000317450868594877,"ENSG00000272558"
96.303299183756,-0.0219025675044081,0.00540602148648959,-4.05151321709426,5.08874509423076e-05,0.000317450868594877,"ENSG00000259589"
147.762057720264,0.0182859304267717,0.00451351704413394,4.05137063801216,5.09184752153991e-05,0.000317542565378239,"PTGR2"
4.53247304777191,0.077562720066842,0.0191481896780281,4.05065551214185,5.10743525462307e-05,0.000318327502277292,"LINC01182"
860.668261193633,-0.014006702146366,0.00345789593510658,-4.05064305266153,5.10770723668413e-05,0.000318327502277292,"ITGAE"
806.821386562589,-0.0127964386356987,0.00315950688687957,-4.05013791514057,5.11874561537149e-05,0.000318913263819958,"MAEA"
266.255246757885,-0.0160244078348613,0.00395797591786544,-4.04863702240599,5.15167700216544e-05,0.000320862213798015,"SNX10"
2524.77499555076,-0.0160902511948445,0.00397438604505969,-4.04848724115396,5.15497437846082e-05,0.000320964809972603,"LPIN2"
911.312791071851,0.0103854642720001,0.00256627794869988,4.04689767811843,5.19009146352693e-05,0.000323047900982599,"PIGL"
16.3493929016991,-0.0348019861207317,0.00860109118388,-4.04622917914845,5.2049277531993e-05,0.000323867721457068,"PPP1R12A-AS2"
7325.80748313439,-0.0111893187591996,0.00276546120549847,-4.04609500106248,5.20791046513609e-05,0.000323949684865245,"JMJD1C"
266.167767143691,0.0142524230620149,0.00352260676208808,4.04598753837813,5.21030047508229e-05,0.000323994739580645,"TMEM191A"
336.281755352328,0.0111203749629008,0.00274882195093853,4.04550573350303,5.22102877679584e-05,0.000324558103986756,"ELOA-AS1"
12.6406160448644,0.0431642302535257,0.0106705969882789,4.04515607710976,5.22882764626749e-05,0.000324939062452233,"ENSG00000290045"
30.7733759653129,-0.023769631562051,0.00587625170816081,-4.04503291256913,5.23157738334003e-05,0.000325006105663835,"ENSG00000280206"
61.6235422308714,0.0372851337769505,0.00921790445872683,4.0448600811491,5.23543827995397e-05,0.000325142113612339,"SWINGN"
5.17008261382733,-0.0744249349672473,0.0184016700556923,-4.04446633061029,5.24424439407409e-05,0.000325585054928615,"NEIL3"
163.225666267712,0.0182018934646394,0.00450054876464428,4.04437201250459,5.2463558733779e-05,0.000325612214719444,"BRD3OS"
2655.17085532399,-0.007648024632696,0.00189155319317503,-4.04325115481346,5.27151002712396e-05,0.000327069032017825,"UBE2G2"
2048.96218061566,-0.0155353916435675,0.00384286528157411,-4.04265840857266,5.28485852363422e-05,0.000327792675839315,"DIP2A"
1181.12890440444,0.00874976639451617,0.00216511588325724,4.04124622713167,5.31678966484057e-05,0.00032966807705073,"MFSD14CP"
126.074510949718,0.0167814898166117,0.00415267742539367,4.04112530243565,5.31953239999722e-05,0.000329733029676054,"MCF2L"
435.816483306726,0.0140861193810568,0.00348577343091032,4.04103125468433,5.32166645656078e-05,0.000329760223786441,"MAPK13"
856.398288628547,-0.010930762224536,0.00270531740503867,-4.04047310832267,5.33434817116469e-05,0.000330440784322689,"INPP5K"
16.2821968717148,0.0412752094254274,0.0102162176338109,4.04016544134942,5.341350949076e-05,0.000330769236900596,"ENSG00000273145"
16.9816109288823,0.0383153088624673,0.00948736266938314,4.03856268572038,5.37797221650032e-05,0.000332931055325104,"ENSG00000260197"
221.330297507042,0.0280166186673883,0.00693777753335174,4.03826996941095,5.38468611367521e-05,0.000333240628689458,"C4orf47"
914.607134454928,0.00867032699132569,0.00214744386279339,4.03751042881622,5.40214439902428e-05,0.000334214728706811,"PEX14"
237.877057161913,-0.0117725632705971,0.00291588537313299,-4.03738891078149,5.40494250180837e-05,0.000334281515429808,"TAF4"
132.079355279076,0.0388942883422793,0.00963625970334712,4.03624326654142,5.43138995896238e-05,0.000335810445301263,"ENSG00000288075"
1216.82357847109,-0.00824278410870236,0.00204324160140154,-4.03417006733238,5.47956221973295e-05,0.000338681171706468,"CYC1"
582.753996729628,-0.0114938891199187,0.00284920742607256,-4.03406540876605,5.48200473701522e-05,0.000338724504890988,"MRPL28"
194.449768347068,0.0146886178972642,0.00364176330000181,4.03338072445755,5.49800933589797e-05,0.000339605524269773,"CBY1"
1228.28130310811,-0.00977452129702452,0.00242369986011217,-4.03289262746096,5.50944569198093e-05,0.000340203898903876,"RAB22A"
7.35797483971968,-0.0628075589126899,0.0155750792411766,-4.03256753562078,5.51707525576772e-05,0.000340566901935697,"ENSG00000291013"
1495.36319181164,-0.00973575951367503,0.00241517872457167,-4.03107207538095,5.55230124265516e-05,0.000342632650605601,"SSNA1"
1189.62732802316,0.0237226044729385,0.00588634155200112,4.03011008847657,5.575073614136e-05,0.000343928819754391,"ADPRM"
47.6752631887853,0.0342965986845366,0.00851070500184278,4.02981876085594,5.58198742325451e-05,0.000344246155262281,"ZMYND12"
207.984576313636,0.0131819621598263,0.00327199017796609,4.0287291351285,5.60791857095286e-05,0.000345735734147715,"DFFB"
625.254836742007,-0.0141513646988133,0.00351274244170574,-4.02858021436426,5.61147147028751e-05,0.000345845157061351,"SLC25A13"
604.942054463358,-0.00974059260390335,0.00241810462113384,-4.02819320503015,5.62071457649517e-05,0.000346305097331034,"ARHGAP1"
272.12865682434,0.0215769549463532,0.00535752736701647,4.02740918864762,5.63948378907675e-05,0.000347351485691361,"CDC37L1-DT"
8.23273435632069,-0.0715436366731419,0.0177671949367296,-4.02672661204621,5.65587288037898e-05,0.000348250659690571,"FAM171B"
16.0362389976341,0.0382353059969205,0.00949598070328395,4.0264725878916,5.6619836703994e-05,0.000348516596116895,"ENSG00000287601"
186.454105129572,-0.0115164593156829,0.00286072765365933,-4.0257097878407,5.6803711507268e-05,0.000349537802128399,"GPR137"
164.015451153628,0.0151826548137191,0.00377193305491812,4.02516550338104,5.69352582187108e-05,0.000350236466670507,"DNAJC27-AS1"
412.816979537963,-0.0131835344643687,0.00327556503198669,-4.02481231043447,5.70207748310508e-05,0.000350651625431163,"PLEKHM1"
284.567069157661,-0.023341650804251,0.00579984969722431,-4.02452684513908,5.70899818188417e-05,0.000350857628465858,"ADGRA3"
8981.62719726038,0.024613030955857,0.00611577808576516,4.02451341606808,5.70932394640975e-05,0.000350857628465858,"INPP4B"
80.4203516407809,-0.0474345376365773,0.0117868037051562,-4.02437665232574,5.71264258573529e-05,0.000350857628465858,"CHN2"
712.394699081208,0.00806857330513077,0.00200489188021755,4.02444310575754,5.71102983245958e-05,0.000350857628465858,"FPGS"
14.6386088554177,-0.0388585203338056,0.0096592192648099,-4.0229462929135,5.74746061496781e-05,0.000352884647795893,"HSF4"
1609.98099412629,-0.00831178056198953,0.00206659229180776,-4.02197404632666,5.77124183002195e-05,0.000354232959405986,"WASHC4"
1384.25085299223,-0.00620680572907453,0.00154329931693226,-4.02177702081297,5.77607243003181e-05,0.000354417617780911,"SARNP"
2566.01903740095,-0.00708617487871808,0.00176209296143702,-4.02145348389519,5.78401309886668e-05,0.00035479293215407,"UQCRC2"
2996.21652074766,-0.0209607023221774,0.00521262922533787,-4.02113816580131,5.79176199804565e-05,0.000355156250390876,"FAAH2"
3.84824369496429,-0.0757541660534409,0.0188425737686092,-4.02037253422585,5.81061823050142e-05,0.000356200237004359,"ENSG00000286411"
4296.69903921688,-0.0105415599993867,0.00262219595410082,-4.02012671207921,5.81668474151886e-05,0.000356459782316582,"RASGRP1"
260.028866455908,-0.00964362873221753,0.00239895011829614,-4.01993716278975,5.8213666206842e-05,0.000356634337445444,"GUCD1"
396.455361615671,-0.0161398330265113,0.00401664832121637,-4.01823404385665,5.863594161618e-05,0.000359108218002619,"ULK2"
7.64176284286206,-0.0774891016764967,0.0192895310774278,-4.01715839361034,5.89041338037446e-05,0.000360637175516725,"GIRGL"
2484.6892879617,0.0105151329694355,0.00261803935507465,4.01641516543804,5.90901212823532e-05,0.000361625683542213,"MPP7"
261.990956933883,0.0147449860918591,0.00367122690404233,4.0163646860464,5.9102773532502e-05,0.000361625683542213,"KICS2"
2948.97631848181,-0.00690629859179045,0.00171962913579657,-4.01615583734064,5.91551470358929e-05,0.000361832316036211,"REST"
378.650854439582,0.0192926310032977,0.00480404939972022,4.01591020367552,5.92168014368542e-05,0.000362095568924317,"ENSG00000227598"
589.356044495974,-0.0130736239765643,0.00325553151882256,-4.01581858476145,5.92398134928225e-05,0.000362122442567219,"PTPRE"
78.9253197547943,-0.0270036135802816,0.0067257807408515,-4.01494110806575,5.94606399548607e-05,0.000363358123707821,"HK2"
74.2423527527932,0.0245552037353453,0.00611629406553941,4.01471928462284,5.95165875229382e-05,0.000363585786403477,"ENSG00000290767"
83.0596784574657,0.0191669068585661,0.0047743573095002,4.01455224568698,5.95587504240828e-05,0.000363729122291628,"GALNT4"
79.7821033998681,-0.0196130278740812,0.00488628706492659,-4.01389185970307,5.9725717951182e-05,0.000364634318853874,"KIF18A"
46.2141006539642,0.0309984407519639,0.00772481354328305,4.01283999649648,5.99925794891367e-05,0.000366003777235108,"NECTIN3"
8.77476995888686,0.0817826328983698,0.0203802018174216,4.01284705769986,5.99907842776631e-05,0.000366003777235108,"SAMD12-AS1"
2618.49430572376,-0.00743764027313669,0.00185348571305238,-4.01278532699782,6.00064801605449e-05,0.000366003777235108,"SMG1"
1243.67930914817,-0.00893009707864104,0.00222545686227829,-4.01270284318112,6.00274588785847e-05,0.000366016960077539,"NEDD9"
5767.3838645034,-0.0112475182860052,0.00280363867666578,-4.01175742780853,6.02684098650575e-05,0.000367370993508378,"SP110"
4701.02034700934,0.0183321643949709,0.00457126046375398,4.01030843469294,6.06394821381006e-05,0.000369517094946176,"CCNH"
372.198192564082,0.0110388140774375,0.00275287674932924,4.00991947065092,6.07394595187676e-05,0.000370010406232242,"ARID3B"
10.0189790475494,0.0497155586559229,0.0124026921695094,4.00844897030848,6.11188417484439e-05,0.000371972024671146,"DNM1"
17.2672533268852,0.035732048667702,0.00891387310109272,4.00858843989171,6.10827631672661e-05,0.000371972024671146,"ENSG00000287420"
570.165393069591,-0.00748399847371436,0.00186702987262623,-4.0085049433018,6.11043599948545e-05,0.000371972024671146,"AP3M1"
556.344447806655,-0.0082267926657458,0.0020526670896967,-4.00785529569794,6.12726418569389e-05,0.000372674845765891,"SCAP"
768.018325791945,0.00834828719547963,0.00208296570629992,4.00788508914491,6.12649147026511e-05,0.000372674845765891,"EHBP1L1"
1158.22848286879,0.00926459361200813,0.00231166987596599,4.0077494231899,6.1300108153491e-05,0.000372725352826994,"YJU2B"
1437.42244194744,-0.00960910460653235,0.0023980071530181,-4.00712091056044,6.14634021095926e-05,0.000373601448260527,"UBA6"
4.37017088258868,0.0666099152484197,0.0166276851273803,4.00596443450419,6.17649429455285e-05,0.000375317058804584,"ENSG00000291138"
9145.56241852182,-0.00758755303325823,0.00189410218790626,-4.00588367496977,6.17860525092073e-05,0.000375328078499872,"COX6C"
2048.60656379254,-0.00699201999152017,0.00174582600747629,-4.00499245719659,6.20194600868197e-05,0.000376628322868789,"COA1"
6.80779623784058,0.045227507939855,0.0112953209186171,4.0040923375015,6.22560462048043e-05,0.000377947052037968,"ENSG00000287370"
1223.77029022567,-0.00930651312390686,0.00232454486870921,-4.0035850669876,6.23897526019517e-05,0.000378640585915932,"ATXN2L"
42.4948415829533,0.0306682796115464,0.00766127794095332,4.00302401869658,6.25379503435869e-05,0.000379421607028418,"ENSG00000246308"
3610.47104279089,-0.0100619408458438,0.0025141560492304,-4.00211468533301,6.27788536171835e-05,0.000380645723724388,"PBXIP1"
19335.0745768086,-0.01348795519487,0.00337020315545671,-4.00211933011563,6.27776208785485e-05,0.000380645723724388,"LEF1"
1182.31427718459,-0.00904733853762084,0.00226163459950101,-4.00035378819239,6.32478555333171e-05,0.000383369908999237,"TOPBP1"
31.3618149304343,0.0215296099791958,0.00538303414414799,3.99953063693662,6.34682315970312e-05,0.000384585848222384,"ENSG00000273437"
105.807195885178,0.0293323380501066,0.00733492179034627,3.99899806548882,6.36111999776061e-05,0.000385332124186987,"ENSG00000289319"
1324.51635231233,-0.00735816509146592,0.00184004643644389,-3.99890184602432,6.36370625082712e-05,0.000385368774236732,"URM1"
606.082479159983,-0.015073755408275,0.00377021349756121,-3.99811719363519,6.38483386326002e-05,0.00038640760259574,"GALNT7"
1005.91198254279,-0.00586723432759868,0.00146748740474473,-3.99814970038484,6.38395726716588e-05,0.00038640760259574,"SPTLC1"
87.3016290335304,0.0202921940475094,0.00507702872008901,3.99686414363117,6.41871132175289e-05,0.000388337026187917,"ENSG00000258982"
409.420885325423,-0.00955862435392627,0.00239175283109757,-3.99649337910048,6.42876788550769e-05,0.000388824515363837,"LARP1B"
273.285847162356,-0.022511092420012,0.00563514854089645,-3.99476469105301,6.47585375990855e-05,0.000391550610767738,"TRAPPC2B"
781.319091443775,-0.0118178749219026,0.00295895516328321,-3.99393511214605,6.49856549885474e-05,0.000392801732499141,"ZNF518B"
2458.19831040113,0.0139973341011166,0.00350474323903862,3.99382583728336,6.50156277702962e-05,0.000392860818813306,"CASP8"
316.394045862526,-0.0132739933896581,0.00332376087912929,-3.99366677458921,6.50592801409489e-05,0.000393002502491179,"WDR19"
1017.2475510396,0.0403344658834618,0.0101001805860795,3.99344007166096,6.51215433035844e-05,0.00039325648519032,"ENSG00000290109"
17.7480551737055,0.032035802677802,0.00802246806174502,3.99326023254167,6.51709755957102e-05,0.00039331078073601,"ENSG00000271551"
297.242482957644,0.0112391311121075,0.00281451536148671,3.99327403428014,6.51671806606912e-05,0.00039331078073601,"CYB5D2"
54.9917676539222,0.0404060639560663,0.0101195187520774,3.99288394497726,6.52745204932719e-05,0.00039381349197104,"CTH"
276.091919113264,0.0127542168929875,0.00319474430370446,3.99224967024697,6.54494094971734e-05,0.000394746190427758,"TRIM39"
51.4056209511934,0.0435272103467521,0.010905562064293,3.99128537255947,6.57161458115732e-05,0.000396232099250127,"PRMT5-AS1"
114.748070111627,-0.0266654055131561,0.00668199306487796,-3.99063651432316,6.58962064764088e-05,0.000397194642755695,"KDM7A-DT"
57.443964930437,0.0328798949468123,0.00823977636348985,3.99038681347007,6.59656237620397e-05,0.000397366784699732,"ENSG00000229195"
525.448661528689,0.0180057108430787,0.0045122373711094,3.99041747190966,6.59570969353489e-05,0.000397366784699732,"ACAT1"
6882.45276679434,0.0106213102929685,0.00266297530869399,3.98851249513745,6.64889013864928e-05,0.000400365559331019,"HSP90B1"
7.60844248464965,0.0521941721578926,0.0130863086427357,3.98845645344502,6.65046075882229e-05,0.000400365559331019,"SLC25A30-AS1"
2104.55529983422,-0.0106380389405616,0.00266755874767256,-3.98793051880986,6.66521768141493e-05,0.000401040119180799,"ASAP1"
57.3250402824404,0.024607437708058,0.00617050954010843,3.98791016335186,6.66578944687431e-05,0.000401040119180799,"ENSG00000289979"
8.84469565406613,-0.0586383369860496,0.0147068469548734,-3.98714538649758,6.68730496431218e-05,0.000402210169637712,"ZC3HAV1L"
8.48758789493622,0.043901057103415,0.0110117212926113,3.9867570143527,6.69825620775126e-05,0.000402744301381669,"CCDC148"
14.9536071210496,-0.0836293171962818,0.0209789804093262,-3.98633849522566,6.71007652715726e-05,0.000403330341562843,"ENSG00000287566"
305.486637136392,0.0122647658076843,0.0030769100948319,3.98606570542465,6.71779160693317e-05,0.000403669337492916,"DTWD2"
47.3032376236655,0.0225562314890236,0.0056589848830015,3.98591478071945,6.72206368685563e-05,0.000403801299484339,"TAF12-DT"
584.208746953416,-0.0176968219527182,0.00444142664099533,-3.98449043137913,6.76250818309134e-05,0.000405982579384316,"IFIH1"
156.509223172824,0.0162558309453146,0.00407985316649979,3.9844156840725,6.76463698413741e-05,0.000405982579384316,"ARF4-AS1"
215.184055591504,-0.0218620758849867,0.00548682478292625,-3.98446765659741,6.763156741032e-05,0.000405982579384316,"PUS7"
1783.62077473225,-0.00619044645827455,0.00155372686162415,-3.98425657119907,6.76917062575739e-05,0.000406129357932162,"PPP2R5E"
395.796104731595,0.0102254103190321,0.00256672528528732,3.98383511381021,6.78119321099673e-05,0.000406725220928454,"METTL6"
318.275727078494,-0.0110605192720413,0.0027768192237249,-3.98316144513161,6.80045239924557e-05,0.000407754622742681,"FAM234A"
4.36591263684836,0.0621689562595015,0.0156089256397509,3.98291065601448,6.80763529921828e-05,0.000408059519892434,"ASAP3"
322.52988049462,-0.0383279516140363,0.00962440271144145,-3.98237197290925,6.82308810452749e-05,0.00040885978657167,"DUSP10"
77.618219701801,0.0237231423823227,0.00595759446557708,3.9820002048469,6.83377209140706e-05,0.000409373886510498,"ENSG00000286409"
8345.77786059216,-0.0106644304510655,0.00267881377422853,-3.98102718212907,6.86181010460567e-05,0.000410926934558759,"CYLD"
61.8925704300191,0.040223024121745,0.0101041347675797,3.98084794462614,6.86698675740594e-05,0.000411110370631896,"CA6"
686.680241091265,-0.00849020278398921,0.00213307934226285,-3.98025643761684,6.88409661406085e-05,0.000412007886892608,"MZT1"
69.5069845957898,-0.0295084841036258,0.00741474765630994,-3.97970173381614,6.90017854823673e-05,0.000412843349559374,"SLC43A2"
13.8493950973829,0.0347118293906394,0.00872530543406872,3.9782939007618,6.94115408415042e-05,0.000415167245051691,"USP2-AS1"
61.7188653494083,0.0228549428519278,0.00574510593118667,3.97815864941015,6.94510272569941e-05,0.000415275724308574,"B3GALT9"
46.2701242346393,0.0365700638898144,0.00919845002484244,3.97567674891409,7.01793981673889e-05,0.000419501989475686,"SLC1A3-AS1"
30.1116257424395,-0.0404117180869631,0.0101660503998084,-3.97516405070399,7.03307591804784e-05,0.000420277602709519,"MRC2"
247.999891438703,0.0121668875983707,0.003060802641559,3.97506439427716,7.03602160142637e-05,0.000420324496834596,"JMJD4"
233.09832660088,-0.00952462245878025,0.00239631094255265,-3.97470223485864,7.04673628105925e-05,0.000420835331295313,"PIP5K1C"
71.7822316236186,0.0221879826227413,0.00558284124423993,3.97431731479624,7.05814126710467e-05,0.000421387065029014,"STON1"
5340.95256496246,-0.00956871680544259,0.00240770827182463,-3.97420107635845,7.06158878438996e-05,0.000421463526987325,"STK38"
327.34834469782,0.0109342770762982,0.00275198694161937,3.97323000009009,7.09045225597108e-05,0.000423056401321759,"ARMH4"
2767.21541629056,0.00791312718968603,0.00199196951143185,3.97251420981738,7.11179922954457e-05,0.000424199959564157,"CWF19L2"
60.5194992811519,0.0290826406873958,0.00732179795667444,3.97206271731173,7.12529531819576e-05,0.000424874675764027,"LINC02648"
386.957940934834,0.0129928577412188,0.00327130545159741,3.97176538035426,7.1341965913253e-05,0.000425275077835944,"CFAP44"
90.5593548556118,-0.0316992660556362,0.00798271862639938,-3.97098626911446,7.1575704926096e-05,0.000426537695011487,"ZDHHC14"
40.0208603903987,0.0246246124690441,0.00620157572875636,3.97070253530262,7.1661006922521e-05,0.000426915236033677,"ENSG00000289552"
17.1851262643302,-0.049666385321602,0.012508564212911,-3.97059042718411,7.16947377082703e-05,0.000426985408194601,"TPX2"
666.81820853187,-0.00950636874946936,0.00239444926648657,-3.97016920864574,7.18216070661311e-05,0.000427610063986323,"BLTP3B"
473.761837734011,-0.0125282536564127,0.00315573803365791,-3.96999165418391,7.18751493673694e-05,0.000427797897902296,"FOXK2"
109.38153394727,0.0305422044469615,0.00769468410150921,3.96926034182106,7.20960779846564e-05,0.000428981588522347,"LINC02901"
2171.58260635255,-0.00832040758786859,0.00209660642240848,-3.96851192428882,7.23228390125673e-05,0.000430199248205947,"CDC40"
720.443066168492,-0.00912912450731101,0.00230067583544609,-3.96801859986542,7.24726787787996e-05,0.000430695409387849,"ZNF330"
2116.13009552268,0.0428530150802298,0.0107994783673647,3.96806342144533,7.2459052789946e-05,0.000430695409387849,"SYTL3"
305.871192830052,-0.0117984498138993,0.00297331975305439,-3.96810662619758,7.24459206186431e-05,0.000430695409387849,"MCM5"
15.8940495049469,-0.0437223983008538,0.011018998438516,-3.96791038176627,7.25055876236037e-05,0.000430759372286719,"EFCC1"
424.941665441168,-0.0164457278530249,0.00414512807639555,-3.96748364584323,7.26354947283622e-05,0.000431399391743931,"PAPSS1"
55.9535024262117,0.0206276698981138,0.00520015130037002,3.96674417850995,7.2861125063113e-05,0.000432607369842067,"ZSCAN2-AS1"
168.134775614944,0.018440292514378,0.00464919241603523,3.96634315473301,7.29837647173394e-05,0.000433203297991141,"NUDT16"
784.230704176659,-0.0408919918683628,0.0103107978693952,-3.96593865832049,7.31076641301088e-05,0.000433806337704316,"ANKRD36BP2"
85.4561615992148,-0.0361797862104444,0.00912440067411113,-3.96516850833811,7.33441153568721e-05,0.000435019842243925,"ENSG00000227678"
108.261658331832,0.0230459371834768,0.00581215622757086,3.96512693071718,7.33569010621599e-05,0.000435019842243925,"SMARCD3"
1236.42033419767,0.0070170877722534,0.00176974716833669,3.96502274324782,7.33889494399781e-05,0.000435077249484003,"NEK9"
121.039000265869,0.0219004670733674,0.00552418267810514,3.96447191367673,7.35586064610638e-05,0.000435950168883044,"LINC00513"
19.2017851501825,0.038392805738127,0.00968561931474206,3.96389786657122,7.37358092301861e-05,0.000436867263276378,"ENSG00000286444"
1344.37298658786,-0.0101677310538822,0.00256519921671201,-3.96371984976467,7.37908432523272e-05,0.000437060198569128,"SDHD"
368.375924847037,-0.00966522558654937,0.00243868450180135,-3.96329479250395,7.39224071681845e-05,0.000437706161895999,"LIG3"
3.32140336254168,0.135775397830288,0.0342610044772135,3.96297189478466,7.40224988570951e-05,0.000438165436783128,"ZCCHC12"
2241.2039462979,0.0150852949326339,0.00380793329131388,3.96154390809427,7.44666843086496e-05,0.000440660625642696,"WWOX"
769.705287163475,-0.00701417724282039,0.00177076097418276,-3.96110900628898,7.46024635935885e-05,0.000441329841654164,"DRG2"
371.022139894038,0.00885227698279111,0.00223483891411752,3.96103581643899,7.46253369636772e-05,0.00044133093015521,"POLL"
1.23662681724933,-0.121077421738607,0.0305820065728323,-3.95910652397044,7.52306785988748e-05,0.00044477566243973,"LINC02059"
6.37968519824961,-0.0542595703337471,0.0137094657980408,-3.95781798744495,7.56375575009337e-05,0.000447045314782942,"ZFPM2"
2273.27337243668,-0.00821506215546159,0.00207579585888701,-3.95754819545035,7.57230122953937e-05,0.000447414432611696,"SF3B6"
156.06720739764,0.0522002240198492,0.0131956628686224,3.95586220560203,7.62591096399624e-05,0.000450445169027303,"DST"
680.483090994928,-0.00996616938686126,0.00252064168075568,-3.95382233934711,7.69125277974462e-05,0.000454166842194331,"TSR1"
25.3482761443575,0.0342596352786036,0.00866849324007547,3.95220187981658,7.74353692176318e-05,0.00045711543752721,"ENSG00000284830"
482.715399643975,-0.0123836004877026,0.00313354422365892,-3.95194693414691,7.75179327733498e-05,0.000457463989798066,"ENSG00000291060"
3.80654526586893,0.0736721839626507,0.0186463409562367,3.95102632390776,7.7816763686719e-05,0.000459088222769297,"LYPD5"
144.554756269039,-0.0124606915689162,0.00315533747965277,-3.94908362394487,7.84509438556077e-05,0.000462689299252706,"CARM1"
6.18833749833273,0.0667942753867907,0.0169166152032602,3.94844208396476,7.86614409065296e-05,0.000463649602143305,"LINC00240"
1862.10179910686,-0.00864855782144214,0.00219034687379586,-3.9484877600479,7.86464363920159e-05,0.000463649602143305,"RSU1"
51.2426935041326,0.0258172785726524,0.00653965974707019,3.9478015020917,7.88721562773627e-05,0.000464750776053009,"MADCAM1"
58.1280321700931,-0.0243750490123762,0.00617621835087626,-3.946597679617,7.92695905904956e-05,0.0004669511830938,"BYSL"
424.120981534489,-0.0141663827969017,0.00358985101188199,-3.94623140347958,7.93908894803318e-05,0.000467524126939732,"C5orf15"
4380.38053824944,0.00885367028207291,0.00224376711344885,3.94589537791385,7.95023246628052e-05,0.000468038655271254,"ACAP1"
82.17841683165,0.032364659543749,0.0082030277572761,3.94545288659319,7.96492923453744e-05,0.000468761992559721,"ENSG00000288752"
1521.74150443623,-0.00876057370987748,0.00222156214856669,-3.94342949871091,8.03246124473894e-05,0.000472593477529998,"ZMYM4"
508.667542741393,0.019233291314267,0.00487765809713278,3.94314052589559,8.04214997284492e-05,0.000473020438832194,"RAB30-DT"
3.40289230574366,0.0648628240520287,0.0164501445577858,3.94299416787369,8.04706130205513e-05,0.000473166231518362,"ENSG00000223911"
114.796093044848,-0.0358315769608203,0.00908776220453115,-3.94283830874829,8.05229457651448e-05,0.000473330860706507,"SPECC1"
30.6084974485724,0.0323082076435075,0.00819640705634314,3.94175245585252,8.08884358811089e-05,0.000475335639372643,"ENSG00000290940"
1080.12214421996,-0.00632197363470313,0.00160411421543947,-3.94109943908897,8.11089910219446e-05,0.000476487763324628,"DHX30"
140.442949852825,0.0179794985416756,0.00456277868434797,3.94047131923184,8.13216735268657e-05,0.000477448799206479,"GDF11"
4025.32432476079,-0.00755759237816811,0.00191791439270366,-3.94052644211835,8.13029877393881e-05,0.000477448799206479,"MAX"
53.9167352823742,0.0177557144549533,0.00450676907440513,3.93978794160803,8.155366510118e-05,0.000478666366892895,"ZNF629"
263.559095304062,-0.0119257122812107,0.0030271864778608,-3.93953671781666,8.16391071598148e-05,0.000479023310215855,"TELO2"
10.441893593512,0.0431541031059099,0.010955613856659,3.93899453472249,8.18237938870674e-05,0.000479962187846003,"CNFN"
29.7748330023671,0.0261174719799984,0.00663085743810083,3.93877748448152,8.18978395010491e-05,0.000480251696151615,"MELTF-AS1"
21.4208482847867,0.0450271143018392,0.0114361451853757,3.93726326239886,8.24161736921699e-05,0.000483145567958528,"ENSG00000235450"
1945.97416357624,-0.0213196753786831,0.00541522561547371,-3.9369874669235,8.2510914560559e-05,0.000483470064850116,"NUTM2B-AS1"
158.288482266492,-0.0137819536289671,0.00350066107432222,-3.93695743071485,8.25212387693376e-05,0.000483470064850116,"PFAS"
558.448243376679,-0.0130139685028769,0.00330674682009895,-3.93558056025817,8.29958171008531e-05,0.000486104076612073,"HSBP1"
14.3470225931611,0.0393344987925207,0.00999495619958157,3.93543483403833,8.30461965419313e-05,0.000486252729963006,"ENSG00000290680"
154.706695456552,-0.0195964560655121,0.00497959796714736,-3.93534903717101,8.30758711455137e-05,0.000486280099202946,"ZSCAN2"
71.6331188315789,-0.0539197349249803,0.0137021528575132,-3.93512869734297,8.31521261092806e-05,0.000486580025557045,"MGST2"
560.063434652413,0.00832333530637827,0.00211523969172739,3.93493717942721,8.32184601496264e-05,0.000486821734848236,"PMM1"
697.862834539217,0.012227949941134,0.00310792869713013,3.93443709066599,8.33919064870233e-05,0.00048756756950002,"TTN-AS1"
114.633892054824,-0.0381189763389683,0.00968857606463086,-3.93442504705366,8.33960877963378e-05,0.00048756756950002,"CKS2"
66.2668454023544,0.0314466287426445,0.00799421469437752,3.93367328059897,8.36574791087222e-05,0.000488801930352585,"ENSG00000289206"
270.294172887474,0.0124312318205289,0.00316016820070386,3.93372473584164,8.3639563320642e-05,0.000488801930352585,"MBLAC2"
101.178382265105,-0.0352466512063962,0.00896134292631262,-3.93318852946735,8.38264388305681e-05,0.000489642060568583,"ATP1B1"
2.34157166137401,0.097858996486785,0.0248839413935987,3.93261641871408,8.40262625920609e-05,0.000490661913442863,"LINC02676"
1510.30869805315,0.00921366422052198,0.00234333925371699,3.93185246477108,8.42937942559286e-05,0.000492076408184894,"EMD"
365.994973832699,-0.0122326363173892,0.00311165714299611,-3.93122884535111,8.45127782143268e-05,0.0004932067353876,"ZNF263"
702.949345690889,-0.0135791439566509,0.00345463417233476,-3.93070388332136,8.46975352699499e-05,0.000493988533294091,"SLC49A4"
140.013981411996,-0.0158409373418679,0.00403003273313942,-3.93072175608056,8.46912387945785e-05,0.000493988533294091,"SMIM13"
776.131765820565,-0.00937238485208967,0.00238463353686177,-3.93032501942581,8.48311110706857e-05,0.000494619287001171,"HAT1"
483.531668065174,0.0107737348086487,0.00274162726811512,3.92968618817966,8.50567943230469e-05,0.000495786546711892,"ST7L"
627.175613995459,-0.0137463622860477,0.00349818565168112,-3.92956911233161,8.5098215786959e-05,0.000495879387439227,"SDF2"
182.552033713018,0.0217594014567292,0.00553807403909967,3.92905571559795,8.52800808441172e-05,0.000496641572604468,"EPM2A-DT"
25.9509195617239,-0.0298718244996122,0.00760267496733115,-3.9291202935772,8.52571846401978e-05,0.000496641572604468,"KNL1"
99.2788299098631,-0.0198391027508937,0.00504954006085695,-3.92889303021529,8.53377869101585e-05,0.000496828881529331,"TIMELESS"
826.255365511276,-0.0175177635586758,0.00445978898788111,-3.9279355158457,8.56781748122325e-05,0.000498661334013385,"PARP12"
206.927521641506,0.0126427935918696,0.00321947152114429,3.92697792443151,8.60198728858418e-05,0.00050050031334206,"HEATR5A"
4151.14716803028,0.00534851852611122,0.00136208117370518,3.92672524175781,8.6110252319181e-05,0.000500726612215363,"SENP6"
79.7951582058781,-0.0148436203320296,0.00378013629617229,-3.92674209844232,8.61042202351975e-05,0.000500726612215363,"FANCG"
1226.39659145243,-0.0108661846287729,0.0027673317074271,-3.926592753449,8.61576765312428e-05,0.000500754037041366,"PAIP1"
990.786127908185,-0.0270875620428426,0.00689853338973945,-3.92656823015908,8.61664573532185e-05,0.000500754037041366,"AGPAT5"
164736.235509559,0.0111188767666766,0.00283200852469279,3.92614523216619,8.63180493799565e-05,0.000501460957229668,"RPS14"
1654.72777024505,-0.017747855843265,0.00452049711386281,-3.92608498495406,8.63396609820656e-05,0.000501460957229668,"PKIA"
296.643812612152,0.0179269024063519,0.00456665039160152,3.92561305750952,8.65091255804478e-05,0.000502295224377699,"TMEM276"
8.86929899963356,0.0660024040019602,0.0168179615362369,3.92451866772009,8.69033206350813e-05,0.00050443344961891,"ENSG00000290075"
52.4312597303525,0.0193062101651496,0.00492077567121593,3.92340790458733,8.73051482974053e-05,0.0005066146895981,"HDAC11"
260.62959832862,-0.0116851097663611,0.0029785490827288,-3.92308786654466,8.74212500372178e-05,0.000507137111385005,"ARFGAP1"
1779.98499437324,0.0164107059025825,0.00418323089355245,3.92297396920549,8.74626043060157e-05,0.000507225735347737,"SUMF1"
575.686976006248,-0.0178894011089185,0.00456030295187438,-3.92285365637071,8.75063080096907e-05,0.000507327927599551,"AXIN2"
742.754327111473,0.00875494724970027,0.00223185383019517,3.92272429818339,8.75533204596192e-05,0.000507449236072721,"MTM1"
911.215705319496,-0.0182385832614353,0.00464973208164502,-3.922501972411,8.76341757324034e-05,0.000507766563053613,"DZIP3"
3501.51642591511,-0.0113091360009852,0.00288336094592104,-3.92220613828587,8.77418738623248e-05,0.000508239186568219,"DRAP1"
3.99879917623083,-0.0665338097465337,0.0169645858004149,-3.92192361955024,8.78448412574702e-05,0.000508684134355181,"MYO7B"
68.8311203415056,0.0777605712771863,0.0198296619522215,3.92142697462752,8.80261263403598e-05,0.000509582197454267,"ENSG00000236948"
736.82024956219,-0.00661597853023783,0.0016878105133959,-3.91985858467392,8.86009425540823e-05,0.000512757195364312,"STK25"
6301.60929860878,0.00782504474986634,0.00199670014312039,3.91898842539148,8.89213842525279e-05,0.000514458609487186,"ZRANB2"
930.708109885405,-0.00989276813077707,0.00252498568867105,-3.91795017895085,8.93051576199306e-05,0.000516525310991755,"AZI2"
2065.98556718332,-0.00604211189504329,0.00154262970022968,-3.91676103094845,8.97466318587312e-05,0.000518924416255702,"DCAF5"
253.926296548779,0.0164847408081006,0.00420896144105084,3.91658156981948,8.98134360312012e-05,0.000519156357873074,"GPD2"
154.353256458059,-0.0264729905981815,0.0067601693822561,-3.91602474749628,9.00210115244665e-05,0.000520201632549732,"TICAM1"
965.562671669448,-0.00828353375593423,0.00211573209238651,-3.91520920145922,9.03258536590687e-05,0.000521808191126387,"SCNM1"
1464.26311412321,-0.0102131353437809,0.00260916305399152,-3.91433388118722,9.06541235531433e-05,0.000523549096565377,"NDUFAB1"
182.110216666629,0.0163734664013053,0.00418389382673467,3.91345169819571,9.09861071344833e-05,0.000525310409579351,"STARD10"
843.389033639111,0.01281157082499,0.00327405694271897,3.91305681273537,9.11350824067757e-05,0.000526014388099167,"ENTPD1-AS1"
1818.23664927869,-0.00602212783698485,0.00153909283403729,-3.91277751660231,9.1240589293924e-05,0.000526467132113947,"NDUFS8"
88.8856162694575,0.0206232569247228,0.00527088738802205,3.91267265007191,9.12802334498861e-05,0.000526539685893753,"REM2"
55.252384647695,0.0259009050332042,0.00662070803993625,3.91210500100131,9.14951122935939e-05,0.000527622718417639,"PWWP2B"
173.65856226081,0.016710949358885,0.00427179368373958,3.91192800871787,9.1562208903057e-05,0.000527853149191868,"PGBD4"
835.662139235179,0.00849968289547675,0.00217284641985709,3.91177343129284,9.16208462032691e-05,0.000528034690222159,"GPAA1"
22.364715962427,0.0283941241679953,0.00725981013528277,3.91113867151972,9.18620076379346e-05,0.000529267746020576,"ENSG00000265008"
561.19577797316,-0.0111524929280507,0.00285175610807899,-3.91074569682022,9.20116091041372e-05,0.000529972700232328,"CEP78"
3099.66850854868,-0.00853033592817132,0.00218161293564233,-3.91010512855239,9.22559602754893e-05,0.000531222819218041,"WNK1"
12.4801352053332,0.0347655505981859,0.00889279597434286,3.90940607414024,9.25233208913008e-05,0.000532604650682655,"ENSG00000258768"
721.595111563827,-0.00884462806716104,0.00226293706613531,-3.90847284244898,9.28813857356854e-05,0.00053450764317894,"NOA1"
2931.19613682787,0.0107375892877149,0.00274779137280839,3.90771635502317,9.31725968497163e-05,0.000535866404885816,"CAMKMT"
600.161963746045,-0.00786493042213291,0.00201264527874125,-3.90775786732364,9.31565942843842e-05,0.000535866404885816,"POLDIP2"
1437.09720317711,0.00890346697558918,0.0022793015341021,3.90622602686774,9.37488257143593e-05,0.000539021108179132,"OXCT1"
4.15573828612373,-0.119266171789139,0.0305397520467549,-3.90527636264198,9.41177630250514e-05,0.000540982449349963,"ABCA13"
45.013357041292,0.0390619538701178,0.0100037465619035,3.90473245482591,9.43296841519707e-05,0.000542040380041353,"ANK1"
157.14011888801,-0.017338374380795,0.00444063660871858,-3.90447944935497,9.44284153767168e-05,0.00054244746234274,"RCAN1"
9.32290216913719,0.0463503301260027,0.0118750294631036,3.90317601063775,9.49386091901515e-05,0.000545217268189441,"LINC02572"
86.2791249640497,0.0137898011710646,0.00353306215085599,3.90307347628278,9.49788535740627e-05,0.000545287391047548,"ZFP41"
1161.73086116345,0.0079065599897614,0.00202599303871075,3.902560294478,9.51805178752729e-05,0.000546283934255513,"TATDN1"
55.4903282396037,-0.104671682715772,0.0268243774593369,-3.90211041708029,9.53576380628432e-05,0.000547002442088049,"ENSG00000189229"
233.808851692242,-0.0205125067668598,0.00525678724841702,-3.90209947587982,9.53619495717739e-05,0.000547002442088049,"ALAS1"
211.832103546179,-0.0133090777015446,0.00341103288501957,-3.90177349505918,9.54904906294435e-05,0.000547578282203215,"LIN9"
3123.2564010515,-0.0183668198793116,0.0047075923477065,-3.90153150968134,9.55860163119986e-05,0.000547964516146385,"RETREG1"
90.3118376154318,0.0201104884555704,0.00515545937933627,3.90081406444123,9.58697642490194e-05,0.0005492673886326,"VWA5A"
534.480789189437,0.00738794612237375,0.00189393533677077,3.90084390894277,9.58579449801451e-05,0.0005492673886326,"PABIR2"
3438.71469756185,-0.0104671409925596,0.00268432038081695,-3.89936352879534,9.6445879102704e-05,0.000552405416497849,"CALR"
7.11215111628936,0.0536590444732057,0.0137624869054101,3.89893518824073,9.66166289736144e-05,0.00055322050343414,"TENT5C-DT"
393.878503394937,-0.0193780487673018,0.00497155505923057,-3.89778420160973,9.70768631081139e-05,0.000555408689327432,"CAMSAP2"
568.558173931169,-0.0209003158662793,0.00536201454968219,-3.89784766017056,9.70514347116451e-05,0.000555408689327432,"FOXO3"
6112.96655834967,-0.00644433031834904,0.00165333976024158,-3.89776528292491,9.70844452065842e-05,0.000555408689327432,"TAX1BP1"
417.852469739476,-0.00788368896695736,0.00202272336309179,-3.8975616294395,9.71660994419834e-05,0.000555637568817552,"FBXO31"
165.299426154233,0.0425525044440873,0.0109178327280989,3.89752302529521,9.71815849631028e-05,0.000555637568817552,"TCP10L"
834.292559498945,-0.0203595284073703,0.00522533137460454,-3.8963133527414,9.76680106262193e-05,0.000558254620831793,"C16orf87"
2228.08357444452,-0.0113208859518273,0.0029059703753848,-3.89573343476641,9.79020177723229e-05,0.000559427775466937,"TBL1XR1"
2244.76852425642,-0.0070370563097898,0.0018064731110927,-3.89546695523921,9.80097243814417e-05,0.000559878751525234,"NRDC"
18.2680660653144,-0.0423646587440886,0.0108763560196936,-3.89511511643971,9.81521031637484e-05,0.000560527468772187,"CLSPN"
328.563676725606,0.0128367267821981,0.00329604602680306,3.89458359434649,9.83675648507357e-05,0.000561593044881614,"ZNF780A"
257.231594674109,-0.00982123138690642,0.00252189139855318,-3.89439108779264,9.84457108077942e-05,0.000561874272571128,"HSDL1"
828.245691838787,-0.00726393155285355,0.00186532241434484,-3.894196251003,9.85248623751837e-05,0.00056216107305946,"CKAP5"
523.430255272789,-0.0145264039017381,0.00373047351044888,-3.8939839302036,9.86111851504829e-05,0.000562488610663356,"JKAMP"
2487.60869960178,-0.00757761408799493,0.00194627591509438,-3.89339149152831,9.8852429303708e-05,0.000563699385044393,"MAP1LC3B"
561.882357698617,-0.0118234330524336,0.00303780694022085,-3.89209495043619,9.93823330210032e-05,0.000566555029188609,"MRPL12"
1047.23353927983,-0.00618333127925152,0.00158903648070052,-3.89124564121123,9.9730902943436e-05,0.000567876403147767,"SNRNP40"
827.111766759608,-0.0114386438772118,0.00293954061949778,-3.89130321974123,9.97072353833716e-05,0.000567876403147767,"BMPR2"
31.7090901211629,0.0287527800362965,0.00738904131955638,3.89127341326368,9.97194866249253e-05,0.000567876403147767,"PRKG1"
278.631721066866,0.0148293994445345,0.00381091844595004,3.89129278279206,9.97115250806838e-05,0.000567876403147767,"ATP6V0D1-DT"
1293.5823626135,0.0127808698069728,0.00328472506420181,3.89100139499149,9.98313589271662e-05,0.000568215028401006,"OTUD6B-AS1"
9.74582698805708,0.0341866660135557,0.008786179925053,3.89095901804554,9.98487978548476e-05,0.000568215028401006,"ENSG00000289173"
48.475670221817,-0.0676889478713058,0.0173980390956826,-3.89060787247588,9.99934116859411e-05,0.000568871556216215,"DBH"
96.4470501749184,0.0229074634564603,0.00588842765942804,3.89025131688301,0.000100140455846565,0.000569541522418577,"FMO4"
3.35957032894994,-0.0791011239346839,0.0203342362883306,-3.89004646218646,0.000100225030590769,0.000569855910558624,"GLYATL1"
1464.23735228072,-0.00839737786894448,0.00215912034619445,-3.88925882883056,0.000100550835295754,0.000571541290864321,"SDHB"
141.404455837632,0.0235113224099483,0.00604614291576511,3.88864814105591,0.000100804134233474,0.000572646382878301,"FLACC1"
8.59707072572598,0.0571380451539793,0.0146933285183222,3.88870670677035,0.000100779816464364,0.000572646382878301,"ENSG00000287175"
4269.55258439333,-0.00454370698451992,0.0011686709519578,-3.88792668878107,0.000101104151776866,0.000574183023711483,"BDP1"
312.560950539424,0.0246592187348361,0.00634293733685586,3.88766551287727,0.000101212970003746,0.000574633239796518,"ENSG00000289872"
764.000773343755,-0.0126454239540461,0.00325356820933992,-3.88663250327602,0.000101644454945218,0.000576914588018509,"WBP4"
1408.84850746522,-0.00752585120016963,0.00193646141288512,-3.88639357856191,0.000101744500001753,0.000577313964274825,"KDM1A"
405.773877880988,0.00915874342759875,0.00235684584944797,3.88601716558761,0.000101902304164691,0.000578040746079731,"AP4B1"
267.934344232615,-0.0100489788741679,0.00258600530489888,-3.88590806644181,0.000101948085124047,0.000578131837827358,"TRMT61A"
7260.70978489372,0.00456893497767149,0.00117590894720405,3.88544962476475,0.000102140671947705,0.000579055147203381,"N4BP2L2"
83.7028437482569,0.0272853881719948,0.00702449741610848,3.88431891361001,0.000102617141507809,0.000581586835509437,"ENSG00000229337"
658.781179041149,0.0354241980068218,0.00912156412974457,3.8835661848067,0.000102935495645614,0.000583221184329403,"MICU3"
876.974773489066,-0.0100983681858773,0.00260038517154112,-3.88341246381301,0.000103000623902211,0.000583420249132765,"SLBP"
107.70021620227,0.0206277616733715,0.00531318136803004,3.88237484183975,0.000103441260197548,0.00058574554646361,"ENSG00000289537"
15.0110159751954,0.0314533890379107,0.00810213221868077,3.88211253395617,0.000103552933189128,0.000586207247806091,"ENSG00000286482"
1952.42826553985,-0.0242031573056778,0.00623566986815635,-3.8814045351047,0.00010385491960368,0.000587574764750195,"MGAT5"
2821.40730162006,0.00543502668647091,0.00140027259923039,3.88140615581428,0.000103854227365876,0.000587574764750195,"KIAA2026"
236.126742421146,-0.0135341941465544,0.00348699959510093,-3.88132942876428,0.000103887003816188,0.000587585376920229,"TSPAN17"
1768.30182341916,-0.0103873072172534,0.00267658166382868,-3.8808108706816,0.00010410877882017,0.000588668563032304,"KDM3A"
23.4444778570228,0.0276539396434765,0.00712852053360584,3.87933786724862,0.000104741187221259,0.00059207231404845,"ENSG00000264924"
676.258708123716,0.00763330688605885,0.00196777264306269,3.87916099604789,0.000104817367121871,0.000592257180882785,"GOLGA1"
60.0319810615236,0.0264715625925982,0.00682411442283361,3.87912056457082,0.000104834788637059,0.000592257180882785,"ENSG00000291174"
5991.73052623206,0.00746308938136302,0.00192396933896814,3.87900640109246,0.00010488399527953,0.000592363122004106,"ANAPC16"
284.037526273128,0.0162296412371022,0.00418500210016434,3.87804852868888,0.000105297716097628,0.000594527104735836,"MAN2A2"
19.9422040807161,-0.0289240147950569,0.00745956842259407,-3.87743809781941,0.000105562174136034,0.00059584731547301,"ENSG00000250592"
13.213941675876,0.0410985688302984,0.0105998355686995,3.87728362047986,0.000105629197933358,0.000595879793794008,"ENSG00000287031"
6.68640706514377,-0.0708395509370589,0.0182702751243652,-3.87731166908305,0.000105617025373247,0.000595879793794008,"CRNDE"
59.412160989288,0.0202958431642978,0.00523479760033033,3.87710179339447,0.000105708139542745,0.000596152224484178,"KATNAL2"
699.284854122046,-0.0168055416020776,0.00433476495762558,-3.87692107100614,0.000105786656703594,0.000596422104214956,"TXNDC16"
11.5318228878163,0.0368294375269844,0.00950161668385055,3.8761232695886,0.000106133929957826,0.000598206627531057,"ENSG00000254485"
5.20180507366144,-0.0641100416510084,0.0165404096479764,-3.87596456287598,0.000106203141223279,0.000598423319795479,"RTKN"
759.527473828748,-0.00720086871555713,0.00185814070876586,-3.87530862522236,0.000106489644627257,0.00059969023672402,"ATOX1"
65.6310670842789,0.027732656951258,0.00715614663324908,3.8753617515893,0.000106466412737945,0.00059969023672402,"LOXL2"
569.818758409486,-0.0139118385385982,0.00359021650801098,-3.87493024656205,0.000106655246099091,0.000600448970151493,"AGMAT"
20.20901650071,0.0315003724776601,0.0081307968871131,3.8742048184215,0.000106973417257163,0.000602065954591744,"WDR5-DT"
26.8360552200939,-0.0506103219763324,0.0130643843531584,-3.87391557139063,0.000107100529929815,0.000602607002506463,"LRMDA"
73.3136643892424,0.0255967006683727,0.0066083160768069,3.87340744160363,0.000107324178121576,0.000603690742811676,"FAM131B-AS2"
101.890844360228,-0.0151888434911059,0.00392149154170669,-3.87323122581453,0.000107401840576305,0.000603952934677568,"SLC29A3"
487.086360103844,-0.00646426749140151,0.00166907068095035,-3.87297408383019,0.000107515264266541,0.000604066841492923,"NELFB"
1021.09486875909,-0.00833145173237453,0.00215114157292856,-3.87303738499745,0.000107487332042989,0.000604066841492923,"RPP30"
10.2372716955319,-0.0565147124205707,0.0145920558788958,-3.87297807036957,0.000107513504967234,0.000604066841492923,"RIPK4"
34.7403129249942,0.0281961102457029,0.00728124611453986,3.87242922463483,0.000107755971754233,0.000605244414262659,"TMEM167B-DT"
163.989056696453,-0.0141638139239437,0.00365768694180595,-3.87234176934522,0.000107794655012329,0.000605286903765822,"MCM4"
950.148822573285,-0.00693227026421872,0.00179032290835617,-3.87207817755277,0.000107911326313966,0.000605767159634331,"GNPAT"
1408.1658821178,-0.0125519354335059,0.00324228191658505,-3.87132758854179,0.000108244205924182,0.000607460487429677,"APPL2"
935.492371071336,0.0066292070141115,0.00171257697386429,3.87089579930134,0.000108436139386481,0.000608362084570651,"COX11"
532.851073092844,-0.0174325020746727,0.00450384751178106,-3.87057999389925,0.000108576720446226,0.000608975141118668,"EFL1"
3.54806898116797,-0.0635598711968373,0.0164234762363754,-3.87006199430923,0.000108807680838711,0.000610094609395723,"ENSG00000257607"
59.5874753563518,0.0278479518584304,0.00719642635398504,3.8696917731965,0.00010897303521197,0.000610845679512401,"LINC00471"
805.96049955071,0.0130253923401097,0.00336663691944407,3.86896260326777,0.000109299402890576,0.000612395676812462,"BBS2"
2847.93257253613,-0.00754800690962564,0.00195092710008033,-3.86893334421099,0.000109312518116954,0.000612395676812462,"C1QBP"
232.848645586594,-0.0177226747115973,0.0045813299017147,-3.86845634167583,0.000109526541648723,0.000613418013708411,"CCDC117"
12.2755631534467,0.0703884615689469,0.0181965704965411,3.86822679484175,0.000109629676543706,0.000613818894200239,"ENSG00000285761"
156.293725692619,-0.0313849141565206,0.00811648230861495,-3.86681236564862,0.000110267200955716,0.000617210741234429,"OLFM2"
2580.97804585282,-0.00795249906497006,0.00205704447041292,-3.86598305450038,0.000110642620473272,0.000619133950179979,"SNRPE"
1645.02816008079,-0.00947321188561269,0.00245079745247709,-3.86535895736217,0.00011092593679443,0.000620540810062827,"DDX39A"
852.242730458819,-0.00678614955100547,0.00175572418560271,-3.8651569572563,0.000111017783655196,0.00062087605229362,"RNF20"
19.5640683169683,-0.0527487075888934,0.0136488658656195,-3.86469528737649,0.000111227968461647,0.00062187272622808,"ZDHHC11B"
24.0111751230681,0.0316075868817448,0.00818009876897897,3.86396152105264,0.000111562803453606,0.000623565543096576,"ZNF793-AS1"
229.397155394856,0.0201821187812806,0.00522354451351997,3.86368274053064,0.000111690266699427,0.000624098643369881,"TNK1"
1011.76729126683,-0.0127652591181646,0.0033039919124933,-3.86358667219966,0.000111734222609111,0.000624164952317579,"PDIA4"
59.8551073868732,-0.0813198601860629,0.0210671443154035,-3.86003242625555,0.000113371979706146,0.000633131891261627,"SLC18A2"
1391.41202282438,0.00975555648056682,0.00252751061079934,3.85974897153114,0.000113503562764845,0.000633684787410736,"KRIT1"
14.0665623100231,0.0418395655896753,0.0108428177599769,3.8587354796383,0.000113975217021363,0.000636135422175761,"NRG4"
369.909174516578,0.0135099379114047,0.00350122107352334,3.85863606659075,0.000114021580838521,0.0006362116376621,"IMPDH1"
909.062648847706,-0.00801296355775371,0.00207670539839452,-3.85849796699544,0.000114086016637007,0.000636388617610104,"MTMR14"
137.791309956509,0.0137996203503033,0.00357657910291356,3.85832941289116,0.000114164708726315,0.000636644996971202,"RABL2A"
261.174956189774,-0.0181522028346206,0.00470546085286217,-3.85768863077018,0.000114464335272123,0.000638012411176288,"PACC1"
729.113666076937,-0.0189447797294864,0.00491103348065611,-3.85759531147716,0.000114508032733748,0.000638012411176288,"RELL1"
957.354028015924,-0.00865085803641585,0.00224255234471604,-3.85759469864738,0.000114508319747901,0.000638012411176288,"ENSG00000291178"
940.172929256773,-0.00878434848380078,0.00227723174801302,-3.85746795049098,0.000114567695864783,0.000638160438793209,"PRRC2A"
407.488621016258,0.0211090907180001,0.00547264562738167,3.85720036619647,0.000114693143095719,0.000638676302993083,"OSER1-DT"
37.9389224721617,0.0217225195455212,0.00563221973832201,3.85683097513396,0.00011486653162948,0.000639458759795369,"ENSG00000289126"
5.70377343705263,0.0567276849600053,0.0147111133810543,3.85611092040539,0.000115205229123694,0.000641160775875529,"MANEAL"
1413.51127819087,-0.00761290105351991,0.00197443969480404,-3.85572731016,0.000115386055070862,0.000641983454571893,"GPI"
299.384581604205,-0.0166190337810909,0.00431125852493072,-3.85479870552601,0.00011582488900549,0.000644240753802054,"CPTP"
50.357479867126,0.0245444316421163,0.00636809891706741,3.85427926949026,0.0001160710466976,0.000645425365727566,"MOK"
1586.42925737743,-0.00899307483051006,0.00233413362329274,-3.85285347024118,0.000116749262837826,0.000649011120736942,"NCKAP1L"
6058.51607351767,-0.017079852579564,0.00443448252883227,-3.85159992592454,0.000117348627283774,0.000652156614084771,"ARPC1B"
153.69585607923,-0.011716414481195,0.00304227947550673,-3.85119597838508,0.000117542386443703,0.000652860353716866,"SNAPC4"
625.504479107997,0.0154350703971926,0.00400785745405471,3.85120243774565,0.00011753928574775,0.000652860353716866,"INTS6-AS1"
274.800989323477,0.0120521561328977,0.00312957351843481,3.85105384548541,0.000117610634225159,0.000653052939284493,"USP13"
5209.4629550728,-0.00648600103016563,0.00168477826724593,-3.84976537047108,0.00011823102678997,0.000656310417263613,"ANKRD11"
1033.68280836769,-0.00815628687893561,0.00211873581721925,-3.8496006970989,0.000118310538011346,0.000656564415080937,"LRRC58"
1062.65240167012,-0.0129067376477827,0.0033530258983075,-3.84928063165201,0.00011846522331707,0.000657235327649836,"TIMM13"
396.758689057541,0.00969744565509479,0.0025194639671769,3.8490114490349,0.00011859546494106,0.000657770284735833,"DHRS12"
1087.71138532595,-0.0122382359689915,0.00317980726410106,-3.848735144157,0.00011872929302623,0.000658324822877195,"TRANK1"
1771.46101677856,-0.0137328309720282,0.00356901999949761,-3.84778762068055,0.000119189307669937,0.000660687154029051,"ABCF1"
171.948248258432,0.0221660418200666,0.00576145053197788,3.84730228907426,0.000119425582427198,0.00066180826318844,"ENSG00000273674"
739.857038141551,-0.010916291648227,0.00283793115339116,-3.84656676226365,0.000119784502098483,0.000663551233701065,"GTPBP8"
264.121212092892,-0.0240504255447529,0.00625251866182812,-3.84651799467336,0.000119808335445897,0.000663551233701065,"ATG101"
354.113058940918,-0.0507164982420485,0.0131868725882581,-3.84598379203327,0.000120069700045497,0.000664809489207219,"ID3"
21.4834720473858,0.0281215418567347,0.0073122726699799,3.84580049540357,0.000120159503776552,0.000665117389857059,"PRC1-AS1"
32.6407609358689,0.0229944894390678,0.00598070100493686,3.84478164350411,0.000120659832085972,0.000667696840371048,"RAB3D"
430.622526091799,0.0214186904177562,0.00557132087415172,3.84445464577866,0.000120820827014351,0.000668397584259427,"ENSG00000233850"
185.903287746576,0.0124028776732483,0.00322639925913326,3.84418563143987,0.000120953426073996,0.000668940884437105,"NBR2"
1273.69844673684,-0.00834208477722198,0.00217053196323373,-3.84333652695613,0.00012137285620908,0.000671069762968394,"HDLBP"
272.732184323539,-0.0111678146157129,0.0029064105349926,-3.84247664989327,0.000121799004870423,0.000673234567699517,"ASB6"
12.1070749602557,0.0402860222796652,0.0104847465661849,3.84234583309762,0.000121863960193719,0.000673402241400006,"ENSG00000267074"
423.752415263408,0.0346785298845643,0.0090288023173401,3.84087818801427,0.000122594941694273,0.000677249136863193,"CELA1"
883.853885892974,-0.0127070647289104,0.00330864421501167,-3.84056547127586,0.00012275122801085,0.000677919970482408,"LAMTOR3"
357.736098673205,-0.00903535206275513,0.0023528179729358,-3.84022570665804,0.000122921244925478,0.000678666231917533,"CHERP"
1195.82466225929,-0.0161133616138014,0.00419788990182851,-3.83844312038359,0.000123816887954154,0.000683417221224817,"GRK5"
8.02261359418902,0.0451731454742445,0.0117689416407064,3.83833541310118,0.000123871201032467,0.000683523044335468,"OSCAR"
140.827538076389,0.0181154200568308,0.00472014318752475,3.83789629617796,0.000124092865115709,0.000684551990744654,"SLC25A30"
1813.44179638463,-0.00903966286742782,0.0023559007004934,-3.83703051046872,0.000124531005380402,0.000686774194968586,"NAA15"
2182.00659012435,-0.00566327352945856,0.00147621819084841,-3.83633907546132,0.000124881960467468,0.000688514459482062,"HNRNPUL2"
26.2441441469135,0.0251101197400145,0.00654729090694339,3.83519231036233,0.000125466085906389,0.000691538916680412,"G2E3-AS1"
415.011497609852,-0.00712942612204707,0.00185941410143262,-3.83423257710807,0.000125956921913837,0.000694047617038538,"LRRC41"
488.453043617474,0.00845505565231258,0.00220632120657112,3.83219615853338,0.000127004407656576,0.000699621278201095,"TMEM267"
55.9275847954459,0.0241584809321503,0.00630493804466375,3.83167618159183,0.000127273184415401,0.000700903372045291,"MFF-DT"
30.2462505686111,0.0729802804439043,0.0190476207960173,3.83146437161138,0.000127382822863163,0.000701308601050492,"COL6A1"
439.920284490399,-0.0117769806216118,0.00307504110849537,-3.829861197327,0.000128215559622572,0.000705693506004143,"STK38L"
8.70960894123386,0.0569190341150748,0.0148622299483443,3.82977751743209,0.000128259166048347,0.000705733815786819,"CYP2E1"
116.729981657096,0.0392915751275823,0.0102614315749296,3.82905395223587,0.000128636806457233,0.00070741151325972,"TNFRSF4"
3862.78199066419,0.00678388385838798,0.00177167704941521,3.82907475187262,0.000128625936176324,0.00070741151325972,"ATP5PD"
3.83792916334411,-0.0899002659718382,0.0234812233217965,-3.82860231512675,0.000128873054103927,0.000708510394396688,"ENSG00000289828"
4574.8286645538,-0.00649265853000559,0.00169593508635232,-3.8283650018529,0.000128997354538615,0.000708993371893359,"EIF3A"
185.232973691969,0.0129169887650885,0.00337432895974699,3.82801704255206,0.000129179813680029,0.000709795637257129,"ENSG00000291176"
198.482325479069,0.0217977382190456,0.00569493465548922,3.82756599288373,0.000129416692227838,0.00071089637970169,"ENSG00000259088"
9.10721547384,0.039788658940104,0.0103956842545821,3.82742087636669,0.000129492990319562,0.000711114668183455,"ENSG00000257735"
1105.4967754396,0.0161178121081544,0.0042114182100053,3.82716968594154,0.000129625159225506,0.000711639563109037,"FNDC3B"
1293.61602266165,-0.00658190424171789,0.00171990997737098,-3.82688880715656,0.000129773099811959,0.000712180967949713,"UQCRC1"
31.2629234810934,0.0222502945937471,0.00581426830789506,3.82684345053942,0.000129797004338169,0.000712180967949713,"BCL2L2"
121.783675293377,-0.0320818372950866,0.00838573567755741,-3.82576300144382,0.000130367667122098,0.000715110404171438,"TIMP2"
26.3807520213246,0.0273532238225646,0.00715058611034386,3.82531213532218,0.000130606500380751,0.000716218505471098,"ENSG00000260517"
1072.7695303292,-0.0233063007773037,0.00609345022384074,-3.82481187523571,0.000130871981183616,0.000717472070462944,"DEAF1"
240.775629755829,0.0196725584217287,0.00514522633839257,3.8234583141535,0.000131592848138923,0.000721220763355928,"SAV1"
1137.52393039307,-0.00596646690396885,0.00156109922836926,-3.82196518680076,0.00013239238346865,0.000725398380520761,"GMPS"
61.5770414095595,0.0245038367863132,0.00641312391888289,3.8208893350967,0.000132971312174505,0.000728365247284231,"ENSG00000289021"
1065.09843781317,0.0144630427711773,0.00378622280580703,3.81991327847768,0.000133498602864072,0.000731047670132054,"PPP1R11"
42.2304264835861,0.0210365112608234,0.00550718916938498,3.81982725012743,0.000133545171925765,0.000731096858746992,"TXNDC11-AS1"
7.00279744017893,-0.0562993741459271,0.0147408468725295,-3.81927677783864,0.000133843517339213,0.000732149033276475,"ENSG00000291126"
563.259430360886,-0.00887320288550507,0.00232327542520125,-3.81926429783349,0.000133850288536895,0.000732149033276475,"ZNF875"
9.19990567337713,-0.0440476658280355,0.0115327070036416,-3.81936919182348,0.000133793386908748,0.000732149033276475,"TMPRSS3"
886.281586777796,0.00927703149818281,0.00242987755579048,3.81790081400411,0.000134592012348845,0.000735792364305055,"EBAG9"
2236.45537149604,0.00518238730337632,0.00135737228805947,3.8179557288481,0.000134562064440633,0.000735792364305055,"UFM1"
144.570685475283,0.0227078182305618,0.00594919848153626,3.81695421678014,0.000135109228927119,0.000738412366356109,"FAM234B"
1569.65686049174,-0.00968978178524241,0.00254019642290805,-3.81457973007828,0.000136414890157982,0.000745129466010366,"SREK1IP1"
253.954639810378,0.0111721231651644,0.00292876384038928,3.814620698021,0.00013639226264834,0.000745129466010366,"VPS33B"
11.0423472869355,-0.0742966861628491,0.0194812573971235,-3.81375209250197,0.000136872770946145,0.000747420625399624,"CA8"
37.686792549303,0.0207820416689362,0.00544968196256884,3.81344119008737,0.000137045147852115,0.000748151886295675,"ENSG00000228395"
106.086088469985,0.0168733388670971,0.0044257343799513,3.81255118778339,0.000137539732569774,0.000750641228455294,"ENSG00000290576"
266.891494843372,-0.0155282714816063,0.00407324699470747,-3.81225874634727,0.000137702612382945,0.000751319358614493,"CANT1"
11.0447707364549,0.0379757654440626,0.00996208916169911,3.8120282631144,0.000137831111627239,0.000751809577190527,"SOD1-DT"
2337.56319809618,-0.00979755347638817,0.00257029257133056,-3.81184367323455,0.000137934105812342,0.000752160440750171,"TMEM87A"
375.184310458183,0.0263090566995391,0.00690215206037445,3.81171792064399,0.000138004312524618,0.000752332366288212,"C2orf81"
75.8505716454051,-0.020231821617044,0.00530873643861859,-3.81104276902257,0.000138381820391059,0.000754178982467496,"SPINDOC"
223.673316489166,-0.0413458680667454,0.0108520540851581,-3.80995779621964,0.000138990516161388,0.000757284182032259,"HEMGN"
44.9343114358691,0.0324203416228319,0.00850954847864889,3.80987800988231,0.000139035377617803,0.000757316474389217,"ENSG00000269194"
14.0558447943262,0.0534118950645138,0.0140215444924677,3.80927330032767,0.000139375831291989,0.000758958369109878,"ENSG00000253766"
1154.03170104774,0.00542264195312734,0.00142378980916862,3.80859725094797,0.00013975737916795,0.000760823056869799,"KAT8"
854.979012878957,-0.0121029259472975,0.00317797923173787,-3.80837163013148,0.00013988493355964,0.000761304376795902,"FOXK1"
36.9497643524969,-0.0668799231971263,0.0175617203090213,-3.80827857523564,0.000139937573938503,0.000761377832357431,"CLDN1"
7.17841195617036,0.061787214079627,0.0162259487564578,3.80792611926845,0.000140137124561064,0.00076225033832138,"SLC16A14"
80.8369518837215,0.0271562628286921,0.00713210151857726,3.80761024754865,0.000140316189923835,0.000763010961758039,"ZNF90"
351.845429097223,-0.0116377961966001,0.00305657101865916,-3.80746795201417,0.000140396926609337,0.000763236618076641,"ZNF512B"
204.354311000284,-0.0177929464468729,0.00467464539209239,-3.80626656237312,0.000141080326227385,0.000766737475677246,"MUL1"
10.9117328157356,0.0363474533929593,0.00954970127560141,3.80613511815533,0.00014115528693518,0.00076693058273078,"PCF11-AS1"
16.3133121183531,0.0321481116824363,0.00844773029419914,3.80553244041322,0.000141499465766972,0.000768585900204794,"PPM1L-DT"
124.569199154084,-0.0277227567165807,0.00728767147931601,-3.80406235314858,0.00014234232551044,0.000772732507257485,"FURIN"
87.5057364806974,0.027783548731686,0.00730355044429068,3.80411540162702,0.000142311828641598,0.000772732507257485,"A1BG-AS1"
1663.1764562658,-0.0108010778961558,0.00283982573558865,-3.80342982345601,0.000142706433013822,0.000774492976716476,"PPP4C"
1730.50391831757,0.0050351820083687,0.00132397914894499,3.80306745191643,0.00014291542249845,0.000775259810839882,"USP48"
557.001262746389,0.00752216766119675,0.00197798732003597,3.80294028429866,0.000142988831808403,0.000775259810839882,"MSTO1"
14.7300725820163,0.0558269292534941,0.014680060938057,3.80290854983897,0.000143007156510899,0.000775259810839882,"CD14"
477.300498936245,0.025022435650033,0.00657976712719171,3.80293636025881,0.000142991097580728,0.000775259810839882,"ADAMTS17"
22.1121924135251,0.0347520364280717,0.00913888128914986,3.80265760420054,0.00014315214012531,0.000775829556304653,"CLDN7"
587.545565592211,0.0120030784239456,0.00315695986857169,3.80210041421152,0.000143474551183861,0.000777360305035455,"TMEM128"
1296.70785705734,-0.0143264192668074,0.00376859491126913,-3.80152805067149,0.000143806454174705,0.000778941615191362,"DENND5A"
23.6473301994776,-0.0449703131190145,0.0118337539447311,-3.80017307517513,0.000144595063544885,0.00078277722822476,"ENPP5"
2309.57833914565,0.00846790574053686,0.00222828543910838,3.80018896678029,0.000144585790915136,0.00078277722822476,"NSMCE2"
118.614279261072,0.0337524537281827,0.0088825647141449,3.799854525623,0.000144781052926527,0.000783130217039452,"ENSG00000289005"
457.729065142968,-0.052777892084939,0.0138894112150831,-3.79986532673361,0.000144774742866688,0.000783130217039452,"HDGFL3"
182.691569674747,-0.0116459284314964,0.00306478798353277,-3.79991323839378,0.000144746755770598,0.000783130217039452,"FAAP100"
9.8605332909185,0.0403777340779396,0.0106267542541728,3.79962998222948,0.000144912290908921,0.000783622176944515,"ENSG00000228679"
475.908712618092,-0.0160208604483654,0.00421705719403233,-3.79906169426323,0.000145244936616007,0.000785202685413552,"ITGA5"
256.531948092433,0.0197103476150603,0.00518850848190032,3.7988465632885,0.000145371050424768,0.000785666102198434,"RTL8A"
512.346857908198,0.0310876959132132,0.00818369059418006,3.79873793558637,0.000145434769190508,0.000785792137645716,"TENT5C"
658.336149955116,-0.0331392475538014,0.00872402136917429,-3.79862063049233,0.000145503607469336,0.0007859457564249,"BTG3"
15.3732296863434,0.0459639499156327,0.0121031953958056,3.7976706491545,0.000146062217505812,0.000788744084593434,"ENSG00000286703"
906.729628957252,-0.0825042267166966,0.0217256242392427,-3.79755379215619,0.000146131071318148,0.000788896882655927,"IFI44L"
3.75979101142414,0.0697079122320688,0.018357630808944,3.7972172421131,0.000146329542212478,0.000789749146940875,"KL"
5.79433611890971,-0.0657313478776596,0.0173111644934525,-3.79704946495776,0.000146428578837589,0.000789997238996728,"CREB5"
33.9100177193739,0.0262571723283225,0.00691523835588372,3.79700177738371,0.000146456739695759,0.000789997238996728,"ENSG00000285710"
23.8975844667566,0.0248611468187083,0.00654830645525166,3.79657656351285,0.000146708066045529,0.000790922692800355,"GLCCI1-DT"
5.91575614176611,0.0487414084052924,0.0128384938378005,3.79650518363629,0.00014675029552807,0.000790922692800355,"MISFA"
1796.44091059881,-0.0099293315668545,0.00261535249347296,-3.79655575744943,0.000146720374065447,0.000790922692800355,"SMC1A"
1080.5390926076,-0.00769260525883284,0.0020263603649122,-3.79626713591299,0.000146891211136949,0.000791462866433459,"SMARCD1"
71.2867773958848,0.0228171473092934,0.00601087641535927,3.79597678152057,0.000147063262874349,0.000792170458645516,"LY6G5C"
789.777162494728,-0.0120566388869107,0.00317676970239139,-3.79525115649231,0.000147494067598411,0.00079427107111204,"CCDC137"
906.129662967213,-0.0089723143423816,0.00236472505672318,-3.79423151832062,0.000148101436715943,0.000797321075439192,"MAP4K3"
83.0750907989627,-0.0488509902253124,0.0128773294237768,-3.79356531293777,0.000148499547208254,0.000799243135790741,"ENSG00000179253"
78.6381786203095,-0.020107742215009,0.00530079133360951,-3.79334724751689,0.000148630077300412,0.000799503217248425,"PIGW"
318.915813374006,-0.0187285761445709,0.00493714804721477,-3.79339974525098,0.000148598643219148,0.000799503217248425,"ADAMTS10"
484.885513114545,-0.0132230320215058,0.00348618851082428,-3.79297676544155,0.000148852088995954,0.000800476080470088,"CEBPG"
53.1839575448,0.0217996817489487,0.00574878160192394,3.79205251798972,0.000149407306862842,0.000803239780483455,"ENSG00000283064"
9883.24474037696,-0.0104246493051723,0.00274950318204999,-3.79146653592881,0.00014976032983753,0.000804915218477424,"CDC42"
4.15469672595536,0.0516141265856779,0.0136144664847994,3.79112370237241,0.000149967232762685,0.000805804597919056,"ENSG00000249094"
61.2176806226567,0.0245944084687936,0.00648808069344885,3.79070631683528,0.00015021949169332,0.00080693712591184,"ENSG00000272008"
2258.0697015043,-0.00725663513372957,0.0019162674966128,-3.78685916582961,0.000152563512404423,0.000819302285968645,"CLINT1"
3110.4508204506,-0.00651080802428644,0.00171951524043132,-3.78642065577348,0.000152832866235047,0.000820522241550621,"ATP5PF"
9.12806094945393,0.0410377727978719,0.0108448316098977,3.78408575384594,0.00015427462816893,0.000828034159082188,"ENSG00000228809"
114.846504848083,-0.0268476059584523,0.00709696946908208,-3.78296765618251,0.000154969558405513,0.000831534587736727,"DCHS1"
1087.74977035097,0.0117183109812225,0.0030980105280826,3.78252781099331,0.000155243741647142,0.000832686793951799,"GARS1-DT"
14.1989905180608,0.0373947243448396,0.00988628262377883,3.78248587137257,0.000155269909087614,0.000832686793951799,"KRTAP5-AS1"
7.75013456262183,0.0581285123250971,0.0153685777695017,3.782296136761,0.000155388342325331,0.00083309223995866,"ENSG00000261000"
1814.23666392589,0.0123681893997703,0.00327020077593548,3.78208869950264,0.000155517922931753,0.00083355721106242,"GPHN"
202.390027024638,0.0186449375065534,0.00492992497152205,3.78199214273174,0.000155578274093217,0.000833650966773322,"LINC03011"
399.689649785696,0.0187039159151973,0.00494774473808518,3.78029120443991,0.000156645037687444,0.000839135948239735,"NBPF9"
405.676388475315,-0.00826397068268312,0.00218642111939698,-3.77967931674679,0.00015703047116097,0.000840969078896482,"TTI1"
1069.0712380938,-0.0194173705789766,0.00513839419250752,-3.77887913062212,0.000157535862426178,0.000842979383783104,"FLNB"
694.683920827126,-0.0135796364766595,0.00359350057885934,-3.7789437287276,0.000157495006036974,0.000842979383783104,"APIP"
756.84875090751,-0.00662022963872594,0.00175186783014454,-3.77895496727042,0.000157487899009836,0.000842979383783104,"BLTP2"
317.272518780723,-0.00772230927116669,0.00204370961362818,-3.77857461728985,0.000157728592466315,0.000843778562173349,"ZBTB17"
7.16630390745361,0.0636464262616684,0.0168468571972621,3.77794062811976,0.000158130563764821,0.000845696341982275,"PTCSC1"
997.305669773588,-0.00859007479914444,0.00227389466962843,-3.77769248236469,0.000158288159212774,0.000846306482915795,"CALCOCO1"
1519.05375443444,-0.0064072482803056,0.0016961600858176,-3.77750209657665,0.000158409171947119,0.000846720748431827,"UBA3"
293.792076247243,0.00905689803239053,0.00239777832877251,3.77720405748558,0.000158598785960467,0.000847501369702483,"ZNF25"
182.902065109948,0.014394503503842,0.00381245460496613,3.77565243271136,0.000159589393086498,0.000852560638540366,"DET1"
1399.21747060502,-0.00968022693457149,0.00256447654224362,-3.77473795338459,0.000160175950102188,0.000855360244142934,"SSBP3"
1194.66747034992,-0.00435885361878418,0.00115475548312287,-3.77469835172058,0.000160201396813157,0.000855360244142934,"CPSF7"
802.313459216588,-0.0167413471947133,0.00443579792060807,-3.77414559778196,0.000160556975447497,0.0008567884031356,"PPP1R14B"
6.7480500299375,-0.0614091838840703,0.0162709097428697,-3.77417027409801,0.000160541085704875,0.0008567884031356,"CAMSAP3"
8.68480251087987,0.0421355027791216,0.0111696897895104,3.77230734005625,0.000161744849301849,0.000862890582493215,"ENSG00000249426"
711.773968411346,0.00876789290499063,0.00232479486382815,3.77146949238906,0.000162289001782872,0.000865556175946984,"SRP68"
3305.32867753639,-0.0214713327584072,0.00569386344858667,-3.77096025436592,0.000162620575047553,0.000867086843544393,"LDLRAD4"
6.1567231505026,0.0458298401206196,0.0121553323458594,3.77034858583945,0.000163019685126864,0.000868976677282166,"ENSG00000274501"
476.571736015273,0.0110797514347967,0.0029395050991661,3.76925742974214,0.000163733947436881,0.000872544934683498,"TUT1"
2783.05933194491,-0.00844709551885148,0.00224127891203056,-3.76887297404613,0.000163986309879102,0.00087365042822745,"KIF5B"
307.809108253767,0.021288107396436,0.00565088504061423,3.7672165056329,0.000165077831525656,0.000879224781217289,"MYO1D"
240.256644725181,-0.0151134227443094,0.00401232551678168,-3.76674890436907,0.000165387189973203,0.000880631325532105,"MTPAP"
14.0962396753761,0.0417193029720617,0.0110778872413005,3.76599816041855,0.000165885012724283,0.000883040334564866,"NIBAN2"
901.810434832505,0.00969898064412712,0.00257557564994623,3.76575257819726,0.000166048165512966,0.00088366699518268,"TXLNG"
287.096806930463,-0.0174070705836529,0.0046232856929774,-3.76508650765268,0.00016649143042663,0.000885783592239709,"ENSG00000274104"
90.4763965904316,0.0240237115593659,0.00638146741498371,3.76460616298974,0.000166811786780715,0.000887245300703221,"DLG3"
544.649681077116,0.0106327573740547,0.00282475913016785,3.76412886341318,0.000167130686597975,0.000888698465012905,"C8orf44"
28.5671889504261,0.0271645793315028,0.00721715810950652,3.76388862753628,0.000167291413120224,0.000888824167331732,"KCNA2"
2169.82487629978,-0.00920073463022925,0.00244441108054638,-3.76398826836142,0.000167224732151653,0.000888824167331732,"GNL3"
1119.13510956121,-0.00662928225648276,0.00176127336158283,-3.76391445023907,0.000167274129822465,0.000888824167331732,"ZNF32"
14.4173684858043,0.030760111385074,0.0081733453479207,3.76346649697109,0.000167574186073431,0.000890083422532581,"HEXA-AS1"
12.1924966405748,0.0429755702232056,0.0114203913601298,3.76305582427232,0.000167849715182257,0.000891303524436279,"WFDC3"
2521.27018592559,-0.00445993792968116,0.00118526587253579,-3.7628164558045,0.000168010509148363,0.000891913868298257,"WAPL"
194.667263388411,-0.0184975893461355,0.00491600661943515,-3.76272669629987,0.000168070841766412,0.000891990707557566,"HPS6"
16.4134130465469,-0.038469939560284,0.0102251865978455,-3.76227261890652,0.000168376366231056,0.000893368439596362,"CTIF"
35.9064161282978,-0.0306545206412505,0.00814803579683432,-3.76219759038864,0.00016842689918707,0.000893392859582137,"ENSG00000287975"
13.5357184937279,0.0353297614635832,0.00939102621230687,3.76207675975644,0.000168508310618915,0.000893581011409081,"ENSG00000259649"
565.866147191733,0.0106481587631675,0.00283048147478723,3.76196023821989,0.000168586853792801,0.000893753854762544,"ANXA2R-OT1"
347.748243755486,-0.0124601083305535,0.00331343136522737,-3.76048481381431,0.000169584370236627,0.000898797162254123,"POP7"
1901.64799207555,-0.0118576007039443,0.00315329335335991,-3.76038616619977,0.000169651262308001,0.000898906756511283,"JAK3"
1699.28092629166,-0.0141894981500805,0.00377374953732471,-3.7600529684701,0.000169877384264983,0.000899859749819767,"UBE2E2"
6.29914014897575,-0.117014021404581,0.0311237452328923,-3.75963819678481,0.00017015926183585,0.000901107487603899,"GALNT18"
52.6232378944601,-0.0571954244242141,0.0152137008076065,-3.75946820221531,0.000170274916683536,0.000901474524880637,"LY86-AS1"
601.048459866029,0.0109974064997517,0.00292612058138453,3.7583572494296,0.000171032569650039,0.000905239323064735,"ZNF66"
2094.69157350558,-0.00732127796416149,0.00194825115259715,-3.75787174790157,0.000171364669008874,0.000906750320155498,"TRIM33"
65.745021577279,-0.0375493741374659,0.00999862895255816,-3.75545230407403,0.000173028711747282,0.000915306356322107,"ENSG00000254787"
11.2658539350107,-0.206722506220759,0.0550571555656325,-3.75468917885395,0.000173556718060658,0.000917849843120678,"KLHL4"
172.624757445964,0.0436360048424844,0.0116237979294992,3.75402300583217,0.000174018881578735,0.000920043834082079,"ZNF595"
1531.47605412297,-0.00831101836735145,0.0022139648761052,-3.75390705473709,0.000174099441858198,0.000920219631408641,"ETFB"
1271.36043927941,-0.0415966934660937,0.0110824534133626,-3.75338311063314,0.00017446390425395,0.000921895517968916,"EPSTI1"
124.485772898996,0.0165260412791331,0.00440368042294082,3.752779423557,0.000174884726532836,0.000923868228079899,"C11orf24"
279.500050819986,0.018904317368644,0.0050401037650356,3.75077939858853,0.000176285747727871,0.000931016584049639,"ENSG00000272368"
66.5567927124408,0.0211278816720957,0.00563500569057412,3.74939846244292,0.000177259248273668,0.000935903810578479,"ENSG00000272529"
21.879200751532,0.0363297922576195,0.0096898368999886,3.7492676742229,0.000177351709934483,0.000936137886006954,"ENSG00000287055"
30.3602856646773,-0.0195287283590381,0.00520895549586578,-3.74906799924429,0.000177492959056145,0.000936629285567302,"ENSG00000272742"
2124.52051304845,-0.00750621390582743,0.00200220388907762,-3.74897578951633,0.000177558223473866,0.000936719556493128,"SMAP1"
124.939846265819,0.0112750771678967,0.003007954081333,3.74842064174732,0.000177951624402623,0.000938540413843663,"ANKRD23"
491.228166083847,-0.0123140190386694,0.00328523295452986,-3.74829402027341,0.00017804146839157,0.000938759718537392,"NUFIP1"
40.8744472523537,0.0299465267943379,0.00798980758704524,3.74809111084146,0.000178185531279494,0.000939264707023694,"FRMD6-AS2"
215.427257001962,0.0113687345481653,0.0030335655601011,3.74764755299583,0.000178500832990082,0.00094067182402874,"ATP1A1-AS1"
552.827972012762,-0.00932017583871198,0.00248799168005989,-3.74606390905922,0.000179630846778652,0.000946370422722523,"SIPA1L3"
225.09379217941,0.014528316282639,0.00387900243505982,3.74537436515297,0.000180124971832721,0.0009487167146272,"ENSG00000236449"
3249.12778502128,-0.00627081190887296,0.00167455983327174,-3.74475237270029,0.000180571785777202,0.000950812616446224,"NDUFB4"
105.538040096447,0.0154903602313028,0.00413797623476317,3.74346283121884,0.000181501461606061,0.000955190727732545,"ZNF451-AS1"
11.7087243138208,0.0447045090442267,0.0119418583868719,3.74351358021227,0.000181464789964812,0.000955190727732545,"ENSG00000226149"
787.975693179549,0.00845786008981663,0.00225990691840329,3.74257011248606,0.000182147687915377,0.000958332344506897,"ZNF512"
1307.21371950353,0.00850392808488391,0.0022725769798826,3.74197580991216,0.000182579093738906,0.000960342334320029,"TRIM4"
55.2098644469363,-0.0398007946121733,0.0106366693569531,-3.74184749722956,0.000182672362258611,0.000960573159851918,"NINL"
800.827041719578,-0.0355621930752064,0.00950682842972836,-3.74069999664678,0.000183508456607689,0.000964708916074635,"IRF7"
14.2410499247409,0.0414501168963501,0.0110815650098416,3.74045695346622,0.000183686004328003,0.000965381375353686,"LINC02641"
33.2759354574741,0.028368194682931,0.00758463368617238,3.74021948280104,0.000183859637187069,0.000966032901924819,"GAR1-DT"
3.59249170104347,0.0632491628450535,0.0169114143067033,3.74002798926066,0.000183999765040147,0.000966508082580584,"FHIP1A-DT"
117.632474073573,0.0195827719493682,0.00523611380156108,3.73994391480374,0.000184061319312785,0.000966570389296159,"MCM3AP-AS1"
148.750896407499,-0.0283581479027271,0.00758480239047913,-3.73881169776076,0.000184892148651511,0.000970671304566947,"ZNF713"
2180.36758917046,-0.0135996259037708,0.00363839452453991,-3.73780957838555,0.000185630451177467,0.000974284378265764,"TCP11L2"
26.0850348838522,0.0364203159023668,0.00974433956287874,3.73758690030782,0.000185794883162486,0.000974884346477886,"ENSG00000288865"
30.7109607274191,0.0241198113346447,0.00645343410720941,3.73751570620353,0.000185847483843512,0.000974897359288068,"CCDC15-DT"
989.435372781326,-0.00697535469646078,0.00186686978123045,-3.73639059702564,0.000186680614548347,0.000979003675810162,"RPS6KB2"
541.776340653098,-0.0118202410047352,0.00316389090643351,-3.73598248305582,0.000186983685080702,0.000980328748923109,"TAF1B"
943.102773097024,0.0168490557012277,0.00451050253830382,3.73551628851622,0.000187330452856162,0.000981882144571601,"HAGH"
425.396436124797,0.0101251686994708,0.00271103315308899,3.73480076698215,0.000187863852681337,0.000984412661235096,"LTBP4"
15.1335327952185,0.0294992159310708,0.00789882134814239,3.73463516022024,0.000187987510828561,0.000984795333457137,"R3HDM2-DT"
80.6898923346714,0.023980092936424,0.00642150941833015,3.73433898079679,0.0001882088580408,0.000985689417811419,"PILRA"
2317.13818867658,-0.00822121379770667,0.00220200757323298,-3.73350841188812,0.000188830884176969,0.000988680895861701,"NHP2"
867.88307795019,-0.00890920247326158,0.00238652287473389,-3.7331309779526,0.000189114188475279,0.000989897761042157,"EMC7"
26.1402447815199,0.0351106523010461,0.00940745599073633,3.7322154188784,0.000189803073692397,0.000993236369758089,"LINC01220"
375.874711233606,-0.0237124237536828,0.0063543108759988,-3.73170658729466,0.000190186947812489,0.000994977493787177,"DCTPP1"
15.472315149865,0.0753383623091228,0.0202015291435171,3.72933958483533,0.000191982279992669,0.00100409984623216,"GRTP1"
109.661470615814,-0.018110837654675,0.00485699623612195,-3.72881443061104,0.000192382753810185,0.00100592390977471,"SLC27A4"
467.197271093277,-0.013245571072623,0.0035532986745656,-3.72768300267983,0.000193248231102446,0.00101017773264544,"PIK3CG"
287.56841887163,-0.0218097547180645,0.00585288994200233,-3.72632236966396,0.00019429388293444,0.00101537085356201,"CENPF"
277.788168244558,0.0150921309379278,0.00405059466161337,3.72590500870223,0.000194615690540584,0.00101659575105619,"ERVK13-1"
29.6217779557403,-0.0385377398532674,0.0103432505869883,-3.72588283820054,0.000194632799184271,0.00101659575105619,"FSD1"
1002.86522816517,-0.00835459911133476,0.00224257701879816,-3.72544578906464,0.000194970352127834,0.00101808545482913,"DNAJC10"
859.636361339818,-0.0127901839793867,0.00343327115431141,-3.72536377248418,0.000195033758538267,0.00101814321989475,"NDUFAF6"
2265.81314238106,-0.0111431470187118,0.00299191431887631,-3.72442049841082,0.000195764391020856,0.00102168316870048,"SNRPB2"
7.98732598821322,0.0407548085700721,0.0109429442285475,3.72430012608058,0.000195857812730687,0.00102189654383707,"VEPH1"
1322.90117715629,0.00963541540794214,0.00258821864254696,3.72279808573681,0.000197027083846402,0.00102772158967454,"ZRSR2"
2856.34949389018,-0.0134741521287749,0.00361949743583984,-3.72265828823512,0.000197136242931967,0.00102801529792753,"CCT3"
23.4153312386276,-0.0479927338563028,0.0128932701802128,-3.72230886233634,0.000197409336240457,0.00102916349483064,"CALN1"
12.0562457248018,0.0334355276987139,0.00898349886412765,3.72188255427143,0.000197742998083714,0.00103062675662549,"ENSG00000289059"
263.522451194685,-0.0158474788866377,0.0042593199141285,-3.72065944942769,0.000198703238465947,0.0010353540560946,"ATG9A"
53.9576326686094,0.0245978610179438,0.0066124751925277,3.7199173232045,0.000199288003855409,0.00103812291456657,"GPR135"
1280.84092156759,-0.0203540756876403,0.00547241791140541,-3.71939351437673,0.000199701716915135,0.00103999949015162,"MARCHF3"
792.268327923807,0.00666850316383388,0.00179300825769429,3.71917035809372,0.00019987821450816,0.00104064002954984,"USP20"
1401.63831799406,-0.00772108343081107,0.00207611876368322,-3.71899891560789,0.000200013910431515,0.00104106785437608,"AFG3L2"
4557.34647756366,-0.00544697450897457,0.00146531606576753,-3.71726935657494,0.000201387697595864,0.00104793796306505,"SLTM"
11323.6119480665,-0.0102982716175293,0.00277149753449302,-3.71577874032391,0.000202578799962602,0.00105385403532297,"YBX1"
2773.36283616677,-0.0159370741344165,0.00428929850846623,-3.71554325327553,0.000202767574154715,0.0010543192198447,"SLC38A2"
1.46751164226414,-0.124337466983543,0.0334642436677893,-3.7155319635454,0.000202776628524961,0.0010543192198447,"LINC01535"
6.66255216962383,0.0415224483218465,0.0111772712146416,3.71490031193432,0.000203283819017513,0.00105667385454561,"LINC01126"
2323.49381368898,-0.038151823744426,0.0102722296944905,-3.71407424474637,0.000203948915775817,0.0010598478121174,"AOAH"
748.628997715406,-0.00906853058858587,0.00244178985650932,-3.71388658381515,0.00020410029308605,0.00106035117543183,"SIRT2"
306.185160979302,-0.0159489177204527,0.00429463897352206,-3.71368066530931,0.000204266519372541,0.00106093139340863,"BUD13"
166.134063896119,0.0241008477699483,0.00649251313857381,3.71209842098871,0.000205548024381436,0.00106730235511034,"FOXP1-AS1"
56.3127537763058,0.0176800343570966,0.00476373086707391,3.71138396572694,0.000206129153655928,0.00107003420543407,"ACSF2"
290.156181046021,-0.0117969261928568,0.00317975244061079,-3.71001403825976,0.000207247755081596,0.00107555391784742,"HSPA14"
24.4714828139532,-0.0272791341551805,0.00735587809136636,-3.70848100204355,0.000208506300742396,0.00108179676066694,"LINC00926"
3.73214698801887,0.0615000998236556,0.0165840387657835,3.70839098317496,0.000208580424379766,0.00108189275589622,"ENSG00000251309"
2255.79655433352,0.00785704720516809,0.00211911517340206,3.70770182941698,0.000209148710207623,0.00108455120294547,"R3HDM2"
620.718819859212,0.0110506687341829,0.00298057024931397,3.7075686227246,0.000209258721877607,0.00108483246248437,"CCNB1IP1"
328.495812908942,0.0296944286271117,0.00800971890948954,3.70729971459187,0.000209480971175326,0.00108569527586764,"HOTAIRM1"
71.1113798398689,0.026282877206679,0.00709061631452777,3.70671265244302,0.000209966941410054,0.00108792407495124,"ENSG00000273702"
205.892190409915,-0.0148841463884018,0.00401598840428291,-3.70622245137172,0.000210373540984153,0.00108974054478902,"SIAE"
514.672260217401,0.0217629842033602,0.00587228208671679,3.70605224374157,0.000210514893370682,0.00109018242570637,"BCL2A1"
305.197402495549,-0.0170304360474442,0.00459651862033206,-3.70507278532768,0.00021133003953566,0.00109411248310038,"NUDT15"
1683.09718525215,0.0102229688469357,0.00275926184195447,3.70496510751384,0.000211419834132005,0.0010942861079568,"TARS3"
162.579475899184,-0.0217943780113057,0.00588270293712294,-3.70482382745724,0.000211537704632311,0.0010946049196071,"PDXP"
700.282040588364,-0.0101021260136457,0.00272758243139034,-3.70369228712779,0.000212483982102031,0.00109920902549644,"TSEN15"
193.299652606859,0.0295220994673967,0.00797210517850896,3.70317485862853,0.00021291801715747,0.00110094020472683,"H2AC25"
9.15582831157813,-0.0521348249615357,0.0140784755166414,-3.70315840659808,0.000212931831277689,0.00110094020472683,"ENSG00000251148"
36.5498224908341,0.0259368919441598,0.00700437358879246,3.70295667633445,0.000213101284658011,0.00110151195753264,"ENSG00000286861"
206.12912480889,0.02153339725742,0.00581529180251933,3.70289195945269,0.000213155673649316,0.00110151195753264,"CBR3-AS1"
27.2664062775817,-0.0283772490749269,0.00766389389825448,-3.70271945980228,0.000213300708503951,0.00110196868024179,"ENSG00000287665"
4.26094491815923,0.0544356293399861,0.0147054613184208,3.70172877689986,0.000214135454298184,0.00110575424889152,"ADAM21"
432.526769711051,-0.0144062300677919,0.00389177188966644,-3.70171491963437,0.000214147152103971,0.00110575424889152,"GSK3A"
260.173138776114,-0.0250579582293858,0.00676955665817282,-3.70156562603454,0.000214273218461978,0.00110611156377493,"ISOC2"
821.154807102405,-0.00697848761807488,0.00188542741001069,-3.7012762098517,0.000214517805516314,0.00110708034892486,"ALG5"
3.25971232775559,0.0867431066963872,0.0234422008236002,3.70029705611341,0.000215347238444569,0.00111106608355048,"ZNF365"
719.714490033176,-0.00677185072848927,0.00183035264798945,-3.69975192262966,0.000215810320452557,0.00111316004856078,"ADAM17"
242.044797756108,-0.0162232483424972,0.00438629988905921,-3.69861814121806,0.000216776445584959,0.00111784693612753,"SLC2A1"
266.855853243167,0.0143675611872725,0.00388470162735901,3.69849799688224,0.000216879061378847,0.00111807967741319,"EEF1AKMT1"
32.687376844029,0.0272381971449149,0.00736557025649459,3.69804321951822,0.00021726790189649,0.00111978748272089,"SPART-AS1"
126.208051169954,0.0155873206848813,0.00421595127058625,3.69722505893998,0.000217969088318725,0.00112310377136093,"SLC9A7"
1168.64539344491,0.00872046248862194,0.00235873934828816,3.69708611294875,0.00021808837975322,0.00112342083542899,"ECHDC2"
27.7969588385103,0.0389539863387152,0.0105374007313391,3.69673578256,0.000218389426449656,0.00112467374473716,"PLEK2"
2428.68395382568,-0.020982278712283,0.00567637975502023,-3.69641912941538,0.000218661869207481,0.00112577872365133,"KDM7A"
13.1996562122723,-0.0442355566258921,0.0119746737144859,-3.69409285635733,0.00022067315817585,0.00113583318329676,"SH3PXD2B"
507.527003538907,0.012541787428251,0.00339563499204758,3.69350282277785,0.000221186053777862,0.00113817193969132,"SORBS3"
233.215047974004,-0.0131135011063938,0.00355092671155907,-3.69297993780228,0.000221641514567823,0.00114021399097031,"CHD1L"
251.5719452769,-0.0223416242202457,0.00605219115133199,-3.69149348749976,0.000222941106151323,0.00114659636587768,"ATG2A"
7908.75382739449,0.00566841564873881,0.00153562435917126,3.69127750213465,0.000223130534560747,0.00114726725554879,"GPSM3"
8.8194917762719,0.0358620669977162,0.00971793516960329,3.69029699949935,0.000223992378750429,0.00115109002881759,"ENSG00000287284"
599.700714093681,-0.010065394218136,0.0027275190145904,-3.69031129179773,0.000223979793665209,0.00115109002881759,"RANGAP1"
46.205631905746,0.0247171639631263,0.00669812895279437,3.69015946652007,0.000224113517365381,0.00115140835347967,"TTYH2"
17.6012011851042,-0.0436083575619853,0.0118184118519961,-3.68986612652359,0.00022437209580416,0.00115243243609367,"FARP1"
501.419817348616,0.0142427541720184,0.00386095754604965,3.68891758123343,0.00022521015422352,0.00115643154957806,"DSE"
29.5313865222854,0.0228086859702555,0.00618635989115812,3.68693163209836,0.000226974304241864,0.00116518268456281,"SLC2A6"
28.3594712905698,0.0301581578924554,0.00818273155226196,3.68558563846797,0.000228177337415629,0.00117104944329061,"ANKRD24"
46.4454280729996,0.0208808878582622,0.00566574178555402,3.68546408371493,0.000228286275750476,0.00117129948552427,"ENSG00000228863"
41.835096096219,0.137203682869472,0.0372355387541031,3.68475084449672,0.000228926470582801,0.00117427446711658,"VWDE"
1821.56281222863,0.0104834822088399,0.00284563370821556,3.68405890701017,0.00022954915519312,0.00117715808533123,"IRF3"
3964.95947293456,-0.00485519952091971,0.00131802638493956,-3.68368917071591,0.000229882537554676,0.0011785569947222,"TAOK3"
335.610393911848,0.00750844882647672,0.00203848402550736,3.68334935791706,0.000230189339305399,0.00117971076743275,"RPAP1"
944.533168900115,-0.0072811858518675,0.00197680743047821,-3.68330558637475,0.000230228886595791,0.00117971076743275,"CIAO2A"
373.777204408509,-0.0122328295368109,0.00332154774571262,-3.68287029822189,0.000230622513635929,0.0011814165163899,"ZHX3"
1874.48938864338,-0.0124766997894087,0.0033885625632078,-3.68200366871715,0.00023140807989436,0.00118481667860626,"RHOG"
721.775411012577,0.0183122781700081,0.00497342244834886,3.68202748915641,0.000231386454061425,0.00118481667860626,"ENSG00000289340"
2173.30289862152,0.0108781862217659,0.00295457309458287,3.68181320059767,0.000231581068185937,0.00118539035718017,"CTSS"
286.440392034621,0.0170930397815833,0.00464297413667122,3.68148503059252,0.000231879405764696,0.00118660518851068,"SLC35D2"
256.806999976739,0.0192128111621774,0.00521993588482238,3.68066037325116,0.00023263069004798,0.00118982370552807,"GYG1"
40.5389150724589,0.0250724921472918,0.00681183973032927,3.68072255658896,0.000232573959877224,0.00118982370552807,"SLC16A13"
23.5277687436936,0.0324929204678589,0.00883150544546275,3.67920516705929,0.000233961995547968,0.00119631829006402,"FAM86JP"
5.24246131829299,0.0647004302404766,0.0175940637349243,3.67740115161945,0.000235622337439142,0.00120449148108509,"RAB13"
135.616793225351,0.0171753079614272,0.0046708953482103,3.67709115298593,0.000235908758289409,0.00120500558232334,"PARP3"
1827.11610921123,0.009606501569126,0.00261251580433471,3.67710754254071,0.000235893607110446,0.00120500558232334,"SIDT1"
234.608380562294,0.0138802682678285,0.00377471588599774,3.67716900742574,0.000235836794573728,0.00120500558232334,"KIFBP"
101.919972851466,0.0328370051962083,0.00893057608676424,3.6769190337984,0.000236067927507489,0.00120550203674145,"CRPPA"
868.866433292899,0.00937725221529198,0.00255077717095244,3.67623339352319,0.000236702982091411,0.00120842774400526,"STRN3"
7296.50913708567,-0.0128893084184673,0.00350646481076739,-3.67586989006358,0.000237040316575694,0.00120983237935288,"USP3"
1670.2420655481,0.0119904069603021,0.00326220666486959,3.67555099725156,0.000237336623368686,0.0012110269310452,"TPK1"
2.76248761625014,-0.0691460626972133,0.0188207704865376,-3.673923059987,0.000238854682943581,0.00121845330132064,"ENSG00000257258"
5.00133368099441,0.053889105837607,0.0146699107120472,3.67344470565539,0.000239302479559683,0.00122041754848332,"LNCOC1"
1002.88695326814,0.00565506914003144,0.00154025957573069,3.67150396539408,0.000241127336311421,0.00122924161679643,"WBP1"
1036.7148467037,-0.0138029055429775,0.00375950354011536,-3.67147028741831,0.000241159118281588,0.00122924161679643,"CAT"
7.52818992163882,-0.153186444979278,0.0417374388280458,-3.67024065876182,0.00024232221609991,0.00123452316012555,"ENSG00000287352"
23.7322693482458,0.0240908802584252,0.00656375590696331,3.67028887117325,0.000242276513339834,0.00123452316012555,"ENSG00000260816"
91.8430582690333,0.0211088931629276,0.00575254195210332,3.66948965147651,0.000243035175476515,0.00123732573493096,"ENSG00000277855"
350.218892510144,0.00810897195884085,0.00220985417338887,3.66946020985878,0.00024306316555299,0.00123732573493096,"NFXL1"
754.47699273101,0.00639003994827385,0.00174136227983117,3.66956377905084,0.000242964715956667,0.00123732573493096,"ACADSB"
143.399721692376,0.0306925431158906,0.00836499111743541,3.6691662531377,0.000243342795392022,0.00123842509502099,"PDZD2"
17.5514534380924,0.0315082413122758,0.00859052136937264,3.66779150618385,0.000244654550401765,0.00124477521837948,"IRAIN"
381.724235888345,-0.00964327429238596,0.00263031888021364,-3.66619970108062,0.000246181703862292,0.00125221765738113,"TIMM22"
128.312368422655,-0.0923723684994549,0.0252000162349563,-3.66556781702863,0.000246790399385689,0.00125498563619635,"ZNF215"
397.710104580562,0.00841192070803813,0.00229501396264151,3.66530262776973,0.000247046277197666,0.00125595847824668,"CC2D1B"
2052.88243822294,-0.00574285283204161,0.00156726915547756,-3.66424159626349,0.000248072545018842,0.00126084637396433,"NDUFV1"
3640.83409772911,-0.00975607197694223,0.00266370102039185,-3.66260023262935,0.000249668011731044,0.00126862395407015,"NLRP1"
7.07164201682464,-0.0615642425055746,0.0168095407394377,-3.66245833005631,0.000249806397371681,0.00126871430602743,"NT5DC2"
5.97628696025331,-0.0509505142976074,0.0139115998470299,-3.66244823441247,0.000249816245544447,0.00126871430602743,"PLCH1"
199.466992983356,-0.0127427117081205,0.00348021034131357,-3.66147745636285,0.00025076493008999,0.00127319985778658,"VARS1"
42.5743239148234,0.0318258496011768,0.00869296548599239,3.66110387214353,0.000251130911595368,0.00127472530309016,"ENSG00000287244"
2798.88971197454,0.0107843720297145,0.00294619988829574,3.66043460681576,0.000251787809776124,0.00127772624261815,"KCNA3"
3281.08188384382,0.00592474343331437,0.00161893772393302,3.65964875963289,0.000252561192494205,0.00128131657673573,"ORMDL1"
350.989173466974,-0.00877226136729304,0.00239758289172271,-3.65879377834148,0.000253405142909572,0.00128492790269397,"SWT1"
110.917169256091,0.0228583884168723,0.006247424682658,3.65884977858542,0.000253349784334508,0.00128492790269397,"SLFN11"
2346.30287301396,-0.00427425086260922,0.001168602147438,-3.65757573865487,0.000254612036261582,0.00129071115906282,"ZNF131"
973.370775309803,-0.0280495534484107,0.00767043159930709,-3.65684161122623,0.000255342046953324,0.00129407455843906,"PARP9"
2.4274377323968,-0.070186383418604,0.0191969846236502,-3.65611499902627,0.000256066516922615,0.00129740813249851,"ENSG00000254048"
319.761213247075,0.0153159176424756,0.00419009442305341,3.65526789998078,0.000256913551852775,0.00130136080653342,"PTP4A3"
2105.34232945428,0.0167940618481683,0.00459460815179884,3.65516738170441,0.000257014236718321,0.0013015318714939,"EPB41L4A-AS1"
1374.7781729102,-0.0106844444055033,0.00292338659786817,-3.65481746864913,0.000257365018345653,0.00130296901921949,"ZNHIT1"
1127.15884801013,-0.0167636314986201,0.00458715464261353,-3.65447271885934,0.000257711062892119,0.00130438144270481,"LRRC8D"
1018.97348160026,-0.00826417753351235,0.00226147560385639,-3.65432973029638,0.000257854716432292,0.00130442967212601,"SUN1"
62.1034285957665,0.0368368058316097,0.010080166857749,3.65438453067787,0.000257799652326591,0.00130442967212601,"ENSG00000289923"
401.781016934656,-0.00999421480906989,0.00273526135121786,-3.65384273229322,0.000258344542800801,0.00130656778523619,"OAZ2"
608.296441835508,0.010833298252548,0.00296508418837294,3.65362248229877,0.000258566358356882,0.00130734968453333,"RUBCN"
558.585808134528,0.0102603746183635,0.00280842061388545,3.65343231267922,0.00025875802337122,0.00130797877146403,"NIT2"
21.1588137153696,0.0272639920800274,0.00746293298257448,3.65325430949028,0.000258937546981677,0.00130854617467929,"ENSG00000288670"
8.57545273657486,-0.0464343793246937,0.012712064094519,-3.6527804595254,0.000259416013759121,0.00131062360613731,"DEPDC1B"
958.467909560649,-0.0124045105716992,0.00339629723498896,-3.65236306289886,0.000259838163755719,0.00131241550849454,"SS18"
2632.37378037093,-0.00969899480826865,0.00265674179195146,-3.65071036923932,0.000261516011073568,0.00132054723037175,"RTN4"
428.405818086856,-0.0108407062027403,0.00297181540418736,-3.64783969672728,0.000264454543698313,0.00133503901621487,"ZNF420"
274.368102084694,0.011166357993316,0.00306155799400632,3.64727959267035,0.00026503148526402,0.00133760441615736,"ZNF189"
1135.73289193834,-0.0116324106137828,0.00318972245979145,-3.64684099021686,0.000265484096279037,0.00133954115608912,"PIH1D1"
156.720268175377,0.0156483924870841,0.00429106538529065,3.64673829970647,0.000265590171267871,0.00133972884370626,"RENBP"
144.558196591613,0.0201146912342962,0.00551609143010409,3.64654782995804,0.000265787023726049,0.00134037422828503,"LRRCC1"
28.6316891783082,-0.0681153509891185,0.0186810108273969,-3.64623475776926,0.000266110884282426,0.00134165961901956,"ENSG00000251584"
2.91501675167064,0.0706378074321398,0.0193743256506799,3.64594921680079,0.000266406587436805,0.00134280241830352,"IL17D"
88.2216655913226,0.0195778733111916,0.00537082195419021,3.64522851030601,0.000267154313798884,0.00134622242427515,"UEVLD"
489.197495721938,-0.00993576293203536,0.00272690132269026,-3.64360926791186,0.000268841444254255,0.00135437320181029,"TBC1D31"
20.5667470793847,0.0313880256651596,0.00861962080288168,3.64146247067691,0.000271093648893085,0.00136536575987038,"FOXN3-AS1"
1199.53560219071,-0.0106079910859307,0.00291330789618915,-3.64121866411953,0.000271350541597732,0.00136630582050673,"SMURF2"
5.70030183170161,0.0734668007400683,0.0201774891627185,3.64102788744455,0.000271551717184592,0.00136661124216236,"FUT7"
47.8420191845076,0.0225955002689491,0.00620571500124703,3.64107927360643,0.000271497516298784,0.00136661124216236,"PRDM11"
5.94654479493927,0.0491925716419518,0.0135109745411792,3.6409343746464,0.000271650378254295,0.001366754140565,"ENSG00000261770"
2.61652277608241,0.0852564745827031,0.0234178575134991,3.64066074505567,0.000271939265327563,0.00136785380136706,"ENSG00000287600"
2175.99224258187,-0.0100312074168334,0.00275541135387383,-3.6405480447522,0.000272058333459494,0.0013680989255741,"SNRPD3"
69.7168548731305,0.018375221677913,0.00504751026737628,3.64045256067692,0.000272159250841942,0.00136825267204099,"ENSG00000255045"
3.40421604853697,0.062308892149825,0.0171182134328646,3.63991793852744,0.000272724942966831,0.00137074234254466,"TUBA4B"
683.281495753993,0.0383378571322053,0.0105345282637587,3.63925713352505,0.000273425674071562,0.00137390927056728,"CRIP2"
17.9443202487487,-0.0335865419218921,0.00923071037513148,-3.63856524113007,0.000274161179044144,0.00137724924937697,"CR1L"
902.710768000842,-0.0105865177674288,0.00290961393009086,-3.63846132916273,0.000274271800995163,0.00137744921279548,"CDK8"
1016.53414572112,-0.0165966374067241,0.00456182359941077,-3.63815852258466,0.000274594399541696,0.00137833156255846,"ETF1"
23.3484098719815,0.0246912182178535,0.00678685004414738,3.6380969164253,0.00027466007590749,0.00137833156255846,"COL10A1"
4.56981649600204,0.0605103895009776,0.0166318497239797,3.6382236795787,0.000274524953759541,0.00137833156255846,"TEKT1"
578.360341070765,-0.0104819745658648,0.00288140075711774,-3.63780516818837,0.000274971299407834,0.00137953746318849,"PECR"
453.518925350359,0.00794407680911807,0.00218411011856206,3.63721441588676,0.000275602499031143,0.00138234765566136,"ZFP62"
562.982034500181,0.0131236492399037,0.00360886210855661,3.63650614657389,0.000276361051701161,0.00138579500300059,"LINC01588"
1.99374924980946,-0.105124904562804,0.0289088796266686,-3.63642264661912,0.000276450608528503,0.00138588680064121,"DEUP1"
941.661171102958,-0.0100603842668466,0.00276732712506707,-3.63541562387669,0.0002775328222241,0.00139066206557438,"GALNT1"
4939.70415761656,0.00951511274706143,0.00261734726591142,3.63540324625133,0.000277546148710079,0.00139066206557438,"GPX4"
786.882357043175,0.0122756689429369,0.00337718573800669,3.63488119850415,0.000278108762625556,0.00139312221010293,"PPIL3"
29.0346720101389,-0.0248201532129414,0.00682915657372464,-3.63443903284303,0.000278586122928746,0.0013951541393118,"KCTD1"
8.08399601202417,-0.0738771486976495,0.0203277129968622,-3.63430695371651,0.000278728863899504,0.00139550968641165,"NEGR1"
51.892431460554,-0.022729594589274,0.00625721899022122,-3.6325394116453,0.00028064569513346,0.00140467238067297,"GALNT7-DT"
7.83771425450125,0.0616239170456507,0.0169646656378573,3.6324863903085,0.000280703385104921,0.00140467238067297,"LRRD1"
1330.77513014778,0.0119030455632605,0.00327702414231898,3.6322727713679,0.000280935926212515,0.00140547446007192,"CKLF"
2475.99429843042,-0.0126167727272164,0.00347384950773208,-3.63192841230859,0.000281311168351678,0.00140698985230355,"LPP"
42.2476620428048,0.0245410307110914,0.00675727196540766,3.6317956176285,0.000281455997862632,0.00140735234304012,"ENSG00000289253"
2710.42206317598,0.0113715544868139,0.00313144255081495,3.63141086010167,0.000281876019528221,0.00140906958459051,"CD28"
2.83535725265058,0.0785610823312948,0.021634925312001,3.63121578643567,0.000282089196565495,0.00140906958459051,"DNAH8"
22239.2322623542,0.00842159244794938,0.00231919706493608,3.63125349513215,0.000282047976623733,0.00140906958459051,"PFDN5"
145.757239765045,-0.0162999930099855,0.00448872383381185,-3.63132008416376,0.000281975200936874,0.00140906958459051,"RTL10"
472.382063352188,-0.0118892904639331,0.00327485932602152,-3.63047364186383,0.000282901595567888,0.00141276481011322,"CHMP1A"
3.21124974140965,0.0607641738540316,0.0167429567240291,3.62923794498162,0.000284259134224175,0.00141917977920801,"MYLK3"
379.179765425796,0.0134414774482783,0.00370395994095498,3.62894784569747,0.00028457872123498,0.00142041075359035,"TOP1MT"
49.0148550700038,0.0250320818144826,0.00689802330555628,3.62887753573107,0.000284656228667002,0.00142043312052382,"ENSG00000287918"
19.1418719824317,0.0416633556295333,0.0114816169520385,3.62870106219107,0.000284850854518281,0.00142103974640551,"MID1"
43.8412361623701,0.0262904403684371,0.0072454699702779,3.62853486057974,0.000285034265853332,0.00142159012951619,"RNFT1-DT"
316.856114573475,0.0140159723355619,0.00386338606737457,3.62789845258377,0.000285737595670728,0.00142473262583731,"SLC9B1"
1.93806218643402,-0.100736555067828,0.0277716952717795,-3.62731025535168,0.00028638909068741,0.00142761512120985,"CXCL3"
12.4487533405581,0.0460308691299815,0.0126980275061212,3.62504090558884,0.000288915717671827,0.00143984105161022,"MARCHF10"
75.9732045764866,-0.0197797615428067,0.00545714429060006,-3.62456268141514,0.000289450815521154,0.0014421382716962,"ENSG00000272447"
282.814199157483,-0.0126696403729276,0.0034959267642187,-3.62411492786494,0.000289952660423361,0.00144426868063887,"ENSG00000291078"
74.4204238854819,0.0198802584108283,0.00548606211953299,3.62377566598183,0.000290333449856213,0.00144579516977808,"PLD2"
25.4109892904435,0.0306353634385498,0.00845433254850148,3.62362886281069,0.000290498367728199,0.00144624616091149,"CEBPB-AS1"
1712.99210646884,0.0145314893374128,0.00401057808526607,3.6232904654813,0.000290878855770753,0.0014477698627423,"ZNF506"
12.4896124425716,-0.0442871197300458,0.0122250286557505,-3.62265978895794,0.000291589223547183,0.00145093425101465,"ENSG00000289425"
396.414706740206,0.00847478278734458,0.00233980813654514,3.62199902418412,0.000292335224512653,0.00145427428439785,"CEP70"
15.3108872932469,0.0285829476659993,0.00789341909486973,3.62111112085466,0.000293340479620086,0.00145890198647157,"ENSG00000290040"
8.26994413996799,0.0625790270960855,0.017283679745079,3.6207004537852,0.000293806517765261,0.00146084626202763,"IL1R1"
26.3153682722598,0.0290778163351002,0.00803171985937983,3.62037232923927,0.000294179382364502,0.00146232639058828,"SIPA1L1-AS1"
654.502547345102,-0.0127440910880565,0.00352027541326316,-3.6201971698127,0.000294378606335886,0.00146294283899829,"SNRNP35"
6.31450350254239,-0.0472664760842717,0.0130606551874243,-3.61899731720835,0.000295746704082944,0.0014693663195702,"C6orf132"
6.42906122652806,-0.0458556147148335,0.0126741866984154,-3.61803213144767,0.000296851549346979,0.00147447892909808,"ENSG00000235837"
174.734572419399,-0.0215088962730723,0.00594763854778275,-3.61637582719123,0.000298756529828201,0.00148356223173049,"POP1"
336.881417211734,0.0127880790834354,0.00353650768409191,3.61601902943949,0.00029916839299288,0.00148522828282402,"MANEA-DT"
1083.32268719501,-0.0201053192415218,0.00556040244160879,-3.61580289424244,0.000299418143396107,0.00148608887654955,"RFLNB"
20.119569298515,0.0484592055102259,0.0134032129195587,3.61549173329266,0.000299778041709213,0.00148749558400151,"DENND3-AS1"
70.8632117519549,-0.0193983451212587,0.00536685982099693,-3.61446837969682,0.000300964543281144,0.00149300212480529,"TIGD2"
1339.76768519112,-0.00855855091827506,0.00236807280738206,-3.61414179986158,0.000301344112804048,0.00149450391079845,"NIPSNAP2"
41.1349940814651,-0.0548278166764496,0.0151718234521142,-3.61379216212864,0.000301750978395032,0.00149614027039555,"FCRL3"
97.1537246976988,-0.0237860662502037,0.00658225626263356,-3.6136645704959,0.000301899581997752,0.00149649560892923,"SPATA2L"
139.119187886063,0.0292797823064643,0.0081030284478556,3.61343693840948,0.000302164871076444,0.00149710410786556,"ENSG00000289582"
26.5179021688374,0.0398870459505832,0.0110385637274317,3.6134271573267,0.000302176275126223,0.00149710410786556,"ENSG00000247372"
161.436905321793,-0.0125246705712014,0.00346649853096945,-3.61306097761384,0.000302603504857016,0.00149883900508628,"UBOX5"
46.7194416708115,0.0181904059930131,0.0050352726563825,3.6125960269412,0.000303146787910409,0.00150114770153905,"FAM156A"
286.756521454809,-0.0373414660015455,0.0103369817052549,-3.61241482923035,0.000303358760075448,0.0015018150272913,"RSAD2"
2352.53353734009,-0.0118105473314106,0.00326968581327235,-3.61213523436075,0.00030368611342725,0.00150305307691436,"PCBP1"
2955.57156599113,-0.00862708346483779,0.00238881435048899,-3.61144994924859,0.000304489853780027,0.00150664770945696,"RBM8A"
245.217978654624,-0.0199260891090264,0.00551797728318103,-3.61112199025569,0.000304875206619814,0.00150807620798516,"SNX18"
79.861824792405,-0.0176194992870755,0.00487935602919681,-3.61102964851199,0.000304983790823659,0.00150807620798516,"PPP1R16A"
720.509499477521,-0.0166903219109725,0.00462206933697641,-3.61100639002761,0.00030501114607031,0.00150807620798516,"TRIAP1"
31.6253665727302,-0.0290408628627967,0.00804497163113337,-3.60981544675819,0.000306414937575873,0.00151463200782422,"GRASLND"
305.270345797104,-0.0111504087167714,0.00308925816450045,-3.60941304449849,0.000306890623941211,0.00151659794875012,"GCLC"
311.30065244205,-0.0119005034869032,0.00329714295740757,-3.60933803618275,0.000306979368934882,0.00151665118241107,"BCL2L1"
65.6153756576186,0.0208759342215878,0.00578412800475994,3.60917569673568,0.000307171520770655,0.0015172151474124,"UBAP1L"
57.6295923705564,-0.0699323958138877,0.0193792664080744,-3.60861935334923,0.000307830886998894,0.0015200859565919,"TPTEP1"
1080.65417629172,0.00832812670577728,0.00230798653493875,3.60839484100295,0.000308097349337911,0.00152101561978977,"LYRM2"
152.706783632798,-0.0120447643325241,0.00333870874837149,-3.60761157690055,0.000309028657841432,0.00152522619225417,"NICN1"
346.037168537592,0.00856885526125748,0.00237526990453749,3.60752908327948,0.000309126896818954,0.00152532401573452,"DCAKD"
27.4034487806047,-0.0305994506748808,0.00848330589448677,-3.6070196047943,0.000309734266468863,0.00152793335457414,"ENSG00000222032"
6.90319184385174,0.0407764036142832,0.0113069125151269,3.60632520679105,0.000310563885447973,0.00153163745837944,"PLCD4"
1469.20735862156,-0.00468828623686822,0.00130074279190502,-3.60431460089195,0.000312977767500676,0.00154315096467824,"CIAO1"
6724.14611255591,0.00867728756011771,0.00240778665538984,3.60384402857852,0.000313545255626562,0.00154555721418963,"NDUFA4"
295.755567826404,0.0229870097745,0.00637938930606191,3.60332449889162,0.000314172902837292,0.00154825871119538,"H2AC11"
306.176013185081,0.00785768421154874,0.00218124092840561,3.6023916978728,0.00031530277867774,0.00155343321886037,"ZC3HC1"
664.327664796411,-0.00773570260039832,0.00214814866565919,-3.60110206712556,0.000316871138522077,0.00156076488108202,"DCUN1D5"
1861.59280620738,0.0216481499460794,0.00601210183042773,3.60076235510789,0.000317285486373229,0.00156241012542928,"ITGB1"
15.6025567484841,-0.0277371304761309,0.00770436075629368,-3.60018583676426,0.000317989828625929,0.00156548219605238,"ENSG00000269604"
17.1081561370501,0.0283022481847141,0.00786241598583301,3.5996884718019,0.000318598643586135,0.00156808254463409,"TUBA8"
453.255376457766,-0.0316053173587256,0.00878086000213077,-3.59934190398848,0.000319023515481772,0.00156977647347229,"SDK1"
2092.67140099212,-0.0184401164769662,0.00512371233460501,-3.59897575678158,0.000319472966692635,0.00157119309105903,"IRF9"
346.277363802559,-0.0274863038651324,0.00763725371651081,-3.5989774446946,0.00031947089339478,0.00157119309105903,"PMAIP1"
3831.42429275276,-0.00834741194739412,0.00232060745022523,-3.59708056034377,0.000321808837815597,0.00158228101727785,"DOCK2"
24.6336875853875,0.0288844621460794,0.00803087625115113,3.59667628323114,0.000322309182576325,0.00158434063944708,"ENSG00000289031"
11.7908348290109,-0.0564100624988932,0.0156860307082206,-3.59619737766612,0.000322902831751312,0.00158685775148933,"ENSG00000267053"
7.73846183453262,-0.0533312555961271,0.0148301871830141,-3.59612828469289,0.000322988563516297,0.00158687813815496,"ENSG00000277879"
6.07844483233404,0.0673061013156938,0.0187189755281649,3.59560816853593,0.000323634616859267,0.00158965074053778,"ENSG00000289259"
17.4714619947794,0.0358977608897951,0.00998684104056141,3.59450608495688,0.000325007549696008,0.00159599137822193,"ENSG00000288848"
34.8343058485416,0.0296243549297104,0.00824321107092404,3.59378823068151,0.000325904754247436,0.00159999327987553,"UBTD1"
1047.48792759713,-0.0114235997602498,0.00317892959972313,-3.59353656691383,0.000326219842630585,0.00160101786902994,"BORCS7"
1048.81953911075,-0.00684025057956028,0.00190351174618792,-3.59349008129787,0.000326278074794853,0.00160101786902994,"DKC1"
155.551880355048,-0.018077634807437,0.00503095948692196,-3.59327775435879,0.00032654417879503,0.00160110061587733,"CHCHD4"
440.076143958931,-0.00651899049536191,0.00181419958021725,-3.59331496184188,0.000326497532921483,0.00160110061587733,"TYK2"
62.8237178999333,0.0265619378161893,0.0073922505771851,3.59321393922551,0.000326624196380713,0.00160110061587733,"ENSG00000289837"
507.196778676845,0.0073519490960369,0.00204599798996469,3.59333153409588,0.000326476758805341,0.00160110061587733,"SLC25A53"
703.702954931621,-0.0147415489541497,0.00410376109560637,-3.59220447065804,0.000327892409272739,0.00160691238416832,"RUVBL1"
132979.105778345,-0.00854004478201699,0.0023775507999557,-3.5919504988815,0.000328212203188447,0.00160807444942531,"RPL18A"
28.8855922067271,-0.0208185220608775,0.00579603484598249,-3.59185591772413,0.000328331371619082,0.00160825321313593,"ENSG00000263657"
1395.0303127704,-0.0073907930264898,0.00205810583617734,-3.59106557912358,0.000329328750325908,0.00161273250820474,"TECPR1"
20.388318358709,-0.0333259854017575,0.00928123917167094,-3.59068275101434,0.000329812884192239,0.00161469680604662,"AFMID"
6.97013489518192,0.0556456944622376,0.0154977940971518,3.59055579867746,0.000329973578244676,0.00161507701822778,"SCIN"
1319.52034241069,-0.00920771738328077,0.00256452804629676,-3.59041399316219,0.000330153159817694,0.00161526066701504,"SRM"
806.16899902814,-0.0105179912598688,0.00292948023220759,-3.59039502783832,0.000330177184311954,0.00161526066701504,"NOL12"
428.405723406209,0.011846749044777,0.00329965698466841,3.59029714295212,0.00033030120688408,0.00161546109507222,"LRRC8C-DT"
2725.9759104012,-0.00569414655266732,0.00158645690271074,-3.58922233748543,0.000331665882404233,0.00162132020071494,"PBRM1"
742.874494466791,-0.0107994936832168,0.00300882186017945,-3.58927652917702,0.000331596949351354,0.00162132020071494,"DHRS4"
1504.1750413101,-0.00781039499404826,0.00217612375924264,-3.58913180414267,0.000331781072770518,0.00162147579056767,"NDUFA7"
2.97434733488507,0.0651000034702446,0.018144032874221,3.58795665338208,0.000333279680077996,0.00162839061974305,"SLC47A1"
16.2664825475328,0.0554075281877972,0.0154458009530745,3.58722272520082,0.00033421883033221,0.00163256917850121,"TNFRSF10C"
2.61614673213467,-0.0688241838078151,0.0191899097288426,-3.5864777260714,0.000335174679360112,0.00163682718760571,"ITGA2-AS1"
4.88358446157349,0.0584903410317491,0.0163132864049078,3.58544192629097,0.000336507882445893,0.00164292540699173,"ENSG00000228566"
43.283960732539,0.0213626462425446,0.0059585860988598,3.58518713804143,0.000336836586106543,0.00164411754990172,"NEURL2"
6391.62706807363,-0.00484200537563181,0.00135061196327123,-3.58504552551444,0.000337019411035912,0.00164459723132451,"SUMO2"
11.949484182568,-0.0327930556767475,0.00915051050383622,-3.58374056431053,0.0003387085203017,0.00165242523912425,"TET2-AS1"
835.322319813935,0.0106994506211829,0.002986034347987,3.58316394732559,0.000339457399208544,0.00165531224494137,"LANCL1"
2587.99724152235,-0.00578735778622259,0.00161515748012017,-3.58315387660651,0.000339470492266265,0.00165531224494137,"ABI1"
368.513980635386,0.0292209479024356,0.0081567695662618,3.58241674783849,0.000340430125817047,0.0016590073544121,"LINC01806"
2557.3748190222,-0.00639481325803596,0.00178507630265519,-3.58237530156222,0.000340484158079949,0.0016590073544121,"TRIP12"
1557.91262563927,-0.00972874626900641,0.00271563515004374,-3.5824938666189,0.000340329609733392,0.0016590073544121,"PTK2B"
5.43834529209195,-0.0859261899192572,0.0239876728034842,-3.58209779761447,0.000340846138374327,0.00166035518094641,"HES1"
946.109316838476,0.00828816922925487,0.00231390970873642,3.58188964675759,0.000341117889732821,0.00166126291266728,"ZNF33B"
531.817072221898,0.0107621577830962,0.00300498623827238,3.58143330110008,0.000341714381306567,0.00166375129681953,"CYP2R1"
11.6465471343319,0.0307284021223682,0.00858074979029187,3.58108590430336,0.000342169119315188,0.00166554843338331,"ENSG00000273058"
165.894763918865,-0.0140177471161024,0.00391518056691048,-3.58035775784512,0.000343124091274991,0.00166977900910429,"ETS2"
1720.64035161822,-0.00830915179941436,0.00232111620730681,-3.57980861675834,0.000343845944376721,0.00167287330266924,"ANAPC11"
530.905074967404,-0.0131344309707608,0.00366949214843771,-3.57935933351235,0.000344437589401311,0.00167533272104149,"NCAPD2"
43.5616949688336,0.0203629872083165,0.00569022903560782,3.57858832762105,0.000345455119393816,0.00167986188183228,"MSS51"
254.358073170403,-0.00868036076705284,0.00242605365850266,-3.57797558872226,0.000346265782149597,0.00168338308637636,"CETN2"
2939.8984116852,0.00726467304444016,0.00203049933071307,3.57777662595385,0.000346529395366098,0.00168424369546876,"PPP3CC"
4.17969749957931,0.0570567524885785,0.0159482312974027,3.57762258551334,0.000346733618230938,0.00168481529058456,"LRRC66"
3093.79695835395,0.00905704421345707,0.00253176153925527,3.57736859219421,0.000347070601936574,0.00168602716458067,"ST3GAL1"
125.080459452718,-0.0194042701906143,0.00542427211420527,-3.57730397407566,0.000347156382404277,0.00168602716458067,"ZNF408"
39.4179352368431,0.0192501827372477,0.00538260448762567,3.57636954034109,0.000348399060986639,0.00169164007370222,"ZNF619"
285.221991964455,0.0111735835219933,0.00312553409037491,3.57493573863181,0.000350313928604667,0.00170051315829533,"TEN1"
1971.30885043696,-0.00761742741416493,0.0021310439590428,-3.57450505975788,0.000350891027583064,0.00170246479858273,"ADH5"
37.756459356452,0.0996834215644245,0.0278870999744036,3.57453523872758,0.000350850559560638,0.00170246479858273,"ENSG00000234156"
769.932128815982,-0.0182621637590087,0.00510980232884805,-3.57394720651076,0.00035163985892718,0.001705561713212,"TRIM8"
386.781657933683,0.00785979217272026,0.0021992205894674,3.57389895782293,0.000351704695475468,0.001705561713212,"CES2"
60.1900108609527,0.0176166065486356,0.00492937694037274,3.57379984564611,0.000351837917416343,0.00170578248545994,"ARHGAP11A-DT"
36.6004464051775,-0.0304260236817996,0.00851448322145162,-3.57344337764897,0.000352317455225904,0.00170768173974559,"ENSG00000260392"
49.1208697235481,0.0220845811132826,0.00618205412287993,3.57236942192838,0.000353765889537124,0.00171427511643911,"ELOVL6"
22.2046117670825,0.0290446598856303,0.00813082428163286,3.57216671761568,0.000354039899014521,0.0017150083260808,"ENSG00000273010"
39.6695975843093,0.0291652377561099,0.00816481876266652,3.57206186737021,0.000354181710239399,0.0017150083260808,"ZFAND3-DT"
679.8868435214,0.00767970667897163,0.00214989828152831,3.57212559540831,0.00035409551096675,0.0017150083260808,"DDHD2"
347.863134542219,-0.0119396628186568,0.00334294840689269,-3.57159649668505,0.00035481177111336,0.00171763159779143,"KMT5A"
1126.6126195389,0.0114377570596471,0.00320307300827919,3.57086992088008,0.000355797571305694,0.00172197525739414,"ULK4"
1004.45826625682,-0.00819164340324871,0.00229417199447732,-3.57063176735143,0.000356121249146555,0.00172268451060673,"AZIN1"
168.797985591965,0.0352429933858876,0.00987013417166335,3.57067014216164,0.000356069074792801,0.00172268451060673,"ISM1"
1060.2198914924,-0.00799795199083223,0.00224027573673337,-3.57007481699299,0.00035687928362871,0.00172592216456043,"UBLCP1"
187.197014368033,0.014708352061373,0.00412028376380867,3.56974249942848,0.000357332301283483,0.00172734496343219,"NMNAT3"
22.2095996659645,0.0296824085128575,0.00831503198792575,3.56972872214554,0.000357351094177735,0.00172734496343219,"ENSG00000276791"
210.567803855352,-0.011835398495056,0.00331696033035688,-3.56814592768511,0.00035951626718149,0.00173737910880675,"GDPD1"
14167.0464825676,0.0103508429334135,0.00290096291028381,3.56807144852495,0.00035961845203689,0.00173744125945593,"FXYD5"
17.0489393097697,0.0454499231391844,0.0127390648533414,3.56775977376887,0.000360046362196162,0.00173877663091605,"LINC01358"
88.8765410612232,0.032880638870967,0.00921609747281926,3.56773992114784,0.000360073634740109,0.00173877663091605,"MEIKIN"
911.789682293927,0.00941334603731739,0.0026385859384979,3.56757227421451,0.000360304016810204,0.00173945729237411,"VTI1B"
828.062582512517,-0.0104354691128348,0.0029268916648865,-3.56537593721957,0.000363335004325263,0.00175365488067759,"RHEB"
729.724446729341,0.00796615897461387,0.00223445655169358,3.56514382370783,0.000363656714631898,0.00175433699313121,"PTPN18"
76.1255139122989,-0.0191376494257774,0.00536793816166683,-3.56517695424323,0.000363610779280477,0.00175433699313121,"C4orf46"
885.003338923476,-0.00617172864617423,0.00173128790254987,-3.56481936775762,0.000364106858333647,0.00175607302292283,"BAG6"
358.440638202367,0.012026156125968,0.00337541716334135,3.5628651345907,0.000366829160391464,0.0017687640056456,"SDCBP2-AS1"
36.1504045056623,0.0284102827070266,0.00797663562905586,3.56168741161233,0.000368478939448106,0.00177627852570139,"DENND3"
390.770844948277,0.0203576600510628,0.00571605037659382,3.56149066397729,0.000368755222965435,0.00177716993109531,"ACTR3-AS1"
2316.67185149538,0.00903803223632391,0.0025379993367453,3.56108534209239,0.000369325008146805,0.00177947503925279,"JPX"
1714.1863649288,-0.00983456704860553,0.00276193729406781,-3.56074957593301,0.000369797637923881,0.0017813110092267,"MRPS5"
113.526766409925,0.0200600155452664,0.00563587983871628,3.55934053232681,0.00037178720224194,0.00179045131735776,"UNC93B1"
15.5598997105778,0.0360167616485548,0.0101196063440203,3.55910698738168,0.000372117932002834,0.00179160046915523,"ENSG00000274818"
210.057983803071,-0.0584082824652873,0.0164118435351345,-3.55891051119558,0.000372396380618933,0.00179249740148945,"OAS1"
117.899483113016,0.0242818395430845,0.00682384969811717,3.55837842527282,0.000373151438057205,0.00179497236111372,"GAS2"
241.103323515224,0.0125787869073294,0.00353500244051006,3.55835310413943,0.000373187405703762,0.00179497236111372,"MYCBP2-AS1"
1014.79541251367,-0.0119544967449211,0.0033594831923162,-3.55843326505202,0.000373073551476352,0.00179497236111372,"MRPS26"
231.388273099608,0.0184857444786989,0.00519530656747967,3.55816239881041,0.000373458399055381,0.00179583172312144,"ENDOD1"
1729.5158771729,-0.0138170040062524,0.00388384646639673,-3.55755669689776,0.000374320325378635,0.00179931787522513,"PARP1"
14.7275994873005,0.0328432919658623,0.00923223593317807,3.55745804197148,0.000374460889358456,0.00179931787522513,"ADCY4"
221.632357176662,-0.0570484943122927,0.0160361074986369,-3.55750261197377,0.000374397379710714,0.00179931787522513,"PTGIR"
1313.29436875256,0.00711314309406751,0.00199976357286517,3.5569920317511,0.000375125530073406,0.00180206635847316,"BICRAL"
324.118410505806,-0.0110257472196546,0.0030998481433548,-3.55686688823472,0.000375304202042901,0.00180247951455222,"PABPC1L"
5.5881836328267,0.0588671893022265,0.0165523998696271,3.55641416144405,0.000375951241286119,0.00180514134639751,"GDF10"
15.5837494188933,-0.0831646394107925,0.0233883353430134,-3.55581695708991,0.000376806363603988,0.00180880073505952,"P2RY14"
403.550195477489,-0.0141061071177227,0.00396739402999285,-3.55550948836513,0.000377247329204715,0.00181047071314111,"ZNF124"
2093.19516185011,0.00953475002801487,0.00268203015856375,3.55504952006984,0.000377907907341375,0.00181319356331946,"PJA2"
1829.39208243619,-0.0240073758604167,0.00675536684909105,-3.55382267117691,0.000379675123794797,0.00182122338666648,"ABTB3"
1212.96734207022,-0.0111114267441642,0.0031272980926023,-3.55304368664072,0.000380801219427729,0.00182572455486536,"TAPT1"
2002.06682188126,-0.00869562197770059,0.00244736715014925,-3.55305168542868,0.000380789640579304,0.00182572455486536,"ZFAND6"
190.64759610221,-0.0114082683513097,0.00321092280658271,-3.55295628033213,0.000380927768094214,0.00182588122651566,"NAB1"
91.2195797223006,0.0794680357680787,0.0223677999799531,3.55278730314564,0.000381172528224403,0.0018266042982244,"ZBTB16"
183.766366365133,-0.0200703367788822,0.00565138037780331,-3.55140433613558,0.000383181260259479,0.00183577800327762,"GNB1L"
1524.10433690942,-0.00904752376794655,0.00254795131758108,-3.55090134788599,0.000383914290974543,0.00183883695487462,"PUF60"
440.330811173092,-0.010386972175084,0.00292579492987937,-3.5501367744568,0.000385031053835477,0.00184373191239632,"PRPF4"
287.218250559606,-0.0110201074153016,0.00310468638061434,-3.54950744271986,0.000385952555089425,0.00184768967488171,"PTPN9"
618.133409934276,-0.0621779473877363,0.0175250917061646,-3.54793848901028,0.00038825888330166,0.00185827350863696,"HPGD"
104.833087554846,0.022277437096413,0.00627971004815925,3.54752638665906,0.000388866797059884,0.00186026760197044,"SCN11A"
650.917461026528,-0.0109292065481183,0.00308074576064344,-3.54758470748839,0.000388780710951446,0.00186026760197044,"HDHD5"
1003.08513783575,0.0147081885051418,0.00414716292565796,3.54656635603683,0.000390286439864564,0.00186659983816219,"AK3"
32.3527159061885,0.0296147136020142,0.00835105371206584,3.5462247787038,0.000390792713511291,0.00186856171841399,"SLC25A28-DT"
211.811677004645,-0.0166894708597621,0.00470759435296585,-3.54522280562418,0.000392281344563768,0.00187521858764066,"AP5S1"
720.029920416855,0.0074180269666766,0.00209295816212921,3.54427866782109,0.000393688896975064,0.00188148470148943,"TMEM168"
46.2216944953765,0.0256137031781345,0.00722753537864633,3.54390561045331,0.000394246363054195,0.00188368607412605,"ICOSLG"
2.88036901609682,0.0657753572015328,0.0185606651394512,3.54380388350014,0.00039439850333445,0.00188395021816267,"ENSG00000286938"
603.198151286846,0.00736408686916372,0.00207889222937775,3.54231295162805,0.000396634606881412,0.00189416639785179,"SEC22C"
187.312877408148,0.0201487705276974,0.00568904140003243,3.54168112181123,0.000397585795799657,0.00189824283605771,"ENSG00000233862"
13.7074610843736,0.036524532405405,0.0103140980432794,3.54122408495081,0.000398275170393488,0.00190106756793221,"ENSG00000256658"
265.586523574046,-0.0124024042007118,0.00350401319250609,-3.53948558961948,0.000400907657794069,0.00191246592176449,"PINK1"
5496.03147389483,-0.00992086407971199,0.00280285063726861,-3.53956216852851,0.000400791358035483,0.00191246592176449,"CD74"
211.171909984963,-0.0132742279668389,0.00375036207247459,-3.53945238094843,0.000400958101329267,0.00191246592176449,"SRF"
3185.88069206874,-0.00846582994892939,0.00239225009026827,-3.53885656995837,0.000401864138545073,0.00191631756774705,"VAPA"
3.00075353202539,-0.090217622102302,0.0254975610965967,-3.53828437788679,0.000402736059096105,0.00192000467781332,"PSMB11"
270.673099987402,0.0159699434309662,0.00451480018274044,3.53724257654136,0.000404328121865298,0.00192680499012283,"IL18BP"
6186.69522834899,-0.00716897739428939,0.00202672568467888,-3.53722136571495,0.000404360596868099,0.00192680499012283,"SH3KBP1"
2160.73931519022,-0.0072172724231788,0.00204060443158559,-3.53683071126669,0.000404959147312552,0.00192918451490974,"ZMYND8"
327.552108368677,0.0192930763514368,0.00545509173545286,3.53670979097388,0.000405144585873653,0.00192959533296484,"ENSG00000291055"
518.178204865098,0.00892855768209704,0.00252465143757597,3.53655064980761,0.000405388759346522,0.00193028562008549,"FAN1"
39.5787883697862,-0.0221681857437331,0.00627074108268388,-3.53517797201812,0.000407500600263868,0.00193935244361913,"EHD3"
623.877272682242,-0.0164001258725944,0.0046392009227114,-3.53511868656236,0.000407592041001234,0.00193935244361913,"IL21R"
706.287398027738,0.0179975401417501,0.005091066925071,3.53512149940929,0.000407587702087593,0.00193935244361913,"THRA"
51.0386740936673,0.0215604038855657,0.00610005323612355,3.53446159418551,0.000408606811825958,0.00194370533060081,"ARHGAP11B-DT"
745.432681001968,0.00908680790648821,0.00257234045793938,3.53250592410592,0.00041164100304706,0.00195765993894092,"FAM228B"
190.139285899768,0.0124010105025959,0.00351070226527516,3.53234468933924,0.000411892092973095,0.00195837523843062,"ENSG00000268362"
1686.03524539466,-0.0129988852604559,0.00368048236330749,-3.53184283398503,0.00041267454515825,0.00196161597699734,"APOL6"
184.475407077833,0.0166519002493223,0.00471568006294707,3.53117684555463,0.000413715044031326,0.00196608143695415,"TUBG2"
628.059302434425,-0.00630492322596018,0.00178593866776458,-3.53031340871963,0.000415067671767903,0.00197202767062957,"PI4KB"
415.712269231459,0.0226526087054373,0.00641681001367085,3.53019781747885,0.000415249065823468,0.00197240771168065,"ZNF626"
8.47457170031532,0.0370794190605355,0.0105042082460838,3.52995848824298,0.000415624873769455,0.00197371079582267,"STK4-DT"
161.421421505582,0.042586616958893,0.0120668464229468,3.52922507391065,0.000416778500468498,0.0019787060318801,"TSTD3"
344.036017279277,0.0241705618179387,0.00684888318225334,3.52912455574785,0.000416936843684446,0.00197897475512595,"ENSG00000285080"
132.550843877821,-0.0117782354923544,0.00333867091961019,-3.52782163200724,0.000418994390320243,0.00198825564433253,"KLHL17"
458.284181121615,0.0157162251731504,0.00445521350929693,3.52760314188186,0.000419340351796081,0.00198941199580136,"STXBP4"
33.8396754794182,0.0453317306606189,0.0128566626601906,3.52593296244632,0.000421993773128133,0.00200127194561169,"FAM66D"
186.400809753656,0.012156324275939,0.00344772220344165,3.52590016208501,0.000422046039838525,0.00200127194561169,"ZNHIT2"
225.22400818945,0.023261645045244,0.00659928011550546,3.52487614377652,0.000423680835824084,0.00200853422803175,"ENSG00000254459"
5.63434285765685,0.0702992341598255,0.019952073139482,3.52340499497841,0.000426039806030662,0.00201922521128226,"IRF6"
436.902627830757,-0.00806819114756459,0.00229011368638512,-3.52305267442859,0.000426606565325022,0.00202141883121486,"SEPHS1"
13.2829071413069,0.0327515129285069,0.00929672259358871,3.52290956289191,0.000426836982220651,0.00202160617208031,"ENSG00000283031"
87.8309341567562,0.018536912665508,0.00526183480840148,3.52289901536065,0.000426853968882517,0.00202160617208031,"ADGRF3"
364.554862723075,0.030323073429047,0.00860788739667449,3.52270795744399,0.000427161774463308,0.0020225714885798,"ENSG00000290048"
269.718652682462,0.0141672533756867,0.00402292468717612,3.52163027581592,0.000428901868104096,0.00203031643623577,"LINC01678"
1173.41793096449,-0.00847513525930427,0.00240666319030315,-3.52152943272329,0.000429065033986486,0.00203059464137984,"PFDN2"
546.562172267213,-0.0120151269347048,0.00341198971166467,-3.52144289697836,0.000429205096533895,0.00203076339885205,"SPRTN"
61.4122704581008,0.0226180578775759,0.00642395025546191,3.52089555150978,0.00043009199267771,0.00203446482236725,"ASNS"
187.376376212025,-0.0146734684452504,0.0041686589358417,-3.51994938206372,0.000431629163458548,0.00204123969327309,"NLE1"
10.7348434544372,-0.0479615950536849,0.0136270950565158,-3.51957587840794,0.000432237377765469,0.00204361916259508,"C5orf67"
2.71904845581162,0.0650439308516189,0.0184824964350616,3.51921782212437,0.000432821188638632,0.00204588212398785,"ENSG00000256195"
916.923763587254,-0.00957004673918339,0.00271951286381836,-3.51902977423188,0.000433128095545713,0.00204683541945084,"ENSG00000170846"
458.73640642768,-0.00901064930904821,0.00256079917785054,-3.51868642687221,0.00043368898591231,0.00204898821107125,"ZDHHC4"
1618.79756323752,-0.00978160073812783,0.00278014770910401,-3.51837447560665,0.000434199175644177,0.00205090047728385,"SELENOT"
575.514469708301,0.00693711273373791,0.00197210625735671,3.51761610605911,0.000435441810840996,0.00205627061487453,"ZNF808"
509.210722470438,0.0123426051669402,0.00350890537768105,3.51750869243933,0.000435618082849196,0.00205660372075236,"TUBE1"
89.5970257617471,-0.0251619264216255,0.00715350856747104,-3.51742451753586,0.000435756265323515,0.00205675688347675,"ZNF823"
1452.93039989702,0.00673867746801441,0.00191599285490185,3.51706816169709,0.000436341716539013,0.00205862872445681,"AP1G2"
16.2753754860433,0.0318258985940615,0.00904902112707492,3.51705429207558,0.000436364517553617,0.00205862872445681,"SERHL2"
11.3965187570172,0.0442406023723219,0.0125798897423738,3.5167718698919,0.000436829048514925,0.0020603205195596,"BST1"
765.243189755569,-0.0114382941955202,0.00325267628230299,-3.51657933430175,0.00043714599765488,0.00206096032464607,"CLPTM1L"
214.46987431272,-0.0145886634782963,0.00414856006838235,-3.51656074344486,0.000437176613001371,0.00206096032464607,"CHAF1A"
7.19796335309543,0.0443230823486863,0.0126150326048136,3.5135131027544,0.00044222260256893,0.00208424323784063,"ENSG00000228008"
939.004906819696,0.0168609434048123,0.00479900066296331,3.51342802157501,0.000442364248724627,0.0020844057659745,"BMAL1"
405.527755466569,-0.0184365525699791,0.00524773550311299,-3.51323967433999,0.00044267796651767,0.00208499570218032,"IRF2BPL"
4.66785960434875,-0.0524780621868143,0.0149372940460449,-3.51322415057562,0.000442703832708072,0.00208499570218032,"MNS1"
10556.7076788553,-0.00585952864583063,0.0016679242088368,-3.51306648994382,0.000442966611804173,0.00208572829005155,"GMFG"
191.273345333458,0.0295511288865885,0.00841237952609754,3.51281451281563,0.000443386894174406,0.00208720195512739,"ENSG00000257176"
397.945787616261,-0.013867268424813,0.00394785552599587,-3.5126078787584,0.000443731824817848,0.00208832028176433,"CDC34"
742.698410842555,-0.0123279510226879,0.00350998772331139,-3.51224904315549,0.000444331418058749,0.00209013069230005,"KANSL1L"
1881.75015485474,-0.0124797883239305,0.0035531682071976,-3.51229877005269,0.000444248282217804,0.00209013069230005,"MRPL54"
1937.02843897842,-0.0116116377816487,0.00330640380654465,-3.51186317855817,0.000444977018924237,0.00209266150751821,"NRIP1"
273.29485945895,-0.0124057761021934,0.00353291710764593,-3.51148235981672,0.00044561503577419,0.00209515544134488,"TCFL5"
6.74188357820647,0.0440638855604501,0.012548758910833,3.51141382773805,0.000445729943797173,0.00209518925490546,"TRAJ39"
800.971514423446,0.00737316758567962,0.00209986922533366,3.5112508420652,0.000446003333662928,0.00209596782872134,"ATG16L2"
4.32266447030933,0.0512797758517203,0.0146052532352205,3.51105010134705,0.000446340268396881,0.00209704457985211,"ENSG00000274021"
6.90434805992222,0.0536095904410489,0.0152698208687768,3.5108198649971,0.000446727002781638,0.00209835472859349,"MIR378D2HG"
1295.23913609583,0.00883857130318014,0.00251791305818697,3.51027660563641,0.000447640770552584,0.00210163181945892,"NR2C1"
563.113893695583,-0.00734240387291737,0.00209167407945495,-3.51030016819382,0.000447601101928542,0.00210163181945892,"UTP4"
125.452671316879,0.0217223838420151,0.00618992756593626,3.50931147588146,0.000449268432400299,0.00210876454599861,"ENSG00000290110"
3.13094114449227,0.0793331913819475,0.0226083848650292,3.50901631653753,0.000449767311460283,0.00211059685771145,"LINC00092"
16.0599593981465,0.0324792800380315,0.0092574029263589,3.50846563516774,0.000450699456865865,0.00211436587291068,"HESX1"
336.344212644397,-0.0119632128898173,0.00340986405207565,-3.50841344614166,0.000450787891366026,0.00211436587291068,"SLX9"
2075.86778905271,-0.00582874104813227,0.00166171550263573,-3.50766484328214,0.00045205818515832,0.00211981286391381,"PDAP1"
642.697469119008,-0.0250369478698263,0.00713846953725429,-3.50732712931858,0.000452632340051484,0.00212199364819027,"RELB"
333.266802848279,0.0115005443478771,0.00327909769170393,3.50722833814111,0.000452800425703698,0.00212227013984641,"VIM-AS1"
12.0172329584326,-0.0413710291636601,0.0117983611461583,-3.50650642501574,0.000454030475044905,0.00212701030108344,"SAMD13"
163.571920315403,-0.0170117829369836,0.00485145205452783,-3.5065342800011,0.000453982955866126,0.00212701030108344,"SOX12"
554.099128176436,-0.00950362420739566,0.00271085105640367,-3.5057714384366,0.000455286002838251,0.00213237853147287,"ANAPC7"
2457.91584516273,0.0203319543248073,0.0058004424054738,3.50524199768285,0.000456192417287412,0.00213610946284484,"C1orf162"
16189.2185328377,-0.0059046394526092,0.00168456076468989,-3.50515076474323,0.000456348780112202,0.00213632734583934,"HMGB1"
480.392451945324,-0.0133095932149641,0.00379733352045137,-3.50498399555434,0.000456634732701021,0.00213663752363906,"MRPL58"
1738.64955227224,-0.00940939766100527,0.00268457457985378,-3.50498650013954,0.000456630436950578,0.00213663752363906,"PGLS"
336.377217195641,0.0182378706688311,0.00520414448784449,3.5044896834494,0.000457483292869025,0.0021400932009609,"FGGY"
128.386147963733,0.047389723737737,0.0135229803593492,3.50438457192417,0.000457663922025839,0.00214042340642572,"DSC1"
1307.24322975354,0.0070690407042851,0.00201805038953332,3.5029059437509,0.000460211937103407,0.00215182268956691,"LRPAP1"
15.8443874465746,0.0775750375230594,0.0221473960732009,3.50267080006429,0.000460618361336351,0.00215320541849396,"KIR3DL2"
909.511521633572,-0.011723142245925,0.00334741893230196,-3.50214373611827,0.000461530559819875,0.00215695120592417,"PSMC4"
305.89442335422,0.014989065287639,0.00428015191414675,3.50199375823488,0.000461790436970322,0.00215764731912316,"RELL2"
16.1779003835406,0.0622847677157324,0.0177872540252055,3.50165166739462,0.000462383712626893,0.00215990047893989,"MXRA8"
499.411081500546,-0.012602951805557,0.00359963026571699,-3.50117953101683,0.000463203689643693,0.00216321127665294,"ASB7"
228.323135684334,0.0132268498685074,0.00377796828787613,3.50104841031981,0.000463431652491386,0.00216375637844694,"SPOPL"
6.92042752513807,0.0516309926606967,0.0147517692462499,3.49998646256089,0.000465281786408498,0.00217135221387517,"ENSG00000288857"
8.5068971411159,0.0491723512953315,0.0140491621223451,3.50002020527068,0.000465222893737839,0.00217135221387517,"ENSG00000232234"
2577.1116381283,-0.0108416001711725,0.00309797786439509,-3.49957315569439,0.00046600371410132,0.00217419962652549,"GDI2"
171.312174901937,0.0165968673093664,0.00474381866527339,3.49863021343164,0.000467654675556002,0.00218137915929012,"ENSG00000289469"
329.335543385164,0.0166581639976436,0.00476232929788681,3.49790259254758,0.000468932367307695,0.00218666699798026,"ENSG00000242880"
312.911681328819,0.0250051864307945,0.00714871674723439,3.49785665245,0.000469013146654344,0.00218666699798026,"LCDR"
7.20233588863264,-0.0426398646840792,0.0121906176135909,-3.49776082194076,0.00046918169321768,0.00218692861605011,"NDST1"
78.7822138272508,-0.0243305563841133,0.00695623951728546,-3.49765937812443,0.000469360174024534,0.0021872364027195,"TRIP6"
92.0915979125518,0.0270943336689027,0.00774681416014558,3.49748078484866,0.000469674545937706,0.00218817714803217,"DPY19L1"
18.9649366936583,0.0263386926320493,0.00753194341830092,3.49693182347232,0.000470642095051003,0.00219215981581347,"ENSG00000289112"
7422.19982474373,0.0179683152917554,0.00513974202763678,3.49595664434876,0.000472365443416098,0.00219966010052347,"LINC-PINT"
823.661547057895,-0.0140910602142517,0.00403136792786567,-3.49535454624503,0.000473432415908211,0.00220410098655591,"PHF5A"
18923.1385984621,-0.0176011810199181,0.00503574208803657,-3.49525069239214,0.000473616681542516,0.00220443122102979,"ETS1"
16.5947477828021,0.0292082218558238,0.00835705091926116,3.49503935515162,0.000473991859224541,0.00220564967793697,"ENSG00000287502"
798.182071973604,-0.00810179788571316,0.00231897084445314,-3.49370407355153,0.000476368742606505,0.00221617995992326,"UBA1"
2464.13389229601,-0.00681081272704232,0.00194950702796369,-3.49360768099224,0.000476540756843931,0.00221645008641112,"HELZ"
544.993846379797,-0.0106866950836403,0.00305924203406758,-3.49324929660151,0.000477180808451959,0.00221889646311237,"ZFYVE16"
9.50267904292284,-0.0536885603733139,0.015369862785981,-3.49310602969623,0.000477436898262085,0.00221955667019498,"FZD1"
827.831617647708,-0.00879449141879344,0.00251774554184884,-3.49300247885076,0.000477622075363555,0.00221988697440777,"ARFGAP3"
329.298456274009,-0.0163552231490393,0.0046829192511389,-3.49252726172071,0.000478472752469551,0.00222330948597354,"KCNMB4"
15.2707697711245,0.0284977466441932,0.00816031624096567,3.49223557061814,0.000478995602859804,0.00222520742088036,"FSIP1"
932.467991915853,0.0119979794184803,0.00343584778626569,3.4919996940611,0.000479418796468458,0.00222611005254428,"PYROXD1"
147.19082793727,0.0182500265263884,0.00522619676979866,3.49202820526244,0.000479367625095492,0.00222611005254428,"ENSG00000278002"
1599.44440603672,-0.0115621295844437,0.00331167348269792,-3.49132535101993,0.0004806305811524,0.00223120416085808,"PTAR1"
4.99443995395201,-0.0587327613218461,0.0168264730689791,-3.49049744893507,0.000482122215890164,0.002237594660291,"EPAS1"
114.721444273306,0.0212195915598222,0.00608532074741838,3.48701283639393,0.000488447912817353,0.00226587177491303,"CRB1"
457.869747597864,-0.0282357956534607,0.00809728555320092,-3.48706927376408,0.000488344846998897,0.00226587177491303,"BPGM"
191095.83931268,0.00759150929616283,0.00217744755732918,3.48642577894021,0.000489521199637033,0.00227030921653312,"RPL30"
229.827141702427,0.0104210286921882,0.00298926775451322,3.4861476281121,0.000490030495945915,0.00227170462858881,"NAA80"
6.50504065151164,0.0671275036670325,0.0192555724302854,3.48613389241306,0.000490055658915154,0.00227170462858881,"NOVA1"
421.639035358028,-0.0163245486738915,0.00468324991653974,-3.48573084178968,0.000490794559908532,0.00227458779718391,"MYEF2"
2274.77825412365,-0.0265070270207054,0.00760581517531361,-3.48510007273644,0.000491953016010052,0.00227941355750632,"AIF1"
5408.57338182941,-0.00598352769982487,0.00171723804859898,-3.48439035852168,0.000493259509269708,0.00228492277085142,"ACTR2"
537.15743413684,0.0101767346361057,0.00292079824870306,3.48423060053001,0.000493554049116591,0.002285742811754,"ACYP1"
105.540690167099,0.0166469912303795,0.00477869418686704,3.48358580386443,0.000494744504226795,0.00229071062883013,"ITIH4"
967.405155950085,-0.00569612906746139,0.00163518731272624,-3.48347190754838,0.000494955063208978,0.00229114015575389,"SMARCAD1"
73.0094064566846,0.0171258249891196,0.00491909443057479,3.48149953834459,0.000498614641012293,0.00230710521572151,"NFYC-AS1"
6.48182668538988,0.0891791208077387,0.0256152515512193,3.48148526394205,0.000498641217772518,0.00230710521572151,"NLGN4Y"
21355.9800360177,-0.00498631513622381,0.00143276036612567,-3.48021571095473,0.000501010221443838,0.00231751481981072,"HNRNPA2B1"
83.8574472282994,0.0194688253193366,0.00559495478722336,3.47971092881673,0.000501955064293212,0.0023213333227692,"GTF2IRD1P1"
3319.15751737225,-0.006986823067713,0.0020087041199029,-3.47827387741443,0.000504654018017268,0.00233326011515424,"SYNE1"
16.4580104227311,0.0421319278780627,0.0121159272295334,3.4774002088229,0.000506301478282421,0.00234032083034015,"LINC03008"
6.40567179669254,0.0618070056873238,0.0177750473202176,3.47717812357234,0.00050672105873776,0.00234170380458735,"PTH2R"
5489.92912494408,-0.0140357329617353,0.00403688066367933,-3.47687586804776,0.000507292623828473,0.00234378831973578,"CSGALNACT1"
117.316475962596,0.0154170656547951,0.00443464005838886,3.47650890530137,0.000507987358042935,0.00234593678491581,"ANXA4"
58.6833603147343,0.0341084045239041,0.0098111251826256,3.47650283621967,0.00050799885548637,0.00234593678491581,"ARHGEF12"
156.433001147199,0.0236006455863019,0.00678910173942138,3.47625451674455,0.00050846948713558,0.00234755281136344,"KLHDC7B"
196.589804332269,-0.0474638033062779,0.0136557102195231,-3.47574769406139,0.000509431312987948,0.00235087745407558,"CMPK2"
5.60995457791814,0.0587520193946799,0.0169031266320385,3.47580780015693,0.000509317157697994,0.00235087745407558,"LGALS14"
3.68196482346482,0.0638873998031681,0.0183820772840413,3.47552666741496,0.000509851298539316,0.00235174901002389,"NT5C1A"
503.346661526295,-0.0130469283172887,0.00375394887747956,-3.47552104280347,0.000509861990400017,0.00235174901002389,"MEX3C"
2.90528872910806,0.081154602332147,0.0233537755110279,3.47500995262308,0.000510834397904591,0.00235567564571887,"ENSG00000259723"
23.3184883999916,0.0247660173864524,0.00712847373534914,3.47423842829651,0.000512305586279283,0.002361899966513,"ENSG00000268355"
159.861779667692,-0.022197546104735,0.00639001536994796,-3.47378602704609,0.00051317008778767,0.0023653249709853,"GFOD2"
381.597322435989,0.00856708132926449,0.00246638968310736,3.47353112443732,0.000513657784417188,0.00236701197931739,"APBB3"
6.92878613808536,0.098756593827755,0.028437606758074,3.47274630625223,0.00051516206496542,0.00237338164984424,"SLC2A14"
16.5436960985486,0.033399893658189,0.00961841822706977,3.47249338401499,0.000515647721541331,0.00237505655498471,"ENSG00000287193"
469.928084878612,-0.00783214947090499,0.00225585162937882,-3.47192579906583,0.000516739141431746,0.00237952013257313,"ARF3"
34.2698461740586,0.0226068872959355,0.00651271150895375,3.4711943350869,0.00051814886300706,0.00238544699037877,"NOXRED1"
95630.5131042116,-0.00775744549007946,0.00223522242778404,-3.47054744693577,0.000519398570946326,0.00239063454885873,"RPL29"
584.383136245381,0.0108823933158379,0.00313608980018099,3.47005156396026,0.000520358457086205,0.00239448600633636,"MTERF1"
25.0402499016215,0.0238900457147751,0.00688535470137196,3.46968990719022,0.000521059562420524,0.00239714511557275,"PORCN-DT"
202.595631506478,-0.0149877673816177,0.00432097168907808,-3.46861040989962,0.00052315750787745,0.002406227639093,"TRMT12"
25.9042762388644,0.04632925229834,0.0133578151367238,3.4683256074543,0.000523712317240966,0.0024082099958993,"LGALS3"
775.535923544787,-0.011191215944749,0.00322707206446198,-3.46791634063331,0.00052451054963481,0.00241131049419681,"ATP6V1D"
46.1281216035066,0.0192730449694412,0.00555782718396843,3.46773016351325,0.000524874043844465,0.00241241139575111,"UGDH-AS1"
3.67871701779178,-0.0744889901551349,0.0214818410344113,-3.46753288211251,0.000525259474345801,0.00241361257630526,"LINC02365"
1398.14976107058,0.0138469902721943,0.00399518339959083,3.46592105724419,0.000528418406907505,0.00242755466054745,"UBQLN2"
5.1611815801684,0.0451338586984775,0.0130246812193041,3.46525630366936,0.000529726372316328,0.00243298882359501,"FOXP1-DT"
26.6829928910253,-0.0512469465310144,0.0147921951783339,-3.46445851431676,0.000531300081075074,0.00243964066973354,"MPST"
2774.29896179867,0.021173250417278,0.00611189999082257,3.46426650453559,0.000531679486918538,0.00244080663206336,"ENSG00000290067"
351.865808356468,-0.0176169524957315,0.00508549825535395,-3.46415466315117,0.000531900598640804,0.00244124552717373,"C16orf74"
108.477207142688,0.0131094704603702,0.00378452098200513,3.46397087576047,0.000532264134561357,0.0024423377403522,"ZNF841"
20.1066163838687,0.0285498628334564,0.00824290524066774,3.46356800180123,0.000533061839194479,0.00244542118730467,"ENSG00000289532"
226.3120134386,0.0112543480540327,0.00324972901743292,3.46316508042966,0.000533860751781499,0.00244850872032585,"MBD6"
69.7878749715673,0.0213803316370033,0.00617388285064586,3.46302839788524,0.000534132019294123,0.00244917536711221,"FEZ1"
90.3487196373961,-0.0216973824977041,0.00626647727459987,-3.46245291364112,0.000535275565595456,0.00245384044930408,"MFSD13A"
289.044201627057,-0.0151427359000519,0.00437385034374059,-3.46210654457409,0.000535964935772777,0.00245642176383513,"TMEM39B"
1.6490026242345,-0.0922622889981272,0.0266500343229775,-3.46199512841074,0.00053618686051927,0.00245685998208724,"RNF150"
2026.62696648019,-0.00627956624262819,0.00181422731590704,-3.4612896562461,0.000537594046799411,0.002462647539395,"SKIC3"
407.457570105127,-0.0104446358326024,0.00301760375979227,-3.46123502753104,0.000537703156640304,0.002462647539395,"PWWP3A"
465.777494878543,0.00722108405933013,0.00208644607137898,3.46094929477739,0.000538274186462249,0.0024646824860822,"POC1B"
59.7248080673108,-0.0402194186577007,0.0116215812062955,-3.46075271030361,0.000538667383692465,0.00246590239590542,"ENSG00000266088"
2108.89157078131,-0.0111078802239242,0.00321006077855726,-3.46033330525179,0.000539507148797764,0.00246916554147419,"CHIC2"
1398.41647626074,0.00741745638637856,0.00214381293544467,3.45993638891821,0.00054030300851063,0.00247222625700782,"ZNF770"
116.60608536902,0.0218851724866397,0.00632558844760166,3.45978444028198,0.000540607971199277,0.00247303989835304,"NCR3"
396.166033176178,-0.00883264166659863,0.0025530709205429,-3.45961469206677,0.000540948847496799,0.00247401740716206,"SYNC"
3.51895274506822,-0.0680050948935851,0.0196574407116956,-3.45950909332383,0.000541161004409246,0.00247440589956846,"MCAM"
450.564874668911,0.0141003499476932,0.0040765429741289,3.45889888495686,0.000542388484280365,0.00247943558348705,"ALDH3A2"
22.1590956169505,0.0319319889982342,0.00923311419326679,3.45842023935115,0.000543353130582932,0.00248326168772759,"ENSG00000290103"
4498.53908559517,-0.012484789840902,0.00361044853052396,-3.45796089747612,0.000544280375539776,0.00248691510092182,"MAPRE2"
1219.12648909242,-0.00676264391947495,0.00195589988349585,-3.45756138979252,0.000545088035342838,0.00249002052030379,"CDC123"
527.354020214347,0.0127724243161794,0.0036941474210738,3.45747553097562,0.000545261756463938,0.00249022926155906,"ZNF213-AS1"
870.670567439839,-0.00908073829552028,0.00262656555546938,-3.45726695326952,0.000545683993839064,0.00249157262069569,"CSE1L"
50.1492622362537,-0.0396535536381901,0.0114733705076188,-3.45613816026061,0.000547974372488031,0.0025014432103414,"DDR1"
17.6876490880445,0.0415785380056286,0.0120308295546748,3.45599925729748,0.000548256831671714,0.00250214538546375,"LACC1"
104.806593971605,-0.01288718118649,0.00372993028089894,-3.45507294130552,0.000550143966268293,0.00251016896267525,"WIZ"
25.0013965724756,0.0281362078871846,0.00814361717699131,3.45500129434862,0.00055029018064341,0.00251024725696411,"TAT-AS1"
231.051242828366,-0.00858015782249219,0.0024834536448881,-3.45492972665443,0.000550436269400612,0.00251032494164392,"SYVN1"
24.7969562419652,-0.0324052709923924,0.00937972225784222,-3.45482201941522,0.000550656196710218,0.00251073925977741,"CHST10"
2364.66693293134,-0.0098629354949351,0.00285502539633615,-3.45458765711583,0.000551135023726741,0.00251233357077779,"ODF2L"
96.301322995663,-0.0140218485451776,0.0040590650351847,-3.4544527923632,0.000551410742493991,0.00251284096076405,"SHPK"
22.5390301244303,0.0302276502232657,0.008750460377307,3.45440684488516,0.000551504707290204,0.00251284096076405,"ENSG00000287721"
596.388679677176,0.00674666637579218,0.00195362571016919,3.4534078563124,0.000553551378039946,0.00252133253062516,"ALKBH6"
10443.8637480815,-0.00610721184233123,0.00176847850262979,-3.45337069873883,0.00055362764065087,0.00252133253062516,"SEPTIN6"
116.166712147107,0.0291333888329962,0.00843702770125879,3.45303937175049,0.000554308092619064,0.00252384052189452,"NINJ2-AS1"
801.238983717038,0.00980616203242178,0.0028401638515473,3.45267475574673,0.000555057811110118,0.00252666264542544,"ANKAR"
7.81379041627063,0.0598714199767505,0.0173414187583027,3.45250990194129,0.000555397091236483,0.00252761554086121,"ENSG00000286163"
404.85224907561,-0.0192712199798445,0.00558197937318394,-3.45239899531415,0.000555625453152724,0.00252806331912834,"CEP19"
22.2095152740722,-0.0581538632964238,0.0168454934494066,-3.45219114364812,0.000556053664983051,0.00252938656018754,"TMEM37"
137.032725244825,-0.0465978023009335,0.0134982693213254,-3.45213161714853,0.000556176356892814,0.00252938656018754,"MCC"
484.509774967362,0.0209861468383362,0.0060805187526974,3.45137441259044,0.000557739256641798,0.00253590142144451,"LRIF1"
442.418867272323,-0.0174810116823714,0.0050658571948362,-3.4507509805429,0.000559029114119534,0.00254117207261955,"PDE9A"
83.3819542803698,-0.0278017489290322,0.00805857926087645,-3.44995662746741,0.000560676626149829,0.00254806566711223,"ENSG00000235119"
422.961978954294,0.00797250616649449,0.00231154175408789,3.44899941884906,0.000562667913037639,0.00255651800432028,"VILL"
26.1922525668066,0.0242596176373922,0.00703522723618525,3.44830619153485,0.00056411414820022,0.00256249049431165,"ENSG00000255182"
160.539344611116,0.0105759992312071,0.00306722294540836,3.44806993800023,0.000564607819057477,0.00256413417896031,"NKIRAS1"
28.1573665561695,0.0252784646329176,0.00733467639729397,3.44643216192111,0.00056804116237382,0.00257912433457824,"ENSG00000260588"
22.8075200727974,-0.0228163286176585,0.00662109081367678,-3.44600750234814,0.0005689345640504,0.00258257787755994,"ENSG00000270174"
13.2184295860049,0.0451891154754119,0.0131174994588154,3.44494891097885,0.000571167335296293,0.00259210822184979,"IQCA1"
94.6899578246473,-0.0145846515014138,0.00423403027999112,-3.44462616867359,0.000571849681776611,0.00259399444035375,"SFXN5"
4.6803948444832,0.0463555772526502,0.0134571494449653,3.44468027513755,0.000571735236167742,0.00259399444035375,"ENSG00000272343"
361.804239997712,0.0154198024148332,0.00447777464789548,3.44363073788905,0.000573959020057221,0.00260295567711191,"VCL"
991.265417862004,-0.00934625143064718,0.00271432599763919,-3.44330468734271,0.000574651501506723,0.00260443900116567,"PCID2"
121.055738019762,0.0185273789965644,0.00538072362437452,3.44328761147217,0.000574687789471136,0.00260443900116567,"ABCA10"
639.62399792088,-0.0145635698976942,0.00422943130911644,-3.44338726256241,0.000574476050856206,0.00260443900116567,"EID2"
26.9004160072856,0.0321182112564123,0.00933143476333093,3.44193707302385,0.000577564588549932,0.00261625729200855,"ICAM1"
475.983446772144,-0.00975670385952057,0.00283462639265159,-3.44197171267917,0.000577490634937409,0.00261625729200855,"PES1"
1401.30806634205,-0.00628062284018072,0.00182540948148014,-3.44066517890992,0.000580286121088874,0.00262736157851483,"DNAJC3"
1167.72684487373,0.010450038575676,0.00303718750225961,3.44069589641777,0.000580220252911926,0.00262736157851483,"KRI1"
2.1157705807158,-0.0955334734934549,0.0277668310761053,-3.44056090634217,0.000580509766808538,0.00262776250272117,"SMOX"
6262.38557672393,-0.00498378528781892,0.00144865964894605,-3.44027342201793,0.000581126784172599,0.00262994348044235,"UBE2D2"
1166.21836070658,-0.0174906009992936,0.00508600094429339,-3.43896927878443,0.000583933495567637,0.00264203080304399,"BICDL1"
7236.72496689265,-0.00887671915620677,0.00258129741437683,-3.43885950792298,0.000584170313811847,0.00264248762184982,"CHCHD2"
1047.78989089303,0.00775128011704311,0.00225417646916297,3.43863057000207,0.00058466450927214,0.00264410820038419,"PHF10"
1838.60509145829,-0.0102407004935426,0.00297888756568914,-3.437759991849,0.000586547333933879,0.00265047840342146,"FAAP20"
14.6203466729526,0.0357764199637111,0.0104069394627089,3.43774652402932,0.000586576505466025,0.00265047840342146,"LINC01703"
8.31777286596572,0.0370680334083131,0.0107821827244573,3.43789697833921,0.000586250695531168,0.00265047840342146,"ENSG00000272103"
1293.11474275452,-0.00819935238113277,0.00238512174067323,-3.43770812252895,0.000586659691201403,0.00265047840342146,"ME2"
211.691112858593,-0.00961632391358917,0.00279734226042055,-3.43766440369133,0.000586754408777585,0.00265047840342146,"CACTIN"
41.5285097041633,0.0263401268024444,0.00766239721377786,3.4375830523484,0.000586930695684931,0.00265065915063097,"ENSG00000240710"
711.624326055709,-0.00703828809447255,0.0020476977514242,-3.43717137432873,0.000587823550947268,0.00265407518325797,"MKRN2"
18.1001595856229,0.0291524555619056,0.00848183944525687,3.43704402212045,0.000588100010854802,0.00265409125548416,"SLC9A5"
1829.58460186322,-0.0116322072882134,0.0033843260715576,-3.43708231484319,0.000588016871166368,0.00265409125548416,"POLR2A"
36.5566135457141,0.0320966870415288,0.00934021684065919,3.43639634808131,0.000589507874717646,0.00265982780587635,"GRK7"
364.169613150897,-0.0150376956111572,0.00437709199991,-3.43554478897551,0.000591363702817382,0.00266758241732395,"KIF27"
218.250718906143,-0.0238258063446106,0.00693562900606812,-3.43527693360832,0.000591948571428626,0.00266960159120292,"PPIF"
1502.9268388278,-0.00820837640009568,0.00239002185942878,-3.43443570095944,0.000593788926011076,0.00267641269457454,"USP1"
1387.60862645024,-0.00869547764897069,0.0025318783009587,-3.43439795099082,0.000593871635894489,0.00267641269457454,"SLC3A2"
2086.83869266674,-0.0108565940387775,0.00316103091409325,-3.43451055488704,0.000593624953355756,0.00267641269457454,"PSMB3"
7657.88714480069,-0.0139026271349341,0.00404891310250228,-3.43366893360641,0.000595471012007099,0.00268299899340979,"ITGA4"
3399.75838490843,0.006301130169377,0.00183532607863426,3.43324831632422,0.000596395618554634,0.00268654265319736,"KRTCAP2"
320.669266347919,0.0118741753311257,0.0034594776476991,3.43236076088632,0.00059835104145198,0.00269472704498321,"CDKL3"
504.975900233348,0.015294028448438,0.00445626346948464,3.43202967085938,0.000599082011363913,0.00269739449144432,"GPRASP1"
6.54936985462104,-0.0480886978596393,0.0140148502701216,-3.43126732949549,0.000600768245352799,0.00270436082859461,"GOLIM4"
1687.90243846199,-0.0101316692830305,0.00295351064542801,-3.43038184023959,0.000602732417106256,0.00271257479063716,"PDCD6"
24.3819501381047,0.0563903440673656,0.0164413349531807,3.42979108618284,0.000604046136064418,0.00271785829113787,"LINC02739"
51.4051071060834,0.0222524322908508,0.00649084122212033,3.42828171717036,0.000607414783524071,0.00273238319942801,"ENSG00000229321"
3732.67358151251,-0.00945997355882873,0.00275994520218705,-3.4275947041747,0.000608953858974468,0.00273867318171384,"ZC3H15"
21.8864884502122,0.0407310024820769,0.0118837567893038,3.42745170607476,0.000609274665307678,0.0027394825508321,"HLA-DOA"
442.377906820587,-0.0111123074984784,0.00324309203571233,-3.42645456129882,0.000611516066434175,0.00274892512322883,"C1orf174"
672.365945004178,-0.00596328153762397,0.00174052308049201,-3.42614332694645,0.000612217234714291,0.00275144118124484,"PMPCA"
6.21219620545028,-0.0730988989247349,0.0213361549487601,-3.42605774565688,0.000612410168715277,0.00275167248595076,"TNFSF11"
962.534489980076,-0.0102860144928503,0.00300263152289156,-3.42566659093246,0.000613292706314318,0.0027550014851085,"ELK3"
2.2796552077937,0.0900294015199183,0.0262828607069742,3.42540344156787,0.000613887099292889,0.00275703485761856,"HOXC4"
1179.51306696429,0.0128967067227125,0.00376567770921929,3.42480363923291,0.000615243916728077,0.0027624906334898,"ENSG00000287263"
93.1726533558417,0.0125276562265571,0.00365836416088068,3.42438742444419,0.000616187078833178,0.00276608697677917,"MAGEE1"
126.798209230946,0.0112251873517941,0.00327819720631932,3.42419526505467,0.000616622974761072,0.00276695144504432,"ZNF747"
441.244542920359,-0.011345170801619,0.00331325466353562,-3.42417711698394,0.00061666415681801,0.00276695144504432,"MPDU1"
3.81291792475124,0.0548147736134026,0.0160149482434314,3.42272561735472,0.000619966236526771,0.00278112621464073,"ENSG00000290778"
2065.76519134965,-0.00546888262887776,0.00159792418368381,-3.42249193342198,0.000620499389306144,0.00278287609439562,"PAXBP1"
982.338480518558,-0.0115893281804321,0.00338683189704815,-3.42187877424121,0.000621900348435409,0.00278851629262728,"COMMD3"
656.331947678021,-0.00784954770534086,0.00229400952693215,-3.42175898277035,0.000622174393949498,0.00278910212876508,"ANKFY1"
7.36217824975928,0.046240404076867,0.0135178304346565,3.42069715257838,0.000624608446779102,0.00279936840974662,"USP12-DT"
196.678331465225,-0.0118262866578688,0.00345812485355998,-3.41985531427363,0.00062654450132983,0.00280739854765412,"TTI2"
6.6723870787353,-0.0967832367673184,0.0283132935347403,-3.41829666155107,0.000630143826991098,0.00282287599696081,"NLRP14"
16.5437688076969,-0.0612149386031296,0.0179176728309269,-3.41645587464177,0.000634419443494957,0.00284137522344472,"CHST15"
768.73029147234,-0.0251461660305389,0.00736116726525699,-3.41605687310258,0.000635349760566913,0.00284488678471156,"TUBB4B"
139.904268079647,0.0394549685167812,0.0115513669064353,3.4156103633762,0.000636392352927351,0.00284889934563634,"MIDEAS-AS1"
207.651147683023,0.0108563873335766,0.00317868040834577,3.41537554548507,0.000636941286903542,0.00285070063772683,"RECQL5"
3485.97111039401,-0.0121906896161038,0.00357134325015961,-3.41347464026568,0.000641401276251119,0.00287000143187497,"ATF4"
1067.18684273019,0.00520453158589535,0.00152514379626016,3.41248582504647,0.000643732747545474,0.00287977131382406,"SEC22B"
4.58644686611705,0.0453167441470585,0.01328038850572,3.41230560593464,0.000644158524266465,0.0028810134411375,"SNAP25-AS1"
570.694069713583,0.00988942188675199,0.00289827818142515,3.41217138856186,0.000644475789722392,0.00288176978985983,"P4HA1"
561.549485010805,0.00849541944712475,0.00248995244488884,3.41188020058914,0.000645164604884699,0.00288418679145306,"C12orf76"
17.4016219607973,0.026620415461322,0.00780348235102856,3.4113507616011,0.000646418765616139,0.00288912946001827,"MCM8-AS1"
9.11956072886602,0.0415016479693597,0.012168277564884,3.410642775698,0.000648099420575512,0.00289597560983558,"MYO5B"
4.14549156779651,0.0556270422118875,0.0163114331184889,3.41030992235958,0.00064889096933361,0.00289884663401655,"ENSG00000287805"
2519.22034470677,-0.0296037129917273,0.00868142961642345,-3.41000437712738,0.0006496183688749,0.00290142982617352,"ATP10A"
21.7801298760811,0.0312000615959916,0.00915028798158013,3.40973548141856,0.000650259145614413,0.00290362503244856,"LOH12CR2"
958.954626433289,0.0108139169936759,0.00317191669043828,3.40926892130377,0.000651372350332068,0.00290739634111926,"PALS2"
97284.2815810602,0.00861210584966714,0.00252609521807977,3.40925622598411,0.000651402665909092,0.00290739634111926,"RPS20"
366.141074522528,0.00907678936601536,0.00266277326069023,3.40877291356851,0.000652557760052392,0.0029118836868041,"PCYOX1L"
1855.00625534753,-0.00627945264169464,0.00184234110167505,-3.40840935263583,0.000653427908772004,0.00291509776456978,"MTREX"
3.65446304554811,-0.090959935791319,0.0266892321212835,-3.40811363091943,0.000654136486408403,0.00291758972646867,"AIF1L"
6695.77923307582,-0.00836219657155931,0.00245414669329944,-3.4073743816499,0.000655910925651162,0.00292483342843667,"PITPNC1"
729.909063386631,-0.0293482158750519,0.00861454867731093,-3.40681990135473,0.000657244795779098,0.00293010967744654,"OAS2"
854.781476616416,-0.0129112212849224,0.00379019864508687,-3.40647614912186,0.000658072999976491,0.00293312967977606,"NGRN"
1090.93630291794,-0.00733037431084234,0.00215193528115428,-3.40641020900516,0.000658231980765267,0.00293316615300463,"ARL5A"
529.114849247409,-0.00811411319868808,0.00238208390066006,-3.406308735154,0.000658476702709764,0.00293358459560413,"C8orf76"
4.7256554216865,0.0617854435509507,0.0181403231843373,3.40597259062603,0.000659287978516668,0.00293652632702718,"ZBED9-AS1"
322.708286552078,0.0116236150422204,0.0034133749931688,3.40531440743628,0.000660879178302358,0.00294293976583314,"PGPEP1"
5.99691263941971,0.083080664320959,0.024398341795068,3.40517667220128,0.000661212613520107,0.00294375063986716,"ENSG00000243276"
25.6784443653423,-0.0423909404208833,0.0124504128514084,-3.40478190778131,0.000662169142603344,0.00294733455212303,"ENSG00000288930"
908.36459275817,-0.00807712926161866,0.00237264889457654,-3.40426654785778,0.0006634198154613,0.00295222576768194,"ATP2C1"
79.702518262073,0.0294285941971703,0.0086485555458621,3.4027178343383,0.00066719145589642,0.00296833051432783,"C3orf20"
3509.49298764859,-0.00499553452423713,0.00146822151654755,-3.40243925588551,0.00066787200045562,0.002970678774494,"NONO"
622.389543489569,-0.00640938612211812,0.00188424325014275,-3.40157042973754,0.00066999861978609,0.00297945659658419,"ASH2L"
17.8324483281028,0.0330171749633305,0.00970687319112938,3.40142230285889,0.00067036181641525,0.00298039032939269,"ENSG00000272382"
1086.23538889625,0.0582422246841398,0.0171272681980772,3.40055541902931,0.000672491027096001,0.00298908276552246,"TAFA1"
16.0481810186667,0.0563203672553958,0.0165623721993491,3.40050124327053,0.0006726243002772,0.00298908276552246,"SEMA5A"
8.25783030851284,-0.0426113527741074,0.0125339937689617,-3.3996628336953,0.000674689933359465,0.00299757740835426,"ENSG00000286277"
437.829319552261,0.00976526102988863,0.00287301410998213,3.39896034480296,0.000676425230764056,0.00300460085946373,"POT1"
1584.45669038712,0.00950232573548061,0.00279591384438681,3.39864754937205,0.000677199236462179,0.0030073521343438,"SLC2A4RG"
1258.03291236103,-0.00572298209718049,0.00168422766284887,-3.39798604631636,0.000678838824335183,0.00301394521162832,"NCK1"
87.0426924763214,0.0182714518535231,0.00537740761246917,3.39781790228346,0.000679256170486311,0.00301510994343433,"ZNF763"
17.0515278773915,0.0283229101800758,0.00833812722958587,3.39679515558106,0.000681799846828978,0.00302508873825155,"SELENOP"
224.985235301833,-0.0125312701536771,0.00368939885466066,-3.39656151241195,0.000682382182555521,0.00302508873825155,"USP28"
26.3044216042855,0.0636390809302014,0.0187351936108075,3.39676665489546,0.000681870857617099,0.00302508873825155,"ENSG00000289424"
1361.58726717165,-0.00697625964945988,0.00205389479779026,-3.39660028204243,0.000682285520565714,0.00302508873825155,"PSMA3"
98.109049143474,0.0159802930528575,0.00470476309793011,3.3966201316041,0.000682236035773095,0.00302508873825155,"TMEM147-AS1"
491.359642654242,-0.00653441275767057,0.0019238442516955,-3.39653937781696,0.000682437375119419,0.00302508873825155,"EPN1"
182.939748091001,0.0297248400519747,0.00875378031227017,3.39565753213037,0.000684639634254156,0.00303415938160802,"LINC01524"
2049.11317540963,-0.00492968840153372,0.0014518936339061,-3.39535093095707,0.00068540686474638,0.00303686763694347,"MARK3"
259.520521890077,-0.0106611166084468,0.00314085656913096,-3.39433411675868,0.0006879570369901,0.00304747263185936,"SCAMP4"
3517.39312961461,-0.00632749469944265,0.00186427018504373,-3.39408673174389,0.000688578811584413,0.00304953243718771,"CNST"
873.459487594936,-0.00736044362760512,0.00216867620109688,-3.39397998829071,0.000688847260605031,0.00305002687594547,"AASDHPPT"
19.6910449194652,0.027749053941526,0.0081774849475876,3.39334821395326,0.000690438102032659,0.00305567952733498,"ZNF691-DT"
2971.20155594719,-0.0134227701789167,0.00395561201310391,-3.39334852216309,0.000690437325112052,0.00305567952733498,"USP24"
3.46078885569529,-0.0560018609657648,0.0165062943601763,-3.392757922752,0.00069192757182751,0.00306157488617309,"ENSG00000251139"
37.9208529872816,-0.0243816984728925,0.00718680075117444,-3.39256636117373,0.000692411576737923,0.00306301969050019,"RFX5-AS1"
22.4004484298497,0.0302751002830305,0.00892521431760323,3.39208664416258,0.000693625024341954,0.00306768993826179,"ENSG00000286362"
19.1301762165067,0.0260821844246404,0.00769035312901047,3.39154574401142,0.000694995605600964,0.00307305285850065,"GAGE10"
3.75916596347522,0.060931220798371,0.0179662935968558,3.39141851767548,0.000695318348518249,0.00307378118114283,"ENSG00000287618"
3.5136487161853,0.0593733671328502,0.017510185852788,3.39079023101269,0.00069691420554524,0.00307943621355304,"ENSG00000254744"
15.1307813473569,0.0404375638733219,0.0119255747042636,3.39082726628385,0.00069682004109963,0.00307943621355304,"DPEP3"
3.3784468050223,-0.0565042301453495,0.0166655603779224,-3.39047885963698,0.000697706354139023,0.00308223626944314,"DNMBP-AS1"
593.405586303907,0.0135828177609952,0.00400636765095512,3.39030736676326,0.000698143000192785,0.00308346491751813,"HLCS"
714.812864233044,0.00670574725048424,0.0019780801838775,3.39002802067377,0.000698854800170585,0.00308590799503247,"CEP295"
2206.80254037758,0.0122260821905154,0.00361042883258959,3.38632410647636,0.000708356697994333,0.0031271552729659,"IDS"
22.7565157615122,-0.024936448348289,0.00736460193170548,-3.38598726442154,0.000709226749971029,0.00313028579843124,"CACNB3"
33.9840108829715,-0.0432532602438994,0.012775506890778,-3.38563945945045,0.000710126160708638,0.00313354445370774,"ENSG00000229021"
8960.21826767818,-0.00681515319011703,0.00201318424843906,-3.3852605370826,0.000711107246092638,0.00313716195140574,"UBB"
3675.48410111869,-0.00883682622178871,0.00261048262229175,-3.38513121915779,0.000711442357244289,0.00313792863736024,"MED13L"
26.7077916726988,0.0250150512756209,0.00739013243465135,3.38492598026101,0.000711974509309329,0.00313956385866601,"ENSG00000233967"
410.636556195855,-0.0102014012839333,0.00301442873501259,-3.38419056501289,0.000713884363378636,0.00314655897395827,"DHRS4-AS1"
1120.88149560309,-0.00858603488909275,0.0025370610517119,-3.38424449159363,0.000713744155903111,0.00314655897395827,"ADRM1"
4.0491628977429,0.054443990070867,0.0160886701604065,3.38399566452988,0.000714391312133328,0.00314808006622233,"ZPLD1"
836.079285578574,0.00581725101556212,0.00171918009145237,3.38373567986567,0.000715068069732602,0.00315034858989102,"CYB5R4"
791.76497915692,-0.00672958382606269,0.00198932745334256,-3.38284369159805,0.000717394505596983,0.00315988236602512,"EXOC5"
1539.46770508543,-0.00666004617790163,0.00196881597366225,-3.38276724030896,0.000717594228578253,0.00316004648858402,"GADD45GIP1"
50.846317298807,-0.0203793303303025,0.00602513217038673,-3.38238726620239,0.000718587647710459,0.00316370491978636,"FGD6"
20406.2946470549,-0.00782746195803799,0.00231445796031533,-3.38198493653847,0.000719640906658701,0.00316690843335258,"PPIA"
1583.89562334191,-0.00781319020958086,0.00231022468519906,-3.38200446893226,0.000719589739691639,0.00316690843335258,"PGAM1"
1611.31132982553,-0.00942881245730354,0.00278882305890621,-3.38092889299386,0.000722412350419901,0.00317838557521318,"CALCOCO2"
7.97520074420729,0.0454380475732263,0.013441134240086,3.38052181918655,0.000723483305947532,0.00318237760831874,"ENSG00000289038"
686.302772261284,-0.00716397787508412,0.00211943562470052,-3.38013468849586,0.000724503162006502,0.00318614311647942,"MTA1"
831.466057038607,-0.0184341346628337,0.00545458947125941,-3.37956408268017,0.000726008799639816,0.00319152918617633,"MINDY2"
1466.38993077815,0.00636761543693719,0.0018841628691117,3.37954618537794,0.000726056071607129,0.00319152918617633,"NUCB1"
162.61999147435,-0.0257732175037173,0.00762685138572753,-3.37927359538537,0.000726776414373074,0.00319397379936074,"ENSG00000266998"
85.4099789379137,0.0210969662688755,0.00624325545633879,3.37916114700316,0.000727073762382722,0.00319455878746472,"PSMD14-DT"
1261.87369513421,0.0072981701624321,0.00215997107052592,3.37882773617663,0.000727956067292809,0.00319771306795674,"MPRIP"
527.581859107041,-0.0147188904292511,0.0043563976431486,-3.37868386564753,0.000728337098905981,0.0031978879315082,"MTMR10"
162.334612457947,-0.0137195325425731,0.00406061331840487,-3.37868481108231,0.000728334594379648,0.0031978879315082,"TMEM241"
28.5082085962908,0.0677882305525691,0.0200638427133319,3.37862649349446,0.000728489096936551,0.0031978879315082,"ENSG00000278384"
1967.93094864168,-0.00876459664483032,0.00259460747493935,-3.37800485410041,0.000730137918108605,0.00320440267263774,"PRDX5"
52.6750919641904,0.0185490887423831,0.00549148334239165,3.37779204376219,0.000730703167095301,0.00320616000522687,"ENSG00000207751"
1079.86733277928,0.00662110386055035,0.00196035137148488,3.3775087246401,0.00073145632642936,0.00320874086724797,"SNX14"
1343.0090252742,-0.00663981948861407,0.00196610278031269,-3.37714770311148,0.000732417090277622,0.00321181752476421,"ZFX"
2569.44556523041,-0.00651732782794841,0.00192984723533719,-3.37712110503384,0.000732487920407899,0.00321181752476421,"ARHGEF6"
424.0300262895,0.0105515619178098,0.00312570993844448,3.37573291367556,0.000736193489342112,0.00322733819274136,"FKTN"
586.124360875058,-0.00932406121152103,0.00276219253346272,-3.37560148272223,0.000736545225400887,0.0032281525865869,"TUSC2"
9.4953245808053,0.0353190014899542,0.0104666983532552,3.37441667829949,0.000739723057085977,0.0032406200863467,"ENSG00000289555"
2.74828957064561,-0.0652916871826887,0.0193488139545399,-3.37445423456403,0.000739622130155087,0.0032406200863467,"CA3-AS1"
2722.9429464715,-0.00557029377000374,0.00165111069357343,-3.37366464385752,0.00074174673341905,0.00324840140374388,"TOP2B"
109.89144408158,0.011756728401441,0.00348488707978817,3.37363252589395,0.000741833275175071,0.00324840140374388,"PFKM"
139.756093193813,-0.0174685821680192,0.00517978690849154,-3.37245189360626,0.000745021001100895,0.00326162581418265,"ZNF468"
878.672927452414,-0.0145699841813577,0.00432116238641485,-3.37177427702411,0.000746856317939368,0.00326818948036865,"STAT2"
3.8747867227757,-0.169764665275474,0.0503478729116703,-3.37183391189747,0.000746694629215613,0.00326818948036865,"IGHV3-20"
69.5633180899781,0.0176133777497343,0.00522408295037828,3.37157313868052,0.000747401906475907,0.00326984131418418,"ENSG00000286535"
15.0692769511909,0.0341067394879383,0.0101177222610887,3.37098989355618,0.000748986054621401,0.00327603502326082,"WNT1"
2485.71909869627,-0.0134895362594439,0.00400192343960416,-3.3707632000022,0.000749602616522383,0.0032779947153725,"GBP2"
20.7952032229385,-0.0557511486731028,0.0165403837682225,-3.37060792871156,0.000750025195855157,0.00327910543595834,"ENSG00000236911"
20.8187491076209,0.024312980455106,0.00721359934052763,3.37043676913274,0.00075049127237089,0.00328040578401937,"CFAP53"
1412.70275181104,0.0180071864636702,0.00534329909025293,3.37005025537842,0.000751544759250552,0.00328427254823242,"ZNF101"
2759.74436066129,0.0109388906701689,0.00324634678624601,3.36960016610497,0.000752773258998515,0.00328890221491018,"THEM4"
12.8253415142735,0.0360923623775921,0.0107119125402814,3.36936679065192,0.000753410981372064,0.00329021037239964,"ENSG00000291132"
665.465573636945,-0.00817340056125679,0.00242579404520886,-3.36937118689029,0.000753398963564731,0.00329021037239964,"METAP1"
22.4422278826679,-0.0325135160311356,0.00965651287804034,-3.36700384929573,0.000759896276580773,0.0033177873121824,"FKBPL"
516.268276829351,-0.0149558602264011,0.00444224293889942,-3.36673622584597,0.000760634050906786,0.00332026322356102,"ZNRD2"
549.191663397354,0.013039554204116,0.00387480665714742,3.36521415334709,0.000764842706782288,0.00333788545874406,"ZNF682"
285.658245412634,-0.0120776293707698,0.00358964205131229,-3.364577637025,0.000766609129945187,0.00334482914538958,"TEX2"
927.773935875113,-0.00771327744583828,0.00229253635222945,-3.36451696320421,0.000766777705994146,0.00334482914538958,"SMARCB1"
8.34276221279753,0.0331713498515475,0.0098614200329487,3.36374981906422,0.000768912108763779,0.00335338776402786,"ZCCHC24"
17.3576505603244,0.0344044949202358,0.0102329980845112,3.36211290533817,0.000773484900942739,0.00337257449187115,"ENSG00000287821"
43.1971353232659,0.0164794039698231,0.0049024078491829,3.36149183764255,0.000775226478434719,0.00337941063021823,"ODC1-DT"
1664.32092763403,-0.00642827891470431,0.00191281486614879,-3.36063830769302,0.000777625858458184,0.00338911059217346,"PPP1R7"
240.704647855762,-0.0122004282755822,0.00363106021143911,-3.36001816691075,0.000779373474157669,0.00339596627370986,"GDAP1"
1569.19711758178,-0.00802178938744173,0.00238762040414458,-3.35974234996359,0.000780151923325536,0.00339859687807503,"CTSD"
44.5068463801379,0.0167860850523345,0.00499660711919393,3.35949668483091,0.000780845881478736,0.00340085831631055,"ZC2HC1C"
1379.35282329403,0.0207419562078251,0.00617426447597254,3.35942139967335,0.000781058662678181,0.00340102351639877,"AHNAK"
5.31126212114774,0.0439969258313382,0.0130976960727213,3.35913473538076,0.000781869365224567,0.00340302998947932,"ENSG00000260369"
390.823257944272,-0.00844201157794415,0.00251314417499354,-3.35914336389629,0.000781844951905992,0.00340302998947932,"SPIN2B"
485.047890731829,-0.009409213368945,0.0028017099522675,-3.35838239120001,0.000784000752888483,0.0034110795653865,"CILK1"
278.441771362053,0.0134346174834338,0.00400035282811247,3.35835814006757,0.000784069545876461,0.0034110795653865,"SEC31B"
26.6544650304651,0.0217237593676196,0.0064688125389239,3.3582298508272,0.000784433556138078,0.00341190006718286,"MIR222HG"
968.107051910312,-0.00616715325670581,0.00183670672949152,-3.35772345017387,0.000785871958929655,0.00341693704119394,"NNT"
6.70001414310227,-0.0461782272914485,0.0137529404661221,-3.35769847947792,0.000785942950095198,0.00341693704119394,"KCNJ12"
6.42034766487011,-0.0565222354033346,0.0168352909267913,-3.35736612150768,0.000786888403882892,0.00342028298188294,"ENSG00000289993"
7.32804519018317,0.0532003517188074,0.0158478184230444,3.35695111457414,0.000788070450024523,0.00342465556823659,"LINC03063"
17.3426513659359,-0.0401505639958038,0.0119607833889273,-3.35685069198504,0.000788356726850707,0.00342513439668821,"CD163L1"
4.17674498398028,0.0482407638195732,0.0143777644518765,3.35523397820564,0.00079297883321559,0.00344444646826182,"ENSG00000244345"
193.026920493191,0.0106611441002793,0.00317753714820321,3.35515954748406,0.00079319223144697,0.00344460417367158,"CREB3L2"
8.45475846186633,0.0654584975081573,0.019511241543524,3.35491195484091,0.000793902480959573,0.00344691900829122,"OSBPL6"
12.3669138004814,0.0398368924400979,0.0118754908486491,3.35454702022946,0.000794950416343873,0.00345069862716016,"LINC00881"
161.939965918609,0.0207995949105306,0.00620263243327021,3.35334958734037,0.000798397952894306,0.0034648903573733,"SPAG6"
1072.78730695426,0.00900239559823254,0.0026848558937734,3.3530274824472,0.000799327692490664,0.00346737799880372,"METTL15"
2585.73830376024,-0.00486266638486501,0.00145020557336494,-3.35308764093498,0.000799153971768533,0.00346737799880372,"UBA2"
21.3493530287996,0.0273582833053063,0.00815953651522139,3.35292124182178,0.000799634571010099,0.00346793579503176,"LINC02631"
12.4398432279366,-0.0437753550212455,0.0130583177160127,-3.35229667199522,0.000801440867372083,0.00347422026103285,"S100P"
1096.37106046002,0.0111510307107982,0.00332632677360247,3.35235575749566,0.000801269826258549,0.00347422026103285,"CHCHD7"
106.800069702611,-0.0202739620855489,0.00604801216426323,-3.35216952858405,0.000801809037901179,0.00347504179951333,"FBXO5"
42.7202420446697,0.0243721605772308,0.00727113309263259,3.35190681654908,0.000802570273201435,0.00347756613589689,"MGLL"
5.54474337852287,0.0682805289154391,0.0203717090927444,3.35173296479862,0.000803074395339766,0.00347897551531265,"TMEM273"
840.633806140477,0.0211576908576037,0.00631566628942831,3.35003305874777,0.000808019161441024,0.00349961716971484,"RBM43"
17.1686263616522,-0.0298178009278319,0.00890308034164411,-3.34915554882272,0.00081058274534294,0.00350993877552661,"ENSG00000274270"
333.502583538828,-0.0122969335732399,0.00367175911309004,-3.34905782065077,0.000810868717944267,0.00351039560043043,"TBC1D25"
5660.57388206589,-0.0122866083283662,0.00366881249552297,-3.34893329745238,0.000811233233904314,0.00351079131079731,"ENO1"
2242.08221098651,0.0177679126589371,0.00530559145676298,3.34890328509718,0.000811321111615542,0.00351079131079731,"SUPT3H"
244.995349017823,0.0175170440198861,0.00523103871968732,3.34867412736971,0.000811992388423167,0.00351291457900779,"PHF7"
7.34212009769515,0.0424328823784202,0.0126727912420279,3.34834540931254,0.000812956209384142,0.00351630225233065,"PATJ-DT"
3.29323070959465,-0.0604000767312175,0.0180392713014148,-3.3482548004298,0.000813222066600879,0.00351667016839789,"ENSG00000232640"
947.30620282526,-0.00841998809343756,0.00251489945109888,-3.34804164427268,0.000813847810208904,0.00351859385560644,"NBN"
620.702154568045,0.0093680789971485,0.0027981744189784,3.34792532360036,0.000814189470868619,0.00351928875508122,"NFIC"
92.5369375022656,-0.0178776357759264,0.00534071590763477,-3.34742309553848,0.000815666158911068,0.00352488834858458,"MAST2"
1496.69975140257,-0.00599709142875068,0.00179203071032959,-3.3465338479873,0.000818286887051351,0.00353542830742688,"LSM3"
35.9933315176956,0.0305590051245658,0.00913199524069472,3.34636673794861,0.000818780253235965,0.00353677430728242,"ENSG00000234936"
619.4756037373,-0.00978497801691963,0.00292419186657957,-3.34621613880799,0.00081922510999904,0.00353791021638351,"MRPS23"
201.293215614484,-0.0135724986771603,0.00405683419153389,-3.34558871187893,0.000821080888919505,0.00354513748509951,"MED26"
2032.7121049127,-0.00431745513622215,0.00129061592286423,-3.34526721678789,0.000822033305108508,0.00354808271257536,"NGLY1"
196.956537564273,0.020370219427579,0.00608943531345728,3.34517379346523,0.000822310260052939,0.00354808271257536,"APRG1"
129.644273590743,0.0245513112655697,0.00733930328530766,3.34518282065251,0.000822283495033055,0.00354808271257536,"ENSG00000273391"
119.889488236671,0.021542305940245,0.00644020737762127,3.34497084909117,0.000822912190226985,0.00354989244003218,"ENSG00000287625"
461.90820410113,-0.00902840439365605,0.0026993343102209,-3.34467811544144,0.000823781154233021,0.00355285304456463,"GPN1"
18.9899572198834,-0.0252630481405191,0.00755544172106919,-3.3436891016008,0.000826723288869577,0.00356475164970121,"ENSG00000289970"
2136.48422902772,-0.00768439132672203,0.002298329595417,-3.34346794386895,0.000827382524774126,0.00356620874955057,"ARIH2"
207.137856350178,0.0268118865309129,0.0080193685112347,3.34339125248465,0.000827611243405032,0.00356620874955057,"ZNF516"
4.24645392417481,0.0512873531865904,0.0153396569345938,3.34344851421858,0.000827440464758972,0.00356620874955057,"ENSG00000268049"
926.678576982622,-0.00695294315922113,0.00208084052456903,-3.34141087561777,0.00083353772263794,0.00359095066290821,"FAM193A"
392.598267364974,-0.0101664819320079,0.00304290675034323,-3.34104287976001,0.000834643315660057,0.00359491743421253,"STK40"
12.7146369910825,-0.039720957722446,0.0118906192587564,-3.34052893781752,0.000836189660257883,0.00360078040329335,"CDC45"
172.1748227471,-0.0251191031432651,0.00752005244115733,-3.34028297539362,0.000836930649976639,0.0036031735442,"SKAP2"
182.836605349331,0.0185853584109869,0.00556519635484232,3.33956921301001,0.000839084389870391,0.003611646485366,"CCT6B"
2114.88102867779,-0.00646382074599805,0.00193597623446203,-3.33879137095617,0.000841437339917288,0.00362097294219716,"ABCE1"
28.924221139793,0.0254312793211755,0.00761963325645492,3.33759886666876,0.000845056517239059,0.00363574304729417,"SLC51A"
39815.260253868,-0.0076889371030181,0.00230407933585008,-3.3370973748095,0.000846582822401993,0.00364150430750578,"PTPRC"
8.70792048629319,-0.0413169839191786,0.0123828730850148,-3.33662338582623,0.000848027771685074,0.00364579821043619,"TP53I3"
5.05253432881155,-0.0980624360279272,0.0293894449946895,-3.33665491286571,0.000847931590948495,0.00364579821043619,"LINC00923"
878.698758261084,0.00643951366288525,0.00192997112559539,3.33658549471753,0.000848143380917371,0.00364579821043619,"ZSWIM7"
476.567850664409,-0.00838057307136463,0.00251207602028754,-3.33611443430974,0.000849581850183109,0.00365117467253903,"ACLY"
473.607342627996,0.00681834171608298,0.00204461670667685,3.33477746406805,0.00085367686723272,0.00366796305379802,"MAVS"
251.692928790953,0.0321624781587901,0.0096460198720281,3.33427450756722,0.000855222109438969,0.00367379091225649,"PKIA-AS1"
2.13717996820781,0.0776228408888739,0.0232819001335551,3.33404234377759,0.000855936265033202,0.00367604687373831,"ENSG00000255605"
369.051733780462,-0.0129513248571072,0.00388511698829806,-3.33357396858742,0.000857378710612176,0.00368142898457339,"SUFU"
1455.13391698125,0.0115091439373391,0.00345350640562642,3.33259666714055,0.000860395747930433,0.00369275324205535,"KPNA5"
1302.3666292746,-0.005365670301213,0.00161004669067206,-3.33261782549505,0.000860330325626654,0.00369275324205535,"BABAM1"
3.28181591340807,0.0680269708172364,0.0204159433251648,3.33205131566886,0.000862083584664036,0.00369715200792529,"ENSG00000224481"
73.780835614594,0.0160721888422997,0.0048234152107113,3.33211804088697,0.000861876908583239,0.00369715200792529,"HCG25"
787.482441682679,-0.016299102877205,0.00489174182123315,-3.33196302520646,0.000862357128018334,0.00369715200792529,"PTK2"
228.693225131343,-0.0132433447015495,0.00397464270072616,-3.33195854287228,0.000862371017426202,0.00369715200792529,"ROGDI"
6.7912576420166,0.0694198324193376,0.020833977430971,3.33204894021536,0.000862090943290313,0.00369715200792529,"FTCD"
123.249671647331,0.0347698554652861,0.0104364292676929,3.33158540851898,0.000863527976422892,0.00370129631322205,"ENSG00000289540"
171.19482249822,-0.0214326086899608,0.00643434192628897,-3.3309713620274,0.000865435053245533,0.00370865327620156,"FEN1"
2034.07364609381,-0.00700503505331965,0.00210347300835442,-3.33022340933189,0.000867763285160056,0.00371781137877715,"METTL9"
1163.43881474552,-0.0074477351473885,0.00223655839332365,-3.32999807633941,0.000868465840688855,0.00372000199674938,"PTOV1"
12.4283800441225,0.03658961309703,0.010989510183218,3.32950354356155,0.00087000957129064,0.00372579396106874,"HCG14"
317.181808949916,-0.0149125906233916,0.00447918901549171,-3.32930594619137,0.000870627101161722,0.00372761781745469,"ENSG00000285999"
21.556326370096,0.0242466592792051,0.00728364110293075,3.32892010143785,0.000871834112146356,0.00373194234797251,"ARHGEF2-AS2"
27.4827019810367,0.0282392822667497,0.00848316796046335,3.3288604443955,0.000872020871499411,0.00373194234797251,"RC3H1-DT"
1003.52648190438,-0.00781387232857506,0.00234740060281969,-3.32873405552894,0.000872416660706504,0.00373281488504228,"OTUD4"
1027.84580645136,-0.00572458815069565,0.00171989827195041,-3.32844578313567,0.000873320014594161,0.00373585828103607,"MCRIP1"
58.2753391511578,0.034054984983251,0.0102321695286257,3.32822720420904,0.000874005549356342,0.00373795867558471,"SLC2A9"
383.134094042117,-0.0160500864417894,0.00482250074435896,-3.32816671113295,0.000874195363489529,0.00373795867558471,"ING2"
5816.86920349497,0.00564046444382801,0.00169502014093495,3.32766809526923,0.000875761368218861,0.00374383173037914,"TRIR"
343.596138515369,0.0218875794358669,0.00657781202287711,3.32748630695795,0.000876332958138655,0.00374545206960118,"TRAV16"
63.9551742923772,-0.0155434463781086,0.00467225237049774,-3.32675659308462,0.000878630851566106,0.00375444830707652,"CSTF3-DT"
40.0777540372162,0.0211933604593225,0.0063715723614099,3.32623711341368,0.000880270112976694,0.00376062683231049,"ENSG00000289280"
361.608901410133,0.0250431653828096,0.00752985220837244,3.32585085202126,0.000881490830408986,0.00376501496317198,"C11orf21"
11.2496984347816,0.027399762010015,0.00823969490043138,3.32533696224365,0.00088311732988125,0.0037703728640407,"ENSG00000286512"
102.060840408851,-0.0159186516711899,0.00478708637282862,-3.32533203527385,0.000883132937564619,0.0037703728640407,"METTL1"
120.711086103075,0.0111545285125975,0.00335462239985786,3.32512193118072,0.000883798744531684,0.00377238739957994,"SLC29A2"
12.9829450382521,-0.0493624923901655,0.0148480724177507,-3.32450509408569,0.000885756152869041,0.00377991288491788,"AMPH"
1165.0378452715,-0.00838092450285643,0.00252237379079362,-3.32263383541561,0.000891718830747351,0.0038045235746582,"AGO2"
524.239337203052,0.00697887579202184,0.00210065022074947,3.32224552335606,0.000892960821195017,0.00380898704672462,"MRRF"
12875.7463441637,-0.0104407485030743,0.00314276857678742,-3.32214996044888,0.000893266718596553,0.00380945646643753,"NOSIP"
60.3086442076828,0.0182477634707975,0.00549324517993036,3.3218549096381,0.000894211790917755,0.00381265093054389,"ENSG00000271533"
1.85808985526846,0.23704013473727,0.0713729032521088,3.32115023960815,0.000896472658959803,0.00382145292338968,"LINC02945"
325.30077908412,0.00753437361858037,0.00226883199171597,3.32081601726796,0.000897546831553591,0.00382519356278459,"HAUS5"
13.8162708357757,0.0301767995440567,0.00908778751850097,3.32058815004451,0.000898279868342308,0.00382747901842853,"ENSG00000286681"
788.629624722952,0.00550265484403199,0.00165783161668839,3.31918802165437,0.000902796200673493,0.00384588017943498,"UBA5"
3172.71438893993,-0.00582041752522471,0.00175360196577444,-3.31912123664519,0.000903012151093403,0.00384595781714863,"ARHGAP4"
1977.45572170525,0.0054290538567164,0.00163588702211182,3.3187217597141,0.000904304866248072,0.00385062039259879,"VPS29"
845.402557287803,-0.00985136838860951,0.00296853752547796,-3.31859318066844,0.000904721315282379,0.00385155051511437,"TCF20"
327.089301813156,-0.0168732454204709,0.00508584259052342,-3.31768927569864,0.000907653954035339,0.00386318972865238,"SBK1"
17.8240128789162,0.0322169532150403,0.00971084648028654,3.31762563443282,0.000907860764041486,0.00386322461635768,"ADRB2"
1673.31995039094,-0.0082664968123937,0.00249196897624672,-3.31725510678078,0.000909065706091673,0.00386750591627059,"RHOF"
109.06249923808,-0.0171301094966073,0.00516472402182444,-3.31675214865713,0.00091070367848776,0.0038736272141407,"PARPBP"
655.605667060326,-0.0103537630262952,0.00312248297092361,-3.31587493757655,0.000913567018723669,0.00388476483884867,"TAF8"
757.17867711916,-0.0137674196087264,0.00415203112771744,-3.3158276480203,0.000913721615224546,0.00388476483884867,"BLMH"
33.1844638726914,-0.0390758590275424,0.0117865103127224,-3.31530351145274,0.000915436718813372,0.00389120621014836,"SIPA1L2"
54.5050730516379,-0.0185584071974143,0.00559813539445429,-3.31510510013726,0.000916086747421907,0.00389311848898919,"ENSG00000247925"
28.453396991272,-0.0455993752821216,0.013757701372924,-3.3144617727976,0.000918197338163959,0.00390123556675998,"SMCO4"
7065.09516652205,-0.00667121189066314,0.00201300186254765,-3.31406145954584,0.00091951293582023,0.0039059720713342,"SEPTIN9"
469.622481942866,-0.0145277721674295,0.00438403245162874,-3.31379211438824,0.000920399100013093,0.00390888272802504,"TFIP11"
165.212039168306,0.0135204006923856,0.00408040871324223,3.3134917706914,0.000921388184720175,0.00391222911613013,"AMIGO1"
764.046636977734,-0.00746239915788997,0.00225223808864628,-3.31332606242143,0.000921934312755987,0.00391369365286266,"MIF4GD"
10.6476352172389,0.048671116815381,0.0146904137298741,3.31312090389969,0.000922610873324848,0.00391571112743653,"ENSG00000224635"
9.51071764455306,0.0370371240783691,0.011180893310738,3.31253711568817,0.000924538576116256,0.00392303661519138,"ENSG00000287508"
600.648487493035,-0.0136313944110762,0.00411534042125457,-3.31233701607621,0.00092520017508675,0.00392498770024261,"AAR2"
673.388390357473,-0.00744715200158976,0.00224874488530433,-3.31169269144637,0.000927333518244212,0.00393318017081731,"COA8"
96.5306573071534,-0.0124216558027052,0.00375121048577305,-3.31137264885986,0.000928394864809911,0.00393682330835351,"ZNF865"
18.3716724802292,0.0259893376472039,0.00785025706911666,3.31063523377436,0.00093084461551573,0.00394635104978127,"ENSG00000267345"
1244.5835461117,-0.0118296113437075,0.00357346024552423,-3.3104079885943,0.000931600748149062,0.00394869604537969,"CTDSP2"
140.869016168845,0.0230427330383583,0.00696153811871239,3.31000601381758,0.000932939667536237,0.00395350968916064,"CPT1B"
2215.96967153635,0.00551367023668697,0.00166595386576266,3.30961760106296,0.000934235107249384,0.00395680247488477,"LSM5"
2582.6579204879,-0.035136064455792,0.0106164155697786,-3.30959769093937,0.00093430155665675,0.00395680247488477,"XAF1"
42.4771259244211,-0.0334956162675535,0.0101207749211541,-3.30959007867493,0.000934326963505514,0.00395680247488477,"SYT5"
18.8865831402606,0.0249629454330463,0.00754490188737494,3.30858449926531,0.000937688838676561,0.00397017535940309,"ZNF572"
352.414829971564,0.0132947558049806,0.00401860691041307,3.30829964247834,0.000938643213073336,0.00397335128128171,"PRDX4"
845.056225831546,-0.00790701945441508,0.00239019593394518,-3.30810513988449,0.000939295384799186,0.00397524685155113,"TBP"
2.39833897097597,0.0794569386048893,0.0240203729239902,3.30789779394025,0.000939991082840934,0.00397732576731325,"ENSG00000289849"
361.195934060964,0.0119792616173817,0.00362200422555863,3.30735716232748,0.000941807284120295,0.00398414386329357,"MEGF6"
63.1466239510777,-0.0164224378407246,0.00496555249326549,-3.30727303014064,0.000942090210457482,0.00398447416473331,"ZNF304"
1238.52922824004,-0.00695955090831642,0.00210502286289767,-3.30616404742333,0.000945826951349476,0.0039994087023258,"TNIP1"
829.975760605141,-0.0110207776367769,0.00333396129011279,-3.30561055686525,0.00094769708152363,0.00400644554069031,"GART"
84.8908819587513,0.024338434436583,0.00736329768679223,3.30537151584128,0.000948505810329834,0.00400899315878436,"ENSG00000257342"
9165.27943152744,0.00605471288392659,0.00183186517850949,3.30521752089477,0.00094902714791942,0.00400945418205487,"FUS"
3.6096605850274,0.0498146080013493,0.0150715008312202,3.30521880728425,0.000949022791851445,0.00400945418205487,"SIX5"
42.9137820868741,0.020090068960412,0.00608032285397283,3.30411220635847,0.000952776898941302,0.00402367178545532,"ENSG00000286292"
6.13676558066756,-0.0379441448306814,0.0114839452373498,-3.30410360259066,0.00095280614075406,0.00402367178545532,"ENSG00000287765"
1588.77310495039,-0.00918644478361598,0.00278039475092642,-3.3040073826046,0.000953133222351255,0.00402417935922602,"CDC5L"
410.983841173109,0.0116679986804623,0.00353158040430072,3.30390288332475,0.000953488565646312,0.00402480600919844,"LEPROT"
3929.94157390814,-0.00492820909142578,0.00149183556168017,-3.30345328802555,0.000955018786581394,0.00403039063089492,"LNPEP"
2918.19908624405,-0.00672056505658426,0.00203511117937645,-3.30230855428912,0.00095892522216611,0.00404599880615032,"SRSF4"
1344.51632184632,0.00858081253544743,0.00259876005971606,3.30188718399227,0.000960366882651322,0.00405088704182892,"CCNG1"
1.63050106459944,-0.0956939759886524,0.0289819426981873,-3.3018482227086,0.000960500284659656,0.00405088704182892,"ANKRD62P1-PARP4P3"
1637.96928990924,-0.00638738785016627,0.00193454409651496,-3.30175355613398,0.000960824491059802,0.00405137593227926,"GIT2"
75.5638164855984,-0.0155328397090395,0.00470453007458545,-3.30167720532815,0.000961086044935293,0.00405160048982149,"DCLRE1B"
1298.17941871573,-0.00542227843603998,0.00164258628086355,-3.30106156322538,0.000963197452232503,0.00405962159119706,"INTS8"
20153.3590694232,-0.00803908355632169,0.00243545692380598,-3.30085228678925,0.000963916164916558,0.00406177065073483,"CFL1"
28.5804277340285,-0.028595788047402,0.00866354737546351,-3.30070198823979,0.00096443263776853,0.00406306676136792,"ARMCX1"
538.710938111419,-0.0106090437221398,0.00321425240981813,-3.30062557928987,0.000964695301087709,0.0040632932657984,"SLX4IP"
31.5664547913107,0.0179951407940681,0.0054525117470995,3.3003396652269,0.000965678746838189,0.00406655494798649,"ENSG00000270050"
246.035591972531,0.0113108042310081,0.00342725374622734,3.3002529338421,0.00096597725638307,0.00406693151816171,"ZNF589"
135.330717726586,0.0386808276612754,0.0117259259058719,3.29874399444274,0.000971184375896439,0.00408796955108453,"SPINK2"
1033.52765520097,-0.00698493998336257,0.00211763849866492,-3.29845721437643,0.000972176944953487,0.00409126217141719,"PSMD14"
409.708548000064,0.0175591734195497,0.00532585392066892,3.2969686516194,0.000977344091472817,0.00411211765590261,"TRIM66"
2.09670235373792,0.0742067263043637,0.0225104801538698,3.29654124643835,0.000978832406447513,0.00411748900039156,"OLFML1"
2521.16415291846,-0.00886445548599649,0.0026892246786472,-3.29628667934719,0.000979719859717438,0.00412033102515976,"HERPUD2"
63.1047589593178,0.0173295507375186,0.00525751717715438,3.29614724091082,0.00098020627560696,0.00412059482749751,"WDR5B"
658.772935384964,-0.00658569983555542,0.00199797238533414,-3.29619162101384,0.000980051436167247,0.00412059482749751,"COQ4"
72.797152146312,0.0232899771687709,0.00706618374565959,3.29597672620341,0.000980801401633244,0.0041222057180571,"ARMCX2"
181.068171911598,-0.027339696983482,0.00829638010756086,-3.29537661353849,0.00098289856122041,0.00413012743882009,"GEMIN7"
284.495567168468,-0.0259020647216572,0.00786345913832864,-3.29397842171055,0.000987800812806224,0.00414983015332481,"CAPG"
132.530002317095,0.0136680060107826,0.00415029362721023,3.29326241429574,0.000990319988271232,0.00415951502739446,"ORAI3"
38.5638177901362,0.0261954023833135,0.0079556023658719,3.29269880250514,0.000992307162877368,0.00416696170663378,"TMEM231"
6.20577347207029,-0.0518948074091323,0.0157620347677252,-3.29239264941819,0.000993388139884048,0.00417060062786199,"NR6A1"
511.032161885106,0.00810485152605979,0.0024619034797069,3.29210775031063,0.000994395051761997,0.00417392709361731,"SACS"
1683.10826447246,-0.00577321292767424,0.00175386198027671,-3.291714509236,0.000995786426269428,0.00417857505889905,"API5"
940.053359572266,0.0189357920613795,0.00575263394632438,3.29167338615009,0.000995932032957483,0.00417857505889905,"HOOK2"
1879.31278596313,-0.0198037318191899,0.006016704234404,-3.29145842103232,0.000996693492215374,0.00418086804336451,"CCT5"
427.985648138739,-0.0105664437680608,0.00321189920032262,-3.28978062792239,0.00100265519389161,0.0042049689901651,"RRAGC"
611.067656138967,-0.00698780945681826,0.00212413766689185,-3.28971590012016,0.00100288585116107,0.00420502968116706,"ILRUN"
153.559053290946,-0.0125897964786698,0.00382777109305645,-3.28906723328039,0.00100520008718294,0.00421382476202484,"FBXO41"
109.386417435404,-0.0111661023363412,0.00339526207166291,-3.28873061951072,0.00100640296493035,0.0042179582139324,"SLC38A7"
1279.70484261832,-0.00660204962956289,0.00200751396567431,-3.28866934051207,0.00100662208664133,0.00421796773099108,"AGFG1"
7025.21086905121,0.00638773712200303,0.00194269894800199,3.28807359914032,0.00100875464414107,0.00422599323351023,"SLC38A1"
14784.5929350475,-0.00865796427120827,0.00263321759656403,-3.28797904225829,0.00100909351089264,0.00422650255821979,"SLC25A6"
121.815958018101,-0.0103042441068314,0.00313421073394499,-3.28766792712165,0.0010102092087739,0.00423026465443726,"NACC1"
205.273870368132,0.0133072655655133,0.00404885129184928,3.28667678961242,0.00101377116991196,0.00424426668660301,"MBOAT7"
460.075156453587,0.0113778351331631,0.00346206230911086,3.28643280140305,0.00101464979882631,0.00424703103872833,"PTER"
412.06234072203,0.00797716267795725,0.00242738669771246,3.28631720915124,0.00101506630551566,0.00424786030735478,"ERMARD"
294.869752264768,0.00954496215049539,0.00290503714003908,3.2856592499079,0.0010174401065704,0.0042568783637128,"AFG1L"
449.303885080415,0.0125022682018717,0.00380599685852789,3.28488663196305,0.00102023413495314,0.0042676503567685,"CTSA"
3703.13640304956,-0.00743176135294946,0.00226267755015706,-3.28449864738067,0.00102163988562048,0.00427261178568134,"KAT6B"
9.87954866620549,-0.0426717078476827,0.0129935339759089,-3.28407251843875,0.00102318590704386,0.00427723814268433,"DTL"
124.205841567829,0.038503648722964,0.011724288637672,3.28409252901243,0.00102311325905311,0.00427723814268433,"SPATA6L"
686.717354822991,-0.0120494441125842,0.00366968263971114,-3.28351121761653,0.00102522564479518,0.00428484400879052,"ATL2"
42.973642055003,0.0214611222565318,0.00653702864101323,3.28300875444923,0.001027054761217,0.00429156652211209,"ENSG00000288764"
4472.26459995626,0.00678921575569943,0.00206860392972323,3.28202787307273,0.00103063416888331,0.00430559819994615,"BBX"
22.18052670257,0.0323186874789016,0.00984888170284215,3.28145757599821,0.00103272058649343,0.00431246202831338,"ENSG00000288990"
95.0577693465775,0.0146563602750735,0.00446639002791381,3.2814779236643,0.00103264607787172,0.00431246202831338,"ING2-DT"
2920.52165326002,-0.0133370083908265,0.00406453409791524,-3.28131295482727,0.00103325030037475,0.00431374792714942,"PPP1CA"
3.69684694474879,-0.0650896023944306,0.0198370944816038,-3.28120645161984,0.00103364055773221,0.00431445117777881,"ENSG00000272369"
362.789452782437,-0.0131683996627452,0.00401373396569463,-3.28083519617779,0.00103500200762394,0.00431920704790675,"PDK2"
18.7620378106876,0.0272610518101804,0.00830933785633296,3.28077306297077,0.00103523002153495,0.00431923190666588,"TRIM9"
27386.7756626472,-0.0098967811992529,0.00301698182678693,-3.28035824126687,0.00103675350888647,0.00432466062649596,"EEF2"
870.571259443593,-0.00968051238637941,0.00295149588343919,-3.27986647065871,0.00103856228887045,0.00433127681835746,"SVBP"
1370.05291818883,-0.0074656482148651,0.00227640360258939,-3.27958021432271,0.0010396165116232,0.00433405141756927,"PPP2R2A"
244.123632319602,-0.00903590237110796,0.0027552138350849,-3.2795648221727,0.00103967322576619,0.00433405141756927,"COLGALT1"
15.7102491151467,0.0265813408051916,0.00810703716868319,3.27879843796364,0.00104250067910702,0.00434490694435625,"ENSG00000272356"
305.139541010584,-0.0100619888594505,0.0030689684763878,-3.27862242211542,0.00104315106569352,0.00434668624224606,"RNF31"
3987.20343826211,-0.0141861667671781,0.00432773902425783,-3.27796262382317,0.00104559239346903,0.00435592581824074,"CBLB"
534.256293118316,-0.011637675847304,0.00355092289290175,-3.27736653211129,0.00104780254434529,0.00436419856318205,"MAP7D3"
8533.39841335744,-0.00859035087075774,0.0026214797197384,-3.27690914641712,0.00104950133994322,0.00436974529371306,"MCUB"
188.142139394271,-0.0187307672108971,0.0057160247126596,-3.27688702419585,0.0010495835695968,0.00436974529371306,"CCZ1B"
13.8486319887832,0.0385272205978,0.0117578916102723,3.27671166522243,0.00105023560060262,0.00437152421727405,"ENSG00000286760"
24.5710223363825,0.0355981306518657,0.010864687125928,3.27649846141567,0.00105102885353073,0.00437389007916693,"ENSG00000261889"
8.43698638198153,0.0406794297038075,0.0124159443965229,3.27638626629157,0.00105144651289596,0.00437469221868219,"ENSG00000289630"
8.73607445184317,0.0557872122211724,0.0170281021091174,3.27618497138927,0.0010521962414575,0.00437687534058806,"CLU"
212.860275633838,0.0114873021006409,0.00350815072771709,3.27446081774148,0.00105863819210954,0.00440273069803777,"FLCN"
441.616436073226,0.011563535970757,0.00353168678878272,3.27422465873386,0.00105952338812282,0.00440547016297071,"LAX1"
446.517161620751,-0.015358137617232,0.00469154719234961,-3.27357628252704,0.00106195722205957,0.00441464627618737,"TSFM"
23254.954302013,-0.0240511327313823,0.00734786410427715,-3.27321414632346,0.00106331883635746,0.00441891978317277,"JUN"
3.20969838061469,-0.0944886011062101,0.0288675055775914,-3.27318205074004,0.00106343959205345,0.00441891978317277,"BIRC5"
510.820451529951,-0.00638141846244316,0.00194983424268217,-3.27280048875588,0.00106487614447702,0.00442394401670709,"WRAP73"
132.490782157233,-0.020906887086041,0.00639148274917874,-3.27105429311021,0.00107147337694753,0.00445040116485295,"CD79A"
159.960696413383,-0.0136388034751403,0.00416965070920885,-3.27097026257342,0.001071791800854,0.00445077333868727,"SLC38A5"
161.217516676611,0.0112328187563145,0.00343487356600829,3.27022772176394,0.00107460937932483,0.00446152124594391,"PYROXD2"
9.12521445283959,-0.0355259982983815,0.0108646640703823,-3.26986624420607,0.00107598348764146,0.00446627290185961,"MEX3D"
976.564311772405,-0.00725606136841597,0.00221927534306346,-3.26956336945545,0.00107713607648564,0.00447010322673825,"ATP2A3"
657.745050443157,0.00861739562378445,0.00263619096686052,3.26888140203554,0.00107973548315962,0.00447993491530244,"RNFT1"
68.0834711004126,0.0225556319383035,0.00690051236916185,3.26868944385982,0.00108046820224151,0.00448201898097667,"SAP30-DT"
2.41546369019271,-0.0804243855258507,0.0246086350690494,-3.26813678613982,0.00108258030809402,0.00448886582236983,"PLA2G4A"
1.87323056237248,0.156621364162409,0.0479233981769408,3.26816065054774,0.00108248902605488,0.00448886582236983,"ENSG00000285424"
89.0470902370652,0.0169560021335039,0.00518877300259036,3.26782499928964,0.00108377355598665,0.00449285580509299,"LINC01980"
163.445220986878,-0.0123988656460396,0.00379429868249734,-3.26776215674168,0.00108401420965835,0.00449289588580112,"BORA"
139.575880138213,0.0131960650091403,0.00403860552236178,3.26748055388762,0.00108509320652015,0.00449640987644302,"IQCH-AS1"
3849.60116257737,-0.0161555367209077,0.00494552417814136,-3.26669856196706,0.00108809471867356,0.00450788719338005,"ZFP36L1"
437.00473925081,-0.0110495730068269,0.00338385789174335,-3.26537737704292,0.00109318326209082,0.00452800418035103,"NEMP2"
302.857257648546,0.00901706802193627,0.00276197031917766,3.26472299840679,0.00109571174275354,0.00453751098750248,"COQ10A"
2093.58871365829,0.00801897662842942,0.00245633931844602,3.26460459603869,0.00109616981998642,0.00453844171318769,"LSM8"
129.450917080537,-0.0857624819705429,0.0262721262890944,-3.2643905950674,0.00109699820018234,0.00454090487162094,"MPPED2"
6.3862447754422,0.0586500888342163,0.0179824926135835,3.26151051995504,0.00110820320418604,0.00458631074991973,"TNFRSF18"
907.364532381127,0.00792403107946454,0.00242977416150721,3.261221229939,0.0011093345237379,0.00458903994496511,"RTTN"
157.710930499293,0.0107945383184647,0.00330992694211227,3.26126180645426,0.00110917577776589,0.00458903994496511,"ZSWIM9"
255.172181064452,-0.00869807335925366,0.00266739346186408,-3.26088876036125,0.00111063602343335,0.00459344701080207,"ELL"
17.4901167911408,0.0303868060508362,0.00932002135151701,3.26037944600741,0.00111263254568144,0.00460072611523164,"PIK3CD-AS1"
158.770906657207,0.0189603770575442,0.00581638778871406,3.25981996838902,0.00111482953349505,0.00460883087269123,"ENSG00000272583"
275.378506248375,0.0126068825011882,0.00386752808641662,3.259674453423,0.00111540160668399,0.00461021603306638,"SMIM14"
859.832751596309,-0.0139566951178525,0.00428203514632872,-3.25936024364922,0.00111663780753476,0.00461434501685972,"MAGED2"
618.262718096158,-0.021557291597833,0.00661511435398419,-3.25879349082596,0.00111887079650569,0.00462259045514701,"JPT1"
34.1652665797697,0.0214213429796816,0.00657355141557689,3.25871688307191,0.00111917294528534,0.0046228568610629,"ENSG00000247970"
22.1796632117294,0.0297470320454219,0.00912968559513746,3.2582756257527,0.00112091477827475,0.00462766505033418,"ENSG00000286415"
331.638139275254,0.00994637800345916,0.00305268313651375,3.25824121229242,0.00112105072835199,0.00462766505033418,"MCEE"
79.3028101314183,0.0239188469562328,0.00734084029607616,3.2583254765831,0.0011207178700333,0.00462766505033418,"ENSG00000259001"
26.0773025163396,0.027719467937649,0.0085079130858848,3.2580807605613,0.00112168479279002,0.00462930000096726,"HDAC11-AS1"
461.559299880884,0.0137918192623763,0.00423328359481055,3.25794834045214,0.00112220833310695,0.00463047821112925,"ENSG00000290832"
239.010582323652,-0.00975177539909314,0.0029940656823583,-3.2570345589119,0.00112582725165366,0.00464442542352393,"YIPF1"
29.0551728672277,0.0307395120817043,0.00943829277154049,3.25689325662729,0.00112638782407586,0.00464575266456734,"ENSG00000271933"
219.358266311473,-0.0153283049292097,0.00470723185217342,-3.25633098402245,0.00112862102135715,0.00465397657121433,"TMEM184B"
237.938077016629,-0.0171162561142135,0.00525670109235086,-3.25608319999775,0.00112960645238429,0.00465705279892473,"BRF2"
291.988260530424,-0.00944778229524446,0.00290223743690464,-3.25534436814409,0.00113254949251928,0.0046681966897632,"TRUB1"
8999.5344074033,0.0113120639443465,0.00347516406901328,3.25511651240064,0.00113345855521321,0.00467095388929069,"PDE7A"
24.0365428654645,0.0294469400387943,0.00904802191196065,3.2545168795257,0.0011358540996368,0.00467983437662263,"LINC03014"
290.354767692691,-0.00913312115549859,0.00280645470866105,-3.25432693686903,0.00113661389959222,0.00468197309635074,"RCBTB1"
344.445262995774,-0.0146982936259482,0.0045169282936571,-3.25404626117007,0.00113773750583787,0.00468560919459083,"HSPA13"
668.930073334845,-0.00859264443800883,0.00264117796814061,-3.25333792029851,0.00114057771634586,0.00469631184602948,"HMGXB3"
283.320485525249,0.0149834508797235,0.00460617814728741,3.25290303601204,0.0011423247028182,0.0047015329885561,"PHOSPHO2"
27.5106384023266,-0.0259201300146972,0.00796830972356931,-3.25290192197582,0.0011423291812203,0.0047015329885561,"ENSG00000261338"
8.59622132227513,0.0350978553614184,0.0107902122364602,3.25274930578498,0.00114294284851232,0.00470184118114322,"ENSG00000254180"
1020.16317713826,-0.00892522874023903,0.00274387716773006,-3.25277998782381,0.0011428194520513,0.00470184118114322,"MBTD1"
2076.84033430959,-0.00741357886761116,0.00227920561691859,-3.25270296483126,0.00114312924505816,0.00470184118114322,"AKAP17A"
13.0221821819376,-0.0443615830398967,0.0136396538896891,-3.25239800061436,0.00114435659927733,0.00470589433668993,"CPA6"
4.14704549235178,0.0451255460641324,0.0138775902001626,3.2516845801949,0.00114723257922756,0.00471672392698271,"DMRTC1B"
3.28625553417906,0.0665968156487667,0.0204819430380291,3.25148915437932,0.00114802155547145,0.00471897026108941,"LINC02609"
103.21261317741,0.0353820126869341,0.0108839441623862,3.25084474516241,0.00115062672955482,0.00472867959361309,"ENSG00000289200"
39.8827227584892,-0.0260534308206514,0.00801584355812246,-3.25024192796919,0.00115306870370312,0.00473771427032727,"IRGQ"
24.1880022235611,-0.0338826878456184,0.0104264664610338,-3.24968079763611,0.00115534611076963,0.00474606910255123,"NEFH"
3467.58552132106,-0.00850173325164126,0.00261707390391255,-3.24856445166912,0.00115988928678236,0.00476372603826089,"RAB2A"
892.606586381703,0.00684176926092196,0.00210615196702739,3.24846894622631,0.00116027872950343,0.00476431952028102,"BRWD3"
100.590007597129,-0.0116303098612825,0.0035805269222907,-3.24821181733827,0.00116132782517175,0.00476762083736087,"NLRX1"
2679.03093901612,0.00598344871414452,0.00184212468478105,3.24812362788336,0.00116168784335865,0.00476809247545242,"SAFB2"
20.4532673493116,0.0215685457053618,0.00664136909011011,3.2476053375019,0.00116380575932916,0.00477577760015011,"B9D1"
269.596248779638,-0.0133517061125598,0.00411195149762865,-3.24704854137011,0.00116608499876522,0.00478412134802412,"NOTCH1"
1237.51781386354,-0.00731608245687767,0.00225321325095266,-3.24695518889941,0.00116646753971678,0.00478468159321617,"FAM174C"
1568.76974089365,-0.00587342381508863,0.00180907111790964,-3.24665169707385,0.00116771199394327,0.00478877630069377,"ESCO1"
375.168260053487,-0.0069224127858635,0.00213246560067929,-3.24620138475313,0.00116956073976183,0.00479534695385903,"TRIP4"
1992.72629075285,-0.00521793055616364,0.00160748930121326,-3.2460126187001,0.00117033651826147,0.00479751646295127,"CHD8"
561.028949621,0.0241994759018022,0.00745558402681857,3.24581894788577,0.00117113294822051,0.00479976969570946,"ENSG00000286458"
5.25041136322669,0.0423815260788164,0.0130595553770216,3.24525030564112,0.00117347426327685,0.00480835220033664,"ENSG00000277715"
5340.27211707896,0.00442475033879676,0.00136353494159243,3.24505827010875,0.00117426592262575,0.00480956969067034,"ASH1L"
88.2623612911983,0.0373870625926556,0.0115211544835082,3.24507953141092,0.00117417824940852,0.00480956969067034,"RHOB"
520.673143013539,0.0107447106132944,0.00331160384052169,3.24456400304262,0.00117630579058342,0.00481691030160803,"HDDC3"
33.2338074748744,0.0189889157996307,0.00585363345528997,3.24395368187434,0.00117882913810288,0.0048252116088466,"ENSG00000228084"
1173.16039146185,-0.00547967251566443,0.00168917033581275,-3.24400233622849,0.00117862779537501,0.0048252116088466,"BMS1"
229.684499296649,-0.00949531091094171,0.00292743277820225,-3.24356240786948,0.00118044947433033,0.00483082741956644,"MEMO1"
76.1248621371149,0.0220586864663186,0.00680131487368152,3.24329734411757,0.00118154832014027,0.00483430718869338,"LINC01841"
226.234370006523,-0.0382112799428457,0.0117824372305959,-3.24307095340352,0.00118248759163118,0.00483713273287445,"ZNF667-AS1"
20.1286827059741,0.0276098809474073,0.00851406765218939,3.24285430599173,0.00118338708514071,0.00483979440560808,"ENSG00000286608"
1223.90156837826,0.0058306545352828,0.00179811017833331,3.24265698817595,0.0011842068746041,0.00484212905569147,"SDF4"
6434.24242174721,0.0128022913017166,0.00394817787429202,3.24258220103934,0.00118451772722454,0.00484238215894168,"SNHG32"
187.721819700752,0.00810361427635619,0.00249922377833362,3.24245245528168,0.00118505719413364,0.00484356954887442,"GTPBP2"
1218.35675507729,-0.00640676371888108,0.00197617189644026,-3.24200730231099,0.00118690981145928,0.00484960221098735,"ZC3H8"
983.034210906372,-0.0102157957728076,0.00315115783108946,-3.24191815212115,0.00118728115411659,0.00484960221098735,"DDX10"
359.637344187323,-0.00776353429075956,0.00239470086489772,-3.24196412360303,0.0011870896529306,0.00484960221098735,"GDE1"
523.066402343348,-0.00760584356454877,0.00234643222403207,-3.24145035456384,0.00118923145950029,0.00485654862875083,"ERCC8"
73.363683604015,0.0354907937669176,0.0109494659111708,3.2413264770028,0.001189748415709,0.0048576398895793,"FOSL2-AS1"
3593.48757635049,0.00565682040162667,0.00174529181561957,3.24118886652691,0.00119032292446717,0.00485896562514394,"PSAP"
221.886146597357,0.00756665845857697,0.0023349733247944,3.24057597499245,0.00119288479416241,0.00486840162216808,"PICK1"
9.2133058250928,0.0540840382303184,0.0166902455693052,3.24045790732903,0.00119337889854115,0.00486939646644094,"ENSG00000257703"
4.77012469019145,-0.0480572611742809,0.0148346051609713,-3.23953759825814,0.00119723680945799,0.00488411350267773,"HYMAI"
91.5875948538727,0.0272970605675055,0.00842716318484607,3.23917550529836,0.00119875784934675,0.00488865070532791,"TSPAN33"
953.300715528414,-0.00906752463918212,0.0027993503621039,-3.23915318422924,0.0011988516716063,0.00488865070532791,"PRELID3B"
34.306197483342,0.0252990649120836,0.00781100028206818,3.23890206100274,0.00119990768668381,0.00489193133801863,"ENSG00000289170"
1623.93677363755,-0.0209227473485856,0.0064604236698102,-3.23860297991885,0.00120116649369829,0.00489603718963232,"GBP4"
290.470425302931,0.00851949829412426,0.00263180802601073,3.23712756018836,0.00120739428376475,0.00492039099382112,"ACAD10"
1988.43061145501,0.00800746160556159,0.00247421662243851,3.23636238352876,0.00121063584996084,0.00493256764088569,"SMG6"
902.609676334631,-0.0276615027917055,0.00854727418426266,-3.23629524400144,0.00121092066067081,0.00493269482109068,"RAB30"
2.81446079798447,0.0660308921352392,0.0204082739856626,3.2354961610976,0.00121431518316138,0.0049454867310871,"PEG10"
836.492797892716,-0.00924574943445012,0.00285770068485232,-3.23538062731994,0.00121480669993417,0.00494645281984917,"RABL3"
342.588891218819,0.00865355179519774,0.00267472332965412,3.23530725561689,0.00121511894147663,0.00494668868368814,"MDC1"
26.0645529942931,0.0225673038691842,0.00698021242522762,3.23303969770638,0.00122480541428644,0.00498507849200365,"ENSG00000267546"
58.3956569079668,-0.0333906245062095,0.0103281778684564,-3.23296373585788,0.00122513113656076,0.00498536103289609,"TBXA2R"
931.117380721946,-0.0328533605007007,0.0101623727152831,-3.23284349247425,0.00122564690037096,0.004986416619769,"VAV3"
1621.20765652552,-0.00773041185787248,0.00239153419431596,-3.23240699474238,0.0012275208698903,0.00499299632794568,"GATAD2B"
30.6351337359727,0.0242313383855835,0.00749748208993243,3.23193014600477,0.0012295710983524,0.00500029007611385,"PEG13"
45.2222452984443,0.0191211781884767,0.0059173396051032,3.23138090164477,0.00123193651338589,0.00500676914372524,"EIF2AK3-DT"
6.69570301812867,0.0349936367032097,0.0108292386096334,3.23140323753514,0.00123184023812484,0.00500676914372524,"ENSG00000286873"
407.605680747698,-0.00860110754436246,0.00266167640998859,-3.23146251440811,0.00123158476839173,0.00500676914372524,"RAD18"
145.384696942358,0.0127780271190631,0.00395449088841231,3.23126983463434,0.00123241535305936,0.00500766890168323,"EOLA1-DT"
120.098962724243,0.015890432108997,0.00491790379695842,3.23113927499451,0.00123297845046677,0.0050089105764472,"ZNF594"
101.892494801576,0.0252495564497122,0.00781637459183562,3.23034114512448,0.00123642591510707,0.00502186687716592,"ENSG00000254873"
18.5793335263406,0.0269596995446348,0.0083462236804439,3.23016738789355,0.00123717762594462,0.00502387098168034,"BACE1-AS"
2.80440135157671,0.0759309437804032,0.0235077843382913,3.23003404692296,0.00123775477360669,0.0050251655398505,"CGREF1"
1055.80298016879,-0.0091312503624477,0.00282710311303402,-3.22989646905667,0.00123835052068219,0.00502651726636589,"MRPL55"
662.752941413838,0.00938753382920621,0.00290671781641108,3.22959930138557,0.00123963823591369,0.00502651726636589,"UFSP2"
935.860998722046,0.0172049915972671,0.00532704268860193,3.22974539589854,0.00123900501082051,0.00502651726636589,"ERCC6L2-AS1"
1096.18711334691,-0.00632736210021524,0.001959091216088,-3.22974348935625,0.00123901327252257,0.00502651726636589,"TIMM9"
1022.78340395226,-0.0133784733629068,0.00414238363250123,-3.22965580926379,0.00123939327542655,0.00502651726636589,"XYLT1"
6.86346011887523,0.0497789758998328,0.015413306786718,3.22961040019838,0.0012395901192609,0.00502651726636589,"NOD2"
425.030308616934,-0.00781845285949537,0.00242139286412485,-3.22890720268194,0.00124264209893285,0.00503659751330337,"POLR3A"
215.502270207487,0.0119681127185247,0.00370652488902476,3.22893089264367,0.00124253916820454,0.00503659751330337,"HMGN5"
20264.3874938566,0.00507189739106458,0.00157094304763566,3.22856859686798,0.00124411417120907,0.00504151348837244,"COX7C"
16.9846549283126,0.025182183433017,0.00780027093883731,3.22837291556575,0.00124496562016846,0.00504391299268834,"CC2D2B"
588.198151847928,-0.0110710902452462,0.00342971147065053,-3.22799464036146,0.00124661309784229,0.00504953589465439,"SRA1"
379.93471238619,-0.00750459520991068,0.00232503535123253,-3.22773380883538,0.00124775025298292,0.00505308977113694,"AVEN"
1080.39386947404,-0.00770879138176502,0.0023885054045884,-3.22745402499662,0.00124897109980255,0.00505698102878004,"GTPBP4"
229.648154249245,0.0269138218502738,0.00833926538599798,3.2273612368139,0.00124937622786146,0.00505756857609432,"PLPP6"
10.1717217002097,0.0336610963206178,0.0104315126487958,3.22686627087621,0.00125153937917684,0.0050652710079835,"ENSG00000288095"
287.05781558214,-0.0187133831966062,0.00580007929816811,-3.22640126705105,0.0012535747369724,0.00507168514342742,"TLR1"
1449.83683293311,0.0178722265257902,0.00553939660992699,3.2263850712119,0.00125364568246358,0.00507168514342742,"CLIC1"
29.8573056648706,-0.0341700141882689,0.0105915371091885,-3.22616196648411,0.00125462336482085,0.00507458495927018,"LINC02284"
63.2161369281553,0.0154566972455767,0.00479217345837592,3.22540437649663,0.00125794850776272,0.0050869763876284,"ABCA2"
1258.20408951527,0.00636377973613608,0.00197323168310996,3.22505450860504,0.0012594868599686,0.00509213862258351,"TUG1"
1864.70912545374,-0.00740668567000989,0.00229678900821521,-3.22480020738408,0.00126060610000289,0.00509560458253456,"TANK"
167.053545335968,0.0151856054569849,0.00470957754280779,3.22440926366645,0.00126232852720826,0.00510044706745489,"PIGM"
588.693255091328,0.0176157111874553,0.0054631443805013,3.22446378139449,0.00126208820166906,0.00510044706745489,"ACSL6"
370.463294673918,0.0130609752106135,0.00405089760571446,3.22421756407489,0.00126317391459209,0.00510280286868759,"RIOX1"
749.374603328311,0.0124993424201819,0.00387740333586214,3.22363740304636,0.00126573558684719,0.00511208947254249,"ANKMY1"
994.324208682447,-0.00894035702938716,0.0027736283454122,-3.22334354715375,0.00126703492204266,0.0051162749156429,"OXSR1"
21.569999355358,-0.0360414188686322,0.0111823912847507,-3.22305113019801,0.00126832911700761,0.00512043786943026,"TSPYL5"
377.80202531495,-0.018119382606491,0.00562199279991831,-3.22294660476163,0.00126879202741596,0.0051212437695098,"RARA"
878.445317980498,-0.00846827014111729,0.00262775349535511,-3.22262729593397,0.00127020711237326,0.00512589181385317,"UBE2Z"
96.3621416184529,0.0226196087491018,0.00701997708422278,3.22217700680801,0.00127220514057006,0.00513288989612701,"LEPR"
6.71046006706104,-0.0430680878847699,0.0133671307462126,-3.22193959963868,0.00127325973418733,0.00513607944622103,"AURKB"
469.707024850869,0.010919337691702,0.00338965062459956,3.22137556374028,0.00127576849237296,0.0051451322714382,"ZFPM1"
1740.39640104982,0.0108762318748874,0.00337640422486611,3.22124696882782,0.00127634110419902,0.00514538821428663,"YTHDC2"
11.12604937051,-0.049332506270075,0.0153147446370994,-3.22124249793685,0.00127636101660238,0.00514538821428663,"EDDM13"
40.3158422575987,0.0211251161639576,0.00656006640403168,3.22025950087556,0.00128074604742655,0.0051619957249262,"LINC00486"
59.265838557053,-0.0289832981809522,0.00900197388293425,-3.2196603275975,0.00128342570414996,0.00517172433632086,"MDK"
17.2285369087084,0.0311867460599082,0.00968742358674412,3.21930240591347,0.00128502888993406,0.00517711204186152,"MACROD2"
187.166914425542,0.0288765114532656,0.00897066010989678,3.21899515749213,0.00128640657672631,0.00518158921596677,"MAF"
93.4180619423489,-0.0200928360928393,0.00624369049189855,-3.21810251787954,0.00129041686680644,0.00519666635119089,"CHEK1"
68.5168086117603,0.0203310985461115,0.00631790436639863,3.21801302568635,0.00129081955695849,0.00519721200629261,"ENSG00000261071"
5.94068556035558,0.0463018688927249,0.0143905807853326,3.21751217573634,0.00129307538525966,0.00520521716032402,"UQCRFS1-DT"
3141.40933391106,-0.00689409933342795,0.00214294172961424,-3.2171193636091,0.00129484715655218,0.00521127085497548,"ERGIC3"
397.890884802202,-0.011020024078465,0.0034255780484887,-3.21698233771869,0.00129546573606112,0.00521268184363359,"HDGFL2"
943.000872794768,-0.0111846424187775,0.00347687446015705,-3.21686691508335,0.00129598700306147,0.00521370076453953,"HERC2"
4848.29006392447,0.00604805941633842,0.0018803530806682,3.21644880342855,0.00129787688306582,0.00521914477000479,"ZNF638"
574.167641839003,-0.0135177539384043,0.00420262153983854,-3.21650517665304,0.00129762192575653,0.00521914477000479,"TXNDC9"
84.3570824124661,0.0433586351838492,0.0134821833673234,3.21599506567585,0.00129993067201538,0.00522524312902896,"CDC42EP3-AS1"
245.265758546538,0.0120176040753575,0.00373680250445717,3.21601263674576,0.00129985108290051,0.00522524312902896,"ENSG00000287825"
104.358350894058,0.0129810176059714,0.00403657141993485,3.2158523299907,0.00130057736773101,0.00522676247515205,"OCRL"
821.793751988973,-0.00670710385839461,0.00208619923435922,-3.214987211159,0.00130450333855078,0.0052414572274636,"ZNF236"
90.2016854231139,-0.0335415689741731,0.0104337107418734,-3.21473057898388,0.00130567005535026,0.00524397857662978,"TFEB"
4.18694697735383,0.051271547419416,0.0159488306269244,3.21475276894976,0.00130556913595711,0.00524397857662978,"ENSG00000253983"
156.33104806259,0.0523320606935982,0.0162865952556274,3.21319833103339,0.00131265611710246,0.00527094841737406,"CBR3"
36.1628317313289,0.0258062653040774,0.00803200484201762,3.21292950037552,0.00131388536248251,0.0052747954975536,"LRP2BP"
5.40697301070515,0.0437472189199027,0.0136176852886874,3.21252973559646,0.00131571527695985,0.00528105197114033,"ITGB5"
1695.66887479901,-0.0126736516510918,0.00394571654468893,-3.21200256215845,0.001318131997442,0.00528966071430664,"ISCA1"
6.49543810741008,0.0366541062629151,0.0114140096442517,3.21132602874354,0.00132123943015746,0.00529994393813009,"DUSP5-DT"
23.7330562263388,0.024446701577996,0.00761256303239557,3.21136277939007,0.00132107045473005,0.00529994393813009,"ENSG00000288909"
186.388980475795,0.0211208332461462,0.00657783289019851,3.21091058388211,0.00132315098741336,0.00530651749611901,"MAP3K7CL"
281.822527482933,-0.00939718426889915,0.00292698486424035,-3.21053394696594,0.00132488618554855,0.00531238119874352,"KDM1B"
1379.44667587066,0.00662798094958452,0.00206449019141256,3.21046860728825,0.00132518742461076,0.00531249393984003,"FGD5-AS1"
31.6450210123933,-0.0241707962861908,0.00753106835583222,-3.20947774527533,0.00132976340247236,0.00532973994261074,"TLN2"
98.7504641146309,0.0170577570119594,0.00531535637087624,3.20914644696671,0.00133129664658964,0.00533258877117278,"ENSG00000231128"
54.4724211835013,-0.0196743953744454,0.00613070508418853,-3.20915703891661,0.00133124760195763,0.00533258877117278,"RHEBL1"
26.1727785998413,0.0227497184173916,0.00708890989670985,3.20919841680458,0.00133105602306155,0.00533258877117278,"SEC23A-AS1"
109.260503628123,0.0158838250740705,0.00495033735914981,3.20863487105825,0.00133366741729876,0.00534098516242087,"ZNF879"
2994.81811032427,-0.00656199116440701,0.00204518289322211,-3.20851068437642,0.00133424351670693,0.00534219239264442,"ANKRD17"
4057.7801209858,-0.00579715145177279,0.00180709451003349,-3.2079957188655,0.00133663488181191,0.0053506657925753,"PRPF40A"
109.396700629753,0.0312835218812069,0.00975280750051064,3.20764271001647,0.00133827644633407,0.0053561348060996,"ENSG00000290039"
8.5334016579962,0.0538822092547656,0.0167995857604488,3.2073534444891,0.00133962297748546,0.00536042101112317,"RAD21L1"
811.203693241539,0.0128995361367611,0.00402254822324729,3.20680708368181,0.00134216969792531,0.00536950695070859,"ZC4H2"
7.30219195047051,-0.0570445121409655,0.0177913994885121,-3.20629707504455,0.00134455100205319,0.00537792752229827,"UMODL1-AS1"
417.321608101192,-0.0121613639237473,0.00379320574304062,-3.20609129785795,0.00134551290862482,0.00538066850034157,"MCUR1"
118.970972963642,-0.0153472934298157,0.0047870247035143,-3.20601926673761,0.00134584976846668,0.00538090932095485,"FKBP14"
40.0062572737825,-0.0393599589350079,0.0122775625154556,-3.20584471758621,0.00134666638558437,0.00538306778997156,"ENSG00000289389"
4029.25650863076,-0.0124994381772553,0.00389913349792475,-3.2056963896999,0.00134736068741808,0.00538473653810746,"PSME2"
1508.42342853339,-0.0154335119235965,0.00481552784676428,-3.20494708258552,0.00135087313840357,0.00539766504007558,"SNTB1"
13.9042409535631,0.0297556713038982,0.00928564247482413,3.20448169144718,0.0013530589556612,0.00540528850822879,"EFCAB6-DT"
187.260734980497,-0.0151263533130673,0.00472090152161262,-3.20412388265626,0.00135474170549539,0.00541089957157923,"ENPP4"
2280.89356401998,-0.010024187441593,0.0031286219945607,-3.20402639213706,0.00135520053115955,0.00541162092621317,"BRD2"
124.067523693854,0.00938413522957468,0.00292955461224222,3.20326345525686,0.00135879614158604,0.0054248653017221,"NEK8"
1366.35350727437,-0.00555888114121888,0.00173556650981556,-3.20292026250819,0.00136041642681882,0.00542997025087135,"APC"
1718.23382587548,-0.0106845522747823,0.00333598763730625,-3.20281530881507,0.00136091229103891,0.00542997025087135,"FARS2"
42.970348604796,0.0182120762724958,0.00568625149055457,3.20282637916172,0.00136085998021498,0.00542997025087135,"ENSG00000286369"
10.2255402429112,0.0358740976693773,0.0112011178188262,3.20272478601039,0.00136134010898502,0.00543056326084241,"MIR9-1HG"
660.207534241314,-0.00893717769032066,0.00279067815075466,-3.202511077067,0.001362350606571,0.00543347993611084,"ISG20L2"
362.30673408848,0.0247099126439002,0.00771624822655981,3.20232215428828,0.00136324448180242,0.00543593038448933,"BATF"
1220.67774305062,-0.00867614831148954,0.0027098821292247,-3.20166999808652,0.00136633427289753,0.00544713423696042,"NUDT4"
43.6887005450385,-0.0294232305167785,0.00919058708808636,-3.20145277279614,0.00136736487792247,0.00545012586894876,"KCTD16"
121.719477001832,0.0322220793205164,0.0100655969001155,3.2012089933928,0.00136852232026122,0.00545289160184877,"IL18R1"
12.9214562802122,-0.0467725073066318,0.0146109817134222,-3.20118854598694,0.001368619443742,0.00545289160184877,"BCAT1"
324.372779982681,0.00908695992510081,0.00283914379089267,3.20059869959729,0.00137142390354169,0.00546294621089278,"MAN2B2"
331.002507047938,-0.00855349131458565,0.00267376281677424,-3.19904640042268,0.00137882975072781,0.00549132217064019,"INTS1"
1275.17943890369,-0.00631970026150982,0.00197565127727289,-3.19879339750346,0.00138004028939383,0.00549389350573053,"AIDA"
23.2922011349423,0.0303534368450202,0.0094889290752211,3.19882640120934,0.00137988232156536,0.00549389350573053,"FOXP3"
781.56566794256,-0.0135089666656372,0.00422410264839472,-3.19806780045248,0.00138351747953224,0.00550660906371631,"MED14"
11.8492824130902,0.0294966913300586,0.00922480976952436,3.19753925197521,0.00138605546231593,0.00551445383463023,"PIGO-AS1"
592.761734471349,-0.01330994427018,0.00416249283689366,-3.1975897116769,0.00138581297978973,0.00551445383463023,"GIPC1"
455.488905452681,0.0140531910429154,0.00439509887786755,3.19746868806143,0.00138639462062496,0.00551467520772519,"ZNF395"
6597.36532105426,-0.0058748069139349,0.00183752898965705,-3.19712339070707,0.00138805536123576,0.00552015228611669,"APRT"
11.3466919007121,-0.0734693724912142,0.0229804124524624,-3.19704324903628,0.00138844107247516,0.00552055750219017,"TDRD9"
2360.94957492601,-0.0182540227595719,0.00571005233796601,-3.19682231950858,0.00138950488887982,0.00552365820429213,"ATP8A1"
2.51810318760232,-0.0654999556453541,0.0204903630840486,-3.19662249891241,0.00139046770919495,0.00552635623448121,"SEPTIN5"
18.0785281442061,0.0442852612869827,0.0138574186718403,3.19577998873448,0.00139453404974481,0.00554138545486951,"ENSG00000290937"
544.258854985262,-0.00635939302930346,0.00199012148342552,-3.19547981480873,0.00139598547427178,0.00554601990605807,"ELMOD3"
450.117720137627,0.00635685866872171,0.00199016163917017,3.19414189461128,0.00140247164760085,0.00557065060598003,"VPS52"
408.550455291315,0.0226754795468882,0.00709934689173115,3.1940233225255,0.00140304781783995,0.00557180136888624,"ENSG00000288872"
507.712820527875,-0.00783985246210899,0.00245517055261656,-3.19320075493484,0.00140705088411451,0.00558655781729155,"RNF2"
5.3587008589976,-0.0752749298806412,0.0235795399534951,-3.19238331320724,0.00141103943522972,0.00560125062339862,"MGAT5B"
5.16205336623582,-0.0890488614484995,0.0278965518653964,-3.19210997395552,0.00141237546594216,0.00560541015875148,"ENPEP"
4045.00857196023,-0.00721593410729417,0.00226099665277245,-3.1914837637844,0.001415440661046,0.00561528376463506,"SETD2"
1502.3742395749,0.00843725527345662,0.00264363520354482,3.19153537603948,0.00141518779588006,0.00561528376463506,"MMP24OS"
58.1610278466197,0.0208069422337203,0.00652122356090899,3.19065004279965,0.00141953110585093,0.00563036287518483,"FAM86EP"
10.9989072667281,-0.0408126693862754,0.0127918653653624,-3.19051742811391,0.00142018275054805,0.00563179911945159,"ENSG00000263394"
195.437539641106,0.0134393527454927,0.00421271240301795,3.19018994409987,0.00142179312963487,0.0056370359079755,"LSS"
516.131492958177,0.00661561197671153,0.00207462047464972,3.18882998483301,0.00142849865907076,0.00566246737672413,"KCTD13"
465.866423982866,0.00937884840244588,0.00294213939091767,3.18776480522921,0.00143377106951116,0.005682208857592,"ZNF337"
381.093409936805,0.0131283210405661,0.00411853634522481,3.18761810995977,0.00143449858330414,0.00568393398733934,"NBPF20"
172.761811379055,-0.0239437253864467,0.00751232612518915,-3.18725851186923,0.00143628339728322,0.00568984691661018,"TTC24"
166.794404892372,-0.0133561493521754,0.00419111287399612,-3.18677872768447,0.00143866792547469,0.00569813272620816,"ATAD3A"
250.405740495742,0.0191027508464189,0.00599492067914928,3.18648934136184,0.00144010793970581,0.00570267498681142,"ZNF441"
375.60758335162,0.00822611336365816,0.00258167624731617,3.18634583720936,0.00144082252286568,0.00570434335279061,"ZBTB37"
16.9700402645379,0.0321679717368325,0.0100958029606441,3.18627174700526,0.00144119158513975,0.00570464337048296,"TSPAN15"
29.7212686503982,0.0241343301993982,0.00757469679944573,3.18617772280525,0.00144166006920798,0.00570533672556752,"ENSG00000288804"
19.3943862886635,-0.0231488747509445,0.00726830312685727,-3.18490772150195,0.0014480017335623,0.00572926804709526,"CERS6-AS1"
183.586281350421,-0.00911881599838953,0.00286320837773211,-3.18482443307615,0.00144841852567111,0.00572975162554986,"ZNF354C"
3319.9749833597,-0.00796374427420102,0.00250083616132495,-3.18443262991759,0.0014503806717867,0.00573634697985422,"BZW1"
24.1060503508526,0.0352581776039616,0.0110724142427948,3.18432609463698,0.00145091462283923,0.00573689608774638,"FBXO16"
1209.47337726312,0.0100315364030903,0.00315032396174941,3.18428724311887,0.00145110939035074,0.00573689608774638,"ZDHHC6"
448.314528866318,-0.0115468199683458,0.00362837762208826,-3.1823644534827,0.00146077873632008,0.00577394984762486,"WDR12"
245.625845327389,-0.00738517290599666,0.00232076848371795,-3.18221009885716,0.00146155752559314,0.00577585441493544,"ZSWIM8"
77.3823558412964,0.0162126123171677,0.00509699879653509,3.18081541007798,0.00146861173314917,0.00580255267549961,"TRAM2-AS1"
26.8417406481155,0.0205324131265214,0.00645657506339271,3.1800781257753,0.00147235351379451,0.00581615519837874,"CCDC183-AS1"
44.8831675349417,0.0259106535620996,0.00814831187963175,3.17987994873738,0.00147336077612391,0.00581895237693122,"HGD"
108.113536653517,0.0162405356114422,0.00510771018727845,3.17961180567601,0.00147472466133804,0.00582315659514539,"ADNP-AS1"
2.04501637665388,-0.103912679848388,0.0326819575843803,-3.17951210786869,0.0014752320617685,0.0058239778432026,"CAPN9"
38.6182182299628,0.0201847935450275,0.00634898323243751,3.17921670384978,0.00147673643092145,0.0058287338307332,"ENSG00000289032"
1471.45393716651,-0.0111649549321407,0.00351201072627538,-3.1790776857853,0.00147744488084386,0.00583034700289998,"C1D"
1882.8005945523,-0.00818624715893122,0.00257515377562507,-3.1789352684168,0.00147817097870784,0.00583202914946169,"RNF7"
252.383711690725,0.0140025519304056,0.00440561198782382,3.17834434105993,0.00148118726499947,0.00584274457341406,"H4C16"
840.841692647846,-0.0074635776624468,0.00234839790173272,-3.17815718407001,0.00148214375732722,0.00584533216215973,"CUEDC2"
146.602997036567,-0.02905642075809,0.00914453425312311,-3.17746316584319,0.00148569560627948,0.00585815228821046,"TBXAS1"
775.978821716922,-0.00881944864665109,0.00277631755346003,-3.17667142782702,0.00148975714188468,0.00587297652346959,"MRPL22"
364.611260675923,-0.0112437951988021,0.00353984543166203,-3.17635202323592,0.0014913985490878,0.00587825596318272,"DOP1B"
543.706878251635,0.011672929736849,0.0036755178864049,3.17585986454458,0.00149393099465582,0.00588585355653312,"ENSG00000287697"
488.972285646231,-0.00584805131039069,0.00184142559557521,-3.17582818683691,0.00149409413070239,0.00588585355653312,"COPG1"
316.121684050722,0.0283255170896725,0.00891917244370212,3.1758010363028,0.0014942339654599,0.00588585355653312,"ENSG00000270022"
6.88090896523622,0.047490539737309,0.0149545078257672,3.17566718280631,0.00149492353411038,0.00588737753836423,"ENSG00000289592"
2.99650710298327,0.100106666628559,0.031537841944514,3.17417617872145,0.00150262453805963,0.00591650807485787,"GRM5"
64.7321916432966,0.0166476686507488,0.00524495889508558,3.17403224386512,0.00150336988959957,0.00591824483355619,"PINK1-AS"
4.9153853869283,0.0466428354167237,0.0146962049305213,3.17380137506488,0.00150456613078543,0.00592175552608404,"ENSG00000285177"
110.684523947798,0.0142620778344986,0.00449539769211612,3.17259535446908,0.00151082936513424,0.00594520371863767,"SPATA7"
469.397391748059,0.0132696091419443,0.00418299353461737,3.17227579534332,0.00151249295404208,0.00595054620733665,"NSMF"
3761.66120250174,-0.0113170328393613,0.00356767348684736,-3.17210442073324,0.00151338580597569,0.00595285486593189,"DENND4A"
5678.68428560688,-0.00915069759277402,0.00288525134279686,-3.17154261642373,0.00151631618019727,0.00596317549959909,"ITGA6"
78.4240648922116,-0.0164732640080215,0.00519434974467346,-3.1713813697112,0.00151715820874428,0.00596528084056699,"TUBG1"
6.03652937873307,-0.0594530140164593,0.0187492968048972,-3.17094633655436,0.00151943209614433,0.00597301408692469,"SYN1"
41.8861915880499,0.0180905674855665,0.00570627052111595,3.17029615378778,0.00152283640782424,0.0059851871021599,"ENSG00000260927"
979.870258425817,-0.00636342799512004,0.00200726608839891,-3.1701965334331,0.00152335863333029,0.00598603005594089,"RTCB"
780.905094808166,-0.00585387718439143,0.00184664774257916,-3.17000207966869,0.00152437846570432,0.00598882761793874,"MTOR"
738.364651846068,0.0191634829817355,0.00604623412046656,3.16949072760298,0.00152706330518167,0.0059969530282836,"COA6-AS1"
286.854447072006,0.0102918111327086,0.00324713388518781,3.16950624661826,0.00152698175898738,0.0059969530282836,"ZNF550"
30.0058271589768,0.0196859545990011,0.00621134798731344,3.16935303563884,0.00152778699686353,0.00599858394751564,"ENSG00000267152"
37.8291604737434,0.024487944451704,0.00772839451626259,3.1685681159489,0.00153191847283313,0.00601359156711952,"ENSG00000269921"
375.839083307781,-0.0137148110489044,0.00432862585318482,-3.1683983587571,0.00153281335321432,0.00601589034168114,"MRPL27"
686.797925076268,-0.00864789568202038,0.00272961096984161,-3.16817882752068,0.00153397133296244,0.00601922057644793,"ZNF581"
68.5777862327138,0.0273426674190714,0.00863426939379941,3.16676098138739,0.00154146959149327,0.00604742336106004,"CALD1"
409.878695728981,-0.0353679285133797,0.0111703446140968,-3.16623432268561,0.00154426340573955,0.00605716223130471,"CHKA"
60.9637377080974,0.0179330170519399,0.00566443534750866,3.16589667844425,0.00154605699020842,0.00606297470091614,"ENSG00000245025"
348.856300088784,-0.0153558022568194,0.00485051022879836,-3.16581174608172,0.00154650845739203,0.00606352267783357,"DCAF4"
35.0666142780648,0.029581260448935,0.00934734330362634,3.16467037617617,0.00155258732324271,0.00608612979129263,"ENSG00000258378"
674.203723590347,0.00816460953916816,0.00258024430650719,3.16427770757117,0.00155468373403569,0.00609306293726021,"SNRNP48"
57.027493567772,0.0327938833068242,0.0103639648220553,3.1642217886572,0.00155498249038917,0.00609306293726021,"ENSG00000271204"
34.4644105827367,0.0194741656285681,0.00615491047699072,3.16400469208602,0.00155614286703735,0.00609638165291913,"ZNF566-AS1"
3.13721279587466,-0.0775187279199063,0.0245017498643913,-3.16380374254678,0.00155721764870636,0.00609936377063784,"KCNMB1"
191.528510737816,0.0180403484742172,0.005702372136829,3.16365681532828,0.00155800392374049,0.00610121488235882,"ENSG00000291283"
45.5686425608287,-0.0186415380969042,0.00589391921272282,-3.16284248631435,0.00156236840437369,0.00611707484570707,"ENSG00000260618"
103.586830688423,0.0137790956574167,0.00435815734728049,3.1616792509832,0.00156862241360124,0.00614032492794481,"BBS5"
2535.18218514084,-0.00847048757915121,0.00267936863936906,-3.161374457658,0.00157026490885463,0.0061421829607635,"SMC3"
1085.45305630965,-0.00566688660324084,0.00179254889095764,-3.16135678743658,0.00157036018013865,0.0061421829607635,"IPO5"
11.0054243890143,0.0330407434123529,0.0104512186634911,3.16142494729088,0.00156999271679639,0.0061421829607635,"CCR10"
32.0340638105058,-0.056932905800012,0.0180085370373733,-3.16143980390292,0.00156991263235338,0.0061421829607635,"ENSG00000267568"
17.4453693036929,0.0362196030856633,0.0114577290130346,3.16115026323794,0.00157147407674903,0.00614530403434767,"CYP2D6"
683.566760033826,-0.0183755354491464,0.00581460100534299,-3.16024013208494,0.00157639157838852,0.00616329499321307,"FHIP2A"
3.03435126347196,0.0571131832223204,0.0180736576890129,3.16002351073851,0.00157756408397113,0.00616663966987992,"EEF1A2"
10.8881792639131,0.0282933981154897,0.00895465416698005,3.15963046566561,0.00157969356798232,0.00617372304416798,"PODXL"
26.5650547263774,0.0228884735518929,0.00724522816937054,3.15911010900315,0.00158251688631885,0.00618351465564243,"ENSG00000288598"
911.05537762344,-0.0136747063230118,0.00432953226973921,-3.15847197134658,0.00158598559506232,0.00619582362112015,"PTPN7"
31.5583371395951,0.0187719356832983,0.00594370509919994,3.15828853719965,0.00158698397784683,0.00619847898656599,"ENSG00000269043"
1.09226405767869,-0.132853068783797,0.0420664366696197,-3.15817262648593,0.00158761514700918,0.00619894459638102,"ST3GAL6-AS1"
49.846282262392,0.0158402590721113,0.00501567724588668,3.15814959686687,0.00158774057781966,0.00619894459638102,"ABLIM2"
1683.03528953892,-0.00618120066264832,0.00195746488687093,-3.15775813099216,0.00158987409259159,0.00620602869255451,"VPS36"
228000.318868383,0.00884234110826601,0.00280053538375026,3.1573752503084,0.00159196337029373,0.00621293730248462,"RPLP2"
141.473756507497,-0.0104034207887442,0.00329503026865482,-3.1573065922066,0.00159233828637695,0.00621315386325338,"KMT5C"
2884.82709152671,-0.0131315752859486,0.004161633752062,-3.15538946199727,0.00160283989292488,0.00625277505136056,"HNRNPF"
27.025810443767,0.0296438846757351,0.00939484348931254,3.15533565933883,0.00160313552933706,0.00625277505136056,"LINC00544"
802.001750590493,-0.00899190267660372,0.00285060487183232,-3.15438409772445,0.00160837249887297,0.00627194335917767,"PDCL3"
196.084185737971,0.0209679410002742,0.00664742172775893,3.15429678738665,0.00160885380378798,0.00627256270544797,"JHY"
5.14200450224696,0.0400846119071092,0.0127082340489247,3.15422361224933,0.00160925728944208,0.00627287846431622,"ENSG00000289295"
2152.27804477037,-0.00576930001498633,0.001829449219735,-3.15357209850408,0.00161285382651641,0.00628563810450225,"CNOT7"
4006.06077855953,0.00917822413888115,0.00291077341978598,3.15319085865364,0.00161496180628366,0.00629259256691177,"HNRNPH3"
673.557423772606,0.0135603179790083,0.00430105670543026,3.15278753751092,0.00161719463974892,0.00630003063043386,"TRAF1"
1383.85667917321,-0.00858169216080519,0.00272199996793296,-3.15271574647445,0.00161759238116993,0.00630031826314305,"LYST"
227.209941491823,-0.0086925649621027,0.002757224696575,-3.15265018948239,0.00161795566297364,0.00630047159169173,"ZNF286A"
123.418750286533,-0.0137377409683779,0.00435901731590489,-3.15156834047264,0.00162396154649853,0.00632132800499159,"IQCE"
714.999299444717,-0.00849474816474464,0.00269536004072207,-3.15161909221928,0.00162367934016435,0.00632132800499159,"TBC1D20"
197.302172017178,0.013226519714078,0.00419696544541385,3.15144832286646,0.00162462908695645,0.0063226611385334,"SEMA6A-AS1"
2753.49071936217,-0.00463698681258588,0.00147160338709348,-3.15097590373467,0.00162725914633028,0.00633162985702546,"CCNK"
360.77454199068,-0.00791562956326327,0.00251218278326671,-3.15089714649274,0.0016276979857986,0.00633207070435373,"CROT"
314.7560069563,0.00866121330853744,0.0027494544965092,3.15015699279039,0.00163182748571219,0.0063468659117352,"KIF3B"
124.162723025495,0.0309878422089538,0.00983783836728168,3.1498629121629,0.00163347090877835,0.00635198773423583,"ADD2"
63.5482676321668,0.0169558135621102,0.00538325508161635,3.14973251407198,0.00163420010519238,0.006353553117349,"ENSG00000291042"
690.137502274183,-0.0131012991011277,0.00416072115151525,-3.14880488839211,0.00163939611288875,0.00637248077374083,"UQCC2"
61.4807309302303,-0.0220800376977468,0.00701391466741485,-3.14803340855085,0.00164372905959565,0.00638804674089811,"C19orf73"
791.61149939445,-0.0179102538280104,0.00569085716302989,-3.14719792026456,0.00164843338812673,0.0064050495070821,"B4GALT1"
1784.14030385132,-0.00635194012167768,0.00201838939426188,-3.14703403601691,0.00164935761245162,0.00640736067900868,"FYTTD1"
4298.70411757177,0.00672984305651657,0.00213851574531221,3.14696914028755,0.00164972372333516,0.00640750322336105,"MBD5"
988.764609589403,-0.0098890705729644,0.00314255273165791,-3.1468272507705,0.00165052445709984,0.00640933344281275,"TULP4"
145.307097362482,-0.0190160806133954,0.00604373711707875,-3.14641094491992,0.00165287588567088,0.00641590278431138,"SLC25A19"
1660.79274511257,-0.0107647434161458,0.00342124320586533,-3.14644202952041,0.00165270020347767,0.00641590278431138,"ZNF217"
1784.01815949822,-0.0239067859426027,0.00759924012390723,-3.1459442724269,0.00165551546528483,0.00642486658325125,"EIF2AK2"
336.725622992522,-0.0228251976305942,0.00725638781038714,-3.14553166493129,0.00165785247402137,0.00643265279716531,"PGAP1"
159.184833790141,-0.0228765628349415,0.00727304256080744,-3.1453910304633,0.00165864972097709,0.00643317960572787,"TCF7L2"
627.301301683433,0.00760938354066921,0.00241920083799302,3.14541208037196,0.00165853036807417,0.00643317960572787,"MZF1"
371.787102971179,0.00968486491410125,0.00307919217942752,3.1452615977681,0.00165938377757848,0.00643474359204128,"PPP1R13B"
722.503388287941,-0.0162903141510775,0.00517974649457671,-3.14500220582875,0.00166085577685617,0.00643916797202099,"ERN1"
4790.80667618624,0.0082798741596469,0.00263291661914328,3.14475365434894,0.00166226738567325,0.00644335650034484,"NUCKS1"
215.815695306082,0.013300123599547,0.00422969395493588,3.14446476299456,0.00166390948552735,0.00644843662143704,"CHST12"
92.749859097778,0.0192465278748922,0.00612272028029431,3.14346025847959,0.00166963085711908,0.00646932067765404,"NUP107-DT"
33.4646779680234,-0.075369725393903,0.0239775816304994,-3.14334141596803,0.00167030894622517,0.00647065909440864,"ENSG00000259345"
13.8018047797233,0.0370445751135995,0.0117856443636227,3.14319471813866,0.0016711463210187,0.00647261391679307,"CBR4-DT"
14.8655626671389,0.0395458847751821,0.012582941094041,3.14281728569088,0.00167330254156588,0.00647857224883735,"ENSG00000272668"
1620.76970529113,-0.00590347747826373,0.00187847770707936,-3.14269232795016,0.00167401697201463,0.00647857224883735,"CTBP1"
36.3554369746163,0.0166684171990869,0.00530377397395432,3.14274651991994,0.00167370710166683,0.00647857224883735,"CARNMT1-AS1"
33.7861558867202,0.0331560639810111,0.0105500045849506,3.14275351389966,0.00167366711384991,0.00647857224883735,"KISS1R"
1620.47219202395,0.00487501697382722,0.00155138878546381,3.14235671902821,0.00167593716377829,0.00648471330269576,"ZMYND11"
22.1352639017283,0.0203708531180434,0.00648404327406716,3.14168987728943,0.0016797585236752,0.00649820665155256,"ENSG00000289245"
43.2069344430429,0.01822757332547,0.00580205102036763,3.14157411947665,0.00168042269378915,0.00649933568220123,"ENSG00000285923"
30.9184457238952,0.0167226048763723,0.00532308923646386,3.14152255081885,0.00168071865104479,0.00649933568220123,"MMP24"
1230.88473469882,0.00991395686854285,0.00315629031966014,3.14101551647199,0.0016836311222087,0.00650930410615812,"ZNF708"
31437.0589302461,-0.0181986988539468,0.0057943618792839,-3.14075979945455,0.00168510175453757,0.00651240099890925,"IL7R"
508.683164861858,0.00734138199507681,0.00233744529023558,3.14077169024858,0.00168503334421799,0.00651240099890925,"WDR73"
304.612341237923,-0.0075501808981237,0.00240437048276967,-3.14019031269524,0.00168838112840847,0.00652248288553587,"XPO5"
1719.22748965136,-0.0116635628595537,0.00371424448447833,-3.14022485818993,0.00168818203198869,0.00652248288553587,"RPTOR"
66.9735333345473,0.0441840507814233,0.0140728696953464,3.13966175612597,0.00169143005879652,0.00653296387483144,"NEDD4L"
9.05085313672354,0.0492409410596199,0.0156858199790078,3.13920095509949,0.00169409227901806,0.00654194737327381,"JAKMIP3"
353.842915093535,0.0176552468828053,0.00562434682839406,3.13907506444557,0.00169482026654455,0.0065434595086459,"SLC9B2"
24.2099128032387,-0.0304390078631344,0.00969772153471445,-3.13877932606885,0.00169653156414278,0.00654876671048645,"SNHG31"
20.1092488038619,0.0468195540175759,0.0149168882133415,3.13869443465433,0.00169702308397564,0.00654936428698613,"ENSG00000286825"
241.672714209727,-0.009000774197344,0.00286801559072195,-3.13832819684159,0.00169914509649772,0.00655625297995976,"KCTD10"
76.9688738367141,0.0172612349546767,0.0055003870748047,3.13818549857049,0.00169997256274828,0.00655814484688949,"LMNTD2"
1976.00818585776,0.00668201150746284,0.00212947156070198,3.13787309057094,0.00170178542106633,0.00656383664984357,"CCNL2"
566.910931313195,-0.0119272059784336,0.00380187787470528,-3.13718808744171,0.00170576662045672,0.00657788789343849,"RPF2"
840.977124470037,-0.00676328913468622,0.00215613475238523,-3.13676551393846,0.00170822686411457,0.00658476431507975,"MRPL19"
1096.6381993168,0.00687761112786802,0.00219257718337124,3.13677036321851,0.00170819861286679,0.00658476431507975,"JADE1"
30.5130009326601,-0.0348385700523076,0.0111089458830393,-3.13608243474278,0.00171221068727492,0.00659881317182179,"GFRA2"
438.312886400415,-0.0191158474345682,0.00609599813122994,-3.13580270581733,0.00171384457418727,0.00660380166650488,"HEATR3"
135.49075464529,-0.01553950457338,0.00495661635067119,-3.13510335962873,0.00171793570678062,0.00661825459152105,"TMEM97"
2375.35396191432,-0.016690284605579,0.00532438872768829,-3.13468558724589,0.00172038393301727,0.00662637383784534,"ITGB2-AS1"
968.557069334646,-0.00581604538563328,0.0018562876838113,-3.1331594969654,0.00172935440798219,0.00665876081195744,"RSAD1"
1363.07708385762,-0.0309905372646663,0.00989121150710722,-3.13313866985843,0.0017294771282715,0.00665876081195744,"MX1"
1657.40015144915,-0.00577794892283361,0.00184430762564357,-3.13285530162974,0.0017311476246816,0.006663873431166,"PDS5B"
1359.04433728505,0.00801582991171654,0.00255934972046536,3.13197913033122,0.0017363221713749,0.00668133661716426,"TMEM106B"
269.354295330995,-0.0198757414390927,0.00634608126162914,-3.13197083675387,0.00173637121997663,0.00668133661716426,"USP6NL"
4.2431707334837,-0.0628353769180632,0.020063137941464,-3.13188181736033,0.0017368977650415,0.00668204082828761,"ENSG00000257894"
1733.79084398851,0.00810837317791829,0.00258940187569214,3.13136916059079,0.00173993296163608,0.00669239391670624,"BBS9"
27.3173886015518,0.0417902065317612,0.0133495860166131,3.13044962441194,0.00174538931963998,0.00671205370824779,"CCSER1"
723.343985766261,-0.0103601803761859,0.00330962223682483,-3.13032111668586,0.00174615311253756,0.00671366360782133,"SMC6"
11.4861066764556,0.0505709212716576,0.0161574201188052,3.12988836706669,0.00174872744479373,0.00672223271317843,"MUC12-AS1"
138.499025467759,-0.0138410840162422,0.0044251478544857,-3.12782407986926,0.00176105552787709,0.00676694805862057,"ZNF684"
43.8664035237184,0.0244376013621501,0.00781286901160104,3.12786523437979,0.00176080897133163,0.00676694805862057,"ENSG00000289046"
143.278946028879,0.0284259044265522,0.0090884813534728,3.12768473862692,0.00176189055651121,0.0067688195170254,"OSBPL1A"
3703.23137719955,-0.00481268561635087,0.00153877637799174,-3.12760559960761,0.00176236497405152,0.00676930511656321,"NDUFA11"
216.828991689263,0.013632772185686,0.00435906924752746,3.12745024489317,0.00176329662615507,0.00677154643145946,"SH3BP5-AS1"
399.167065742979,0.0181974119026,0.00581884119523262,3.12732574958554,0.00176404354319019,0.00677307756782321,"ENSG00000290399"
860.926861491445,-0.0101654084814467,0.00325151435532573,-3.12636124911969,0.00176983998453603,0.00679265144814725,"PHAX"
560.655772664759,0.0134536941968223,0.00430328754708311,3.1263758346666,0.0017697521982847,0.00679265144814725,"ZSCAN18"
94.9014081724877,-0.0279490918582584,0.00894108604280053,-3.1259168880008,0.00177251638704195,0.00680023989040492,"NFKBIE"
150.563414760663,-0.0101970921260949,0.0032620568573311,-3.12597007718555,0.00177219583081993,0.00680023989040492,"ZNF599"
1239.47553929186,-0.012234311661022,0.00391393223907814,-3.12583634915039,0.00177300187345078,0.00680076108075153,"TRDMT1"
21.1102392702165,0.0253416329878493,0.00810809551601016,3.12547292244029,0.00177519412232097,0.00680782745924,"ENSG00000289257"
914.67970117434,-0.00716384101827055,0.00229230923721857,-3.12516343866544,0.00177706294282339,0.00681365095621086,"DNAJC4"
268.218397889059,-0.0105209844034203,0.00336687323517748,-3.12485314074073,0.00177893849509437,0.00681737084834306,"SLC6A6"
5628.87954209964,-0.00875400301789733,0.00280143427603,-3.12482898235361,0.00177908459339825,0.00681737084834306,"TNIK"
164.893545300539,-0.0121150824327597,0.00387692599200551,-3.12491970642251,0.00177853599493055,0.00681737084834306,"BBOF1"
20.6988919502738,0.0229570424343686,0.0073468667102851,3.12473920375203,0.00177962762785398,0.00681810852656839,"TMED2-DT"
3555.28657018186,0.00619676830517678,0.0019831739802663,3.12467204937041,0.00178003391715657,0.00681832211945892,"HADHA"
1.91357675642743,-0.0815258314805684,0.02609961410076,-3.12364126020523,0.00178628098120421,0.00684090399003801,"ADAMTS7"
266.188827367869,-0.0320685097077885,0.0102673622604194,-3.12334452553722,0.00178808306402639,0.00684645741700341,"SLC25A20"
372.045342629733,0.0092794335673133,0.00297114510137866,3.12318424401673,0.00178905715577729,0.00684883895631255,"COQ6"
0.890128930653875,-0.16402618181092,0.0525212773946821,-3.12304250672182,0.00178991895357027,0.00684944197637129,"FAT1"
4.59481347883577,0.0423969769304706,0.01357538535604,3.12307723269214,0.00178970777580189,0.00684944197637129,"ZNF473CR"
179.791975317682,-0.0415614417581829,0.0133094517516013,-3.12270126026661,0.00179199538185785,0.00685603897964536,"KRTCAP3"
170.487577485905,0.0186107225532795,0.00596039180019356,3.12239919407229,0.00179383525182642,0.00686172851195195,"FABP5"
37.2743430133512,0.0230063427533658,0.00736837039718298,3.12231083852155,0.00179437374915125,0.00686243881139225,"ENSG00000289244"
8.77636184672215,0.0340440449485746,0.0109048129748692,3.12192836567037,0.00179670650647632,0.00687000948643027,"ENSG00000289957"
1708.68134854167,-0.00630784289855399,0.00202071961813492,-3.12158245109532,0.00179881868972537,0.00687538265550171,"THOC7"
18.0214425235423,-0.02577697788618,0.00825755236890058,-3.12162451227808,0.00179856173881172,0.00687538265550171,"TMEM86A"
1430.52028403864,0.0151570202108275,0.00485570228529619,3.12148878170008,0.00179939103540179,0.00687621906278981,"ENOSF1"
48.4327631723341,-0.0168081413414356,0.00538500058387496,-3.12128867576477,0.00180061429826519,0.00687954207730431,"FAM131A"
71.1570550300666,-0.0212429038671194,0.00680629517014943,-3.12106709099027,0.00180196975466053,0.00688336875449764,"PRC1"
117.375138560352,0.0109152358296017,0.00349846205436884,3.12000978143264,0.001808450346217,0.00690676765840699,"SEMA4F"
18.4087047360708,-0.0317123787751571,0.0101663680027518,-3.11934200754618,0.00181255437692045,0.00692108268266188,"ITPRIPL1"
15.609412933613,0.0376040798321772,0.0120556132038572,3.11921751273057,0.00181332044795077,0.00692264887793727,"SECTM1"
1144.01053630366,-0.00873335022161509,0.00279994033420985,-3.11912011656479,0.00181391997657895,0.00692357878030556,"PSMD9"
146.107245429626,0.0185812743279949,0.005957361939295,3.11904405294432,0.00181438831797294,0.00692400768548003,"HIPK1-AS1"
42.6992572948441,-0.0179147256571727,0.00574619474503572,-3.11766768306098,0.00182288216879645,0.00695505709400937,"TTYH3"
20.7504967152902,-0.0702471668408192,0.0225501017828444,-3.11515963507808,0.00183845384937573,0.00701309390551233,"LINC02513"
693.844128110722,-0.00933529723281056,0.00299729849689241,-3.11457041815801,0.00184212979755522,0.00702573856710717,"FBXO25"
67.5090161698318,-0.0291540818636598,0.0093608506122433,-3.11446930106207,0.00184276131537727,0.00702676932864209,"C19orf38"
4334.47946816421,-0.00965700822562422,0.00310080991010193,-3.1143502844735,0.00184350487773725,0.00702822684768075,"HNRNPL"
233.537152966235,-0.0118263911370319,0.00379805701571792,-3.11380031634317,0.00184694441381218,0.00703995998296309,"ZFP64"
212.777201995276,-0.0126936934975722,0.00407722950784805,-3.11331345786122,0.00184999417710283,0.00705020312281096,"NRBP2"
2065.14564785617,-0.0307342854665083,0.00987670317735073,-3.11179600263661,0.00185952948016762,0.00708376574985123,"LRRN3"
876.446554662458,-0.0164592363971542,0.00528927395661083,-3.11181393366522,0.00185941654301405,0.00708376574985123,"NXT1"
236.525228100993,0.0119545252082091,0.00384333019689802,3.1104600947006,0.00186796133576986,0.0071144930374113,"ZNF790"
1670.89909623409,0.00496641897407178,0.00159679524490859,3.11024158539256,0.00186934383943275,0.00711836472607798,"AGO3"
12.8200761743694,0.0311464936539778,0.0100147612269568,3.11005853740582,0.00187050270352941,0.00712138345788815,"TMCC2"
396.833101894029,-0.00668614414231887,0.00215005201499745,-3.10975925032531,0.00187239889097735,0.00712720759851281,"GFM2"
471.26630679628,0.00885146345604861,0.00284660578662849,3.10947989272946,0.00187417040471908,0.007132554987711,"SAP25"
370.716435998119,0.00904370307653924,0.00290929184552542,3.10855821853993,0.00188002601952864,0.00715344016155155,"ADAT1"
31.2568581986641,0.0186721892776717,0.00600707306856727,3.10836726381375,0.00188124129979016,0.00715656519822967,"ENSG00000272588"
38.1837404187551,0.0413578534722474,0.0133055602670548,3.10831356531837,0.0018815831794636,0.00715656519822967,"HLA-DQB1"
141.07962047531,0.0196365054638757,0.00631910881692625,3.10748018949725,0.00188689631471511,0.00717537052150998,"TEC"
533.843474586058,-0.00776672208632996,0.00249943442880635,-3.10739181505117,0.00188746054785316,0.00717611319708596,"BAD"
14.0997875588702,0.0264088370239215,0.0085016006656667,3.10633703727962,0.00189420682721872,0.007200096120992,"TACR1"
257.142868700417,-0.0103881100618327,0.0033442178337724,-3.10628989443387,0.00189450886572603,0.007200096120992,"C8orf82"
62.1279245874574,0.0142735652600672,0.00459555138237429,3.10595270783214,0.00189667046945013,0.00720617908776195,"ENSG00000264808"
2.3319597531418,-0.0861532662403243,0.0277383632001872,-3.10592465815513,0.00189685038966332,0.00720617908776195,"MTCL1"
1866.91413958122,-0.00515165786723245,0.00165873794912242,-3.10576958220435,0.00189784538273101,0.00720790695539583,"SMU1"
1600.45304154913,-0.0091836996238425,0.00295701016139314,-3.10573827027898,0.00189804634340329,0.00720790695539583,"RAB18"
334.13356003398,0.00763643081259097,0.00245909797746013,3.10537883507928,0.00190035460720641,0.0072152639985891,"ERLIN2"
833.946795292832,0.00698474968877074,0.00224941703123296,3.10513772759258,0.00190190442443724,0.00721728856669249,"CLSTN1"
30.6040073259161,0.033088548819315,0.0106560041629197,3.10515539534558,0.0019017908183084,0.00721728856669249,"ENSG00000228509"
4009.94847708251,-0.00567357375275858,0.00182716571305246,-3.1051227112183,0.001902000986729,0.00721728856669249,"LSM14A"
11.014498200003,0.0510112639272783,0.0164288217529179,3.10498614535265,0.00190287937565377,0.00721921332862133,"SLC26A5"
49.3278827330969,0.0376231795247032,0.0121183812318276,3.1046373938039,0.0019051242294679,0.00722632047335805,"DNAAF11"
299.597004784053,0.0164350208302799,0.00529399219877578,3.10446638627091,0.00190622586403506,0.00722908935101305,"NIPBL-DT"
14.7490769061919,0.0326667925889055,0.010523000004985,3.10432315627011,0.00190714900525256,0.00723118037059796,"ATP6V1G3"
225.169094395396,-0.0143798500602302,0.00463364704028635,-3.10335464380591,0.00191340201169237,0.00725347544911873,"NUDT14"
3530.83976802533,-0.00469451532465488,0.00151300040981633,-3.10278523006136,0.00191708710026147,0.00726461351786205,"SELENOF"
1186.11112678627,-0.0172922798457066,0.00557304652408701,-3.10284146578867,0.00191672286832105,0.00726461351786205,"EGLN2"
5.00624215595719,-0.0573772947906881,0.0184929064758508,-3.10266506055254,0.00191786563653741,0.00726614812939017,"ENSG00000240535"
4519.1575057504,-0.00599984234956411,0.00193444274922571,-3.10158693089555,0.00192486346049872,0.00729087853759797,"ACAP2"
26.464444457263,0.061975241079001,0.0199820610746777,3.10154397223514,0.00192514277770311,0.00729087853759797,"ENSG00000289400"
964.447171862462,-0.0055503453225183,0.0017902086283048,-3.10039021975561,0.00193265841328647,0.00731791683800569,"TNPO3"
284.394864682809,-0.0094537029899735,0.00304932962125355,-3.10025617567942,0.0019335333317,0.00731887358435777,"GLYCTK"
702.875175862165,0.00840378787257439,0.00271069276146982,3.10023621711286,0.0019336636342612,0.00731887358435777,"PIGN"
503.221022788054,0.0288879206485823,0.00932031132648132,3.09945876662988,0.00193874561747728,0.00733668112948455,"UBA6-DT"
416.087146802816,0.012323649997775,0.00397667542924132,3.09898311216364,0.00194186088550345,0.00734704066989451,"DENND10"
97.5114211840093,0.0155820964432336,0.00502844236627355,3.09879189383671,0.0019431145522199,0.00735035417254557,"LTB4R2"
709.893591997176,0.00633573546188398,0.00204491628935763,3.09828597623144,0.00194643503701106,0.00736125097969091,"SLC35A3"
603.848636164108,-0.0141109361087577,0.00455450402176215,-3.09823770960205,0.00194675209704026,0.00736125097969091,"FAM168A"
77.925367365578,-0.0291587251530952,0.00941385247475418,-3.09742745929919,0.00195208165733074,0.00737996896340917,"CD9"
16.9453657534307,0.0377714037146322,0.0121979319389446,3.09654160260056,0.00195792385788806,0.00740061736490101,"ENSG00000272221"
205.584376535198,-0.0106847704867129,0.00345244939593949,-3.09483768227843,0.00196920631951418,0.00744181700424913,"GID4"
1210.14479976581,-0.0116939562179052,0.00377924684535881,-3.09425573306126,0.00197307333220173,0.00745353454741811,"MRPL42"
1.54196376671054,-0.094713495666875,0.0306089073313347,-3.09431155583642,0.00197270209165206,0.00745353454741811,"HCAR1"
432.859132912717,-0.00740495835779582,0.00239379898842956,-3.0933918819365,0.00197882641863966,0.00747292969642374,"ZNF852"
529.899534851923,-0.0183497334989753,0.00593195663221682,-3.09336946250024,0.0019789759326656,0.00747292969642374,"H2AC6"
38.9638061106689,0.0193015181907029,0.00624083277925994,3.09277926094213,0.00198291568700367,0.00748635346038594,"ENSG00000273507"
16.2835335578166,0.0568640487071735,0.0183878748049923,3.09247530289553,0.00198494749617824,0.007491720543804,"PRDM5"
2.02193203300495,-0.0656362171770719,0.0212250514643914,-3.0923937822807,0.0019854927460444,0.007491720543804,"KCTD4"
295.96984429986,-0.00664849045255425,0.00214992965057974,-3.09242232682425,0.00198530181049423,0.007491720543804,"METTL22"
17.9705135726008,0.0292633135550084,0.00946351133513623,3.09222576258342,0.0019866169779044,0.00749450869612459,"MAST4-AS1"
147.698818393568,0.017929582222436,0.00579988068920376,3.09137087178554,0.00199234616830797,0.00751466459564832,"ENSG00000289155"
90.3102362840612,-0.0152993549748348,0.00494931102716879,-3.09120903714686,0.00199343243518066,0.00751730405131814,"TRIM32"
1840.56610404883,-0.00617703203688625,0.00199840177116913,-3.09098606996954,0.00199492992641276,0.00752149292472468,"VPS4B"
43.9562515779756,0.0197088697085052,0.00637692059578151,3.09065628346433,0.00199714673015812,0.00752839167602823,"LINC01118"
2399.06212345156,-0.0123089182050871,0.00398272140081118,-3.0905797735639,0.00199766134779854,0.00752887248130778,"BRK1"
59.245998940653,0.0343774014715109,0.0111240687512867,3.09036219032128,0.00199912551222311,0.00753293110001003,"AFDN"
3771.97755445294,0.00698156862975368,0.00226005181045007,3.08911884120186,0.00200751118720667,0.00756159955506524,"TBCA"
6.66503297140807,0.0468297200121155,0.015159518936163,3.0891296887003,0.00200743788768679,0.00756159955506524,"PPP1R13B-DT"
1276.70408540579,-0.00488729600326764,0.00158222927758018,-3.0888671272359,0.00200921277741202,0.00756654360763624,"PRPF18"
18.625833564535,0.0373293302955554,0.0120855999861449,3.0887444842085,0.00201004232559816,0.0075672555666327,"MRPS9-AS2"
3766.59575270011,0.0228143672968548,0.00738634018770675,3.08872414715278,0.00201017991428673,0.0075672555666327,"H1-4"
5909.5955790149,-0.0037444195508796,0.0012125554750424,-3.08803978700328,0.00201481493904266,0.00758323633500749,"BPTF"
1232.8121703489,-0.00621111710979021,0.00201150151938316,-3.08780135134817,0.00201643211506309,0.0075878547243359,"IARS1"
104.910452560304,0.0185835424271997,0.00601881405086071,3.08757543764659,0.00201796546053258,0.00759215593284706,"ENSG00000288817"
477.467095864266,-0.0105765406072551,0.00342567280078878,-3.08743456316662,0.00201892216032964,0.0075942863934581,"CHAMP1"
1.35377123943931,-0.123890802629498,0.0401347092303752,-3.08687430419287,0.00202273108397017,0.00760663432821362,"DLGAP5"
688.889209610935,-0.00604716017266869,0.00195901524996264,-3.0868367016459,0.00202298696107393,0.00760663432821362,"PEPD"
1120.88999777508,-0.0065465177248802,0.00212092202615099,-3.08663762465643,0.00202434213138313,0.00761025875483829,"WRNIP1"
1032.10866726016,-0.00523690229418032,0.00169670690110286,-3.08650969167175,0.00202521344504428,0.00761206313421377,"CUL4B"
697.807246754009,0.00914719146019449,0.00296512546203296,3.08492560511181,0.0020360307379964,0.0076512430225595,"NT5C"
266.725905203877,-0.00940771090185363,0.00304972081471399,-3.08477774636427,0.00203704312522435,0.0076535688291943,"TNRC18"
272.733301649266,-0.0127570340537379,0.00413582204793051,-3.08452199004097,0.0020387953764834,0.00765867301428711,"HIRA"
7.93318801774095,0.0432821448866447,0.0140342251212789,3.0840423687532,0.00204208511227994,0.0076695496271398,"ENSG00000289365"
563.82787628722,-0.00816702529133629,0.00264883039850726,-3.0832571598162,0.0020474813973979,0.00768833217389704,"CCNQ"
245.760879321739,0.0205006376852364,0.00664939301060353,3.08308407286873,0.00204867268195898,0.00769132065948352,"ENSG00000290461"
1100.63551716422,-0.00814443247245491,0.00264238753781833,-3.08222482731632,0.00205459592683198,0.00771058178136384,"TRAPPC3"
279.011807876256,-0.0137123288965891,0.00444884068250427,-3.08222520768498,0.00205459330127233,0.00771058178136384,"CERS4"
221.987248221676,-0.0124165811908524,0.00402879669099788,-3.08195775145381,0.0020564402236232,0.00771601442702448,"ENSG00000291259"
8.21275525801419,-0.0501657011403874,0.0162815269620764,-3.08114228212351,0.00206208086310662,0.00773419492253892,"BMPR1B"
1931.78815660972,-0.00841473987872687,0.00273103072613441,-3.08115899180577,0.0020619651391547,0.00773419492253892,"SINHCAF"
35.2759644698416,0.0268811813504116,0.00872496194664473,3.08095112790137,0.00206340513766852,0.00773766981545988,"ENSG00000286692"
37.5002498467262,0.0200972663021186,0.00652382211936982,3.08059691610046,0.00206586110189961,0.00774538633250757,"ENSG00000286721"
337.624281517334,-0.00837882741971522,0.00272008947070233,-3.08034993332473,0.00206757516907071,0.00775031886945353,"TPMT"
5.17799579230643,0.0391188217069942,0.0127023246487994,3.07965847107297,0.00207238087734096,0.0077668363092792,"EZHIP"
14.0430664401722,0.0258559747761878,0.00839675030255485,3.07928351380423,0.00207499113769767,0.00777512090528943,"HEATR4"
1744.63939397836,-0.0138173478486579,0.00448812032973015,-3.07864915232535,0.00207941410540323,0.00779019332900581,"IL27RA"
398.721832269142,-0.018760187480015,0.00609685760402412,-3.07702569068247,0.00209077280513281,0.00782822364439619,"PKD2"
3813.98456609648,-0.00844788426442324,0.00274544904329894,-3.07705010407778,0.00209060157391652,0.00782822364439619,"NR3C1"
2452.58786297941,-0.00583544791434486,0.00189642162186594,-3.0770836226826,0.00209036650133165,0.00782822364439619,"SNX3"
45.621606951556,-0.0246424136133685,0.00800914000620897,-3.07678647074028,0.0020924513319963,0.00783300055016552,"ENSG00000228037"
117.367066254523,-0.0281110498586782,0.00913726877378808,-3.07652653704572,0.00209427660145963,0.00783681688630073,"ENSG00000291258"
362.484330099702,-0.00802541148951098,0.00260855481629213,-3.07657383290819,0.00209394437852808,0.00783681688630073,"PLIN3"
6.30512468526874,0.0433647505341943,0.0140959148659476,3.07640553639789,0.0020951267730444,0.0078384902601436,"ENSG00000275234"
4.33487797367766,0.0639362803342811,0.0207908384971069,3.07521413064595,0.00210351471568554,0.00786835860284604,"LINC02963"
3101.23048686159,-0.00550905676908079,0.00179181054726073,-3.07457547758209,0.00210802374154157,0.00787916406547369,"DNAJC8"
618.385223732028,0.00814311195714853,0.00264845738158806,3.0746622595323,0.00210741052262917,0.00787916406547369,"MTIF2"
6.36909014158034,0.0456494224348402,0.0148473599993935,3.07458177323813,0.00210797924965083,0.00787916406547369,"ENSG00000254812"
4.28908359758745,0.0483911969046743,0.0157391435960983,3.07457623785009,0.0021080183686228,0.00787916406547369,"RAG1"
18.1924821491247,0.0253888354364263,0.00825795191995019,3.07447121060247,0.00210876072964854,0.00788040440968179,"NUP133-DT"
475.61660311512,0.00895851142089722,0.00291396886675206,3.0743332652289,0.00210973612915363,0.00788253504574861,"CSRP1"
23.9740369864655,-0.0233181015940873,0.00758551482769307,-3.07403019093153,0.00211188059395707,0.00788903196332995,"ZNF57"
2712.62677998319,0.0121921425019233,0.00396632908112929,3.07391097726364,0.00211272466255371,0.00789066962583185,"ILF3-DT"
43.5999074568159,-0.0194486931150894,0.00632798673876817,-3.07344087748126,0.00211605612655368,0.00790159487763401,"RAB19"
39.4897641149309,-0.0280425698900126,0.00912509968548691,-3.07312477195324,0.00211829898496624,0.00790845173830678,"DLL1"
28.5382640443761,-0.0350868982172131,0.0114182396369326,-3.0728815765719,0.00212002600875275,0.00791338052125305,"ZNF229"
1018.8857128587,-0.0052613235947708,0.0017123118826664,-3.0726432772153,0.00212171951636018,0.00791818233168108,"PRPF31"
19.7451926627038,0.0291946523299806,0.00950384929904927,3.07187660613486,0.00212717639064079,0.00793702435725188,"ENSG00000286577"
1.82357301295174,-0.0844267650888665,0.0274858203354992,-3.07164800098128,0.00212880600457428,0.00794158143363529,"RDM1"
772.06827507001,-0.00646466251527208,0.00210475481895617,-3.0714563316587,0.00213017320329072,0.00794515800138214,"POLR3C"
551.605411043454,0.00837657942614453,0.0027279622261773,3.07063614949048,0.00213603275353053,0.00796548563821365,"MTO1"
144.267508649894,0.017465890964114,0.00568818905646468,3.0705538776465,0.00213662133537774,0.0079661532670946,"BRPF3-AS1"
231.037109256681,-0.0207717963409377,0.00676519769309205,-3.07039014723071,0.0021377931233179,0.0079689946419426,"ZNF577"
109.230346593538,-0.0181150865178415,0.00590008557422065,-3.0703091150054,0.00213837327374026,0.00796962991904996,"NUP62CL"
427.400205418146,-0.0143322521660142,0.00466817418369038,-3.07020509562134,0.00213911821237887,0.00797087899405775,"TPST2"
184.00760505092,-0.00837733598585974,0.00272942597740577,-3.06926659862091,0.0021458500592579,0.00799443200586581,"AKT1S1"
329.443492534177,0.00936196156935807,0.00305028927894696,3.06920449610276,0.00214629620561052,0.00799456290603796,"RBM12B"
1215.95461883657,-0.014642980922746,0.00477184977541402,-3.06861733120581,0.00215051862114336,0.00800741194240792,"PLEKHO1"
1422.49759363054,-0.00630495712863617,0.00205466203959909,-3.06861031504061,0.00215056912174896,0.00800741194240792,"TRRAP"
34.8930277469306,0.0190210723548836,0.00619995502486234,3.06793715093215,0.00215541944863588,0.00802393563548641,"MROH8"
1394.23963953788,-0.0114663357058281,0.00373766625204417,-3.06777944648136,0.00215655720031338,0.00802663492217671,"ARPC5L"
1861.40538803243,-0.00843009266254366,0.0027487517950671,-3.0668802755026,0.00216305475495191,0.00804927836972828,"IMP3"
1443.72412924499,0.00743588081616375,0.00242471501864438,3.06670299766652,0.00216433790930466,0.00805251275322971,"WBP2"
96.9703093334673,0.015988537562548,0.00521371887258152,3.06662824622752,0.00216487917667553,0.00805298620491792,"ENSG00000286408"
23.8607121087229,-0.0200459416669502,0.00653841856784248,-3.06587005083171,0.00217037620729295,0.00807189055603351,"ENSG00000290008"
489.262994738873,0.00776864137123073,0.00253445964119311,3.06520618634653,0.00217519982816041,0.00808828366613423,"WDR27"
39.8580759835292,0.0233708984147426,0.007625524243251,3.06482514109467,0.00217797292954717,0.00809549999094628,"ZBED3-AS1"
1611.04382637758,-0.00635131293393637,0.00207231796370548,-3.06483514845361,0.0021779000584029,0.00809549999094628,"GTF2A2"
1582.88180740239,-0.0143429509957012,0.00468006614473072,-3.06468980397851,0.00217895864090625,0.00809667511154244,"PSME4"
1796.21327180685,0.0112101662040879,0.00365787363229433,3.06466743550585,0.00217912159832012,0.00809667511154244,"EPHX2"
10.9554214154491,0.0395076427350064,0.0128929219753324,3.06428929071277,0.0021818781266904,0.00810536887743602,"OXCT1-AS1"
15.2398615980732,0.0621034573927664,0.0202687565698043,3.06399937158878,0.00218399368856077,0.00811167867790636,"ENSG00000285534"
1671.29771212865,-0.0156941048020375,0.00512224291619757,-3.06391263725692,0.00218462696087152,0.00811248167543182,"PRMT1"
523.284515670211,-0.00969197457085331,0.00316340273316412,-3.06378143675659,0.00218558521334856,0.00811449093049108,"CRELD2"
543.960990609423,-0.0113372973955489,0.00370116039018622,-3.06317376183161,0.00219002853115816,0.00812943606098423,"NANS"
18.3899504996758,0.0226032357745325,0.0073800462543468,3.06274987927336,0.00219313286014466,0.00813785335037652,"POPDC2"
142.554894820043,-0.0217210545533754,0.00709198916514193,-3.06275912830455,0.0021930650812973,0.00813785335037652,"MAP1S"
26.1573351079759,-0.0273521499345001,0.00893172538941681,-3.06235903388942,0.00219599881290137,0.00814693360857231,"PTGFRN"
1025.01430958722,-0.00501472796397851,0.00163766256056547,-3.06212530269176,0.00219771433393624,0.00815174323214984,"CSPP1"
1913.9215176486,0.00734643107545575,0.00239921660430852,3.06201243450175,0.00219854319432404,0.00815326285468005,"METTL16"
3137.90224403089,0.00502153349930519,0.00164007702925795,3.06176686199743,0.00220034757387981,0.00815839890574461,"NEMF"
45.1367715673812,0.0199615621843927,0.00652010278390058,3.06154102872147,0.00220200811451734,0.00816299977805924,"ENSG00000255046"
4251.78664712121,-0.0138703282326755,0.00453173588216032,-3.06070975744142,0.00220813030983341,0.00818413541474268,"TRBV20-1"
14.354347886121,0.0233904946599049,0.00764243277004075,3.06060849518996,0.00220887715693948,0.00818506819640788,"IL24"
6.91756155958245,0.050567842262893,0.0165224066547222,3.060561534384,0.00220922358907724,0.00818506819640788,"LINC00882"
73.5327790658742,-0.0204906266660299,0.00669580994670141,-3.06021628886349,0.00221177201112106,0.00819294941693311,"MLLT11"
464.147970672017,-0.00796558020370106,0.00260320640081479,-3.05991111623261,0.00221402687896935,0.00819974044608392,"INO80B"
5.26209522116705,-0.046145386333705,0.0150831662938024,-3.05939651097434,0.00221783398042963,0.00820988990481653,"HAAO"
550.603575619125,0.00963572704621191,0.00314957931169409,3.05936955149387,0.00221803359466407,0.00820988990481653,"FAM219B"
44.7643585935592,0.0141512476822203,0.00462550958379475,3.05939214390529,0.00221786631410242,0.00820988990481653,"ZNF652-AS1"
3.79022620448581,0.0487594118132612,0.0159388657200589,3.05915192897936,0.00221964552512138,0.00821429320950074,"ENSG00000246130"
518.951364243147,0.00848403174496833,0.00277351155794868,3.05894948252648,0.00222114601024682,0.00821828248912135,"PCGF3-AS1"
1131.87896394265,-0.00591639414112281,0.00193519028854379,-3.0572673788968,0.00223364935882447,0.0082629733127605,"EIF4G1"
993.291611875479,-0.00856803157052665,0.00280272517306936,-3.05703593518715,0.00223537475592638,0.00826778368083741,"BCL7B"
4.77745929826374,0.141142139341306,0.0461713298670806,3.05692168165029,0.00223622695844783,0.00826936322600167,"TEX41"
241.389201876362,-0.0260840782227806,0.00853396408907932,-3.05650199022512,0.00223935993906063,0.00827937467680447,"ENSG00000277511"
568.37332387697,0.0101461004546121,0.00331974289236384,3.05629103927007,0.00224093619834912,0.00828362789701419,"AIG1"
2928.33639290993,-0.0147438241382733,0.00482430264859402,-3.05615654991508,0.00224194165494564,0.00828576992786389,"MAP3K1"
13.6708642065298,-0.0260151146838865,0.00851379878220885,-3.05564124186842,0.00224579797964451,0.00829844538413094,"ENSG00000234185"
282.146583806096,-0.0113175186585406,0.003704521290184,-3.0550556393154,0.00225018773299915,0.00831308672261472,"BOLA1"
683.465043849638,-0.00649996559810277,0.00212795988613678,-3.05455269173479,0.00225396416799369,0.00832545708918442,"PATL1"
8.13132291991342,0.0351161606851883,0.0114987051646875,3.05392304457287,0.00225870012542564,0.00834136626915779,"TRAJ10"
37.2976190017879,0.0190488031783913,0.00623873647938418,3.05331107369863,0.00226331186390126,0.00835681075640534,"ENSG00000270066"
71.8901654926452,-0.0227224705872849,0.00744318968362145,-3.05278671552401,0.00226727022452802,0.00836983737659792,"MCM2"
11.207229099681,-0.0468378783026944,0.0153443164681826,-3.05245778786014,0.00226975652347742,0.0083774258326678,"ZNF571-AS1"
865.367818065924,-0.00775970805884466,0.00254222989957653,-3.05232349762594,0.00227077231457989,0.00837958495368875,"KLHL6"
794.393973247392,-0.0113221266082346,0.00371047372121278,-3.05139652209529,0.00227779546119982,0.00840390734366421,"RREB1"
69.1095297064217,0.0166051690273313,0.00544200650012878,3.05129533140733,0.00227856332677375,0.00840514607795868,"ENSG00000286883"
17.4629748179989,0.0310581350092081,0.0101789443481599,3.05121375526754,0.00227918252384929,0.00840583603932356,"LINC02929"
393.793753425677,-0.0119457948443356,0.00391540269086287,-3.0509747751394,0.00228099737047813,0.00841093456932136,"PDCL"
147.78039534368,0.0193683552491048,0.00634838573240728,3.05091027317907,0.00228148743369706,0.00841114709492827,"ENSG00000264112"
102.941060317709,-0.0428279721405582,0.014048184627304,-3.04864815467459,0.00229873534125265,0.00847312888434816,"PRKG2"
33.013872072269,0.0227206843408174,0.0074529357208104,3.04855498449768,0.0022994482873691,0.00847415093550899,"HRG-AS1"
809.748004177361,0.00842312681984061,0.00276369623365467,3.04777591591605,0.00230541771847759,0.00849454064067203,"CDYL"
94.3951096964158,0.0168790979461811,0.0055386989103946,3.04748429536469,0.00230765584137398,0.00850117685048584,"RNF43"
314.963716016177,-0.0310414700008637,0.010187207217291,-3.04710303214176,0.00231058495356717,0.00850874440208918,"MTSS1"
25.3196368549701,-0.0565827986836445,0.0185691236024754,-3.04714427535513,0.00231026793218572,0.00850874440208918,"MIR325HG"
1326.64790019084,-0.00786329819083864,0.00258076479199845,-3.04688680472488,0.00231224766615337,0.00851325560370041,"VIRMA"
263.916045776969,0.0191986254752359,0.00630141337633074,3.04671735191179,0.00231355146436292,0.00851644389351308,"LINC01135"
329.437323374157,0.0118992841805766,0.00390720201606772,3.04547451901457,0.00232313462639557,0.00855010248212303,"VPS13B-DT"
20.8657616379063,-0.0315513594772227,0.010361392477058,-3.04508873175909,0.00232611671722651,0.0085594582419169,"C1orf21"
1629.64074660067,-0.010039061058571,0.00329712646313003,-3.04479102358746,0.00232842036295065,0.00856631444670951,"TRPC4AP"
15.5433190626484,-0.0632680792269316,0.020783124360898,-3.04420442895323,0.00233296550768808,0.0085814130276174,"PLCB4"
872.947815142757,0.00651606587821951,0.00214084632585964,3.04368688191714,0.00233698239207889,0.00859456315150812,"ASAH1"
5614.22286806949,-0.0249953887167906,0.00821287060085993,-3.04344119511313,0.00233889147925631,0.00859995806484206,"ANXA1"
778.634962359041,0.00831492784839324,0.00273281189495913,3.04262721621299,0.00234522663711162,0.00862162224881083,"CLN5"
2.49706095260339,-0.0649400438496806,0.0213451049451484,-3.04238578430793,0.00234710870898825,0.00862691071400801,"ENSG00000283828"
100.832631928612,0.0239482898260964,0.00787386917089278,3.04148942614207,0.00235410833554363,0.0086510034450518,"MPP7-DT"
188.992106543194,0.0133553438485094,0.00439210841743947,3.04075914781159,0.00235982517495562,0.00867037390972079,"ENSG00000240291"
427.349312033491,-0.0120589569251681,0.00396629597183005,-3.04035730334166,0.00236297635394235,0.00868031219273514,"INTS13"
74.7387115197171,0.0163811172837803,0.00538817498535674,3.04019771597967,0.00236422887264311,0.00868327337646923,"ENSG00000261098"
3.89519067593747,0.0540388549883819,0.0177782930462833,3.03959749384822,0.00236894515028211,0.00869895263699024,"OR56B1"
12.075282837291,0.0303032444032594,0.00997022000812891,3.03937569868594,0.00237069009616636,0.00870371707446809,"ENSG00000288803"
48.5552013187814,-0.0439311516867618,0.0144561291187406,-3.03892911621899,0.00237420709885383,0.0087149843894708,"ZNF667"
134.929694775086,-0.0305114649516975,0.0100404619715007,-3.03885070610323,0.00237482510038124,0.00871560811839916,"RPP40"
6.13024287654872,-0.0366423694175414,0.0120587071913435,-3.0386648283363,0.00237629071335329,0.00871934175918408,"ENSG00000257579"
1544.82865329145,-0.0055917077266957,0.00184059495149444,-3.03798927741033,0.00238162428815764,0.00873629162034197,"ENY2"
527.498659850905,0.00900848300224798,0.002965300809834,3.03796598725249,0.0023818083626895,0.00873629162034197,"FAM210B"
7324.27285755284,-0.00736039501240532,0.00242324112390213,-3.03741750658016,0.00238614706465731,0.00874890604234672,"ARID4B"
73.3087743688589,-0.0145332811126139,0.00478474320885163,-3.03742133657825,0.00238611674276835,0.00874890604234672,"SPACA9"
5.57218830410636,0.0378666362452215,0.0124691851805737,3.03681721755289,0.00239090388327283,0.00876469495543532,"ATOX1-AS1"
2625.45783825677,0.00754875089609296,0.00248608267765899,3.03640380262865,0.00239418491773904,0.00877011126835067,"PRDM2"
1398.35910331198,-0.00646774928254765,0.00213003021648094,-3.03645893495029,0.00239374712642603,0.00877011126835067,"FAM111A"
10.7283190820224,0.0534118141484726,0.0175896228510753,3.03655255150665,0.00239300390975615,0.00877011126835067,"CATSPERD"
1031.54510175637,-0.00536461269335561,0.00176676139261614,-3.03641041499777,0.00239413240678137,0.00877011126835067,"TRMT1"
11109.9803884389,-0.00562353853468482,0.0018522503857216,-3.03605742400426,0.00239693709680829,0.00877853953493092,"YWHAZ"
40.3022231508976,0.039357071618834,0.0129636251043952,3.03596187809307,0.00239769677393232,0.00877966866524051,"ENSG00000249417"
6.77081231012922,0.0507525557066012,0.016717901857849,3.03582089057265,0.00239881815585499,0.00878212157905804,"ENSG00000286882"
1278.95139893661,-0.00615311090999994,0.00202701658866528,-3.03555034744513,0.00240097133754826,0.00878835029857944,"FBXL20"
2185.14335134673,-0.0058026499427713,0.00191196473378235,-3.03491473469398,0.00240603697504281,0.00880523522136553,"CELF1"
965.619917073694,-0.00593465523427503,0.0019555922638766,-3.0347099157115,0.00240767140209125,0.00880955915012734,"NMT1"
320.717446509409,0.0156205758095792,0.00514798806183471,3.03430692184086,0.00241089020455139,0.00881725580493425,"RNASEL"
10.4022529224573,0.0344994068065737,0.0113698962223046,3.0342763145802,0.00241113483247367,0.00881725580493425,"GRM2"
4777.07081908735,-0.00506751362457138,0.00167004647953373,-3.03435484381622,0.00241050723474606,0.00881725580493425,"PGK1"
446.777219997596,-0.00851822050056267,0.00280812752829887,-3.03341654348686,0.00241801582570024,0.00884075673415325,"STX6"
495.711634932001,-0.00668522769887366,0.00220395417335128,-3.03328797835586,0.00241904631250392,0.00884286221095917,"AP5Z1"
221.654401881357,-0.00892626747075051,0.00294304211059391,-3.03300705029639,0.00242129943126602,0.0088494354072821,"POLE"
886.960485519644,0.00833072189381805,0.00274739394898231,3.0322269206802,0.00242756635778032,0.00886900699195811,"MOCS2"
26.0268553694097,0.026330588025631,0.00868351617424182,3.03224955159711,0.00242738435052652,0.00886900699195811,"ENSG00000287337"
310.80251811683,-0.00622769754424363,0.00205423153988171,-3.03164342642809,0.00243226337614182,0.0088844985782788,"USP19"
63.1572335571685,0.0267283052202219,0.00881880068525744,3.03083221564403,0.00243880728999351,0.00890672936493874,"LINC02391"
639.065536737119,0.0086297882015175,0.00284796200453021,3.03016268749029,0.00244422040446103,0.0089248228059267,"AGL"
2734.87644135715,0.0189191546943025,0.00624377054569927,3.03008487512951,0.00244485022767095,0.00892544703048568,"CITED2"
289.09734913702,-0.00842460650771613,0.0027805404160676,-3.02984501107548,0.00244679265270518,0.00893086205437575,"TNPO2"
127.538021576051,-0.0155490412188804,0.00513232174827379,-3.0296310289023,0.00244852667742936,0.00893493029693538,"CAMKK1"
328.642055328253,0.0152639254903924,0.00503827407934924,3.02959411298321,0.00244882594277737,0.00893493029693538,"ZNF681"
6783.07383424779,-0.0172613838814075,0.00569906977276166,-3.0288072562135,0.00245521270024514,0.00895641788813481,"KLF3"
255.514477373833,0.011816567866482,0.00390146024250038,3.02875516652938,0.0024556360391457,0.00895641788813481,"ASTN2"
8.68445541297682,0.0461948438646423,0.0152526360341981,3.02864657368525,0.00245651880055851,0.00895795785333025,"C1QTNF7"
127.639382969084,0.0138111655274454,0.00456050897386941,3.0284263459583,0.0024583099440771,0.00896280913256677,"USP51"
763.315555761392,0.00627337807589653,0.00207158846590738,3.02829359167566,0.00245939023083622,0.0089650673500741,"VRK2"
732.612626302415,0.00913116154447752,0.00301573331591991,3.02784118750638,0.00246307492902323,0.00897681664688606,"TMEM260"
1863.85892503258,0.00660978908285242,0.0021831094502582,3.0276947782305,0.00246426847075851,0.00897948408106479,"DUS1L"
10.4653267397991,0.0560035151548735,0.018499242082798,3.02734106101297,0.00246715418975119,0.00898831544200233,"ZBTB32"
2677.80648144252,-0.00449379553955148,0.00148459410448577,-3.02695230027741,0.002470329369563,0.00899819785905802,"GNB1"
2218.79354409405,-0.00543262574479182,0.00179507375709487,-3.02640809232481,0.00247478043584918,0.00901272313381436,"SMAD2"
1203.19523997595,-0.014922896883253,0.004932398811519,-3.02548464824102,0.00248235006039751,0.00903859809524371,"CTSC"
264.593419027877,-0.0108003210913086,0.00357036515915356,-3.0249906129683,0.00248640844204986,0.0090516808172023,"LMNB2"
10.8715495187067,0.0306557915771248,0.0101348816328655,3.02478042542833,0.00248813692244798,0.00905599108090343,"LINC02951"
44.578563915285,0.0445445852498784,0.0147267805138969,3.02473342410746,0.00248852358888637,0.00905599108090343,"LINC00892"
3.22458969312948,0.0563919601194738,0.0186460367135394,3.02434029203247,0.00249175992778388,0.00906607226998207,"ENSG00000267092"
196.949817904516,-0.0129103576012528,0.00426916338463543,-3.02409545807424,0.00249377739334123,0.00907171574301109,"WDR81"
5.32251764629602,0.041814404599393,0.013829618796167,3.02353992656559,0.0024983605929676,0.00908668883579147,"ENSG00000274184"
2.41060793255678,-0.0939236219311894,0.0310683532276177,-3.02312843049878,0.00250176045002622,0.00909735324611329,"ENSG00000291169"
18.3134599213199,-0.0250128489426836,0.00827589351205649,-3.02237443077831,0.00250800112116987,0.00911834202016359,"ENSG00000276564"
76.463816983819,0.0146276473334842,0.00484044128630452,3.02196565731961,0.00251139038903229,0.00912895803720183,"MYH3"
12.942165482962,0.0288211389393354,0.00953812538784009,3.02167750657574,0.00251378205360713,0.00913594445529002,"GIPC2"
66.7246504867361,-0.0245295273817413,0.00812192557482216,-3.02016155599633,0.00252639886275862,0.00918008299636052,"ENSG00000289564"
342.961270814473,0.022122559284938,0.00732532539127882,3.02001045732058,0.00252765958153587,0.00918294854696566,"LINC01350"
38.2397973090812,-0.0246677815068029,0.00816992939962783,-3.01933839329464,0.00253327404256223,0.00920162715254489,"HILPDA"
48.7127433211912,0.0267252176052382,0.00885167388380204,3.01922754453748,0.00253420117445201,0.00920327614717441,"KCNMB2-AS1"
3245.00502654588,-0.01084231834557,0.00359148952933363,-3.018891815503,0.00253701108429735,0.00921176079907928,"CUL3"
18.1215241981038,0.0228595266030798,0.00757332877241991,3.01842522489295,0.00254092098244847,0.00922423554117307,"BCDIN3D-AS1"
25.6603726681503,0.0209844113238371,0.00695227525353795,3.01835162713938,0.00254153821390526,0.00922475458083061,"PPP2CA-DT"
12.585868117456,-0.029063174906456,0.00963129194102143,-3.01757802425972,0.00254803437675325,0.00924660758623647,"DPF3"
768.558171237893,-0.00783270344102966,0.00259611971108684,-3.01708099498638,0.0025522160813864,0.00926005502686939,"TMEM126A"
10.7780167514342,0.0341197691453073,0.0113108062826739,3.01656383219757,0.00255657383935179,0.00927413609646245,"ENSG00000276831"
393.160625609684,-0.00918006159087815,0.00304350144705303,-3.01628297228741,0.00255894329349157,0.00928100055970624,"HINT3"
94.8756385575239,0.0187576277734221,0.00621989596784505,3.0157462231512,0.00256347712570533,0.0092957109567663,"LINC01505"
36.8065207756432,0.0238850013702507,0.00792117047710751,3.01533737208147,0.00256693555143527,0.00930651694519429,"ENSG00000286271"
1292.34405214044,-0.0081644818272462,0.00270782203569945,-3.01514712547838,0.00256854628046784,0.00931062126376818,"ADNP"
564.057712030304,-0.00868402277614982,0.00288023914516043,-3.01503532813978,0.0025694932473611,0.00931231845619913,"DUSP22"
2452.87112330539,0.00842947941299898,0.00279645249028193,3.01434744280213,0.00257532693247492,0.00933172208710314,"NDUFC1"
542.56536624211,-0.0117000515622215,0.00388201711297089,-3.01391035169021,0.00257904002047171,0.00934169598476633,"GALNT2"
1720.86183568053,-0.0083776913946598,0.00277962417130251,-3.01396551417024,0.00257857114556561,0.00934169598476633,"MAPKAPK5-AS1"
50.9174342119069,-0.0207811355331928,0.00689652886458253,-3.01327464022016,0.00258444912584913,0.00935954569854618,"STAP2"
7.16613354831401,0.0409324310783191,0.0135861321843063,3.01280971825088,0.00258841159247506,0.00936964827427354,"DCT"
271.317494591499,-0.00854351696397657,0.00283575440348375,-3.01278451810946,0.00258862652847198,0.00936964827427354,"SLC35B1"
379.184339751784,-0.00791880283523903,0.002628405866902,-3.01277779621327,0.00258868386334615,0.00936964827427354,"TCF3"
3.12342027913061,-0.0569130229906436,0.0188932188912945,-3.012351855875,0.00259231931944843,0.00937931604958917,"CCDC74A"
412.720005840286,0.0100794723906329,0.00334602256766106,3.01237430017656,0.00259212763797082,0.00937931604958917,"TVP23C"
37.053845915564,0.0174607844042439,0.00579754487968069,3.01175493534179,0.00259742196903969,0.00939603026218914,"SPAG5"
720.092399494515,0.00762030451819623,0.0025304612114891,3.01142909584925,0.00260021121237987,0.00940437119598379,"ZNF511"
618.986879356201,-0.00672158700953439,0.00223297472463104,-3.01014916800951,0.00261119414600653,0.00944233822903382,"GDAP2"
233.98043639104,0.0118420773931963,0.00393428069883762,3.00997267345339,0.00261271195116547,0.00944440120309709,"C11orf71"
373.619739845394,-0.0137112828101815,0.0045552889993186,-3.00996990799761,0.00261273573974939,0.00944440120309709,"TRIM25"
10458.2481420078,0.00514940226080299,0.00171083418545796,3.00987804930061,0.00261352602522738,0.00944550254862465,"DDX17"
1908.1336704193,0.0174280479273328,0.00579228656502427,3.00883731004766,0.00262249506613924,0.00947615670285609,"CCDC7"
119.423704609394,-0.0100450230120206,0.00333874003188079,-3.00862688202831,0.00262431194095909,0.00948096054301547,"INPP5E"
37.0337855701093,0.0188770137331376,0.00627476608102789,3.00840118808784,0.00262626190347658,0.00948624332117417,"CEMIP"
121.884639279146,-0.0105127172224765,0.00349504379721022,-3.00789284267849,0.00263065878549318,0.00950036094255995,"ZNF282"
820.800099008396,0.00557445218029297,0.00185333397990505,3.007796889678,0.0026314894758027,0.00950159676885805,"DCTD"
3409.38695712593,-0.00460669918945922,0.00153183931810776,-3.00729922192476,0.00263580176443604,0.00951187015214201,"ANXA11"
17.821468410818,-0.0239273770210602,0.00795635866334199,-3.00732760217345,0.00263555567614409,0.00951187015214201,"ENSG00000257086"
392.022246976814,0.0076350710803033,0.00253876294358312,3.00739818957946,0.0026349436959755,0.00951187015214201,"LPCAT4"
684.13455302104,0.00810711347207743,0.00269607614214371,3.00700464106005,0.00263835734865681,0.00951855962712481,"ZDHHC2"
86.1922505478622,0.0187240038883051,0.00622686185391995,3.006972746074,0.00263863418381867,0.00951855962712481,"CDK20"
47.5572696494236,0.0197020279518137,0.00655288555433101,3.00661865501252,0.00264170933053528,0.00952611942681529,"ZNF620"
156.094838813229,0.0149345485008582,0.00496713295501873,3.00667379675605,0.00264123023013051,0.00952611942681529,"ENSG00000286787"
463.17520790377,-0.0385251305519752,0.0128146854639473,-3.00632666017137,0.0026442476592809,0.00953350532357233,"BCL2L11"
2.67055434852175,0.0614726789711091,0.0204501977077819,3.00596991038952,0.00264735193237026,0.00954292854642956,"CFAP276"
11.0544936507966,-0.0282061100060307,0.00938569259343509,-3.00522414571299,0.00265385199745209,0.00956458684499547,"EXO1"
1818.06649282037,-0.00585698285576349,0.00194908515804515,-3.00499074224022,0.00265588933104266,0.00957015623899792,"CSNK1G2"
503.109730662265,-0.00890260829288788,0.00296279790134498,-3.00479769100906,0.00265757551781759,0.0095744584917707,"PPP5C"
7395.76839352163,-0.0114923173265216,0.00382495040032477,-3.00456636654578,0.00265959728697011,0.00957996793126957,"RHOH"
26.8579577971772,0.0264667847603999,0.0088095744181586,3.00432047044698,0.00266174795310471,0.00958508690213732,"AFTPH-DT"
891.555079061578,0.00759516855360937,0.00252810663940374,3.00429120956729,0.00266200398156114,0.00958508690213732,"NDUFV3"
114.858509590367,-0.0109900425971055,0.00365835233927421,-3.00409626462766,0.00266371029611479,0.0095894556671717,"FDXACB1"
970.942336474436,-0.0104936409061566,0.00349383389201044,-3.00347447259958,0.00266915940006895,0.00960729450235774,"PNPT1"
1657.43477021841,0.00498518966160199,0.00165989775207151,3.00331129154227,0.00267059113166724,0.00960889162080272,"KIAA0586"
72.7472466319607,0.0146262926850648,0.00487001816951762,3.00333431538585,0.00267038908062455,0.00960889162080272,"PPP5D1P"
1148.37705657806,0.00932300329114009,0.00310475952282934,3.00281011221253,0.00267499281006542,0.0096229489825379,"CCS"
100.321345855912,0.0111939832289981,0.00372796906409698,3.00270282197461,0.00267593596295075,0.00962456183715885,"MIEF2"
1114.62760728658,0.0137023083137841,0.00456463134107144,3.00184336695365,0.00268350212178341,0.00964999071377504,"CLIP4"
172.134049319832,-0.00884205056913323,0.00294561243915204,-3.00176983625131,0.00268415035175603,0.00965053761404926,"RUNDC1"
139.580997681937,-0.0148371471459244,0.00494311088756032,-3.00158088366237,0.0026858167712471,0.00965474441277534,"B3GALNT2"
3.07247832581398,0.0521876556560209,0.0173876222204184,3.001425669045,0.00268718635447977,0.00965788281245121,"ENSG00000251391"
1281.68320281734,-0.00508756223919132,0.00169533499854247,-3.00091854622552,0.00269166555665674,0.00967099615694384,"ATF2"
726.812396044658,-0.00464245865519357,0.00154702210471707,-3.0009000136702,0.00269182937605748,0.00967099615694384,"GAK"
860.235708609559,0.0159033307737153,0.0053003509769243,3.0004297532281,0.00269598931552497,0.00968415294114057,"TIMP1"
4092.07523988567,-0.007422605311648,0.00247435646080608,-2.99981244789197,0.00270145893604378,0.00970166994506341,"DHX9"
88.9863743930592,0.0142998034849672,0.00476697165261774,2.99976683878844,0.00270186345650139,0.00970166994506341,"B4GAT1-DT"
3111.41602611761,-0.0071131435582637,0.00237169157416054,-2.99918574394792,0.00270702220354421,0.00971839957200783,"UQCR10"
2608.70012258115,-0.00557554223999754,0.00185906346599513,-2.99911344716412,0.00270766465703348,0.00971891220593435,"RFC1"
3.99568168713735,0.0488725013649218,0.0162960749164219,2.99903514285344,0.00270836065258563,0.00971961679952825,"ENSG00000287249"
25.3286985314931,0.0193161172007338,0.00644095189844762,2.99895380454391,0.00270908378844815,0.00972041851486902,"LRRC75A"
3121.97928037802,0.00642012762545933,0.00214089974416179,2.99879881949959,0.00271046216681534,0.00972357056560774,"CMPK1"
1063.2219848569,-0.00778961405111558,0.00259823629555083,-2.9980391177101,0.00271722794075034,0.00974604474931495,"MRPL1"
752.763684742121,-0.00497543835667665,0.00165975958550242,-2.9976861710189,0.00272037647019442,0.00975553884988046,"DHX38"
1091.06203437361,-0.00850015667644183,0.00283686231889673,-2.99632330403246,0.00273256550065678,0.00979744360429032,"UBE2E3"
302.890121978871,0.0247574544079924,0.00826365725916699,2.99594400294478,0.00273596670836441,0.00980734753064876,"ENSG00000225889"
192.287753990753,0.0150444169689249,0.00502175804582329,2.99584664009005,0.0027368403884819,0.00980734753064876,"ENSG00000288061"
3727.55949473703,-0.0176108762156338,0.0058784157838778,-2.99585413198119,0.00273677315136614,0.00980734753064876,"ADAM10"
2567.86103102549,-0.00527736563056401,0.00176176606316083,-2.99549738237989,0.002739976530421,0.00981677721370767,"GPS2"
18.0972566050698,-0.0299788149233101,0.0100109205987359,-2.99461119760509,0.00274794872082744,0.00984208756757571,"FRRS1"
103.516120140815,-0.00987691909673192,0.00329836800838188,-2.99448668906334,0.00274907050596293,0.00984208756757571,"SCRIB"
511.992964687593,-0.0067201748159457,0.0022442241781496,-2.99443116306081,0.00274957091369114,0.00984208756757571,"ABRAXAS2"
703.512468216109,-0.0064587902657615,0.00215686600946909,-2.99452550014978,0.00274872078468436,0.00984208756757571,"NPLOC4"
188.88905346714,-0.00890737145604268,0.00297457077186359,-2.99450648150561,0.0027488921539518,0.00984208756757571,"MOSPD1"
366.907075001612,-0.00773306423229261,0.00258255828036229,-2.99434258312567,0.00275036938011865,0.00984313428016337,"TRIOBP"
747.248454462917,0.0130124431420629,0.00434631843124931,2.99390008990266,0.00275436122129656,0.00985560708525376,"SREBF2"
88.535950370318,-0.0220231091629505,0.00735630789838807,-2.99377207522489,0.0027555170601213,0.00985792943469183,"ENSG00000290999"
20.2158408114353,0.0376149235025982,0.0125656512870475,2.99347185779149,0.00275822944812269,0.00986581849860875,"PRR5L"
2225.8362053281,-0.00968540245415817,0.00323559240352287,-2.99339386617821,0.00275893448145225,0.00986652594203486,"EFR3A"
26.0367052682211,0.0300227909074602,0.0100306281684897,2.99311173768499,0.00276148625881782,0.00987202154388263,"CFAP43"
300.68290611107,-0.0112470735080308,0.003757634518682,-2.99312598181467,0.0027613573727857,0.00987202154388263,"RAVER1"
40.9679268973993,0.0247565979824838,0.0082714906335488,2.99300320574289,0.00276246847550458,0.00987371817659678,"ZNF625"
5.29798459457872,-0.0576255245351016,0.0192550947950013,-2.99274166908081,0.00276483669979448,0.00988036719597691,"GLT1D1"
642.530244301809,-0.00701533368245724,0.00234437318433638,-2.99241337911953,0.00276781200257972,0.00988918281818112,"MTMR4"
3430.57993317376,-0.0107135389326849,0.00358089320583245,-2.99186217428518,0.002772814168491,0.00990523570088492,"EZR"
960.510994686505,-0.0233580625872834,0.00780741862162302,-2.99177791268834,0.00277357956694273,0.00990615059798072,"DDX60"
1856.03643649687,-0.00673688798585067,0.00225206169499475,-2.9914313630144,0.00277672951417181,0.00991376023864829,"COPB1"
5.11101536926184,0.0404871459994991,0.0135343265122272,2.99144149972459,0.00277663733064267,0.00991376023864829,"PITPNM3"
24.8770051267927,0.029447715902323,0.00984438834382175,2.99132001642379,0.00277774228722669,0.00991555610733095,"ITGB1-DT"
30.5373373658324,-0.0216651319148214,0.00724349891392203,-2.99097607002894,0.00278087284501117,0.00992308892098924,"CELSR2"
598.72227692059,-0.0168124052300279,0.00562100076301654,-2.99099856748737,0.00278066797745555,0.00992308892098924,"RRAS2"
44.205775153658,0.0190289799566095,0.00636301313457942,2.99056116247782,0.00278465357070384,0.00993475726407931,"TRIM46"
191.564859893569,0.0100513539515073,0.00336124125562082,2.99036968402641,0.00278639994570679,0.00993761328018501,"ZNF432"
321.641119281438,-0.019925197297719,0.00666314030709044,-2.99036135806956,0.00278647590510149,0.00993761328018501,"ENSG00000291067"
11.0322407146821,0.0266604840573991,0.00891684882787058,2.98989974732652,0.00279069023393184,0.00995081865081726,"ENSG00000258199"
6.11743600175117,-0.0667379474537671,0.0223220161918529,-2.98978133875404,0.00279177219644958,0.00995285208818562,"ENSG00000223838"
711.703795090713,-0.00641013836589341,0.00214407573335583,-2.98969773603122,0.00279253635001215,0.0099537519780257,"FBH1"
970.012569311132,-0.00571781454530742,0.00191266675502963,-2.98944629547809,0.0027948357422461,0.00996012275969747,"UBE2J2"
13.2819739265541,0.0243159517310923,0.00813839136719782,2.98780811022421,0.00280985912159701,0.0100118281322923,"HEXD-IT1"
43.0519181128129,0.0309091920593935,0.0103472737656581,2.98718220464786,0.00281561858690595,0.0100305122955875,"KBTBD11-AS1"
1041.26031352264,-0.0062852003722575,0.0021042016546019,-2.98697625225782,0.00281751607798447,0.0100335967105229,"MRTFB"
27.3684923898958,0.019822539643986,0.00663631513086767,2.98697986052303,0.00281748282408373,0.0100335967105229,"TINCR"
714.318581477711,-0.0102661242537516,0.00343711493387553,-2.98684345774146,0.00281874016632601,0.0100361184285571,"USP42"
4.42954127146647,0.0419896706022152,0.0140603552204097,2.98638760856225,0.00282294584026714,0.0100474143712784,"ENSG00000234758"
1888.42548833263,-0.007664848017875,0.00256658112883938,-2.98640394871955,0.00282279498667636,0.0100474143712784,"PDCD5"
71.2560398465395,-0.0151920815294381,0.00508735214570578,-2.98624531865004,0.00282425978289283,0.0100502519277439,"ZBTB34"
19.0070197103031,0.0403747031052153,0.0135232234263018,2.98558278839712,0.00283038511910194,0.0100702068687858,"SLC22A31"
14.2988694201898,0.0332830594208023,0.0111487403961457,2.98536500431104,0.00283240126075315,0.010075537110993,"ENSG00000288707"
12.9660637355742,0.0322153930546551,0.0107925501985085,2.98496578307387,0.00283610046685069,0.0100868513769817,"LINC00867"
1006.05375512087,-0.0304980484465532,0.0102189561500383,-2.98445829483661,0.00284080924890466,0.0101017514991672,"S100A11"
8.49642137788364,0.0434508351589659,0.0145604579869178,2.98416678912198,0.00284351724147396,0.0101095327844836,"CDKN2A"
563.709326355138,-0.00875013760565921,0.00293233116722596,-2.98402093987801,0.00284487301759164,0.0101125045806241,"DCAF13"
981.711354734729,0.0101182124025953,0.00339104429348992,2.9838042581809,0.00284688832331288,0.01011781925393,"LTBP3"
7889.69533813809,-0.0151530350212698,0.00507859277854159,-2.98370743275488,0.00284778929522417,0.0101191723751197,"SSH2"
19.441652448835,0.0219203636616933,0.00734892033573157,2.98280055576506,0.00285624053828811,0.0101473488055237,"TRBJ2-7"
560.034975123001,0.0103503270500965,0.0034710827514693,2.98187274438078,0.0028649105613067,0.0101762920613544,"CD320"
1382.32578885924,-0.0234634529952197,0.00787084209190192,-2.98106005955329,0.0028725245051292,0.0102014741919423,"PYHIN1"
58.3941846311301,0.0177459136193061,0.00595414225481898,2.98043158188628,0.00287842529634834,0.0102186987478138,"C6orf52"
62.2940709849617,0.0191430118920779,0.00642282807367668,2.98046462905237,0.00287811474033307,0.0102186987478138,"ST7"
19.0522294177787,0.093271253520341,0.0313040717871666,2.97952464952429,0.00288696001171204,0.0102452580163859,"DPYSL4"
63.2151631495477,0.0218584692521355,0.00733622570156569,2.97952518656432,0.00288695495105205,0.0102452580163859,"ZNRF3"
4.53897196338256,0.0812012822744534,0.0272587966847638,2.97890193809767,0.00289283342568436,0.0102642289242952,"AKAP12"
23.9732393411694,0.0231587341586714,0.00777683600488064,2.97791211543323,0.00290219188393758,0.0102943657966652,"DHDDS-AS1"
84.2434806722818,0.011555992152165,0.00388062645394099,2.97786769464226,0.00290261251554493,0.0102943657966652,"ZBTB20-AS5"
52.1969753511464,-0.040520067704116,0.0136072204125239,-2.97783577216268,0.00290291483187027,0.0102943657966652,"ZNF415"
14.7159342373578,-0.0678385953237926,0.0227816037577326,-2.97777961750242,0.00290344670461974,0.0102943751096534,"IFI27"
2.47146424707128,-0.0689589169319472,0.0231591272611364,-2.97761293654913,0.00290502595868221,0.0102980973067847,"ENSG00000254298"
188.569049558896,-0.0101454508769017,0.003407773773989,-2.97714917414422,0.0029094241003618,0.0103103012152439,"UBQLN4"
65.665443540023,0.0217177221344856,0.00729483183090081,2.97713814902348,0.00290952873222322,0.0103103012152439,"LINC02018"
277.709801236063,0.00730539744633864,0.00245399937474653,2.97693533320203,0.00291145413092787,0.0103152448635115,"YIPF2"
4.01092219847976,0.0463627740148326,0.0155761103543777,2.97653091561477,0.00291529687467877,0.0103269786030553,"KCNMB2"
133.685640967373,0.0220806501373584,0.00741928283300365,2.97611651076782,0.00291923931801778,0.0103390611753029,"ENSG00000288957"
4.45653545484821,0.0527689753363065,0.0177342998363773,2.97553192531823,0.00292480904943764,0.0103569016604063,"BSPRY"
267.664726141473,-0.0187977575960637,0.00631812965054586,-2.97520922104529,0.00292788781891782,0.0103659166301002,"PDSS1"
267.076756902401,0.0147241584642085,0.00494919639860906,2.97506044988367,0.00292930817032001,0.0103690579109908,"ZNF287"
904.006073340183,-0.00572562881661958,0.00192492214216253,-2.97447293644157,0.00293492343905247,0.0103870443619013,"BTBD7"
1053.127724281,0.00728134350425103,0.00244817570641735,2.97419155216867,0.00293761629892323,0.0103946833964627,"CENPT"
104.049200408643,0.0196305968969358,0.0066033201881487,2.97283735115069,0.00295060762687472,0.0104387539014806,"MAP3K2-DT"
1127.42153395077,-0.00807056901391883,0.00271629205107683,-2.97117131080194,0.00296666245661885,0.0104933563918086,"DENND1A"
1603.65126481813,-0.00636129870736432,0.00214104120679823,-2.97112390325135,0.00296712046449783,0.0104933563918086,"PKN1"
486.583783411473,0.00687094834840472,0.00231329429110083,2.97020071109718,0.002976052363717,0.0105230311809961,"LMBRD2"
205.093182857912,0.0161487890245461,0.00543750639850108,2.96988873962479,0.00297907623409424,0.0105318087657883,"ANKUB1"
279.414138509165,0.014487622044794,0.00487906255187883,2.96934542050811,0.00298434919887617,0.0105485328488716,"TCAF1"
1250.7367826516,-0.00659497158460442,0.00222141669753012,-2.96881336668489,0.00298952108360176,0.0105648936404684,"ARL8B"
113.326846870419,-0.0128454235157121,0.00432689671025912,-2.96873819179818,0.00299025248786629,0.0105655587904609,"EXTL3"
3165.29137349356,0.00598794735822516,0.00201723443205137,2.96839438346086,0.0029935996073721,0.0105754642141291,"COMMD10"
823.690342839549,-0.0070208379574565,0.00236535358054783,-2.96819808048758,0.00299551223237834,0.010580299333937,"UCHL3"
1000.47738543376,-0.00789605232128094,0.00266041879595153,-2.96797343835365,0.00299770234013433,0.0105861126031142,"WASHC2A"
6.32109718692863,0.0400428152312187,0.0134929753717917,2.96767867189115,0.00300057832828321,0.0105935153363575,"ENSG00000290125"
501.290224043873,0.022170723003061,0.00747080878276745,2.96764696403435,0.0030008878465544,0.0105935153363575,"ZC3H12D"
1521.04013309569,-0.0143387591153119,0.00483209945582674,-2.96739734899736,0.00300332549706988,0.0106001967416996,"BIRC2"
87.3132744661195,0.0216065109036014,0.00728182148869367,2.96718491893126,0.0030054014351923,0.0106055992953421,"ENSG00000288900"
3.9802870130149,-0.050903694667424,0.0171589150471961,-2.96660333869664,0.00301109153229029,0.0106237513866458,"AMH"
29.331834071433,-0.0209412630634116,0.0070599503155283,-2.96620544444222,0.00301499013211446,0.0106339077195254,"ENSG00000287216"
132.677138206342,-0.0222094831307418,0.00748752560003689,-2.96619795605539,0.00301506354805318,0.0106339077195254,"RBM38-AS1"
662.038660127935,-0.00814757160324403,0.00274706336043229,-2.9659205246587,0.00301778462747317,0.0106415751974222,"ADAT2"
281.653090442379,-0.0136945710254321,0.00461743306292079,-2.9658407255328,0.00301856772131514,0.0106424072407651,"GRWD1"
98.1109059667249,-0.015259435781211,0.0051463276936682,-2.96511156877661,0.00302573175487215,0.0106657318528485,"MAFG"
192.144501156497,-0.0443038177225494,0.014944864962971,-2.96448431165631,0.00303190702050288,0.0106855632280851,"RAB33A"
167.623381148062,0.0166186909400737,0.00560668660038693,2.9640841596045,0.00303585246960594,0.0106936556295373,"LETM2"
32.0826055610729,-0.0343449655037604,0.0115868071297867,-2.96414405789739,0.00303526158206804,0.0106936556295373,"RASL11A"
571.841699325329,-0.0097935346985642,0.00330401822669374,-2.96412853277883,0.00303541472492672,0.0106936556295373,"ZNF524"
130.6912322985,0.0475078475532653,0.0160330512325681,2.96311954999321,0.00304538265759795,0.0107252830115766,"KRT72"
58.2890732316591,0.0135829535716164,0.0045850137509157,2.96246735768321,0.00305184166551366,0.0107460847639222,"ELMO3"
205.003771965252,-0.00994601592223663,0.00335747470520955,-2.96235021720465,0.00305300309275102,0.0107482286257195,"PALB2"
1688.36394733433,0.0141846808025212,0.00478915758115104,2.96183213063372,0.00305814466556005,0.0107643814494768,"PTPN6"
5.28424745781276,0.0386639713309272,0.0130551046452697,2.96159796351663,0.0030604711671859,0.0107706214353054,"C10orf105"
1993.51676238152,-0.0122891597287609,0.00414971186101986,-2.96144892473104,0.00306195274065455,0.0107738861719377,"CSK"
3710.09694024603,0.012250241440428,0.00413761772740145,2.96069918670846,0.00306941570641211,0.0107981922418922,"CAST"
60.6379693710037,-0.0246663683369617,0.00833167480281243,-2.96055342062023,0.00307086860095171,0.0107993970632999,"PROSER2"
10.1638650781756,0.0272635316728202,0.00920892171613254,2.96055635102847,0.0030708393865132,0.0107993970632999,"ENSG00000226699"
1348.31149497336,-0.00712527798509997,0.00240685919346796,-2.96040499769885,0.00307234862132896,0.0108026487768383,"PIGC"
23.0632552654193,0.0199437712913833,0.00673779182876872,2.95998626823528,0.00307652754889749,0.0108147901827596,"ENSG00000289878"
16.0619882243877,-0.0245606945450092,0.00829767883374844,-2.95994759945583,0.00307691372532987,0.0108147901827596,"ADM5"
3652.30066932235,0.0116041247269763,0.00392100826866256,2.95947468912999,0.00308164015209107,0.0108294458172219,"CCDC18-AS1"
11.8784947120079,0.0308056979201793,0.0104109496419365,2.9589709853259,0.00308668161971127,0.0108452030681004,"ENSG00000273680"
34.8408193572552,0.023573546615939,0.00796818958928262,2.95845704369859,0.0030918333061058,0.0108613418163381,"ENSG00000260360"
515.297453281838,-0.00781632527898852,0.00264246924029681,-2.9579626357772,0.00309679658667204,0.0108748493243109,"IPMK"
156.685851205492,-0.0593483551515683,0.0200636239357804,-2.95800775281328,0.00309634336305598,0.0108748493243109,"GNG8"
10.8660046434369,0.0268617114816471,0.00908326205651405,2.95727584589319,0.00310370321385866,0.010897135597972,"BEST4"
1450.85053184039,-0.00415467377068902,0.00140500830377332,-2.95704570537494,0.00310602073654901,0.0109013369445353,"EXOSC10"
31.3317695959345,0.0240673608488124,0.00813894112330622,2.95706290095826,0.00310584752192657,0.0109013369445353,"ENSG00000261335"
4.53538316350566,-0.0435342483453234,0.0147259277598834,-2.95629919249774,0.00311354900987017,0.0109257878028116,"AURKC"
1031.9964670802,0.007455148478724,0.00252270618701256,2.95521869217459,0.0031244748762039,0.0109621502195242,"ZNF141"
519.174643819028,-0.0075519634479477,0.00255554008703678,-2.95513401893235,0.00312533255521975,0.0109631818812587,"TSTD2"
184.992631529567,0.0106646722007183,0.00360893713663217,2.95507286410383,0.00312595214311584,0.0109633781348262,"IZUMO4"
112.558419131688,0.0141960713887062,0.00480549826689494,2.95413099750817,0.00313550878401233,0.0109949128101359,"ENSG00000258824"
276.24768819448,-0.0105013962778925,0.00355562560334784,-2.95345951722386,0.00314233820732889,0.0110168746342383,"SLC35B2"
4.09063705160269,0.0440060862398784,0.0149052512652154,2.95238808503523,0.0031532635057439,0.0110472133375765,"ENSG00000287264"
3.92848515039925,0.0434086325682179,0.0147025438396621,2.95245727825121,0.0031525569042104,0.0110472133375765,"ENSG00000277450"
41.7929120557949,-0.0458648506505971,0.0155345198705847,-2.9524472614982,0.00315265918641609,0.0110472133375765,"CDH4"
4.44011778667815,-0.0828914501759827,0.0280758045527208,-2.95241584334045,0.00315298002042687,0.0110472133375765,"RPS4Y2"
612.630602880474,-0.0154524680230351,0.00523563658818188,-2.95140194755212,0.00316334965020403,0.0110805535829495,"SMURF1"
10.0150951534641,0.0376025243771889,0.0127447491185775,2.95043268622504,0.00317329183412051,0.0111133776495279,"PATL1-DT"
495.65851691792,0.0101065411963264,0.00342552953689017,2.95035879489204,0.00317405094052362,0.01111403507545,"RHOXF1"
688.446839951488,-0.0171775092865254,0.00582249878574884,-2.95019542615777,0.00317572986091193,0.0111179124414323,"GNPDA1"
2653.28971296487,-0.014377884409951,0.0048740137504983,-2.94990641101106,0.00317870201674892,0.0111263150850789,"MXI1"
15.7584490538611,0.0372919444993821,0.0126442054641224,2.9493307907086,0.00318462909896767,0.0111449733444125,"COL25A1"
738.153766711564,0.00500810972028904,0.00169808020639502,2.94927748490817,0.00318517849064772,0.0111449733444125,"FCF1"
6576.11348030138,0.00667717930741966,0.00226421179215356,2.94900827323614,0.00318795441770211,0.011152680104087,"TTC3"
3763.86988823195,0.0078265217382916,0.00265403110913197,2.94891861341119,0.00318887941796367,0.0111539100087774,"SUCLG2"
7.92693407816606,-0.0428658487201207,0.0145366109738175,-2.94881996892729,0.00318989739353109,0.0111554646173271,"CD109-AS1"
409.032326686252,-0.0063791578451564,0.00216339550440284,-2.94867851586722,0.00319135765504323,0.0111585651174269,"NUP85"
13.0522051008942,0.0270667750920985,0.00918025799422292,2.9483675849994,0.00319456962738896,0.0111677882498819,"ENSG00000285492"
1067.75270420487,-0.0111115486592674,0.00376882825283116,-2.94827673585825,0.00319550867153262,0.0111690636424045,"LYRM4"
2305.81416385056,-0.00947840245487907,0.00321519426799917,-2.94800303335248,0.00319833926403049,0.011176948800693,"TM9SF3"
670.558650255352,-0.0065955394625125,0.00223745270035934,-2.94778944889124,0.00320054971133477,0.0111823861084558,"KIAA1191"
1270.92109459821,-0.00665727997706312,0.00225843894813352,-2.94773519672294,0.00320111140438781,0.0111823861084558,"RNF44"
834.238411572746,-0.014629423233368,0.00496301939042704,-2.94768609237877,0.00320161987753792,0.0111823861084558,"ZNF791"
10.9950565659462,0.0285398478809848,0.00968426091527983,2.947034175417,0.0032083774255125,0.0112019654108138,"ENSG00000260948"
22.9859628215811,0.0330092640104375,0.0112007245860906,2.94706505429385,0.00320805705263379,0.0112019654108138,"LINC02646"
6.7172357413561,0.0528764095596066,0.0179449049532871,2.94659735993313,0.00321291257477449,0.0112157865204484,"ENSG00000271155"
116.380038080585,0.0163657443249203,0.00555548932810444,2.94586909601794,0.0032204866192655,0.0112402090851127,"TIPARP-AS1"
592.795883686205,-0.0062480414735066,0.00212116809886034,-2.94556639658288,0.00322363951876633,0.0112491948833017,"TMEM33"
6.8768993012945,-0.0440980497530905,0.0149726870271711,-2.94523285453476,0.00322711693009029,0.0112593096694504,"PALD1"
5.66778244735079,0.0360101041260339,0.0122294012743979,2.94455168475179,0.00323422922628878,0.0112815690293165,"ENSG00000289003"
156.353824958605,0.00950960343356181,0.00322960388578282,2.94451077279925,0.00323465685448039,0.0112815690293165,"L3MBTL1"
4.28391709506257,0.045217769155508,0.0153593775843827,2.94398447509261,0.00324016252593846,0.011298745301547,"LINC02449"
71.7003697978122,0.0118569792616629,0.00402890714856175,2.94297655032721,0.00325073040386338,0.0113335646326486,"NUF2"
1296.2885170617,0.00714882321217277,0.00242941432319987,2.94261178256197,0.00325456264899714,0.0113448921300436,"DTNB"
6.29373640960146,0.0393281413931869,0.013365804022835,2.94244486347369,0.0032563176709825,0.0113469428552993,"FKTN-AS1"
594.091650185869,0.00706993199685726,0.00240270453251404,2.94248914137592,0.00325585203991101,0.0113469428552993,"TPT1-AS1"
76.3516780949889,0.0311436371339761,0.0105855576762968,2.94208752021759,0.00326007775137352,0.0113580104499313,"XKR9"
1438.81183569827,0.0080313508765271,0.00272995498328106,2.94193527941418,0.0032616808792067,0.0113585351574782,"CEBPZOS"
173.549376668233,-0.0138634229223696,0.00471229941437902,-2.94196563148493,0.00326136120817863,0.0113585351574782,"TXNRD3"
567.337300158614,-0.00922413893063784,0.00313542860846476,-2.94190685947539,0.00326198022670676,0.0113585351574782,"HAUS2"
818.064634851611,0.0212816898820386,0.00723506290335518,2.94146577110884,0.00326662942480924,0.0113726881943735,"ENSG00000289093"
1662.91110124629,0.00463910750823995,0.00157738935015727,2.94100344203378,0.00327150898519661,0.0113876380227379,"SHPRH"
567.98842230488,0.00741232500142298,0.00252083460029244,2.94042496900157,0.00327762371549663,0.0114068811755457,"MR1"
327.189127928314,0.0257749517547252,0.00876604611751076,2.94031669571507,0.00327876937080697,0.0114088270181693,"FHL1"
1343.60971606884,-0.00857466957707985,0.00291717390666737,-2.93937552282432,0.00328874343566616,0.0114414860610163,"CTR9"
770.707912903996,0.00906978196664605,0.00308653584394408,2.93849883015011,0.00329805902743596,0.0114718430154966,"HPS4"
390.226609821904,-0.0092246479656123,0.00313984258860438,-2.93793325789385,0.0033040814527238,0.0114872477140822,"KIAA2013"
63.0033415792649,0.0150542579923997,0.00512412715401878,2.93791655435264,0.00330425947047914,0.0114872477140822,"DCAF8-DT"
55.7796836606184,0.0269508104221599,0.00917312318764535,2.93801902262231,0.0033031675539083,0.0114872477140822,"SNED1-AS1"
364.426867711552,-0.008793913006372,0.00299336626007646,-2.93780053702729,0.0033054961645789,0.0114894935484675,"RFXAP"
1352.60835301049,0.0066841859564364,0.00227528190438701,2.93773968999117,0.0033061449359773,0.0114896953992665,"HCG18"
77.4891316511225,-0.0164290942459112,0.00559276673425783,-2.93756114398205,0.00330804932263728,0.011494259981175,"CYB5D1"
12.1167533853398,0.0649022627745426,0.0220945133763239,2.93748324161286,0.00330888054885167,0.011495094759013,"PDGFB"
1113.90620979483,-0.00808349368377975,0.00275205896645519,-2.937253082986,0.00331133747628137,0.0115015759377052,"RANBP9"
2.82146003810362,0.128179342703165,0.0436467952736824,2.93674121775563,0.00331680756025733,0.0115183428355805,"LINC02234"
255.811176302474,-0.01732279837081,0.00589874821623457,-2.93669058854454,0.00331734905994148,0.0115183428355805,"PCGF6"
1566.14357405813,-0.00603206180539421,0.00205411105207169,-2.93658018114967,0.00331853019049223,0.0115188336964316,"ARID1A"
627.404640693489,0.00625878551861492,0.00213132757924975,2.9365666636839,0.00331867482570575,0.0115188336964316,"XPNPEP3"
16.8193210950952,0.104893345976011,0.0357205369738204,2.93649969631999,0.00331939145290781,0.0115192655041052,"PPP1R2C"
14.3817751868682,0.0322000072658245,0.0109686233990372,2.9356470811689,0.00332852773638259,0.0115489106315337,"ENSG00000289727"
13.0794256403121,0.028025237037425,0.00954701271333818,2.93549803262237,0.00333012723082288,0.0115523996373704,"ENSG00000282876"
96.0228074770056,0.0260503804589299,0.00887468396676488,2.93535866251541,0.00333162349566331,0.0115555293534499,"LIX1-AS1"
4.91613497217101,0.0404267602026101,0.0137750043601673,2.9347911002853,0.0033377231180764,0.0115725555314961,"ENSG00000286975"
3886.52356883696,-0.00829633521675421,0.00282684484795827,-2.9348392511695,0.00333720524335069,0.0115725555314961,"LSM7"
3.46368580143897,0.0552292630746753,0.0188191597439891,2.9347358663192,0.0033383172632371,0.0115725555314961,"MAMLD1"
1115.42272907319,0.0106428779754473,0.00362751608409058,2.9339299202902,0.00334699769151028,0.0116005794899441,"TPRG1L"
212.510460612368,0.00926498876200081,0.00315838604924101,2.93345671414274,0.00335210392273073,0.0116162076253404,"CSRP1-AS1"
153.623858485625,-0.0213804060521238,0.00729054664443065,-2.93262043230415,0.00336114534883323,0.0116454645849938,"ABI3"
3.81845017089717,0.0557400427545838,0.0190076510120998,2.93250558520361,0.00336238874618694,0.0116476978632381,"ENSG00000225096"
3.5832754325018,0.0469630535345401,0.01601590319388,2.93227631099105,0.00336487224666914,0.0116542254398079,"ENSG00000278514"
13.5013601511649,0.0292628712628969,0.00998219216637543,2.93150750608344,0.00337321214473396,0.0116810306973865,"ENSG00000234902"
3.55634875641063,-0.045864683067802,0.0156479514081907,-2.93103434893048,0.00337835424533661,0.0116967547928164,"ENSG00000287074"
1312.51335133229,-0.00988720204710038,0.00337449055605025,-2.92998361763771,0.00338979874477172,0.0117342899776748,"ZBTB24"
914.426334784086,-0.00667278644373609,0.0022776853938006,-2.92963482221823,0.00339360559910162,0.0117433842130003,"AKIRIN2"
1189.17772487169,-0.0125044894254093,0.00426827950878084,-2.92963227916182,0.003393633369044,0.0117433842130003,"CTSB"
45.1191299229313,-0.0155774294625812,0.00531732268404365,-2.92956256149853,0.00339439476010954,0.0117439296476148,"NATD1"
20.6551950037416,0.0196441383570379,0.00670915228078624,2.92796131834644,0.00341192490182596,0.0118024811071344,"LHX4"
904.417093292383,0.0214346134356504,0.00732119341070971,2.92774855589733,0.00341426038238356,0.0118082975983816,"SLC40A1"
24.2751467439326,0.0213103796257804,0.00727888700436287,2.92769754675505,0.00341482052289839,0.0118082975983816,"ENSG00000290082"
34.3959482992228,0.0206821467066611,0.00706491649669976,2.9274439006211,0.00341760709894504,0.0118158328619943,"TNFSF13"
2.58130243659332,0.0618273270333357,0.0211204607809759,2.92736639008492,0.00341845904853944,0.0118166779728347,"RGMB-AS1"
60.9494955015459,-0.0135794772412387,0.00463935276993805,-2.92701976215963,0.00342227134203763,0.0118277540643166,"FMNL1-AS1"
1828.76853963754,-0.00867238355562581,0.00296342199824407,-2.92647606745326,0.00342825881801092,0.0118450612904468,"DIPK1A"
199.864757750962,-0.011413197186079,0.00390000847501247,-2.92645445752333,0.00342849699579534,0.0118450612904468,"INO80D-AS1"
55.9466008310214,0.0118076455593352,0.00403648834364324,2.92522721586206,0.00344204800736684,0.0118897666118438,"ENSG00000286912"
2.50206561111633,0.204541871690848,0.0699516456352476,2.9240466015253,0.00345513015819015,0.0119328367732522,"LINC02136"
55.7843366406707,0.0123851692912986,0.00423646610913459,2.923467100231,0.00346156804008506,0.0119529486859035,"VPS37C"
1932.59063908075,0.00576135206445988,0.00197081379472312,2.92333658303285,0.00346301950668511,0.0119558382010174,"ALG13"
76.9305062513812,0.0289786448618859,0.00991309449426303,2.92326930593233,0.003463767903841,0.0119562998221138,"CHODL"
3.08225949867143,0.0668119234098981,0.0228580444452949,2.92290635665688,0.00346780792747305,0.0119681213621857,"DNAAF1"
11.3886025417145,0.0286021194885868,0.00978625640059829,2.92268241478306,0.00347030278513639,0.0119746069671258,"TRPC5"
44.1501355345399,0.0181455286414739,0.00620970273767829,2.92212516573027,0.0034765179923217,0.0119939254112539,"FAM174A-DT"
278.722599653043,0.036997479427791,0.0126619474843219,2.92194225837705,0.00347856023367794,0.0119988428986114,"DAB1"
4428.55332451296,-0.0188011138867069,0.00643472656293734,-2.92182017414653,0.00347992396553131,0.0120014186265159,"CERS6"
35.3175433740838,-0.0855291184236451,0.0292754884275156,-2.92152660869896,0.00348320520610898,0.0120106052941014,"FST"
104.039515217067,-0.0112295352875718,0.00384379644608408,-2.92146981378582,0.00348384033934192,0.0120106661539418,"IBA57"
20.7794457511963,0.0283883729539017,0.0097174705509531,2.92137473481897,0.00348490383617105,0.0120122035295699,"TPTE2"
1719.52219493665,-0.00872884724577373,0.00298807670690203,-2.92122595969887,0.00348656853912186,0.0120158123058929,"C1GALT1"
495.199992341618,-0.00515658768333408,0.00176539105126764,-2.9209322657614,0.00348985691990061,0.0120250145170924,"SUGP1"
43.3290091149446,-0.0223980983381374,0.00766865830220506,-2.92073234397431,0.00349209698338978,0.0120306019170943,"FAM53A"
82.6309723062113,-0.0381308341833786,0.0130663950370691,-2.9182367497081,0.00352016968841118,0.0121251674533887,"LINC01260"
21.3710235266862,0.021394853929284,0.00733252151809388,2.91780308813136,0.00352506879586115,0.0121398925545848,"UFD1-AS1"
2708.24352338035,-0.00675891552237538,0.00231661303901312,-2.91758502976168,0.00352753456092293,0.0121462338014714,"ARPC4"
2034.65107532366,-0.00448275254433471,0.00153651934660342,-2.91747224286119,0.0035288105507104,0.0121484768180297,"SAFB"
121.595697623758,-0.0382980897627872,0.0131276573240083,-2.91735903958633,0.00353009167332314,0.0121507367081593,"IFIT1"
15.6413363179867,0.0330654635166986,0.0113365068571701,2.91672416673794,0.00353728438075651,0.0121733401433289,"FAM182B"
10471.6208727068,-0.00817267530301509,0.00280208929790514,-2.91663627890983,0.003538281144215,0.0121746164047631,"GNAS"
4.91400754982056,0.0518331618794014,0.0177794675845385,2.91533824806301,0.00355303230792915,0.0122218594123893,"ENSG00000290688"
315.781727622238,0.0106077007002508,0.00363860900587988,2.91531755214949,0.00355326795419575,0.0122218594123893,"ALDOC"
1033.23628692643,-0.0079093928727665,0.00271318147707056,-2.9151728108163,0.0035549163946474,0.012225367537533,"U2AF2"
1413.15092579854,-0.00797551548084649,0.00273610099685267,-2.91491998651391,0.00355779744722195,0.0122331126296472,"ATP6V1H"
22.5692659815811,0.0215045181237677,0.00737766589270397,2.91481322636666,0.0035590146673656,0.0122351350821718,"ENSG00000265100"
1854.2818714774,-0.00713426023064044,0.0024476523807718,-2.91473588598021,0.00355989669629435,0.0122360047074786,"DNAJC2"
40.9768190240385,0.0135327827640083,0.0046446179335339,2.91364821771503,0.00357232209719054,0.012276543659444,"ZNF70"
1083.72070689252,0.00421244570892733,0.00144585019482708,2.91347314126906,0.00357432583322056,0.0122812598095695,"PRR14L"
2.63289742706617,-0.058396961196109,0.0200460643574238,-2.91313846722648,0.00357815899648029,0.0122922590322392,"MYBL2"
5.37598516381897,-0.0377306295832017,0.0129569461073516,-2.91200019438176,0.00359122411985434,0.0123349638628442,"P4HA3"
35.2626731268438,0.0881608616293356,0.0302760058297296,2.91190529309404,0.0035923153564384,0.0123365335448594,"SLC7A8"
3.0121322381607,-0.0473134860986241,0.016249766547457,-2.91164097406854,0.00359535625813419,0.0123447969244428,"ARHGEF18-AS1"
17.7055757720879,0.0270737796162806,0.00930029506739896,2.91106673713874,0.00360197073158184,0.0123653252206139,"TRAJ5"
2.40920022388683,-0.0632785807004276,0.0217383477273017,-2.91091951854991,0.00360366828260873,0.0123689697838402,"NANOS3"
795.336294230417,-0.00551162368480818,0.00189385419669984,-2.91026822149906,0.003611187005376,0.0123925897038759,"RRP15"
73.8658594682973,0.0169469401449711,0.00582332843815266,2.91018106310816,0.00361219426355361,0.0123938596966628,"WASL-DT"
295.356216552124,-0.0230425438175948,0.00791878001070078,-2.9098603303106,0.00361590305779637,0.0124043968919219,"MEAK7"
789.96903366268,0.00790529683329572,0.00271678725470592,2.90979605399814,0.00361664673349147,0.0124047602915081,"COG6"
1049.0443707245,-0.00805280015950691,0.00276755215172478,-2.90971939028802,0.00361753391303932,0.0124056156809816,"HADHB"
1820.23305498051,-0.00650169857925742,0.00223498054713297,-2.90906271537701,0.00362514129982046,0.0124273217170969,"ATP6V1F"
546.421084304407,-0.00854198681969595,0.00293632458802753,-2.9090744444687,0.00362500529420843,0.0124273217170969,"EML3"
692.045861048141,-0.00716086348830066,0.0024619132733637,-2.90865789862565,0.00362983822958841,0.0124412305557223,"DERL1"
1827.96198143043,-0.0115314384287113,0.00396483996906992,-2.90842468262758,0.003632546655168,0.0124483201179832,"RALBP1"
1297.81412635117,-0.00885198898950759,0.00304374735353414,-2.90825353136798,0.00363453546860957,0.0124509578277152,"SUCLG1"
70.6953409681935,0.0168335600186706,0.00578821285071961,2.90824827158487,0.00363459660407007,0.0124509578277152,"ENSG00000285801"
20.8451550588508,0.0311795231761118,0.0107224752141556,2.90786619258857,0.00363904008314028,0.012463984620032,"ZNF876P"
10.2362065293039,0.0275864502797446,0.00948745960953037,2.90767512222486,0.00364126403408126,0.0124694061138934,"BRME1"
4.56014701407435,-0.051754439510626,0.0178003921255133,-2.90748873090533,0.00364343471446743,0.0124724478407438,"ENSG00000231829"
1138.89360093379,-0.00864981115790181,0.00297496420980281,-2.90753452744063,0.00364290126708971,0.0124724478407438,"ANO6"
17552.6026854247,0.00641344576082887,0.00220588662118028,2.90742311923417,0.0036441990963754,0.0124728693689245,"UQCRB"
74.9867887366745,0.0204933197933193,0.007048783156173,2.90735568668647,0.00364498484361488,0.0124733638622718,"DYNLRB2"
22.2697138183296,0.0205989308769241,0.00708604471848998,2.90697161749124,0.00364946308837662,0.0124864919141625,"ENSG00000225721"
14.6036807102838,-0.0379674807215336,0.0130620877996147,-2.90669311858809,0.00365271351281556,0.0124954151490988,"SPTBN5"
36.5112559406539,0.0150835054388448,0.00519016802636478,2.90616900305043,0.00365883772502125,0.0125141643378562,"ENSG00000269934"
112.676570656007,0.0108735886537655,0.00374176778152357,2.9060030682444,0.00366077859362948,0.0125176586154142,"ZBTB11-AS1"
1561.60835475358,-0.00813666253412619,0.00279998003450432,-2.90597162617505,0.00366114646357985,0.0125176586154142,"TGS1"
18.1418301430143,0.0224941738437348,0.00774095139246494,2.90586682479761,0.00366237287491795,0.0125196511054533,"TMED6"
35.7268191067924,0.018161709688945,0.00625063635788659,2.90557771226444,0.00366575807740271,0.0125290213255245,"ENSG00000286319"
23.009601291983,-0.188122260335506,0.0647773595583271,-2.90413597618341,0.00368268179298403,0.0125844055314862,"LINC01954"
90.057441640122,0.0458957561213766,0.0158039538281732,2.9040679706087,0.00368348182318223,0.0125844055314862,"CCDC122"
88.5413584882673,0.0165520461923519,0.0056996773429843,2.90403214012206,0.00368390340323285,0.0125844055314862,"ENSG00000284685"
1187.8090167302,0.00812649579211096,0.00279865131026472,2.90371857412358,0.00368759468032032,0.0125948031829518,"ZNF160"
3744.04833319886,-0.00527843796144236,0.00181803325335703,-2.90337811571687,0.0036916063404463,0.0126062912443857,"ATP5MK"
47.9964611233354,0.0237753658972382,0.00819076426299176,2.90270420852694,0.0036995587676798,0.0126312300491732,"ENSG00000290460"
1207.7460383564,-0.00877606057097146,0.00302380472367952,-2.90232385122155,0.00370405403858209,0.0126443585651913,"STAMBPL1"
3148.03769928722,-0.00733200892921321,0.00252643892863635,-2.90211207803495,0.00370655904158063,0.0126506895802395,"ITPR2"
144.089390359303,0.0213833746896739,0.00737140919566009,2.90085302851771,0.00372148379290942,0.01269940022033,"MYOM1"
6.07689708525733,0.127581040844445,0.0439936918998513,2.89998486907793,0.00373180673932856,0.0127323930690545,"HLA-DQB2"
1093.52296067,-0.00724836362015619,0.00249964196478192,-2.89976073464928,0.00373447605871672,0.0127392658397227,"SCAMP3"
660.325275863896,0.00582158842535238,0.00200771187147898,2.89961348939173,0.00373623061429914,0.0127430162508737,"PLA2G12A"
202.316350104433,0.0108557784598972,0.00374414623500372,2.89940023132841,0.00373877309851805,0.0127494522333931,"WDR35"
18.1045421063705,-0.0291756125949756,0.0100629246695693,-2.89931740055689,0.0037397610393267,0.0127505857977114,"ENSG00000288700"
1136.11232168166,-0.0219679925355604,0.00757776368568057,-2.89900733867863,0.00374346132245983,0.0127609649812769,"PPP1R18"
3.58710515832434,0.0465791609740435,0.0160724449770342,2.89807562201022,0.00375460047683833,0.0127966942132438,"ENSG00000272970"
298.105601750105,0.00832372018357966,0.00287249031220232,2.89773655570588,0.00375866166064515,0.0128082915138768,"GLB1"
35.5094899372059,0.0167422060811104,0.005778355546537,2.89739977858305,0.00376269937749349,0.0128198047979726,"PJVK"
492.71917808297,-0.00615221246843114,0.00212366644236263,-2.89697682541269,0.00376777586780065,0.012834852610261,"NUP155"
289.722112102502,-0.013891168310214,0.00479621704373705,-2.8962759990925,0.00377620123120013,0.0128605855045001,"CCDC127"
3.8203037766724,0.0459120703459028,0.0158523098422301,2.89623851683712,0.00377665232644618,0.0128605855045001,"UNC13A"
7159.04815418089,-0.0177435701523941,0.00612654581850712,-2.89617847936338,0.00377737497356557,0.012860794785721,"KLF6"
1004.13139298198,-0.0109950820683845,0.00379661797899862,-2.89602012349015,0.00377928164293782,0.012865034518163,"TSC22D2"
2.87398734943183,-0.0810067748071149,0.0279734886951533,-2.89584097607211,0.00378143970540672,0.0128701283831787,"LINC02687"
256.077311646346,-0.0109947738648666,0.00379696542514953,-2.89567394847522,0.0037834527777124,0.0128747270782512,"ADGRL1"
1745.85788071265,0.00675848147474436,0.00233417831585281,2.89544351810804,0.00378623159999015,0.0128819294824923,"SDHA"
1887.11745739082,0.00687252770271553,0.00237370373477892,2.89527610460435,0.00378825164796161,0.0128842949474561,"SOS1"
634.216343223881,0.0195979840998669,0.00676888476794697,2.89530473212814,0.00378790615258949,0.0128842949474561,"TIMM10"
54.1754518155069,0.0169966240094146,0.0058707857695834,2.89511909929916,0.00379014699825644,0.0128884876334067,"IQCH"
263.622609827921,-0.010889528719286,0.00376173545860706,-2.89481512964187,0.0037938189350654,0.0128987191235723,"FAM104B"
587.563064288305,-0.00858213756454201,0.0029649905981931,-2.89449065024761,0.00379774219544356,0.0129098013707747,"WDR3"
39.1663653345162,0.026434079596057,0.00913484388012031,2.8937636967813,0.00380654513080086,0.0129374645009973,"LINC02828"
581.371754520416,0.00759759824543257,0.00262579552003893,2.89344626702689,0.00381039481196577,0.0129482860739948,"PDHX"
7.34577722283381,-0.0367751295138385,0.0127102873147705,-2.89333581555647,0.00381173515963503,0.0129505782690063,"KIF4A"
8.36940503209335,-0.0470964283738439,0.0162779520411456,-2.89326496691959,0.00381259514560683,0.0129512378933284,"RTN4RL1"
10.6040931457119,-0.0293152142734946,0.0101328727430857,-2.89308027612389,0.00381483781713346,0.0129565933963791,"CEL"
517.156058092127,0.0126070708059477,0.00435826779777719,2.89267924572639,0.00381971159446808,0.0129708816731841,"CHRM3"
8.59662453188363,-0.0335334328283739,0.0115928152629435,-2.89260477871702,0.0038206172248199,0.0129716923791189,"HPDL"
204.610171960027,0.0360399159238654,0.012459600732604,2.89254179947812,0.00382138329895098,0.0129720290659504,"SLC14A1"
670.714464711711,-0.0112482070732292,0.00388907302439842,-2.8922591585868,0.00382482303783578,0.0129814400469279,"RCL1"
504.69479953541,0.00763370195123269,0.00264021178074269,2.89132182763208,0.00383625049765978,0.0130179533199547,"EXOSC3"
20.5251929005938,0.0184348297080237,0.00637673121383802,2.89095291769843,0.00384075655950619,0.0130286982628104,"ENSG00000235852"
2.04615100384821,-0.0940988893899819,0.0325494121909185,-2.8909551065944,0.00384072980899269,0.0130286982628104,"FLJ46284"
3.48140803296084,-0.0589549302654317,0.0203937144581421,-2.8908382720782,0.0038421578811022,0.0130311792406833,"QPCT"
43.1275077130077,0.0159066068229451,0.00550297521569791,2.89054669509861,0.0038457239406138,0.0130395828761042,"ZNF768"
13.0955026023264,0.0382731303924393,0.0132408874955789,2.89052606218567,0.00384597640019586,0.0130395828761042,"TUBB4A"
75.9833920354583,0.0179089067803671,0.00619602033629723,2.89038863792199,0.00384765827607071,0.0130430116988239,"LINC00265"
26.0573778956698,0.0176608562613272,0.00611132525943132,2.88985702963069,0.00385417069305832,0.0130628113174207,"NDUFB2-AS1"
2.95667737938696,0.0616819565068805,0.021346702317755,2.88953092560704,0.00385817055345307,0.0130740897970759,"DSCAS"
0.941059174460148,-0.107479103725701,0.0371982854709828,-2.88935638739431,0.00386031291776199,0.0130790709917067,"ENSG00000248701"
211.164632111912,0.0124530986175523,0.0043124310533445,2.88772120957025,0.00388043641418553,0.0131449614580848,"GLRX2"
275.968989506441,0.015325358413189,0.00530768275930182,2.88739156203919,0.00388450478137065,0.0131564517677939,"AGA-DT"
4453.47816881107,0.00839060516414105,0.00290623794703449,2.88710192250528,0.00388808258449971,0.0131662768717103,"SORL1"
233.005482467983,0.00717366100122117,0.00248537987449898,2.88634388442019,0.00389746050356912,0.0131957361627368,"HS1BP3"
168.596699287773,-0.0103450701859435,0.00358440102104585,-2.88613637960772,0.00390003118790687,0.0132021417744477,"LZTS2"
39.9050360217262,0.0239991565910972,0.00831775108569309,2.88529391464681,0.00391048393664327,0.0132352223858793,"ZNF433"
9.46569566582997,-0.041789400161663,0.0144870929562567,-2.88459529374491,0.0039191712555314,0.0132623173436572,"HYAL2"
4.43175792382552,0.0453494166898474,0.0157276948156541,2.88341153750709,0.0039339312307166,0.0133099489247988,"ENSG00000273428"
308.922283387927,-0.0117293539771979,0.00406840643770534,-2.88303397332483,0.00393864959663342,0.0133235953572377,"RHPN1"
446.15220627021,0.00731859330711041,0.00253862981559514,2.88289110218092,0.00394043637694037,0.013327321851481,"TRAPPC6B"
2929.87649744071,-0.00519181537438298,0.00180105644267966,-2.88265001104488,0.00394345318893788,0.0133352065330373,"PAFAH1B1"
4.29106480480911,0.0441510248604387,0.0153173974867101,2.88241033757501,0.00394645434034295,0.0133430355247715,"ADAM11"
6.59489251856166,0.0441897582911794,0.015332011813971,2.88218916260633,0.00394922569664287,0.0133500849887731,"NAGS"
115.963860792752,0.0430415221115748,0.0149362653846265,2.88167898756514,0.00395562500941251,0.0133693939284245,"ENSG00000289159"
342.289547715989,0.0179568225687202,0.00623157991058184,2.88158425734504,0.0039568142813584,0.0133710900949795,"DIRC3"
7309.74578851173,0.0194730975735777,0.00675794181759159,2.88151305518603,0.00395770838861321,0.0133717884083577,"ANK3"
25.5388971479528,0.0220375666178165,0.00764837102098246,2.88134121074394,0.00395986704752815,0.0133767582392272,"ENSG00000255946"
656.122409829492,0.0137703908783742,0.00477993895989621,2.88087170022631,0.00396577035162544,0.0133943738686346,"IGSF8"
1143.46843412546,-0.00689873240732558,0.00239509517904718,-2.88035835388806,0.00397223396172803,0.0134138754843007,"DCAF11"
589.88523711857,-0.00479605309078384,0.00166528445693813,-2.8800203297412,0.00397649528906449,0.0134259347105699,"NCSTN"
122.829778219583,0.0544749198855302,0.0189161849085285,2.87980478880653,0.00397921468923518,0.013432784609565,"TEKT4P2"
111.155949695484,-0.0347443526148745,0.0120657541116486,-2.87958401052871,0.0039820019175725,0.0134398610617218,"SERPINB9P1"
71.0400758149241,0.0181680421232985,0.00630998972827978,2.87925066531788,0.00398621361266018,0.0134517420159357,"ZDHHC15"
615.36813940593,-0.0052823445847056,0.00183478573032991,-2.87899807448132,0.00398940769883879,0.0134601854553536,"MTMR12"
1192.28672074429,-0.00969711549888785,0.00336830876717596,-2.87892713203311,0.0039903052050601,0.0134608786929629,"PHB1"
1164.91964884189,0.0175860397475117,0.00610919328652362,2.87861898007141,0.00399420582135697,0.0134704838872169,"MGST3"
275.126212100748,0.0136318246408021,0.00473567628886958,2.87853810296144,0.00399523014474084,0.0134704838872169,"ILVBL"
30.220035927872,0.0269785961103351,0.00937226867220686,2.87855556150873,0.00399500900886429,0.0134704838872169,"ZNF470-DT"
14.2538596537936,0.029795340283019,0.0103524085833304,2.87810706495837,0.00400069334374002,0.0134842291161128,"ENSG00000289900"
841.737354138412,-0.0134255333382659,0.00466462367631074,-2.87816001244588,0.00400002189463871,0.0134842291161128,"PLXDC1"
41.2739465253337,0.02273561425982,0.00790025393872941,2.87783335018679,0.00400416606668572,0.0134935956623534,"ENSG00000257449"
260.239128554637,-0.00791567062633461,0.0027506565009717,-2.87773868657839,0.00400536773650976,0.0134953070921274,"TMEM120B"
353.999522150931,-0.015494265131044,0.00538617458292459,-2.87667339639609,0.00401891323397342,0.0135386008510594,"FEZ2"
6800.64290898171,0.00595050715250764,0.00206859270738875,2.87659679513186,0.00401988884383244,0.0135395424937463,"SOD1"
109.466917073382,0.0169136142221264,0.00588097526704906,2.87598798738246,0.00402765039599485,0.0135609880305515,"ENSG00000290183"
16.4008695458346,0.0453809510937177,0.0157791247709112,2.87601193048282,0.00402734489402031,0.0135609880305515,"CDH20"
14.6458595011287,0.0238896336765094,0.00830815259763809,2.87544473885818,0.00403458763140218,0.0135819944649366,"ENSG00000288739"
46.9624174769868,0.0170362395724148,0.00592593730827694,2.87485990589535,0.00404206801882624,0.0136048217743882,"ENSG00000289145"
11.1234000444597,-0.0339161597323374,0.0117982600646089,-2.87467470174481,0.00404443952166958,0.0136099934377443,"ENSG00000291142"
30.4215291415413,0.0371132110776973,0.0129106016661741,2.87463063591641,0.0040450039619351,0.0136099934377443,"ALDH1B1"
642.584183957002,-0.0246539498022616,0.00857709007163222,-2.87439558129416,0.00404801599046073,0.0136177722294105,"SIK1"
4150.74565364396,0.00626651985439747,0.00218058372943435,2.87378089169867,0.00405590234966217,0.0136419430405117,"TTC14"
69.4834079608464,-0.0144178309235765,0.00501737891335623,-2.87357825122523,0.00405850524615881,0.0136483377494874,"NUP153-AS1"
195.481984405833,0.0103663565993567,0.00360825879331278,2.87295263260185,0.00406655082375423,0.01367303026324,"PXMP4"
669.891792213812,0.00797943618377821,0.00277767734031414,2.87270089580519,0.00406979229054956,0.0136815640932388,"OBSCN"
116.079766387462,0.0124265083241735,0.00432620599376707,2.87238017377739,0.00407392543674394,0.0136930920459835,"ZNF283"
221.540624487792,0.0173026786872144,0.0060242177077266,2.87218681772111,0.00407641905746497,0.0136991062693074,"IL2RB"
203.426579199656,-0.0137066334345506,0.00477242884401934,-2.87204563599252,0.00407824068574202,0.013702860524852,"C11orf98"
32.8236615975868,0.021315457161517,0.00742281464651212,2.87161382529373,0.00408381680464749,0.0137192263673918,"GLIDR"
355.403040567162,-0.00975605629782517,0.00339871493056016,-2.87051326667672,0.00409805999943505,0.0137646978154052,"VPS25"
712.342771838217,0.00507538848249658,0.00176826351754111,2.87026703438086,0.00410125285040922,0.0137706661821698,"DMAP1"
211.513648355014,-0.0319999708117198,0.0111487200364677,-2.87028203300892,0.00410105830128246,0.0137706661821698,"NPAS2"
3895.8458553361,-0.00588061991797616,0.00204884562757929,-2.87021132232598,0.00410197557195123,0.0137707157145363,"WAC"
6071.13261655721,0.00860035626809911,0.00299657798132169,2.87005922145426,0.00410394928061887,0.013772876349296,"TOMM20"
24.0634810920261,0.0195657875332389,0.00681722265054591,2.870052591237,0.00410403533599917,0.013772876349296,"TFR2"
39.0407260829195,0.0195520028530549,0.00681274797443761,2.86991430277719,0.00410583059257712,0.0137765242118712,"F8"
319.710234614671,0.00615782489155262,0.00214637629541771,2.86894003847271,0.00411849867222959,0.0138142641271836,"DUSP28"
2805.35596850251,-0.00609951157659724,0.00212602355440334,-2.86897648145251,0.00411802417678401,0.0138142641271836,"UBE3A"
6.53673754035732,0.0328987294290147,0.0114686748501117,2.86857286120499,0.00412328216819878,0.0138279243885577,"SNX33"
128.430867022303,-0.0136599231552119,0.00476235629055645,-2.86831188634478,0.00412668514957818,0.0138369510161084,"ZNF574"
251.089260262357,0.0098011483842949,0.00341728732502425,2.86810778611522,0.00412934828996265,0.013842780462718,"ACADS"
30.9170132840865,-0.0223585859634003,0.00779569162488769,-2.86806957474057,0.00412984705285859,0.013842780462718,"NUSAP1"
2.90476776158207,0.0578370874466923,0.0201726878227142,2.86709872055664,0.00414253770658002,0.0138805341827197,"LINC02149"
1931.1775962333,0.00392456678568954,0.00136881954913065,2.86711772065359,0.00414228900511685,0.0138805341827197,"DDX42"
3.30152851648748,-0.0533256757119947,0.0186036063713408,-2.8664160403944,0.0041514826314201,0.0139081103451175,"RAB38"
387.380841646174,-0.00724638073709278,0.00252853761369852,-2.86583861669094,0.00415906209276405,0.0139311032833397,"TIMM21"
699.40127581192,-0.00581259021337253,0.00202868826112451,-2.86519635606832,0.00416750737284048,0.013956987932011,"C1orf122"
914.23925330022,-0.00936666331330091,0.00326950987101127,-2.86485243441206,0.00417203609664167,0.0139697493743806,"PPTC7"
479.51800809484,0.00741111255579864,0.0025874233292529,2.86428296135776,0.00417954467511952,0.0139924825259466,"ZNF688"
12.6798908985873,0.0257366937523348,0.00898571756046046,2.86417791113122,0.00418093111501936,0.0139947153877545,"ENSG00000256116"
1.89387650669185,0.0674734054109392,0.0235609180649959,2.86378507088751,0.00418611947020958,0.0140086502009961,"PEAR1"
22.1180140192843,0.0210674488266471,0.00735658555743208,2.86375366155613,0.00418653455443887,0.0140086502009961,"ENSG00000213062"
374.893656322572,-0.00761573699837976,0.00265985718952501,-2.86321274253816,0.00419368883093346,0.0140301756880782,"ELK1"
1018.06981709583,-0.00788272525390455,0.00275321753238312,-2.86309569120078,0.00419523842845906,0.0140329462892446,"PSMC2"
451.258617410547,0.0214966568485545,0.00750891133172024,2.8628193753927,0.00419889852745552,0.0140427742877471,"TCEAL4"
7035.43987197224,-0.0133197643226928,0.00465508358835557,-2.86133730359031,0.00421857963857162,0.0141061702853458,"UBALD2"
1171.26990515821,-0.00725883179557081,0.00253738160600742,-2.86075684413611,0.00422631060224243,0.0141295922179817,"LEMD3"
558.273054307135,0.0140514673773361,0.00491345285016662,2.85979489491989,0.00423915081102953,0.0141700846237043,"CROCC"
141.695713875888,0.00945285146046483,0.00330554371126944,2.85969640281496,0.00424046748976201,0.0141720503682751,"AGBL2"
25.2643857748149,-0.0188980097627576,0.00660933349679746,-2.85929129948044,0.00424588696144687,0.0141877250106688,"MIR600HG"
1043.30107882664,0.0159552522814727,0.00558042803753509,2.85914488533038,0.00424784723465228,0.0141918372657543,"CYP4V2"
15.6619737708331,0.0258558840870556,0.00904358567984163,2.85903014605026,0.0042493840008935,0.0141945334366099,"ENSG00000229727"
16.4821564578974,0.0355415211267039,0.01243357889152,2.85851092728773,0.00425634448856318,0.0142153428308795,"LINC02150"
10.2701872235015,-0.0345902243553224,0.0121018588655776,-2.85825712723444,0.00425975061535717,0.0142242762608261,"ENSG00000290058"
20.5167644060168,-0.0276942011015878,0.00969061805093441,-2.85783641002314,0.00426540230151274,0.0142382598535652,"ENSG00000279317"
121.214149236135,-0.0107620985394897,0.00376579873608169,-2.85785282053805,0.0042651817241938,0.0142382598535652,"MIER2"
1265.19229335677,-0.00938253129968345,0.00328315272275738,-2.85778094776032,0.00426614785847917,0.0142383050781191,"NUP153"
110.234282091271,0.0214400841623058,0.00750294293552552,2.85755660765986,0.00426916477848944,0.0142459296802879,"ENSG00000287124"
9.70943855194753,0.0434145292309328,0.0151937769747309,2.85738887066307,0.0042714217653715,0.0142510162535576,"AIM2"
169.839459518301,-0.00801382497381205,0.00280489016951506,-2.85709047039,0.00427543956818727,0.0142619747969149,"IPPK"
472.778942467332,-0.00591572234165378,0.0020709981513943,-2.85645949885132,0.00428394655553051,0.0142879019978779,"LIN52"
4.56095450599409,0.0418658561412539,0.0146572080902512,2.85633224850644,0.00428566404965528,0.0142911797411015,"ENSG00000267723"
219.984179647077,-0.00970735305011781,0.00339864760323214,-2.85623994699717,0.00428691023106937,0.0142928849682088,"RETSAT"
3.09759837416431,0.0485772373577961,0.0170101547219891,2.85577868936136,0.00429314268938298,0.0143071439489607,"PLD1"
701.211628042699,-0.00501753374830449,0.00175698711295976,-2.85576013124656,0.00429339361627082,0.0143071439489607,"ENOPH1"
11.8539671999845,0.0324010521766088,0.0113455730811494,2.85583213336689,0.00429242013973569,0.0143071439489607,"SETD4-AS1"
1039.47635097702,0.00999660798042208,0.00350063786014076,2.85565327800578,0.00429483865275648,0.0143095078168493,"EFCAB2"
901.188891565172,0.0130700655703915,0.00457831157688384,2.85477852498791,0.00430668502326578,0.014346520018418,"NBPF8"
868.425657853376,-0.00795482638492728,0.00278654864852301,-2.85472367013713,0.00430742888310774,0.0143465409598165,"MRPL13"
1816.06546736465,-0.00879986914309628,0.00308266470203162,-2.8546306503256,0.00430869054561708,0.0143482862185924,"STRAP"
1238.53711135278,-0.00792432850827325,0.00277613779049234,-2.85444351336318,0.00431122976943312,0.0143542845335918,"COPS5"
107386.607010767,-0.00745924376138365,0.00261328490893364,-2.85435535018928,0.00431242650793079,0.0143558117415303,"RPL6"
553.63231676329,-0.00592297608258761,0.00207569620440045,-2.85348890171451,0.00432420382929723,0.0143925545317694,"VPS33A"
5.6345154271676,0.0696501345656104,0.0244158297432266,2.85266301813612,0.0043354569045945,0.0144275401627489,"ZNF503-AS1"
29.2625574079296,0.0219713547580884,0.00770305021259758,2.85229281280763,0.00434050974909705,0.0144399191319076,"ATF6-DT"
1104.57366725624,-0.0119835816243754,0.00420140185564429,-2.85228169932764,0.00434066151685074,0.0144399191319076,"MTMR6"
741.795033087799,0.00758035627169038,0.00265788050892591,2.85203049807296,0.00434409325159531,0.0144488641991759,"DHRSX"
1526.66927900876,-0.0102492732383109,0.00359391525289288,-2.85184054634033,0.00434668987146157,0.0144550290117625,"WDR48"
469.992671243074,-0.00628377173332237,0.00220360360202175,-2.85158897342389,0.00435013101212292,0.0144615276562644,"FAHD2A"
176.390885206443,0.0185777703955877,0.00651484109432195,2.85160760279776,0.00434987610554843,0.0144615276562644,"ST6GALNAC4"
26.2747395479074,0.021633754813381,0.00758706172161286,2.85140092530869,0.00435270484144034,0.0144676113928326,"LNP1"
498.680853707792,0.00583912037118767,0.00204807786285309,2.8510246007217,0.00435785977182883,0.0144822707025188,"MTRR"
30.5714208327915,0.0201129363056026,0.00705569091370618,2.85059770213741,0.00436371416921268,0.0144992491126334,"RABGAP1L-DT"
238.175261962896,0.00951984501289666,0.00333976607176961,2.8504526389935,0.00436570515702254,0.0145033870212204,"YAE1"
2665.94180083248,0.00881201454255457,0.00309167851326599,2.85023636990178,0.00436867497359736,0.0145107747458064,"WWP1"
68.8693987733365,0.0149854355932514,0.00525784734803311,2.85010853326833,0.00437043129287186,0.014514129943256,"CHRNE"
249.24880516094,0.00977759991881703,0.00343077222117325,2.84997058635193,0.0043723272330546,0.014517947594767,"PGAP3"
35.8380091080976,0.0183694621243072,0.00644660774161016,2.84947725386485,0.00437911368912639,0.0145379997213172,"ENSG00000275055"
387.968986525678,0.0183087978251784,0.00642850959969108,2.84806260942011,0.00439862701639239,0.0145992656121837,"ENSG00000272009"
375.272609418523,-0.0129823136903102,0.00455834765880096,-2.84803061592829,0.00439906923824011,0.0145992656121837,"MRM3"
4.23859844419905,0.042284904221262,0.0148476129711533,2.84792608100813,0.00440051442635106,0.0146003747538104,"DAGLA"
33.2498786459551,-0.0189295744593777,0.00664685863356782,-2.84789785715916,0.0044009046928996,0.0146003747538104,"ENSG00000288935"
843.094953725281,-0.00875723592894661,0.00307572252827232,-2.84721259751141,0.00441038978405978,0.0146293471503661,"FRS2"
647.17948002344,-0.00482049735638113,0.00169318122746851,-2.84700614333428,0.00441325107031027,0.0146363421259344,"RBM10"
3.64867286074598,0.0550986399209292,0.0193540946938258,2.84687249869178,0.00441510417280685,0.014639991691999,"GSG1L"
50.1032077549917,0.0153078981180564,0.00537750833245037,2.84665260780378,0.004418154691392,0.0146476098350547,"ENSG00000267436"
19.0163000189322,-0.0216334727482677,0.00759995463372287,-2.84652656376062,0.00441990414569402,0.0146509126683528,"ENSG00000287086"
9.47597047185415,0.0349619453215059,0.0122829674192642,2.84637613437553,0.00442199288312778,0.0146553388259871,"PRDM8-AS1"
23.0045520601529,0.0205799419021693,0.0072311421745793,2.84601538806927,0.0044270055520327,0.0146694522985669,"ENSG00000286427"
254.607279220031,0.0099890246341372,0.00351046342197688,2.84550027543429,0.00443417211009881,0.0146906969363877,"CROCCP3"
2004.96307092816,-0.0113455216541934,0.00398780816595877,-2.84505201404684,0.00444041714700482,0.0147088817994535,"REL"
31.8783362056133,0.0205770039005287,0.00723273777231205,2.84498132633819,0.00444140267319976,0.0147096413070677,"LDB3"
234.63890531726,-0.011365138125386,0.00399513252578542,-2.84474621355687,0.00444468203571507,0.0147179963017865,"FUZ"
385.455829534254,-0.012558190028026,0.00441516480426841,-2.84433097851415,0.00445047911091247,0.014734684116827,"GPATCH3"
8.94047074510641,-0.0333659075307416,0.0117347216819866,-2.84334886118006,0.00446421767772086,0.0147753967406818,"DOCK7-DT"
5.64359303566719,0.0504985172801049,0.0177609375374796,2.84323488968652,0.00446581447938246,0.0147753967406818,"ENSG00000286581"
152.446075380315,0.0112813825778288,0.00396771360256159,2.84329558729879,0.00446496400892142,0.0147753967406818,"ENSG00000273456"
107.355899058397,-0.020446820587056,0.0071913439964583,-2.84325441768965,0.00446554084486462,0.0147753967406818,"PON2"
2.70532317314328,-0.0546299002771715,0.0192197489901607,-2.84238364950232,0.00447775718777601,0.0148123903162298,"DIPK1B"
665.683863342892,0.0134524601897876,0.00473474591199621,2.84122114255459,0.00449411364457656,0.0148639694780919,"TSGA10"
1064.39940401235,0.00462747574658613,0.00162893667232109,2.84079536375861,0.00450011787749365,0.0148812976598315,"TAFAZZIN"
381.19212041517,0.00927303940178485,0.00326484865636066,2.84026623522622,0.00450758965178433,0.0149009392108867,"MIPEP"
43.3871219868908,-0.024096695363869,0.00848392754478942,-2.84027594963001,0.00450745237438399,0.0149009392108867,"GINS2"
743.501708253481,-0.00799706567735728,0.0028156657013334,-2.84020424497487,0.00450846574540154,0.0149013028400689,"MRPL48"
4911.15565459939,-0.00569325621027311,0.00200484281830585,-2.83975190388445,0.00451486324672576,0.0149199125062968,"CHD3"
207.905227707468,0.0121935883021736,0.00429407628838313,2.83963010511974,0.00451658726257324,0.014923074374777,"RELA-DT"
107.883877124037,-0.0197950975414404,0.00697400793337953,-2.83841052814058,0.00453388282990338,0.0149776757684189,"ITSN1"
974.064472681318,0.00690560073544889,0.00243322862086923,2.83804023848033,0.00453914599507439,0.0149925163440638,"DNAJC9"
2608.05078536237,-0.00630030967161005,0.00222034214771158,-2.8375400062119,0.00454626490674924,0.0150134802548692,"FOXJ3"
310.505186742237,-0.0110313654548715,0.003888356407108,-2.83702528778121,0.0045536005296546,0.0150332298762716,"LIMD1"
14.4378133586103,0.0296154581573772,0.0104389614565399,2.83701192696937,0.0045537910868846,0.0150332298762716,"FAM218A"
1.54532113670333,0.100352266646161,0.0353776341458273,2.83660196813915,0.0045596415955477,0.0150499895935853,"CFH"
290.658696796495,0.0132397066146489,0.00466780405920681,2.83638868442536,0.00456268805189486,0.0150574898706154,"LACTB2-AS1"
182.203672706115,-0.0130063735591607,0.004586124431456,-2.83602718451131,0.00456785577799439,0.0150719868935995,"CPEB3"
2.4165787456163,0.0663200974946486,0.0233875042090348,2.83570649103415,0.00457244460337918,0.0150845691961208,"ENSG00000272094"
1725.78561211795,0.00520125791981921,0.00183445344277015,2.83531748397221,0.00457801653661441,0.0151003899701012,"DNAJC19"
36.7825873982549,0.0346878837033949,0.0122350994723572,2.83511252047973,0.0045809547992989,0.0151053187899238,"ENSG00000290995"
5.42476333307854,-0.0412674157698408,0.0145558690530123,-2.83510490645013,0.00458106398343328,0.0151053187899238,"ANKRD13B"
784.68808840885,-0.00567764692679955,0.00200274028918353,-2.83493918680499,0.00458344096427592,0.0151105949484968,"NAA60"
7.57454239881127,-0.0319494370952308,0.0112707529842671,-2.83472072716252,0.0045865761220944,0.0151183684376984,"ENSG00000260664"
2.99841914842717,-0.05987310080219,0.0211222369708479,-2.83460037328549,0.00458830417418071,0.0151215019471347,"ENSG00000236896"
297.51821122598,0.0102836798794558,0.00362939360605076,2.83344299232558,0.00460495208161283,0.0151737968726836,"ENSG00000274015"
538.016515639803,0.0139310269009293,0.00491782327447416,2.83276281464565,0.00461476134134294,0.0152035438432354,"LINC01725"
14.4352519474379,0.0249689246117984,0.00881477611746223,2.8326215299257,0.00461680126692235,0.0152076886440147,"ENSG00000261167"
1820.26078230296,0.00723472576892634,0.00255443655657831,2.83221979042507,0.00462260620626934,0.0152216545315973,"BABAM2"
178.345712512411,0.00939678585877984,0.00331779168905379,2.83224106256645,0.00462229866858443,0.0152216545315973,"CAB39L"
50.7568595124279,0.0200704954234908,0.00708683272166465,2.83208256942974,0.00462459049639455,0.0152256109927844,"CAGE1"
832.907203957289,-0.00815971067663526,0.00288143795502735,-2.83181897510537,0.00462840437756517,0.015235588686414,"EXOSC7"
28.4853644477837,-0.0263074995223204,0.00929131220971716,-2.83140840911654,0.00463435042863964,0.0152525804039712,"DBN1"
5.82271521188455,0.0378953359316885,0.013386207031676,2.8309240879075,0.00464137353691422,0.0152731105847604,"ENSG00000286433"
31.4479570689288,-0.0305530717351601,0.0107934653728315,-2.83070086202955,0.00464461376327604,0.0152811878060694,"TANK-AS1"
302.206897044711,-0.00993437700466094,0.00351009052479706,-2.83023384567419,0.00465139934665106,0.0153009248590749,"ITPRID2"
130.795756556462,0.00931480621106252,0.00329133996719664,2.83009543344023,0.0046534121513951,0.0153049576863013,"ENO3"
30.391232603035,-0.0282353898985302,0.0099776946743838,-2.82985106479759,0.00465696771036252,0.0153088860798143,"MIR4422HG"
556.965889938849,-0.0071581575255623,0.00252947723047548,-2.82989601144452,0.00465631355297985,0.0153088860798143,"GPR89A"
48.7009481860227,-0.0170760644021577,0.00603423739870171,-2.82986287643103,0.00465679579476921,0.0153088860798143,"PLK4"
29.9830402518802,0.0232055696394178,0.00820067643133863,2.82971408928396,0.00465896177704666,0.01531136598246,"ENSG00000224478"
413.558219488482,-0.00866307697236532,0.00306149210286514,-2.82969110528093,0.00465929645006327,0.01531136598246,"PTPA"
21.7198869956792,0.0326216478566364,0.0115293929270093,2.82943326358627,0.00466305240813768,0.0153211203362645,"ENSG00000289117"
479.170197493774,-0.00552695067148562,0.0019535564157357,-2.82917382214642,0.00466683443627498,0.01533095703766,"SCYL1"
991.247268013851,-0.011060986061745,0.00390974214302548,-2.82908326357953,0.00466815521470574,0.0153327063629249,"POLR1F"
36.6267745375342,0.0236335662964552,0.00835478045939858,2.82874773446249,0.00467305178964915,0.0153461979335583,"FCHO2"
2075.77622853893,0.00814537034605124,0.00287994012504446,2.82831239275348,0.00467941191955717,0.0153644904198694,"CCDC85B"
406.93756344807,-0.00689793959304357,0.00243903241643918,-2.82814592645475,0.00468184598150358,0.01536988796392,"TMEM161A"
324.647795668032,0.0229419248510556,0.00811297035691949,2.82780829237083,0.00468678637079505,0.0153835102427159,"NAIP"
8.98390040313995,0.0329679433809427,0.0116589032213595,2.82770538145854,0.00468829314031869,0.015385859603904,"PTK6"
288.201282333631,-0.00688071143931777,0.0024333942205484,-2.82761887951189,0.00468955999728809,0.0153874209695092,"RRP9"
1558.07331342119,-0.00478131580797872,0.00169103423378297,-2.82745062900504,0.00469202498357252,0.0153929124566485,"GIGYF2"
938.137474554787,-0.00774918240441863,0.0027409871109209,-2.82715025311268,0.00469642861465449,0.0154047610427731,"CSNK1D"
28.3007764708938,0.02288177108683,0.008095286715204,2.82655474621487,0.00470517004818034,0.0154308316653441,"GALNT3"
5.52330631211615,-0.0381023249018229,0.0134868456344221,-2.82514725345231,0.00472588917977936,0.0154961683135348,"TMPRSS7"
794.243852621965,-0.0101203564715042,0.00358339575194157,-2.82423633114505,0.00473934248259776,0.0155376623342338,"ZNF433-AS1"
905.938489486207,0.00679208158813335,0.0024059821857239,2.82299745544034,0.0047576949214066,0.0155952011992383,"SPAG7"
2.2064536088796,-0.0658563183862456,0.023330322253055,-2.82277791416371,0.00476095385976086,0.0156032541745928,"PTPRR"
5.68193481947137,-0.0327035311720213,0.0115860340530522,-2.82266831102624,0.00476258159848575,0.0156059593450381,"ENSG00000287348"
44.108108955252,0.0229432232412322,0.00812893829632464,2.82241326048761,0.00476637135638728,0.0156157468844684,"ATP11B-DT"
1.85549709228102,-0.0839347410398829,0.0297396775135105,-2.82231510418202,0.00476783057343671,0.0156170318063417,"RNF217-AS1"
571.976116385174,-0.00630434830815238,0.00223377936665894,-2.82227887062176,0.0047683693330864,0.0156170318063417,"ATL3"
144.786981894813,-0.0160091506711562,0.00567285639144074,-2.82206168576927,0.00477159982676487,0.0156249811835696,"TMEM63B"
119.859222653961,0.0158836226723554,0.00562862034506773,2.82193889418639,0.00477342715387478,0.0156283338781381,"ZNF347"
71.0527707154723,0.0448766602886594,0.0159068402860496,2.82121775799915,0.00478417155377258,0.0156587855936718,"NBL1"
279.905725025864,0.00862254965640758,0.00305633401963885,2.82120658311635,0.00478433822339167,0.0156587855936718,"MED7"
4966.79863988621,-0.0077742758493604,0.00275612707206415,-2.82072475110446,0.00479152958549125,0.0156796840456578,"TMEM131L"
1004.73517681761,0.0131293928898657,0.0046553605191039,2.82027414117285,0.00479826380698446,0.0156990797829528,"TMEM87B"
164.082223833833,0.0149422603509357,0.00529834757246419,2.82017367614603,0.00479976639186372,0.015701354875234,"CD302"
32.3940345590881,-0.0288962900221984,0.0102478103189561,-2.81975262254289,0.00480606842792707,0.0157193268860954,"FRMD6"
362.723553507433,0.0100400661108217,0.00356143170083941,2.81910954756071,0.00481570797647009,0.0157482071032817,"ENSG00000247121"
474.781476035706,0.00874283277177372,0.00310221811370449,2.81825211875046,0.00482858785379251,0.0157850188813644,"NBPF11"
10.9220200456371,-0.0268776849782758,0.00953694606841979,-2.81826957869431,0.00482832526844686,0.0157850188813644,"ALMS1-IT1"
2.58618386589993,-0.0559651980820726,0.0198620497726271,-2.81769498731199,0.00483697350832482,0.0158071189029614,"ENSG00000226276"
92.9741237761212,-0.0132053476104922,0.00468649942725761,-2.81774228621202,0.00483626107821981,0.0158071189029614,"GPAT4-AS1"
357.55359700233,-0.00905649882129454,0.00321458406718673,-2.81731590526435,0.00484268678601424,0.0158231313077042,"GNPNAT1"
3.38237275153395,0.0621448909420358,0.0220596471294644,2.81712987416878,0.00484549275826513,0.0158286029564752,"FABP12"
909.171722425678,0.00724662108946985,0.00257237188395623,2.81709698922878,0.00484598892631791,0.0158286029564752,"SHLD2"
3.44522102418346,0.072745627831076,0.0258243854112066,2.8169354922773,0.00484842625995653,0.0158339051683033,"BMP4"
973.388604367129,-0.0169214591087712,0.00600730109482235,-2.81681554522973,0.0048502372346094,0.0158371603912015,"AHSA1"
24.4098562242643,0.0267268766413043,0.00948863797756606,2.81672424477512,0.00485161610981159,0.0158390038522902,"H4C2"
439.248626419448,0.0111565379421403,0.00396182822126913,2.81600748923093,0.00486245331660849,0.0158717199968706,"MAGEF1"
1043.63450124782,-0.00719417712222869,0.00255504721640882,-2.81567286742367,0.00486752022924798,0.0158847642897892,"RALGPS2"
349.46844298934,0.010165691608605,0.00361047945791028,2.81560710346454,0.00486851660218129,0.0158847642897892,"LINC00954"
7.94705425360229,0.0331449084457418,0.0117719570656451,2.81558183239308,0.00486889952679674,0.0158847642897892,"ANKS1B"
1239.20670754083,-0.00971166354739603,0.00344953750555054,-2.81535235716942,0.00487237794011724,0.0158934468075164,"TRIB2"
61.6673678262666,0.0130070774068233,0.00462058190512203,2.81503015721994,0.00487726568038615,0.0159067227949683,"SLC27A1"
9.6146747319388,0.0290843632200231,0.0103329750793886,2.81471338085759,0.00488207546921961,0.0159197401427981,"MYH7B"
96.1704061873536,0.017543670185059,0.00623319296734332,2.81455592293919,0.00488446783509063,0.0159232499236516,"AGAP3"
285.227472939557,-0.00670088421907853,0.00238081414169705,-2.81453478527397,0.00488478907482541,0.0159232499236516,"POFUT1"
22.6735649055004,-0.0244635560927067,0.00869752814489433,-2.81270214768635,0.0049127133584381,0.0160115930856199,"TP63"
2.44066113822053,-0.0517154444355182,0.0183875494321099,-2.81252510708187,0.00491541859688264,0.0160177261062095,"LPP-AS1"
166.330434667064,-0.00831349367689436,0.00295636578210617,-2.81206531587294,0.00492245065217123,0.0160372035372135,"DPY19L3"
3.24014187277452,0.0468509596010353,0.016660923918177,2.81202650171885,0.00492304469285392,0.0160372035372135,"JAM2"
557.218622339616,0.00861992473428963,0.00306562353731619,2.81180145877793,0.00492649019542602,0.0160457402530528,"NDUFAF7"
3.66616677953137,0.0663581778492998,0.0236011169469079,2.81165412631006,0.00492874709902096,0.0160504034527133,"CLC"
10.1213702662549,0.0246404881347671,0.00876700865812858,2.81059242617731,0.00494503835849624,0.0161007601458169,"HAS3"
13.9184845549871,-0.0268400785892055,0.00955055526556734,-2.81031603324387,0.00494928745216506,0.0161065066474925,"BMP1"
1193.55636887349,0.00459994598846761,0.00163677727359437,2.81036770407137,0.00494849284602147,0.0161065066474925,"CDK5RAP2"
291.033184697611,-0.0118452862736513,0.00421484788872792,-2.81037099946833,0.0049484421725457,0.0161065066474925,"DHRS13"
574.905797671387,0.00711618289489906,0.0025325214537952,2.8099200834942,0.00495538029179074,0.0161236370116463,"SLC46A3"
1771.1021568067,-0.00474562294292096,0.00168924567651215,-2.8093148373299,0.00496470687632252,0.0161512817279393,"MLLT10"
55.3475145205858,0.0324014784237754,0.0115342735076336,2.80914774583171,0.00496728447955195,0.0161569649518002,"NUDT12"
9096.54186745773,0.0104817401320584,0.00373209534087201,2.80854029029423,0.00497666547026888,0.0161847717876944,"LINC00861"
7.24069009844437,0.0322174326923414,0.0114720156171146,2.80834979376054,0.00497961062359597,0.0161916426344977,"NPIPB6"
569.08216617737,0.0222090091771578,0.00791042208429584,2.8075631035224,0.00499178987365387,0.0162285316450679,"TEX14"
825.556776820644,-0.0118609422518495,0.00422518899788124,-2.80719803488017,0.00499745087760059,0.0162442207587248,"HDAC4"
117760.527897409,-0.00649973453953407,0.00231556892712237,-2.80697087588384,0.00500097628953041,0.0162529640447211,"RPS19"
1004.42041737745,0.0130500500702844,0.0046494028661888,2.80682282131034,0.00500327524445706,0.0162577191413188,"MDS2"
890.988634458086,-0.010002494435742,0.00356433817251981,-2.80626976218441,0.00501187146474674,0.0162829316620659,"TMEM135"
16.8451340534728,0.0375772817353705,0.0133916102355517,2.8060316178865,0.00501557706256313,0.0162922494061315,"ENSG00000291242"
41.963968485971,-0.0183480700431038,0.00654264791153603,-2.80437986136352,0.00504134714870704,0.0163732248104025,"MAK"
5.47994090124214,0.0396993745746511,0.0141569634462929,2.80422950340008,0.00504369891145406,0.0163781281346733,"CPO"
11560.2499004731,-0.00384080168845246,0.00136977629073357,-2.80396274518341,0.00504787374222323,0.0163889487831721,"ARGLU1"
2516.82220047499,0.0167842291379586,0.00598607584516766,2.80387846263389,0.00504919343387479,0.0163904975771526,"TSPYL2"
47.5936385779672,0.0162313804073426,0.00578992420159455,2.8033839204445,0.00505694323555092,0.0164129155472553,"PEX12"
18.0038694033999,-0.0545388187170446,0.0194560600134415,-2.80317899304204,0.00506015773283143,0.0164206086188362,"PKP2"
661.403699395727,0.00929271015575266,0.00331547462475433,2.80282952141165,0.00506564381645573,0.0164356693701218,"RARS1"
359.77655220638,-0.00640444304135083,0.00228510378962845,-2.80269240741672,0.00506779773077526,0.0164399155539209,"BAP1"
49.5195763719041,0.0121681760245293,0.00434227144667226,2.80226056200482,0.0050745869718093,0.016458435917224,"SLC66A1"
2.02921025597257,-0.0661952584987713,0.023622873992376,-2.80216787001171,0.0050760452967676,0.016458435917224,"STK32B"
10146.9924332633,-0.0151696452941409,0.00541352584276136,-2.8021747258166,0.00507593742128134,0.016458435917224,"CCR7"
714.079269799536,-0.00830488453395548,0.00296385686942008,-2.80205316918035,0.00507785041165871,0.0164615447261956,"PAFAH1B3"
529.760467053126,-0.00793163256915011,0.00283075710161703,-2.80194742410759,0.00507951509853407,0.0164641973307092,"YARS2"
13.1479434319609,0.0345207994283794,0.0123206628596641,2.80186219049911,0.0050808572436901,0.0164658037732449,"SLC22A1"
44.7299376731688,-0.0176937393846716,0.00631571693535792,-2.80154091226207,0.00508591918675775,0.0164794626189613,"NAT14"
430.570223581105,-0.00755708600900744,0.00269768897937363,-2.80131848659666,0.00508942631465197,0.0164880798211685,"MRGBP"
332.4777450332,-0.00838682058784591,0.00299409354612004,-2.80112176144735,0.00509253002766282,0.0164953874384795,"MTF1"
175.83766647893,-0.0107240083029776,0.00382883581745717,-2.80085352682991,0.00509676469516155,0.0165063553256056,"TXNDC5"
24.3553830860789,-0.021979403065106,0.0078487330195544,-2.8003759346058,0.00510431240781994,0.0165280473854679,"PCAT6"
1008.60192311291,-0.0178113448111233,0.00636299841126635,-2.79920623264442,0.00512284068836085,0.0165852819955571,"MRPL51"
341.376592110627,-0.00998962265412051,0.00356894296762136,-2.79904239007171,0.00512544083084226,0.0165909385256636,"ZMYND19"
1246.88100898958,-0.00908404072670722,0.00324561356168949,-2.79886701051944,0.00512822538408336,0.0165971900076215,"CUL2"
2.55657158115194,0.0549916955727144,0.0196521782371419,2.79824938025354,0.00513804257253154,0.0166234308180823,"ENSG00000271795"
101.107665677728,0.013099899023331,0.00468145128841798,2.79825597154892,0.00513793771476758,0.0166234308180823,"GK"
14.4409701153579,0.0434493251733245,0.0155344811705247,2.79696017500512,0.00515858914413769,0.0166871307903912,"VSIG2"
19516.9177023523,-0.0175465174952253,0.00627401330737087,-2.79669752606536,0.0051627841769769,0.0166979240150279,"JUND"
943.998237867714,-0.00846762032193336,0.00302879985573884,-2.7957015072783,0.00517872063083698,0.016746682458921,"CCDC28A"
12.3632555638884,0.0434283560455355,0.0155356581285142,2.79539853968768,0.00518357696829654,0.0167596003341649,"ENSG00000283360"
945.745473089421,-0.00515806005846615,0.00184540497906118,-2.7950829855733,0.00518863943270398,0.0167731802568597,"SHKBP1"
705.033572578914,-0.0125890143998258,0.00450451235495735,-2.79475632605853,0.00519388476778499,0.0167852613684301,"VGLL4"
832.757621048358,-0.0105520185829328,0.00377566718855808,-2.79474277153187,0.00519410252308779,0.0167852613684301,"TIMM23"
1167.75939921345,-0.00681806054998629,0.00243979239955627,-2.79452487483209,0.00519760419538735,0.016793787243269,"ATG3"
24.8055819392902,0.0367869701521022,0.0131645302266281,2.79440052313395,0.0051996035243189,0.0167940354217493,"NLRP3"
642.036907229728,-0.00583475638853813,0.0020879944573502,-2.79443097561801,0.00519911384447118,0.0167940354217493,"NOP2"
56.7249164858422,-0.0235362635472994,0.00842293909284663,-2.7943053235762,0.00520113461419041,0.0167940354217493,"C17orf100"
199.291368975614,-0.009219896432597,0.00329952849169078,-2.79430726414865,0.0052011033999909,0.0167940354217493,"ZDHHC8"
1007.46052652629,-0.00815607282464135,0.00291890547018575,-2.79422300857257,0.00520245881078206,0.0167953392067289,"NXF1"
51.2087316362715,0.0295245002950584,0.0105664543811266,2.79417288241871,0.00520326533647361,0.0167953392067289,"LINC00685"
361.242269716237,0.00611890844842667,0.00219063946975811,2.7932065193285,0.00521883613815109,0.0168411254721048,"IPP"
2157.25172553863,-0.0137679936315783,0.00492913757729265,-2.79318509895203,0.00521918175650855,0.0168411254721048,"ADGRE5"
28.5180042677744,0.023878529261298,0.00854923188149362,2.79306136414284,0.00522117862579687,0.0168447744983206,"ENSG00000278126"
8.36403909395115,-0.0298330247655897,0.0106818887938299,-2.79286045205994,0.00522442247534141,0.0168524447044553,"GLI1"
856.314832993646,-0.00808589974771039,0.00289582653008225,-2.79225971021155,0.00523413268769526,0.0168809674860488,"TENT4B"
993.826117522236,-0.00566953272091883,0.00203091998400351,-2.79160812123312,0.00524468320861147,0.0169121904991216,"SMARCA4"
26.4144979488011,0.0196081093528313,0.00702443994694049,2.79141248283739,0.00524785473128282,0.0169196125274626,"ENSG00000288988"
16.5048156198126,0.0319810796475984,0.0114590995190815,2.79088942323469,0.00525634263726011,0.0169441698106308,"EFCAB13-DT"
342.438868792822,-0.0106493832950374,0.00381606839744012,-2.79066887327837,0.00525992530880048,0.0169529092264255,"PPAT"
15160.7181062403,-0.0101841340508931,0.00364952732046429,-2.79053509033533,0.0052620995888554,0.0169571072072277,"HSPA8"
143.593117096271,0.0156041768081087,0.00559198904244263,2.79045196435018,0.00526345098594235,0.016958652497526,"RMDN2"
19.1130323827518,-0.0411461216309128,0.0147471661161807,-2.79010362443581,0.00526911743336886,0.0169740979126296,"DIRC3-AS1"
534.228778650724,-0.0142881598459767,0.00512245111323984,-2.78932087981212,0.00528187045312746,0.0170123633356155,"TARS1"
63.8024989280145,0.0154881636521468,0.00555453159435136,2.78838339274141,0.00529718133398896,0.0170588533323542,"ENSG00000263826"
79.668290900938,-0.0262506559652374,0.00941521944917167,-2.78810877504792,0.00530167392896923,0.0170704948836915,"NEXN"
6.78271481400677,0.0334680442627863,0.0120047263371353,2.78790564006917,0.00530499931990649,0.0170783750035586,"ENSG00000227712"
33.6437165419083,0.0229940773880835,0.00824832091110022,2.78772827050643,0.00530790446242581,0.0170832223563962,"ENSG00000260273"
342.819130682598,-0.0145945539750632,0.00523532664363181,-2.78770647344724,0.00530826157637441,0.0170832223563962,"TET1"
58774.2410064344,0.00605962184122668,0.00217411599271651,2.78716584649898,0.00531712593012812,0.0171089191839408,"RPL24"
2.56093622212161,-0.0884567152981725,0.0317414629014608,-2.78678760247378,0.00532333572965369,0.0171260673631316,"ENSG00000289263"
358.4227433788,-0.0139908360334349,0.00502126154306299,-2.78631891875133,0.00533103940357223,0.0171480151213632,"MSRB2"
201.855339955376,0.0118127967580008,0.00423981676340826,2.78615737829785,0.00533369694851247,0.0171537267436369,"B3GALT4"
7.28242905763704,0.0415173102453373,0.0149027711841686,2.7858785277091,0.00533828720896627,0.0171628139672071,"CFAP206"
59.2270176597913,-0.0211335433692218,0.00758594612009035,-2.7858810271869,0.00533824604831679,0.0171628139672071,"PRKAR2B"
236.514785550056,-0.0121057028538296,0.00434550656571863,-2.78579785135538,0.00533961591685499,0.0171642487520652,"INTS7"
1941.19907157722,-0.00675559326543596,0.00242536885165157,-2.78538798782532,0.00534637082240187,0.0171818117015917,"MMADHC"
613.664324512674,-0.00836598191149268,0.00300355589159803,-2.78535915875419,0.00534684624079658,0.0171818117015917,"ATP2A2"
231.028074099857,-0.00978275421575756,0.00351239010347234,-2.78521289707722,0.00534925882112443,0.017184490168713,"ZNF776"
254.278467343615,0.0117131891876489,0.00420550870393071,2.78520150884506,0.00534944671078903,0.017184490168713,"ZNF8-DT"
1057.15335980269,-0.00568949880320124,0.00204280534842107,-2.7851399584394,0.00535046230826347,0.0171849145241137,"LSM12"
11.8214687613348,-0.0297622013372821,0.0106865440307877,-2.78501648910424,0.00535250010893133,0.0171886213668191,"CLIC4"
4.36179824234552,0.0412604300924813,0.0148164022973959,2.78478062786761,0.00535639483101309,0.0171982891809237,"ENSG00000260100"
2827.79888526664,-0.0136588688457348,0.00490589485380319,-2.78417480455092,0.00536641038277888,0.0172247604546918,"IRF2BP2"
5.67323348351722,-0.044814513015593,0.016095922686692,-2.78421522567609,0.00536574160921427,0.0172247604546918,"TEDC2"
2.65919241170931,0.0622296057239537,0.02235234477742,2.78403032628671,0.00536880141264949,0.0172295918623074,"NTN4"
4064.76176817378,-0.00665263414106371,0.00238966013632582,-2.78392481003276,0.00537054825206622,0.0172323546768294,"ATP5MJ"
127.288360779818,0.0183119191925219,0.00657999632540218,2.78296799677964,0.00538641190001329,0.0172804053879529,"ENSG00000275964"
5.30437984555562,0.0351041182196842,0.0126176691030245,2.78213970687104,0.00540017882665092,0.0173217147686654,"ENSG00000253238"
9.72123781561656,-0.219731620301393,0.0789878259623804,-2.78184160184438,0.0054051413707612,0.0173347740812326,"LINC01242"
2173.60111977801,0.00635982033794457,0.00228672833395081,2.78118753483787,0.00541604403214562,0.0173668764373994,"NME3"
703.355935569946,-0.00744593256144133,0.0026773796525692,-2.78105219567806,0.00541830248211302,0.0173712545870414,"GKAP1"
3.42124009131083,0.0424711623024304,0.015272418550234,2.78090612581984,0.00542074095284908,0.0173730812253842,"PCCA-AS1"
126.725057174688,0.0138393127143344,0.00497663485569257,2.78085757055376,0.00542155174736939,0.0173730812253842,"ATL1"
8744.69164752473,0.0094372409570232,0.003393614299123,2.7808820110942,0.00542114361613454,0.0173730812253842,"ZFAS1"
474.154017202248,-0.00695340426593462,0.00250119561761665,-2.7800321642017,0.00543535146073299,0.0174144327561715,"CPSF3"
3817.5162570442,-0.00419175844987664,0.00150792276530074,-2.77982304288684,0.00543885272617,0.0174227806944553,"ARHGAP45"
3.74486535489982,0.0477363620276745,0.0171743342480168,2.77951746707077,0.00544397256637492,0.0174363099602435,"STRCP1"
771.865251264183,0.00840265611277917,0.00302334701599524,2.77925625749353,0.00544835251092438,0.0174474653753688,"SOAT1"
17.3786331128569,0.0261622244738397,0.00941435121352521,2.77897264298505,0.00545311174172053,0.0174598315206924,"ENSG00000272892"
1985.15585440435,0.00814666313754072,0.00293219144106581,2.77835308549278,0.00546352136401866,0.017490282101963,"EXOC6B"
9.70145798976716,0.0318976712336118,0.0114810606354024,2.7782861049661,0.00546464782483037,0.0174910095179818,"GJC3"
22.2731735374071,0.0250716097146274,0.00902481284735042,2.77807530623619,0.00546819435048291,0.0174994814595661,"H2BC10"
1114.63383650341,-0.0044586248077443,0.00160508571179985,-2.7778110383555,0.00547264338816217,0.0175088777601211,"NOP14"
18.8005720501035,0.0539053331557966,0.019405806789765,2.77779397372066,0.0054729307892415,0.0175088777601211,"ENSG00000288828"
761.589354607661,-0.00838313520350662,0.00301818847199866,-2.77753867304227,0.00547723216770851,0.0175197570949019,"NSUN5"
1398.30049186031,-0.0046922156969635,0.00168950211220285,-2.77727720082313,0.0054816406888172,0.0175201661253326,"FAM13B"
1156.39838615303,0.00771441131368529,0.00277791254742822,2.77705333842394,0.00548541763867403,0.0175201661253326,"DOP1A"
53.0713047672894,0.0143376889264198,0.00516226559229661,2.77740241567873,0.00547952911922588,0.0175201661253326,"ENSG00000291208"
6.11254794819193,0.0406372954099622,0.014631692472387,2.77734756157929,0.00548045406483643,0.0175201661253326,"CIBAR1-DT"
297.991428407064,-0.0169368681186731,0.00609800572213396,-2.77744378907308,0.00547883157744851,0.0175201661253326,"DCAF12"
3881.5660500541,-0.0108914964073119,0.00392177250189149,-2.77718720350526,0.00548315881859152,0.0175201661253326,"LDHA"
513.280171629467,-0.00808632202676539,0.0029118097747736,-2.7770777118825,0.00548500630191771,0.0175201661253326,"TMEM208"
125.837735946588,-0.00850120052947058,0.00306106873519352,-2.77720014311705,0.00548294052195302,0.0175201661253326,"CLUH"
9.51968484913673,-0.0467748853243497,0.016843369043444,-2.77705043472619,0.00548546664455685,0.0175201661253326,"DSG2"
93.0507755708657,0.0135052309382107,0.00486426895591704,2.7764153381738,0.00549619470775715,0.0175515487211598,"SLC43A1"
187.857141102275,-0.0148135978717882,0.00533644388661589,-2.7759305984537,0.0055043956792773,0.0175748523239696,"PNPLA4"
28.01045016328,0.0320860067815484,0.0115619916296051,2.77512800644055,0.00551799845514001,0.0176153927377201,"CXCL16"
2.83996653858251,-0.260225995386551,0.0937804832127731,-2.77484169916399,0.00552285828695463,0.0176280138725885,"CAPN11"
8.50873933192367,0.026754517032163,0.00964397192901029,2.77422178632458,0.00553339403916107,0.0176551292324762,"HCN3"
10.0192362868777,0.028494688372376,0.0102713851555627,2.77418166496697,0.00553407654775628,0.0176551292324762,"FAM238C"
5.87298845632041,0.0376955169343751,0.0135875872175316,2.77426126735274,0.00553272249743078,0.0176551292324762,"HIGD2B"
14.8084987723251,-0.0233889675486448,0.00843167740691091,-2.77394003825079,0.00553818849171606,0.0176624535747449,"ENSG00000272540"
208.675839216678,-0.00665679152826993,0.00239974483488581,-2.77395806066468,0.00553788169558414,0.0176624535747449,"ATPAF2"
4.99084895227912,0.0401496146211435,0.0144756013754268,2.773605985676,0.0055438778570862,0.0176776997046203,"NPIPB8"
1095.20364552068,0.00975886671682095,0.00351904330238907,2.77315903165945,0.00555149833549795,0.0176990975452829,"CCDC82"
1005.57612975661,0.00920970304364818,0.0033212766431721,2.77294065900278,0.00555522498277442,0.0177080762274574,"ZNF75A"
2577.66355186424,0.00546121830473503,0.00196972903995893,2.77257338138697,0.00556149786507997,0.017725167126605,"ARL6IP1"
309.319629912687,0.0133028237307815,0.00479831295630327,2.77239601750159,0.00556452942230632,0.0177319236227523,"ENSG00000289055"
4.66274096487851,-0.0442879259636268,0.0159771883955235,-2.77194740822079,0.0055722038445339,0.0177534704307992,"ENSG00000274373"
44.4298330656637,0.0127692383875156,0.00460701962805288,2.77169177004622,0.00557658135340786,0.0177645076818107,"MARCHF6-DT"
942.988737508845,0.00432364763523439,0.00155998845387109,2.77158951048985,0.00557833329907862,0.0177671788112622,"PUS7L"
23.8485926748291,0.0193972091282399,0.00700205981217257,2.77021471517842,0.00560193502988061,0.0178394299715468,"TTC34"
736.040985913287,0.00649690297823538,0.00234537587907606,2.77009030245283,0.00560407531844136,0.0178433244424624,"ZFP14"
673.848769809727,-0.0129831938850195,0.00468756075261965,-2.76971213178706,0.00561058556872366,0.017861129279418,"TRAPPC4"
251.544718041327,0.013976928121624,0.00504766020557542,2.76899148365528,0.00562301050029112,0.0178948261193001,"TAPT1-AS1"
8.00286307271244,0.0297995218231669,0.0107617474317797,2.76902259712659,0.00562247355037818,0.0178948261193001,"ENSG00000285091"
4593.68625965678,-0.00324063106289648,0.00117043090259908,-2.7687504283254,0.0056271721517039,0.0179051407693101,"UBXN4"
1420.21025539947,-0.0059151659955429,0.00213655001602951,-2.76855957088027,0.00563046914256721,0.0179127012253966,"RPS19BP1"
32.9037963015156,-0.0289509856874988,0.0104599962298101,-2.76778165607661,0.00564392536393069,0.0179525743669364,"ASB9"
947.303615895764,-0.00619304403562222,0.00223766741988307,-2.76763382287875,0.0056464858322642,0.0179577821980659,"TMEM147"
5.01259344176053,0.0419195951814282,0.0151482605076339,2.76728771335184,0.0056524845420223,0.0179739213383809,"SLC22A4"
2.756574036713,0.0602985165797196,0.0217915562535043,2.76705875790872,0.00565645591636569,0.0179836096811424,"LINC02068"
2325.27675133198,-0.0085561808970471,0.00309226428376246,-2.76696301217712,0.00565811743176889,0.0179859523068045,"OPTN"
28.8906514771737,-0.0454323699076743,0.0164212089585635,-2.76668849548874,0.00566288367468942,0.0179981618229385,"MKI67"
2044.24660006333,0.00777076630245898,0.00280888056852313,2.7664993626072,0.00566616956460531,0.0180056631598003,"TRABD"
20.6703093781845,0.0252273678468677,0.00911963350552232,2.76626991990319,0.0056701580837202,0.0180153944603792,"REL-DT"
305.081849884025,-0.00756115683762198,0.0027337926812678,-2.76581208569023,0.0056781244178551,0.0180377589501388,"AP2A1"
8.54209246759103,0.16428972215302,0.0594038099263478,2.76564284945218,0.0056810716899826,0.0180441746312625,"LINC00355"
1349.73139862534,-0.00558057600141193,0.00201826814004081,-2.76503200476578,0.00569172111539622,0.01807420725236,"CLTA"
1257.11366633408,0.00558273759827529,0.00201909118343966,2.76497547216501,0.00569270761070183,0.01807420725236,"KDELR1"
128.564969356692,-0.0219901172655635,0.00795319677499054,-2.76494067576866,0.00569331488536371,0.01807420725236,"SCO2"
826.940236097353,-0.00471340119468317,0.00170497359563364,-2.76450099095608,0.00570099340054602,0.0180902477298669,"MARS1"
924.428707232991,0.0058069774854542,0.00210048637819807,2.76458707170279,0.0056994893789721,0.0180902477298669,"TERF2"
165.579040305371,-0.0109903040944107,0.00397552451999079,-2.76449158825365,0.00570115770829697,0.0180902477298669,"ZNF45"
6.07783863920501,0.0443416179420143,0.0160409732748889,2.76427229084835,0.00570499103773453,0.0180994585997348,"CEP170B"
1338.70594940073,-0.0131825305886468,0.00476931792598178,-2.7640284823187,0.00570925555157682,0.0181099913904528,"BSDC1"
4.35763941565911,0.0443658994883416,0.0160514775662401,2.76397604552326,0.0057101731118013,0.0181099913904528,"ENSG00000286575"
10.4361320204471,0.0285730514658221,0.0103385076948031,2.76375007973202,0.00571412867411328,0.0181195821389269,"NOTCH2NLB"
3124.24141853121,-0.00629924816328599,0.00227974046440711,-2.76314267419219,0.00572477364414764,0.0181503785089349,"INPP4A"
8874.44921155088,0.0112038721328378,0.00405512065990418,2.76289488587069,0.00572912134477648,0.0181612026201511,"H1-10"
132.067355264084,-0.0151656283996817,0.00549060844839541,-2.7621034248242,0.00574302829445548,0.0182023208987214,"KCTD6"
679.291697742563,-0.00846455156502602,0.00306466588380132,-2.76198185576003,0.00574516710832488,0.0182061331743283,"KDSR"
118.237802805091,0.0153039382302203,0.00554112597727495,2.76188238509362,0.00574691767039962,0.0182087140587951,"ENSG00000278376"
47.3672995612158,0.0166650706793224,0.00603520618274952,2.76130925351918,0.00575701345850498,0.0182334012381574,"ENSG00000284954"
124.580303507041,0.0132886471386185,0.00481247354719685,2.76129250546401,0.00575730871805359,0.0182334012381574,"CTNND1"
146.237456425537,-0.0132590597012431,0.00480187192028971,-2.7612272716435,0.0057584588867411,0.0182334012381574,"GSE1"
358.771150424163,-0.00678335257879356,0.00245660061534955,-2.76127610504093,0.00575759786226098,0.0182334012381574,"ANKRD27"
4462.01749954635,-0.00456404386582878,0.00165293676347028,-2.76117269982352,0.00575942122776107,0.0182334801922495,"GPBP1"
2033.44565904338,-0.00659937746882238,0.00239039346406367,-2.76079129567374,0.005766151108785,0.0182518153322989,"IFNAR1"
14.4661866371701,0.0251322621050662,0.00910417726071774,2.76051985647354,0.00577094497503803,0.0182640173624251,"ENSG00000274341"
4.37751648606012,0.0427452832835438,0.0154854967772767,2.7603430421598,0.00577406961126731,0.0182709334649033,"ENSG00000286493"
6.24077193837652,0.0303140124214692,0.0109829623601998,2.76009435590178,0.00577846693944965,0.0182818738515347,"ENSG00000286161"
95.4721778187197,0.0367802041733002,0.0133266848970491,2.75989148519932,0.00578205638246093,0.0182902551138799,"NT5E"
11.0816732938299,0.0290115365445554,0.0105123521392071,2.75975691837352,0.0057844384165018,0.0182948149007116,"PPFIA3"
38.1446694750784,0.0162964101374747,0.0059061134943062,2.75924432423882,0.00579352020597633,0.0183205595068193,"ENSG00000288956"
4.59285022633844,0.0418499981510065,0.0151685944788866,2.75898984637358,0.00579803364311695,0.0183318518192893,"ENSG00000287170"
4.72613434299303,-0.048537859993474,0.0175938910703308,-2.75879052561176,0.00580157102376947,0.0183400549298456,"KIF14"
1241.6138522736,-0.00802346443303913,0.00290842621079109,-2.75869623347148,0.00580324512086221,0.0183423660783053,"MAPRE1"
18.380063021492,0.020520103844932,0.00743903451647582,2.75843643412118,0.00580785994684526,0.0183539697524106,"CIT"
425.713920144686,-0.0236362575442886,0.0085699167501317,-2.7580498426575,0.00581473311095511,0.0183726582104841,"ZBTB21"
6.52603884467291,0.0305262212048463,0.0110682552376103,2.75799758403812,0.00581566277322249,0.0183726582104841,"LHFPL1"
279.518386659418,-0.00954445672314396,0.00346101953018215,-2.75770091440127,0.00582094296076617,0.0183863529603545,"WDR25"
44.3110565606208,0.0392199210897431,0.0142253643898766,2.75704157832708,0.00583269344031399,0.018420477367681,"PRMT5-DT"
101.839891504037,-0.0204520301026353,0.00742043681235619,-2.75617603381238,0.00584815136202637,0.0184662974257751,"MEST"
208.265548586309,0.0180352739139287,0.00654416364819466,2.75593259635311,0.00585250560618705,0.0184770469965824,"ENTPD3-AS1"
241.68965297538,0.0213306105860533,0.00774012070188743,2.75584986431179,0.00585398605808838,0.0184787216513919,"ANXA2"
12.5092138397428,-0.0266521179104618,0.00967461417284492,-2.75485072937275,0.00587189179458233,0.0185316692785033,"UCK2"
278.82569223122,-0.0101825668852211,0.00369628962093683,-2.75480763940794,0.00587266512943777,0.0185316692785033,"PRMT5"
3262.77473630377,-0.00479487701496839,0.00174065133517715,-2.75464529746298,0.00587557950207745,0.0185378583771141,"CYRIB"
117.730594976983,0.0317774618651615,0.011537031521185,2.75438805959832,0.00588020012163584,0.0185494279218194,"TIGIT"
63.2314945110812,-0.0176490126164339,0.00640852111289127,-2.75399149125552,0.00588732987343034,0.0185689076322513,"ZNF416"
5082.48144939647,-0.0046502867610136,0.00168871793573918,-2.75373800597321,0.00589189127027203,0.0185802816306844,"CBX3"
162.543269071658,0.00933113874342916,0.0033887502252065,2.75356344472409,0.00589503430301325,0.0185871798067613,"CAPS"
1359.78090025548,-0.00821651651035979,0.00298415830472422,-2.75337822975149,0.00589837081182885,0.018594685682477,"MRFAP1L1"
429.475172459412,-0.0105104980858481,0.00381833108373016,-2.75264188865997,0.00591165228479311,0.018633535665453,"USP3-AS1"
12.7975763156206,0.0313386975499033,0.0113858583875309,2.75242291650347,0.00591560710811971,0.0186429802106345,"EVA1B"
695.717256530126,0.00495847604221447,0.0018019389759103,2.75174470861842,0.00592787125323031,0.0186786042032371,"HEXB"
464.506378819358,0.014071609643209,0.00511466773187355,2.75122654703797,0.00593725669054142,0.0187051473741045,"LINC00662"
982.201770725094,-0.00752164912619872,0.0027340667336959,-2.75108468769195,0.00593982851636318,0.0187102193476567,"PRPF19"
35.7735892690134,0.0264948192635361,0.00963132087913519,2.75090193713026,0.00594314315538781,0.0187176291313873,"ENTREP2"
2480.88224519266,-0.00730063871314339,0.00265408863087442,-2.75071398453567,0.00594655388493857,0.0187253390992294,"CREBBP"
777.629586308428,0.00558397575822849,0.00203010230090135,2.75058835988179,0.00594883454805158,0.0187294886361527,"ST3GAL3"
5735.63029725781,-0.00521097092325331,0.00189459334108625,-2.75044296327235,0.00595147514681777,0.0187317383625813,"NSD3"
41.9949950194579,0.0193382509590047,0.00703083840653674,2.75049003274282,0.00595062018607411,0.0187317383625813,"ENSG00000260563"
1613.65770158551,-0.0065133684165486,0.0023684455160361,-2.75006048163167,0.00595842657458657,0.0187475501944813,"PSMD6"
637.207214910947,-0.0112646692111701,0.00409614666035578,-2.75006491349401,0.00595834598564855,0.0187475501944813,"SLC37A3"
47.866277381415,0.0207304206155576,0.00753901033941523,2.74975357271702,0.00596400979280983,0.0187620822383866,"ENSG00000289982"
12.1447769699137,-0.0317173472793437,0.0115388975926522,-2.74873288584698,0.00598261182527014,0.0188175586373431,"ENSG00000288538"
152.726447061959,-0.0130073039188391,0.00473256782788062,-2.74846645455563,0.00598747613579951,0.0188267698540957,"ENSG00000237429"
413.267187354832,-0.00881510938105333,0.00320724411479276,-2.7484996668621,0.00598686957507687,0.0188267698540957,"NF2"
6.99831656926058,-0.096732018338887,0.0352044739966235,-2.74771946168446,0.00600113320104696,0.0188666626626094,"LINC02327"
7.44696498514466,-0.0448778747978407,0.0163334124686577,-2.74761167538976,0.00600310614363194,0.0188667664565818,"ENSG00000263080"
7.66589119630656,0.0453657710179992,0.0165109464740263,2.74761783580153,0.00600299336643944,0.0188667664565818,"AIRE"
4.553273546565,-0.0406936688929908,0.0148110062788403,-2.74752897452536,0.00600462031351702,0.0188684765295993,"PIWIL4-AS1"
45.8345184793776,0.0159331293717265,0.00579947621699325,2.7473393761044,0.00600809296925942,0.0188763392578041,"ENSG00000265204"
1053.65271270775,-0.00522096435239167,0.0019007770169144,-2.74675267321312,0.00601885039577168,0.0189070831796116,"NUBP2"
1070.53287084582,-0.00490561974818161,0.0017865593936016,-2.74584755802166,0.00603548007371704,0.0189562607643905,"MED28"
276.653013979798,-0.00625657250374939,0.00227901141101879,-2.74530108690966,0.00604554041405402,0.0189847927984767,"ZNF598"
192.768027385003,-0.0124239654846321,0.00452638837842669,-2.74478556542922,0.00605504482746382,0.0190085017654937,"ENSG00000248268"
5.69701675908264,0.0364177670604493,0.0132678355255681,2.74481598677264,0.00605448359077332,0.0190085017654937,"SCAT2"
1.52156326705187,-0.0772370775275112,0.028142458427396,-2.74450356662241,0.00606024959277452,0.0190217709906499,"PRDM16"
1472.78345704,-0.00542985374049485,0.00197887107205179,-2.7439148599332,0.00607112816188499,0.0190528418646055,"ELOC"
3.28572599787888,-0.0540410474448491,0.0196970971750137,-2.7436046522328,0.00607686748884095,0.0190677769842628,"CD24"
941.911450150537,0.0340188850130554,0.0124008581047226,2.74326862913625,0.00608308995473809,0.0190842230176791,"AREG"
2636.51994044746,-0.00828267505343263,0.00301945156109453,-2.74310578787037,0.00608610750859336,0.0190906107320834,"RBM6"
22.0800390540322,0.0204393708116436,0.00745265383490493,2.74256275206486,0.0060961800602763,0.0191191225979417,"ENSG00000285731"
29.6808161488221,-0.0165623457404073,0.00603959747657192,-2.74229297642004,0.0061011896000049,0.0191317489778648,"DPCD"
417.145249092437,-0.0120190105889987,0.00438392658359536,-2.74160854654222,0.00611391561065818,0.0191685642396699,"LINC01128"
11.0478313677419,0.0240210932377341,0.00876332270162925,2.7410942236862,0.0061234944478286,0.0191929870875533,"BGLAP"
3.75295537286597,-0.0491713214730629,0.0179386387241178,-2.74108432804068,0.00612367887848211,0.0191929870875533,"ENSG00000286046"
770.07369146163,0.00569988348384826,0.00207971781825695,2.74070041320579,0.00613083797606795,0.0192123295428545,"TTBK2"
3989.70352108954,0.00568930050651876,0.00207603386354706,2.74046613902442,0.00613521033410547,0.0192229343119661,"NOL7"
71.2319110382822,0.0130023968743316,0.00474481975803325,2.74033525769189,0.00613765425020684,0.019227494414684,"CMC4"
2.65279856696639,0.117031841918961,0.0427118251850206,2.74003373566918,0.00614328783624677,0.0192420437524696,"JAKMIP3-AS1"
526.696052167798,0.007571091412513,0.00276337593428491,2.73979783878816,0.006147698539597,0.019249659416243,"HAUS4"
978.423861048731,0.00684374577698507,0.00249789193891973,2.73980858433163,0.00614749756184506,0.019249659416243,"MIATNB"
351.947593215485,-0.00556154403150735,0.00203000804424527,-2.73966600638524,0.00615016472994147,0.0192542820154662,"PHKA2"
12.492816810113,-0.0270539331311976,0.00987591358734395,-2.73938536338222,0.00615541768921721,0.019267626242833,"ZNF547"
87.0230200817342,-0.013648913707995,0.00498267495707833,-2.73927435073916,0.0061574966927623,0.0192710326904134,"ZNF16"
4981.93657571525,-0.0149331760434887,0.00545202233313999,-2.73901593409069,0.00616233867315329,0.0192830839014647,"ARPC5"
367.28554783238,0.0147062987678834,0.00537074860633972,2.73822139999698,0.00617724742799695,0.0193266269457887,"APOBEC3C"
8.11531335634432,0.0332681722262509,0.0121503936800958,2.7380324541047,0.00618079761334407,0.0193346243771559,"ENSG00000286207"
328.818384815812,0.00697211522963565,0.00254675328903398,2.73764846389195,0.00618801823147126,0.0193540991510448,"RPE"
144.970057666742,0.0157903262096494,0.00576899077581135,2.73710373673265,0.00619827440494623,0.0193830603618343,"SPACA6"
4.25422236631209,0.0387488311815727,0.0141587211156635,2.73674655112076,0.00620500783464995,0.0194009978125344,"BRSK2"
36.9685759343572,0.0232693395532245,0.00850324180420274,2.73652567915022,0.00620917486344225,0.019410906504149,"LINC02241"
132.723087165477,0.0452571063422142,0.0165403281466655,2.73616738077461,0.00621593997401792,0.0194258111238147,"NSG1"
6.76960181232281,-0.0517957063619354,0.0189297480044232,-2.7362068607481,0.00621519421874804,0.0194258111238147,"TM6SF1"
1.77312814621597,0.0898743783618573,0.0328524621796192,2.73569688233635,0.00622483363730218,0.0194504801733598,"CFAP91"
373.720279280616,-0.00849917817120553,0.00310708871881317,-2.73541534869722,0.00623016084372901,0.0194639991280715,"ARAP1"
824.870720441462,-0.00900252845662508,0.00329145254928121,-2.73512326908406,0.00623569193972715,0.0194781506214281,"ITPA"
57.559314687116,0.01537910561428,0.00562316541517434,2.73495522162283,0.00623887624858053,0.0194836555230233,"ENSG00000275764"
19.7513461933584,0.0259580277981257,0.00949131405137185,2.73492454865866,0.00623945762443639,0.0194836555230233,"ENSG00000246331"
890.779073144226,-0.00780392003848294,0.00285408107188407,-2.73430215958488,0.00625126493727216,0.0195173923426775,"PLGRKT"
5.68954442572761,0.0324529345513079,0.0118724609399436,2.73346315607774,0.00626721346517463,0.0195640457568788,"ENSG00000227782"
308.513825377385,0.010913656223161,0.0039928006996135,2.73333357816168,0.00626967986050376,0.0195686044554972,"MRPS31P5"
2115.1853545837,-0.00576139577253417,0.00210790039390359,-2.73323909858223,0.0062714787423345,0.0195710786165808,"SEC11A"
667.56075962982,-0.00855520750203425,0.00313023471210442,-2.73308818311669,0.0062743531216448,0.0195769076947567,"CCDC88B"
52.7197007163254,-0.031067474431706,0.0113680498601548,-2.73287633445363,0.00627839005289695,0.0195863616549958,"IL12RB2"
690.444683371957,-0.00777396073752895,0.00284503177704696,-2.73246886036474,0.00628616134368294,0.0196074605990983,"BRAP"
2.94905298566793,0.0458368969470156,0.0167758538140764,2.73231380381691,0.00628912083479825,0.0196135464738914,"ZFPM1-AS1"
233.846046704525,-0.0127765382405009,0.00467619357978813,-2.73225178181776,0.00629030497052691,0.0196140945786661,"PCGF1"
274.938644619551,-0.00937828540759103,0.00343256451437424,-2.73215124386401,0.00629222488646364,0.0196169364107396,"TOP3B"
119.290903480092,0.0114769353356451,0.00420127394594791,2.73177504806952,0.00629941356316651,0.019636200836082,"DZANK1"
664.323791469108,-0.00718265995782485,0.00262948100372655,-2.731588457055,0.00630298184853549,0.019644175602606,"MFSD10"
13.2834824261887,0.0267601153905403,0.00979719732319438,2.73140516698455,0.00630648877927497,0.0196519566237869,"ENSG00000289631"
52.4028957100302,0.0183188215254709,0.00670929828401213,2.7303632585726,0.00632645723809519,0.0197110235044353,"TRPM5"
639.334517077343,0.00891302561868397,0.00326449745143235,2.73029026712005,0.00632785826977404,0.0197122311347493,"PAXIP1-AS2"
8961.7938923708,-0.00590851494090663,0.00216424003532369,-2.73006452356055,0.00633219306346931,0.0197225760252268,"CYTH1"
7.90946304211042,0.0298351898933543,0.0109294584847729,2.72979580231913,0.00633735661118242,0.0197354984700783,"MATN2"
80.0145107028214,-0.0203767903714324,0.0074665715783359,-2.7290691795623,0.00635133783630407,0.0197758719791821,"FNBP1L"
12.9385595303258,0.0290014040689259,0.0106281488000164,2.72873523081283,0.00635777277678088,0.0197927398017229,"CDKL4"
4985.15253703692,0.0060166441030156,0.00220558912443793,2.72790794819904,0.00637373916623409,0.0198392703668458,"OGA"
1585.77811971873,0.00690078091720635,0.00253009834087523,2.72747537347469,0.00638210213001737,0.0198621229649549,"LMAN2"
51.7179037802226,0.0259562834218601,0.00951729162764084,2.72727625015461,0.00638595509732321,0.0198697566023791,"ZFP37"
2473.10689544205,-0.016120161315954,0.00591079017064219,-2.72724303359978,0.00638659802982235,0.0198697566023791,"UPF3A"
1.84156670092752,0.0869875876238628,0.0318973841505161,2.72710725159747,0.00638922680282532,0.0198747562037031,"LINC02974"
1763.09211394501,-0.00568503301848598,0.00208470007494679,-2.72702682117526,0.00639078441474702,0.0198764227136623,"HOOK3"
162.066960168808,-0.00943360716204081,0.00345949910578649,-2.72687081961137,0.00639380650809087,0.0198826427480217,"SIDT2"
304.173811468805,0.0114165768720925,0.00418681750578442,2.72679113821408,0.00639535060807299,0.019884265453585,"ARSB"
1710.84041339035,0.00592922377639804,0.00217451875976842,2.72668320278345,0.00639744276181879,0.0198844134164489,"WDPCP"
3440.04888408245,-0.0105194496047786,0.00385793182681212,-2.72670697073231,0.00639698200570537,0.0198844134164489,"RB1CC1"
57.3976410562079,-0.0316721243211281,0.0116162216417453,-2.7265427001933,0.00640016709987348,0.0198897028694103,"BANK1"
1551.03611067818,-0.0176689863087956,0.00648056828157781,-2.72645631387341,0.00640184264439013,0.019891731833232,"CHST11"
1701.93373094942,-0.00517979423837113,0.00190001275047736,-2.72618919903024,0.00640702608719925,0.0199046581092657,"NDUFA10"
3.31425435469266,-0.0452346412388988,0.0165936211058306,-2.72602591986413,0.00641019642724805,0.0199081479652566,"GPR153"
158.736845409952,0.0130432669816393,0.0047846328847677,2.72607476806917,0.00640924780912186,0.0199081479652566,"LOXL1-AS1"
52.534760907869,-0.0165471073241045,0.00607033928525481,-2.72589497003872,0.00641274005857403,0.0199128682757541,"ENSG00000289211"
162.976485230684,-0.0129639314929182,0.00475650077093837,-2.72551863591113,0.00642005520669642,0.0199324012490746,"SPTSSA"
121.151483227771,0.0123538337269384,0.00453289867493195,2.7253716910237,0.0064229135454042,0.0199380931011262,"ENSG00000259865"
20.7828880961957,0.0373410782072045,0.0137020169271028,2.72522493628973,0.0064257693280032,0.0199437752032855,"LRFN5"
473.773072418199,-0.00637173833439668,0.00233817548729017,-2.72508986987166,0.00642839867062071,0.0199487527986987,"KLHL7"
427.470528920319,-0.00828976574717739,0.00304237093008656,-2.7247715474791,0.0064345992930153,0.0199648095148254,"CCDC97"
1200.1010372493,-0.00938873417572778,0.00344589096301056,-2.72461731276754,0.00643760557570328,0.0199709515236052,"TMEM65"
1640.51371566308,-0.00780982645294707,0.00286756333623218,-2.72350617483091,0.00645930081226024,0.0200350598149057,"ZNFX1"
221.432762408973,0.0152712145016426,0.00560795308602587,2.72313520947529,0.00646655863267328,0.0200543737187704,"MAD2L1"
14.5186706859992,-0.0278874560269006,0.01024214844652,-2.72281310630447,0.00647286642939633,0.020062397652959,"VPS37D"
662.917738321443,-0.0173778512173952,0.00638212143008937,-2.72289573424049,0.00647124778600758,0.020062397652959,"NCALD"
834.055504902562,-0.00461000024559424,0.00169308739073493,-2.72283655930669,0.00647240695882048,0.020062397652959,"PARG"
506.652473225399,-0.00802434798361927,0.00294710236451961,-2.7227924215409,0.00647327169142824,0.020062397652959,"SMARCD2"
3213.43604969871,-0.00356631135096922,0.00130983025006334,-2.72272788843955,0.0064745361898121,0.0200631198706444,"PRKDC"
541.153516269048,-0.00825172008685546,0.00303082692386376,-2.72259693283178,0.00647710289165369,0.0200678764487983,"SLC10A7"
76.2589295466513,0.010317881891699,0.00379011260384974,2.72231539538399,0.00648262406474353,0.0200817838323501,"CACNA1D"
1905.1970397167,-0.0162532515122244,0.00597096057621488,-2.72204971122548,0.00648783822457175,0.0200947358767747,"IL4R"
132.068793203337,0.0168710235802231,0.00620007288137527,2.72110084881468,0.00650649084590071,0.0201493000228649,"TRD-AS1"
12.9897777847017,0.0267189224155582,0.00982078285338618,2.72065097196866,0.00651535131502063,0.0201735272888358,"ENSG00000286086"
1269.39723323869,-0.00633078793423296,0.00232710088804632,-2.72046131164853,0.00651908998706455,0.0201818907111877,"APPBP2"
2065.98637642679,0.00911200998032341,0.0033501409929814,2.71988850601011,0.00653039311421881,0.0202136658918953,"TRIP11"
458.572873453612,-0.00761155046142364,0.00279854440629778,-2.71982479330854,0.00653165144050102,0.0202143440205545,"MIRLET7A1HG"
1069.37258137755,-0.00551389590102792,0.00202750471967029,-2.71954775124991,0.00653712555916902,0.0202280670142215,"MYDGF"
1241.88823551589,0.00651923535771899,0.00239793663609483,2.71868541461376,0.00655419102830801,0.0202776474775917,"POP5"
2.26877585738548,-0.0645686840681406,0.02375265996124,-2.71837698066258,0.00656030459567655,0.0202933340792787,"DOCK1"
33.2024932107285,0.0163329273180153,0.0060086701007237,2.71822666983301,0.00656328581263955,0.0202993277693833,"RBM25-AS1"
96.1332245113995,0.0246594717660142,0.00907355761815805,2.71772912056739,0.0065731627390559,0.0203255740402513,"IL6ST-DT"
20.8406706584349,0.0200807150784668,0.00738888027748655,2.71769392984366,0.00657386182135731,0.0203255740402513,"LINC02316"
11.4994899448354,-0.0586962384270149,0.0216030980710382,-2.71702874439592,0.00658708866425237,0.0203632329320364,"RNF217"
274.314501272578,-0.00738855472549783,0.00272122524452528,-2.71515735066862,0.00662442875608429,0.0204754113673281,"BRPF3"
88.2426717627273,-0.0213604030392329,0.00786726624875914,-2.71509853153908,0.00662560545844212,0.0204757946889351,"DOLPP1"
3.92327279002073,-0.0554308001490249,0.020428095460145,-2.71345903278991,0.00665848006557782,0.0205741216450443,"HEY2"
7.88014224090764,0.0352872044192082,0.013006899765778,2.71296043289664,0.00666850684186328,0.0206003155017959,"ENSG00000286828"
2.14053237111858,0.0618165457751784,0.0227858795307158,2.71293217766067,0.00666907545703607,0.0206003155017959,"OR4E1"
674.618184052661,-0.00787395162813448,0.00290250052931084,-2.71281660369035,0.00667140174926443,0.0206009581560474,"C4orf48"
685.648393292015,-0.0128100937254076,0.00472202250965126,-2.71284046173547,0.00667092147079298,0.0206009581560474,"EHD1"
91.5567737245946,-0.016303207803052,0.00601030244068447,-2.71254366380859,0.00667689842485086,0.0206146589304403,"ZNF230"
2348.71539784098,-0.00693041251289754,0.00255502523498182,-2.71246343011045,0.00667851500759784,0.0206163776246287,"FBXO11"
7380.70423990564,-0.00632247693925164,0.00233102704473145,-2.71231385047273,0.0066815297413848,0.0206224111392694,"PACS1"
112.713922482891,0.0177723118498485,0.00655365170962849,2.71181817973907,0.00669152858592296,0.0206499956409309,"SULT1A1"
23.2480941974353,0.0177682862006553,0.0065523953690025,2.71172375902589,0.00669343479829677,0.0206526015643513,"SPDYE18"
3.71447750553499,0.0511202717721978,0.0188604636771784,2.71044618240508,0.00671927518172661,0.0207290438635629,"LINC02861"
302.192797932748,0.00872433945511839,0.00321953051990228,2.7098172858393,0.00673202820731652,0.020765093666431,"USP45"
14.1632592546285,0.0225229660547361,0.00831298053284642,2.70937312625031,0.00674104816408921,0.0207896191279054,"ENSG00000287378"
404.905685744406,-0.00680050749695151,0.0025100708790575,-2.70928902991975,0.00674275720806915,0.0207915932869615,"RAB11FIP3"
133.61709490794,-0.00910617988981007,0.00336130302466815,-2.70912197531167,0.00674615332323632,0.0207987681550594,"SLC25A44"
10.7154586331287,-0.0258731712048508,0.00955060176248141,-2.70906188408891,0.00674737531594421,0.0207992388701158,"TVP23A"
1112.19606944568,-0.00730511746899895,0.00269701604557162,-2.70859251319384,0.00675692711563888,0.0208253825584364,"DHX40"
1288.72918765935,-0.0155543738011101,0.00574514878461781,-2.7073926862879,0.00678139911663215,0.0208974959153378,"ZBTB10"
32.0887479043545,0.0174428756052181,0.00644444352867312,2.70665349577662,0.0067965154746138,0.0209407607313025,"ENSG00000273729"
91.2175928839718,-0.0146359990640441,0.00540779329636122,-2.70646421968317,0.00680039101455455,0.0209493832157271,"ZFP69B"
155.798763273167,0.0107721143254278,0.0039802545408478,2.70638830127014,0.00680194604690271,0.0209508555120039,"ENSG00000240401"
19.9012791879952,0.0179319666625119,0.00662694934947913,2.70591575653454,0.00681163233924417,0.0209743558966642,"NT5C1B"
8.66876600948675,0.0425460671770854,0.015723380799873,2.70591088002073,0.00681173236333492,0.0209743558966642,"PARVA"
4713.61129444881,-0.0182263689064949,0.00673590524159173,-2.7058529258924,0.00681292118428615,0.0209746960993273,"STAT1"
35.7981036444215,0.0167413068450809,0.00618812236575484,2.70539363244132,0.00682234932934826,0.0210003982916843,"ENSG00000284882"
16.2132270960335,0.021475948292026,0.00793930260853833,2.70501697075127,0.00683008999924267,0.0210208988252008,"SIAH2-AS1"
1238.32166875127,0.00581726408013236,0.0021506598619428,2.70487406357104,0.00683302890951657,0.0210266168832474,"MYSM1"
584.854220308929,-0.00541202254472149,0.00200137254938155,-2.70415547889565,0.00684782395349111,0.0210688110913248,"RWDD4"
6.02372896477981,-0.0538464136516105,0.0199144908850117,-2.7038810061741,0.00685348270462502,0.0210828866183238,"CLEC12A"
216.487059122313,0.00997251247402314,0.00368835523846256,2.70378307654011,0.00685550271772441,0.0210857658700913,"PLA2G4B"
252.112620090108,0.010310216377787,0.00381385265179633,2.70335991426697,0.006864237517393,0.0211092939052666,"GNG7"
159.525033571561,0.0461345807240398,0.0170690789393798,2.70281606218384,0.006875478246313,0.0211405196599801,"SDK2"
49.0834579406538,0.0203394343472118,0.00752688935372878,2.7022363942597,0.00688747744802384,0.0211740673054389,"ENSG00000289256"
62.865439645524,0.0181862404878436,0.00673107163984302,2.70183433796699,0.00689581111223194,0.0211963372225069,"PTPN23-DT"
93.8855944877932,0.0274968613577233,0.0101803021936572,2.70098675212755,0.00691340922186409,0.0212470726456752,"FAM66B"
3.50762885856835,0.0452923414865345,0.0167718484322022,2.70049790096914,0.00692357739149366,0.0212749611124713,"ECM1"
24.1573406322707,0.0201628551564985,0.00746675635121954,2.70034995225274,0.00692665739170105,0.0212810634853857,"LGALS4"
108.28986679611,-0.0247231566204181,0.00915577208672087,-2.70028091418696,0.00692809504906689,0.0212821188880922,"HSPA1A"
9.73427013744949,0.0335779420600122,0.0124353764298731,2.70019506440907,0.00692988316953429,0.0212842503601155,"ENSG00000271185"
122.263240135863,0.0169470367086519,0.00627686563307988,2.69992026264491,0.00693560966054502,0.021298475451099,"ENSG00000280441"
60.1518553781474,-0.0144055281738675,0.00533587970250022,-2.69974755373842,0.00693921085162084,0.0213061705248425,"ATP2A1-AS1"
60.0647633379248,0.0146297517852761,0.00542042739569617,2.69900336584014,0.00695474729438478,0.0213505034127333,"GVQW3"
595.532109573495,-0.00935839823089461,0.00346748937739878,-2.6988974477883,0.00695696108819573,0.0213539293240485,"SQOR"
266.786818694303,0.00893222555756552,0.00331096493313108,2.6977711144523,0.00698054177057159,0.0214229280497614,"SFT2D3"
1313.44328669775,-0.00807555146234063,0.00299362864091875,-2.69757957014409,0.00698455903703479,0.0214318753477463,"NFAT5"
3657.23435386977,-0.0175243838513315,0.0064990635910483,-2.69644751214148,0.00700834416377193,0.021501467244405,"KANSL1"
309.271322263803,0.00686207350365902,0.00254516375405846,2.69612259435839,0.00701518427714142,0.021519058409506,"TARS2"
320.281994039883,-0.00618034365405414,0.00229274333251046,-2.69561078487007,0.00702597096290934,0.0215487482181567,"GAN"
545.293667063732,0.00903979121012289,0.00335438201786573,2.69492000671843,0.00704055313529571,0.0215880304331864,"C6orf120"
2794.013600677,-0.00592792469215351,0.00219968350013993,-2.69489892149322,0.00704099866681067,0.0215880304331864,"APEX1"
1227.68303243833,-0.00965883489867376,0.00358595659359887,-2.69351695888213,0.00707025484825177,0.02167431474442,"COG3"
405.563937882364,-0.00790792263497083,0.00293638578676034,-2.69308027256714,0.00707952217631287,0.0216993044203375,"RAD1"
28.1560039360715,0.0224441722685958,0.00833471520830229,2.69285412970547,0.00708432565037155,0.0217106063061883,"RFPL3S"
67.054291703463,-0.0174777131797287,0.00649083291329973,-2.69267648900911,0.00708810094754254,0.0217187541793714,"LINC00115"
1332.76782057557,0.0055437683973657,0.00205890058436644,2.69258673267686,0.00709000917491305,0.0217211794709771,"AKR1B1"
429.043180223256,-0.00585912365625315,0.00217615880387285,-2.69241548265036,0.0070936512448335,0.0217289150178357,"ZNF740"
37.5071673268506,0.0209703404527229,0.00779078847887099,2.69168396877871,0.00710922767846422,0.0217731991141249,"LINC00963"
54.6873447524214,0.0312490366003148,0.0116114031833722,2.69123689073721,0.00711876261178327,0.0217989690745901,"SIRPD"
2803.9066845915,-0.00585763800327323,0.00217737381097458,-2.69023076044595,0.00714026258107642,0.021861364310486,"SRP72"
1668.03462956512,-0.0111081573984037,0.00412919601283082,-2.69015018029827,0.00714198701455461,0.0218632026156912,"ATOSA"
12.9369813962636,0.0418520964694996,0.0155580615458419,2.69005854914394,0.00714394839636407,0.0218657655794929,"ARHGAP8"
1125.48340983743,0.00448422274280181,0.00166706634116815,2.68988859775048,0.00714758751753977,0.0218723698373862,"OARD1"
2182.35704864813,0.00742569773314974,0.00276063353424581,2.68985276061946,0.0071483551003169,0.0218723698373862,"SLC16A7"
61.2294291716775,-0.0167639749032808,0.00623269489925819,-2.68968322278634,0.00715198737409148,0.0218741367684981,"CASZ1"
71.6211069442092,0.0152094632325976,0.00565477274791093,2.68966834046806,0.00715230630032634,0.0218741367684981,"SHF"
1494.54218948402,0.0061149618828462,0.00227342415482516,2.68975847286028,0.00715037496979737,0.0218741367684981,"PRKCSH"
57.4863428323352,0.0142714316929454,0.00530775619352147,2.68878810039633,0.00717119245915784,0.0219250022827851,"ENSG00000282772"
670.267756301976,-0.00710946863278498,0.00264409085441312,-2.68881404771659,0.00717063510177357,0.0219250022827851,"SPNS1"
353.732952366934,-0.00628427384839725,0.00233729721632555,-2.68869265085452,0.00717324308286795,0.0219278251147044,"VPS11"
537.850242459083,-0.00618038075373246,0.0022987161891538,-2.68862279862725,0.007174744111218,0.0219289672701605,"CARS1"
10.5526700850442,0.0269785922686788,0.0100379157758932,2.68766872237262,0.00719527414072681,0.0219882603788338,"RWDD3-DT"
450.956890533696,-0.0107716081774098,0.00400801854521369,-2.6875145551093,0.00719859649079277,0.0219949576409692,"MEF2D"
206.589797436342,0.0185540296000818,0.00690478519466036,2.68712625766116,0.00720697051759295,0.022017085525004,"TMTC2"
3187.0686099114,-0.0203232251406326,0.00756346101458435,-2.68702715614506,0.00720910914190046,0.0220201604772465,"CDK6"
599.599775775239,-0.00555774984176933,0.0020690148449177,-2.68618171368916,0.00722737707520642,0.0220662634080779,"POLR2D"
166.390083916116,0.0115622952862464,0.00430432891956592,2.68620161291307,0.00722694662492271,0.0220662634080779,"PSMG3-AS1"
2.94668048482021,-0.0469056797143532,0.0174619104360737,-2.68617113150764,0.00722760599315533,0.0220662634080779,"CCL27"
4.8008683038521,0.03764648515042,0.014016089704492,2.68594778887258,0.0072324389478604,0.0220775533544935,"ENSG00000276317"
80.3871206220527,0.0150132056683154,0.00559002470717598,2.68571365150547,0.007237508605633,0.0220895621980492,"ENSG00000269802"
3.49151951239026,0.0440999579789541,0.0164218856496619,2.68543813541059,0.00724347830025927,0.0221043138403425,"COL7A1"
873.103024474229,0.0219573126908751,0.00817675742657494,2.68533252796671,0.00724576770150929,0.0221078317744403,"CLN8-AS1"
2117.69207095739,-0.00762539404662761,0.002840381907753,-2.68463688837533,0.00726086429359614,0.0221504189734533,"SLC12A6"
129.096475469394,0.0202928798286602,0.00755977107456989,2.68432464799402,0.00726764962760273,0.0221676419800064,"ENSG00000272688"
487.723157462716,-0.0110510489702794,0.00411705279319667,-2.68421356863361,0.00727006487864299,0.0221715321346009,"TRAFD1"
185.912379815321,-0.00814312701128141,0.00303388967923553,-2.68405508183584,0.00727351217897039,0.0221785680189925,"TFE3"
182.977471093266,0.0179190631029766,0.00667732368946285,2.68356963602854,0.00728408040524535,0.0222003522347896,"ENSG00000289015"
241.6425575745,-0.0184727597026881,0.00688362708038852,-2.68357938147421,0.00728386811001135,0.0222003522347896,"ENSG00000247134"
387.468016415446,0.00885409693882083,0.00329927012934329,2.68365322986851,0.0072822595736442,0.0222003522347896,"ZNF641"
959.082268495763,-0.0100323352479906,0.00373869879283006,-2.68337617013444,0.00728829602444847,0.0222097205031407,"FOCAD"
927.398988648057,-0.00609907299560088,0.00227313261365637,-2.68311358473294,0.00729402125887916,0.02222368538635,"DCTN2"
3.47912884138315,0.0452011628153475,0.0168469319148166,2.68305012710319,0.00729540545141182,0.022224348152582,"ENSG00000290790"
56.3147151915345,0.0148390548336213,0.00553098784097696,2.68289413397087,0.00729880911000433,0.022224348152582,"ENSG00000287377"
395.407133480892,-0.00737687395795133,0.00274957620176746,-2.68291308064472,0.00729839563112434,0.022224348152582,"TMEM199"
160.755022883928,-0.00895580123097161,0.00333808274499141,-2.68291768513205,0.00729829514920687,0.022224348152582,"TIMM8A"
631.971403770534,-0.018358012947916,0.00684728873139099,-2.68106307008127,0.00733886826910431,0.022342827782493,"LGALS9"
8.08730556944815,0.0302525730303447,0.0112859588204594,2.68054965569272,0.00735013586100369,0.0223736295199347,"ENSG00000287654"
60.0104177578945,0.0154341828377537,0.0057581368315804,2.68041265589681,0.00735314513386427,0.0223792874352674,"TGFB3"
745.920347556461,-0.00962618706995789,0.0035915402040411,-2.6802392631236,0.00735695538239057,0.022387380967284,"GNG10"
4069.6306291149,-0.00709159495440752,0.00264606192873205,-2.68005630458002,0.00736097775598062,0.0223961173676801,"ARF1"
425.779941931834,-0.0101719948171777,0.00379581631043183,-2.67979111350108,0.00736681152769865,0.0224103614365446,"AIFM1"
6457.80743132481,-0.0150313847024894,0.00560934655392503,-2.67970334119782,0.00736874328874552,0.0224127327145253,"ARL4C"
8.61743740775493,0.0322975870538551,0.012053532814351,2.67951210249343,0.00737295379248752,0.022422033179749,"COL28A1"
175.107720768098,-0.0140760597630542,0.00525383466821086,-2.67919732004959,0.00737988905970125,0.0224396157730575,"REC8"
241.537007298735,-0.00972389048987566,0.00362948716333085,-2.67913621189167,0.00738123606892237,0.0224402036224772,"AMPD3"
15.7520263537839,0.0270403236278636,0.0100931717452213,2.67907099080782,0.00738267398282381,0.0224410676105494,"ENSG00000289959"
58.803375985065,0.0390308684754604,0.0145741694959372,2.67808525805474,0.00740443681980298,0.0225037032159356,"MUC20"
457.306418077205,-0.00905406906180726,0.00338138866727883,-2.67761856228539,0.00741476050578254,0.0225280391437014,"MYD88"
37.3634163357112,0.0216665930135649,0.00809172311411277,2.67762412381316,0.00741463740434061,0.0225280391437014,"ENSG00000274929"
7.55790868691588,0.0384190206483206,0.0143488524725132,2.67749778053099,0.00741743439755757,0.0225326435213013,"LRRC9"
8.82488559030419,-0.0310940586537221,0.0116182919097266,-2.67630206706124,0.00744395205277232,0.02260966761063,"ENSG00000271820"
312.525107954057,0.00662350020728093,0.00247625955258022,2.67480046684902,0.00747737385878232,0.0227076344929235,"RGP1"
5.70848595296544,0.037976299865801,0.0141987884678902,2.67461551044883,0.00748149981319802,0.0227166176813167,"ENSG00000286671"
1938.81935852621,0.01426995209796,0.00533587362882754,2.67434221471538,0.00748760015348816,0.0227315921001246,"BEX2"
1477.49039656496,-0.00586291771541566,0.0021924643688043,-2.6741222337917,0.00749251367303582,0.0227429593405462,"NSMAF"
12.9138312926565,0.0312625596966724,0.0116946003843,2.67324736795986,0.00751208340677564,0.0227988039234191,"DNMT3B"
537.320545708043,-0.0107192069873519,0.00401003815875269,-2.67309351257795,0.00751552970830217,0.0228057048917606,"YIF1A"
770.976019326443,0.00672395223114536,0.00251588446100759,2.67259976972571,0.00752659893585492,0.0228357316957283,"DMAC2L"
51.535306840111,0.0228301473902633,0.00854316823452604,2.67232796587084,0.00753269874686207,0.0228501915685209,"ENO1-AS1"
890.587760558461,0.0105366284582416,0.00394300896121682,2.67223041131257,0.00753488914300001,0.0228501915685209,"PDLIM2"
1433.47294722001,0.00645911967192808,0.002417122454098,2.67223518650338,0.00753478191217086,0.0228501915685209,"STYX"
2177.6561084989,-0.00831766088211118,0.00311330552502331,-2.67164941418619,0.00754794612612324,0.0228812347006759,"GRK6"
35.514245342447,0.0172307503346003,0.00644946871246669,2.67165422498967,0.00754783792775168,0.0228812347006759,"ENSG00000287127"
60.0871891371873,0.0220186935069595,0.00824170755469173,2.67161790937668,0.0075486547259389,0.0228812347006759,"ENSG00000290848"
1057.76800643521,0.00752399760855197,0.00281687485209811,2.6710443323202,0.00756156593743558,0.022916799477884,"PSMD12"
2281.58285236042,-0.00714127493648349,0.00267382123588327,-2.67081240908929,0.00756679214506318,0.0229290659002374,"RFX7"
16.6431948904839,0.0241632403555696,0.00904733451359847,2.67075792535927,0.00756802036273202,0.0229292155880842,"ENSG00000290646"
8.95992088113642,-0.0260606107549495,0.00975867391681205,-2.67050738421056,0.00757367057123893,0.0229427606729744,"A2ML1-AS1"
1.90783745433204,0.081839462637478,0.0306482017222143,2.67028595606506,0.00757866737074755,0.022954322489631,"CAVIN1"
290.776398773157,0.0116102817313516,0.00434818074865469,2.67014698847184,0.00758180485539615,0.0229566759405838,"PRPF40B"
559.558036044067,0.0115222929435319,0.00431518311831319,2.67017473595325,0.00758117830482721,0.0229566759405838,"ZNF75D"
20.5584314003522,0.0196905900417588,0.00737516492135928,2.66985081035038,0.00758849558310185,0.0229733583792863,"ENSG00000273271"
135.041247443849,-0.0108236429452835,0.00405455947871163,-2.66949911626966,0.00759644730250906,0.0229912036574697,"AHDC1"
423.122763693908,0.0063849962442385,0.00239184521748589,2.669485549299,0.00759675419806477,0.0229912036574697,"ZDHHC13"
326.139229502209,0.00872250792215858,0.0032680849717929,2.66899667464073,0.00760782034680398,0.0230211128758065,"OSGEPL1"
164.040576257525,-0.0110784260415517,0.00415096505238218,-2.66887962238901,0.00761047208052802,0.0230255548978613,"FASTKD3"
1627.91568958877,0.00927730297411451,0.00347644853581476,2.66861507614415,0.00761646823614229,0.0230401125445107,"ZHX2"
1778.08207166613,-0.0127772114278113,0.0047889468450241,-2.66806290428705,0.00762899730652571,0.0230744249120248,"NCOA7"
28.610948433849,0.0287898215474717,0.0107937024021274,2.66727953716766,0.00764680401704074,0.0231210920154608,"ENSG00000236358"
132.732757794165,0.0114437667228126,0.00429042548380952,2.66728014878645,0.00764679009982028,0.0231210920154608,"ZNF596"
13.2572898093937,0.0597096177441976,0.0223869997674526,2.66715586565586,0.00764961859540906,0.0231260073514613,"FAM149A"
31.0466099634186,0.0202849306575159,0.00760573631456706,2.6670567869497,0.00765187414827873,0.023129231399871,"CDK13-DT"
6.59620760903669,-0.0537007946759022,0.0201366663748316,-2.6668165264446,0.00765734621771295,0.0231421754631347,"RETN"
460.312192893407,-0.00876130527785761,0.00328629227005368,-2.66601524085212,0.00767562131642247,0.0231938030488944,"ZC3H3"
6671.56996569615,0.00566154720892631,0.00212462518194882,2.66472752795541,0.00770507237152132,0.0232791802886706,"SERP1"
239.915459307197,-0.0147182694760726,0.0055240114955566,-2.66441688036161,0.00771219228296084,0.0232970728522863,"BOLA2B"
1107.46355011336,-0.00588379176913568,0.00220838364151859,-2.66429784142473,0.00771492216723515,0.0233017004774675,"POM121"
15.7031834218713,0.031459754197185,0.0118089488455949,2.66406050263488,0.00772036757120594,0.0233145271894934,"ENSG00000224356"
137.196849032142,0.0108357327389059,0.00406835409682465,2.6634192798909,0.00773509675088885,0.0233524620124602,"ENSG00000286753"
5.38701343121943,0.0426649444111521,0.0160189225829834,2.66340911444782,0.00773533045839707,0.0233524620124602,"ENSG00000289182"
9720.72799684544,-0.0065419349251907,0.00245647448428884,-2.66313978306379,0.00774152479735341,0.0233675355110678,"MIF"
6036.40766938621,0.0127529026314858,0.00478938247662397,2.66274466358245,0.00775062017422335,0.0233913596600184,"PCED1B"
991.541765199465,-0.00564756868425358,0.00212130155101795,-2.66231299437058,0.00776056784462957,0.0234177482385805,"NOL10"
81.0149417300052,0.0130022227352705,0.00488682868263217,2.66066677996725,0.0077986093859202,0.0235288895867122,"TCF19"
998.466446808065,0.010371179511865,0.00389862378015541,2.66021552647781,0.00780906631027318,0.0235567848636978,"ZNF302"
22.5009520112896,0.0173566347512536,0.00652472722931076,2.66013185551775,0.00781100660247386,0.0235589842494525,"TBC1D30"
775.942055914631,-0.00601957736155349,0.0022630397300658,-2.65995213498901,0.00781517570159122,0.0235679042746745,"HMG20A"
221.600234371118,-0.00886764372935429,0.0033343816999228,-2.65945669314332,0.00782667912761784,0.0235989359341644,"ESS2"
824.028233309123,-0.0047857854849046,0.00179965351869513,-2.6592815979237,0.00783074820573549,0.023607545466485,"SART1"
4811.83658404845,-0.00380673541874109,0.00143154674517113,-2.65917646879636,0.00783319223619197,0.0236112540192422,"TCEA1"
26.7925478274335,0.023879265851154,0.00898108181119341,2.65884070016961,0.00784100272587682,0.0236274913753774,"ENSG00000290056"
305.606469148548,-0.0092623933439541,0.00348362134350876,-2.65884045096154,0.00784100852542599,0.0236274913753774,"SLC25A17"
824.909548972708,0.0326443346361648,0.0122781488463257,2.65873423141745,0.00784348080767207,0.0236281060214628,"SGO1-AS1"
756.772236174666,0.0131617629247292,0.00495049687929819,2.65867512810049,0.00784485675217761,0.0236281060214628,"ALPK1"
539.357272090785,-0.00871181684870479,0.0032767211006745,-2.65869952951183,0.0078442886531529,0.0236281060214628,"ASCC1"
861.36355960864,-0.0293161499433007,0.0110268714731439,-2.65860992528122,0.00784637494594054,0.023629019828687,"NOG"
1746.55377107671,-0.00405169150897706,0.00152403079179553,-2.65853651434665,0.00784808457387224,0.0236305097595029,"DNAJC7"
407.474921453119,-0.0126056460297609,0.00474174186187858,-2.65844206558449,0.00785028463134787,0.0236334756793604,"WDR18"
11.7967274054046,0.044034713758989,0.0165662579939603,2.65809658252595,0.00785833690413441,0.0236540561934878,"UNC13B"
183.950885232987,0.0230428637827977,0.00866945530504008,2.65793674135461,0.00786206487100178,0.0236616159377774,"MBOAT1"
10.3445208423622,0.0323001814497206,0.0121537801014738,2.65762430947749,0.00786935627750641,0.0236798961871561,"PDE2A"
10.8150357075538,-0.0445221880658291,0.0167546443972818,-2.65730426800656,0.0078768315534514,0.0236987239823949,"ENSG00000259986"
8.81033712657801,0.0306333985359819,0.0115308726441241,2.65664182420679,0.00789232460440797,0.023737938009058,"ENSG00000287315"
94.8878919077206,0.0226759390909846,0.00853562410832302,2.65662344114633,0.0078927549312714,0.023737938009058,"ENSG00000289379"
264.71993956817,-0.00951917383311054,0.00358322966497963,-2.65659048487607,0.00789352645327166,0.023737938009058,"STEEP1"
2463.86509934725,-0.00623716120933324,0.00234823639179774,-2.65610448382424,0.00790491181551158,0.023768502044136,"POLD4"
12.387368430402,-0.0321258789652961,0.012096574687353,-2.65578312833333,0.00791244816477011,0.0237874852013823,"ARHGAP39"
301.590707013694,0.011854619734274,0.0044640218132276,2.65559180269839,0.00791693814173171,0.0237973054852146,"LRRC14"
871.739543913673,-0.00794624755823397,0.00299285326845286,-2.65507422030809,0.00792909606082491,0.0238301680282919,"TSN"
1843.75480108514,0.0134501036538174,0.00506659364368508,2.65466398130851,0.00793874437915858,0.0238554792088697,"ANKRD36B"
41.3469829432459,0.0182126297372729,0.00686406812621615,2.65332881352282,0.00797021872834696,0.0239463584314298,"ENSG00000286488"
3.49086731857833,-0.0493876549753514,0.0186159594528513,-2.65297392274814,0.00797860346219308,0.0239678480221031,"ENSG00000288526"
14.3986608149588,0.0219389573682429,0.00827098941640331,2.65251909580888,0.00798936085984403,0.023996457394198,"HSD17B6"
10.115467485545,-0.0313029076684239,0.0118018687546895,-2.65236873236584,0.00799292005561185,0.0240034410995378,"MLIP"
1.74866511791043,-0.0858880790966005,0.0323837126296872,-2.65219989069024,0.00799691833479759,0.0240117410512732,"ENSG00000232891"
432.917981658877,-0.00672969717248797,0.00253756040484662,-2.65203427655734,0.00800084192351252,0.0240161074466423,"KMT2D"
68.5801271596661,0.0223317544843368,0.00842059539764793,2.65203984157397,0.00800071005390418,0.0240161074466423,"ABHD4"
420.653556209006,-0.00934534880746814,0.00352418568516988,-2.65177537233475,0.00800697911522441,0.0240308209798226,"TADA1"
3.96750730206098,0.0432520580105918,0.0163164537616183,2.65082466095268,0.00802955141572255,0.0240948479770471,"MAP3K5-AS1"
280.540516265674,-0.00686255596640003,0.00258893503707064,-2.6507254404363,0.00803191044279456,0.0240982091659412,"MMAA"
142.785798693437,0.015799324556891,0.00596094397517624,2.65047358651343,0.00803790120722134,0.0241124639700281,"ENSG00000289177"
928.136701872379,-0.00832354101567809,0.00314047578476874,-2.65040764079352,0.00803947049661805,0.0241134526799873,"COIL"
880.467230662428,-0.00875864132833516,0.00330479070144776,-2.65028624187855,0.0080423601054401,0.0241184006183958,"WASL"
4.31099152648573,0.0490361152482689,0.0185027074488922,2.65021296930275,0.00804410463262559,0.0241199135515955,"FGF12"
10.7484274750323,0.0260172133361885,0.00981930904657782,2.64959715727207,0.00805877973133808,0.0241601918240223,"TMEM123-DT"
472.431050618581,0.0123214007358884,0.0046505384174883,2.64945682193569,0.00806212734193387,0.0241665031480899,"TNFRSF10B"
135.992068755512,0.0142866812350996,0.00539500328068312,2.64813207551759,0.008093789727749,0.0242569030797199,"LINC01011"
813.620072250831,-0.00868379660829957,0.00327926701865326,-2.64809073457698,0.00809477959438907,0.0242569030797199,"STAT5A"
404.55863774273,-0.0107749166391732,0.00406968612779813,-2.64760384482104,0.00810644582966241,0.0242881204301854,"MTRF1L"
50.7395472597376,0.0149942948227807,0.00566375582828524,2.6474119431311,0.00811104806828208,0.0242981666373256,"PDLIM7"
81.4763432059576,0.0206278498901893,0.00779186535387477,2.64735707733084,0.00811236430472404,0.0242983674301182,"POU2F2-AS1"
61.6762160096239,0.0111350470230854,0.00420676468908074,2.64693840660687,0.0081224145582098,0.0243247244914148,"FLJ40194"
825.713519861876,-0.0121378715903877,0.00458604631583452,-2.64669625085961,0.00812823262930033,0.0243384009963856,"PPM1A"
50.7856504316072,0.0128451838212369,0.00485346487993467,2.64660075616119,0.00813052802496383,0.0243415269529893,"CCDC39"
50.4776484142647,0.0297198474990076,0.0112305959348562,2.64632862507025,0.00813707239333208,0.0243573707483383,"HFM1"
2.38349815043408,0.0531853185239157,0.0201014414276448,2.64584600638499,0.00814869028778495,0.0243883943356986,"GNRHR"
120.299751230336,0.0181005116140744,0.00684209408742593,2.64546371078683,0.00815790367902254,0.0244122129939488,"PPP1R3B"
47.5266848909656,-0.0207821891844271,0.00785818198573294,-2.64465613320722,0.0081773970983675,0.0244630192187552,"DGUOK-AS1"
9.48566696347311,0.0261558236736911,0.00988992792549041,2.64469305244145,0.00817650502824356,0.0244630192187552,"ENSG00000246250"
19694.8246574636,-0.00991943333703835,0.00375124353497292,-2.64430534689611,0.00818587740597528,0.0244846227008496,"RIPOR2"
1978.55048655533,-0.00496523343217185,0.00187807501982666,-2.6437886558068,0.00819838281948182,0.0245182571066637,"ANKIB1"
8.32702038049859,0.0479917189804998,0.0181532185413612,2.64370303652508,0.00820045670334385,0.0245206892139495,"GBP1P1"
593.341339064648,0.00563724276578871,0.00213261331898865,2.6433496947595,0.00820902037147678,0.0245425230933899,"FAM98C"
7.83123669410243,0.0373292463688001,0.0141257605041984,2.64263622179529,0.00822633665719989,0.0245905139571531,"ENSG00000289864"
1453.92425663983,-0.0120663497391756,0.00456624540438072,-2.64251013044534,0.0082294003433022,0.024595892144679,"DCTN4"
991.112371024481,-0.00385730656359918,0.00145988490674209,-2.64219908417797,0.00823696231079649,0.0246147110012756,"SHARPIN"
85.6478988511295,-0.0281287657105927,0.0106475737529643,-2.64180050434134,0.00824666142974677,0.0246399095960068,"HOXB4"
362.136120746779,0.00778069348788195,0.00294564349887399,2.64142401850605,0.00825583229315222,0.024663522336677,"XPNPEP1"
94.486218874059,-0.0107321365714736,0.00406395117372781,-2.64081336430752,0.00827072669769301,0.0247007163347115,"ZFP69"
229.756211943667,-0.0100807008145684,0.00381727686943752,-2.64080944593725,0.00827082234784719,0.0247007163347115,"SPATA5L1"
40.6529726568531,-0.0425449538143924,0.0161118850271968,-2.64059442719314,0.00827607262310989,0.024712601871678,"COL5A2"
18.3353482374251,0.0209661179783169,0.00794036025085538,2.640449213379,0.00827962010543425,0.0247193999494707,"CKMT2"
1066.28771872235,-0.00810515494249926,0.00307008910122809,-2.64003899406602,0.00828964885727849,0.024745543266256,"TSG101"
288.743845566891,0.00958990198322076,0.00363275647366844,2.63984168846217,0.00829447631496243,0.0247561544886197,"ZNF566"
25.2417588912217,0.0199630898544098,0.00756322370714443,2.63949482752336,0.00830296902682733,0.0247777002977629,"ENSG00000289943"
29.5741840370039,0.0214734047258903,0.0081359342287436,2.63932870180126,0.00830703928441291,0.0247860440437361,"AXDND1"
862.618422700863,0.00521424895122172,0.00197585676225269,2.63898125149361,0.00831555795962466,0.0248076561154385,"LIPA"
192.767891481856,-0.0163255946237289,0.00618796322437911,-2.63828242537219,0.00833271522527954,0.0248550289598087,"TEX30"
371.851816921077,0.00684978903925133,0.0025963946391252,2.63819256750554,0.00833492367164909,0.0248578044062015,"IFFO1"
101.71783951312,-0.0179615495210294,0.00680916305944612,-2.63784981564099,0.00834335232935689,0.0248782369181076,"C2orf74-DT"
75.4489097740988,-0.0118344716488551,0.00448647620939356,-2.63780996410427,0.00834433281855606,0.0248782369181076,"TTLL4"
455.686403746542,-0.00658997120162037,0.0024986021420705,-2.63746320018741,0.00835286879283719,0.0248998698681189,"DDI2"
1203.50118233036,-0.00415482431214674,0.00157540688848206,-2.63730236456565,0.0083568305891785,0.0249047181930388,"TSNAX"
79.2238972058493,0.0178940644799617,0.00678501137637545,2.63729321696741,0.00835705596863731,0.0249047181930388,"ENSG00000291180"
284.024091544482,0.0118540414506617,0.00449560734278048,2.63680534059501,0.00836908419753756,0.0249367427583185,"KIF9"
8159.99768964998,-0.0103479834429163,0.0039248277180365,-2.63654462980941,0.00837551817462203,0.0249520912872681,"FCMR"
447.058474622318,0.00557761755999506,0.00211622245430277,2.63564803816086,0.00839767858593345,0.0250142796592636,"NCAPH2"
412.319842583607,0.00760081509969236,0.00288393087681245,2.63557464598229,0.00839949488771647,0.025015858989584,"MDM1"
46.8816093054611,0.0165276608070125,0.00627117331591611,2.63549737416213,0.00840140758216905,0.0250177248745821,"RIBC1"
141.018773569433,-0.0217445502224289,0.00825242717311769,-2.63492785410598,0.00841551682307656,0.0250559035245159,"ACVR2B"
1434.36357583859,-0.0118944168121731,0.00451496500104044,-2.63444274970728,0.00842755146729313,0.0250878946419221,"ATG14"
409.423515897159,-0.0289855058603568,0.0110046932874152,-2.63392219149843,0.0084404827809415,0.025122544846533,"PTPRM"
966.726092344079,0.00688999335976228,0.00261649022890521,2.63329604049207,0.00845606065881254,0.0251650605683235,"ANGEL2"
102.54104691109,0.0297131331006369,0.0112844502776452,2.6331041716316,0.008460839267227,0.0251754297975879,"CABP4"
7.83189825636856,0.0373486951045659,0.0141876605434245,2.63247735525191,0.00847646733923522,0.0252180737558067,"ANKRD7"
5.53607142120086,0.0376001431793735,0.0142852799543198,2.63209004650996,0.00848613679571677,0.0252429800907611,"ENSG00000287863"
168.770207216619,-0.00897736015984152,0.00341098396769231,-2.63189749493755,0.00849094766156741,0.0252534285879431,"HCCS"
15.9278198849149,-0.021324601956674,0.00810273900779105,-2.63177697518946,0.00849396006625415,0.0252585257986102,"ENSG00000225313"
128.601588162075,-0.0155892185075162,0.00592515569862701,-2.6310225925588,0.00851283766718983,0.0253107926420834,"LINC01409"
9.78625328037579,0.0312270438303437,0.0118693447415452,2.6308987151618,0.00851594114703519,0.0253161502752532,"RBPMS"
39.596189663003,-0.0214005005684667,0.00813644459503728,-2.6302029490276,0.00853339086553018,0.025364148185426,"ECT2"
1281.01044282967,0.00698465432720259,0.00265623973562306,2.62952708429544,0.00855037206320262,0.0254107390376401,"LINC01138"
206.849284099048,0.00897273061626319,0.00341293451305979,2.62903685433416,0.00856270805879136,0.0254435127484801,"NFS1"
2575.7503073451,-0.00799994072885666,0.00304346448301908,-2.62856385329682,0.00857462559127656,0.0254750332023706,"CRTC3"
3.65990064092288,0.0396174351507208,0.015072915076662,2.62838574683289,0.00857911692747318,0.0254844843244168,"LINC00449"
199.509216794258,-0.0238125159491846,0.00906222071252533,-2.62766894611959,0.00859721386567176,0.0255343421745582,"ADGRE1"
28.4769791573513,0.0189631639228718,0.00721744468951363,2.62740689241772,0.0086038384018419,0.0255501161456835,"ENSG00000288856"
955.008618636236,-0.00667202413147393,0.0025403210107892,-2.62644921769204,0.00862808658165156,0.0256182128071599,"HTT"
435.856880088056,-0.00530646092853715,0.00202061350283462,-2.62616325244436,0.00863533901276818,0.0256358332016718,"RRAGB"
3.11922663500962,-0.0539166908982212,0.0205315933089034,-2.62603540246633,0.00863858320808294,0.0256376383857829,"NR5A2"
13.2872093305353,0.0285279426779251,0.010863309373742,2.62608213542006,0.00863739723229908,0.0256376383857829,"RASSF4"
283.605628758845,-0.0120925317980754,0.00460549759622444,-2.62567324060462,0.00864777898607031,0.0256610143490547,"POLR1B"
398.887126700093,-0.008264473309587,0.00314844650755767,-2.62493686640335,0.00866650350586003,0.0257126540104459,"HSPBP1"
544.971068187926,0.0205122937102454,0.00781495478491216,2.62474886609033,0.00867128977990527,0.0257229308386362,"THOC3"
2153.77942958166,-0.00668368133834047,0.00254667373977586,-2.62447491170531,0.00867826857651623,0.0257397075452603,"SPCS2"
459.847067641883,-0.017977729445053,0.00685180122072648,-2.62379611811723,0.00869558200212694,0.0257871269283993,"FANCC"
132.621775289306,-0.0102524902133567,0.00390800009538312,-2.62346211952987,0.00870411235357138,0.0258045556148936,"HNRNPK-AS1"
20.2811370220842,0.0258277622406476,0.00984488154982312,2.62347110119487,0.00870388286329124,0.0258045556148936,"ENSG00000269392"
39.2189827172291,-0.0234455306791996,0.00893819801855568,-2.62307129809909,0.00871410345988755,0.0258302387074479,"ENSG00000289196"
303.977330780508,0.0072135872337846,0.00275025007957963,2.62288411055594,0.008718892421742,0.0258404961900509,"BBS4"
6.63237719331798,0.043394046927065,0.016545357228785,2.62273254829275,0.00872277167782947,0.0258480548302043,"ENSG00000273374"
5.76837040825168,0.0380726206915707,0.0145169308760554,2.62263566704506,0.00872525217413465,0.0258514668757187,"LUCAT1"
21.7739355471328,0.0251021862323864,0.00957163840272224,2.62255897853884,0.00872721611310129,0.0258533476417809,"ENSG00000273320"
16.8389339141144,0.152372614863178,0.0581021935281642,2.62249332788646,0.0087288976941887,0.0258543915105321,"ZFP57"
5.68668604094831,0.0347761265038381,0.0132616169285255,2.62231420883793,0.00873348713667217,0.0258640466345022,"RNPC3-DT"
2614.10955860342,0.00404038339164083,0.00154083869037348,2.62219751936622,0.00873647814947713,0.025867950356091,"ACBD6"
3482.64019831317,-0.00598259016406406,0.00228155123794833,-2.62215902257969,0.00873746510922411,0.025867950356091,"FGD3"
221.674206075254,-0.0142079354971728,0.00541870603769531,-2.62201628919065,0.0087411253000802,0.0258748483049551,"MIS18A"
15.1591423787988,0.0244386400777437,0.009323386512084,2.62121923681581,0.00876158975237923,0.0259235902454409,"ENSG00000289567"
1153.22883052533,-0.00597433337018673,0.00227914073195213,-2.6213095516351,0.00875926875570179,0.0259235902454409,"NR2C2"
17.3597586970741,-0.0238324958390497,0.00909198628163402,-2.62126394616232,0.00876044070011872,0.0259235902454409,"BRSK1"
140.310428949313,0.0198231154221737,0.00756270758699824,2.62116645316996,0.0087629464914627,0.0259236611719302,"THAP7-AS1"
127.747606689725,0.0181014738601015,0.00690611933100102,2.62107748107471,0.00876523383530484,0.0259264846913799,"FHL3"
32.9571270665498,0.0212979381454761,0.0081264697708799,2.62081060361467,0.00877209806915092,0.0259428431721232,"ENSG00000289618"
152.458803983077,-0.0499101485537244,0.0190441939207297,-2.62075406086875,0.00877355299589085,0.0259432014781199,"IFIT3"
223.602407285967,-0.0125980668865042,0.00480777894673846,-2.62035069125851,0.00878393853738492,0.0259699632908761,"ZNF614"
874.886359647715,-0.00455774014314712,0.00173949175984642,-2.62015621364572,0.00878894966836488,0.0259808297871376,"HDAC3"
1334.64636438454,0.00604724110943805,0.00230837302635733,2.61969839379935,0.00880075645988398,0.0260117784381102,"PPP1R21"
9.17399541475683,0.0594105322528623,0.0226837016237668,2.6190845408853,0.00881660945193708,0.0260546749391717,"UACA"
115.000669406288,0.0528339288605306,0.0201799579602213,2.61813869804272,0.00884108615783974,0.0261230391700047,"PI16"
1909.30442170155,-0.00548605420114587,0.00209558507958742,-2.61791050842276,0.00884700037534193,0.0261365437880887,"RTF2"
716.107950237212,-0.00982590382129253,0.00375389111293229,-2.61752499624774,0.00885700010784623,0.0261621122395925,"RYBP"
1455.16869414359,-0.00644412598775375,0.00246228160362175,-2.61713606529616,0.00886709874981304,0.0261879650444296,"IPO7"
828.233871950851,0.0120999279534694,0.00462454721658009,2.61645678739927,0.00888476095945985,0.0262361447430475,"BORCS5"
648.482760340177,-0.00722958009705103,0.00276351169373448,-2.61608449620176,0.00889445439572337,0.02626078209642,"UTP14A"
749.768671501919,-0.0118374366173767,0.00452571611808043,-2.61559415317405,0.00890723599042668,0.0262945283426604,"LYSMD2"
885.5742645766,-0.00786716619987983,0.00300785318244973,-2.61554195722826,0.00890859752897693,0.0262945569857557,"AAMP"
6.57832461561533,0.0360324633314034,0.0137767143064682,2.61546131609089,0.00891070142979023,0.0262967764392125,"UNC79"
2560.08058115851,-0.00592587890049137,0.0022658566833009,-2.61529290186992,0.00891509673287035,0.0263057564549547,"MDH2"
507.64026899545,-0.0054568807628685,0.002086820165975,-2.61492621733362,0.00892467322711723,0.0263260265302786,"R3HCC1"
1093.99785963984,-0.00401778319340477,0.00153646224733079,-2.61495731534221,0.00892386070146089,0.0263260265302786,"ARFGAP2"
2.59139983975125,0.0619149430982695,0.0236796927235788,2.61468524195073,0.0089309716479604,0.0263406109968882,"PCDHGA10"
78.8630693490511,0.0232546858246439,0.00889973170745981,2.61296481613616,0.00897605422399498,0.0264695619634515,"MCF2L2"
132.243424240075,-0.0206772365561994,0.00791632266923642,-2.61197495606806,0.00900208483052839,0.0265416158342378,"ENSG00000290044"
11.763823668305,0.0233028238646598,0.00892168109222339,2.61193194688071,0.00900321738081853,0.0265416158342378,"GRIN3A"
4.5233743434711,0.0439028754924127,0.0168097289499384,2.61175392078964,0.00900790665127848,0.0265514157105649,"SMIM38"
29.8039433731445,0.0209889484467208,0.0080372158804319,2.61147003626247,0.00901538878243018,0.0265694435162196,"ENSG00000286895"
1944.97806055461,-0.00389309175591615,0.0014908896007034,-2.61125421632788,0.00902108069890028,0.0265821906793379,"OTUB1"
998.882819834395,-0.0229604984318496,0.00879465920575482,-2.61073202436602,0.00903486598004869,0.0266179776183267,"SAMD9L"
11.7144265637843,-0.0261410335447888,0.0100130725393285,-2.61069051903042,0.00903596248078819,0.0266179776183267,"ENSG00000265625"
496.626057705387,0.00612932331030996,0.00234798892643971,2.61045665134543,0.00904214309062354,0.0266321510078314,"LIAS"
5.94681753196722,-0.0365716635413321,0.0140101125907201,-2.61037613399025,0.00904427186101258,0.026634387883203,"ZFP92"
28.6308811552282,0.0201012330264459,0.00770147071008418,2.61005122049296,0.00905286668308401,0.0266556630113029,"WNT10B"
240.235353527361,0.0105580994523104,0.00404546074136801,2.60986328314734,0.00905784145173411,0.0266662742663357,"ZNF709"
124.830446810105,0.017023991428418,0.00652414733282584,2.60938181802898,0.00907059714318243,0.0266991361535709,"MYL5"
137.548625734255,-0.0138107140511743,0.00529280304015135,-2.60933836880114,0.00907174905346512,0.0266991361535709,"H2BC15"
156.61140362744,0.0170142549182316,0.00652088006963031,2.60919611103907,0.00907552145392475,0.0267061978517837,"EPN2"
182.186201882802,0.00967756126997983,0.00370930335016931,2.60899698848791,0.0090808041507206,0.0267177010339837,"IFT172"
348.430103056087,0.017861710203748,0.00684668987180999,2.60880959093683,0.00908577829210745,0.0267282930368696,"ENSG00000288826"
657.76325803502,-0.0129026486188414,0.00494672632268929,-2.60832069072842,0.00909876674929057,0.0267584082310933,"UBE2D1"
13060.645769026,-0.00640193875694012,0.00245442747328471,-2.60832264412871,0.00909871482095752,0.0267584082310933,"GAPDH"
66.7720178537152,0.0182205589087031,0.00698592325569078,2.60818194558042,0.00910245576606347,0.0267652104468179,"MCF2"
3.85093555185798,0.0529558320131635,0.0203054570842453,2.60796059864375,0.00910834379972716,0.0267784757026138,"GALR2"
102.958527426821,0.0153685180656927,0.00589476098070647,2.60714863859515,0.00912997181331657,0.0268363897848307,"ENSG00000275202"
33.6184795095509,-0.0273095818424116,0.0104750099440969,-2.60711750997446,0.00913080189172842,0.0268363897848307,"PDZD4"
44.6701849209263,0.0150321231853192,0.00576661255241981,2.60675102561059,0.00914057966130658,0.0268610688913845,"MAP3K4-AS1"
165.203836011569,0.00878672733789768,0.00337090011869497,2.60664126153326,0.00914350997526024,0.0268656212279134,"MSANTD4"
265.172094189065,-0.0119708597400646,0.00459352397733613,-2.60602966243941,0.00915985287375074,0.0269095753280963,"ULK1"
8339.40356649974,-0.00530774085972879,0.00203699951394573,-2.60566623771428,0.00916957650468603,0.0269340731791978,"RASA2"
23.8830005006765,0.0165085519748763,0.00633776024679884,2.60479275517163,0.00919298470988961,0.0269987536753832,"PTOV1-AS1"
794.635154667802,-0.00707252335245873,0.00271631482636915,-2.60372004150655,0.0092218050122806,0.0270752195160559,"MCRS1"
3.87006315035543,0.0464487362969629,0.0178393673271912,2.60372105383831,0.00922177777627266,0.0270752195160559,"RNF222"
9.80750201154994,-0.104089075655248,0.0399809555214677,-2.60346643289598,0.00922863041923149,0.0270911696777047,"LINC02882"
34.5167816268885,0.0189848941668554,0.00729276460077984,2.60325064719973,0.00923444144195035,0.0271041376923761,"PRRT2"
523.056723630912,-0.00535901166758662,0.00205913620979168,-2.60255326583217,0.00925324398038135,0.027155227619553,"SEC23IP"
36.9770229061015,0.0209810026838389,0.00806208620975445,2.60242847049361,0.00925661226768134,0.0271610145148091,"ENSG00000270019"
109.871266825949,-0.0106574954962488,0.00409548350097738,-2.60225575166044,0.00926127583863423,0.0271705997492118,"ZEB1-AS1"
44.4300954177746,0.0156833782766149,0.00602815483133108,2.60168803148538,0.00927661959301277,0.027211510738002,"ENSG00000273156"
186600.188966727,0.00665706545343145,0.00255900846507159,2.60142377186126,0.00928376946286438,0.0272250109184952,"RPS27A"
53.1881524830067,0.013322183364301,0.00512113064772453,2.60141446893576,0.0092840212545565,0.0272250109184952,"ENSG00000287180"
3.02375973867549,0.0540178101247513,0.020767340927667,2.60109420425543,0.00929269321072331,0.027246333379828,"SCAANT1"
562.673271845233,0.00781167287989903,0.00300331266173044,2.60101886141889,0.00929473435374702,0.0272482106879779,"METTL4"
1247.29250184281,-0.00726488729995967,0.00279355774926342,-2.60058604547381,0.00930646769606832,0.0272784965575987,"HDDC2"
65.6256780837413,-0.0132673433844935,0.00510270375085947,-2.60006146393641,0.00932070645533325,0.0273161159051811,"CHPF"
24.1538700418039,0.0193523100732372,0.00744378541516813,2.59979418990278,0.00932796856799801,0.0273332805989951,"LANCL1-AS1"
62.3847406824379,0.0140838175437539,0.00541801358228399,2.59944301169816,0.00933751811808631,0.02735714187602,"ENSG00000271780"
8.52823910654655,0.0350640937812616,0.0134909452182437,2.59908354930124,0.00934730197184308,0.0273816823274578,"ENSG00000285938"
140.001606306826,-0.029871743371385,0.0114937860211986,-2.59894723255601,0.00935101463457812,0.0273870721188873,"MIR4435-2HG"
6.6303695503387,0.0339628655210905,0.0130681060347111,2.59891260683679,0.00935195789489741,0.0273870721188873,"BOK-AS1"
216.843305179972,-0.0124511714360603,0.00479166028340641,-2.59850880480382,0.00936296438117513,0.0274151769047475,"AIMP2"
384.796226842048,-0.00998194984497405,0.00384172848351538,-2.59829654485109,0.00936875461192233,0.0274280021006173,"UBL4A"
51.0399861012026,0.0130669052366725,0.00502930167930443,2.598154986495,0.00937261795206036,0.027435183112946,"SH3BGR"
438.456230871756,-0.0103631566858687,0.00398882646845694,-2.59804651012497,0.00937557939687586,0.0274397223666314,"CDK16"
1288.84679474182,-0.00499775399686227,0.00192391397719895,-2.59770138171072,0.00938500708325256,0.0274631823042494,"ATAD1"
2148.0868497198,-0.00821977093954502,0.00316475366827631,-2.59728617172974,0.00939636035655597,0.0274922691479197,"TUFM"
14.4620103854685,-0.0239818561103188,0.00923453883601369,-2.59697387559757,0.00940490768156884,0.0275131387147233,"ENSG00000258752"
2.53977488525223,-0.0720884859988054,0.0277615723247601,-2.59670040138579,0.00941239817318042,0.0275309108069973,"ENSG00000289077"
80.1056029125661,-0.0474689641401852,0.0182821534355923,-2.59646459632983,0.00941886117413239,0.0275366753661588,"SEMA3A"
1310.27179846641,-0.00442069673648589,0.00170256419235794,-2.59649342816467,0.00941807073200079,0.0275366753661588,"ZNF277"
17.8740616389267,0.0202169591874031,0.00778602719602419,2.59656930015946,0.00941599093825659,0.0275366753661588,"ENSG00000275413"
59.8292693734991,0.0172414095459658,0.00664044989410812,2.59642190226653,0.00942003176630615,0.0275366753661588,"ENSG00000277476"
12.3450154389557,0.0259618944979321,0.00999956523413886,2.59630232815496,0.00942331095779192,0.027542121929378,"SLC41A2"
1111.27839279393,0.0141564987251637,0.00545297101199807,2.59610746032125,0.00942865718053893,0.0275536073946308,"AKTIP"
29.2567754443139,0.023516600863054,0.00905962374637008,2.59575910892286,0.00943822098499023,0.0275774127052794,"GRIK1"
1515.95109503202,0.00605951365346892,0.00233476055309885,2.59534693843715,0.00944954808406116,0.0276063622383709,"ERGIC2"
11.330168320171,0.0228935874258386,0.00882383651521811,2.59451627263889,0.00947241294646425,0.0276690049889887,"ENSG00000273489"
595.41076378548,-0.00477914285835797,0.00184214901286555,-2.59433022246327,0.00947754091231704,0.0276798270698917,"GUSB"
3098.73171180028,-0.00432385902517907,0.00166728415722075,-2.5933545919291,0.0095044720626489,0.027754314080556,"SNX6"
89.30041594907,0.0144176226854159,0.00556166255170577,2.59232244879618,0.00953303744953511,0.0278210219701286,"FRMD3"
10252.1712452307,-0.0054839081384953,0.00211537755543914,-2.59240159015342,0.00953084444219932,0.0278210219701286,"ANP32B"
60.0392432131574,0.0128053039942547,0.0049396637451936,2.59234325549276,0.00953246085229201,0.0278210219701286,"ENSG00000268403"
8.43116965454712,0.0324242517898631,0.0125074089681722,2.59240358033974,0.00953078929992748,0.0278210219701286,"ABCA6"
58.0191975464305,0.050759928960687,0.0195818874352154,2.59218776170687,0.0095367706638808,0.0278235677490844,"PLXNA4"
13.5426076329061,0.0248447289276207,0.00958431191130527,2.59222875439966,0.00953563430334011,0.0278235677490844,"ENSG00000278607"
103.472899788357,-0.0105326546049795,0.00406332251310611,-2.5921286265136,0.00953841016636184,0.0278241775863684,"USP27X"
1926.71403090743,-0.00613968496246373,0.0023689856341284,-2.59169362363932,0.00955047819495822,0.0278552033843353,"DENND4C"
13.1535285177126,-0.0302547351242175,0.0116760006202082,-2.59118992096098,0.00956446913035476,0.0278918274444574,"E2F1"
54.5017586094677,0.0189748713477475,0.00732348668334851,2.5909614051584,0.00957082245015679,0.0279061711104781,"LINC00907"
28.9746036923665,0.022876731682332,0.00883019601349206,2.59073882928279,0.00957701424220423,0.0279160602116963,"ENSG00000289153"
4.85487351288019,-0.0359478710164781,0.0138755422284966,-2.59073630597663,0.00957708445800471,0.0279160602116963,"ENSG00000274667"
40.3636314598578,0.0181078053795409,0.00698986376058267,2.59058058923189,0.00958141846135017,0.0279245086142826,"ENSG00000289952"
407.344021811237,-0.0148434079413786,0.00573106706517767,-2.58999027102092,0.00959786444278383,0.0279640595081768,"CISD1"
8.10793725667963,-0.0406381602531425,0.0156903687600563,-2.59000670249364,0.00959740632954065,0.0279640595081768,"SCAMP5"
77.0334384830456,-0.011832589388253,0.0045687056439207,-2.58992159059271,0.00959977948000223,0.0279654501520928,"KIAA0930"
2.79494865362011,-0.0486486970056807,0.0187861263527817,-2.58960767601126,0.00960853679331228,0.027986769866235,"ACSM6"
719.795595943703,-0.008498327886517,0.00328239489314662,-2.58906321852402,0.00962374248105097,0.0280268625541132,"CNIH4"
5.99222895510406,0.0329154686780465,0.0127147778076535,2.58875689186117,0.00963230704389737,0.0280476054357556,"TRAJ42"
1015.95551591429,0.00845328161627945,0.00326601057820579,2.58825910506491,0.00964623911899169,0.0280839690321071,"GTPBP10"
74282.5778271469,0.00996259038135022,0.0038493316660606,2.58813509607134,0.00964971268115368,0.0280898774859503,"MT-ND4L"
357.045308134817,-0.00635738789611273,0.002457510989133,-2.58692145191814,0.00968376644352248,0.0281847884322843,"ABCB8"
3.90664698385255,0.0381975376294211,0.0147670310921365,2.58667686084587,0.00969064240473909,0.0282005813008049,"CARD14"
57.9518741259597,0.0127636568353853,0.00493466492509656,2.5865295879508,0.0096947846493896,0.0282084152902434,"LSM11"
7609.26551784856,0.00555996475756106,0.00215007877046973,2.58593537777519,0.00971151363016397,0.028252864436183,"GSTK1"
1.60601483841832,0.0670024585331135,0.0259279289600969,2.58418088989021,0.00976105850832917,0.0283927544557366,"LINC01937"
149.634610337355,-0.0720180958777166,0.0278707674935045,-2.58400117235742,0.00976614623845071,0.0283990597225452,"ENSG00000262370"
10.111089243813,0.0253935595111062,0.00982706577836793,2.58404289579544,0.00976496485431745,0.0283990597225452,"ENSG00000287539"
3575.17770031683,0.0055757894126731,0.00215822202923485,2.58351056431847,0.00978004718629888,0.0284352313633332,"EIF1AX"
78.8649495909264,0.011094654714475,0.00429456993208904,2.5834146119209,0.00978276797387187,0.0284388910267197,"ENSG00000288937"
3648.8839351436,-0.00411008181848416,0.00159109330776349,-2.58318088475997,0.00978939827013283,0.0284539129934778,"PPP1R12A"
4.47383489030592,0.0464304693110635,0.0179782124330191,2.58259654479265,0.00980599216122038,0.0284958389655513,"TSPAN5-DT"
168.68434217411,-0.0127082621584096,0.00492078170732543,-2.58256978550607,0.00980675266235156,0.0284958389655513,"DNAJC18"
671.040705605017,-0.0122303658758572,0.00473629423368804,-2.58226479868285,0.00981542412698049,0.0285167759064821,"ZBTB18"
225.367472182898,-0.0126517292044969,0.00490049567441222,-2.58172438975051,0.00983080595492561,0.0285571993173922,"MGME1"
55.3665607509278,-0.0145871225548631,0.00565167373667402,-2.58102700801825,0.0098506874907413,0.0286106797644332,"ENSG00000260000"
35.9140412880786,-0.0183951477857532,0.00712831162457475,-2.58057570355597,0.00986357273847937,0.0286438270134611,"ENSG00000286314"
6.22137315484328,-0.0362717670766546,0.0140560434234485,-2.58051045973189,0.00986543676462322,0.0286449635033119,"KIF2C"
1555.29925400503,-0.00608656062675397,0.00235873596916575,-2.58043320927806,0.00986764422784989,0.0286470966978968,"RPRD1A"
22.0137105739862,0.0199175783278719,0.0077192056056847,2.58026270387251,0.00987251804708067,0.02865696889028,"NTN5"
7.91114672752447,0.0337920432556664,0.0131008304838685,2.57938176494045,0.00989773346820125,0.0287258749164402,"ENSG00000287646"
983.49468349897,0.0130289116792577,0.00505182861643259,2.57904863139601,0.00990728380669455,0.0287493028978093,"GPR174"
185.936659383857,0.00946576741728679,0.00367105079607172,2.57848990469318,0.00992331992707829,0.028791541751432,"PHLPP2"
626.5554178193,0.00832409832030128,0.00322862613011735,2.57821685906963,0.00993116506906037,0.0288100062279334,"MRPL40"
52.4924640471653,-0.0413415553424064,0.0160357784090044,-2.57808222887343,0.00993503529484783,0.0288126392604868,"OASL"
22.852193913556,-0.017437741355575,0.00676376238544992,-2.57811264823358,0.00993416070941948,0.0288126392604868,"NRSN2-AS1"
119.77640748672,-0.0121976434431681,0.00473165258513842,-2.57788229877221,0.00994078518178798,0.0288250167815978,"ATP6V0A1"
4833.32596844088,0.00478603470848811,0.00185680228557931,2.57756829882126,0.00994982164302971,0.0288469191799927,"LAMTOR4"
4064.08213429584,-0.00809947268149663,0.00314334883927284,-2.57670182205113,0.0099747955501323,0.0289150146416726,"SATB1-AS1"
120.517747359964,0.0310630182037459,0.0120566757655101,2.576416485596,0.00998303183320065,0.0289302670124532,"SLC9A3-AS1"
39.4840193465652,0.0211951152723932,0.00822642647774019,2.57646686927123,0.00998157706000696,0.0289302670124532,"MOB3B"
1662.10911150204,-0.019163413110886,0.00743882941584836,-2.57613288860456,0.00999122390817722,0.0289496940619626,"GLRX"
6215.43658668845,-0.0168518507893096,0.00654251259405994,-2.57574602219484,0.0100024087123019,0.0289734701210699,"CDC14A"
19.8705706727228,0.027245843851396,0.0105777898661592,2.57575960537483,0.0100020158163164,0.0289734701210699,"POU2F2-AS2"
68.3691578543801,-0.0171332329414408,0.00665351805759233,-2.57506371713984,0.0100221622082917,0.0290263664552535,"CHAC2"
930.503089995911,-0.00450178944378094,0.00174826471209932,-2.57500446735847,0.0100238791943294,0.0290270171518387,"DNPEP"
179.283073004093,-0.0151006185841999,0.00586738232983532,-2.57365512170804,0.0100630525643325,0.0291361172117938,"EIF3C"
31.1932371912178,0.0286283685548479,0.0111247180158471,2.57340172704306,0.0100704241482757,0.029153121016239,"ENSG00000290851"
7.39881913337107,0.0340058457311261,0.013215171210025,2.57324291836109,0.0100750465525929,0.0291621622759651,"DNPEP-AS1"
17.6472443651161,0.0189265879478349,0.00735617817813749,2.57288329476366,0.0100855210106139,0.0291881370595821,"MAMDC2"
14.3488600365369,0.0311833400049349,0.0121246666852541,2.57189255708445,0.0101144275790997,0.0292543837681886,"ENSG00000272247"
564.640865707211,0.005623065415304,0.00218626455909785,2.57199678415147,0.010111383096979,0.0292543837681886,"KIF3A"
983.205285989834,-0.00587341266999708,0.00228369250459746,-2.57189295764333,0.010114415877176,0.0292543837681886,"PPP2R3C"
147.792789116196,0.012778938854379,0.0049686118976165,2.57193339260594,0.0101132346725595,0.0292543837681886,"FAM161B"
3.77778369124003,-0.0680895432345256,0.0264802632364717,-2.57133181141284,0.0101308210241397,0.0292974427208654,"RANBP17"
429.442450766371,-0.00855042753263777,0.00332693288226671,-2.5700631287795,0.0101679984084076,0.0294005852596904,"TFAP4"
2153.29412232401,-0.00822913219717714,0.00320205697046027,-2.56995183817553,0.0101712654480007,0.0294056605572328,"GLCCI1"
35.4091678470603,-0.0307682340551088,0.0119745867127431,-2.56946104222252,0.0101856843729496,0.0294392760175345,"CPLX1"
209.303414258847,0.0459672611337287,0.0178899013050022,2.56945303107266,0.0101859198806235,0.0294392760175345,"PTGER2"
602.159741191805,0.0130548043109138,0.00508154997512624,2.56905951428521,0.0101974942546067,0.0294683495389029,"RAB24"
61.6737255720783,0.0127767225562243,0.00497374267969303,2.56883465411058,0.0102041132450769,0.0294830966622088,"GDPGP1"
62.7206947913759,0.0144702525017916,0.00563500240501066,2.56792303920308,0.0102309867684726,0.0295550235810286,"EYS"
4.35316267891446,0.0425376829090125,0.0165652462369276,2.56788714762275,0.0102320461053235,0.0295550235810286,"ENSG00000273855"
47.1186539736883,0.0230968474640371,0.0089947297630322,2.56782005380126,0.0102340266354544,0.0295563551724162,"LINC02551"
11.3924924206514,0.0229280430011555,0.00892940679445258,2.56770057955021,0.0102375542187033,0.0295621536680519,"TTLL13"
1851.62264696483,-0.00484228800848991,0.00188593160271721,-2.56758410618563,0.0102409942400154,0.0295676976343387,"SF3A2"
851.613162810278,0.00969640195095718,0.00377673144913647,2.56740572676254,0.0102462646410314,0.029578523824978,"ZNF44"
7.40705806520369,0.0287204470919925,0.0111870307514725,2.56729848429281,0.0102494343905741,0.0295788944111361,"TTC14-DT"
867.787014367656,-0.00845155918701498,0.0032919648073581,-2.56732975034372,0.010248510174481,0.0295788944111361,"KIAA0232"
252.685860371512,0.0154614135041135,0.00602422573736444,2.56653953191299,0.0102718915893097,0.029639306231073,"ZNF821"
3.08940326525123,0.0445224856461033,0.0173490895721672,2.56627216436358,0.0102798133498901,0.0296500412548878,"ENSG00000273059"
5.93998621387859,-0.038985853740739,0.0151917028779453,-2.56625962566297,0.0102801849890989,0.0296500412548878,"REEP1"
1017.04890431528,-0.00844726409239296,0.0032916293062817,-2.56628657311816,0.0102793862982232,0.0296500412548878,"NBR1"
1025.47231468825,-0.00673197416146554,0.00262348581738053,-2.56604175897059,0.0102866443303783,0.0296642726271591,"ACBD3"
7.57447065915217,-0.0498358077012574,0.0194221418513215,-2.56592749052888,0.0102900336206339,0.0296696477846055,"RASIP1"
84.6286358334588,-0.0101216784233459,0.00394482169304157,-2.56581392289542,0.0102934031091512,0.0296749642620573,"CEP131"
204.957469950763,-0.0137991766525074,0.005378390022716,-2.56567050627151,0.0102976596036954,0.0296828359442027,"SNAPC2"
12.9053600702621,0.0254360323928351,0.00991624283377762,2.56508768685984,0.0103149733566327,0.0297283370513945,"RGPD5"
6.1315731903238,0.0329979628176272,0.0128661251427251,2.56471645126856,0.0103260151143913,0.0297557511096332,"ENSG00000287870"
629.949048698098,-0.011725074167444,0.0045719103691656,-2.56458968367394,0.0103297880048941,0.0297622139658116,"LANCL2"
633.018945334612,0.00533709845280241,0.00208120142222241,2.56443148453319,0.0103344980901506,0.029771374755853,"URGCP"
8.58852277633918,-0.0294111274465313,0.0114736418841525,-2.56336460066392,0.010366312512886,0.0298586027970008,"ENSG00000273108"
6226.33273242695,-0.00419154382788874,0.0016352563831952,-2.56323342991556,0.0103702300282909,0.0298654640628201,"XRCC5"
14.2387076704244,0.0196545612581185,0.00766829792356878,2.56309306889466,0.0103744234773278,0.0298731178471506,"PFKFB1"
7.4722345334509,0.0350282196126269,0.0136684508678798,2.5627058948532,0.0103859985759071,0.0299020216548207,"PTGDR"
5088.05421729111,0.00467902922569764,0.00182648403056674,2.5617684838152,0.0104140713722137,0.0299784079119325,"RBMX"
435.874258454874,0.0100380474100221,0.00391861163409943,2.56163364663951,0.0104181149117137,0.0299839114143475,"TUBD1"
876.605512815592,-0.0107324023133216,0.00418972291746899,-2.56160193042194,0.0104190662305061,0.0299839114143475,"C18orf25"
32.4773148569483,0.0311115018402276,0.0121456271936249,2.56153933792383,0.0104209439012146,0.0299848786719711,"FAM66A"
221.973873893198,0.0144864372071646,0.00565629444238199,2.56111794651625,0.0104335927801908,0.0300168337771765,"ZNF486"
543.246297074883,-0.0136334323644226,0.00532408332018108,-2.56070980571335,0.0104458569374645,0.0300476727729402,"MED9"
97.0103894511975,0.016537191805817,0.0064586990352698,2.56045245575159,0.0104535965968274,0.0300654897833638,"ENSG00000289960"
171.881820144389,-0.0135426877625881,0.00528935887181897,-2.5603647040744,0.0104562368467398,0.0300686373308599,"PDF"
158.690546058678,-0.017168356293971,0.00670681532737203,-2.5598373379841,0.0104721166023935,0.0301098507070444,"EXOSC4"
1592.74641264868,-0.0042934678098779,0.00167730724999085,-2.55973841995932,0.0104750975556424,0.0301139702268402,"KIDINS220"
7.29743655282426,0.0357067108957932,0.0139501830192604,2.55958727182966,0.0104796539520855,0.0301226169679348,"IRF5"
29.6199990915418,-0.0390941295151993,0.015274354958616,-2.55946189682773,0.0104834347491984,0.0301290321079576,"MED12L"
24.9065458931706,0.0182198098285016,0.00711899863888808,2.55932199916073,0.0104876549228862,0.0301367079191991,"GLB1L3"
841.057742577153,-0.00631834893982584,0.00246894159349379,-2.55913260827072,0.0104933705243801,0.0301486780014354,"RANGRF"
12.1800965664526,-0.0258695450203227,0.0101097685214391,-2.55886620603259,0.0105014149310064,0.0301673344887027,"HUS1B"
268.617346229491,0.0127568846420993,0.00498564276187581,2.5587241708629,0.0105057061332829,0.0301752052567166,"PKD2L2-DT"
3.27678797707105,-0.0415374840818148,0.0162348048511681,-2.55854532669829,0.0105111116367967,0.0301862737999902,"ENSG00000258449"
80.7102977441069,0.0161407893572913,0.00630930293275775,2.55825239797707,0.0105199706519765,0.0302072555582515,"ENSG00000289412"
428.418104371056,-0.00803563718456717,0.00314175352530872,-2.55769178576081,0.0105369437146456,0.0302515265230365,"KAT2A"
5.32621354094641,0.0319362389853684,0.012487174798869,2.55752317876267,0.010542053212792,0.0302617291974643,"ENSG00000253865"
182.626455798749,-0.00966907200567505,0.00378243171430809,-2.55631105489601,0.0105788505607724,0.0303628777124959,"EIF4EBP1"
1.55180959376648,-0.0894332314496079,0.03498790816551,-2.55611827453486,0.0105847134555185,0.0303752229895677,"ZNF214"
48.4489424943283,-0.0132481895713724,0.0051834607265599,-2.55585800110128,0.0105926335547,0.0303934673657576,"BUB1"
33.3294249111684,0.016666987502882,0.00652231925358981,2.55537744395272,0.0106072707203358,0.0304309768113941,"CDC20-DT"
8.15259687763888,0.0256969822236583,0.0100580693749414,2.55486229670275,0.0106229814314246,0.0304715546118034,"TRBJ1-5"
1374.9448252592,-0.00516982398284895,0.00202382892329273,-2.55447677585205,0.010634752394479,0.0305008211184034,"DNMT3A"
29.2055182955669,0.0203249607063353,0.00795868255031076,2.55380970127294,0.0106551473330469,0.0305548091957977,"SPATA41"
1480.39242180865,-0.00826923997891859,0.0032388400228903,-2.5531486336084,0.0106753929236153,0.0305986200663495,"ZBTB11"
16.9457217302088,0.0243065593567962,0.00952058137548839,2.55305410438229,0.0106782907310874,0.0305986200663495,"ENSG00000289446"
1340.59066229498,-0.01138219823081,0.00445819809946123,-2.55309386816739,0.0106770716811275,0.0305986200663495,"TAP1"
21.2160473520987,-0.0194142873542451,0.00760380255795969,-2.55323401761953,0.0106727760651577,0.0305986200663495,"PSMC3IP"
3.77280273509104,-0.170398856482024,0.0667405001549682,-2.55315522188725,0.0106751909850172,0.0305986200663495,"ENSG00000266928"
4.93536965772438,0.0479138914895038,0.0187708384512009,2.55257065975326,0.0106931217366415,0.0306366049343665,"MESP1"
1172.02413392885,-0.00627365092278005,0.00245794130119124,-2.55240062882687,0.0106983422592442,0.0306470479064151,"GMCL1"
403.61934491068,-0.0120827689778954,0.00473460784815955,-2.55201050760567,0.0107103288617174,0.0306768674258968,"NUP62"
9.74350326449683,0.0254376541823065,0.00997005395742525,2.55140586910883,0.0107289301742706,0.0307256214398905,"TRIM74"
101.538392657907,-0.0124496079625147,0.00488011361526155,-2.55108977864391,0.0107386659215193,0.0307489755394484,"SRGAP2B"
99.6335439271626,-0.0123234142043362,0.00483082520406,-2.55099567543431,0.0107415658651704,0.030752752081753,"LRP8"
73.211500249697,0.0149425088380196,0.00585828826894188,2.55066124301844,0.0107518775796054,0.0307777440472266,"PRKCA-AS1"
205.723873615365,-0.0105733362469646,0.00414558859889006,-2.55050302140341,0.0107567591683218,0.030787186960422,"QSOX2"
74.5651989968408,0.0121521591292596,0.0047651464701391,2.55021733443271,0.010765578418485,0.0308078955153674,"TTC22"
14.9140840310654,-0.0254312294873839,0.00997270271802471,-2.55008398489803,0.0107696971623061,0.0308106161941486,"WDR49"
13930.4789699531,0.00590273380061744,0.00231467564697946,2.55013431722938,0.0107681423918041,0.0308106161941486,"BCL11B"
24.3116667703703,0.0210951689914974,0.00827321872183292,2.5498140084013,0.0107780401686758,0.0308299499001343,"LINC00159"
24.0100005653034,0.0221062507740844,0.008672477980795,2.54901203820155,0.0108028571180637,0.0308963937367235,"SLC17A9"
6.21245156365759,0.0339956818774368,0.0133420603650558,2.54800839954786,0.0108339862481312,0.0309808683493678,"ENSG00000289301"
2174.79431099414,-0.00402787282255023,0.00158108025738281,-2.5475448218028,0.0108483916025667,0.0310175018464684,"MTPN"
737.190937059477,-0.00489405199781653,0.0019211471060756,-2.54746343074883,0.0108509225289043,0.0310201784405818,"WDR45"
253.412493734546,0.0119447143613905,0.0046892230818385,2.54726937766145,0.0108569588976206,0.0310328739923025,"TLE2"
20.1533791242425,0.0203218962528245,0.00797830440315095,2.54714475983125,0.0108608369319962,0.0310393974675665,"ENSG00000286885"
1250.43594709472,0.00487188820313971,0.00191315585754325,2.54651924145682,0.0108803213062128,0.0310905141364984,"EMC10"
5170.9159328757,0.00508784639858237,0.0019983723336335,2.54599521468129,0.0108966682107701,0.0311326517872633,"GABARAP"
2.4455392836872,-0.04964517327381,0.0195008445278173,-2.54579606554951,0.0109028863475027,0.0311458426120244,"ENSG00000268678"
18.2694432387372,0.0244948564350737,0.00962287167804999,2.54548301739772,0.0109126671873125,0.0311692055007951,"TOM1L1"
24.1456498422616,0.0234589767375517,0.00921752220131037,2.54504152257065,0.0109264744534266,0.0312040602838937,"SND1-DT"
11.4866778870705,0.0269364564527036,0.0105872252633716,2.54424136472235,0.0109515380829831,0.0312628604823528,"RN7SL832P"
404.295066332339,0.0136015754026404,0.0053460473056606,2.54423027425114,0.010951885832438,0.0312628604823528,"LRIG1"
943.078233639786,-0.00522780177940557,0.00205475009746036,-2.54425187075891,0.010951208667934,0.0312628604823528,"MRPL11"
295.592406781803,-0.00753442816488272,0.00296146810106893,-2.54415307129703,0.0109543068567905,0.0312651830772461,"TLE3"
63.0759147594531,-0.0217231641338394,0.00854070597671859,-2.5434857719087,0.0109752526730933,0.0313203696808007,"KATNAL1"
1281.9633172867,-0.00484031509852318,0.00190321920461765,-2.54322522953713,0.0109834404757343,0.0313391375522236,"CERT1"
1380.68262607704,-0.0042275497613119,0.00166235775271739,-2.54310466829495,0.0109872310689557,0.0313433953336923,"AFTPH"
21.5841443208717,-0.0244145066596504,0.00960038695298782,-2.54307527177873,0.010988155507709,0.0313433953336923,"ENSG00000287957"
329.760713662159,0.00722575323475177,0.00284157334481595,2.54287057131013,0.0109945946851081,0.0313571644017649,"DCP1B"
6.92619770073038,-0.0406119590243586,0.0159738682462191,-2.54239977432963,0.0110094170747106,0.0313948352910417,"KCNK5"
4719.9418931432,-0.00408802283964105,0.00160846351829311,-2.54157013394946,0.0110355803672548,0.0314648305076918,"NDUFA1"
13.2585770717596,-0.0379164692740491,0.0149222751153201,-2.54093085545124,0.0110557781310642,0.0315177986849378,"EOMES"
588.914912021724,-0.0112661018421465,0.00443538575629998,-2.54005005678349,0.0110836604293582,0.0315926551892506,"LRRC37B"
359.098597122359,0.0058171510107008,0.00229029692280919,2.53991128956577,0.0110880588941903,0.031600561692439,"ARHGAP19"
10.3214088004437,0.0253890592987058,0.00999689059003799,2.53969562535837,0.0110948978185324,0.0316154200803213,"CCDC38"
295.806930268906,0.0153492698740117,0.00604407475698592,2.53955658908264,0.0110993087820268,0.0316233565430209,"CTSF"
11.5403462301003,0.0220864735416309,0.00869935315771205,2.53886388346598,0.0111213082783265,0.0316813953312432,"EPC1-AS2"
40.0060952417406,0.0158305618103899,0.00623549472146358,2.53878200808967,0.0111239110996053,0.0316841696878639,"LRRC39"
631.14148601139,0.00749712730882195,0.00295334207063686,2.53852318136831,0.0111321427701175,0.031702973502424,"RECK"
859.835225698217,-0.00513795891212636,0.0020251442050999,-2.53708298855336,0.0111780452503603,0.031829037939505,"NKAPD1"
978.170334585168,-0.011025447855098,0.00434634623880922,-2.536716416343,0.0111897556131285,0.0318577190326351,"CDC16"
3.64694730158589,0.0745086176688457,0.0293729982696862,2.53663643679647,0.0111923120538191,0.0318603339322165,"LHFPL6"
33.0412748613231,0.0257036886153236,0.0101335642002622,2.53649042995736,0.0111969803076524,0.0318689587304868,"ENSG00000286044"
1784.36311883767,-0.0168293171247399,0.00663544266167611,-2.53627647510842,0.0112038241762423,0.0318837723558288,"BANF1"
68.0935638793647,0.0129621516678081,0.0051112652780731,2.53599665887322,0.0112127803885733,0.0319045920623374,"ZNF425"
495.799052057294,0.00846433859357157,0.00333794008396727,2.5357970426813,0.0112191734849686,0.0319181137130503,"TIMM10B"
1320.93659262446,-0.0137624196112625,0.00542813273402973,-2.53538745008647,0.0112323016202677,0.0319507895314168,"DPP4"
49.6372136839899,0.0133425740226105,0.00526282993519952,2.53524704140086,0.0112368050948872,0.0319589261442682,"STAG2-AS1"
1057.44668829671,-0.00493881817605421,0.00194837458683811,-2.53484017365936,0.0112498640460554,0.0319913897017287,"VPS41"
4.98241006407044,0.0319706326404645,0.0126141579478411,2.53450391002407,0.0112606670363424,0.0320174293997801,"SELENOO-AS1"
903.577592292736,-0.00387977596234126,0.00153092086202125,-2.53427597636814,0.0112679949956242,0.0320335823823278,"RAB28"
1940.77733176876,-0.00735937295627093,0.00290405402615143,-2.53417219170122,0.0112713330263766,0.0320383894046547,"AKIRIN1"
684.250454969138,-0.00557714353288662,0.0022010114088407,-2.53390032895112,0.0112800811227857,0.0320585707070871,"DCUN1D1"
587.736426880729,-0.00932256158168867,0.00367930181049109,-2.53378550112592,0.0112837779040986,0.032064392112874,"CENPV"
409.831875437518,-0.0121146955786097,0.00478214420689401,-2.53331874876231,0.0112988156638995,0.0321024340459406,"ETV3"
180.801565532891,-0.0175987096775064,0.00694741730462809,-2.53312978130489,0.0113049088485991,0.0321150550626698,"MPZL1"
1954.7832413777,0.00632720777691312,0.00249785348052202,2.5330580141117,0.0113072237191153,0.0321169405024111,"TMED4"
187.381509601307,-0.0095611525071767,0.00377538516619647,-2.53249723837028,0.0113253261918479,0.0321636618130579,"EXD2"
1197.48786716684,-0.0126706124812416,0.00500378069861167,-2.53220779335056,0.0113346798676347,0.03218552673071,"JAML"
1.75388581055839,-0.0813084253303916,0.0321138643148754,-2.53187920747143,0.0113453067276482,0.0322110000232792,"ENSG00000285454"
204.147734825004,0.00908195561512181,0.00358734565945296,2.53166448880946,0.0113522557635757,0.0322260255191638,"AEBP1"
111.171456876512,-0.0122052939781614,0.00482123778269086,-2.53156855734863,0.011355361657357,0.0322268406069521,"SRGAP2"
29.297371754589,0.0287673996789125,0.0113635371502792,2.53155327416743,0.0113558565379698,0.0322268406069521,"HOPX"
47.2195769312948,0.0197688137217102,0.00780933829676988,2.53143262213228,0.0113597640116107,0.0322332268110633,"SAXO1"
23.8137232642285,0.018626179668687,0.00735839020799167,2.531284580214,0.011364560173222,0.0322421324284337,"ENSG00000277597"
2429.95937701345,-0.00968813852057361,0.00382752523572599,-2.53117560928008,0.0113680916881577,0.0322427459064385,"TMF1"
7.56466387372972,0.0519689706286956,0.0205315141356698,2.53118061752732,0.0113679293602181,0.0322427459064385,"SRXN1"
272.230092493724,-0.00964212972617528,0.00380978563964328,-2.53088510435934,0.0113775110924484,0.0322580747502654,"RIDA"
57.0732711699165,0.0253336740450746,0.0100097428453793,2.53090158622498,0.0113769764949693,0.0322580747502654,"PRPF19-DT"
18.3750500051092,-0.0646034461648723,0.0255263274921392,-2.5308554935984,0.0113784715881739,0.0322580747502654,"ADGRE2"
115.781693899157,-0.0082746819101139,0.00327046933519172,-2.53012062246681,0.0114023319603693,0.0323210083009534,"STK11IP"
5530.32752087742,-0.0105357165818155,0.00416469223482513,-2.52977074601476,0.0114137076227033,0.0323485395554717,"TRAT1"
6361.05764475474,-0.0072044757437518,0.00284798534711708,-2.52967444198568,0.0114168405587686,0.0323527047943777,"MYH9"
990.35720977934,-0.00922156974948842,0.0036461729736544,-2.52910923758124,0.0114352430237701,0.0324001328558417,"NSUN2"
107.707486774919,-0.0163898594075328,0.00648121033743416,-2.52882695580304,0.0114444436783709,0.0324214788796959,"HSPA2-AS1"
5.48607050588711,0.0325712300570622,0.0128807927416019,2.52866657436889,0.0114496740560721,0.0324315727486032,"ENSG00000266385"
2500.23065554814,0.00537560427996936,0.00212604880238503,2.52844820586383,0.0114567989258301,0.0324470291069192,"DDX50"
36.5731502944167,0.0238258659863924,0.00942514160477036,2.52790536052354,0.0114745277933586,0.032487778763991,"ENKUR"
923.507657750024,0.0090379853418521,0.00357525403735875,2.52792815487008,0.0114737828598934,0.032487778763991,"WAC-AS1"
3.79470165461016,0.038694940226774,0.0153080321582494,2.52775404616076,0.0114794739294954,0.0324970524527166,"HORMAD1"
1541.78162949395,0.0126195668091755,0.00499335238575133,2.52727342960729,0.0114951967881337,0.0325368266481358,"DISC1"
1325.37368377358,0.00800343146844348,0.00316699265340382,2.52713925933537,0.01149958943676,0.0325445240992898,"KIAA1328"
20.1672158879015,0.0323842110863769,0.0128227898088952,2.52551991953513,0.0115527231938317,0.0326901394883939,"ACOT12"
823.635379287004,-0.0386423627259719,0.0153049129936907,-2.52483387144389,0.0115752994175619,0.0327492580321449,"KANSL1-AS1"
345.729128843086,-0.00835634644771079,0.00331017073032562,-2.52444575476286,0.0115880887523873,0.0327806739852655,"NDC1"
2.78887245806079,-0.0627741593902104,0.0248679194617963,-2.52430282664571,0.0115928017196358,0.0327892374943486,"TRGV7"
746.389383516432,-0.00604540011903488,0.00239496794223445,-2.52420920231386,0.0115958898465838,0.0327932034611662,"ZNF384"
585.073457293203,-0.0310601413027141,0.0123086921935829,-2.52343147543385,0.0116215708008953,0.032861051555199,"IFI44"
77.527277773254,-0.0125606390396283,0.00497782128786184,-2.523320608206,0.0116252358021062,0.0328666368585417,"ZNF582"
5.43387608371901,0.0372081930190911,0.0147515000170874,2.52233284587947,0.0116579341196957,0.0329516702144366,"OSGIN1"
106.721316118826,-0.0105034781051651,0.00416423013994431,-2.52230970724053,0.0116587010650225,0.0329516702144366,"NSDHL"
93.8595038718494,0.0137530734243354,0.00545302088807499,2.52210173161292,0.0116655965628466,0.0329663691332165,"FBXO48"
3.47137776512893,0.0414206030532247,0.0164235878444583,2.52201914986566,0.0116683355902473,0.0329683738902684,"WDR35-DT"
6.70088275940128,0.0579154814583279,0.0229643074410773,2.52197814399279,0.0116696958631689,0.0329683738902684,"ZNF727"
31.1352623224226,0.022775743784271,0.00903223009268146,2.52160801380884,0.0116819804245757,0.0329954083019494,"ENSG00000288772"
10677.6604528155,0.00979494070442375,0.0038844340160281,2.52158761456817,0.0116826578055383,0.0329954083019494,"NSA2"
7.90999424205265,-0.0326163973910315,0.012935233522665,-2.5215159304145,0.0116850384391895,0.0329973406911548,"SYNGR3"
24.0793825933138,0.0302419517059631,0.0119940565886928,2.52141145761086,0.0116885087558795,0.0330023492249402,"PHLDA1"
179.805763905261,-0.0669038139551907,0.0265383895025355,-2.52102012252095,0.0117015160248387,0.0330342798547371,"CPA5"
4583.31158975886,-0.0044479346094257,0.00176438213384003,-2.52095876744407,0.0117035565203538,0.0330352456649835,"NDUFA13"
3283.85995611714,0.00696490266639289,0.00276311588288918,2.52066976615915,0.011713172127438,0.0330575901118393,"IQGAP2"
2342.6816725414,-0.00733070951247128,0.00290844452903704,-2.52049143082623,0.0117191091695505,0.0330695477233319,"RALGAPA2"
429.43168868703,0.0126513859634848,0.00501953969183249,2.52042751730212,0.0117212375932359,0.0330707560815247,"GIHCG"
4.40594029003106,0.0469076278826089,0.0186127265400701,2.52019110588793,0.0117291134558303,0.0330881777852581,"HOXA1"
6.89525189410674,-0.043526625998825,0.0172783144121978,-2.51914769927424,0.0117639298429434,0.0331815834360631,"KCNH8"
162.222221308182,0.024909315232824,0.00989342491773321,2.51776462043755,0.0118102216824397,0.0333073252059061,"CD151"
444.711358479806,-0.00672577518241437,0.002671715809999,-2.51739917742856,0.0118224800615115,0.033337062869884,"TIMM44"
6.50812480390934,0.0388107724546262,0.0154183708358821,2.51717726001923,0.0118299295394372,0.0333532337254084,"NDUFA4L2"
4.92117193499497,0.0358826335960159,0.0142554309171353,2.51712023330592,0.0118318445239863,0.0333537982371098,"LINC02268"
16.1345248454671,0.0218286704799753,0.00867398040895513,2.51656903184137,0.0118503683100487,0.0334011757714472,"ZFP28-DT"
755.015225567781,-0.00484999226225262,0.00192752844076754,-2.51617156959892,0.0118637414588968,0.033434024212837,"GFM1"
3110.84204322072,-0.00590132126053829,0.00234542419566199,-2.51609976201881,0.0118661589477735,0.0334359927123197,"EIF2S2"
6.85860972582902,0.0313097584341191,0.0124444056043576,2.51597058385459,0.0118705089864004,0.0334434053149586,"PAPPA"
2.47076725309989,-0.0448986558839129,0.017846077599437,-2.51588370798799,0.0118734353022023,0.0334468052227569,"C4orf45"
8.34381471791855,-0.0314806436903758,0.012513747729681,-2.51568469897373,0.0118801411080688,0.0334608492170642,"EPS8L1"
136.904286782114,-0.0151582191112266,0.00602573907994239,-2.51557840625445,0.0118837241222149,0.0334632742812576,"FAM118B"
479.52182278761,0.00606056561922887,0.00240923398283052,2.51555708678347,0.011884442894192,0.0334632742812576,"FBXO22"
3.39986753018604,0.0442514233041317,0.0175960492135998,2.51484993972,0.0119083057489721,0.0335256122627378,"SPX"
3.8838092120311,0.0398861654605912,0.0158606867470056,2.51478174286,0.0119106093137196,0.0335272448279538,"LINC01023"
46.9202781407127,0.0161888827174827,0.006438119141396,2.51453605656208,0.0119189114219005,0.0335457598129629,"ENSG00000266677"
1119.50801436364,0.00827574091598017,0.00329131876671037,2.51441489037285,0.0119230076978878,0.0335524338442732,"SACM1L"
124.899669789046,-0.0238394184659782,0.00948186387296221,-2.51421226726919,0.0119298605839829,0.0335668621754739,"FUT10"
85.1536789839206,0.0128751366102119,0.0051221823946242,2.51360369824482,0.0119504639074513,0.0336199701278327,"ENSG00000261840"
4.74320620971087,0.0364277948668932,0.0144963458805877,2.51289498518893,0.0119744973995043,0.0336827113402399,"DCXR-DT"
19.958636349558,0.0415223834895192,0.0165246393761554,2.51275580327853,0.0119792222915168,0.0336911296692154,"EFHB"
880.517188322722,-0.00416041509873433,0.00165602473503131,-2.51229043306268,0.011995032498413,0.0337307181041826,"GLMN"
431.650847632197,-0.0104658287218485,0.00416640113538193,-2.51195897413011,0.0120063045609972,0.0337575354171663,"KLHL11"
2730.34572816692,-0.00388276771776069,0.001545767818971,-2.51186993939711,0.0120093340019003,0.0337611729543232,"RAB3GAP1"
7.54702202689163,0.0294929350735113,0.0117432319319472,2.51148365666494,0.0120224852685818,0.0337932602542175,"ACKR2"
59.7202577498244,0.0107000951578775,0.00426100737215554,2.51116560553251,0.0120333231239484,0.0338188365964339,"TMEM265"
9.90648295097784,0.0340591187935051,0.0135658367027379,2.51065375028664,0.0120507831992306,0.0338630141589474,"ENSG00000289391"
128.755442202042,-0.0198329739592278,0.00789993815357404,-2.51052268684598,0.0120552575601731,0.0338706940348009,"METRN"
74.0964152624199,0.0221992546615345,0.00884367440238778,2.51018452867744,0.0120668087078144,0.0338933568484761,"AGAP9"
40.760040508918,0.0195182537933825,0.00777554775050499,2.51020949515934,0.0120659555422642,0.0338933568484761,"TTC38"
1713.83383771721,0.00657248154432612,0.00261839980459656,2.51011382325504,0.0120692251746098,0.0338952496204642,"SUPT20H"
708.739058017218,0.00403682864562451,0.00160836289921746,2.50989913258296,0.0120765651879169,0.0339109671531936,"MCCC1"
229.76512093903,-0.0135664211062868,0.00540541167125422,-2.50978499536538,0.0120804690113672,0.0339121377890177,"STK3"
10.5338073319498,0.0479419213718732,0.0191019620229668,2.50979042436747,0.0120802832984376,0.0339121377890177,"OR1F1"
299.144844685208,0.00642194391436705,0.00255908939507022,2.50946447073641,0.0120914378635732,0.0339380314407449,"PAAF1"
23.2051617492767,-0.0319911068648531,0.0127485746790643,-2.50938694483148,0.0120940922461985,0.0339405840832214,"KLF4"
788.927313670099,-0.00579992512760388,0.00231142845311012,-2.50923844075721,0.0120991782679879,0.0339499591013606,"FIBP"
4211.26190058061,-0.00403539404870368,0.00160834795367807,-2.50903048651587,0.0121063035466832,0.033965052688091,"RAD21"
6.36092942094858,-0.0359360767759629,0.0143268027984505,-2.50831098058036,0.0121309851734846,0.0340293903388301,"RRM2"
8.14121860357014,0.0352214760559796,0.0140431957649966,2.50808125482171,0.0121388749753339,0.0340466124218052,"SMIM5"
880.383677257807,0.00512657872883737,0.00204410257266833,2.50798506757185,0.0121421798227067,0.0340509717029222,"RMDN1"
73.4817124032147,0.017328318474532,0.0069101022586361,2.50767902209775,0.0121527003842501,0.0340755622277712,"ENSG00000289121"
21.3217049015004,0.0278286826005195,0.0110988803765102,2.50734143052992,0.012164314737595,0.034103212159262,"PHLDB2"
812.69927654546,-0.00505361004042662,0.00201566967102538,-2.50716181975186,0.0121704979965046,0.034115629994237,"ARHGAP17"
363.364270477405,-0.00920700272799813,0.0036730908740352,-2.50660902322938,0.0121895459837216,0.0341641007102837,"TRIM21"
27.5093666666434,0.0222623607931599,0.00888374858903912,2.50596474787991,0.0122117794347609,0.0342214841932768,"ENSG00000267011"
12.5950508161784,0.0243462407490484,0.0097162450302827,2.50572527485343,0.0122200526220264,0.0342397354582304,"ENSG00000289494"
17.4467498256368,-0.025833744777442,0.0103104272147228,-2.50559402044493,0.0122245892364205,0.0342475133569949,"FAM27C"
241.92695860799,-0.00931895586203453,0.00372077175900332,-2.50457605723464,0.0122598243244974,0.0343412792246255,"CAPN15"
22.9883165210071,0.0159415352807434,0.00636599780301871,2.50416914583037,0.0122739340329318,0.0343758518177908,"LAT2"
1134.5384104569,-0.00664758541799285,0.00265477975988499,-2.50400636559051,0.0122795824874913,0.0343867202655044,"COX19"
162.202705892661,-0.0152168162820094,0.00607773169028889,-2.50369990934662,0.0122902227311681,0.0344115621626532,"NDFIP2"
669.679353004132,-0.00600355179888858,0.00239801668031744,-2.50354880688064,0.0122954720555462,0.0344213049730037,"MRPS22"
820.105579994272,-0.00621029529328798,0.00248078062865422,-2.50336334521322,0.0123019177392178,0.0344343937178767,"RHOT1"
161.910615476209,0.0128078171447691,0.00511664767992036,2.50316573389092,0.0123087889756198,0.0344486696927741,"ENSG00000290127"
214.785387266006,-0.0138616944007825,0.00553817312749946,-2.50293627188235,0.012316771973165,0.0344660526039465,"CCZ1"
5.12535140678821,0.0380779826008992,0.0152143785034401,2.50276293522535,0.012322805406852,0.0344749591859278,"KRT8"
1490.52297345652,-0.00696051083526059,0.00278115285809591,-2.50274299558855,0.0123234996257136,0.0344749591859278,"N4BP2L1"
1114.03695119211,0.0071347320779144,0.00285117149934722,2.5023861523405,0.0123359293479133,0.0345047687296895,"PRKAR2A"
8.52092618762927,0.0271210487921011,0.0108405359152275,2.50181808392007,0.0123557394711831,0.0345552104175387,"ENSG00000248161"
511.838499090538,0.00600275282763066,0.00239968510600469,2.50147521964864,0.0123677097324559,0.0345837150669924,"OGFOD1"
1007.96438612602,-0.00399392867771063,0.00159695543297764,-2.50096439464416,0.0123855629816126,0.0346240033817783,"NFYC"
3.39374802718339,0.0649485592615555,0.025969678630195,2.50093812042941,0.0123864818779905,0.0346240033817783,"TMEM244"
8160.4352431405,0.0191741446511527,0.00766686644426038,2.50091022069479,0.0123874576902882,0.0346240033817783,"LINC01619"
3.58038254109479,0.0411559646567263,0.0164593228167128,2.50046524483599,0.0124030302310097,0.0346625489976107,"ENSG00000290911"
114.958896308771,-0.015643991876077,0.0062574347928149,-2.50006470607415,0.0124170624599931,0.03469677947268,"WDCP"
20.6492920001776,-0.043575544643739,0.0174304891484085,-2.49996108960131,0.0124206947842208,0.034701944017219,"RFTN2"
604.911696385437,-0.00912290084472587,0.00365022822944816,-2.49926861315876,0.0124449940411075,0.0347648397376967,"TFRC"
5.06859216387615,0.0479533234352674,0.0191873334664155,2.49921770105274,0.0124467822262227,0.0347648422002093,"TGFBI"
326.175199350038,-0.00988408442206382,0.00395513206272301,-2.49905294319272,0.0124525705737818,0.0347760158263648,"SLC39A3"
874.320235600051,-0.00526211515385728,0.00210583546068802,-2.49882540782082,0.0124605683686674,0.0347933556329241,"CHCHD5"
135.887903257346,0.0106622294933424,0.00426723960664202,2.49862451518929,0.0124676334606352,0.034808086470908,"ADCY10P1"
149.626517300437,-0.00735096508630481,0.00294262393770008,-2.49809871799324,0.0124861417536673,0.034854756494056,"ATAT1"
965.196689640188,0.0116623339284538,0.00466910896442618,2.49776435232263,0.0124979242245771,0.0348826408512339,"ANTXR2"
9978.07385876651,-0.0119651402305058,0.00479057805064561,-2.49764018120804,0.0125023023073907,0.0348898539714571,"RAC2"
439.032863111288,-0.00516268870118601,0.00206744424204737,-2.49713564031766,0.0125201056175192,0.0349345250848324,"HCFC2"
18.8078377050396,0.05638946278024,0.0225849420368896,2.49677252605453,0.0125329324131128,0.0349652995363536,"ENSG00000290870"
20.0376418332342,-0.174400071304366,0.0698518051386704,-2.49671530976394,0.012534954605394,0.0349659260045201,"RNF17"
324.009640221982,0.0081939027766478,0.00328210961318448,2.49653538191786,0.0125413156684531,0.0349736388626641,"PPP4R3B-DT"
68.098886741179,0.0193426963842701,0.00774780668033319,2.49653833430938,0.0125412112682824,0.0349736388626641,"ENSG00000285730"
14.6963850381923,0.0235861253549558,0.00944822291277197,2.49635572453232,0.012547670021376,0.0349863431172283,"ENSG00000256448"
96.0691993427456,-0.00872412593141587,0.00349521515107696,-2.49601971676271,0.012559562027108,0.0350094641715789,"WDR24"
13.0852124166737,-0.0359458585975042,0.0144011917021363,-2.49603361589666,0.0125590699104004,0.0350094641715789,"GRIK5"
3111.0127851653,-0.00805521288715294,0.00322793249553967,-2.49547129572368,0.0125789932113031,0.0350586039479949,"BIN1"
1656.76403532342,-0.0126356753687699,0.00506483267397135,-2.49478633987374,0.012603299356918,0.035121314583297,"PECAM1"
697.378090745806,0.00961250533565353,0.0038550727344527,2.49346925409391,0.0126501539538103,0.0352468334845386,"TUBGCP5"
2.87801863841267,0.0442048429263286,0.0177301508098398,2.49320174433012,0.0126596892830962,0.0352683495052284,"ZNF692-DT"
336.663591595923,0.00933221083714418,0.0037433016769186,2.49304267798855,0.0126653621852514,0.0352779461223956,"ZDHHC21"
1.86359594475431,-0.0732970617307785,0.0294011071653531,-2.49300345454858,0.0126667613859859,0.0352779461223956,"RORB"
3.47163415260004,0.0415453422472557,0.016669039377886,2.49236571498966,0.0126895303982722,0.0353363000396268,"ENSG00000286445"
4.74129159615522,-0.0544429638654689,0.0218474754196436,-2.49195675105408,0.0127041505649227,0.0353719485597353,"ENSG00000260978"
386.781965962097,-0.00521653014385857,0.00209379265197037,-2.49142633056312,0.012723134923594,0.035419736281498,"RBM15"
18.3246338943785,0.0182728539204675,0.00733484453798866,2.49123942925151,0.0127298303162584,0.0354333041616402,"ENSG00000236924"
190.545683785015,-0.0149956918409568,0.00602062613865503,-2.4907196520106,0.0127484667693612,0.0354801011776857,"GRB10"
1125.14886255417,0.00408653970578987,0.00164074011027073,2.49066849783759,0.0127503021910042,0.035480132749245,"UBP1"
338.225318347895,-0.00581322487477267,0.00233411414695413,-2.4905486659076,0.0127546026995151,0.0354870229020554,"RPUSD1"
26.5270834537443,0.0169436153408244,0.00680490235900459,2.48991307250776,0.0127774342390819,0.035545462440558,"PLCB3"
10688.2565717842,0.00497725939172846,0.00199917783810209,2.48965314484158,0.0127867816751013,0.0355663792882017,"EIF3K"
12.7794859020254,0.0212879792607387,0.00855078809397548,2.48959265821793,0.0127889577435748,0.0355673458779344,"DNAH12"
88.0602432258919,0.0131869606483991,0.00529757255705826,2.48924587749711,0.0128014398630659,0.0355969702325224,"NUDT17"
23.8640050183872,-0.0187925828428101,0.00754970235933577,-2.48918195027538,0.0128037420533553,0.035598282830162,"MICALL2"
4.05170408249376,0.0574045123835968,0.0230693822055739,2.4883419881841,0.0128340253862499,0.0356742121339969,"ENSG00000278158"
218.080853980627,0.00961263420228083,0.00386309783142984,2.4883227455627,0.0128347198865719,0.0356742121339969,"RAB39B"
106.281411838426,-0.0289391762563595,0.0116327487227693,-2.48773329038867,0.0128560104871906,0.0357282840386261,"NLRP6"
17.4770356560473,0.0200286545785281,0.00805225896075051,2.48733363844291,0.0128704633331346,0.0357633403275431,"ENSG00000287584"
596.934984768272,0.0114940675171914,0.00462267238285743,2.48645514222803,0.0129022834456447,0.0358466383804079,"MTX3"
752.047968268473,0.0263188416345726,0.0105856803428018,2.48626831552394,0.0129090594852522,0.03586034219475,"ENSG00000290927"
641.695523106601,-0.00613636099764356,0.00246831859484965,-2.48604900941377,0.0129170175410812,0.0358773251737212,"CRTC2"
73.6098349290485,-0.0147203869616859,0.00592152949635893,-2.48590958986817,0.0129220789749337,0.0358862590150536,"CREB3L4"
20392.4470001992,0.00418137756508973,0.00168215477955416,2.48572700676092,0.0129287100556839,0.0358995487927349,"CD3E"
223.635164213168,0.00829177635863739,0.00333584381532978,2.48566084555061,0.0129311136514338,0.0359010978638366,"TCEANC"
274.758475596139,-0.00575382058383703,0.0023151843477693,-2.48525375069199,0.0129459118568665,0.0359370531651078,"MFN2"
344.810929225008,-0.00536981577493724,0.00216102980988395,-2.48484113933884,0.0129609258763742,0.0359735972062435,"FRMD8"
12.2547460742853,0.0232945700766832,0.00937598754498586,2.48449242972179,0.0129736266599637,0.0360037112516697,"ENSG00000273448"
199.172362059611,-0.00962820792077534,0.00387554139624336,-2.48435171666807,0.0129787548607285,0.0360128046784637,"ATG4A"
671.285927375311,-0.00656805831519603,0.00264397280262871,-2.48416258619071,0.0129856504294508,0.0360267988166092,"REEP3"
1764.95349919097,-0.00685633564826309,0.00276042740739067,-2.48379494780633,0.0129990635479818,0.0360588683787499,"MRPS24"
272.69716088884,0.0103990915150882,0.00418734472366281,2.48345722680117,0.0130113959428247,0.0360879313394956,"PRXL2A"
227.521881210035,0.0113650383384073,0.00457657574420345,2.4833060728432,0.0130169189105629,0.0360981023281094,"SCGB2B2"
31.4226305305481,0.02098263817067,0.00845274383390746,2.48234639342788,0.013052032740911,0.0361903191508853,"ENSG00000288785"
1031.06059941827,0.0065475999625822,0.00263809895762378,2.48193872472466,0.0130669743172278,0.0362265845844354,"SMIM7"
744.8213322078,-0.0124436916426841,0.00501466953657713,-2.4814579608725,0.0130846143615365,0.0362703197871238,"CUBN"
1873.68751409896,0.00577719872272945,0.00232824986747802,2.48134824506073,0.0130886429717795,0.0362763172476607,"HSD17B11"
393.020521118042,0.0068756778517802,0.00277117642604987,2.48114042366513,0.0130962768879183,0.036292303995854,"ZNF7"
3742.41871037523,0.00359915769084593,0.00145065239866222,2.4810614135854,0.0130991802029555,0.0362951786506677,"SPCS1"
3274.8831677648,-0.0119417227697503,0.00481457470679042,-2.48032765031309,0.0131261703679953,0.0363647827699581,"ANXA6"
13.0394788410343,0.0246656297509339,0.00994521372973831,2.48015079627484,0.0131326829767178,0.0363776440586923,"LINC01618"
107.784883141959,-0.0221274407810186,0.00892219036236698,-2.48004580515904,0.0131365506016045,0.0363831761002149,"CPNE2"
11.7289417560714,0.0234600695033684,0.00946113079535358,2.47962637984983,0.0131520112908571,0.0364208103101453,"ENSG00000258949"
849.087713206755,-0.00421774820957174,0.00170108806340533,-2.47944142358416,0.0131588341858339,0.036434517259595,"EIF4E"
536.118428386655,-0.00732697181735492,0.00295663155854196,-2.47814841730505,0.0132066196794165,0.0365616224572061,"ZNF544"
219.340064717663,-0.0067413460528955,0.00272079379563746,-2.47771296145435,0.0132227472755834,0.0366010612291694,"PHAF1"
2992.53029903602,0.00567132747115771,0.00228939846906034,2.47721292199756,0.0132412882737263,0.0366469718782991,"PCNP"
1150.6881969511,-0.0189453553958773,0.00764800189457892,-2.47716405631466,0.0132431014000599,0.0366469718782991,"TRBV10-3"
77.5883251577672,-0.0115603476901802,0.00466724379651979,-2.47691104090177,0.013252492867518,0.0366677437789605,"ACTMAP"
84.0218234735766,0.0137347372572916,0.00554607136481446,2.47648044062828,0.0132684894964921,0.036706782704632,"ENSG00000290459"
7997.75866671964,0.00660116809642501,0.00266594097642434,2.476111869993,0.0132821953050941,0.036739473958957,"MAL"
20.0738011568383,-0.0419360410997445,0.0169430192810344,-2.47512207854751,0.0133190640221374,0.0368362170189953,"ENSG00000236069"
6.90163523436531,0.027644328186381,0.0111691319498339,2.47506505523844,0.0133211908352772,0.0368368613785865,"ENSG00000215022"
45.1059970485439,0.115090768334999,0.0465013196242198,2.47500004870947,0.013323615766815,0.0368383298195193,"UTS2"
1498.27469715648,-0.00466893277233274,0.00188667497807035,-2.4746884474548,0.0133352448133796,0.0368652425902568,"CHCHD3"
2.83185036802531,0.053060804144317,0.0214437457938251,2.47441863256915,0.0133453216276378,0.0368870762547386,"TLR3"
7.91719029741288,0.0309479542220565,0.01250738015318,2.474375436185,0.0133469355138991,0.0368870762547386,"SEPTIN4"
261.674410863284,-0.00967568661051881,0.00391053656371937,-2.4742606168899,0.0133512261858281,0.0368884517813271,"DNAJB4"
3411.09236169034,-0.00371872896867087,0.00150295648513214,-2.47427587256056,0.0133506560278178,0.0368884517813271,"CRBN"
438.73875361089,0.0068429076450157,0.00276576467925918,2.47414673284807,0.0133554831126283,0.0368949725924917,"TMEM106C"
6.84394284816615,-0.0275266869795863,0.0111265099257472,-2.47397316528594,0.0133619732861599,0.0369076600950151,"SLC24A5"
41.5244094302516,-0.0140674153548819,0.00568640074043479,-2.47386985142491,0.0133658378019148,0.0369130925862622,"LYRM4-AS1"
16906.6688151453,-0.00646983763479749,0.002615607571503,-2.47355058353793,0.0133777864491574,0.0369408467096197,"TCF7"
9975.23746030012,-0.00690825469401847,0.00279327676797695,-2.47317228755023,0.0133919564513424,0.0369747260376241,"DPYD"
1901.45841728941,-0.00417635838023693,0.00168894422743154,-2.47276275462816,0.0134073114612445,0.0370118670497682,"SLC44A2"
618.853939589573,0.00660882251768039,0.00267358846985917,2.47189221235252,0.0134400032369495,0.0370968501435937,"BLOC1S5"
9.59621563997269,0.0254044835153079,0.0102786778892388,2.47157112899753,0.0134520787622978,0.0371216987088938,"ENSG00000272936"
7.10970820050619,0.0279148982346555,0.0112944843978615,2.47155135651353,0.0134528226928689,0.0371216987088938,"ZNF252P-AS1"
1065.38177028762,0.00691878124348295,0.00279948397983975,2.47144877174078,0.0134566829811854,0.0371218182764199,"JADE2"
840.648769481134,0.0211007510689222,0.00853771173524214,2.47147616636225,0.0134556520195671,0.0371218182764199,"TRAV9-2"
20.0962101931582,0.0248834978601975,0.0100726975281843,2.47039065658144,0.0134965572498951,0.0372167352143165,"RBM12B-DT"
72333.5189640917,0.00520899333223062,0.00210857687145644,2.47038341487292,0.0134968305075209,0.0372167352143165,"FAU"
32.2841235305538,-0.0182210507846695,0.0073757177661722,-2.47041052305961,0.0134958076360605,0.0372167352143165,"CCNF"
136914.648746273,0.00601019321317024,0.00243303994131501,2.47024025833371,0.0135022333601461,0.0372263559302908,"RPS28"
1542.07211313254,-0.012030526705871,0.00487073705362315,-2.46996020795702,0.0135128082317869,0.0372502314224046,"PRKX"
4.49768304108035,0.035529004348447,0.0143877704028038,2.46938916550429,0.0135343938170381,0.0373044486517229,"RBP2"
2048.89425184017,-0.00522851728373542,0.00211746639856674,-2.46923270530974,0.0135403133765209,0.037315476832914,"BLOC1S1"
72.5232455446283,0.0134243077587121,0.00543699179405724,2.46906897549214,0.0135465104262727,0.0373236961314824,"THBS4"
80.9300772251363,0.0170311489467736,0.00689784799534764,2.46905251583689,0.013547133550371,0.0373236961314824,"GPR150"
25.2489833915049,0.0196950268738622,0.00797738859648922,2.46885639776027,0.0135545600713565,0.0373388681416165,"SEC61G-DT"
742.352037465355,-0.0146653944093512,0.00594105967397457,-2.46848124983401,0.0135687760446845,0.0373568666447498,"PSD4"
28.657324643976,-0.0187750427168478,0.00760567355158176,-2.4685575300485,0.0135658843918551,0.0373568666447498,"EBLN2"
40.9316159017873,0.0193184260457723,0.00782599646885337,2.4684940917949,0.0135682891897321,0.0373568666447498,"CLDN12"
5.31347738220117,0.0321774638100016,0.013035307580561,2.46848519769388,0.0135686263746889,0.0373568666447498,"ENSG00000272973"
117.847430619082,0.0095462103133805,0.00386737651945741,2.46839434054376,0.0135720712912933,0.0373606508189846,"ENSG00000230325"
5.22916790392188,-0.0425494201152479,0.0172383493632621,-2.46830013817495,0.0135756438602405,0.0373651972160093,"C1orf53"
5841.44991866824,-0.00591864320165441,0.00239887760928554,-2.46725517748159,0.0136153291325535,0.0374691237913551,"NUCB2"
333.250072445242,-0.00715213334953387,0.00289929798397034,-2.46685004062247,0.0136307428726856,0.0375062356226635,"SLC39A6"
682.710214799091,0.00741369463099677,0.00300573105996065,2.46651961972068,0.0136433253976851,0.0375355477100952,"TRMT10B"
263.709410476932,0.00847762285734337,0.00343737562637466,2.46630679297758,0.0136514353340918,0.0375525482510845,"PEX7"
927.234309904293,0.0073433806882018,0.00297798897176655,2.46588578998185,0.0136674905403566,0.0375913968467868,"KAT2B"
94.7258320383439,-0.0165907344889855,0.00673213278607508,-2.46440987071767,0.0137239074257454,0.0377412305016504,"ENSG00000288965"
1146.92994373098,-0.00813461385437196,0.00330150383904145,-2.463911675091,0.0137429972869473,0.0377883856698349,"WDR36"
822.931968561304,-0.00806937190620875,0.00327565607213109,-2.46343685921793,0.0137612131050091,0.0378331245378844,"AK9"
2042.15910444795,-0.0100823319643791,0.00409332335126963,-2.46311642134303,0.0137735184188082,0.0378616035562802,"USP10"
8.29702221320446,0.0360739226952234,0.0146460076617898,2.463055020061,0.0137758774327943,0.0378627373103407,"LINC02851"
1623.88087779281,-0.0102409289020741,0.0041582414889406,-2.46280282886677,0.013785570265581,0.0378840247578152,"IQCB1"
28813.1269616768,0.00566980435892425,0.00230257515771558,2.46237537129922,0.0138020131228484,0.0379226551220605,"ARHGAP15"
21.5602091849265,0.0176966459570908,0.00718693372053274,2.46233604555616,0.0138035267217207,0.0379226551220605,"ENSG00000272181"
353.532551029461,0.00632278211767605,0.00256817840859631,2.46197152678809,0.0138175635726693,0.0379558577957903,"TBCEL"
400.885647096889,-0.0124401174938731,0.00505344229527703,-2.46171159518328,0.0138275806890101,0.0379741549945526,"TRBV21-1"
26.6852161763881,-0.0301566666621614,0.0122503549983066,-2.46169736847054,0.0138281291361069,0.0379741549945526,"KCNG2"
1067.59748416943,0.00443922186776999,0.00180342308043782,2.46155320729968,0.0138336877069831,0.0379840569718418,"ZBTB8OS"
1270.6161177727,-0.00511060936795032,0.00207724919653001,-2.46027745563097,0.0138829642261961,0.0381130377584657,"IARS2"
4.2817782720669,0.0472825520928528,0.01921870850232,2.46023566501074,0.013884581027016,0.0381130377584657,"SCAND3"
559.164873561827,-0.0245231302606975,0.00996980669188679,-2.45973979421827,0.0139037780320284,0.0381603480317461,"DLEU1"
8.27873121261509,0.0301376149278264,0.0122533453113099,2.45954179549721,0.0139114498438329,0.0381760173409134,"ENSG00000254757"
753.350029059899,0.00557039234923472,0.0022650754379608,2.45925246280081,0.0139226672732893,0.038196022726763,"MRPS9"
1106.09585853947,-0.00744166611287424,0.00302595634865479,-2.45927741693382,0.0139216994869257,0.038196022726763,"VAV1"
493.912423157117,0.00539049111429905,0.00219225178833118,2.45888320994482,0.0139369948055635,0.0382259796703094,"LIN7C"
2560.82059237253,-0.00994676654852135,0.0040452596321977,-2.45886975198116,0.0139375172393108,0.0382259796703094,"FUT8"
608.392085086817,-0.0133827609694879,0.00544495432401312,-2.45782795834812,0.0139780118332567,0.0383316379766921,"EXOSC5"
60.8076060123463,0.0115240046291554,0.00469062191877559,2.45681805711674,0.0140173658675773,0.0384341392007678,"TNFRSF14-AS1"
643.564484981628,-0.00787135537307979,0.00320418689556041,-2.45658434718213,0.0140264870460228,0.0384484469100119,"CERS2"
385.981219501804,0.00613242864685704,0.00249632457145137,2.45658305694265,0.0140265374157341,0.0384484469100119,"CPEB4"
1167.23134222067,0.00689041374038376,0.00280495057594376,2.45651877059024,0.0140290472954053,0.0384499082630587,"THYN1"
485.1901145889,-0.00649866946845379,0.00264578955341912,-2.45623067792964,0.0140402999316985,0.0384753274121537,"TMEM41A"
41.2024667691729,0.0169380306082882,0.00689773750811996,2.45559222692206,0.014065265638213,0.0385383127100833,"ENSG00000235319"
19.6399021593593,-0.0185378997948606,0.00754949834880054,-2.45551412006148,0.0140683225826016,0.0385412595146737,"OGFRP1"
567.876953022075,-0.0138908790735597,0.00565791154419513,-2.45512482212829,0.0140835676617488,0.0385740683074135,"VKORC1"
7.33110914787906,-0.0656893408528994,0.0267562024898699,-2.45510703089386,0.0140842647225978,0.0385740683074135,"ENSG00000226043"
445.974443568619,-0.0147469293596988,0.00601002595029969,-2.45372141179581,0.0141386469166603,0.0387175589435394,"SIAH1"
109.547373689884,-0.0105815998997841,0.00431397433349799,-2.45286575249602,0.0141723219389096,0.0388043122232167,"ENSG00000273275"
12.2571686545302,0.0288165584396647,0.0117512612541303,2.45220983658553,0.0141981838304459,0.0388696514688253,"ENSG00000288766"
4773.04352516929,0.00445767970570944,0.00181792162434214,2.45207474624907,0.0142035154308479,0.0388787754918973,"HNRNPH1"
192.74686487026,0.00800878638104215,0.00326640094762417,2.45186874160913,0.0142116492016733,0.0388955661491132,"ZNF182"
15.4716657962904,0.0270575937616925,0.0110384806053607,2.45120635067767,0.0142378305295813,0.0389617391152063,"MAP3K21"
845.30214753857,-0.0072030574001171,0.00293867042995297,-2.45112800901338,0.0142409298347565,0.0389647385308552,"WASHC5"
1502.71298125519,-0.00562005109468306,0.00229302652853983,-2.45093156347469,0.0142487041111469,0.0389805265352908,"MLF2"
8.153008053482,0.0274776183079371,0.0112113987796714,2.45086441468478,0.014251362363971,0.0389823160373505,"TECTA"
3.16269233063389,0.046214918743716,0.018858225548785,2.45065044026338,0.0142598359953792,0.0390000098349438,"ACOT6"
48.4866562219594,0.0202368328571114,0.00825870201375234,2.45036481803232,0.0142711538882286,0.039025476490923,"ZNF165"
89.0223681126661,0.0151978769831167,0.00620307992354076,2.45005338806624,0.0142835034530854,0.039053756770588,"H4C8"
3.79648508585796,-0.037168690127288,0.0151724376803319,-2.44975071971921,0.0142955146137314,0.0390811039707224,"BSN"
16.0225419093121,0.0225605303993653,0.00920960617766238,2.44967373893633,0.0142985709578312,0.0390839662311377,"ENSG00000287129"
5.3529690196636,-0.0875049550090494,0.0357318967552283,-2.44893114990448,0.0143280833515683,0.0391591329593023,"OR2AG2"
5990.39316040803,0.00757533940527485,0.00309353534922607,2.44876445558317,0.0143347155915097,0.0391717551236942,"FLT3LG"
3.62255468671153,0.0439432425770604,0.0179488970956391,2.44824193614309,0.0143555225389635,0.0392175939473848,"COL6A4P1"
86.1756361825336,0.0143759903290416,0.00587185681652113,2.44828693516387,0.0143537296110248,0.0392175939473848,"LINC02175"
1134.49532111539,0.0124616118970706,0.00509143006304003,2.44756615386561,0.0143824719807715,0.0392856989886233,"IGFLR1"
6.56451472248816,-0.0328638424322698,0.0134274979523391,-2.44750306787758,0.0143849900552098,0.0392870600342441,"METTL7A"
10.877136253044,-0.0322637747278415,0.0131843445486975,-2.44712769820848,0.0143999809605906,0.0393114427599225,"MUC13"
624.98328293779,-0.00563032521490076,0.00230074413389068,-2.44717573413067,0.0143980618113252,0.0393114427599225,"ADIPOR2"
355.834533503793,0.0239160929033049,0.00977296110911382,2.44716955652283,0.014398308608801,0.0393114427599225,"MIR99AHG"
23.312313395008,0.0184973168738594,0.00755895625937233,2.44707288138156,0.0144021712987471,0.0393119048459064,"ENSG00000285632"
18.6936256915406,0.0229951605263692,0.00939721303186961,2.44701917987638,0.0144043173564671,0.0393122459521035,"ENSG00000237461"
7.13479940806212,-0.0351471417918717,0.0143638267736774,-2.44692047221574,0.0144082627178027,0.0393174969309737,"CDC20"
63.1252153567296,-0.0207470863150964,0.00848055777129478,-2.44642945365241,0.0144279029759067,0.0393655689135028,"TASL"
2.87226031973757,0.0465207160494455,0.0190194548493958,2.44595423043492,0.0144469339155193,0.0394119651599953,"SNCG"
2682.88871307834,-0.00659258512972108,0.00269577492067483,-2.44552506188862,0.0144641395548953,0.039453369581022,"FIS1"
818.087378738343,-0.00445111272442727,0.00182016235625611,-2.44544818165714,0.014467223639891,0.039456248881032,"ORC5"
1120.01881114345,0.0054059500732356,0.00221075911864888,2.44529131538287,0.0144735181996821,0.0394671414200235,"HEXD"
416.095114092791,-0.00848938209527121,0.00347178843702301,-2.44524752854776,0.0144752756614286,0.0394671414200235,"EBP"
208.70349379279,0.00613340903723734,0.00250854099819121,2.44501048285033,0.0144847931753354,0.0394875559990819,"PORCN"
616.933139739805,-0.0180931519643884,0.00740119078269827,-2.44462715468498,0.014500195687142,0.0395240059291758,"HSH2D"
2431.30527903508,-0.00479643544778521,0.00196219276140656,-2.44442622668069,0.0145082749443714,0.0395404870313814,"GHITM"
8.9595416913487,0.0248757667773402,0.0101780162425315,2.44406829234467,0.0145226772152167,0.03957419368355,"MMP21"
123.972014255701,0.0077715992992133,0.00317986354115888,2.44400402678317,0.0145252644151146,0.0395756994170604,"ZNF446"
17.8054693981973,-0.028359849043918,0.0116056998710981,-2.44361385861297,0.0145409805118439,0.0396129708593664,"PCLAF"
1574.90328717399,0.00482802549538909,0.00197591910081757,2.44343277687402,0.0145482796339223,0.0396273053016976,"SPG11"
411.144073336839,-0.012608093349969,0.00516023268027594,-2.44331876703179,0.0145528768496726,0.0396342771776788,"SRPRB"
4199.79188648987,-0.00851592523442029,0.00348566994458044,-2.44312438349504,0.014560717925307,0.0396488433260596,"UBE2B"
269.67835139096,-0.00734800494591323,0.00300767454773758,-2.44308512416695,0.0145623020267014,0.0396488433260596,"NFKBIL1"
274.916668605641,0.0085022346351246,0.00348039215132561,2.44289558918994,0.0145699518404132,0.0396585688843936,"TMEM120A"
1425.36224816748,-0.00891192849539897,0.00364806976454757,-2.44291613663924,0.0145691223544309,0.0396585688843936,"KANSL2"
1085.01534564435,-0.0053343537559677,0.00218382293311057,-2.44266770674929,0.0145791540852016,0.0396780643782365,"LTN1"
680.009148424922,-0.00714260743526654,0.0029246644209018,-2.44219726004126,0.0145981676595055,0.0397186962015724,"STAM"
15420.7656248219,0.00949331307362155,0.00388712548507751,2.44224507545895,0.0145962341540277,0.0397186962015724,"PCED1B-AS1"
10.7236159543042,0.0273314067764362,0.0111921446843204,2.44201692770521,0.0146054617652157,0.0397329841671622,"ENSG00000261839"
2529.94611510801,0.00853300924741468,0.00349550582009689,2.44113718774416,0.0146410916914018,0.0398243426778711,"MYLIP"
3998.13686852103,-0.0104763555301338,0.00429180807583804,-2.44101212006973,0.0146461632130676,0.0398325672060091,"CD5"
582.874124309694,-0.00664328376816335,0.00272164304062028,-2.4409092849477,0.0146503343599199,0.0398383410645607,"TBC1D17"
3.4559543460908,-0.0692893479465334,0.0283895926475963,-2.44066016749979,0.014660443278722,0.039860257508306,"ENSG00000280164"
520.636018475343,0.0124279788968402,0.00509255550609987,2.44042090104938,0.0146701582429014,0.0398810968529245,"CASP6"
1298.54145556056,-0.00556497516229583,0.00228086455892682,-2.43985340581303,0.0146932230142886,0.0399382169998502,"LARP1"
4.72227570863483,-0.0411621808952482,0.0168712428069045,-2.43978356344933,0.0146960638329874,0.0399403573585914,"GUCY1B1"
4.18531859222459,0.0453392756987648,0.0185861144735624,2.43941657430644,0.0147109989709823,0.0399677273391787,"SASH1"
1324.80586006309,-0.00724689951030297,0.00297078999982914,-2.439384645404,0.0147122989948342,0.0399677273391787,"MVP"
7.45847576678467,0.030182911472682,0.0123729395096534,2.43942932470761,0.0147104798512788,0.0399677273391787,"TERB1"
31.1939470167188,0.0144661060569574,0.00593064026868732,2.43921489106931,0.0147192124481935,0.0399809246375942,"SNORC"
7.26715150566047,-0.0436942690338918,0.0179176300691888,-2.4386187718558,0.0147435128220423,0.0400413387184507,"ENSG00000267260"
16.6702717726836,0.0239603058603299,0.0098260918007261,2.43843700488931,0.0147509294535973,0.0400558884269051,"GLB1L"
3441.73153724163,-0.00612558757111325,0.00251224917742976,-2.43828821844027,0.0147570028293572,0.04006678699523,"PDS5A"
136.994710499754,0.0090407826622262,0.00370792419955605,2.43823286983824,0.0147592626892328,0.040067329876939,"TRAM2"
654.787771064534,-0.00503030523435199,0.00206332975612374,-2.43795506725117,0.0147706098584712,0.0400925387045942,"SAMM50"
7386.5436861998,0.00806560796850219,0.00330843453172772,2.43789257159343,0.0147731636252864,0.0400938754953881,"DDX24"
496.700100886287,-0.00717983146778814,0.00294565534982925,-2.43743093305344,0.0147920396670384,0.040128307331041,"DFFA"
2129.8743748889,0.0153165850142053,0.00628370532724977,2.43750847891987,0.0147888673921815,0.040128307331041,"ENSG00000289341"
14189.4993002511,-0.0125241406688047,0.00513818323082385,-2.4374647820406,0.0147906548864652,0.040128307331041,"STK17B"
15.8101701746427,0.0245677123194938,0.0100799520737563,2.43728463585231,0.0147980260796941,0.0401389492785009,"ENSG00000287548"
16.579929941613,-0.028311334704672,0.0116182440443786,-2.43679979491999,0.0148178808079586,0.0401872001667042,"AJM1"
965.155060293503,-0.00524329987163982,0.00215196477928715,-2.43651751278972,0.0148294513570557,0.0402129734206176,"AKR1A1"
34.1233621836401,0.0357230572295613,0.0146623616513164,2.43637812782731,0.0148351675858122,0.0402221311398548,"RNF32-DT"
1528.24139907833,0.00623431663465806,0.0025588920870923,2.43633432847971,0.0148369642140999,0.0402221311398548,"PARP4"
3479.42511853393,-0.00529302057724925,0.00217273400912309,-2.43611070431281,0.0148461401592231,0.0402413980263447,"ZNF207"
652.639537211347,0.00486779097843795,0.00199851267138566,2.43570683745673,0.0148627246533543,0.0402757970642896,"ENSG00000290683"
966.230898632528,-0.0044514690378978,0.00182759270493358,-2.43570081336015,0.0148629721519444,0.0402757970642896,"CLTC"
34.9691317420907,0.0192288786779983,0.00789677672585959,2.43502879029484,0.0148906048710232,0.0403450557663007,"ALDH8A1"
2379.17290692164,0.0142945316719639,0.00587189974791207,2.43439641098211,0.0149166488184851,0.0404099911097986,"GPR183"
548.327858842163,-0.0141441913090284,0.00581146827510852,-2.43384126686371,0.014939544978291,0.0404607476152517,"MCM3"
718.355257703392,-0.00600926018354696,0.00246899413869423,-2.4338900159257,0.0149375331505682,0.0404607476152517,"CARNMT1"
390.169478581831,-0.00601589998226473,0.00247187835860821,-2.43373625620153,0.0149438794800592,0.0404668522576404,"RNF40"
698.281764762394,0.00625928894525104,0.00257197529639962,2.43365049190523,0.0149474203757753,0.0404708064767826,"APTX"
1634.92108920479,-0.00500344440301454,0.00205598918817718,-2.43359470554928,0.0149497239881625,0.0404714100617605,"MAP2K4"
2040.33883781407,0.00362280139334698,0.00148878474096493,2.43339503264852,0.0149579717390873,0.0404872847387454,"DGUOK"
8.47474669821731,0.0287320258979602,0.0118075914321375,2.43335197216922,0.0149597509340066,0.0404872847387454,"LINC02935"
8.64732381552736,0.0312277815727476,0.012837145551308,2.432611007481,0.0149903957117694,0.0405645780453015,"TSPEAR"
5.19679677475088,0.0328118772290077,0.013489346246134,2.43242901696674,0.0149979309196132,0.0405793231767139,"ENSG00000271761"
449.679246029339,0.00667023570875486,0.00274244377536132,2.43222332165262,0.0150064516270959,0.0405967302640672,"MIS12"
1808.80746919749,-0.00397287050053322,0.00163365144372785,-2.43189605456319,0.0150200171043843,0.0406228052522465,"POLR2B"
4.54033659889389,-0.0373761788143114,0.0153691895673895,-2.43189002584864,0.0150202671006199,0.0406228052522465,"ENSG00000273096"
11.6382240099363,-0.0306291972582406,0.0125967650414462,-2.43151294459042,0.0150359110359511,0.0406594613596948,"ATP2C2-AS1"
5.45096961242816,0.0365193962514098,0.0150225599020695,2.43097025337067,0.0150584508070546,0.0407147521056462,"ENSG00000283286"
1307.20167021741,-0.0095592287146095,0.00393240372237395,-2.43088690518244,0.0150619151695858,0.0407184589247553,"DMAC1"
390.542430563944,0.00841354326963361,0.003461488206397,2.43061445481309,0.0150732444515133,0.0407434238224549,"TMEM101"
9.53690554638798,0.0244944217622777,0.0100795561374951,2.4301091663313,0.0150942756915196,0.0407946028172498,"MYO15A"
31.7073672350601,0.0155310217421238,0.00639144822526291,2.42996910789886,0.0151001098104533,0.0408047007395286,"LINC02728"
1544.07794816622,-0.0096539207459341,0.0039730567464212,-2.4298471836905,0.0151051901670768,0.0408127592637603,"SLU7"
222.949558109747,-0.0100163616665016,0.00412260301304937,-2.42962071167091,0.0151146308331197,0.0408325950465294,"METTL2A"
3.21693232338148,-0.0492729432194275,0.0202820015049479,-2.4293925433053,0.0151241474672977,0.0408526305216508,"BMAL2"
7.40909482498868,0.0247447016187524,0.0101871084620735,2.4290211212413,0.0151396503317986,0.0408866678999864,"ENSG00000286310"
992.857011549703,-0.00560249840720625,0.00230651363470184,-2.42898993655005,0.0151409525928539,0.0408866678999864,"CACUL1"
35.361991116049,-0.0232733097472503,0.00958204040434569,-2.42884696423272,0.015146924326383,0.0408971161955131,"ZNF285"
19.4989426209711,0.020052659482621,0.0082568615519939,2.42860551268158,0.0151570140952315,0.0409186788572307,"ENSG00000273355"
288.062909660933,-0.00717397731012537,0.00295506092560331,-2.42769184485112,0.0151952480082048,0.0410162044140426,"ZNF180"
24.0762538624238,0.0198660303659477,0.00818532390494368,2.42703045067639,0.0152229780858237,0.0410853540651251,"NIM1K"
12.6370462131524,0.0299549034745824,0.0123432920233803,2.42681639694198,0.015231962192425,0.0411038979751468,"IKBKB-DT"
6800.44663863789,-0.0140507574234802,0.00579129179895362,-2.42618709456479,0.0152584018545239,0.0411695345363218,"LBH"
11.7890300498707,0.0233732981999374,0.00963450930418443,2.42599778172262,0.015266363592316,0.0411853034998805,"ENSG00000230623"
485.021315585054,-0.00649641630062857,0.00267885933292567,-2.42506809550676,0.0153055155698148,0.0412852008526511,"LRRC28"
101.590414534203,-0.00961722468056746,0.00396616535964566,-2.4248168718378,0.0153161105390638,0.0413080513166016,"TOMM40L"
165.222496005541,-0.00824943844240932,0.00340267632221582,-2.42439705138845,0.015333830227145,0.0413501083804516,"NTAQ1"
49.6804736719475,0.0287152251157856,0.0118445594569656,2.42433880467363,0.0153362901166093,0.0413510090183209,"NIPSNAP3B"
1178.01630430944,0.0041722540608332,0.0017216152564305,2.42345323396106,0.0153737325693444,0.0414462192940149,"RCOR3"
5.07069596616844,0.0373240056144355,0.0154018449167987,2.42334641181372,0.015378254506951,0.0414472450630018,"ENSG00000267731"
19.5442929186448,0.026245188543983,0.0108301558455885,2.4233435712445,0.0153783747683761,0.0414472450630018,"ENSG00000289001"
22.3714098012809,0.0172154371884061,0.0071052455985514,2.42291936986893,0.0153963435142243,0.0414899248677165,"CCDC96"
168.250508015114,0.0216268516468661,0.00892681089063181,2.42268509009889,0.015406275290436,0.0415109378964221,"RAB27B"
4.41589424797297,-0.0369294397429124,0.0152442044569711,-2.42252325119037,0.015413139388285,0.0415236806428715,"ENSG00000286746"
28.0171284990327,0.0179281742571606,0.00740090073200049,2.42243139130911,0.0154170366526004,0.0415284281858095,"ENSG00000264254"
3.31847139254084,0.0434297632724103,0.017932821877524,2.42180308091069,0.0154437167289849,0.041594535322,"ENSG00000267786"
880.1836936572,0.0148623781610711,0.00613886535698071,2.42103015733528,0.0154765932817873,0.041677310802166,"ENSG00000288755"
4.69363935005892,-0.0727516541827301,0.0300546176693922,-2.42064813410755,0.0154928654960129,0.0417038094053346,"SLC18A2-AS1"
323.851743297953,-0.00630184584043731,0.00260334455653743,-2.42067298568387,0.0154918064896679,0.0417038094053346,"COG8"
263.660493496725,-0.00772561844929928,0.00319144925136854,-2.42072420421112,0.0154896241028881,0.0417038094053346,"FZR1"
36.4564015249987,-0.0594319559649977,0.0245544773854495,-2.42041217298381,0.0155029237401268,0.0417251099583793,"MAPK8IP1"
1660.157558503,-0.0062159601962068,0.00256880570531089,-2.41978604429116,0.0155296414011469,0.041785575831181,"UBR4"
21.4500164537294,0.026340421445594,0.0108854387955984,2.41978499353145,0.0155296862723566,0.041785575831181,"ENSG00000226990"
3.24479074820427,-0.0395598747267743,0.0163489832829754,-2.41971467228602,0.0155326895011837,0.0417878760010408,"ENSG00000269425"
25.510420340464,0.0147304765853325,0.00608783522623994,2.41965756921949,0.015535128593592,0.0417886580381633,"MYL6B-AS1"
1026.07820919657,0.00683431935480403,0.00282467682456891,2.41950487764102,0.015541652295966,0.0418004257202481,"MARCHF8"
124.521393266942,-0.0170512209064674,0.00704768798835064,-2.41940632653602,0.015545864142635,0.0418059731008425,"INTS5"
184.943981842685,0.0123461085750191,0.00510311149910065,2.41932957514155,0.0155491450156926,0.0418090157174782,"MBNL1-AS1"
58.3977067904905,-0.0450158066251535,0.0186079537192556,-2.41917017337436,0.0155559608707772,0.0418215611468539,"BLK"
456.050894413628,-0.00547597307928721,0.00226436952143824,-2.41832131524588,0.0155923014634977,0.041913468182213,"DHX57"
610.082458472008,-0.00566768167442469,0.00234395881231848,-2.41799542066979,0.0156062732167324,0.0419452287327154,"KDM2B"
21.7450206514285,0.021824921333092,0.00902742676314003,2.41762374879689,0.0156222209783858,0.0419822907226556,"PPM1B-DT"
664.789691158374,-0.00791168910321332,0.00327292724098736,-2.41731285808437,0.0156355717423841,0.0420065915638366,"POLR2J"
4.27206348797537,0.110654904631911,0.0457760012930482,2.41731259844044,0.0156355828966211,0.0420065915638366,"LINC01193"
2491.55709422492,-0.00801655845155821,0.00331640115541647,-2.4172463088385,0.015638430910085,0.0420084407722778,"TES"
2013.58783539346,-0.00557072504013798,0.00230488779163684,-2.41691810783634,0.0156525382003005,0.0420405303140079,"ESD"
414.155555917434,-0.0108790518522733,0.00450144779549244,-2.4167895189559,0.0156580684768036,0.0420495775151604,"KLHL3"
8.92650937073874,0.036276492801916,0.0150114738324024,2.41658435453638,0.0156668956293246,0.0420674747219758,"PLA2G1B"
256.845349833555,0.00770891640638444,0.00319048769835084,2.41621881518903,0.0156826337256636,0.0421039211315228,"SLC25A23"
4095.27361071943,-0.00616799119272264,0.00255302205251363,-2.41595688006291,0.0156939197511789,0.0421284064422,"RWDD1"
432.750366951669,0.00783734002018743,0.00324414223631839,2.41584352635587,0.0156988060485597,0.0421357080792791,"BCLAF3"
309.997827922904,0.00985434724040832,0.00408023517580357,2.41514197486609,0.0157290773594525,0.042205308831385,"ENSG00000291124"
4093.19810588122,-0.00411102268771356,0.00170217419008768,-2.41515980658936,0.0157283073012564,0.042205308831385,"ATF7IP"
110.157214731945,-0.0170028973919886,0.00704181362266516,-2.41456225669793,0.0157541304053522,0.0422667021399317,"FBXO6"
196.52231095095,-0.0276699171051552,0.0114634140039705,-2.41375885888545,0.0157889079940679,0.0423541648590007,"UST"
2.74664251673379,-0.133879930909198,0.0554782940473173,-2.41319480362919,0.015813365220274,0.042403333044599,"ENSG00000288714"
7.29946561992283,0.0285862076882578,0.0118458402472607,2.4131853116007,0.0158137770760126,0.042403333044599,"RTN4RL2"
5.10812619892889,0.0302768711777653,0.0125460398237311,2.41326120458314,0.0158104843703257,0.042403333044599,"ZNF843"
60.1728008388643,0.0200989959772418,0.00833050734751274,2.41269770721021,0.0158349467510114,0.0424542452451996,"ENSG00000287190"
6.25442312807828,0.0343924419738052,0.014259507021329,2.41189558112786,0.015869825824374,0.0425418938960721,"ENSG00000288936"
1.82384140454421,-0.163178152269047,0.0676584670760677,-2.41179203905976,0.0158743330930389,0.0425479377231071,"MKX"
410.455122787324,0.00935814607439056,0.0038802413544939,2.41174329621337,0.0158764552976356,0.0425479377231071,"GPATCH1"
497.190626318597,-0.0181281378989652,0.00751840427024913,-2.41116828084112,0.0159015096103877,0.042609211107818,"PRDX3"
2742.71517957805,0.00843429264347809,0.00349835755446248,2.41092927528787,0.0159119336781533,0.0426312702443196,"TNRC6A"
1481.1742451026,0.015443603577695,0.00640649407180518,2.41061700902244,0.0159255620166002,0.0426619070079727,"CITED4"
2060.74459197822,0.01204101662041,0.00499532140337929,2.41045883699582,0.0159324690852555,0.0426745326600531,"DCXR"
288.60402746546,0.00844560309985292,0.00350385594211378,2.41037395354728,0.0159361768684318,0.0426785868467393,"SRP14-DT"
1607.70751215169,-0.005566293011114,0.00230966357663122,-2.41000164155195,0.0159524487451878,0.0427162831143514,"EXOC2"
113.744449756205,0.0129900239795156,0.00539206747869423,2.40909892742316,0.01599196248472,0.0428161957729234,"ENSG00000251867"
6.68705381110027,0.0306888165794141,0.0127415291991586,2.40856620109936,0.0160153214151687,0.0428672015604722,"LINC01675"
63.641024856384,-0.0251222324426488,0.0104304429862679,-2.40854894425128,0.016016078593037,0.0428672015604722,"GEM"
258.574441170471,0.00654803355002358,0.00271870304678661,2.40851370574034,0.0160176248491858,0.0428672015604722,"PKD1"
4.25200794233797,0.0374764812772992,0.0155611973899728,2.40832889257275,0.0160257365493724,0.0428830102657646,"ENSG00000276075"
19.8809061469483,-0.0231049779281922,0.0095962289477356,-2.40771432757909,0.0160527366171351,0.0429493507482662,"TNK2-AS1"
2.90723802757926,-0.039153108768652,0.0162632834587857,-2.40745412006583,0.0160641805213367,0.0429740579453336,"MED4-AS1"
1040.51171680547,-0.00430428672714479,0.00178866034068165,-2.40643046041064,0.0161092706183846,0.0430828300286264,"DCAF10"
685.873034723675,-0.00594765654339754,0.00247152117448884,-2.40647606210682,0.0161072595926426,0.0430828300286264,"RFXANK"
818.419385320813,0.0103378708604533,0.00429645880756156,2.40613754803354,0.0161221932584901,0.0431114628912414,"SDHAP4"
99.6075861400512,0.0131589785149443,0.00547011250680591,2.40561386965476,0.0161453194880882,0.0431673689845777,"NAGA"
1116.78833884284,-0.00570569748371532,0.00237191066814342,-2.40552798229174,0.0161491151530436,0.0431715831283469,"ZCRB1"
6.57547611750829,0.034378422898967,0.0142942025803193,2.40506056254585,0.0161697858292991,0.0432209020428331,"CCNB3"
3088.46198522312,-0.0107115158353961,0.0044540933938942,-2.40487005730049,0.0161782171996265,0.0432374969428325,"NDUFA12"
2.96915275213721,0.0475778117138335,0.0197847158062194,2.40477609988602,0.0161823769841327,0.043239910596903,"LINC01344"
4.0584751195303,-0.0418225296081539,0.0173916385638106,-2.40474923939486,0.0161835663536812,0.043239910596903,"CYP2C8"
4.65664751051451,-0.0648744320042236,0.0269822551435708,-2.40433691176038,0.0162018336658564,0.0432827725085254,"RAI14"
237.287169683275,-0.00702905856886462,0.00292372264087852,-2.40414684710057,0.0162102601824929,0.043299336831869,"PLA2G6"
20.419508454986,-0.0408456028625981,0.0169902253162393,-2.40406481387611,0.0162138983152387,0.043303108077675,"LINC00511"
159.49125714854,0.0116546200459571,0.00484852352985317,2.40374620731397,0.0162280351644801,0.0433289652689502,"RWDD2A"
3.30049637580103,0.0390971130539011,0.0162647815808962,2.40378961496923,0.016226108492067,0.0433289652689502,"ENSG00000260989"
4.75343892648557,0.0482961200492625,0.0200943732449423,2.40346486354923,0.0162405276357172,0.0433563687952698,"ENSG00000253730"
28.8834301970191,-0.0207847703227271,0.00864870046042599,-2.40322467147894,0.01625119953999,0.0433661579709461,"BTBD19"
11.8433184970893,-0.0236466982352797,0.00983940631341606,-2.40326473793823,0.0162494189306173,0.0433661579709461,"PLPP3"
3432.61378115538,-0.00789429397315975,0.00328478782149652,-2.40328885826275,0.016248347072405,0.0433661579709461,"ADAR"
20.7924186123321,0.0198362350626655,0.00825426508930831,2.40314974719666,0.0162545297397857,0.0433661579709461,"PCDH12"
163.101130491825,0.0198843748088829,0.0082744089822474,2.4031172318826,0.0162559751519902,0.0433661579709461,"CPNE8"
230.7741292308,0.00638047228352416,0.00265517665358387,2.40303117870218,0.0162598010427284,0.0433661579709461,"CC2D1A"
61.7277911916717,0.0111914957732805,0.00465717079604974,2.4030674981414,0.0162581861981757,0.0433661579709461,"ATP6AP1-DT"
1394.51176075707,-0.00854276461745347,0.00355572811751099,-2.40253594626166,0.0162818342668436,0.0434189687859027,"USF3"
528.380598490743,0.014424877864616,0.00600456683743236,2.40231781161824,0.0162915475437705,0.0434389158703058,"CASP1"
116.913841165553,-0.0104886494842684,0.00436690081618268,-2.40185200575199,0.0163123063735461,0.0434738629177251,"LRRC42"
8090.00386484416,-0.00809357693080582,0.00336976393600829,-2.40182312010651,0.0163135944391792,0.0434738629177251,"PLCL1"
41.8178511978843,0.0154126890085267,0.00641681591762845,2.40192163938886,0.0163092016451667,0.0434738629177251,"POU5F2"
1126.19538254011,-0.00367505359756868,0.00153010279669121,-2.40183444244128,0.0163130895441814,0.0434738629177251,"SNF8"
3204.49868976058,-0.00422745634601214,0.00176050578689522,-2.40127375750782,0.0163381085756519,0.0435332260143843,"SMARCA5"
2094.91237668752,0.022998524188867,0.00957789866402891,2.401207717434,0.016341057651488,0.0435351201724549,"SH3YL1"
87.9233967041173,-0.00927202967253467,0.00386148908332111,-2.40115392597722,0.0163434601004966,0.0435355577122376,"SLC25A35"
824.844603763197,-0.00721270885806208,0.00300454818893514,-2.40059683004065,0.0163683595297511,0.0435959141740639,"TMEM170A"
28.5783221806702,0.0278814505536693,0.0116170436099567,2.40004699042128,0.0163929673110411,0.0436554774325111,"C4BPB"
3.3105814383134,0.0471731372757955,0.0196556243854288,2.39998162107565,0.0163958950421037,0.0436572969834305,"CCR8"
641.936959395956,-0.0229277298739644,0.00955474087840788,-2.39961817549414,0.016412181247852,0.0436946807352818,"KLRG1"
16.218918902018,0.0332740903942145,0.0138670344843797,2.39951017874049,0.0164170233826501,0.0437015905044379,"PTCSC2"
1068.55554152924,-0.00973437248671994,0.00405812497882562,-2.39873649468947,0.0164517489407683,0.0437853756954535,"YIPF5"
22.0925413526363,0.0168185366908528,0.00701149627708128,2.39870863881481,0.0164530004091342,0.0437853756954535,"NUP93-DT"
3194.68395601801,-0.00444824639561204,0.00185450619283289,-2.39861501288224,0.0164572073122466,0.0437883049211571,"ENSA"
260.534692945886,-0.010188200974619,0.00424758991614123,-2.39858394425104,0.0164586035308508,0.0437883049211571,"CNBD2"
357.557568263902,0.00487028532654492,0.00203097276139709,2.39800622594007,0.0164845850492499,0.0438411701117646,"CUL9"
1510.66364266005,0.00762853659503953,0.00318121883908293,2.39799177010993,0.016485235627857,0.0438411701117646,"SRI"
1044.93286334594,0.00532986711298138,0.00222257980364,2.39805432599201,0.0164824204888276,0.0438411701117646,"NSUN6"
7532.63024030296,0.00404618232806558,0.00168741983573205,2.39785158523412,0.016491545759621,0.0438519557854257,"OST4"
4126.64412895053,0.00389394534613512,0.00162421769686057,2.39742822262169,0.0165106154308641,0.0438966622123754,"PPIG"
19858.9381295176,-0.00849428020439934,0.00354316376756948,-2.3973716039172,0.0165131671948382,0.0438974463723928,"ACTG1"
315.841322523351,-0.00580436156989791,0.00242148706076256,-2.39702357446008,0.0165288602403563,0.0439331594062817,"TOLLIP"
268.686174624906,-0.0116896508646864,0.00487808285604328,-2.39636168750282,0.0165587416259815,0.0440065696634739,"APOO"
4.44581172394133,0.0382041570906225,0.0159447114112285,2.3960394205516,0.016573307776269,0.044033398523931,"LAPTM4A-DT"
1.92474341305308,-0.0909872943886491,0.0379740588352599,-2.39603816867121,0.01657336438197,0.044033398523931,"IGKV1-27"
128.383397350974,-0.00928809786818601,0.00387673165422448,-2.39585782473872,0.0165815206850805,0.0440490520138624,"JRK"
4.60600659079248,0.0318828133610034,0.0133090862959852,2.39556740800615,0.0165946625915855,0.044077513126419,"ENSG00000275759"
41.7336188613557,-0.0273934454833683,0.0114352770258252,-2.39552093241848,0.0165967665486552,0.044077513126419,"USP7-AS1"
260.596185686186,-0.00764689028525034,0.00319228838769394,-2.39542590034428,0.0166010693946482,0.0440829216102803,"ENSG00000290872"
10.7704979436815,0.0303714593505729,0.0126831149364649,2.3946372403559,0.0166368160227774,0.0441718138764734,"LINC00332"
306.185223440596,-0.0121476105254993,0.00507327669672253,-2.39443090761183,0.016646179362812,0.0441906421162898,"SKP2"
762.48409142026,-0.00720976220345005,0.00301181236839025,-2.39382847322044,0.0166735442033437,0.0442572473115774,"IP6K1"
257.998457244053,0.00790564442405831,0.00330342356622971,2.3931670479306,0.0167036341165228,0.0443310666121551,"EID2B"
2.47205312241231,-0.0793442069975022,0.033155487641618,-2.39309425501878,0.0167069485611494,0.04433381397857,"SPRY4-AS1"
2331.08247308444,-0.0101288725016489,0.00423399013873357,-2.39227588392035,0.0167442508152945,0.0444267388634967,"CYCS"
405.38651593966,0.0300101287181257,0.0125455641502424,2.39209081064288,0.0167526967895777,0.0444430858229781,"ST6GALNAC3"
1.99290052694047,-0.0563046422623167,0.0235409334215469,-2.39177611414429,0.0167670668154485,0.0444751420465416,"ENSG00000255252"
2.88626159286265,-0.0891879021938975,0.0372939757493578,-2.39148281731355,0.0167804694069513,0.044504623729835,"PTGR1"
287.59182867741,0.00690980097365419,0.0028894027454845,2.39142881152608,0.0167829382988057,0.0445051033197096,"SLC37A1"
2553.09797996347,-0.00721540271903135,0.00301738578198154,-2.39127617095516,0.0167899180357658,0.044517543036216,"CACYBP"
740.845479071759,-0.00917029311663015,0.00383536106934796,-2.39098560756606,0.016803211559223,0.0445345780131415,"RBM15B"
5.82435936894355,0.0361948143981958,0.0151378640444572,2.3910119876819,0.0168020042651395,0.0445345780131415,"LINC02356"
2486.62137295911,0.00676405282310913,0.00282897138497094,2.3909937226808,0.016802840160401,0.0445345780131415,"MORF4L2"
3.92261833469222,0.0450849137727848,0.0188569482378018,2.39089131519197,0.0168075275012007,0.044539947878182,"ENTPD3"
8.07822814482014,0.028525080681998,0.0119327715998954,2.39048241585785,0.0168262548664151,0.044577428957592,"TRBV7-5"
97.5485996363359,0.0118136755503236,0.00494189289007757,2.39051630885067,0.0168247018900298,0.044577428957592,"MPV17L2"
6.17106267698578,0.0403883851287674,0.0168965037936996,2.39033977809229,0.0168327919056963,0.0445886742962956,"LINC01943"
108.614921213583,0.0245962793074918,0.0102920868029172,2.38982431633983,0.0168564339273916,0.0446452200873766,"TG"
8.31950591909395,0.0302292410157647,0.0126505348100163,2.38956229675209,0.0168684628127974,0.0446709966197034,"ASCL5"
421.277948192593,0.00796513816454116,0.00333462426195459,2.38861638938367,0.016911950572977,0.0447800640613907,"ZMYM1"
2.25827054737356,-0.125372761518991,0.052500909285742,-2.38801124065559,0.0169398236582868,0.0448457200113525,"IGHV2-70"
281.044485271224,0.0116309983078191,0.00487064726324371,2.38797795841063,0.0169413578038876,0.0448457200113525,"MLKL"
17.9793734524599,0.0212330443321862,0.00889214574824808,2.38784258977868,0.0169475988797199,0.0448561363191498,"STK31"
8.06395825550893,-0.0470806959839104,0.0197182562867329,-2.38767035478628,0.0169555425700703,0.0448710555823725,"SNCA"
7954.01021697028,-0.00554482309480309,0.0023228411234716,-2.38708667535387,0.0169824868908112,0.0449305794547543,"CCNI"
3702.02052558723,-0.00703640044856571,0.00294769823014606,-2.3870830387604,0.0169826548841373,0.0449305794547543,"CHURC1"
96.2058326538535,0.0143753180544688,0.00602249365702799,2.38693784885825,0.016989363158726,0.0449412951091312,"ENSG00000272843"
11717.4134994105,-0.0223794751903157,0.0093759766096969,-2.38689537334919,0.0169913261134415,0.0449412951091312,"NFKBIA"
5.48519280268005,-0.027979775071106,0.0117251793396816,-2.38629826124825,0.0170189420053961,0.0450082176678395,"ENSG00000258380"
358.392287268701,0.00642758521616539,0.00269383519157776,2.38603506118754,0.017031127270257,0.045034319811551,"ALDH6A1"
10.0923018383985,-0.0258616684056768,0.0108396722616352,-2.38583490178101,0.0170403990918926,0.0450527120750854,"SRC"
39.2803121253903,0.0153014287550543,0.00641369711356272,2.38574233926593,0.0170446882875936,0.0450579276817048,"ENSG00000255882"
2.95339326459328,-0.0486284974882674,0.0203874281479347,-2.38521980974797,0.0170689192244263,0.0451097211731406,"FCRLA"
19.1393320449394,0.0171167691626245,0.00717606605490971,2.38525802739979,0.0170671459570915,0.0451097211731406,"SRRM5"
456.24676664968,0.00872508921456847,0.00366121357881415,2.38311396665214,0.0171668787926115,0.0453624452377511,"PALS1"
13.0070846220345,-0.0209730138119056,0.00880098207821766,-2.3830310782945,0.0171707446594607,0.0453664974695966,"ESCO2"
72.3186374914654,0.0154917714728707,0.00650152362550121,2.38279092182434,0.0171819497357016,0.0453899367525645,"STPG2"
381.179277264139,-0.00850694503510353,0.00357061599573526,-2.38248667604251,0.0171961542626063,0.0454212923087934,"CINP"
277.227730390927,0.015101817703398,0.00633949980451194,2.38217811642644,0.0172105707125597,0.045435532391516,"LINC00957"
795.053771849111,-0.00484100349383463,0.00203218109548626,-2.3821713057892,0.017210889037103,0.045435532391516,"POM121C"
284.963779097145,0.0158954980491402,0.00667230547187011,2.38230970032087,0.0172044215847026,0.045435532391516,"ENSG00000291131"
43.0408884128689,0.0212393276823493,0.00891563530325119,2.38225622290809,0.0172069204380535,0.045435532391516,"OXT"
10.4544901997825,0.0217889307324631,0.00914758209371392,2.38193333596166,0.0172220148280212,0.0454587339421686,"ENSG00000272509"
22.38091585408,0.0603682574133224,0.0253529323719995,2.38111538845088,0.0172603044081736,0.045553620222983,"ABCG2"
222.237061873175,-0.00603727043650712,0.00253586810380309,-2.38075096549891,0.0172773877260682,0.0455854061167989,"CTNNBIP1"
238.644079995075,-0.00676368086847052,0.00284103696046764,-2.38070850981017,0.0172793789162078,0.0455854061167989,"TMED8"
152.712910717471,-0.0086042157085801,0.00361401963915781,-2.38078830987902,0.0172756364248791,0.0455854061167989,"NUDT19"
704.891115697494,0.00739502534745005,0.00310703891286935,2.38008777966052,0.0173085144203588,0.0456560772973147,"PLPBP"
49.5342323115276,-0.0132595143233829,0.00557233760594352,-2.37952458394484,0.0173349866746132,0.0457197051942918,"FLJ13224"
3773.87238032019,0.00518048815173092,0.00217743000611573,2.37917551295818,0.0173514121030125,0.045756821694102,"SCAPER"
3338.12885617914,-0.00695895414035794,0.00292580751697573,-2.37847298565665,0.0173845106903371,0.0458378903941638,"H2AZ1"
35.3350613377642,-0.101534505046131,0.0426965075538944,-2.37805176261705,0.0174043825610618,0.0458778486509301,"HLA-V"
514.054715885057,-0.013143176478545,0.00552681199549795,-2.37807555047127,0.0174032598005518,0.0458778486509301,"CYB5A"
437.512801682335,-0.0080566104756002,0.00338828403006923,-2.37778486221994,0.0174169843206637,0.0459048458023347,"NDST2"
1778.48836966877,-0.00508872295970944,0.00214023361000239,-2.37764837255488,0.0174234318008945,0.045910259288012,"USP8"
227.88128608743,-0.00726580310114437,0.00305588679172697,-2.37764144955064,0.0174237588845872,0.045910259288012,"CENPB"
2109.21185292954,0.00495960034765457,0.00208623076933008,2.37730188844218,0.0174398083706416,0.0459463243420493,"HECTD1"
25.8819450035869,0.0252836000819892,0.0106356807651803,2.37724322873285,0.0174425822569809,0.0459474089220661,"ENSG00000288976"
1.12897451122724,-0.0825776338310465,0.0347457512064854,-2.37662537040307,0.0174718228986755,0.0460182027355635,"ENSG00000286066"
9.50438456738491,0.0209027845985585,0.00879621956190299,2.37633729484083,0.0174854709904607,0.0460479144645885,"ENSG00000269680"
21.117743335234,0.0156268944522555,0.00657659836579708,2.37613635242291,0.0174949965277066,0.0460667628889158,"NRIP2"
5.07343564163922,0.0338779049139887,0.0142581844820303,2.37603216290863,0.0174999373508384,0.0460735356539196,"ENSG00000233060"
59.8808087103212,-0.0116279813290049,0.00489585391235752,-2.37506705411592,0.0175457624377288,0.0461879314083451,"GRK4"
13911.6744109908,0.00500564210628323,0.00210762922018479,2.37501077435449,0.0175484379442577,0.0461887234714151,"HINT1"
6.72352229560615,-0.0445489937795281,0.0187586309153628,-2.37485315322473,0.0175559330630158,0.0462020087513057,"TCL1A"
323.936924485779,-0.00777869784300465,0.00327551050000168,-2.37480473440725,0.0175582360130405,0.0462020087513057,"FUNDC1"
544.497750023229,-0.00713596527051743,0.00300493130437627,-2.37475154926999,0.0175607659693131,0.0462024156457608,"SMIM12"
26.7549954980323,0.0280541976133891,0.0118144804442181,2.37456041726479,0.0175698605385756,0.0462200916061446,"LINC02021"
1508.33698159681,-0.0102929544153188,0.00433616321942433,-2.37374699577966,0.0176086114885583,0.0463157676895129,"TRAF3"
1437.75742088916,-0.00851155267659183,0.00358619497214929,-2.3734216189285,0.0176241332264856,0.0463503265803638,"TIA1"
2573.91566601812,-0.0118167991366743,0.00497929961486378,-2.37318499601828,0.0176354285878352,0.0463737625337276,"HIVEP1"
2.9996473714698,-0.0443407034662368,0.0186854741115313,-2.3730039281622,0.0176440762744967,0.0463902308211996,"LRRN2"
1497.39145566522,-0.00636955604993472,0.00268479775478969,-2.37245283693023,0.0176704189189458,0.0464532123790261,"UBE2G1"
64.783898238108,-0.01231005268354,0.00518909647140622,-2.37229212279494,0.0176781076848521,0.046467144942981,"NAT1"
1455.88796030462,0.00690069406789696,0.00290909354272475,2.3721114383395,0.0176867553570926,0.0464835938995821,"NR1H2"
1511.75290287216,-0.00455179370882468,0.00191898059989062,-2.37198526607519,0.0176927962395779,0.0464931882810091,"PI4KA"
501.212457588666,-0.0055906241366492,0.00235770915711889,-2.37121025711285,0.017729941841803,0.0465845061144008,"TIMM50"
373.166734370987,-0.0177371974452862,0.00748075250005482,-2.37104455001769,0.0177378929221605,0.0465991025430773,"MIDN"
149.08071584713,-0.0316720959575733,0.0133587408988821,-2.3708893074065,0.0177453447227289,0.0466123835518973,"TRBV10-2"
431.017113813424,-0.00582092239419243,0.00245531697823524,-2.37074171921224,0.0177524316473016,0.0466247026696817,"PHF2"
194.507429579495,-0.00746409667005463,0.00314889551547027,-2.37038562676473,0.0177695407901323,0.0466633371012372,"CLPB"
6.27388991551851,0.0279294090655046,0.0117833006645812,2.37025345109423,0.017775895099144,0.0466737224046233,"ENSG00000225393"
29.8049060556177,0.0193450226972352,0.00816260599681596,2.36995669088784,0.0177901690187359,0.0466968942505425,"PCNX4-DT"
38.1141817263174,0.0160597317360661,0.00677648614072351,2.36992025108037,0.01779192243539,0.0466968942505425,"ENSG00000278600"
2017.50240991413,-0.00661448472726254,0.00279101537292319,-2.36992056419052,0.0177919073684593,0.0466968942505425,"DSTN"
223.748295545025,-0.0114012017986203,0.00481098156051525,-2.36982862129267,0.0177963321617576,0.0467021663354489,"ZNF275"
701.07077500248,-0.0111663678365388,0.00471221093858927,-2.36966637997784,0.0178041424499894,0.0467163597456824,"RASSF1"
53.1896251997898,0.0136124869239703,0.00574535037382893,2.3693049228081,0.0178215537792571,0.046755738138701,"H2BC6"
3.95921038143102,-0.0466914247771056,0.0197083979240733,-2.36911315455394,0.0178307972788095,0.0467736800903741,"ENSG00000266237"
93.0383326161124,0.0101896576395048,0.00430214635488619,2.36850557813586,0.0178601110604798,0.0468442583923129,"ENSG00000260274"
667.981047841855,-0.00801588205295575,0.00338486488847291,-2.36815421503342,0.0178770825625769,0.0468772152283408,"UBIAD1"
61.0687016082384,0.017344105521393,0.00732391840639834,2.36814565086372,0.017877496404495,0.0468772152283408,"SLC3A1"
119.601416350735,0.0160027002790787,0.00675895906597762,2.36762793247722,0.0179025294358941,0.0469365278417006,"CFAP418-AS1"
4.73986197166661,-0.0442286953276272,0.0186821606906129,-2.36742933861234,0.0179121401121848,0.0469553958655131,"CFAP73"
873.376118546144,-0.0142598124048649,0.00602393332358649,-2.36719293505975,0.0179235864285346,0.0469790701551579,"CBX4"
403.177409923635,-0.00651189074060392,0.00275128593297304,-2.36685350023477,0.0179400325746002,0.0470158412299311,"PGM1"
339.744914348976,0.00936433138247644,0.00395686930083682,2.36660113602843,0.017952268580002,0.0470415702747701,"ATG4D"
107.480263933853,0.0165481437417369,0.0069929967757916,2.36638801250752,0.0179626076743608,0.0470535079197834,"ENSG00000273221"
4.00496433380943,0.0342952152784078,0.0144928284280894,2.36635764016487,0.017964081528575,0.0470535079197834,"ENSG00000228826"
1498.42249878327,-0.00408649794600047,0.001726877899094,-2.36640815667652,0.0179616302129182,0.0470535079197834,"TCP1"
373.498122039648,0.017205425240955,0.00727120003981994,2.36624286867798,0.0179696519086281,0.0470617610441262,"AMZ2P1"
4.42461724633932,0.0343524014966401,0.0145191933817814,2.36599930818095,0.017981478015278,0.0470863932249828,"ENSG00000260279"
1153.9799108967,0.00395936107586698,0.00167367025942645,2.36567570796401,0.0179972010051711,0.047121221799917,"RHOT2"
607.887331538901,-0.0080750377695397,0.00341360066323242,-2.36554845343077,0.0180033873082773,0.0471310749035398,"NME7"
450.391897019801,-0.0167480987369131,0.00708116833024921,-2.36516037408246,0.018022264751887,0.0471741450261007,"ABCG1"
454.626391646093,0.0258821137688427,0.0109444102851969,2.3648705681155,0.0180363731635836,0.047204722067393,"ENSG00000290453"
339.388761185774,-0.0164252254689744,0.00694641519148957,-2.36456143437809,0.0180514331568127,0.0472377810215477,"IMPG2"
692.831731059157,0.005844506266297,0.00247189922883224,2.3643788541728,0.0180603330446996,0.0472547132166332,"TCTN3"
86.4294763630513,-0.0161402785545741,0.00682658003772354,-2.3643286192183,0.0180627824259478,0.0472547654293356,"EXTL2"
39.4480357526684,0.0127745674667426,0.0054035145304754,2.36412197925907,0.0180728609413902,0.0472747738261136,"TMEM139-AS1"
2239.27324525164,-0.00513926494208171,0.00217426859060941,-2.36367529029211,0.0180946642741458,0.0473254423553059,"VPS13A"
214247.470380446,0.00568521676410169,0.00240584756895256,2.363082697952,0.0181236248452758,0.047394814044832,"RPL34"
322.098341229229,0.00696116854482415,0.00294655418780387,2.36247769467035,0.0181532338186953,0.0474594826622906,"LINC00174"
170.878442372478,0.00861693471794983,0.0036473385337091,2.36252671319407,0.0181508332670148,0.0474594826622906,"PPP1R9B"
169.771261809399,-0.0109198724860599,0.00462294852665899,-2.36210124838913,0.0181716785406831,0.0475013196203234,"E2F5"
703.678625215317,-0.00427546400385636,0.00181034328681408,-2.36168688833625,0.0181919998930473,0.0475480502445125,"LCMT1"
13.3402949736091,0.0366881671526322,0.0155360774387688,2.3614819955184,0.0182020557487297,0.0475679412022763,"FNDC7"
8.93475751274509,0.043022962410309,0.0182206840522551,2.36121554420917,0.018215140089796,0.0475957401782137,"ZNF80"
62.2657230386743,0.0205757472477289,0.0087144497930292,2.36110686691748,0.0182204791539975,0.0476032961752056,"TSPAN4"
65.0466897614808,0.0122452932591627,0.00518698061620689,2.36077482551254,0.0182368000704567,0.0476395377612749,"QPCTL"
1624.61404088196,-0.00362728356654236,0.00153653177241063,-2.36069545171304,0.0182407034463165,0.0476433359385393,"KLC1"
542.995261480593,-0.00639955330155437,0.00271106977110871,-2.36052696605342,0.0182489915123522,0.0476585840368909,"CAPN1"
1.85557486978265,-0.0818041359976066,0.0346600959778637,-2.36018203901836,0.0182659692830649,0.0476965187978112,"ANKRD20A1"
140.029927807731,-0.0112069592226475,0.00474891496275989,-2.35989890544059,0.0182799158299137,0.0477265292359263,"ATXN7L2"
2163.44304340031,-0.00728482200258785,0.00308739584430417,-2.35953611715432,0.0182977996202818,0.0477668098797612,"RIF1"
7282.7045696207,-0.00821584284788391,0.00348317663503698,-2.35872127908801,0.0183380232275346,0.0478653904721921,"ARL6IP5"
2496.47925240816,-0.0103626203733209,0.00439380080999429,-2.35846384973797,0.0183507470310434,0.047885786478109,"BCAS2"
116.649307879491,-0.0107968396106054,0.00457793401925532,-2.35845242967518,0.0183513116625007,0.047885786478109,"HIGD1A"
375.956884917127,-0.00617681320125373,0.00261905407071188,-2.35841377630467,0.0183532228777082,0.047885786478109,"TARBP2"
790.168901228308,-0.0145689280707782,0.00617801698522039,-2.35818841314799,0.0183643694246771,0.0479084428218072,"TMBIM1"
2.81875004742441,-0.0451275131235634,0.0191390327549986,-2.35787846236782,0.0183797093868507,0.0479420312838451,"DEPP1"
6.2344549153375,0.0361697674402235,0.0153408541921828,2.35774142607094,0.0183864951082877,0.0479533006638917,"ENSG00000250699"
21.2474582080783,-0.0655531140741689,0.0278073974524835,-2.35739839322195,0.018403490919977,0.0479911921014173,"MIR2052HG"
6.83576548604433,0.0267622627284499,0.0113559720755237,2.35666859256658,0.0184396951776488,0.0480791569571644,"ENSG00000286616"
289.754119474404,-0.00617016656749013,0.00261825138120359,-2.35659822879717,0.0184431891057153,0.0480818216452578,"UQCC4"
189.912361113915,-0.00699518223897065,0.00296853778647104,-2.35644035620865,0.0184510304114638,0.0480958178147122,"FOXJ2"
33.5240438943256,-0.0236278075800626,0.010027352928922,-2.35633549028804,0.0184562405644258,0.0481029525952897,"EFNB1"
163.956344919453,0.00876962397924091,0.00372280994680995,2.35564643496119,0.0184905075920269,0.0481793520659766,"C2CD5-AS1"
274.623734696065,0.00650491354601012,0.00276138323972066,2.35567213287937,0.0184892286242854,0.0481793520659766,"ST3GAL2"
85.4177139238857,-0.0138509429462378,0.00588038939080339,-2.35544655731471,0.0185004580086199,0.0481988224920527,"NRM"
7.69894113401794,0.0270607559396722,0.011491040137104,2.35494399260641,0.0185254976621126,0.0482575940840703,"CATIP-AS1"
3.49719919229788,-0.038044271146275,0.0161563746327513,-2.35475296971351,0.0185350229128867,0.0482759414406213,"ENSG00000234818"
1740.05846877566,0.017751716319214,0.00753889021621168,2.35468561155601,0.0185383827120384,0.0482782276250981,"ENSG00000282885"
66.9532719416114,0.0244367998935047,0.0103782594095404,2.35461448102182,0.0185419312544356,0.0482810046626543,"LMNA"
167.361612148277,0.0273046640971892,0.0115972059468255,2.35441745385777,0.0185517636002308,0.0483001410504737,"NIBAN1"
23.7239277616041,-0.0156722200213224,0.00665711097557841,-2.3542074150207,0.0185622502981404,0.0483209757158898,"ENSG00000275494"
722.260244118976,0.00692611493410041,0.00294235779865011,2.35393361652956,0.0185759281389881,0.0483491365772216,"PAXIP1-DT"
214.273946477762,-0.0125065430426758,0.00531313518402238,-2.35389136724497,0.018578039523837,0.0483491365772216,"TOR2A"
53.7677853237918,0.0155017902749466,0.00658639899444334,2.35360631629283,0.0185922902776061,0.0483797509283902,"HIVEP2-DT"
1222.05016536026,0.00552005570299741,0.00234556507380089,2.35340121860375,0.0186025497874116,0.0483999727013032,"PPT1"
1849.81162263637,-0.00573894650323747,0.00243882622752484,-2.35315925278609,0.0186146599040782,0.048425003316066,"NIFK"
1213.35516794452,-0.00410824871456664,0.00174593830191063,-2.35303201153836,0.0186210309521997,0.0484350993649689,"RAB6A"
223.68180467465,-0.00756636405477065,0.00321571836574626,-2.35293119427601,0.0186260802896255,0.0484417552765751,"DHTKD1"
391.414006260388,-0.0108936661605218,0.00463232556888229,-2.35166246381734,0.0186897259285447,0.0486007832935994,"STT3A"
1597.46425924113,0.003170772549127,0.00134871324305426,2.35096123320221,0.0187249846123787,0.0486839672227346,"ITFG2"
226.150971877686,0.00686917449250596,0.00292190070589225,2.35092673705637,0.018726720619017,0.0486839672227346,"ZNF561-AS1"
1053.28474297798,-0.00414927828224549,0.00176513965857887,-2.35067988081243,0.0187391476835655,0.0487032551567387,"UBE4B"
1.91044813817861,-0.0712383293591612,0.0303051105551589,-2.35070349700585,0.0187379585016819,0.0487032551567387,"GRM7-AS3"
223.510637909238,-0.00893572877365333,0.00380196758243267,-2.35029062713255,0.0187587578764421,0.0487477086779794,"RUSC1"
360.890721473319,-0.00564217555200561,0.00240103313856988,-2.34989491039105,0.0187787120699483,0.0487930441454133,"IRAK1"
637.242210966633,-0.0116852477404333,0.00497321620180203,-2.34963598328969,0.018791778631225,0.0488204736417734,"PIP5K1A"
2075.91922722963,0.00488278441424957,0.0020786554393656,2.34901096246128,0.0188233526093865,0.0488959711011187,"VWA8"
73.2743560537141,0.01584868132197,0.00674772258372786,2.34874524334908,0.0188367899073592,0.0489243424339758,"HIF1A-AS1"
11.2550849027938,0.024373666956995,0.0103799512274966,2.34814850501696,0.0188669972813537,0.0489962568918038,"HAL"
38.6927414425027,0.0158120525065876,0.00673568997283949,2.34750301310585,0.0188997202915848,0.0490746842065966,"ENSG00000289375"
56.4728338341715,-0.0318054125535491,0.0135491594990428,-2.34740852787186,0.018904514352872,0.049080580442834,"REG4"
108.007006038348,0.0339870416202227,0.0144815594435401,2.34691862797854,0.0189293883093758,0.0491386002943639,"MB21D2"
31719.6152467162,0.0100978933724146,0.00430281606071074,2.34681037486567,0.0189348885634051,0.0491463193817444,"MT-ND1"
8.75255760529666,-0.0266003404545262,0.011335186837124,-2.34670507303921,0.0189402402058146,0.049147093415595,"KIAA1217"
755.244599171563,-0.0242345570759013,0.0103269374289989,-2.34673224685652,0.0189388590532754,0.049147093415595,"ENSG00000259097"
2115.86251430919,-0.00527514501844173,0.00224804244509437,-2.34655045324124,0.018948100679813,0.049160931882492,"SNW1"
17.12212917685,0.0187743689590594,0.00800200755556477,2.34620735217918,0.0189655532466978,0.0491996500668871,"C2orf50"
5.28693670484519,-0.0347491035471375,0.0148129085896604,-2.34586633251708,0.018982913865816,0.049238119429789,"LINC01208"
197.221053721237,-0.0188197077041448,0.00802296281800597,-2.34573039051205,0.0189898382701777,0.0492495125590968,"NDC80"
615.436333726842,-0.00777137670790586,0.00331371969473001,-2.34521245724709,0.0190162401971633,0.0493114102219736,"GTPBP1"
244.694810430737,-0.0055635017394258,0.00237282805677883,-2.34467125569073,0.0190438625220704,0.0493764556007453,"POMK"
6.71787460808831,0.0309402433805186,0.0131964386827802,2.34459039474732,0.019047992585341,0.0493805816043538,"LINC01480"
888.370606163861,0.105791948631768,0.0451252596675109,2.34440642361413,0.0190573920347949,0.0493983652010655,"FMN1"
2.28249488450006,-0.0467009771918169,0.0199258030465574,-2.34374379204183,0.0190912808088886,0.0494796139924973,"RAB5C-AS1"
1243.30720600971,0.00477462800854938,0.00203731220606318,2.34359171576146,0.0190990658308074,0.0494931960398394,"ZNF767P"
5.19775310373573,0.0314483621467799,0.0134209528612169,2.34322871646897,0.01911765954983,0.0495281827255919,"TRAJ54"
245.909567737192,-0.0060725135598413,0.00259149230398125,-2.34324969845068,0.0191165843702366,0.0495281827255919,"TMEM94"
1513.38010036942,-0.00536962665783041,0.00229167976813353,-2.34309641883505,0.0191244400944637,0.0495391509225482,"SND1"
19.7679762948363,-0.0154635691748372,0.00660001882541533,-2.34295834358686,0.0191315189964548,0.0495508889480748,"OVOL2"
12.3463207241709,0.0257844253192393,0.0110060124004459,2.34275815627781,0.0191417863544754,0.0495661103663215,"ENSG00000286113"
25.9138074958297,-0.0180448057093113,0.00770242189848157,-2.34274439223701,0.0191424924719452,0.0495661103663215,"ENSG00000276131"
235.271673235378,0.0258243006875252,0.0110237147612604,2.34261328842407,0.0191492194502281,0.0495769289932632,"DHX32"
12.2646911703229,-0.0272352332657469,0.0116264825603819,-2.34251701873729,0.0191541603941483,0.0495831213503564,"GBGT1"
907.992549405286,0.025546399144527,0.010906836119266,2.34223736977228,0.019168519414234,0.0496136887726236,"GBP5"
403.47529416237,0.00893434065588298,0.00381521765362688,2.34176434138421,0.0191928292270679,0.0496700001723919,"KHNYN"
588.608948368607,-0.00566638206834794,0.00241998574713369,-2.34149398402837,0.0192067354956725,0.0496993763637524,"KATNA1"
2022.51487538817,-0.00771798191917976,0.00329638311067083,-2.34134858117542,0.0192142181682628,0.0497121252448629,"SNRPD1"
756.073953518038,-0.00810155917488097,0.00346029010282479,-2.34129478573699,0.0192169872166295,0.0497126769983588,"KDM4B"
106.492869410104,0.0088745960587981,0.00379057393380099,2.3412275327655,0.0192204494641255,0.0497150216125937,"TMEM8B"
647.418547483137,-0.00824836190505929,0.00352446580302766,-2.34031548780346,0.0192674562729705,0.0498224311018821,"TMEM9B"
5934.6104445372,0.017923588494496,0.0076584983480673,2.34035285768772,0.0192655282564328,0.0498224311018821,"NELL2"
2.84651442824002,0.0413978085109248,0.0176893090280613,2.34027278540127,0.0192696596154161,0.0498224311018821,"ENSG00000286897"
12.6930511714721,0.0221985263299843,0.0094860290949596,2.34012842547357,0.0192771098751344,0.0498350696678946,"ENSG00000250057"
15.7845845428109,-0.0302479134564504,0.0129262491964021,-2.3400379334223,0.019281781355523,0.0498405221456847,"ANKRD22"
16.6628957744674,0.0332572547302264,0.0142140790346868,2.33974038339511,0.0192971487864728,0.0498736169340529,"ENSG00000286907"
3481.10759712264,0.00633857177280021,0.00270973542503211,2.33918474632079,0.0193258741792052,0.0499412220884444,"GLS"
657.241754478905,-0.00414282156431287,0.00177116091598681,-2.33904301236496,0.0193332075372223,0.0499535361060722,"RAD17"
